provider_id,holding_company,technology_code,technology_code_desc,location_count_res,unit_count_res,location_count_bus,unit_count_bus
130002,"3 Rivers Telephone Cooperative, Inc.",10,Copper,3248,4334,3248,4334
130002,"3 Rivers Telephone Cooperative, Inc.",50,Fiber to the Premises,17773,20299,17773,20299
130008,Ace Telephone Association,10,Copper,9495,11085,9498,11091
130008,Ace Telephone Association,50,Fiber to the Premises,30309,35812,30362,35891
130008,Ace Telephone Association,70,Unlicensed Fixed Wireless,252,279,252,279
130008,Ace Telephone Association,72,LBR Fixed Wireless,53,54,53,54
130011,"Adak Eagle Enterprises, LLC",50,Fiber to the Premises,187,187,22,22
130012,Adams Telephone Co-Operative,50,Fiber to the Premises,31534,37802,31534,37802
130017,Agate Mutual Telephone Cooperative Association,10,Copper,7,7,7,7
130017,Agate Mutual Telephone Cooperative Association,50,Fiber to the Premises,182,185,182,185
130018,"Agri-Valley Communications, Inc.",10,Copper,4945,5333,725,828
130018,"Agri-Valley Communications, Inc.",50,Fiber to the Premises,7266,8472,1368,2050
130018,"Agri-Valley Communications, Inc.",71,Licensed Fixed Wireless,66099,73593,66099,73593
130019,"Air Advantage, LLC",50,Fiber to the Premises,2398,2982,2398,2982
130019,"Air Advantage, LLC",70,Unlicensed Fixed Wireless,7405,9334,6892,8843
130019,"Air Advantage, LLC",72,LBR Fixed Wireless,31940,37148,31620,36800
130029,Alaska Power & Telephone Company,10,Copper,2824,2858,1610,1642
130029,Alaska Power & Telephone Company,50,Fiber to the Premises,4647,4854,2701,2818
130029,Alaska Power & Telephone Company,70,Unlicensed Fixed Wireless,116,116,108,108
130030,"Covington Electric Cooperative, Inc.",50,Fiber to the Premises,24558,25833,24558,25833
130031,Albany Mutual Telephone Association,50,Fiber to the Premises,7068,7609,7068,7609
130032,"Albion Telephone Company, Inc.",10,Copper,774,799,774,799
130032,"Albion Telephone Company, Inc.",50,Fiber to the Premises,5551,5750,5551,5750
130032,"Albion Telephone Company, Inc.",70,Unlicensed Fixed Wireless,903,946,903,946
130034,"Alenco Communications, Inc.",10,Copper,10,28,10,28
130034,"Alenco Communications, Inc.",50,Fiber to the Premises,16645,19029,16645,19029
130034,"Alenco Communications, Inc.",70,Unlicensed Fixed Wireless,17208,18978,17208,18978
130034,"Alenco Communications, Inc.",71,Licensed Fixed Wireless,3309,3374,3309,3374
130034,"Alenco Communications, Inc.",72,LBR Fixed Wireless,2536,2578,2536,2578
130035,Algona Municipal Utilities,40,Cable,1879,2023,179,216
130035,Algona Municipal Utilities,50,Fiber to the Premises,765,810,284,429
130036,"Alhambra-Grantfork Communications, Inc.",40,Cable,362,367,362,367
130036,"Alhambra-Grantfork Communications, Inc.",50,Fiber to the Premises,3710,3814,3710,3814
130037,"All West Communications, Inc.",10,Copper,8117,8253,8117,8253
130037,"All West Communications, Inc.",40,Cable,20303,25414,20303,25414
130037,"All West Communications, Inc.",50,Fiber to the Premises,40824,47377,40824,47377
130037,"All West Communications, Inc.",70,Unlicensed Fixed Wireless,88,88,88,88
130039,"Allen's TV Cable Service, Inc.",40,Cable,20044,23209,20044,23209
130039,"Allen's TV Cable Service, Inc.",50,Fiber to the Premises,12537,13999,12537,13999
130040,"Alliance Communications Cooperative, Inc.",50,Fiber to the Premises,21625,24537,21625,24537
130043,Alma Communications Company,50,Fiber to the Premises,383,386,383,386
130043,Alma Communications Company,70,Unlicensed Fixed Wireless,357,368,357,368
130044,"Alma Telecom, Inc.",40,Cable,8335,9308,8335,9308
130044,"Alma Telecom, Inc.",50,Fiber to the Premises,9712,11266,9712,11266
130045,"Alpine Communications, LLC",10,Copper,433,433,433,433
130045,"Alpine Communications, LLC",50,Fiber to the Premises,10452,10921,10452,10921
130045,"Alpine Communications, LLC",70,Unlicensed Fixed Wireless,5815,6305,5815,6305
130045,"Alpine Communications, LLC",72,LBR Fixed Wireless,957,963,957,963
130046,Alta Municipal Utilities,40,Cable,764,850,115,136
130046,Alta Municipal Utilities,50,Fiber to the Premises,0,0,4,5
130057,"Amery Telcom, Inc.",40,Cable,2982,3599,2982,3599
130057,"Amery Telcom, Inc.",50,Fiber to the Premises,18073,20781,18073,20781
130058,Amherst Telephone Company,10,Copper,266,278,266,278
130058,Amherst Telephone Company,50,Fiber to the Premises,16115,17593,16115,17593
130059,"Amplex Electric, Inc.",10,Copper,68,80,68,80
130059,"Amplex Electric, Inc.",50,Fiber to the Premises,14890,15607,14890,15607
130059,"Amplex Electric, Inc.",70,Unlicensed Fixed Wireless,1408,1447,1408,1447
130059,"Amplex Electric, Inc.",71,Licensed Fixed Wireless,99933,120020,99933,120020
130059,"Amplex Electric, Inc.",72,LBR Fixed Wireless,2079,2204,2079,2204
130065,Arapahoe Telephone Company,10,Copper,2037,2193,2037,2193
130065,Arapahoe Telephone Company,40,Cable,384,401,384,401
130065,Arapahoe Telephone Company,50,Fiber to the Premises,1528,1661,1528,1661
130065,Arapahoe Telephone Company,70,Unlicensed Fixed Wireless,1899,2027,1899,2027
130065,Arapahoe Telephone Company,71,Licensed Fixed Wireless,32286,36757,32286,36757
130065,Arapahoe Telephone Company,72,LBR Fixed Wireless,1482,1565,1482,1565
130067,"Arctic Slope Telephone Association Cooperative, Inc.",10,Copper,183,188,63,64
130067,"Arctic Slope Telephone Association Cooperative, Inc.",50,Fiber to the Premises,1944,2030,711,736
130068,West Kentucky Rural Telephone Cooperative Corp. Inc.,10,Copper,18135,19420,18135,19420
130068,West Kentucky Rural Telephone Cooperative Corp. Inc.,50,Fiber to the Premises,66625,71587,66625,71587
130069,"Arkansas Telephone Company, Inc.",10,Copper,4231,4272,369,400
130069,"Arkansas Telephone Company, Inc.",50,Fiber to the Premises,4068,4094,383,520
130070,"Spectracomm, Inc.",50,Fiber to the Premises,5681,5760,5681,5760
130071,"Armstrong Holdings, Inc.",10,Copper,12243,13232,12243,13232
130071,"Armstrong Holdings, Inc.",40,Cable,290054,337937,290054,337937
130071,"Armstrong Holdings, Inc.",50,Fiber to the Premises,191221,221931,193121,224354
130073,Arthur Mutual Telephone Company,50,Fiber to the Premises,2844,2872,2844,2872
130074,"Arvig Enterprises, Inc.",10,Copper,56928,60580,56928,60580
130074,"Arvig Enterprises, Inc.",40,Cable,28679,32310,28679,32310
130074,"Arvig Enterprises, Inc.",50,Fiber to the Premises,62928,69883,62928,69883
130077,AT&T Inc.,10,Copper,23407885,34513743,23407885,34513743
130077,AT&T Inc.,50,Fiber to the Premises,19375357,24084708,19375357,24084708
130077,AT&T Inc.,71,Licensed Fixed Wireless,38684058,57292445,14179088,31742277
130079,"Radiate Holdings, LP",10,Copper,12631,40782,12631,40782
130079,"Radiate Holdings, LP",40,Cable,2213311,4432381,2213311,4432381
130079,"Radiate Holdings, LP",50,Fiber to the Premises,336065,931947,336065,931947
130079,"Radiate Holdings, LP",70,Unlicensed Fixed Wireless,81242,99489,81242,99489
130081,"ATN International, Inc.",10,Copper,59470,91564,7900,18682
130081,"ATN International, Inc.",40,Cable,33432,57222,33432,57222
130081,"ATN International, Inc.",50,Fiber to the Premises,9838,18777,5011,11783
130081,"ATN International, Inc.",70,Unlicensed Fixed Wireless,58831,86792,5867,16976
130081,"ATN International, Inc.",71,Licensed Fixed Wireless,458904,583618,30147,69587
130081,"ATN International, Inc.",72,LBR Fixed Wireless,29241,33710,4877,6690
130082,Atlantic Telephone Membership Corporation,40,Cable,29235,31236,29235,31236
130082,Atlantic Telephone Membership Corporation,50,Fiber to the Premises,102468,114384,102468,114384
130083,"Atlas Telephone Company, Inc.",10,Copper,19,21,1,1
130083,"Atlas Telephone Company, Inc.",50,Fiber to the Premises,818,832,199,207
130084,"Atwood Cable Systems, Inc.",40,Cable,798,836,798,836
130084,"Atwood Cable Systems, Inc.",50,Fiber to the Premises,44,59,44,59
130087,Ayersville Telephone Company,10,Copper,1038,1048,53,55
130087,Ayersville Telephone Company,50,Fiber to the Premises,1095,1105,77,80
130090,"Baca Valley Telephone Company, Inc.",10,Copper,704,749,704,749
130090,"Baca Valley Telephone Company, Inc.",50,Fiber to the Premises,904,1171,904,1171
130090,"Baca Valley Telephone Company, Inc.",70,Unlicensed Fixed Wireless,3273,3614,3273,3614
130090,"Baca Valley Telephone Company, Inc.",72,LBR Fixed Wireless,275,298,275,298
130092,"Baldwin Nashville Telephone Company, Inc.",50,Fiber to the Premises,449,454,449,454
130093,"Baldwin Telecom, Inc.",50,Fiber to the Premises,11849,14450,13166,16134
130094,"Ballard Rural Telephone Cooperative Corporation, Inc.",50,Fiber to the Premises,6630,6912,6630,6912
130095,Baraga Telephone Company Inc.,10,Copper,6610,7497,6610,7497
130095,Baraga Telephone Company Inc.,50,Fiber to the Premises,17834,26319,17834,26319
130096,Barnes City Cooperative Telephone Company,10,Copper,63,63,63,63
130096,Barnes City Cooperative Telephone Company,50,Fiber to the Premises,227,231,227,231
130097,Barry County Services Company,10,Copper,3994,4028,0,0
130097,Barry County Services Company,50,Fiber to the Premises,5347,5377,464,592
130097,Barry County Services Company,71,Licensed Fixed Wireless,1,1,0,0
130097,Barry County Services Company,72,LBR Fixed Wireless,15018,15583,15018,15583
130098,Bascom Mutual Telephone Company,50,Fiber to the Premises,5868,6537,5868,6537
130098,Bascom Mutual Telephone Company,70,Unlicensed Fixed Wireless,5376,5698,5376,5698
130098,Bascom Mutual Telephone Company,71,Licensed Fixed Wireless,27574,29549,27574,29549
130103,"Beamspeed, LLC",40,Cable,2141,2445,2141,2445
130103,"Beamspeed, LLC",50,Fiber to the Premises,2839,3872,2839,3872
130103,"Beamspeed, LLC",70,Unlicensed Fixed Wireless,116767,156516,116767,156516
130104,Beaver Creek Cooperative Telephone Company,10,Copper,7568,8851,7568,8851
130104,Beaver Creek Cooperative Telephone Company,40,Cable,7995,8846,7995,8846
130104,Beaver Creek Cooperative Telephone Company,50,Fiber to the Premises,2011,3135,2011,3135
130105,"Bee Creek Communications, LLC",50,Fiber to the Premises,1,1,0,0
130105,"Bee Creek Communications, LLC",70,Unlicensed Fixed Wireless,59326,70421,59326,70421
130106,Beehive Telephone Companies,10,Copper,374,412,374,412
130106,Beehive Telephone Companies,40,Cable,13,15,13,15
130106,Beehive Telephone Companies,50,Fiber to the Premises,155865,185563,155865,185563
130106,Beehive Telephone Companies,70,Unlicensed Fixed Wireless,24915,27453,24915,27453
130107,"Beggs Telephone Company, Inc.",10,Copper,1133,1142,140,143
130107,"Beggs Telephone Company, Inc.",50,Fiber to the Premises,780,797,151,164
130108,BEK Communications Cooperative,50,Fiber to the Premises,18829,20280,18829,20280
130112,"Ben Lomand Rural Telephone Coop., Inc.",10,Copper,2290,3444,427,854
130112,"Ben Lomand Rural Telephone Coop., Inc.",50,Fiber to the Premises,65387,69666,8617,11637
130114,BW Telcom,50,Fiber to the Premises,2228,2258,2228,2258
130115,Benton Cooperative Telephone Company,10,Copper,23,23,23,23
130115,Benton Cooperative Telephone Company,40,Cable,1012,1339,1012,1339
130115,Benton Cooperative Telephone Company,50,Fiber to the Premises,10193,10871,10193,10871
130116,Benton Ridge Telephone Company,50,Fiber to the Premises,9248,11103,9236,11068
130116,Benton Ridge Telephone Company,70,Unlicensed Fixed Wireless,331260,380426,331260,380426
130116,Benton Ridge Telephone Company,71,Licensed Fixed Wireless,553812,640723,553812,640723
130116,Benton Ridge Telephone Company,72,LBR Fixed Wireless,160344,188632,160338,188625
130118,Beresford Municipal Telephone Company,50,Fiber to the Premises,1041,1279,1041,1279
130119,Bergen Telephone Company,50,Fiber to the Premises,208,209,208,209
130120,"Bernard Telephone Company, Inc.",50,Fiber to the Premises,1430,1467,1430,1467
130120,"Bernard Telephone Company, Inc.",70,Unlicensed Fixed Wireless,3827,4180,3827,4180
130122,Biddeford Internet Corporation,10,Copper,0,0,178,1216
130122,Biddeford Internet Corporation,50,Fiber to the Premises,1927,2361,2504,4882
130123,"Nevill Holdings, Inc.",10,Copper,193,194,193,194
130123,"Nevill Holdings, Inc.",40,Cable,6714,8117,6714,8117
130123,"Nevill Holdings, Inc.",50,Fiber to the Premises,10452,11938,10452,11938
130123,"Nevill Holdings, Inc.",60,GSO Satellite,813,827,813,827
130123,"Nevill Holdings, Inc.",70,Unlicensed Fixed Wireless,1521,1613,1521,1613
130123,"Nevill Holdings, Inc.",71,Licensed Fixed Wireless,23986,26798,23986,26798
130123,"Nevill Holdings, Inc.",72,LBR Fixed Wireless,1816,1928,1816,1928
130124,"Big River Telephone, LLC",50,Fiber to the Premises,19198,22314,1382,2406
130124,"Big River Telephone, LLC",70,Unlicensed Fixed Wireless,96059,108342,8711,12714
130126,Bijou Telephone Cooperative Association Inc.,10,Copper,38,39,38,39
130126,Bijou Telephone Cooperative Association Inc.,50,Fiber to the Premises,1909,1958,1909,1958
130126,Bijou Telephone Cooperative Association Inc.,70,Unlicensed Fixed Wireless,1534,1676,1534,1676
130130,Bixby Telephone Company,10,Copper,6415,8455,515,770
130130,Bixby Telephone Company,50,Fiber to the Premises,10511,15828,2883,5949
130132,"Blackfoot Telephone Cooperative, Inc.",10,Copper,26966,33730,26966,33730
130132,"Blackfoot Telephone Cooperative, Inc.",50,Fiber to the Premises,22880,37873,22880,37873
130132,"Blackfoot Telephone Cooperative, Inc.",70,Unlicensed Fixed Wireless,562,808,562,808
130132,"Blackfoot Telephone Cooperative, Inc.",71,Licensed Fixed Wireless,39,110,39,110
130133,Blanca Telephone Company/Jade Communications LLC,50,Fiber to the Premises,10209,11326,10209,11326
130133,Blanca Telephone Company/Jade Communications LLC,70,Unlicensed Fixed Wireless,3981,4199,3981,4199
130133,Blanca Telephone Company/Jade Communications LLC,71,Licensed Fixed Wireless,7259,8436,7259,8436
130133,Blanca Telephone Company/Jade Communications LLC,72,LBR Fixed Wireless,84,90,84,90
130134,"Blanchard Telephone Association, Inc.",10,Copper,1434,1521,1434,1521
130134,"Blanchard Telephone Association, Inc.",50,Fiber to the Premises,259,281,259,281
130136,Bledsoe Telephone Cooperative Inc.,10,Copper,14435,14517,14435,14517
130136,Bledsoe Telephone Cooperative Inc.,50,Fiber to the Premises,14305,14387,14305,14387
130137,"Block Communications, Inc.",10,Copper,2,2,2,2
130137,"Block Communications, Inc.",40,Cable,209201,297899,209200,297898
130137,"Block Communications, Inc.",50,Fiber to the Premises,157463,205928,160490,212710
130138,Bloomer Telephone Company,50,Fiber to the Premises,6123,7172,6123,7172
130139,Bloomingdale Home Telephone Company,10,Copper,315,315,102,102
130139,Bloomingdale Home Telephone Company,50,Fiber to the Premises,1746,1921,470,499
130140,"Bloomingdale Telephone Company, Inc.",50,Fiber to the Premises,9683,10372,9683,10372
130141,"Blossom Telephone Co., Inc.",10,Copper,452,485,452,485
130141,"Blossom Telephone Co., Inc.",50,Fiber to the Premises,1712,1915,1712,1915
130142,Rural Communications Holding Corporation,10,Copper,2604,2770,2604,2770
130142,Rural Communications Holding Corporation,50,Fiber to the Premises,28900,31496,28900,31496
130144,"Blue Valley Tele-Communications, Inc.",40,Cable,1772,1839,1772,1839
130144,"Blue Valley Tele-Communications, Inc.",50,Fiber to the Premises,8719,9104,8719,9104
130144,"Blue Valley Tele-Communications, Inc.",70,Unlicensed Fixed Wireless,292,293,292,293
130148,Colonial Telephone Company,10,Copper,1451,1536,1451,1536
130150,Brandenburg Communications Corp.,10,Copper,522,900,522,900
130150,Brandenburg Communications Corp.,50,Fiber to the Premises,54671,68602,54671,68602
130151,"Strickland Communications, Inc.",50,Fiber to the Premises,11099,12419,11099,12419
130152,Brazoria Telephone Company,10,Copper,1381,1538,1381,1538
130152,Brazoria Telephone Company,40,Cable,5631,5983,5631,5983
130152,Brazoria Telephone Company,50,Fiber to the Premises,6584,7193,6584,7193
130153,"Brazos Telephone Cooperative, Inc.",10,Copper,162,171,162,171
130153,"Brazos Telephone Cooperative, Inc.",50,Fiber to the Premises,9390,10083,9390,10083
130154,Breda Telephone Corp.,50,Fiber to the Premises,21655,22966,21655,22966
130160,Bristol Bay Telephone Cooperative,10,Copper,1341,1348,1341,1348
130161,Broadband Corp.,50,Fiber to the Premises,13184,14391,13184,14391
130161,Broadband Corp.,72,LBR Fixed Wireless,16887,19219,16887,19219
130169,Brooklyn Mutual Telecommunications Cooperative,10,Copper,404,404,0,0
130169,Brooklyn Mutual Telecommunications Cooperative,50,Fiber to the Premises,1092,1169,78,84
130170,"Bruce Telephone Company, Inc.",10,Copper,403,519,403,519
130170,"Bruce Telephone Company, Inc.",50,Fiber to the Premises,1773,1918,1773,1918
130171,Bryan Family Inc.,10,Copper,41,46,41,46
130171,Bryan Family Inc.,50,Fiber to the Premises,78,78,78,78
130176,"Bulloch County Rural Telephone Cooperative, Inc.",50,Fiber to the Premises,17833,21991,17832,21990
130178,"Burke's Garden Telephone Co., Inc.",50,Fiber to the Premises,226,230,226,230
130179,Butler-Bremer Mutual Telephone Company,50,Fiber to the Premises,9571,10030,9571,10030
130183,"Cable One, Inc.",10,Copper,64055,84427,64055,84427
130183,"Cable One, Inc.",40,Cable,2092486,2585354,2092486,2585354
130183,"Cable One, Inc.",50,Fiber to the Premises,232411,295605,232411,295605
130183,"Cable One, Inc.",70,Unlicensed Fixed Wireless,6228,6678,6228,6678
130184,"Cable Services, Inc.",40,Cable,8482,11650,8482,11650
130189,Calaveras Communications Company,10,Copper,2770,2935,2758,2921
130189,Calaveras Communications Company,50,Fiber to the Premises,1723,2310,1710,2291
130189,Calaveras Communications Company,70,Unlicensed Fixed Wireless,648,740,645,737
130192,"Cambridge TelCom, Inc.",10,Copper,1777,1819,1777,1819
130192,"Cambridge TelCom, Inc.",50,Fiber to the Premises,5209,5517,5209,5517
130192,"Cambridge TelCom, Inc.",71,Licensed Fixed Wireless,1367,1404,1367,1404
130193,"Cambridge Telephone Company, Inc.",10,Copper,785,788,96,98
130193,"Cambridge Telephone Company, Inc.",50,Fiber to the Premises,1731,1764,255,282
130193,"Cambridge Telephone Company, Inc.",70,Unlicensed Fixed Wireless,2349,3261,323,989
130193,"Cambridge Telephone Company, Inc.",71,Licensed Fixed Wireless,4,4,2,2
130193,"Cambridge Telephone Company, Inc.",72,LBR Fixed Wireless,48,50,1,1
130195,Canadian Valley Telephone Company,10,Copper,1888,1914,1888,1914
130195,Canadian Valley Telephone Company,50,Fiber to the Premises,20,22,20,22
130196,Canby Telephone Association,10,Copper,61,180,61,180
130196,Canby Telephone Association,50,Fiber to the Premises,10677,12988,10677,12988
130199,"Cap Rock Telephone Cooperative, Inc.",50,Fiber to the Premises,7018,7484,7018,7484
130201,Carnegie Telephone Company,10,Copper,1791,1796,1791,1796
130201,Carnegie Telephone Company,50,Fiber to the Premises,3313,3326,3313,3326
130201,Carnegie Telephone Company,70,Unlicensed Fixed Wireless,123,123,123,123
130201,Carnegie Telephone Company,72,LBR Fixed Wireless,4359,4371,4359,4371
130203,"Carr Communications, Inc.",10,Copper,3327,3637,3327,3637
130203,"Carr Communications, Inc.",50,Fiber to the Premises,475,549,475,549
130204,Cascade Communications Company,50,Fiber to the Premises,3997,4439,3997,4439
130206,Day Management Corporation,10,Copper,11778,14755,11778,14755
130206,Day Management Corporation,50,Fiber to the Premises,22749,27052,22749,27052
130207,Casey Mutual Telephone Company,10,Copper,139,142,139,142
130207,Casey Mutual Telephone Company,50,Fiber to the Premises,627,634,627,634
130208,"Cass Communications Management, Inc.",40,Cable,4962,5385,4962,5385
130208,"Cass Communications Management, Inc.",50,Fiber to the Premises,30424,32678,30708,33166
130208,"Cass Communications Management, Inc.",70,Unlicensed Fixed Wireless,2989,3307,2989,3307
130208,"Cass Communications Management, Inc.",71,Licensed Fixed Wireless,8620,8980,8620,8980
130210,Castleberry Communications,10,Copper,1168,1224,1168,1224
130218,Cedar Falls Municipal Communications Utility,50,Fiber to the Premises,15183,19661,15183,19661
130223,"Center Junction Telephone Company, Inc.",50,Fiber to the Premises,178,178,178,178
130224,"Central Arkansas Telephone Cooperative, Inc.",50,Fiber to the Premises,5227,5371,5227,5371
130226,"Central Oklahoma Telephone Co., LLC",10,Copper,2089,2133,2089,2133
130226,"Central Oklahoma Telephone Co., LLC",50,Fiber to the Premises,4229,4293,4229,4293
130227,"Central Texas Telephone Cooperative, Inc.",10,Copper,859,874,859,874
130227,"Central Texas Telephone Cooperative, Inc.",50,Fiber to the Premises,12016,12511,12016,12511
130228,"Lumen Technologies, Inc.",10,Copper,9916419,13848531,9916389,13848482
130228,"Lumen Technologies, Inc.",50,Fiber to the Premises,3157729,4104598,3157726,4104595
130233,Chapin Communications Corporation,10,Copper,4459,5271,4459,5271
130233,Chapin Communications Corporation,50,Fiber to the Premises,2876,3221,2876,3221
130234,Chariton Valley Telephone Corporation,50,Fiber to the Premises,30581,32687,5396,6661
130235,Charter Communications,40,Cable,33900003,48602468,34979468,50717789
130235,Charter Communications,50,Fiber to the Premises,2284620,3781020,2618587,4626667
130238,Chazy & Westport Telephone Corp.,10,Copper,170,179,170,179
130238,Chazy & Westport Telephone Corp.,50,Fiber to the Premises,3636,4029,3636,4029
130239,"Chequamegon Communications Cooperative, Inc.",10,Copper,2126,2732,439,912
130239,"Chequamegon Communications Cooperative, Inc.",50,Fiber to the Premises,20970,23923,3144,4491
130240,Cherokee Telephone Company,10,Copper,6004,6433,6004,6433
130240,Cherokee Telephone Company,50,Fiber to the Premises,775,846,775,846
130242,"TruVista Communications, Inc.",10,Copper,3928,3973,468,496
130242,"TruVista Communications, Inc.",40,Cable,32137,36317,3682,6328
130242,"TruVista Communications, Inc.",50,Fiber to the Premises,40208,42250,3372,4574
130243,Cheyenne River Sioux Tribe Telephone Authority,50,Fiber to the Premises,3363,3574,3363,3574
130244,"Chibardun Telephone Cooperative, Inc.",10,Copper,4868,6578,4868,6578
130244,"Chibardun Telephone Cooperative, Inc.",50,Fiber to the Premises,17482,19554,17482,19554
130245,Chickasaw Holding Company,10,Copper,18794,25318,17780,24294
130245,Chickasaw Holding Company,50,Fiber to the Premises,6037,6313,6037,6313
130250,Christensen Communications Company,10,Copper,315,325,315,325
130250,Christensen Communications Company,50,Fiber to the Premises,1484,1631,1484,1631
130250,Christensen Communications Company,71,Licensed Fixed Wireless,2514,2601,2514,2601
130252,"Churchill County, State of Nevada",10,Copper,676,858,676,858
130252,"Churchill County, State of Nevada",50,Fiber to the Premises,12427,14046,12427,14046
130254,Cincinnati Bell Inc.,10,Copper,54540,268434,54540,268434
130254,Cincinnati Bell Inc.,40,Cable,8,21,0,0
130254,Cincinnati Bell Inc.,50,Fiber to the Premises,953587,1243934,939754,1225377
130254,Cincinnati Bell Inc.,70,Unlicensed Fixed Wireless,113,131,39,113
130254,Cincinnati Bell Inc.,71,Licensed Fixed Wireless,6433,6588,756,770
130254,Cincinnati Bell Inc.,72,LBR Fixed Wireless,127831,135192,16190,17766
130258,Frontier Communications Corporation,10,Copper,2123118,2788219,238513,711622
130258,Frontier Communications Corporation,50,Fiber to the Premises,6545954,7547263,236427,619147
130259,Citizens Mutual Telephone Cooperative,50,Fiber to the Premises,10770,11065,10770,11065
130263,Green Hills Telephone Corporation,10,Copper,5149,5367,5149,5367
130263,Green Hills Telephone Corporation,40,Cable,5621,6144,5621,6144
130263,Green Hills Telephone Corporation,50,Fiber to the Premises,8255,8808,8255,8808
130263,Green Hills Telephone Corporation,71,Licensed Fixed Wireless,147,150,147,150
130264,Citizens Telephone Company of Kecksburg,50,Fiber to the Premises,12627,15020,12627,15020
130265,Citizens Mutual Telephone Cooperative (GA),10,Copper,1972,1996,1972,1996
130265,Citizens Mutual Telephone Cooperative (GA),40,Cable,1298,1345,1298,1345
130265,Citizens Mutual Telephone Cooperative (GA),50,Fiber to the Premises,3165,3747,3165,3747
130266,Citizens Telephone Cooperative (VA),10,Copper,8399,9184,8399,9184
130266,Citizens Telephone Cooperative (VA),40,Cable,3137,3313,3137,3313
130266,Citizens Telephone Cooperative (VA),50,Fiber to the Premises,10966,12199,10990,12351
130267,"Citizens Telephone Cooperative, Inc. (WI)",50,Fiber to the Premises,7844,8590,7844,8590
130268,Citizens Telephone Corporation,50,Fiber to the Premises,3465,3617,3465,3617
130268,Citizens Telephone Corporation,70,Unlicensed Fixed Wireless,1652,1668,1652,1668
130269,"Citizens Telephone Company of Hammond NY, Inc.",10,Copper,830,864,830,864
130269,"Citizens Telephone Company of Hammond NY, Inc.",50,Fiber to the Premises,7590,8511,7581,8502
130270,City of Barnesville Municipal Telephone,50,Fiber to the Premises,1113,1332,1113,1332
130271,City of Brookings Telephone Fund,10,Copper,195,2020,195,2020
130271,City of Brookings Telephone Fund,50,Fiber to the Premises,6679,9284,6679,9284
130274,City of Faith Municipal Telephone Company,50,Fiber to the Premises,212,217,79,101
130275,City of Ketchikan,10,Copper,4797,7692,4797,7692
130275,City of Ketchikan,50,Fiber to the Premises,4789,7753,4789,7753
130275,City of Ketchikan,70,Unlicensed Fixed Wireless,18,18,18,18
130279,City of Scottsburg,50,Fiber to the Premises,3375,4155,3375,4155
130279,City of Scottsburg,70,Unlicensed Fixed Wireless,8782,9915,8748,9884
130282,City of Wadsworth,40,Cable,4702,6627,4702,6627
130282,City of Wadsworth,50,Fiber to the Premises,4810,6048,4838,6176
130283,City of Windom,50,Fiber to the Premises,2222,2629,2222,2629
130285,"Clarence Telephone Company, Inc.",50,Fiber to the Premises,2417,2594,2417,2594
130287,Clarksville Mutual Telephone Company,50,Fiber to the Premises,354,355,354,355
130288,"Clay County Rural Telephone Cooperative, Inc.",50,Fiber to the Premises,32217,33786,32217,33786
130289,Clear Creek Mutual Telephone Company,10,Copper,117,123,117,123
130289,Clear Creek Mutual Telephone Company,40,Cable,3190,3459,3190,3459
130289,Clear Creek Mutual Telephone Company,50,Fiber to the Premises,296,335,296,335
130290,Clear Lake Independent Telephone Company,50,Fiber to the Premises,6986,8886,6986,8886
130291,"Clear Lake Telephone Company, Inc.",50,Fiber to the Premises,3833,4201,3979,4404
130292,"Clear Rate Communications, LLC",10,Copper,0,0,79853,133314
130292,"Clear Rate Communications, LLC",50,Fiber to the Premises,0,0,111823,198003
130302,C-M-L Telephone Cooperative Association,50,Fiber to the Premises,1808,1938,1808,1938
130303,Coast Communications Co. Inc.,40,Cable,7177,7754,7177,7754
130303,Coast Communications Co. Inc.,50,Fiber to the Premises,1,2,2,3
130305,Cochrane Cooperative Telephone Company,50,Fiber to the Premises,2942,3440,2942,3440
130307,"Coleman County Telephone Cooperative, Inc.",10,Copper,555,557,555,557
130307,"Coleman County Telephone Cooperative, Inc.",50,Fiber to the Premises,3435,3619,3435,3619
130307,"Coleman County Telephone Cooperative, Inc.",70,Unlicensed Fixed Wireless,3067,3190,3067,3190
130307,"Coleman County Telephone Cooperative, Inc.",71,Licensed Fixed Wireless,7488,7763,7488,7763
130307,"Coleman County Telephone Cooperative, Inc.",72,LBR Fixed Wireless,41,41,41,41
130309,COLI Inc.,50,Fiber to the Premises,2664,2851,2664,2851
130309,COLI Inc.,70,Unlicensed Fixed Wireless,8325,9301,8325,9301
130309,COLI Inc.,72,LBR Fixed Wireless,28181,36695,28181,36695
130310,Colo Telephone Company,50,Fiber to the Premises,1747,1937,1747,1937
130311,"Colorado Valley Telephone Cooperative, Inc.",10,Copper,2472,2656,2472,2656
130311,"Colorado Valley Telephone Cooperative, Inc.",50,Fiber to the Premises,11505,12935,11505,12935
130311,"Colorado Valley Telephone Cooperative, Inc.",70,Unlicensed Fixed Wireless,6752,7313,6752,7313
130311,"Colorado Valley Telephone Cooperative, Inc.",71,Licensed Fixed Wireless,6174,6829,6174,6829
130312,Colton Telephone Company,50,Fiber to the Premises,1064,1137,45,48
130314,Columbus Telephone Company,50,Fiber to the Premises,5737,6410,5737,6410
130315,TOTE Holdings LLC,10,Copper,300,302,300,302
130315,TOTE Holdings LLC,50,Fiber to the Premises,5674,6219,5674,6219
130315,TOTE Holdings LLC,70,Unlicensed Fixed Wireless,19676,23504,19676,23504
130316,"Combined Technologies, Inc.",70,Unlicensed Fixed Wireless,145,150,40,49
130317,Comcast Corporation,40,Cable,37853171,56247509,37853451,56249826
130317,Comcast Corporation,50,Fiber to the Premises,940512,1617016,1058676,2262453
130321,"Communications 1 Network, Inc.",10,Copper,18,18,18,18
130321,"Communications 1 Network, Inc.",50,Fiber to the Premises,11471,12235,11471,12235
130322,"Community Antenna Service, Inc.",40,Cable,32019,36644,1989,3302
130325,Community Internet Service,70,Unlicensed Fixed Wireless,1062,1082,0,0
130327,"Community Telephone Co., Inc.",50,Fiber to the Premises,22525,27472,22525,27472
130327,"Community Telephone Co., Inc.",70,Unlicensed Fixed Wireless,4533,5078,4533,5078
130327,"Community Telephone Co., Inc.",71,Licensed Fixed Wireless,7246,7605,7246,7605
130331,"Computer Sales & Services, Inc.",70,Unlicensed Fixed Wireless,4,4,15,62
130335,"Fidium Holdings, LLC",0,Other,1,1,0,0
130335,"Fidium Holdings, LLC",10,Copper,595745,826648,43571,122684
130335,"Fidium Holdings, LLC",40,Cable,2353,2501,138,205
130335,"Fidium Holdings, LLC",50,Fiber to the Premises,1033779,1225964,42888,94144
130337,Consolidated Telcom,40,Cable,3212,4855,3212,4855
130337,Consolidated Telcom,50,Fiber to the Premises,19493,23268,19493,23268
130338,Consolidated Telephone Company,10,Copper,836,948,836,948
130338,Consolidated Telephone Company,50,Fiber to the Premises,40431,48265,40431,48265
130340,Conway Corporation,40,Cable,19546,29440,19546,29440
130340,Conway Corporation,50,Fiber to the Premises,1798,2267,1798,2267
130344,"Coon Valley Cooperative Telephone Association, Inc.",50,Fiber to the Premises,1685,1704,1685,1704
130344,"Coon Valley Cooperative Telephone Association, Inc.",70,Unlicensed Fixed Wireless,1039,1042,1039,1042
130345,Coon Valley Farmers Telephone Company,50,Fiber to the Premises,4096,4877,4096,4877
130346,Cooperative Telephone Company,50,Fiber to the Premises,2981,3096,2981,3096
130347,Cooperative Telephone Exchange,50,Fiber to the Premises,738,766,738,766
130349,Copper Valley Telephone Cooperative,10,Copper,2324,2371,2324,2371
130349,Copper Valley Telephone Cooperative,50,Fiber to the Premises,5023,5169,5023,5169
130349,Copper Valley Telephone Cooperative,70,Unlicensed Fixed Wireless,9,10,9,10
130349,Copper Valley Telephone Cooperative,71,Licensed Fixed Wireless,9,9,9,9
130352,"Cordova Telephone Cooperative, Inc.",10,Copper,1012,1145,1012,1145
130352,"Cordova Telephone Cooperative, Inc.",50,Fiber to the Premises,104,113,104,113
130353,Corn Belt Telephone Company,50,Fiber to the Premises,4262,4379,4262,4379
130353,Corn Belt Telephone Company,72,LBR Fixed Wireless,67,67,67,67
130360,"Cox Communications, Inc.",40,Cable,6447112,9116442,350853,1426960
130360,"Cox Communications, Inc.",50,Fiber to the Premises,853019,1178984,99933,378031
130360,"Cox Communications, Inc.",70,Unlicensed Fixed Wireless,1140,1290,60,60
130360,"Cox Communications, Inc.",72,LBR Fixed Wireless,13581,18054,2352,3323
130361,Cozad Telephone Company,50,Fiber to the Premises,2618,2866,2618,2866
130362,"CP-Tel Holdings, Inc.",10,Copper,2658,3281,390,560
130362,"CP-Tel Holdings, Inc.",50,Fiber to the Premises,6835,8703,1171,1883
130363,"Craigville Telephone Company, Inc.",10,Copper,8,39,3,12
130363,"Craigville Telephone Company, Inc.",50,Fiber to the Premises,5585,6559,5585,6559
130364,Craw-Kan Telephone Cooperative Inc.,10,Copper,3397,3448,3397,3448
130364,Craw-Kan Telephone Cooperative Inc.,50,Fiber to the Premises,32649,36332,32649,36332
130368,"Crossville Consolidated Communications, Inc.",10,Copper,396,400,396,400
130368,"Crossville Consolidated Communications, Inc.",50,Fiber to the Premises,246,246,246,246
130369,Crown Point Telephone Corporation,50,Fiber to the Premises,1964,2477,251,517
130370,Optimum Communications,40,Cable,5352613,8222251,414599,1793771
130370,Optimum Communications,50,Fiber to the Premises,2277645,3743693,5410678,12155188
130374,Cumberland Telephone Company,50,Fiber to the Premises,1276,1292,1276,1292
130375,"Cumby Telephone Cooperative, Inc.",50,Fiber to the Premises,6230,6493,7180,7588
130378,Custer Telephone Cooperative Inc.,10,Copper,533,540,32,34
130378,Custer Telephone Cooperative Inc.,40,Cable,1390,1484,81,109
130378,Custer Telephone Cooperative Inc.,50,Fiber to the Premises,2257,2305,414,562
130378,Custer Telephone Cooperative Inc.,70,Unlicensed Fixed Wireless,473,476,30,32
130380,Grayson Collin Electric Cooperative,10,Copper,3551,3588,3551,3588
130380,Grayson Collin Electric Cooperative,50,Fiber to the Premises,15871,16329,6766,9297
130385,"D & P Communications, Inc.",10,Copper,10,10,3,3
130385,"D & P Communications, Inc.",40,Cable,8753,10350,1164,2110
130385,"D & P Communications, Inc.",50,Fiber to the Premises,13882,16172,1517,3034
130385,"D & P Communications, Inc.",70,Unlicensed Fixed Wireless,470,473,13,13
130386,"D D & B, Inc.",10,Copper,5657,5731,5657,5731
130386,"D D & B, Inc.",50,Fiber to the Premises,8870,9888,8870,9888
130387,Dakota Central Telecommunications Cooperative,50,Fiber to the Premises,13001,15925,13001,15925
130390,Danville Mutual Telephone Company,50,Fiber to the Premises,1368,1712,1368,1712
130391,"Darien Telephone Company, Inc.",40,Cable,4055,4225,4055,4225
130391,"Darien Telephone Company, Inc.",50,Fiber to the Premises,3128,3447,3128,3447
130393,Daviess-Martin County Rural Telephone Corporation,10,Copper,1031,1032,1031,1032
130393,Daviess-Martin County Rural Telephone Corporation,50,Fiber to the Premises,17045,18255,17045,18255
130395,"Decatur Holding Company, Inc.",10,Copper,118,119,105,106
130395,"Decatur Holding Company, Inc.",50,Fiber to the Premises,2982,3172,2647,2812
130396,"DeKalb Telephone Cooperative, Inc.",50,Fiber to the Premises,31540,32992,31982,33968
130398,Delcambre Telephone Co.,50,Fiber to the Premises,1745,1997,1745,1997
130399,Delhi Telephone Company,10,Copper,51,115,51,115
130399,Delhi Telephone Company,50,Fiber to the Premises,12643,14154,12643,14154
130400,"Dell Telephone Cooperative, Inc.",10,Copper,558,576,558,576
130400,"Dell Telephone Cooperative, Inc.",50,Fiber to the Premises,685,854,685,854
130400,"Dell Telephone Cooperative, Inc.",70,Unlicensed Fixed Wireless,19563,20956,19563,20956
130403,"T-Mobile USA, Inc.",10,Copper,1497,3813,1137,4099
130403,"T-Mobile USA, Inc.",50,Fiber to the Premises,641150,712624,25125,57710
130403,"T-Mobile USA, Inc.",71,Licensed Fixed Wireless,78575905,109850169,83537434,117716474
130403,"T-Mobile USA, Inc.",72,LBR Fixed Wireless,1,1,0,0
130405,Dickey Rural Telephone Cooperative,50,Fiber to the Premises,15716,17657,15716,17657
130416,Doylestown Telephone Company,10,Copper,3800,4069,3800,4069
130416,Doylestown Telephone Company,40,Cable,3747,4015,3747,4015
130416,Doylestown Telephone Company,50,Fiber to the Premises,5644,6216,5644,6216
130419,Dumont Telephone Company,50,Fiber to the Premises,3945,3965,3945,3965
130420,"Dunbarton Telephone Company, Inc.",50,Fiber to the Premises,1486,1534,1486,1534
130421,Dunkerton Telephone Cooperative,50,Fiber to the Premises,802,869,802,869
130423,Duo County Telephone Cooperative Inc.,10,Copper,1475,1476,1475,1476
130423,Duo County Telephone Cooperative Inc.,40,Cable,4300,4465,4300,4465
130423,Duo County Telephone Cooperative Inc.,50,Fiber to the Premises,25955,27475,25955,27475
130425,"Dobson Technologies, Inc.",10,Copper,13327,13807,13327,13807
130425,"Dobson Technologies, Inc.",50,Fiber to the Premises,196373,221941,196373,221941
130427,"E. Ritter Communications Holdings, Inc.",10,Copper,32651,35313,29101,31116
130427,"E. Ritter Communications Holdings, Inc.",40,Cable,49605,55027,49605,55027
130427,"E. Ritter Communications Holdings, Inc.",50,Fiber to the Premises,128846,144030,79760,142011
130431,"Eagle Telephone Systems, Inc.",10,Copper,20,20,20,20
130431,"Eagle Telephone Systems, Inc.",50,Fiber to the Premises,385,404,385,404
130432,EATEL Corp.,40,Cable,16767,18455,16767,18455
130432,EATEL Corp.,50,Fiber to the Premises,78096,102379,78096,102379
130433,East Buchanan Telephone Cooperative,50,Fiber to the Premises,3429,3621,3429,3621
130437,"Eastern Indiana WIFI, Inc.",50,Fiber to the Premises,77,137,77,137
130437,"Eastern Indiana WIFI, Inc.",70,Unlicensed Fixed Wireless,3484,3766,3463,3744
130437,"Eastern Indiana WIFI, Inc.",72,LBR Fixed Wireless,4930,5616,4919,5605
130439,"Eastern Slope Rural Telephone Association, Inc.",10,Copper,2022,2124,2022,2124
130439,"Eastern Slope Rural Telephone Association, Inc.",50,Fiber to the Premises,5063,5374,5063,5374
130440,"Eastex Telephone Cooperative, Inc.",10,Copper,2310,2537,2310,2537
130440,"Eastex Telephone Cooperative, Inc.",50,Fiber to the Premises,41866,46364,41866,46364
130444,Egyptian Telephone Cooperative Association,10,Copper,372,377,74,74
130444,Egyptian Telephone Cooperative Association,50,Fiber to the Premises,2304,2414,392,416
130445,Electric and Water Plant Board of the City of Frankfort,40,Cable,18452,25417,18452,25417
130445,Electric and Water Plant Board of the City of Frankfort,50,Fiber to the Premises,18392,25283,18762,25809
130446,"Electric Plant Board of the City of Glasgow, KY",40,Cable,2625,2714,2625,2714
130446,"Electric Plant Board of the City of Glasgow, KY",50,Fiber to the Premises,5163,6304,5163,6304
130449,Ellington Telephone Company,10,Copper,468,468,468,468
130449,Ellington Telephone Company,50,Fiber to the Premises,1692,1698,1692,1698
130450,Ellsworth Cooperative Telephone Association,50,Fiber to the Premises,783,816,783,816
130453,Emery Telcom,40,Cable,4959,5954,4959,5954
130453,Emery Telcom,50,Fiber to the Premises,23132,26384,23132,26384
130453,Emery Telcom,70,Unlicensed Fixed Wireless,147,212,147,212
130454,Emily Cooperative Telephone Company,50,Fiber to the Premises,5594,5730,5594,5730
130455,Empire Telephone Corporation/North Penn Telephone Company,10,Copper,1732,1852,60,60
130455,Empire Telephone Corporation/North Penn Telephone Company,50,Fiber to the Premises,161013,218702,10757,14582
130458,"ENMR Telephone Cooperative, Inc.",10,Copper,332,347,332,347
130458,"ENMR Telephone Cooperative, Inc.",50,Fiber to the Premises,63317,74453,63317,74453
130458,"ENMR Telephone Cooperative, Inc.",71,Licensed Fixed Wireless,74224,88336,74224,88336
130460,Epic Touch Company,50,Fiber to the Premises,1228,1280,1228,1280
130464,"Etex Telephone Cooperative, Inc.",10,Copper,10407,11141,10407,11141
130464,"Etex Telephone Cooperative, Inc.",50,Fiber to the Premises,27266,31183,27266,31183
130473,"F&B Communications, Inc.",50,Fiber to the Premises,2942,3076,2942,3076
130475,Farmers Cooperative Telephone Company-Dysart,10,Copper,279,279,279,279
130475,Farmers Cooperative Telephone Company-Dysart,50,Fiber to the Premises,1120,1135,1120,1135
130476,Farmers Independent Telephone Company,10,Copper,680,841,680,841
130476,Farmers Independent Telephone Company,40,Cable,485,604,485,604
130476,Farmers Independent Telephone Company,50,Fiber to the Premises,3549,3860,3549,3860
130477,Farmers Mutual Cooperative Telephone Company-Harlan,50,Fiber to the Premises,4086,4265,4086,4265
130478,Farmers Mutual Cooperative Telephone Company-Moulton,50,Fiber to the Premises,4047,4056,4047,4056
130479,Farmers Mutual Telephone Company (ID),10,Copper,24,24,24,24
130479,Farmers Mutual Telephone Company (ID),50,Fiber to the Premises,4561,5137,4561,5137
130479,Farmers Mutual Telephone Company (ID),70,Unlicensed Fixed Wireless,4217,4572,4217,4572
130479,Farmers Mutual Telephone Company (ID),71,Licensed Fixed Wireless,1756,1885,1756,1885
130481,Farmers Mutual Telephone Company (OH),50,Fiber to the Premises,1467,1585,1467,1585
130481,Farmers Mutual Telephone Company (OH),71,Licensed Fixed Wireless,38059,40544,38059,40544
130482,"Farmers Mutual Telephone Company of Stanton, Iowa",50,Fiber to the Premises,7062,7538,7062,7538
130483,Farmers Mutual Telephone Company-Jesup,10,Copper,4,4,4,4
130483,Farmers Mutual Telephone Company-Jesup,50,Fiber to the Premises,2166,2313,2166,2313
130484,Farmers Mutual Telephone Company-Nora Springs,50,Fiber to the Premises,16741,17653,16741,17653
130485,Farmers Mutual Telephone Cooperative of Shellsburg,10,Copper,2317,2454,2317,2454
130485,Farmers Mutual Telephone Cooperative of Shellsburg,50,Fiber to the Premises,10082,10719,10082,10719
130487,"Farmers Telephone Company, Inc.",10,Copper,99,102,99,102
130487,"Farmers Telephone Company, Inc.",50,Fiber to the Premises,246,270,246,270
130487,"Farmers Telephone Company, Inc.",71,Licensed Fixed Wireless,1258,1362,1258,1362
130488,Farmers Telephone Company-Batavia,50,Fiber to the Premises,674,682,674,682
130489,Farmers Telephone Company-Essex,50,Fiber to the Premises,850,891,850,891
130489,Farmers Telephone Company-Essex,70,Unlicensed Fixed Wireless,8917,9895,8917,9895
130490,"Farmers Telephone Cooperative, Inc. (SC)",10,Copper,18216,21366,18216,21366
130490,"Farmers Telephone Cooperative, Inc. (SC)",50,Fiber to the Premises,66496,72585,66496,72585
130490,"Farmers Telephone Cooperative, Inc. (SC)",71,Licensed Fixed Wireless,3291,3981,3291,3981
130491,Fayetteville Public Utilities,40,Cable,6404,7460,799,1514
130491,Fayetteville Public Utilities,50,Fiber to the Premises,7505,7667,592,622
130492,FDF Communications Co.,50,Fiber to the Premises,3343,3595,3343,3595
130492,FDF Communications Co.,70,Unlicensed Fixed Wireless,3992,4173,3992,4173
130494,Farmers Mutual Telephone Company (MN),50,Fiber to the Premises,5062,5167,5064,5169
130495,Fenton Cooperative Telephone Company,50,Fiber to the Premises,303,307,75,75
130499,"First Communications, LLC",10,Copper,0,0,47,578
130499,"First Communications, LLC",50,Fiber to the Premises,0,0,115,259
130500,"First Step Internet, LLC",50,Fiber to the Premises,527,742,198,627
130500,"First Step Internet, LLC",70,Unlicensed Fixed Wireless,58595,79543,10511,20586
130500,"First Step Internet, LLC",71,Licensed Fixed Wireless,1,2,24,35
130502,"Five Area Telephone Cooperative, Inc.",50,Fiber to the Premises,6749,7309,6749,7309
130502,"Five Area Telephone Cooperative, Inc.",70,Unlicensed Fixed Wireless,721,761,721,761
130503,"Flat Rock Telephone Co-Op, Inc.",50,Fiber to the Premises,1344,1348,1344,1348
130507,"Foothills Rural Telephone Cooperative Corporation, Inc.",50,Fiber to the Premises,29211,32824,29211,32824
130509,"Fort Mojave Telecommunications, Inc.",50,Fiber to the Premises,2441,3152,2441,3152
130509,"Fort Mojave Telecommunications, Inc.",70,Unlicensed Fixed Wireless,629,664,629,664
130511,Waldron Communication Company,10,Copper,614,615,614,615
130511,Waldron Communication Company,50,Fiber to the Premises,93,93,93,93
130514,"Franklin Telephone Co., Inc.",10,Copper,922,997,922,997
130514,"Franklin Telephone Co., Inc.",50,Fiber to the Premises,902,977,902,977
130524,"Ganado Telephone Company, Inc.",10,Copper,1679,1705,1679,1705
130524,"Ganado Telephone Company, Inc.",50,Fiber to the Premises,5428,5881,5428,5881
130524,"Ganado Telephone Company, Inc.",72,LBR Fixed Wireless,2486,4076,2486,4076
130526,Garden Valley Telephone Company,10,Copper,24,64,24,64
130526,Garden Valley Telephone Company,50,Fiber to the Premises,22944,26498,22944,26498
130527,Gardonville Cooperative Telephone Association,10,Copper,987,1086,987,1086
130527,Gardonville Cooperative Telephone Association,50,Fiber to the Premises,5515,6906,5515,6906
130527,Gardonville Cooperative Telephone Association,70,Unlicensed Fixed Wireless,32,32,11,29
130527,Gardonville Cooperative Telephone Association,71,Licensed Fixed Wireless,120,122,6,6
130527,Gardonville Cooperative Telephone Association,72,LBR Fixed Wireless,453,499,56,78
130528,"Gargoyle Technologies, Inc.",50,Fiber to the Premises,3305,7600,3305,7600
130528,"Gargoyle Technologies, Inc.",70,Unlicensed Fixed Wireless,7842,12013,7842,12013
130532,Geetingsville Telephone Company Inc.,10,Copper,79,79,79,79
130532,Geetingsville Telephone Company Inc.,50,Fiber to the Premises,1099,1104,1099,1104
130532,Geetingsville Telephone Company Inc.,70,Unlicensed Fixed Wireless,407,409,407,409
130532,Geetingsville Telephone Company Inc.,72,LBR Fixed Wireless,1615,1660,1615,1660
130534,GCI Holdings LLC,10,Copper,6616,7185,6616,7185
130534,GCI Holdings LLC,40,Cable,162199,252087,162199,252087
130534,GCI Holdings LLC,50,Fiber to the Premises,4991,5728,4991,5728
130534,GCI Holdings LLC,70,Unlicensed Fixed Wireless,10141,11142,10141,11142
130535,"Geneseo Communications, Inc.",10,Copper,6043,6296,6043,6296
130535,"Geneseo Communications, Inc.",50,Fiber to the Premises,40226,58145,40226,58145
130535,"Geneseo Communications, Inc.",71,Licensed Fixed Wireless,3133,3192,3133,3192
130538,"Germantown Telephone Company, Inc.",50,Fiber to the Premises,4804,5316,393,557
130539,Gervais Telephone Company,50,Fiber to the Premises,3701,5055,3701,5055
130540,GEUS,40,Cable,8564,8812,1196,1847
130540,GEUS,50,Fiber to the Premises,0,0,3,3
130542,"Gila River Telecommunications, Inc.",10,Copper,831,835,831,835
130542,"Gila River Telecommunications, Inc.",50,Fiber to the Premises,4043,4149,4043,4149
130543,"Glandorf Telephone Co., Inc.",50,Fiber to the Premises,2879,2895,401,505
130544,Glasford Telephone Company,50,Fiber to the Premises,1329,1432,1329,1432
130545,Glenwood Telephone Company,10,Copper,671,782,671,782
130545,Glenwood Telephone Company,50,Fiber to the Premises,2364,2528,2364,2528
130546,Glenwood Telephone Membership Corp.,50,Fiber to the Premises,16354,17060,16354,17060
130546,Glenwood Telephone Membership Corp.,70,Unlicensed Fixed Wireless,19940,22068,19940,22068
130550,"Golden West Telecommunications Cooperative, Inc.",10,Copper,4005,4407,4005,4407
130550,"Golden West Telecommunications Cooperative, Inc.",40,Cable,2223,2595,2223,2595
130550,"Golden West Telecommunications Cooperative, Inc.",50,Fiber to the Premises,43654,47444,43654,47444
130551,"Golden Wheat, Inc.",50,Fiber to the Premises,3395,3525,3395,3525
130553,Gonthier Inc.,50,Fiber to the Premises,4374,4513,4374,4513
130553,Gonthier Inc.,70,Unlicensed Fixed Wireless,161,163,161,163
130553,Gonthier Inc.,72,LBR Fixed Wireless,243,246,243,246
130555,"Gorham Communications, Inc.",50,Fiber to the Premises,772,792,772,792
130557,"Grafton Communications, Inc.",10,Copper,4611,5483,4611,5483
130557,"Grafton Communications, Inc.",50,Fiber to the Premises,2958,3572,2958,3572
130558,Granby Telephone Company,50,Fiber to the Premises,3475,3582,3475,3582
130559,Grand Mound Cooperative Telephone Association,50,Fiber to the Premises,1623,1840,1623,1840
130559,Grand Mound Cooperative Telephone Association,70,Unlicensed Fixed Wireless,337,354,337,354
130559,Grand Mound Cooperative Telephone Association,71,Licensed Fixed Wireless,9361,10608,9361,10608
130560,Grand River Mutual Telephone Corporation,10,Copper,436,437,436,437
130560,Grand River Mutual Telephone Corporation,50,Fiber to the Premises,27791,28548,27791,28548
130561,Grand Telephone Company,10,Copper,3171,3177,3171,3177
130561,Grand Telephone Company,50,Fiber to the Premises,2059,2082,2059,2082
130563,Grandview Mutual Telephone Company,10,Copper,139,141,139,141
130565,Grauer Management Inc.,50,Fiber to the Premises,2993,3041,2993,3041
130569,"Great Plains Communications, Inc.",10,Copper,35697,37335,35697,37335
130569,"Great Plains Communications, Inc.",40,Cable,9201,9830,9201,9830
130569,"Great Plains Communications, Inc.",50,Fiber to the Premises,68314,95644,68314,95644
130569,"Great Plains Communications, Inc.",72,LBR Fixed Wireless,277,282,277,282
130574,Griswold Cooperative Telephone Company,50,Fiber to the Premises,2102,2155,2102,2155
130578,"Guadalupe Valley Telephone Cooperative, Inc.",10,Copper,43000,45558,43000,45558
130578,"Guadalupe Valley Telephone Cooperative, Inc.",40,Cable,7338,9360,7338,9360
130578,"Guadalupe Valley Telephone Cooperative, Inc.",50,Fiber to the Premises,80135,84030,80135,84030
130580,Gunnison Telephone Company,10,Copper,2006,2014,260,268
130580,Gunnison Telephone Company,50,Fiber to the Premises,153,160,16,23
130580,Gunnison Telephone Company,70,Unlicensed Fixed Wireless,1508,1515,162,169
130580,Gunnison Telephone Company,72,LBR Fixed Wireless,485,486,91,92
130581,H&B Enterprises Inc.,50,Fiber to the Premises,4889,5099,4889,5099
130581,H&B Enterprises Inc.,70,Unlicensed Fixed Wireless,109,109,113,113
130583,Halstad Telephone Company,50,Fiber to the Premises,5536,6115,5536,6115
130584,Hamilton County Telephone Co-Op,10,Copper,2262,2309,2262,2309
130584,Hamilton County Telephone Co-Op,50,Fiber to the Premises,20422,23150,20422,23150
130584,Hamilton County Telephone Co-Op,70,Unlicensed Fixed Wireless,185,186,185,186
130586,Hancock Rural Telephone Corporation,10,Copper,908,1123,908,1123
130586,Hancock Rural Telephone Corporation,50,Fiber to the Premises,26955,28838,38184,42240
130588,"Hardy Telecommunications, Inc.",10,Copper,1999,2372,1999,2372
130588,"Hardy Telecommunications, Inc.",50,Fiber to the Premises,10277,11044,10277,11044
130588,"Hardy Telecommunications, Inc.",70,Unlicensed Fixed Wireless,5033,5169,5033,5169
130590,Harmony Telephone Company,50,Fiber to the Premises,4384,4452,4384,4452
130590,Harmony Telephone Company,70,Unlicensed Fixed Wireless,5191,5349,5191,5349
130592,"Hartington Telecommunications Co., Inc.",50,Fiber to the Premises,2452,2545,2452,2545
130596,Hawkeye Telephone Company,50,Fiber to the Premises,7782,8290,7782,8290
130598,Heart of Iowa Communications Cooperative,50,Fiber to the Premises,9581,11004,9581,11004
130598,Heart of Iowa Communications Cooperative,70,Unlicensed Fixed Wireless,16,16,16,16
130602,Hemingford Cooperative Telephone Company,50,Fiber to the Premises,3169,3326,3169,3326
130603,Henderson Cooperative Telephone Company,50,Fiber to the Premises,906,969,906,969
130604,"Henry County Communications, Inc.",10,Copper,1578,1621,1578,1621
130604,"Henry County Communications, Inc.",50,Fiber to the Premises,1085,1127,1085,1127
130604,"Henry County Communications, Inc.",71,Licensed Fixed Wireless,1185,1226,1185,1226
130605,Hershey Cooperative Telephone Company,50,Fiber to the Premises,1043,1047,1043,1047
130605,Hershey Cooperative Telephone Company,70,Unlicensed Fixed Wireless,2651,2731,2651,2731
130606,"Hiawatha Broadband Communications, Inc.",40,Cable,6953,9785,6953,9785
130606,"Hiawatha Broadband Communications, Inc.",50,Fiber to the Premises,28305,34334,28305,34334
130606,"Hiawatha Broadband Communications, Inc.",70,Unlicensed Fixed Wireless,44774,56357,44774,56357
130607,"Hiawatha Communications, Inc.",10,Copper,6038,6487,6038,6487
130607,"Hiawatha Communications, Inc.",50,Fiber to the Premises,11255,12602,11255,12602
130609,"Hickory Utility Services, Inc.",50,Fiber to the Premises,7516,8243,7516,8243
130610,Highland Telephone Cooperative (VA),10,Copper,50,50,50,50
130610,Highland Telephone Cooperative (VA),50,Fiber to the Premises,1375,1379,1375,1379
130612,"Hill Country Telephone Cooperative, Inc.",10,Copper,17507,18267,17507,18267
130612,"Hill Country Telephone Cooperative, Inc.",50,Fiber to the Premises,20113,24089,20113,24089
130612,"Hill Country Telephone Cooperative, Inc.",70,Unlicensed Fixed Wireless,13780,16201,12068,14405
130612,"Hill Country Telephone Cooperative, Inc.",72,LBR Fixed Wireless,12458,14657,12458,14657
130613,"Hillsboro Telephone Company, Inc.",50,Fiber to the Premises,3205,3706,3205,3706
130614,Hinton Holding Company,10,Copper,4014,4039,4014,4039
130614,Hinton Holding Company,50,Fiber to the Premises,4474,4557,4474,4557
130614,Hinton Holding Company,71,Licensed Fixed Wireless,17169,19322,17169,19322
130616,"Home Enterprises, Inc.",50,Fiber to the Premises,4154,4272,4154,4272
130617,"Home Telephone Company, Inc. (SC)",10,Copper,214,227,214,227
130617,"Home Telephone Company, Inc. (SC)",40,Cable,11358,12685,11358,12685
130617,"Home Telephone Company, Inc. (SC)",50,Fiber to the Premises,57040,67798,57040,67798
130619,The Chillicothe Telephone Co,10,Copper,17076,18927,17076,18927
130619,The Chillicothe Telephone Co,50,Fiber to the Premises,42794,47575,42794,47575
130620,"Horry Telephone Cooperative, Inc.",10,Copper,517,1222,517,1222
130620,"Horry Telephone Cooperative, Inc.",40,Cable,9558,12319,9558,12319
130620,"Horry Telephone Cooperative, Inc.",50,Fiber to the Premises,149645,200366,149645,200366
130622,Hot Springs Telephone Company,10,Copper,579,640,579,640
130622,Hot Springs Telephone Company,50,Fiber to the Premises,365,410,365,410
130622,Hot Springs Telephone Company,70,Unlicensed Fixed Wireless,817,902,817,902
130623,"Hotwire Communications, Ltd.",40,Cable,429,3177,60,1097
130623,"Hotwire Communications, Ltd.",50,Fiber to the Premises,143798,345817,6515,154686
130624,HTC Holding Co.,10,Copper,20496,22468,20496,22468
130624,HTC Holding Co.,50,Fiber to the Premises,7129,7908,7129,7908
130624,HTC Holding Co.,70,Unlicensed Fixed Wireless,720,780,720,780
130626,Hubbard Cooperative Telephone Association,50,Fiber to the Premises,882,896,882,896
130627,EchoStar Corporation,60,GSO Satellite,116088046,161732452,116088046,161732452
130630,Huxley Communications Cooperative,50,Fiber to the Premises,9571,10518,838,1292
130631,"IAMO Communications, Inc.",50,Fiber to the Premises,3448,3493,3448,3493
130631,"IAMO Communications, Inc.",70,Unlicensed Fixed Wireless,7,7,7,7
130634,ICON Technologies Inc.,70,Unlicensed Fixed Wireless,60719,84248,60719,84248
130634,ICON Technologies Inc.,72,LBR Fixed Wireless,6313,7205,6313,7205
130641,Independence Light and Power,40,Cable,1030,1189,1030,1189
130641,Independence Light and Power,50,Fiber to the Premises,2571,2888,2571,2888
130645,Industry Telephone Company,10,Copper,1887,1911,1887,1911
130645,Industry Telephone Company,50,Fiber to the Premises,2177,2219,2177,2219
130645,Industry Telephone Company,70,Unlicensed Fixed Wireless,266,268,266,268
130651,Western Elite Incorporated Services,10,Copper,1310,1412,1310,1412
130651,Western Elite Incorporated Services,50,Fiber to the Premises,4519,5074,4519,5074
130651,Western Elite Incorporated Services,70,Unlicensed Fixed Wireless,253,261,253,261
130655,Gearheart Communications,40,Cable,32799,35582,32799,35582
130655,Gearheart Communications,50,Fiber to the Premises,4020,5166,4020,5166
130657,"InterBel Telephone Cooperative, Inc.",10,Copper,1670,1854,1670,1854
130657,"InterBel Telephone Cooperative, Inc.",50,Fiber to the Premises,5721,6110,5721,6110
130662,"Interstate Telecommunications Cooperative, Inc.",50,Fiber to the Premises,25715,27811,25715,27811
130663,"Inventive Wireless of Nebraska, LLC",50,Fiber to the Premises,2731,2951,2731,2951
130663,"Inventive Wireless of Nebraska, LLC",70,Unlicensed Fixed Wireless,37843,44318,37843,44318
130663,"Inventive Wireless of Nebraska, LLC",72,LBR Fixed Wireless,131271,157418,131271,157418
130667,Ironton Telephone Company,10,Copper,3476,4057,167,386
130667,Ironton Telephone Company,50,Fiber to the Premises,2865,3175,150,270
130668,"Irvine Community Television, Inc.",40,Cable,4558,4636,770,806
130668,"Irvine Community Television, Inc.",50,Fiber to the Premises,4558,4636,770,806
130673,James Valley Cooperative Telephone Company,10,Copper,8930,12573,8930,12573
130673,James Valley Cooperative Telephone Company,50,Fiber to the Premises,17951,22507,17951,22507
130673,James Valley Cooperative Telephone Company,71,Licensed Fixed Wireless,2485,3032,2485,3032
130674,"JED Enterprises, Inc.",10,Copper,1052,1062,1052,1062
130674,"JED Enterprises, Inc.",50,Fiber to the Premises,419,420,419,420
130677,Jefferson Telephone Company,50,Fiber to the Premises,3245,3423,3245,3423
130678,Johnson Telephone Company,10,Copper,44,45,44,45
130678,Johnson Telephone Company,50,Fiber to the Premises,3120,3168,3120,3168
130679,"K & M Telephone Company, Inc.",10,Copper,415,443,415,443
130679,"K & M Telephone Company, Inc.",50,Fiber to the Premises,267,281,267,281
130681,"Kalida Telephone Company, Inc.",50,Fiber to the Premises,1349,1357,200,211
130682,Kalona Cooperative Telephone Company,50,Fiber to the Premises,10144,11068,10144,11068
130682,Kalona Cooperative Telephone Company,70,Unlicensed Fixed Wireless,1404,1485,1404,1485
130682,Kalona Cooperative Telephone Company,72,LBR Fixed Wireless,11559,12149,11559,12149
130683,"KALTELCO, Inc.",10,Copper,3139,3253,252,273
130684,"KanOkla Telephone Association, Inc.",10,Copper,1129,1134,1129,1134
130684,"KanOkla Telephone Association, Inc.",50,Fiber to the Premises,8066,8399,8066,8399
130684,"KanOkla Telephone Association, Inc.",70,Unlicensed Fixed Wireless,1371,1450,1371,1450
130684,"KanOkla Telephone Association, Inc.",72,LBR Fixed Wireless,119807,139388,119807,139388
130685,"Kaplan Telephone Company, Inc.",10,Copper,999,1779,999,1779
130685,"Kaplan Telephone Company, Inc.",50,Fiber to the Premises,4787,5650,4787,5650
130685,"Kaplan Telephone Company, Inc.",71,Licensed Fixed Wireless,15838,18147,15838,18147
130686,Kasson & Mantorville Telephone Company,10,Copper,1013,1255,1013,1255
130686,Kasson & Mantorville Telephone Company,50,Fiber to the Premises,6884,7446,6884,7446
130690,"Atlas Connectivity, LLC",10,Copper,155,223,14,78
130690,"Atlas Connectivity, LLC",50,Fiber to the Premises,57676,70269,4173,8094
130691,"Kennebec Telephone Company, Inc.",50,Fiber to the Premises,955,956,955,956
130692,"Kentec Communications, Inc.",50,Fiber to the Premises,4005,4656,4005,4656
130692,"Kentec Communications, Inc.",70,Unlicensed Fixed Wireless,21612,24781,21612,24781
130693,Keystone Farmers Cooperative Telephone Company,50,Fiber to the Premises,1060,1067,1060,1067
130695,Killduff Telephone Company,50,Fiber to the Premises,157,157,29,29
130696,"Kinex Telecom, Inc.",50,Fiber to the Premises,7274,8245,7274,8245
130697,Kingdom Telephone Company,50,Fiber to the Premises,19989,21412,19989,21412
130699,Kinsman Mutual Telephone Co.,10,Copper,97,101,97,101
130705,Kraus Electronics Systems Inc.,40,Cable,7632,8442,7632,8442
130705,Kraus Electronics Systems Inc.,50,Fiber to the Premises,1204,1250,1204,1250
130707,La Canada Wireless Association,70,Unlicensed Fixed Wireless,1191,1383,1191,1383
130708,La Jicarita Rural Telephone Cooperative,10,Copper,151,151,151,151
130708,La Jicarita Rural Telephone Cooperative,50,Fiber to the Premises,3457,3457,3457,3457
130709,La Motte Telephone Company,50,Fiber to the Premises,1503,1542,1503,1542
130709,La Motte Telephone Company,70,Unlicensed Fixed Wireless,1452,1513,1452,1513
130710,"La Ward Telephone Exchange, Inc.",10,Copper,369,369,369,369
130710,"La Ward Telephone Exchange, Inc.",50,Fiber to the Premises,1152,1156,1152,1156
130710,"La Ward Telephone Exchange, Inc.",70,Unlicensed Fixed Wireless,8,8,8,8
130711,"LaHarpe Telephone Company, Inc. (KS)",50,Fiber to the Premises,405,408,67,68
130711,"LaHarpe Telephone Company, Inc. (KS)",72,LBR Fixed Wireless,962,989,909,932
130712,Lake Livingston Telephone Company,10,Copper,2986,3445,2986,3445
130712,Lake Livingston Telephone Company,50,Fiber to the Premises,2153,2531,2153,2531
130714,"Lakeland Communications, Inc.",40,Cable,1678,2053,1678,2053
130714,"Lakeland Communications, Inc.",50,Fiber to the Premises,9701,10068,9701,10068
130718,"Larson Utilities, Inc.",10,Copper,865,914,865,914
130718,"Larson Utilities, Inc.",50,Fiber to the Premises,1328,1403,1328,1403
130721,"Laurel Highland Total Communications, Inc.",10,Copper,182,211,182,211
130721,"Laurel Highland Total Communications, Inc.",50,Fiber to the Premises,13949,14917,13949,14917
130724,Laurens Municipal Communications Utility,50,Fiber to the Premises,664,672,179,194
130726,"LaValle Telephone Cooperative, Inc.",50,Fiber to the Premises,3807,4314,1148,1180
130728,"Leaco Rural Telephone Cooperative, Inc.",10,Copper,1229,1456,1229,1456
130728,"Leaco Rural Telephone Cooperative, Inc.",50,Fiber to the Premises,11387,12041,11387,12041
130728,"Leaco Rural Telephone Cooperative, Inc.",70,Unlicensed Fixed Wireless,16555,18266,16555,18266
130732,Lehigh Valley Cooperative Telephone Association,50,Fiber to the Premises,3137,3350,3137,3350
130733,Lemonweir Valley Telephone Company,50,Fiber to the Premises,10987,14635,10987,14635
130734,Lennon Telephone Company,10,Copper,19,19,1,1
130734,Lennon Telephone Company,40,Cable,4268,4626,673,810
130734,Lennon Telephone Company,50,Fiber to the Premises,109,120,18,18
130735,"Leonore Mutual Telephone Co., Inc.",10,Copper,80,84,80,84
130735,"Leonore Mutual Telephone Co., Inc.",50,Fiber to the Premises,122,123,122,123
130736,STEL-CO,10,Copper,1231,1248,167,167
130736,STEL-CO,50,Fiber to the Premises,714,724,65,77
130741,Liberty Latin America Ltd.,40,Cable,947847,1320830,947847,1320830
130741,Liberty Latin America Ltd.,50,Fiber to the Premises,168728,275227,168728,275227
130741,Liberty Latin America Ltd.,70,Unlicensed Fixed Wireless,24649,41630,24649,41630
130742,"Ligonier Telephone Co., Inc.",50,Fiber to the Premises,19165,21434,19165,21434
130743,"Lincoln Communications, Inc.",10,Copper,1750,1893,1750,1893
130743,"Lincoln Communications, Inc.",50,Fiber to the Premises,728,823,728,823
130743,"Lincoln Communications, Inc.",70,Unlicensed Fixed Wireless,1316,1389,1316,1389
130744,"Lincoln Telephone Company, Inc.",10,Copper,50,50,50,50
130744,"Lincoln Telephone Company, Inc.",50,Fiber to the Premises,1335,1437,1335,1437
130745,Lincolnville Telephone Company,10,Copper,6532,7124,6531,7123
130745,Lincolnville Telephone Company,50,Fiber to the Premises,11214,13435,11213,13435
130746,"Lintel, Inc.",10,Copper,1075,1085,1075,1085
130746,"Lintel, Inc.",40,Cable,3895,3932,3895,3932
130746,"Lintel, Inc.",50,Fiber to the Premises,10515,11276,10515,11276
130747,Lipan Telecommunications Inc.,10,Copper,1727,1733,1727,1733
130747,Lipan Telecommunications Inc.,50,Fiber to the Premises,1271,1523,1271,1523
130748,Lismore Cooperative Telephone Company,50,Fiber to the Premises,1300,1323,1300,1323
130748,Lismore Cooperative Telephone Company,70,Unlicensed Fixed Wireless,3489,4250,3489,4250
130754,"Logan Telephone Cooperative, Inc.",50,Fiber to the Premises,8699,8984,8699,8984
130755,"Logix Communications, LP",0,Other,0,0,877,4786
130755,"Logix Communications, LP",50,Fiber to the Premises,0,0,840,7123
130756,Lone Rock Cooperative Telephone Company,50,Fiber to the Premises,326,329,326,329
130757,Long Lines,10,Copper,205,280,115,121
130757,Long Lines,40,Cable,15603,18414,1983,3091
130757,Long Lines,50,Fiber to the Premises,9959,11384,1140,1845
130757,Long Lines,70,Unlicensed Fixed Wireless,7,7,1,1
130759,Lost Nation-Elwood Telephone Company,50,Fiber to the Premises,1159,1194,1159,1194
130766,Lynnville Telephone Company,50,Fiber to the Premises,447,470,72,75
130767,Mabel Cooperative Telephone Company,50,Fiber to the Premises,2048,2121,2048,2121
130768,MADCO Holding Company,50,Fiber to the Premises,4960,5046,4960,5046
130769,"Schwartz Ventures, Inc.",10,Copper,589,731,589,731
130769,"Schwartz Ventures, Inc.",40,Cable,8425,9268,8425,9268
130769,"Schwartz Ventures, Inc.",50,Fiber to the Premises,8831,9789,8831,9789
130771,"Madison Telephone, LLC",50,Fiber to the Premises,2133,2263,2133,2263
130771,"Madison Telephone, LLC",70,Unlicensed Fixed Wireless,56,56,56,56
130771,"Madison Telephone, LLC",72,LBR Fixed Wireless,4421,4578,4421,4578
130772,"Magazine Telephone Company, Inc.",10,Copper,365,370,365,370
130772,"Magazine Telephone Company, Inc.",50,Fiber to the Premises,894,897,894,897
130772,"Magazine Telephone Company, Inc.",70,Unlicensed Fixed Wireless,17,50,17,50
130774,"Mahaska Communication Group, LLC",50,Fiber to the Premises,25501,29752,25501,29752
130774,"Mahaska Communication Group, LLC",70,Unlicensed Fixed Wireless,1557,1577,1557,1577
130777,Manchester-Hartland Telephone Company,50,Fiber to the Premises,615,623,615,623
130780,"Margaretville Telephone Company, Inc.",50,Fiber to the Premises,1775,1818,1775,1818
130781,Mark Twain Rural Telephone Company,10,Copper,3400,3559,3400,3559
130781,Mark Twain Rural Telephone Company,50,Fiber to the Premises,7035,7269,7035,7269
130781,Mark Twain Rural Telephone Company,70,Unlicensed Fixed Wireless,2313,2396,2313,2396
130781,Mark Twain Rural Telephone Company,71,Licensed Fixed Wireless,33092,36179,33092,36179
130782,Marne & Elk Horn Telephone Company,50,Fiber to the Premises,6016,6523,6016,6523
130783,"Marquette-Adams Telephone Cooperative, Inc.",50,Fiber to the Premises,14297,15559,14297,15559
130784,"Martell Enterprises, Inc.",10,Copper,7339,7998,7339,7998
130784,"Martell Enterprises, Inc.",40,Cable,652,742,652,742
130784,"Martell Enterprises, Inc.",50,Fiber to the Premises,791,848,792,849
130785,Martelle Cooperative Telephone Association,10,Copper,109,110,108,109
130785,Martelle Cooperative Telephone Association,40,Cable,975,978,975,978
130785,Martelle Cooperative Telephone Association,50,Fiber to the Premises,100,100,99,99
130786,Palisade America's Investment LLC,10,Copper,24240,27890,3387,6898
130786,Palisade America's Investment LLC,40,Cable,89140,109378,6230,17836
130786,Palisade America's Investment LLC,50,Fiber to the Premises,5573,7209,2214,3281
130787,Massena Telephone Company,50,Fiber to the Premises,1434,1640,1434,1640
130787,Massena Telephone Company,71,Licensed Fixed Wireless,203,203,0,0
130788,"Massillon Cable TV, Inc.",40,Cable,20621,27841,20621,27841
130788,"Massillon Cable TV, Inc.",50,Fiber to the Premises,74037,81359,74314,81797
130791,"Matanuska Telecom Association, Inc.",10,Copper,51860,58841,5211,8696
130791,"Matanuska Telecom Association, Inc.",50,Fiber to the Premises,16618,19071,1775,3457
130794,"NBVDS Investment, LLC",10,Copper,18584,18954,18584,18954
130794,"NBVDS Investment, LLC",50,Fiber to the Premises,15297,16508,15297,16508
130794,"NBVDS Investment, LLC",71,Licensed Fixed Wireless,29137,33737,29137,33737
130795,Court Square Capital Partners,10,Copper,31684,47286,31684,47286
130795,Court Square Capital Partners,50,Fiber to the Premises,21035,29728,21441,31256
130796,McClure Telephone Company,50,Fiber to the Premises,2622,2680,2622,2680
130797,"TrioTel Communications, Inc.",50,Fiber to the Premises,3565,3614,3565,3614
130798,McDonald County Telephone Company,10,Copper,21,70,21,70
130798,McDonald County Telephone Company,50,Fiber to the Premises,3582,3725,3583,3726
130799,McDonough Telephone Cooperative Inc.,50,Fiber to the Premises,14286,16494,2788,3725
130802,"McNabb Communications, Inc.",50,Fiber to the Premises,610,623,610,623
130803,Mechanicsville Telephone Company,50,Fiber to the Premises,1915,1952,1915,1952
130804,Mediacom Communications Corp.,40,Cable,2630801,3283159,2630801,3283159
130804,Mediacom Communications Corp.,50,Fiber to the Premises,150837,213663,150837,213663
130804,Mediacom Communications Corp.,71,Licensed Fixed Wireless,96416,119613,96416,119613
130805,MTC Technologies,50,Fiber to the Premises,2942,3041,2942,3041
130805,MTC Technologies,70,Unlicensed Fixed Wireless,228,230,228,230
130810,"Mescalero Apache Telecom, Inc.",50,Fiber to the Premises,1486,2236,1486,2236
130814,"MGW Communications, Inc.",10,Copper,806,830,806,830
130814,"MGW Communications, Inc.",50,Fiber to the Premises,6301,8127,6301,8127
130814,"MGW Communications, Inc.",70,Unlicensed Fixed Wireless,20603,23033,20603,23033
130817,"Micrologic, Inc.",50,Fiber to the Premises,9544,9891,9544,9891
130817,"Micrologic, Inc.",70,Unlicensed Fixed Wireless,54127,57915,54127,57915
130819,Mid Century Telephone Co-operative,10,Copper,344,346,344,346
130819,Mid Century Telephone Co-operative,50,Fiber to the Premises,23145,25157,23145,25157
130821,Midcontinent Communications,40,Cable,529137,750461,529137,750461
130821,Midcontinent Communications,50,Fiber to the Premises,121807,149663,121807,149663
130821,Midcontinent Communications,71,Licensed Fixed Wireless,314088,375123,314088,375123
130825,"Mid-Plains Rural Telephone Cooperative, Inc.",50,Fiber to the Premises,9279,9818,9279,9818
130826,"Mid-Rivers Telephone Cooperative, Inc.",10,Copper,404,437,404,437
130826,"Mid-Rivers Telephone Cooperative, Inc.",40,Cable,12179,14956,12179,14956
130826,"Mid-Rivers Telephone Cooperative, Inc.",50,Fiber to the Premises,12113,13397,12113,13397
130826,"Mid-Rivers Telephone Cooperative, Inc.",71,Licensed Fixed Wireless,33,35,33,35
130828,"Midstate Communications, Inc. (SD)",50,Fiber to the Premises,7546,8298,7546,8298
130829,"Mid-States Services, LLC",50,Fiber to the Premises,4832,5133,690,853
130829,"Mid-States Services, LLC",70,Unlicensed Fixed Wireless,268,297,73,80
130831,Midvale Telephone Exchange,10,Copper,4107,4779,4107,4779
130831,Midvale Telephone Exchange,50,Fiber to the Premises,3543,3716,3637,3968
130831,Midvale Telephone Exchange,70,Unlicensed Fixed Wireless,40993,47179,40993,47179
130831,Midvale Telephone Exchange,72,LBR Fixed Wireless,3994,4575,3994,4575
130833,McCammon Enterprises,70,Unlicensed Fixed Wireless,223,227,25,30
130834,"Midwest Telecom of America, Inc.",70,Unlicensed Fixed Wireless,161,174,2,2
130837,Miles Cooperative Telephone Association,50,Fiber to the Premises,4485,5588,4485,5588
130839,"Milford Communications, LLC",50,Fiber to the Premises,2454,2917,2454,2917
130844,Millry Corporation,10,Copper,1706,1884,1706,1884
130844,Millry Corporation,50,Fiber to the Premises,7234,7813,7234,7813
130845,Minburn Telephone Company,50,Fiber to the Premises,3423,4006,3423,4006
130845,Minburn Telephone Company,70,Unlicensed Fixed Wireless,7727,8892,7727,8892
130846,"Minerva Valley Telephone Company, Inc.",50,Fiber to the Premises,1040,1080,1040,1080
130847,Minford Telephone Company,50,Fiber to the Premises,4664,4903,4664,4903
130849,Modern Cooperative Telephone Company,50,Fiber to the Premises,1547,1558,1547,1558
130850,Molalla Communications Company,50,Fiber to the Premises,6371,7289,6371,7289
130851,"Mon-Cre Telephone Cooperative, Inc.",50,Fiber to the Premises,6023,6454,6023,6454
130852,Monitor Cooperative Telephone Company,50,Fiber to the Premises,521,578,69,70
130853,Monon Telephone Company Inc.,50,Fiber to the Premises,2381,2430,2381,2430
130854,Monroe Telephone Company,10,Copper,365,390,365,390
130854,Monroe Telephone Company,50,Fiber to the Premises,1435,1846,1435,1846
130856,Griggs County Telephone Company,50,Fiber to the Premises,5509,5971,5509,5971
130860,The Moundridge Telephone Company,50,Fiber to the Premises,2240,2426,2240,2426
130862,Mount Horeb Telephone Company,10,Copper,2577,3116,2577,3116
130862,Mount Horeb Telephone Company,50,Fiber to the Premises,5332,6519,5332,6519
130862,Mount Horeb Telephone Company,70,Unlicensed Fixed Wireless,2248,2623,2248,2623
130862,Mount Horeb Telephone Company,72,LBR Fixed Wireless,159,210,159,210
130865,"Mountain Rural Telephone Cooperative Corporation, Inc.",50,Fiber to the Premises,19539,20906,19539,20906
130872,MTCO Corporation,10,Copper,3914,4392,3914,4392
130872,MTCO Corporation,50,Fiber to the Premises,11538,12889,11538,12889
130874,"Mud Lake Telephone Cooperative Association, Inc.",10,Copper,233,233,233,233
130874,"Mud Lake Telephone Cooperative Association, Inc.",50,Fiber to the Premises,1247,1320,1247,1320
130874,"Mud Lake Telephone Cooperative Association, Inc.",70,Unlicensed Fixed Wireless,204,205,204,205
130875,Mulberry Cooperative Telephone Co. Inc.,50,Fiber to the Premises,6484,6716,6484,6716
130877,Mutual Telephone Company (IA),10,Copper,1115,1440,1115,1440
130877,Mutual Telephone Company (IA),40,Cable,6137,6684,6137,6684
130877,Mutual Telephone Company (IA),50,Fiber to the Premises,41471,46729,41474,46732
130878,"Mutual Telephone Company of Morning Sun, Iowa",10,Copper,1042,1067,1042,1067
130878,"Mutual Telephone Company of Morning Sun, Iowa",50,Fiber to the Premises,1194,1205,1194,1205
130878,"Mutual Telephone Company of Morning Sun, Iowa",70,Unlicensed Fixed Wireless,10013,10185,10013,10185
130880,"Myakka Communications, Inc.",50,Fiber to the Premises,4950,6367,4950,6367
130882,"NATCO Communications, Inc.",10,Copper,7577,7871,7577,7871
130882,"NATCO Communications, Inc.",50,Fiber to the Premises,5573,6061,5573,6061
130885,North Dakota Telephone Company,50,Fiber to the Premises,17498,20023,17498,20023
130886,"NE Colorado Cellular, Inc.",50,Fiber to the Premises,905,971,312,365
130886,"NE Colorado Cellular, Inc.",70,Unlicensed Fixed Wireless,21375,24284,21375,24284
130886,"NE Colorado Cellular, Inc.",72,LBR Fixed Wireless,91787,102379,91787,102379
130887,"Nedelco, Inc.",10,Copper,137,154,137,154
130887,"Nedelco, Inc.",50,Fiber to the Premises,7357,7625,7360,7628
130887,"Nedelco, Inc.",70,Unlicensed Fixed Wireless,39533,48067,39533,48067
130889,Nelson Telephone Cooperative,40,Cable,972,1313,972,1313
130889,Nelson Telephone Cooperative,50,Fiber to the Premises,4984,5867,4984,5867
130890,"Nemont Telephone Cooperative, Inc.",10,Copper,12060,13359,12060,13359
130890,"Nemont Telephone Cooperative, Inc.",50,Fiber to the Premises,12564,13910,12564,13910
130890,"Nemont Telephone Cooperative, Inc.",70,Unlicensed Fixed Wireless,3675,4405,3675,4405
130890,"Nemont Telephone Cooperative, Inc.",71,Licensed Fixed Wireless,9046,9646,9046,9646
130892,"NetCarrier Telecom, Inc.",10,Copper,0,0,1,1
130892,"NetCarrier Telecom, Inc.",50,Fiber to the Premises,0,0,62,278
130901,New Hope Telephone Cooperative (VA),50,Fiber to the Premises,1070,1075,1070,1075
130902,"New Hope Telephone Cooperative, Inc. (AL)",50,Fiber to the Premises,11107,11745,11107,11745
130903,"New Knoxville Telephone Company/GoldStar Communications, LLC",10,Copper,286,286,286,286
130903,"New Knoxville Telephone Company/GoldStar Communications, LLC",40,Cable,156,163,156,163
130903,"New Knoxville Telephone Company/GoldStar Communications, LLC",50,Fiber to the Premises,26067,28934,32087,39866
130903,"New Knoxville Telephone Company/GoldStar Communications, LLC",70,Unlicensed Fixed Wireless,41108,43262,41108,43262
130904,"New Lisbon Telephone Company, Inc.",50,Fiber to the Premises,8569,9698,9676,10839
130904,"New Lisbon Telephone Company, Inc.",70,Unlicensed Fixed Wireless,7498,7909,7498,7909
130905,"New Paris Telephone Company, Inc.",10,Copper,2723,2785,2723,2785
130905,"New Paris Telephone Company, Inc.",40,Cable,7489,9190,7489,9190
130905,"New Paris Telephone Company, Inc.",50,Fiber to the Premises,24699,29387,24699,29387
130906,"Nuvera Communications, Inc.",10,Copper,21863,26828,21863,26828
130906,"Nuvera Communications, Inc.",40,Cable,1574,1655,1574,1655
130906,"Nuvera Communications, Inc.",50,Fiber to the Premises,40111,47184,40111,47184
130906,"Nuvera Communications, Inc.",70,Unlicensed Fixed Wireless,4696,5091,4696,5091
130906,"Nuvera Communications, Inc.",71,Licensed Fixed Wireless,12742,14343,12742,14343
130906,"Nuvera Communications, Inc.",72,LBR Fixed Wireless,5025,5532,5025,5532
130908,"New Windsor Communications, Inc.",50,Fiber to the Premises,1432,1463,1432,1463
130915,"Next Metro, LLC",50,Fiber to the Premises,0,0,8,132
130919,Wittenberg Telephone Company,40,Cable,505,559,505,559
130919,Wittenberg Telephone Company,50,Fiber to the Premises,6717,7415,6717,7415
130919,Wittenberg Telephone Company,70,Unlicensed Fixed Wireless,846,945,846,945
130921,NITCO Holding Corporation,10,Copper,10674,11268,10674,11268
130921,NITCO Holding Corporation,40,Cable,2806,3068,2806,3068
130921,NITCO Holding Corporation,50,Fiber to the Premises,8577,13156,8613,13242
130921,NITCO Holding Corporation,70,Unlicensed Fixed Wireless,121872,145184,121871,145183
130925,Nortex Communications,10,Copper,300,303,300,303
130925,Nortex Communications,50,Fiber to the Premises,26115,27674,26115,27674
130926,North Carolina RSA 3 Cellular Telephone Company,71,Licensed Fixed Wireless,343348,419429,343348,419429
130929,"North Central Telephone Cooperative, Inc.",50,Fiber to the Premises,66713,69938,66713,69938
130930,North English Cooperative Telephone Company,10,Copper,533,559,533,559
130930,North English Cooperative Telephone Company,50,Fiber to the Premises,846,873,846,873
130937,"Northeast Communications of Wisconsin, Inc.",10,Copper,26085,28707,26085,28707
130937,"Northeast Communications of Wisconsin, Inc.",50,Fiber to the Premises,10491,12914,10543,12970
130937,"Northeast Communications of Wisconsin, Inc.",71,Licensed Fixed Wireless,58894,70090,7696,13066
130938,Northeast Iowa Telephone Company,50,Fiber to the Premises,4234,4475,4234,4475
130938,Northeast Iowa Telephone Company,71,Licensed Fixed Wireless,68,101,68,101
130939,"Northeast Louisiana Telephone Co., Inc.",50,Fiber to the Premises,1779,2001,395,466
130940,Northeast Missouri Rural Telephone Company,50,Fiber to the Premises,14458,15394,14458,15394
130941,Northeast Nebraska Telephone Company,50,Fiber to the Premises,11712,11876,11712,11876
130944,Northern Telephone Company/Wilderness Valley Telephone Company,10,Copper,11,11,11,11
130944,Northern Telephone Company/Wilderness Valley Telephone Company,50,Fiber to the Premises,162,162,162,162
130945,"Northern Telephone Cooperative, Inc.",50,Fiber to the Premises,1207,1291,500,524
130950,Northwest Communications Cooperative,10,Copper,11074,19460,11074,19460
130950,Northwest Communications Cooperative,50,Fiber to the Premises,18916,28577,18916,28577
130953,Northwest Communications Cooperative Association,10,Copper,576,591,576,591
130953,Northwest Communications Cooperative Association,50,Fiber to the Premises,2071,2128,1146,1169
130953,Northwest Communications Cooperative Association,70,Unlicensed Fixed Wireless,10840,11232,10840,11232
130953,Northwest Communications Cooperative Association,71,Licensed Fixed Wireless,31849,33008,31849,33008
130956,"KCL Enterprises, Inc.",10,Copper,1732,1756,148,167
130962,Nucla-Naturita Telephone Company,10,Copper,1717,1954,1717,1954
130962,Nucla-Naturita Telephone Company,50,Fiber to the Premises,641,688,641,688
130962,Nucla-Naturita Telephone Company,71,Licensed Fixed Wireless,2446,2589,2446,2589
130963,Nunn Telephone Company,50,Fiber to the Premises,1147,1182,1147,1182
130964,"Nushagak Electric & Telephone Cooperative, Inc.",10,Copper,1175,1193,1175,1193
130964,"Nushagak Electric & Telephone Cooperative, Inc.",40,Cable,911,918,911,918
130967,OACYS Technology,50,Fiber to the Premises,478,528,478,528
130967,OACYS Technology,70,Unlicensed Fixed Wireless,14891,18784,14891,18784
130967,OACYS Technology,71,Licensed Fixed Wireless,62821,76517,62821,76517
130969,Ogden Telephone Company,50,Fiber to the Premises,5902,6330,5902,6330
130974,"Olin Telephone Company, Inc.",50,Fiber to the Premises,1494,1539,1494,1539
130976,Northland Telephone Systems,10,Copper,171,233,171,233
130976,Northland Telephone Systems,50,Fiber to the Premises,3628,4368,10641,25699
130977,"Oneida Telephone Exchange, Inc.",10,Copper,216,231,216,231
130977,"Oneida Telephone Exchange, Inc.",50,Fiber to the Premises,991,1052,991,1052
130979,Onslow Cooperative Telephone Association,50,Fiber to the Premises,273,281,273,281
130982,"Front Range Intermediate Holdings, Inc.",10,Copper,0,0,973,10837
130982,"Front Range Intermediate Holdings, Inc.",50,Fiber to the Premises,0,0,10930,101580
130983,Oran Mutual Telephone Company,50,Fiber to the Premises,404,411,404,411
130986,Oregon Telephone Corporation,10,Copper,13231,14348,13231,14348
130986,Oregon Telephone Corporation,40,Cable,1616,1986,1616,1986
130986,Oregon Telephone Corporation,50,Fiber to the Premises,21044,23804,25468,29059
130986,Oregon Telephone Corporation,72,LBR Fixed Wireless,1854,2364,1854,2364
130988,"Orlando Telephone Company, Inc.",10,Copper,19,653,1,310
130988,"Orlando Telephone Company, Inc.",40,Cable,3656,20194,128,1352
130988,"Orlando Telephone Company, Inc.",50,Fiber to the Premises,30775,67840,9397,50190
130989,Osage Municipal Utilities,40,Cable,1979,2094,1979,2094
130989,Osage Municipal Utilities,50,Fiber to the Premises,268,268,268,268
130989,Osage Municipal Utilities,70,Unlicensed Fixed Wireless,618,621,618,621
130993,"Firstlight Fiber, Inc.",10,Copper,6741,7917,316,639
130993,"Firstlight Fiber, Inc.",50,Fiber to the Premises,5081,6008,5884,32090
130996,"US Signal Company, LLC",10,Copper,0,0,356,2268
130996,"US Signal Company, LLC",50,Fiber to the Premises,0,0,126,346
130999,"NTT DoCoMo, Inc.",40,Cable,43465,64974,43465,64974
130999,"NTT DoCoMo, Inc.",50,Fiber to the Premises,5087,7387,5087,7387
130999,"NTT DoCoMo, Inc.",70,Unlicensed Fixed Wireless,19201,27871,19201,27871
131003,Palmer Mutual Telephone Company,50,Fiber to the Premises,403,409,403,409
131005,"Palmetto Rural Telephone Cooperative, Inc.",50,Fiber to the Premises,41495,45618,41495,45618
131006,Palo Cooperative Telephone Association,50,Fiber to the Premises,922,937,922,937
131007,"Panhandle Telephone Cooperative, Inc.",10,Copper,2502,2893,2502,2893
131007,"Panhandle Telephone Cooperative, Inc.",50,Fiber to the Premises,24057,26519,24057,26519
131007,"Panhandle Telephone Cooperative, Inc.",71,Licensed Fixed Wireless,496,518,496,518
131008,Panora Communications Cooperative,40,Cable,411,424,411,424
131008,Panora Communications Cooperative,50,Fiber to the Premises,5511,5673,5511,5673
131008,Panora Communications Cooperative,70,Unlicensed Fixed Wireless,65,65,0,0
131009,Park Region Mutual Telephone Company,10,Copper,7164,7578,7164,7578
131009,Park Region Mutual Telephone Company,50,Fiber to the Premises,10526,24527,10526,24527
131009,Park Region Mutual Telephone Company,70,Unlicensed Fixed Wireless,9,9,9,9
131009,Park Region Mutual Telephone Company,71,Licensed Fixed Wireless,438,2492,438,2492
131010,Partner Communications Cooperative,10,Copper,3090,3349,3090,3349
131010,Partner Communications Cooperative,50,Fiber to the Premises,4101,4363,4101,4363
131011,"PATHWAYZ Communications, Inc.",50,Fiber to the Premises,16276,25051,16276,25051
131013,Pattersonville Telephone Company (NY),10,Copper,651,736,651,736
131013,Pattersonville Telephone Company (NY),50,Fiber to the Premises,559,583,559,583
131014,Paul Bunyan Rural Telephone Cooperative,10,Copper,9757,12607,9757,12607
131014,Paul Bunyan Rural Telephone Cooperative,50,Fiber to the Premises,62651,67190,62651,67190
131016,"PCC Holdings, Inc.",50,Fiber to the Premises,41929,46403,41929,46403
131016,"PCC Holdings, Inc.",70,Unlicensed Fixed Wireless,1594738,1989235,1594738,1989235
131019,Peace Valley Telephone Company,10,Copper,125,142,125,142
131019,Peace Valley Telephone Company,72,LBR Fixed Wireless,313,349,313,349
131021,The Peetz Cooperative Telephone Company,50,Fiber to the Premises,246,250,246,250
131021,The Peetz Cooperative Telephone Company,70,Unlicensed Fixed Wireless,1270,1320,1270,1320
131023,"Pembroke Telephone Company, Inc.",50,Fiber to the Premises,8161,9038,8161,9038
131024,Pembroke Telephone Cooperative,10,Copper,1745,1786,1745,1786
131024,Pembroke Telephone Cooperative,50,Fiber to the Premises,2110,2291,2110,2291
131025,"Penasco Valley Telephone Cooperative, Inc.",10,Copper,2481,2730,2481,2730
131025,"Penasco Valley Telephone Cooperative, Inc.",40,Cable,8632,10075,8632,10075
131025,"Penasco Valley Telephone Cooperative, Inc.",50,Fiber to the Premises,2947,3721,2947,3721
131025,"Penasco Valley Telephone Cooperative, Inc.",70,Unlicensed Fixed Wireless,9520,11109,9520,11109
131026,"Pencor Services, Inc.",10,Copper,3495,3677,3495,3677
131026,"Pencor Services, Inc.",40,Cable,183744,208087,631415,767690
131026,"Pencor Services, Inc.",50,Fiber to the Premises,71566,79720,101635,116059
131027,Pennsylvania Telephone Company,10,Copper,245,253,44,44
131027,Pennsylvania Telephone Company,50,Fiber to the Premises,917,990,204,211
131029,"Peoples Rural Telephone Cooperative Corporation, Inc.",50,Fiber to the Premises,18266,18793,18266,18793
131030,"Peoples Telecommunications, LLC",10,Copper,241,241,241,241
131030,"Peoples Telecommunications, LLC",50,Fiber to the Premises,4688,5076,4688,5076
131031,Peoples Telephone Cooperative,10,Copper,21322,21807,21322,21807
131031,Peoples Telephone Cooperative,50,Fiber to the Premises,54161,60126,82920,93938
131031,Peoples Telephone Cooperative,70,Unlicensed Fixed Wireless,16748,17874,16748,17874
131031,Peoples Telephone Cooperative,71,Licensed Fixed Wireless,114979,122620,114979,122620
131032,"Perry-Spencer Rural Telephone Cooperative, Inc.",50,Fiber to the Premises,22676,24109,22676,24109
131034,Phillips County Telephone Company,40,Cable,951,1065,951,1065
131034,Phillips County Telephone Company,50,Fiber to the Premises,2858,3255,2858,3255
131034,Phillips County Telephone Company,71,Licensed Fixed Wireless,55,61,55,61
131034,Phillips County Telephone Company,72,LBR Fixed Wireless,573,592,573,592
131036,"Piedmont Rural Telephone Cooperative, Inc.",10,Copper,3782,4605,3782,4605
131036,"Piedmont Rural Telephone Cooperative, Inc.",50,Fiber to the Premises,17471,19694,17471,19694
131037,"Pierce Telecommunications, Inc.",10,Copper,1664,1685,1664,1685
131037,"Pierce Telecommunications, Inc.",50,Fiber to the Premises,1118,1201,1118,1201
131038,Pine Belt Communications Co. Inc.,0,Other,0,0,1,1
131038,Pine Belt Communications Co. Inc.,40,Cable,2807,3294,2807,3294
131038,Pine Belt Communications Co. Inc.,50,Fiber to the Premises,6481,7429,6481,7429
131039,Pine Telephone Company,10,Copper,151,151,151,151
131039,Pine Telephone Company,50,Fiber to the Premises,21787,22935,21787,22935
131039,Pine Telephone Company,71,Licensed Fixed Wireless,47489,49926,47489,49926
131041,"Pineland Telephone Cooperative, Inc.",50,Fiber to the Premises,36524,40889,38247,42984
131042,Town of Pineville,10,Copper,590,1906,590,1906
131042,Town of Pineville,50,Fiber to the Premises,2476,3064,2476,3064
131043,"Pinpoint Holdings, Inc.",10,Copper,32,46,32,46
131043,"Pinpoint Holdings, Inc.",40,Cable,305,334,305,334
131043,"Pinpoint Holdings, Inc.",50,Fiber to the Premises,19028,20789,19028,20789
131043,"Pinpoint Holdings, Inc.",70,Unlicensed Fixed Wireless,216,221,216,221
131044,"Pioneer Telephone Association, Inc.",10,Copper,2617,2717,2617,2717
131044,"Pioneer Telephone Association, Inc.",40,Cable,5484,5724,5484,5724
131044,"Pioneer Telephone Association, Inc.",50,Fiber to the Premises,8686,9514,8686,9514
131044,"Pioneer Telephone Association, Inc.",71,Licensed Fixed Wireless,40,41,40,41
131045,Pioneer Telephone Cooperative (OK),10,Copper,60784,62108,60784,62108
131045,Pioneer Telephone Cooperative (OK),50,Fiber to the Premises,66019,70735,67477,72639
131045,Pioneer Telephone Cooperative (OK),70,Unlicensed Fixed Wireless,326,326,326,326
131046,Pioneer Telephone Cooperative (OR),10,Copper,11448,12968,11448,12968
131046,Pioneer Telephone Cooperative (OR),50,Fiber to the Premises,3893,4929,3893,4929
131046,Pioneer Telephone Cooperative (OR),70,Unlicensed Fixed Wireless,1077,1534,1077,1534
131047,Pioneer Telephone Holding Company,50,Fiber to the Premises,673,730,159,173
131049,"Plains Cooperative Telephone Association, Inc.",50,Fiber to the Premises,5149,5488,5149,5488
131050,Plainview Telephone Company Inc.,50,Fiber to the Premises,1266,1272,1266,1272
131050,Plainview Telephone Company Inc.,70,Unlicensed Fixed Wireless,287,289,287,289
131051,Plant Telephone Company,10,Copper,2608,3042,2608,3042
131051,Plant Telephone Company,40,Cable,7787,10975,7787,10975
131051,Plant Telephone Company,50,Fiber to the Premises,18986,20880,18986,20880
131052,"Planters Rural Telephone Cooperative, Inc.",50,Fiber to the Premises,19726,20844,1589,2097
131055,"Poka Lambro Telephone Cooperative, Inc.",40,Cable,3492,4137,3492,4137
131055,"Poka Lambro Telephone Cooperative, Inc.",50,Fiber to the Premises,25399,26972,25399,26972
131055,"Poka Lambro Telephone Cooperative, Inc.",70,Unlicensed Fixed Wireless,24,28,24,28
131055,"Poka Lambro Telephone Cooperative, Inc.",71,Licensed Fixed Wireless,15865,16740,15865,16740
131055,"Poka Lambro Telephone Cooperative, Inc.",72,LBR Fixed Wireless,6272,6970,6272,6970
131056,Polar Communication Mutual Aid Corporation,50,Fiber to the Premises,15637,16603,15637,16603
131057,"Ponderosa Communications, Inc.",10,Copper,13028,14416,13028,14416
131057,"Ponderosa Communications, Inc.",50,Fiber to the Premises,4186,4732,4186,4732
131057,"Ponderosa Communications, Inc.",70,Unlicensed Fixed Wireless,8989,9368,8989,9368
131057,"Ponderosa Communications, Inc.",72,LBR Fixed Wireless,542,562,542,562
131060,"TPC ACC Acquisition, LLC",10,Copper,10,10,10,10
131060,"TPC ACC Acquisition, LLC",40,Cable,21008,48810,21008,48810
131060,"TPC ACC Acquisition, LLC",50,Fiber to the Premises,57318,104973,57318,104973
131071,Preston Telephone Company,50,Fiber to the Premises,1799,1869,1799,1869
131073,"Progressive Rural Telephone Co-Op., Inc.",50,Fiber to the Premises,8627,8791,8627,8791
131074,"Progressive Voice & Data, Inc.",50,Fiber to the Premises,1418,1497,1418,1497
131075,"Project Mutual Telephone Cooperative Association, Inc.",10,Copper,10945,13047,10945,13047
131075,"Project Mutual Telephone Cooperative Association, Inc.",50,Fiber to the Premises,24367,30627,24367,30627
131075,"Project Mutual Telephone Cooperative Association, Inc.",71,Licensed Fixed Wireless,58,65,58,65
131076,"Public Service Communications, Inc.",10,Copper,4082,4257,4082,4257
131076,"Public Service Communications, Inc.",40,Cable,12114,13492,12114,13492
131076,"Public Service Communications, Inc.",50,Fiber to the Premises,13643,14484,13643,14484
131076,"Public Service Communications, Inc.",71,Licensed Fixed Wireless,55015,73461,55015,73461
131078,"Pulaski White Rural Telephone Cooperative, Inc.",50,Fiber to the Premises,9036,9449,9036,9449
131081,"Metronet Holdings, LLC",50,Fiber to the Premises,2612680,3052726,2612680,3052726
131085,"Radcliffe Telephone Company, Inc.",50,Fiber to the Premises,647,660,647,660
131086,"Ragland Telephone Co., Inc.",10,Copper,1726,1819,1726,1819
131086,"Ragland Telephone Co., Inc.",50,Fiber to the Premises,1151,1235,1151,1235
131087,"Rainbow Telecommunications Association, Inc.",40,Cable,5274,5869,5274,5869
131087,"Rainbow Telecommunications Association, Inc.",50,Fiber to the Premises,10807,12011,10807,12011
131089,Randolph Telephone Membership Corporation,10,Copper,9632,9856,9632,9856
131089,Randolph Telephone Membership Corporation,50,Fiber to the Premises,29338,30349,29338,30349
131090,"Range Telephone Cooperative, Inc.",10,Copper,9274,9820,9274,9820
131090,"Range Telephone Cooperative, Inc.",50,Fiber to the Premises,14574,16456,14574,16456
131090,"Range Telephone Cooperative, Inc.",70,Unlicensed Fixed Wireless,7474,8166,7474,8166
131090,"Range Telephone Cooperative, Inc.",72,LBR Fixed Wireless,6676,8009,6676,8009
131096,Readlyn Telephone Company,50,Fiber to the Premises,934,960,934,960
131097,Red River Rural Telephone Association,10,Copper,2,3,2,3
131097,Red River Rural Telephone Association,50,Fiber to the Premises,11535,13469,11535,13469
131097,Red River Rural Telephone Association,71,Licensed Fixed Wireless,898,918,898,918
131097,Red River Rural Telephone Association,72,LBR Fixed Wireless,4769,6521,4769,6521
131100,Reedsburg Utility Commission,50,Fiber to the Premises,12532,15838,12532,15838
131102,Reservation Telephone Cooperative,10,Copper,827,844,827,844
131102,Reservation Telephone Cooperative,50,Fiber to the Premises,19129,23650,19129,23650
131103,"Reserve Holdings, Inc.",40,Cable,33367,39041,33367,39041
131103,"Reserve Holdings, Inc.",50,Fiber to the Premises,102,105,102,105
131106,Reynolds Telephone Company,50,Fiber to the Premises,2228,2428,2228,2428
131106,Reynolds Telephone Company,70,Unlicensed Fixed Wireless,67,78,67,78
131108,"Smithville Holding Company, Inc.",10,Copper,9598,9649,1046,1089
131108,"Smithville Holding Company, Inc.",50,Fiber to the Premises,29729,34105,2301,4445
131109,"Richland-Grant Telephone Cooperative, Inc.",10,Copper,1498,1824,152,430
131109,"Richland-Grant Telephone Cooperative, Inc.",50,Fiber to the Premises,6044,7642,1867,2550
131113,Ringgold Telephone Company,10,Copper,4032,4627,4032,4627
131113,Ringgold Telephone Company,50,Fiber to the Premises,11811,13417,11811,13417
131114,Ringsted Telephone Company,10,Copper,14,17,14,17
131114,Ringsted Telephone Company,50,Fiber to the Premises,1713,1751,1713,1751
131116,River Valley Telecommunications Cooperative,50,Fiber to the Premises,1896,1964,1896,1964
131117,"Riviera Telephone Company, Inc.",10,Copper,1196,1296,1196,1296
131117,"Riviera Telephone Company, Inc.",50,Fiber to the Premises,622,687,622,687
131117,"Riviera Telephone Company, Inc.",70,Unlicensed Fixed Wireless,272,308,272,308
131117,"Riviera Telephone Company, Inc.",71,Licensed Fixed Wireless,10404,14396,10404,14396
131118,RJB Telecommunications Corp.,40,Cable,8501,9536,8501,9536
131118,RJB Telecommunications Corp.,50,Fiber to the Premises,5414,5928,5414,5928
131122,Roberts County Telephone Cooperative Association,50,Fiber to the Premises,3607,3707,3607,3707
131122,Roberts County Telephone Cooperative Association,72,LBR Fixed Wireless,15,15,15,15
131123,Robinson Communications Corporation,10,Copper,1226,1320,1226,1320
131123,Robinson Communications Corporation,50,Fiber to the Premises,603,621,603,621
131124,"Rochester Telephone Company, Inc.",50,Fiber to the Premises,20613,21175,20613,21175
131124,"Rochester Telephone Company, Inc.",70,Unlicensed Fixed Wireless,3170,3257,3170,3257
131124,"Rochester Telephone Company, Inc.",72,LBR Fixed Wireless,1735,1752,1735,1752
131125,"Comporium, Inc.",10,Copper,9886,10810,9886,10810
131125,"Comporium, Inc.",40,Cable,98549,120254,98549,120254
131125,"Comporium, Inc.",50,Fiber to the Premises,100254,115734,100254,115734
131126,Rock Port Telephone Company,10,Copper,1094,1120,1094,1120
131126,Rock Port Telephone Company,40,Cable,1034,1042,1034,1042
131126,Rock Port Telephone Company,50,Fiber to the Premises,3756,3849,3756,3849
131126,Rock Port Telephone Company,70,Unlicensed Fixed Wireless,5057,5144,5057,5144
131127,Rockwell Cooperative Telephone Association,50,Fiber to the Premises,2397,2530,2397,2530
131128,Roggen Telephone Cooperative Company,50,Fiber to the Premises,437,478,437,478
131128,Roggen Telephone Cooperative Company,70,Unlicensed Fixed Wireless,4974,5247,4974,5247
131129,"CommunityTel, Inc.",10,Copper,2017,2589,2017,2589
131129,"CommunityTel, Inc.",40,Cable,4368,5086,4368,5086
131129,"CommunityTel, Inc.",50,Fiber to the Premises,5486,8302,5486,8302
131129,"CommunityTel, Inc.",70,Unlicensed Fixed Wireless,8221,10101,8221,10101
131130,Roome Telecommunications Inc.,10,Copper,641,665,641,665
131130,Roome Telecommunications Inc.,40,Cable,331,355,331,355
131130,Roome Telecommunications Inc.,50,Fiber to the Premises,9,9,9,9
131131,"Roosevelt County Rural Telephone Cooperative, Inc.",10,Copper,15,20,15,20
131131,"Roosevelt County Rural Telephone Cooperative, Inc.",50,Fiber to the Premises,9089,10131,9089,10131
131131,"Roosevelt County Rural Telephone Cooperative, Inc.",70,Unlicensed Fixed Wireless,211,275,211,275
131135,Royal Telephone Company,50,Fiber to the Premises,630,645,630,645
131139,Runestone Telephone Association,10,Copper,1,1,1,1
131139,Runestone Telephone Association,50,Fiber to the Premises,10601,11174,10601,11174
131139,Runestone Telephone Association,70,Unlicensed Fixed Wireless,12,17,12,17
131141,Rural Telephone Service Company,50,Fiber to the Premises,55252,62369,58889,67118
131141,Rural Telephone Service Company,70,Unlicensed Fixed Wireless,9118,9368,9118,9368
131141,Rural Telephone Service Company,71,Licensed Fixed Wireless,7576,8479,7576,8479
131141,Rural Telephone Service Company,72,LBR Fixed Wireless,17720,20295,17720,20295
131145,S&T Telephone Cooperative Association,40,Cable,5113,6147,5113,6147
131145,S&T Telephone Cooperative Association,50,Fiber to the Premises,6576,6793,6576,6793
131145,S&T Telephone Cooperative Association,70,Unlicensed Fixed Wireless,14852,16619,14852,16619
131145,S&T Telephone Cooperative Association,72,LBR Fixed Wireless,13253,15944,13253,15944
131146,Sac County Mutual Telephone Company,50,Fiber to the Premises,1861,1885,1861,1885
131148,Saddleback Communications Inc.,10,Copper,472,1021,472,1021
131148,Saddleback Communications Inc.,50,Fiber to the Premises,1635,2257,1635,2257
131148,Saddleback Communications Inc.,71,Licensed Fixed Wireless,0,0,3,10
131152,Salina Spavinaw Telephone Company Inc.,10,Copper,65,65,10,10
131152,Salina Spavinaw Telephone Company Inc.,50,Fiber to the Premises,7964,8198,1363,1461
131157,Sand Creek Communications Company,50,Fiber to the Premises,1370,1371,87,87
131158,"Sandhill Telephone Cooperative, Inc.",10,Copper,4244,4505,4244,4505
131158,"Sandhill Telephone Cooperative, Inc.",40,Cable,7228,8936,7228,8936
131158,"Sandhill Telephone Cooperative, Inc.",50,Fiber to the Premises,20910,23935,20910,23935
131161,"Waimana Enterprises, Inc.",10,Copper,20,20,0,0
131161,"Waimana Enterprises, Inc.",50,Fiber to the Premises,61,61,2,2
131162,"Santa Rosa Telephone Cooperative, Inc.",10,Copper,7206,7577,7206,7577
131162,"Santa Rosa Telephone Cooperative, Inc.",50,Fiber to the Premises,35091,39664,35091,39664
131162,"Santa Rosa Telephone Cooperative, Inc.",70,Unlicensed Fixed Wireless,9242,10214,9242,10214
131162,"Santa Rosa Telephone Cooperative, Inc.",72,LBR Fixed Wireless,79257,91406,79257,91406
131163,Santel Communications Cooperative,50,Fiber to the Premises,9749,10254,9749,10254
131165,Scatter Creek Ltd.,10,Copper,4497,4725,4497,4725
131165,Scatter Creek Ltd.,50,Fiber to the Premises,2360,2507,2360,2507
131166,Schaller Telephone Company,50,Fiber to the Premises,1885,1906,1885,1906
131167,"Schurz Communications, Inc.",40,Cable,90246,103802,91418,105876
131167,"Schurz Communications, Inc.",50,Fiber to the Premises,69514,99764,70298,100927
131168,Scio Mutual Telephone Association,50,Fiber to the Premises,1940,1976,1935,1971
131169,Cypress Break,10,Copper,296,297,296,297
131169,Cypress Break,50,Fiber to the Premises,111,111,111,111
131170,Scott County Telephone Cooperative,10,Copper,1,1,1,1
131170,Scott County Telephone Cooperative,50,Fiber to the Premises,47277,51894,47277,51894
131171,Scranton Telephone Company,50,Fiber to the Premises,552,566,552,566
131172,Searsboro Telephone Company,50,Fiber to the Premises,233,238,45,45
131173,Sebastian Enterprises,10,Copper,8600,9944,8600,9944
131173,Sebastian Enterprises,50,Fiber to the Premises,7410,8269,7410,8269
131173,Sebastian Enterprises,70,Unlicensed Fixed Wireless,963,992,963,992
131175,Selectronics Corporation,10,Copper,4903,5979,4903,5979
131175,Selectronics Corporation,50,Fiber to the Premises,11289,13499,11289,13499
131179,Sharon Telephone Company (IL & WI),50,Fiber to the Premises,2102,2534,2102,2534
131180,"Shawnee Communications, Inc.",50,Fiber to the Premises,12345,12936,12345,12936
131180,"Shawnee Communications, Inc.",70,Unlicensed Fixed Wireless,1471,1642,1471,1642
131180,"Shawnee Communications, Inc.",72,LBR Fixed Wireless,2067,2166,2067,2166
131181,Shenandoah Telecommunications Company,10,Copper,2510,2542,2510,2542
131181,Shenandoah Telecommunications Company,40,Cable,170168,194708,170168,194708
131181,Shenandoah Telecommunications Company,50,Fiber to the Premises,360242,415491,360242,415491
131183,"Sherwood Mutual Telephone Association, Inc.",50,Fiber to the Premises,4962,5176,564,697
131186,Sierra Tel Communications Group,10,Copper,15430,16639,15430,16639
131186,Sierra Tel Communications Group,50,Fiber to the Premises,1317,1673,1317,1673
131190,"Horizon Communications, Inc.",10,Copper,13267,14381,13267,14381
131190,"Horizon Communications, Inc.",50,Fiber to the Premises,34801,46280,34801,46280
131190,"Horizon Communications, Inc.",70,Unlicensed Fixed Wireless,3085,3207,3085,3207
131191,"Simply Bits, LLC",70,Unlicensed Fixed Wireless,353243,492782,353243,492782
131194,"Siren Telephone Company, Inc.",10,Copper,2419,2693,2419,2693
131194,"Siren Telephone Company, Inc.",50,Fiber to the Premises,8843,9639,8843,9639
131195,"Siskiyou Communications, Inc.",10,Copper,1223,1302,1223,1302
131195,"Siskiyou Communications, Inc.",50,Fiber to the Premises,2990,3268,2990,3268
131197,Sjoberg's Inc.,40,Cable,10496,12592,10496,12592
131197,Sjoberg's Inc.,50,Fiber to the Premises,3933,4915,3934,4916
131199,Skyline Telephone Membership Corporation,10,Copper,23976,28124,23976,28124
131199,Skyline Telephone Membership Corporation,50,Fiber to the Premises,60122,67243,60122,67243
131206,"Smartcom Telephone, LLC",50,Fiber to the Premises,30929,47167,30929,47167
131207,"SmarterBroadband, LLC",70,Unlicensed Fixed Wireless,9524,12284,9524,12284
131207,"SmarterBroadband, LLC",71,Licensed Fixed Wireless,39054,48520,39054,48520
131208,"Smith Bagley, Inc.",70,Unlicensed Fixed Wireless,45017,50939,45017,50939
131208,"Smith Bagley, Inc.",71,Licensed Fixed Wireless,0,0,59,135
131211,"Consolidated Companies, Inc.",10,Copper,1091,1157,1091,1157
131211,"Consolidated Companies, Inc.",50,Fiber to the Premises,5931,6326,5931,6326
131214,South Arkansas Telephone Co.,50,Fiber to the Premises,5150,5182,21874,25689
131216,South Central Rural Telecommunications Cooperative Inc.,10,Copper,4335,4780,4335,4780
131216,South Central Rural Telecommunications Cooperative Inc.,50,Fiber to the Premises,33754,37256,33754,37256
131218,"South Central Telephone Association, Inc.",50,Fiber to the Premises,8175,8572,8175,8572
131219,"South Central Utah Telephone Association, Inc.",10,Copper,3140,3283,282,285
131219,"South Central Utah Telephone Association, Inc.",40,Cable,7506,8385,767,1060
131219,"South Central Utah Telephone Association, Inc.",50,Fiber to the Premises,31603,36586,4358,6230
131219,"South Central Utah Telephone Association, Inc.",70,Unlicensed Fixed Wireless,3966,4585,648,888
131221,"South Plains Telephone Cooperative, Inc.",50,Fiber to the Premises,7308,7545,7308,7545
131222,"South Slope Cooperative Telephone Company, Inc.",50,Fiber to the Premises,24009,35859,24009,35859
131223,"Southeast Nebraska Communications, Inc.",50,Fiber to the Premises,3985,4106,3985,4106
131225,Southeastern Indiana Rural Telephone Cooperative,50,Fiber to the Premises,8326,8711,8326,8711
131226,American Broadband Holding Company,10,Copper,24171,26897,5105,6245
131226,American Broadband Holding Company,40,Cable,6501,7333,1387,2023
131226,American Broadband Holding Company,50,Fiber to the Premises,50836,61882,4418,8239
131231,Southern Montana Telephone Company,50,Fiber to the Premises,1319,1355,1319,1355
131232,"Southwest Arkansas Telephone Cooperative, Inc.",50,Fiber to the Premises,7724,7829,7724,7829
131234,"Southwest Texas Telcom, Inc.",10,Copper,3884,3891,3884,3891
131234,"Southwest Texas Telcom, Inc.",50,Fiber to the Premises,3316,3327,3316,3327
131234,"Southwest Texas Telcom, Inc.",70,Unlicensed Fixed Wireless,1853,1858,1853,1858
131239,Spencer Municipal Communications Utility,50,Fiber to the Premises,4627,5920,696,1138
131240,Spring Grove Communications,50,Fiber to the Premises,1317,1359,1317,1359
131241,"Spring Valley Telephone Company, Inc.",50,Fiber to the Premises,1096,1219,1096,1219
131242,"Springcom, Inc.",10,Copper,2248,2422,2248,2422
131242,"Springcom, Inc.",40,Cable,2044,2187,2044,2187
131242,"Springcom, Inc.",50,Fiber to the Premises,977,1031,977,1031
131243,"Springville Cooperative Telephone Association, Inc.",10,Copper,530,579,530,579
131243,"Springville Cooperative Telephone Association, Inc.",50,Fiber to the Premises,1200,1249,1200,1249
131245,"Spruce Knob Seneca Rocks Telephone, Inc.",50,Fiber to the Premises,4505,4541,4505,4541
131246,"SRT Communications, Inc.",10,Copper,257,257,257,257
131246,"SRT Communications, Inc.",50,Fiber to the Premises,31296,40237,31296,40237
131247,"St. John Telephone, Inc.",50,Fiber to the Premises,2475,3108,2475,3108
131248,St. Paul Cooperative Telephone Association,50,Fiber to the Premises,330,334,214,215
131249,"Standard Tobacco Company, Inc.",40,Cable,7768,8984,7768,8984
131250,"Stanton Telecom, Inc.",50,Fiber to the Premises,1226,1262,1226,1262
131250,"Stanton Telecom, Inc.",70,Unlicensed Fixed Wireless,875,881,875,881
131252,Star Telephone Membership Corporation,10,Copper,8641,8675,8641,8675
131252,Star Telephone Membership Corporation,50,Fiber to the Premises,23219,23322,23219,23322
131255,"StarVision, Inc.",50,Fiber to the Premises,10652,10970,10652,10970
131257,"State Telephone Company, Inc.",10,Copper,1449,1899,1449,1899
131257,"State Telephone Company, Inc.",50,Fiber to the Premises,6385,7762,6385,7762
131259,Stayton Cooperative Telephone Company,10,Copper,1554,1822,1554,1822
131259,Stayton Cooperative Telephone Company,50,Fiber to the Premises,6784,7648,6784,7648
131260,"Steelville Telephone Exchange, Inc.",10,Copper,1616,1640,214,214
131260,"Steelville Telephone Exchange, Inc.",50,Fiber to the Premises,4192,4551,752,926
131261,Stelle Telephone Company,70,Unlicensed Fixed Wireless,53,55,53,55
131265,Stoneham Cooperative Telephone Corporation,50,Fiber to the Premises,119,121,119,121
131267,Stratford Mutual Telephone Company,50,Fiber to the Premises,4091,4579,4091,4579
131272,"Sunflower Enterprises, Inc.",10,Copper,379,474,379,474
131272,"Sunflower Enterprises, Inc.",50,Fiber to the Premises,1136,1254,1136,1254
131276,Superior Telephone Cooperative,50,Fiber to the Premises,178,187,178,187
131283,Surry Telephone Membership Corporation,10,Copper,14860,16017,14860,16017
131283,Surry Telephone Membership Corporation,40,Cable,6876,7185,6876,7185
131283,Surry Telephone Membership Corporation,50,Fiber to the Premises,25977,29764,25977,29764
131285,Fiberhawk,10,Copper,427,428,427,428
131285,Fiberhawk,50,Fiber to the Premises,4722,5184,4722,5184
131285,Fiberhawk,70,Unlicensed Fixed Wireless,2014,2175,2014,2175
131286,"Sweetser Rural Telephone Company, Inc.",10,Copper,1030,1101,1030,1101
131286,"Sweetser Rural Telephone Company, Inc.",50,Fiber to the Premises,3002,3214,3002,3214
131290,Sycamore Telephone Company,10,Copper,62,62,17,17
131290,Sycamore Telephone Company,50,Fiber to the Premises,2465,2506,442,458
131296,"Taylor Telephone Cooperative, Inc.",10,Copper,2845,2879,2845,2879
131296,"Taylor Telephone Cooperative, Inc.",50,Fiber to the Premises,15672,16235,15672,16235
131296,"Taylor Telephone Cooperative, Inc.",72,LBR Fixed Wireless,1234,1267,1234,1267
131302,"Telapex, Inc.",10,Copper,9172,10172,9172,10172
131302,"Telapex, Inc.",40,Cable,13396,16999,13396,16999
131302,"Telapex, Inc.",50,Fiber to the Premises,381067,440391,423607,533296
131302,"Telapex, Inc.",71,Licensed Fixed Wireless,843673,1069008,843673,1069008
131303,"TelAtlantic, Inc.",10,Copper,2001,2167,2001,2167
131303,"TelAtlantic, Inc.",50,Fiber to the Premises,2429,2620,2429,2620
131308,"Telefonica International Holding, BV",10,Copper,0,0,52,414
131308,"Telefonica International Holding, BV",50,Fiber to the Premises,0,0,130,1920
131309,"TeleGuam Holdings, Inc.",10,Copper,21243,28861,21243,28861
131309,"TeleGuam Holdings, Inc.",50,Fiber to the Premises,12908,18913,13953,21195
131309,"TeleGuam Holdings, Inc.",71,Licensed Fixed Wireless,33009,47105,33009,47105
131310,"Telephone and Data Systems, Inc.",10,Copper,237354,263056,237352,263054
131310,"Telephone and Data Systems, Inc.",40,Cable,309707,389494,309707,389494
131310,"Telephone and Data Systems, Inc.",50,Fiber to the Premises,851451,1066459,851451,1066459
131311,Telephone Electronics Corporation,10,Copper,31618,34233,5234,5798
131311,Telephone Electronics Corporation,50,Fiber to the Premises,45372,49209,7433,11216
131320,Terral Telephone Company,50,Fiber to the Premises,359,359,97,97
131320,Terral Telephone Company,70,Unlicensed Fixed Wireless,105,105,62,62
131321,Terril Telephone Cooperative,50,Fiber to the Premises,362,372,362,372
131328,"Thacker-Grigsby Telephone Company, Inc.",40,Cable,11740,14532,11740,14532
131328,"Thacker-Grigsby Telephone Company, Inc.",50,Fiber to the Premises,17553,21414,17553,21414
131329,The Champaign Telephone Company,10,Copper,5692,6058,5343,5703
131329,The Champaign Telephone Company,50,Fiber to the Premises,3220,3336,3094,3206
131329,The Champaign Telephone Company,70,Unlicensed Fixed Wireless,140,140,140,140
131330,Champlain Telephone Company,10,Copper,2454,2983,2454,2983
131330,Champlain Telephone Company,50,Fiber to the Premises,2285,2629,2285,2629
131332,The Conneaut Telephone Company,40,Cable,3346,3797,3346,3797
131332,The Conneaut Telephone Company,50,Fiber to the Premises,6120,6634,6120,6634
131337,The Hancock Telephone Company,50,Fiber to the Premises,1556,1825,212,332
131339,The Middleburgh Telephone Company,10,Copper,817,937,817,937
131339,The Middleburgh Telephone Company,50,Fiber to the Premises,10647,11461,10684,11504
131340,The Nebraska Central Telephone Co.,10,Copper,620,674,620,674
131340,The Nebraska Central Telephone Co.,50,Fiber to the Premises,9462,9870,9462,9870
131341,The North-Eastern Pennsylvania Telephone Company,10,Copper,28,29,28,29
131341,The North-Eastern Pennsylvania Telephone Company,50,Fiber to the Premises,15588,18524,15588,18524
131342,The Ottoville Mutual Telephone Company,50,Fiber to the Premises,1820,1829,1820,1829
131344,Ridgeville Telephone Company,50,Fiber to the Premises,3359,4117,3359,4117
131347,The Toledo Telephone Company,50,Fiber to the Premises,4844,5045,4844,5045
131347,The Toledo Telephone Company,70,Unlicensed Fixed Wireless,4,6,0,0
131349,Three River Telco,10,Copper,1023,1052,1023,1052
131349,Three River Telco,40,Cable,322,323,322,323
131349,Three River Telco,50,Fiber to the Premises,5064,5494,5064,5494
131354,Titonka Telephone Company,50,Fiber to the Premises,1062,1091,1062,1091
131357,Tohono O'Odham Utility Authority,10,Copper,69,69,69,69
131357,Tohono O'Odham Utility Authority,50,Fiber to the Premises,2917,2931,2917,2931
131358,"Tonica Technologies, Inc.",10,Copper,21,23,21,23
131358,"Tonica Technologies, Inc.",50,Fiber to the Premises,1106,1178,1106,1178
131359,"Totah Communications, Inc.",10,Copper,1946,1961,1946,1961
131359,"Totah Communications, Inc.",50,Fiber to the Premises,2891,3001,2891,3001
131361,Town of Shrewsbury,40,Cable,9250,13298,9250,13298
131361,Town of Shrewsbury,50,Fiber to the Premises,9068,10890,9068,10890
131362,"Townes Telecommunications, Inc.",10,Copper,27229,29359,27229,29359
131362,"Townes Telecommunications, Inc.",50,Fiber to the Premises,10566,11115,10577,11127
131362,"Townes Telecommunications, Inc.",70,Unlicensed Fixed Wireless,1785,1905,1785,1905
131363,"Traceroad, Inc.",10,Copper,352,449,352,449
131363,"Traceroad, Inc.",50,Fiber to the Premises,949,1130,949,1130
131365,Trenton Telephone Co.,50,Fiber to the Premises,7792,8455,7792,8455
131366,"BHT Holdings, Inc.",10,Copper,6953,7097,6644,6782
131366,"BHT Holdings, Inc.",40,Cable,1356,1882,1356,1882
131366,"BHT Holdings, Inc.",50,Fiber to the Premises,15402,17745,14981,17269
131366,"BHT Holdings, Inc.",70,Unlicensed Fixed Wireless,1548,1642,1548,1642
131366,"BHT Holdings, Inc.",71,Licensed Fixed Wireless,12001,13313,12001,13313
131367,"Triangle Telephone Cooperative Assn., Inc.",10,Copper,8,8,8,8
131367,"Triangle Telephone Cooperative Assn., Inc.",50,Fiber to the Premises,20191,21838,20191,21838
131367,"Triangle Telephone Cooperative Assn., Inc.",71,Licensed Fixed Wireless,5246,6371,5246,6371
131368,"Tri-County Communications Cooperative, Inc.",40,Cable,7766,9526,7766,9526
131368,"Tri-County Communications Cooperative, Inc.",50,Fiber to the Premises,6759,7753,6759,7753
131378,"Future Fiber FinCo, LLC",10,Copper,27543,30646,27543,30646
131378,"Future Fiber FinCo, LLC",40,Cable,5993,7051,5993,7051
131378,"Future Fiber FinCo, LLC",50,Fiber to the Premises,534197,684064,534197,684064
131378,"Future Fiber FinCo, LLC",70,Unlicensed Fixed Wireless,3848,4305,3474,3910
131378,"Future Fiber FinCo, LLC",72,LBR Fixed Wireless,2720,4719,2643,4641
131379,"City of Muscatine, Iowa",50,Fiber to the Premises,10332,12232,1018,1965
131383,"Tularosa Basin Telephone Company, Inc.",10,Copper,402,435,402,435
131383,"Tularosa Basin Telephone Company, Inc.",50,Fiber to the Premises,8737,9563,8737,9563
131383,"Tularosa Basin Telephone Company, Inc.",70,Unlicensed Fixed Wireless,156,167,156,167
131383,"Tularosa Basin Telephone Company, Inc.",71,Licensed Fixed Wireless,6905,7819,6905,7819
131383,"Tularosa Basin Telephone Company, Inc.",72,LBR Fixed Wireless,2539,2745,2539,2745
131384,Twin Lakes Telephone Cooperative Corporation,50,Fiber to the Premises,67484,71590,69145,75360
131386,U.S. TelePacific Holdings Corp.,10,Copper,0,0,9260,65772
131387,"UBTA-UBET Communications, Inc.",10,Copper,9514,10442,9514,10442
131387,"UBTA-UBET Communications, Inc.",40,Cable,4450,4950,4450,4950
131387,"UBTA-UBET Communications, Inc.",50,Fiber to the Premises,16243,20587,16259,20608
131387,"UBTA-UBET Communications, Inc.",71,Licensed Fixed Wireless,24354,28886,0,0
131387,"UBTA-UBET Communications, Inc.",72,LBR Fixed Wireless,4045,4421,4045,4421
131388,Union River Telephone Company,50,Fiber to the Premises,3053,4209,3053,4209
131394,Evertek Enterprises,50,Fiber to the Premises,3154,3283,3154,3283
131394,Evertek Enterprises,70,Unlicensed Fixed Wireless,3359,3478,3359,3478
131394,Evertek Enterprises,71,Licensed Fixed Wireless,14276,14978,14276,14978
131394,Evertek Enterprises,72,LBR Fixed Wireless,30724,33737,30724,33737
131395,"United Telephone Association, Inc.",40,Cable,1820,1905,1820,1905
131395,"United Telephone Association, Inc.",50,Fiber to the Premises,5826,6251,5838,6265
131395,"United Telephone Association, Inc.",71,Licensed Fixed Wireless,57897,66961,57897,66961
131396,"MTE Holdings, LLC",10,Copper,18810,19362,944,2390
131396,"MTE Holdings, LLC",50,Fiber to the Premises,104350,114372,1286,3568
131396,"MTE Holdings, LLC",70,Unlicensed Fixed Wireless,37809,44562,3915,8468
131397,"UniTek, Inc.",10,Copper,1041,1281,1041,1281
131397,"UniTek, Inc.",50,Fiber to the Premises,5165,6109,5165,6109
131400,Unwired Ltd.,71,Licensed Fixed Wireless,756616,1474676,756616,1474676
131401,Upsala Cooperative Telephone Association,40,Cable,159,185,159,185
131401,Upsala Cooperative Telephone Association,50,Fiber to the Premises,3343,3412,3343,3412
131407,UTMA,50,Fiber to the Premises,11704,13358,11704,13358
131409,"Valley Telecommunications Cooperative Association, Inc.",50,Fiber to the Premises,12294,12751,12294,12751
131411,"Valley Telephone Cooperative, Inc. (AZ/NM)",10,Copper,8917,9483,8917,9483
131411,"Valley Telephone Cooperative, Inc. (AZ/NM)",50,Fiber to the Premises,15038,17013,15038,17013
131411,"Valley Telephone Cooperative, Inc. (AZ/NM)",70,Unlicensed Fixed Wireless,5220,5884,5220,5884
131412,"Valliant Telephone Company, Inc.",10,Copper,520,548,520,548
131412,"Valliant Telephone Company, Inc.",50,Fiber to the Premises,2499,2559,2499,2559
131412,"Valliant Telephone Company, Inc.",70,Unlicensed Fixed Wireless,8163,9099,8163,9099
131413,Uniti Group Inc.,10,Copper,1702534,2058232,1702534,2058232
131413,Uniti Group Inc.,40,Cable,87564,98506,87564,98506
131413,Uniti Group Inc.,50,Fiber to the Premises,1443622,1628245,1449937,1654657
131413,Uniti Group Inc.,70,Unlicensed Fixed Wireless,75692,80656,75692,80656
131413,Uniti Group Inc.,71,Licensed Fixed Wireless,18973,21210,18973,21210
131413,Uniti Group Inc.,72,LBR Fixed Wireless,28948,31051,28948,31051
131414,"Van Buren Telephone Co., Inc.",50,Fiber to the Premises,3412,3430,3412,3430
131415,Van Horne Cooperative Telephone Company,50,Fiber to the Premises,501,512,501,512
131416,"Varcomm Holdings, Inc.",10,Copper,1352,1361,1352,1361
131416,"Varcomm Holdings, Inc.",50,Fiber to the Premises,1030,1145,1030,1145
131416,"Varcomm Holdings, Inc.",71,Licensed Fixed Wireless,942,1117,942,1117
131416,"Varcomm Holdings, Inc.",72,LBR Fixed Wireless,20475,26043,20475,26043
131418,Vaughnsville Telephone Company,10,Copper,386,386,386,386
131418,Vaughnsville Telephone Company,70,Unlicensed Fixed Wireless,2597,2622,2597,2622
131418,Vaughnsville Telephone Company,72,LBR Fixed Wireless,2527,2535,2527,2535
131422,"Venture Communications Cooperative, Inc.",50,Fiber to the Premises,19846,21473,19846,21473
131423,Venus Telephone Corporation,50,Fiber to the Premises,1221,1366,212,226
131425,Verizon Communications Inc.,50,Fiber to the Premises,9364253,15238174,9364253,15238174
131425,Verizon Communications Inc.,71,Licensed Fixed Wireless,57585964,81550402,9071260,29400331
131426,"Vermont Telephone Company, Inc.",10,Copper,53,69,53,69
131426,"Vermont Telephone Company, Inc.",50,Fiber to the Premises,16134,19534,16180,19656
131427,"Vernon Telephone Cooperative, Inc.",50,Fiber to the Premises,14564,17644,14564,17644
131431,Viola Holding Company,50,Fiber to the Premises,1464,1497,1464,1497
131431,Viola Holding Company,70,Unlicensed Fixed Wireless,121,123,121,123
131441,Volcano Communications Company,10,Copper,5432,5965,511,524
131441,Volcano Communications Company,40,Cable,1483,1718,200,207
131441,Volcano Communications Company,50,Fiber to the Premises,4836,5650,280,390
131444,Wabash Mutual Telephone Company,10,Copper,134,134,134,134
131444,Wabash Mutual Telephone Company,50,Fiber to the Premises,11632,13656,11632,13656
131444,Wabash Mutual Telephone Company,70,Unlicensed Fixed Wireless,24337,26780,24337,26780
131444,Wabash Mutual Telephone Company,72,LBR Fixed Wireless,15753,17371,15753,17371
131445,"Wabash Telephone Cooperative, Inc.",50,Fiber to the Premises,34393,36680,34393,36680
131448,"Wamego Telephone Company, Inc.",50,Fiber to the Premises,19256,28033,19256,28033
131448,"Wamego Telephone Company, Inc.",70,Unlicensed Fixed Wireless,1834,2008,1834,2008
131451,Washington County Rural Telephone Cooperative,10,Copper,580,586,580,586
131451,Washington County Rural Telephone Cooperative,50,Fiber to the Premises,4473,4582,4473,4582
131453,Wave Wireless LLC,50,Fiber to the Premises,3325,3416,3325,3416
131453,Wave Wireless LLC,70,Unlicensed Fixed Wireless,13010,13629,13010,13629
131457,Webster-Calhoun Cooperative Telephone Association,50,Fiber to the Premises,8846,9183,8846,9183
131458,Wellman Cooperative Telephone Association,50,Fiber to the Premises,2242,2338,2242,2338
131459,"West Carolina Rural Telephone Cooperative, Inc.",50,Fiber to the Premises,102861,116187,102861,116187
131460,West Central Telephone Assn.,50,Fiber to the Premises,7271,7894,7271,7894
131461,West Iowa Telephone Company,50,Fiber to the Premises,7665,7991,7665,7991
131463,West Liberty Telephone Company,50,Fiber to the Premises,7747,9065,7747,9065
131463,West Liberty Telephone Company,70,Unlicensed Fixed Wireless,5122,5233,5122,5233
131463,West Liberty Telephone Company,72,LBR Fixed Wireless,26456,29035,26456,29035
131465,West River Telecommunications Cooperative,50,Fiber to the Premises,20029,21074,20029,21074
131466,West Texas Rural Telephone Cooperative Inc.,10,Copper,42,45,42,45
131466,West Texas Rural Telephone Cooperative Inc.,50,Fiber to the Premises,12480,13910,12480,13910
131467,"West Wisconsin Telcom Cooperative, Inc.",10,Copper,28,145,28,145
131467,"West Wisconsin Telcom Cooperative, Inc.",40,Cable,245,258,245,258
131467,"West Wisconsin Telcom Cooperative, Inc.",50,Fiber to the Premises,12158,14456,12158,14456
131469,"Westelcom Network, Inc.",50,Fiber to the Premises,4859,9002,1102,3034
131472,Western Iowa Telephone Association,50,Fiber to the Premises,5420,5727,5420,5727
131475,Wahkiakum West Inc.,50,Fiber to the Premises,2695,3189,397,507
131475,Wahkiakum West Inc.,70,Unlicensed Fixed Wireless,45,58,4,4
131476,"Wes-Tex Telephone Cooperative, Inc.",50,Fiber to the Premises,6393,7148,6393,7148
131476,"Wes-Tex Telephone Cooperative, Inc.",70,Unlicensed Fixed Wireless,20342,22576,20342,22576
131478,"Abound Ventures, Inc.",10,Copper,5886,6215,169,214
131478,"Abound Ventures, Inc.",50,Fiber to the Premises,7400,7970,445,719
131480,"WideOpenWest Finance, LLC",10,Copper,4671,4746,690,707
131480,"WideOpenWest Finance, LLC",40,Cable,1583018,2118280,97613,360506
131480,"WideOpenWest Finance, LLC",50,Fiber to the Premises,150143,193035,6246,28012
131481,Wiggins Telephone Association,50,Fiber to the Premises,3657,3762,3657,3762
131482,"Wikstrom Telephone Company, Inc.",10,Copper,279,283,279,283
131482,"Wikstrom Telephone Company, Inc.",50,Fiber to the Premises,11769,12594,11769,12594
131482,"Wikstrom Telephone Company, Inc.",70,Unlicensed Fixed Wireless,2804,3671,2804,3671
131485,"Dycom Holding, Inc.",50,Fiber to the Premises,12051,12762,12051,12762
131486,Wilkes Telephone Membership Corporation,10,Copper,14330,14613,14330,14613
131486,Wilkes Telephone Membership Corporation,40,Cable,1252,1282,1252,1282
131486,Wilkes Telephone Membership Corporation,50,Fiber to the Premises,59960,67807,59964,67811
131486,Wilkes Telephone Membership Corporation,70,Unlicensed Fixed Wireless,77012,91414,77012,91414
131486,Wilkes Telephone Membership Corporation,71,Licensed Fixed Wireless,104470,112941,104470,112941
131486,Wilkes Telephone Membership Corporation,72,LBR Fixed Wireless,1589,1681,1589,1681
131487,Willard Telephone Company,50,Fiber to the Premises,107,107,107,107
131492,WinDBreak Cable,40,Cable,3114,3258,3114,3258
131494,Winnebago Cooperative Telecom Association,50,Fiber to the Premises,19939,21465,19939,21465
131497,"Wired or Wireless, Inc.",50,Fiber to the Premises,5884,6472,5884,6472
131497,"Wired or Wireless, Inc.",70,Unlicensed Fixed Wireless,225856,300309,225856,300309
131505,"Woodhull Communications, Inc.",10,Copper,5,7,5,7
131505,"Woodhull Communications, Inc.",50,Fiber to the Premises,2729,2759,2729,2759
131506,Woodstock Telephone Company,50,Fiber to the Premises,6045,6384,6045,6384
131506,Woodstock Telephone Company,70,Unlicensed Fixed Wireless,9150,11025,9150,11025
131506,Woodstock Telephone Company,72,LBR Fixed Wireless,1780,1841,1780,1841
131507,Woolstock Mutual Telephone Association,50,Fiber to the Premises,324,348,324,348
131507,Woolstock Mutual Telephone Association,70,Unlicensed Fixed Wireless,3459,3748,3459,3748
131510,Wyoming Mutual Telephone Company,50,Fiber to the Premises,1043,1058,1043,1058
131512,"XIT Rural Telephone Cooperative, Inc.",50,Fiber to the Premises,8270,8902,8270,8902
131512,"XIT Rural Telephone Cooperative, Inc.",70,Unlicensed Fixed Wireless,17,17,17,17
131516,Yadkin Valley Telephone Membership Corporation,10,Copper,40870,43438,40870,43438
131516,Yadkin Valley Telephone Membership Corporation,50,Fiber to the Premises,53687,57812,53687,57812
131517,Granite State Communications,10,Copper,7,7,7,7
131517,Granite State Communications,50,Fiber to the Premises,9981,11002,9981,11002
131518,"Yelcot Holding Group, Inc.",10,Copper,7753,7972,7753,7972
131518,"Yelcot Holding Group, Inc.",40,Cable,4912,5095,4912,5095
131518,"Yelcot Holding Group, Inc.",50,Fiber to the Premises,12274,13668,12274,13668
131520,Yeoman Telephone Company,10,Copper,1320,1321,1320,1321
131520,Yeoman Telephone Company,50,Fiber to the Premises,693,693,693,693
131520,Yeoman Telephone Company,70,Unlicensed Fixed Wireless,2720,2807,2720,2807
131611,"Highland Telephone Cooperative, Inc. (KY & TN)",50,Fiber to the Premises,29889,31831,29889,31831
131612,Sharon Telephone Company (IA),50,Fiber to the Premises,3308,3883,3308,3883
131613,Sully Telephone Association,50,Fiber to the Premises,851,879,170,172
131613,Sully Telephone Association,71,Licensed Fixed Wireless,102,102,3,3
131900,"Cunningham Management, Inc.",40,Cable,7607,8342,7607,8342
131900,"Cunningham Management, Inc.",50,Fiber to the Premises,9368,10129,9392,10153
140001,"Access Cable Television, Inc.",40,Cable,2787,3265,2787,3265
140001,"Access Cable Television, Inc.",50,Fiber to the Premises,2787,3265,2787,3265
140012,Axiom Technologies,50,Fiber to the Premises,4862,5488,1115,1195
140018,Cable America Missouri LLC,40,Cable,1390,1441,0,0
140020,PUD No. 1 of Chelan County,50,Fiber to the Premises,30417,38282,30417,38282
140030,Fail Telecommunication Corporation,10,Copper,7588,8084,836,856
140030,Fail Telecommunication Corporation,50,Fiber to the Premises,13021,14741,1895,2469
140033,Filer Mutual Telephone Company,50,Fiber to the Premises,3127,3339,3127,3339
140033,Filer Mutual Telephone Company,71,Licensed Fixed Wireless,4,4,4,4
140033,Filer Mutual Telephone Company,72,LBR Fixed Wireless,1575,1612,1575,1612
140036,Fort Jennings Telephone Company,50,Fiber to the Premises,1298,1316,1217,1340
140043,"Hopi Telecommunications, Inc.",10,Copper,1790,1871,1790,1871
140043,"Hopi Telecommunications, Inc.",50,Fiber to the Premises,25,25,25,25
140043,"Hopi Telecommunications, Inc.",70,Unlicensed Fixed Wireless,639,654,639,654
140048,"JAB Wireless, Inc.",50,Fiber to the Premises,89596,100131,89596,100131
140048,"JAB Wireless, Inc.",70,Unlicensed Fixed Wireless,3402807,4269079,3402807,4269079
140048,"JAB Wireless, Inc.",72,LBR Fixed Wireless,691658,834240,691658,834240
140064,"Defiance Holdings, LLC",50,Fiber to the Premises,4525,5018,4525,5018
140064,"Defiance Holdings, LLC",70,Unlicensed Fixed Wireless,151883,168815,151883,168815
140064,"Defiance Holdings, LLC",71,Licensed Fixed Wireless,107816,117048,107816,117048
140064,"Defiance Holdings, LLC",72,LBR Fixed Wireless,29562,35336,29562,35336
140076,"Reasnor Telephone Company, LLC",10,Copper,34,34,7,7
140076,"Reasnor Telephone Company, LLC",50,Fiber to the Premises,261,261,36,36
140078,"Royell Communications, Inc.",50,Fiber to the Premises,5982,6799,5982,6799
140078,"Royell Communications, Inc.",70,Unlicensed Fixed Wireless,9190,11277,9190,11277
140078,"Royell Communications, Inc.",72,LBR Fixed Wireless,27274,30181,27274,30181
140084,SPITwSPOTS Inc.,70,Unlicensed Fixed Wireless,4008,5052,4008,5052
140084,SPITwSPOTS Inc.,72,LBR Fixed Wireless,54916,76258,54916,76258
140092,"Twin Valley Management, Inc.",10,Copper,4719,4790,4719,4790
140092,"Twin Valley Management, Inc.",40,Cable,4322,4443,4322,4443
140092,"Twin Valley Management, Inc.",50,Fiber to the Premises,28656,34158,28656,34158
140092,"Twin Valley Management, Inc.",70,Unlicensed Fixed Wireless,3156,3728,3156,3728
140092,"Twin Valley Management, Inc.",71,Licensed Fixed Wireless,12135,13588,12135,13588
140092,"Twin Valley Management, Inc.",72,LBR Fixed Wireless,19803,21720,19803,21720
140101,West River Cooperative Telephone Company,50,Fiber to the Premises,3969,4140,3969,4140
140106,"WTC Communications, Inc.",10,Copper,1742,2002,1742,2002
140106,"WTC Communications, Inc.",50,Fiber to the Premises,1969,2231,1969,2231
150119,Pattersonville Telephone Company (OH),10,Copper,208,208,6,6
150119,Pattersonville Telephone Company (OH),50,Fiber to the Premises,176,176,12,12
150120,Mutual Telephone Company (KS),50,Fiber to the Premises,5967,6979,5967,6979
150120,Mutual Telephone Company (KS),70,Unlicensed Fixed Wireless,547,549,547,549
150120,Mutual Telephone Company (KS),71,Licensed Fixed Wireless,1542,1582,1542,1582
150120,Mutual Telephone Company (KS),72,LBR Fixed Wireless,13709,15699,13709,15699
150225,Buckland Telephone Co.,50,Fiber to the Premises,807,832,250,251
150237,City of North Kansas,50,Fiber to the Premises,404,799,404,799
150245,"CresComm WiFi, LLC",50,Fiber to the Premises,20,22,20,22
150245,"CresComm WiFi, LLC",70,Unlicensed Fixed Wireless,5142,6454,5142,6454
150245,"CresComm WiFi, LLC",72,LBR Fixed Wireless,1038,1282,1038,1282
150249,"DC Access, LLC",70,Unlicensed Fixed Wireless,16880,40466,16880,40466
150250,DTC Holding Company,50,Fiber to the Premises,1754,1766,1754,1766
150250,DTC Holding Company,70,Unlicensed Fixed Wireless,15116,16457,15116,16457
150250,DTC Holding Company,72,LBR Fixed Wireless,4871,4959,4871,4959
150254,"DoveTel Communications, LLC",50,Fiber to the Premises,15196,16042,36212,46827
150258,Ellijay Telephone Company,10,Copper,5567,5826,5567,5826
150258,Ellijay Telephone Company,40,Cable,38407,42931,38406,42930
150258,Ellijay Telephone Company,50,Fiber to the Premises,19528,21745,19528,21745
150266,"Hanson Communications, Inc.",10,Copper,22145,25003,22144,25002
150266,"Hanson Communications, Inc.",40,Cable,15789,17258,15789,17258
150266,"Hanson Communications, Inc.",50,Fiber to the Premises,25905,29671,25918,29734
150272,Iowa Connect Inc.,70,Unlicensed Fixed Wireless,3963,4098,3963,4098
150287,"Moapa Valley Telecommunications, Inc.",10,Copper,63,63,63,63
150287,"Moapa Valley Telecommunications, Inc.",50,Fiber to the Premises,3045,3195,3045,3195
150287,"Moapa Valley Telecommunications, Inc.",70,Unlicensed Fixed Wireless,3,3,3,3
150290,"Neptuno Media, Inc.",50,Fiber to the Premises,2606,6551,2606,6551
150290,"Neptuno Media, Inc.",70,Unlicensed Fixed Wireless,500818,696682,500818,696682
150290,"Neptuno Media, Inc.",71,Licensed Fixed Wireless,214600,296115,214600,296115
150290,"Neptuno Media, Inc.",72,LBR Fixed Wireless,196614,326824,196614,326824
150307,"Remote Control, Inc.",50,Fiber to the Premises,162,176,28,31
150312,Russellville Electric Plant Board,50,Fiber to the Premises,5130,5768,5130,5768
150316,Socket Telecom LLC,10,Copper,57648,80049,77368,107370
150316,Socket Telecom LLC,40,Cable,1956,1992,331,362
150316,Socket Telecom LLC,50,Fiber to the Premises,116310,143302,124798,167277
150317,Wood County Telephone Company,10,Copper,183,723,183,723
150317,Wood County Telephone Company,50,Fiber to the Premises,27192,31181,27427,31558
150323,"TecInfo Communications, LLC",50,Fiber to the Premises,4369,4656,4369,4656
150323,"TecInfo Communications, LLC",70,Unlicensed Fixed Wireless,9146,10201,9146,10201
150327,"United Electric Cooperative, Inc.",50,Fiber to the Premises,81763,93711,81839,93955
150327,"United Electric Cooperative, Inc.",70,Unlicensed Fixed Wireless,774,891,774,891
150330,"Upward Access, LLC",70,Unlicensed Fixed Wireless,4445,4493,0,0
150334,"WEHCO Video, Inc.",40,Cable,163583,206461,163583,206461
150334,"WEHCO Video, Inc.",50,Fiber to the Premises,10121,10820,10121,10820
150335,"Wharton County Electric Cooperative, Inc.",70,Unlicensed Fixed Wireless,113,114,113,114
150335,"Wharton County Electric Cooperative, Inc.",71,Licensed Fixed Wireless,382,402,382,402
150336,"Whiz to Coho, Inc.",50,Fiber to the Premises,44,44,44,44
150336,"Whiz to Coho, Inc.",70,Unlicensed Fixed Wireless,871,951,871,951
150339,"Worldnet Telecommunications, Inc.",10,Copper,19,22,19,22
150339,"Worldnet Telecommunications, Inc.",50,Fiber to the Premises,48,307,284,2118
150339,"Worldnet Telecommunications, Inc.",70,Unlicensed Fixed Wireless,4,173,12,183
150341,Yellowstone Media Design,70,Unlicensed Fixed Wireless,577,719,577,719
160103,Allband Communications Cooperative,50,Fiber to the Premises,2403,2531,2403,2531
160103,Allband Communications Cooperative,70,Unlicensed Fixed Wireless,334,338,334,338
160108,Bristol Tennessee Essential Services,50,Fiber to the Premises,26539,31812,26539,31812
160118,Eastern Cable Corporation,40,Cable,9,13,0,0
160118,Eastern Cable Corporation,50,Fiber to the Premises,3221,4090,3221,4090
160127,LICT Corporation,10,Copper,32580,35319,32644,35603
160127,LICT Corporation,40,Cable,31901,34656,31901,34656
160127,LICT Corporation,50,Fiber to the Premises,60145,71107,60583,72384
160127,LICT Corporation,70,Unlicensed Fixed Wireless,9037,10560,9009,10532
160127,LICT Corporation,71,Licensed Fixed Wireless,109486,126233,109486,126233
160127,LICT Corporation,72,LBR Fixed Wireless,2232,2247,1836,1846
160129,Manning Municipal Communications and Television Systems Utility,50,Fiber to the Premises,1038,1201,1038,1201
160135,"Ogden Communications, Inc.",50,Fiber to the Premises,543,543,543,543
160141,Plumas-Sierra Rural Electric Cooperative,40,Cable,1748,1944,1748,1944
160141,Plumas-Sierra Rural Electric Cooperative,50,Fiber to the Premises,4946,5820,4946,5820
160141,Plumas-Sierra Rural Electric Cooperative,70,Unlicensed Fixed Wireless,4130,4889,4130,4889
160146,"Ralls Technologies, LLC",50,Fiber to the Premises,9201,9329,9201,9329
160151,"Southeastern Services, Inc.",50,Fiber to the Premises,80,321,66,151
160151,"Southeastern Services, Inc.",70,Unlicensed Fixed Wireless,1,1,1,1
160157,"Zito West Holding, LLC",40,Cable,222095,250188,222095,250188
160157,"Zito West Holding, LLC",50,Fiber to the Premises,115350,128567,115349,128566
160160,Hawkeye Topco Holdings LLC,40,Cable,28372,32941,711,1222
160160,Hawkeye Topco Holdings LLC,50,Fiber to the Premises,101573,120237,6396,18098
160160,Hawkeye Topco Holdings LLC,70,Unlicensed Fixed Wireless,113,118,20,20
160162,"TerraNovaNet, Inc.",70,Unlicensed Fixed Wireless,11952,14662,923,2390
170001,"Puerto Rico Telephone Company, Inc.",10,Copper,605242,855059,0,0
170001,"Puerto Rico Telephone Company, Inc.",50,Fiber to the Premises,556278,731026,0,0
170012,"American Samoa Telecom, LLC",40,Cable,5822,8350,5822,8350
170012,"American Samoa Telecom, LLC",50,Fiber to the Premises,2493,3427,2493,3427
170012,"American Samoa Telecom, LLC",71,Licensed Fixed Wireless,7154,9896,7154,9896
170014,Atkins Telephone Company,50,Fiber to the Premises,1850,1980,1850,1980
170025,CMS Internet LLC,50,Fiber to the Premises,10576,15836,10576,15836
170025,CMS Internet LLC,70,Unlicensed Fixed Wireless,17290,22010,17290,22010
170025,CMS Internet LLC,72,LBR Fixed Wireless,19456,24500,19456,24500
170044,Fishers Island Telephone Corporation,10,Copper,528,653,528,653
170044,Fishers Island Telephone Corporation,50,Fiber to the Premises,434,523,434,523
170047,"GMN Tri-County CAC, Inc.",50,Fiber to the Premises,0,0,1,4
170047,"GMN Tri-County CAC, Inc.",70,Unlicensed Fixed Wireless,8079,8138,8079,8138
170050,Harlan Municipal Utilities,40,Cable,2,6,0,0
170050,Harlan Municipal Utilities,50,Fiber to the Premises,2050,2169,368,477
170054,"FIF St. George, LLC",50,Fiber to the Premises,5824,7237,12303,19622
170054,"FIF St. George, LLC",70,Unlicensed Fixed Wireless,5714,6296,5714,6296
170054,"FIF St. George, LLC",71,Licensed Fixed Wireless,108010,129135,108010,129135
170054,"FIF St. George, LLC",72,LBR Fixed Wireless,10259,13195,10259,13195
170058,Jackson Energy Authority,50,Fiber to the Premises,31207,39737,31207,39737
170066,Monmouth Independence Network,50,Fiber to the Premises,12859,16681,12859,16681
170067,Monmouth Internet Corporation,10,Copper,0,0,1,1
170067,Monmouth Internet Corporation,50,Fiber to the Premises,0,0,239,1043
170071,"Newmax, LLC",40,Cable,354,769,354,769
170071,"Newmax, LLC",50,Fiber to the Premises,7090,8610,6832,8352
170071,"Newmax, LLC",70,Unlicensed Fixed Wireless,56180,80998,55890,80707
170071,"Newmax, LLC",72,LBR Fixed Wireless,65305,85097,65274,85062
180010,City of Auburn,50,Fiber to the Premises,10919,12075,10919,12075
180011,City of Cartersville,50,Fiber to the Premises,0,0,187,456
180012,"City of Elberton, Georgia",40,Cable,5492,6156,5492,6156
180012,"City of Elberton, Georgia",50,Fiber to the Premises,3363,3398,3363,3398
180014,City of LaGrange,50,Fiber to the Premises,0,0,671,1250
180032,"Home Town Cable TV, LLC",40,Cable,202,460,202,460
180032,"Home Town Cable TV, LLC",50,Fiber to the Premises,12966,16490,12966,16490
180048,"Rapid Systems, Inc.",72,LBR Fixed Wireless,541649,718980,24519,94973
180058,"Com Net, Inc.",50,Fiber to the Premises,0,0,41,44
180064,"Web Fire Communications, Inc.",50,Fiber to the Premises,0,0,50,236
180064,"Web Fire Communications, Inc.",70,Unlicensed Fixed Wireless,19827,21295,19827,21295
190002,101Netlink,71,Licensed Fixed Wireless,100291,131707,100291,131707
190003,"1stel, Inc.",70,Unlicensed Fixed Wireless,39406,42343,39406,42343
190013,Adams CATV Inc.,40,Cable,25008,28226,25008,28226
190013,Adams CATV Inc.,50,Fiber to the Premises,11999,14556,11999,14556
190015,"Aeneas Communications, LLC",50,Fiber to the Premises,78549,81808,78549,81808
190020,"City of Albany, Georgia",50,Fiber to the Premises,299,301,477,1056
190025,America Internet & Communications,70,Unlicensed Fixed Wireless,124,134,5,5
190046,Beaver Valley Cable Company,40,Cable,1641,1753,1641,1753
190046,Beaver Valley Cable Company,50,Fiber to the Premises,481,512,481,512
190058,"Board of Water, Light & Sinking Fund Commissioners of the City of Dalton, GA",50,Fiber to the Premises,23094,32071,23094,32071
190059,"Boycom Cablevision, Inc.",40,Cable,2938,3058,68,74
190059,"Boycom Cablevision, Inc.",50,Fiber to the Premises,2393,2671,44,45
190059,"Boycom Cablevision, Inc.",70,Unlicensed Fixed Wireless,76,76,1,1
190071,Cable Co-Op,40,Cable,2218,3348,202,229
190071,Cable Co-Op,50,Fiber to the Premises,112,177,5,5
190075,Catalina Broadband Solutions LLC,40,Cable,995,1941,995,1941
190075,Catalina Broadband Solutions LLC,50,Fiber to the Premises,353,673,353,673
190080,City of Bellevue,50,Fiber to the Premises,947,1001,369,387
190083,City of Coffeyville,50,Fiber to the Premises,284,336,284,336
190083,City of Coffeyville,70,Unlicensed Fixed Wireless,81,81,81,81
190084,City of Glenwood Springs,50,Fiber to the Premises,3450,5872,3450,5872
190085,City of Hawarden,40,Cable,1008,1245,174,399
190085,City of Hawarden,50,Fiber to the Premises,2,3,23,26
190086,City of Holyoke Gas & Electric Department,50,Fiber to the Premises,2,23,61,310
190089,City of Williamstown,40,Cable,1331,1687,1331,1687
190089,City of Williamstown,50,Fiber to the Premises,717,754,439,476
190093,Cloud Alliance LLC,72,LBR Fixed Wireless,2356,3023,2340,3008
190096,Coldwater Board of Public Utilities,40,Cable,5162,6858,5162,6858
190096,Coldwater Board of Public Utilities,50,Fiber to the Premises,4677,5913,4677,5913
190101,Community Cable Television Agency of O'Brien County,50,Fiber to the Premises,2906,3047,807,858
190101,Community Cable Television Agency of O'Brien County,71,Licensed Fixed Wireless,1164,1177,573,575
190102,Community Telecom Services,40,Cable,4393,4722,0,0
190102,Community Telecom Services,50,Fiber to the Premises,335,344,107,184
190103,"Computer Dynamics of NW Illinois, LLC",70,Unlicensed Fixed Wireless,38757,43863,38757,43863
190107,ConnectTo Communications Inc.,10,Copper,637,13920,637,13920
190107,ConnectTo Communications Inc.,50,Fiber to the Premises,214,4658,214,4658
190123,"DigitalPath, Inc.",70,Unlicensed Fixed Wireless,29970,38800,29970,38800
190123,"DigitalPath, Inc.",71,Licensed Fixed Wireless,256552,305484,256552,305484
190123,"DigitalPath, Inc.",72,LBR Fixed Wireless,94053,122139,94053,122139
190126,Douglas Electric Cooperative Inc.,50,Fiber to the Premises,56411,70546,62728,78904
190131,Easton Utilities Commission,40,Cable,8531,11598,8531,11598
190131,Easton Utilities Commission,50,Fiber to the Premises,3678,3731,3678,3731
190134,"Electric Power Board of Chattanooga, Tennessee",50,Fiber to the Premises,142651,192199,142651,192199
190139,"e-Polk, Inc.",50,Fiber to the Premises,7189,8808,2144,3302
190139,"e-Polk, Inc.",70,Unlicensed Fixed Wireless,38,44,0,0
190146,"FastTrack Communications, Inc.",10,Copper,1,6,1,6
190146,"FastTrack Communications, Inc.",50,Fiber to the Premises,509,1223,509,1223
190155,"Fisher Wireless Services, Inc.",70,Unlicensed Fixed Wireless,50,66,50,66
190163,"Fulair, LLC",70,Unlicensed Fixed Wireless,7701,12321,7512,12103
190163,"Fulair, LLC",72,LBR Fixed Wireless,4368,5700,4367,5699
190169,"Geneva On-Line, Inc.",50,Fiber to the Premises,130,186,18,57
190169,"Geneva On-Line, Inc.",70,Unlicensed Fixed Wireless,1473,2388,406,881
190172,Golden Rain Foundation,40,Cable,2990,21057,0,0
190180,Grundy Center Municipal Light & Power,40,Cable,1139,1223,134,182
190181,Haefele TV Inc.,40,Cable,3007,3337,3007,3337
190181,Haefele TV Inc.,50,Fiber to the Premises,10993,11794,10993,11794
190182,"Harlan Community Television, Inc.",40,Cable,7189,9054,1165,1748
190182,"Harlan Community Television, Inc.",50,Fiber to the Premises,7189,9054,1165,1748
190184,Henderson Municipal Power & Light,50,Fiber to the Premises,9048,12711,9048,12711
190187,"Electric Plant Board of the City of Hopkinsville, Kentucky",50,Fiber to the Premises,30955,33972,3246,4304
190187,"Electric Plant Board of the City of Hopkinsville, Kentucky",70,Unlicensed Fixed Wireless,543,876,35,299
190188,Hudson Valley Wireless,70,Unlicensed Fixed Wireless,1635,1754,1628,1753
190188,Hudson Valley Wireless,72,LBR Fixed Wireless,147622,240083,147618,240079
190208,"JB-Nets, LLC",50,Fiber to the Premises,1671,1740,1671,1740
190208,"JB-Nets, LLC",70,Unlicensed Fixed Wireless,13338,14927,13338,14927
190211,"Joink, LLC",50,Fiber to the Premises,48734,53044,48734,53044
190211,"Joink, LLC",70,Unlicensed Fixed Wireless,7579,8181,7579,8181
190211,"Joink, LLC",72,LBR Fixed Wireless,12964,14862,12964,14862
190219,Lafayette City Parish Consolidated Government,50,Fiber to the Premises,89129,117990,10936,23739
190223,Lenox Municipal Utilities,50,Fiber to the Premises,732,745,732,745
190227,InstarAGF,50,Fiber to the Premises,50,89,592,1759
190233,"Hilliary Communications, LLC",10,Copper,4296,4516,4296,4516
190233,"Hilliary Communications, LLC",40,Cable,3966,4131,3966,4131
190233,"Hilliary Communications, LLC",50,Fiber to the Premises,38341,46107,38341,46107
190233,"Hilliary Communications, LLC",70,Unlicensed Fixed Wireless,81533,96553,81533,96553
190236,"Mercury Broadband, LLC",50,Fiber to the Premises,19506,20409,1562,1762
190236,"Mercury Broadband, LLC",70,Unlicensed Fixed Wireless,28,45,7,10
190236,"Mercury Broadband, LLC",72,LBR Fixed Wireless,768853,898375,104558,165796
190244,Minnesota Valley Television Improvement Corporation,70,Unlicensed Fixed Wireless,16829,17901,16829,17901
190244,Minnesota Valley Television Improvement Corporation,71,Licensed Fixed Wireless,3607,3995,3607,3995
190244,Minnesota Valley Television Improvement Corporation,72,LBR Fixed Wireless,8075,8437,8075,8437
190256,Foremost Telecommunications Corporation,10,Copper,0,0,5,12
190256,Foremost Telecommunications Corporation,50,Fiber to the Premises,0,0,435006,596731
190265,Nittany Media Inc.,70,Unlicensed Fixed Wireless,1480,1656,1480,1656
190275,Oak Run Associates Ltd.,40,Cable,4458,4554,21,21
190280,"Optivon, LLC",10,Copper,0,0,13,19
190280,"Optivon, LLC",40,Cable,0,0,3,5
190280,"Optivon, LLC",50,Fiber to the Premises,0,0,109,459
190280,"Optivon, LLC",70,Unlicensed Fixed Wireless,0,0,31,433
190281,"OTZ Telephone Cooperative, Inc.",10,Copper,2528,2766,2528,2766
190282,Owensboro Municipal Utilities,50,Fiber to the Premises,12536,16585,19708,25649
190284,Pacific Data Systems,10,Copper,6000,10040,44,1083
190284,Pacific Data Systems,50,Fiber to the Premises,44,1083,44,1083
190284,Pacific Data Systems,70,Unlicensed Fixed Wireless,32953,47080,0,0
190290,"Peerless Network Holdings, Inc.",0,Other,0,0,26,211
190290,"Peerless Network Holdings, Inc.",10,Copper,0,0,2,161
190290,"Peerless Network Holdings, Inc.",50,Fiber to the Premises,0,0,17,105
190303,Public Utility District No. 1 of Douglas County,10,Copper,15376,17980,15376,17980
190303,Public Utility District No. 1 of Douglas County,70,Unlicensed Fixed Wireless,197,212,197,212
190304,Pulaski Electric System,50,Fiber to the Premises,10868,11813,10868,11813
190305,"Quantum Telecommunications, Inc.",50,Fiber to the Premises,2797,4611,3126,8860
190305,"Quantum Telecommunications, Inc.",70,Unlicensed Fixed Wireless,2806,5350,2806,5350
190308,Cable TV of East Alabama,40,Cable,36977,45196,36977,45196
190308,Cable TV of East Alabama,50,Fiber to the Premises,40432,48810,40432,48810
190311,Razzolink Inc.,70,Unlicensed Fixed Wireless,171930,245275,171930,245275
190312,"RB3, LLC",40,Cable,9440,10044,9440,10044
190312,"RB3, LLC",50,Fiber to the Premises,233,258,233,258
190312,"RB3, LLC",70,Unlicensed Fixed Wireless,7364,7793,7364,7793
190313,Rebeltec Communications LLC,50,Fiber to the Premises,247,248,247,248
190313,Rebeltec Communications LLC,70,Unlicensed Fixed Wireless,11282,12183,11105,12006
190335,"Southern Ohio Communication Services, Inc.",50,Fiber to the Premises,5175,5318,5175,5318
190335,"Southern Ohio Communication Services, Inc.",70,Unlicensed Fixed Wireless,672,757,672,757
190335,"Southern Ohio Communication Services, Inc.",71,Licensed Fixed Wireless,15110,16399,15110,16399
190336,Southern Tier Wireless,70,Unlicensed Fixed Wireless,3654,3876,3654,3876
190336,Southern Tier Wireless,72,LBR Fixed Wireless,8414,9666,8414,9666
190341,"Eagle Internet Services, LLC",70,Unlicensed Fixed Wireless,85,97,85,97
190349,"Syringa Networks, LLC",50,Fiber to the Premises,0,0,87913,188720
190365,"Tel-Star Cablevision, Inc.",40,Cable,2435,2684,0,0
190365,"Tel-Star Cablevision, Inc.",50,Fiber to the Premises,3066,3394,0,0
190367,The Utilities Board of the City of Sylacauga,50,Fiber to the Premises,4914,6091,744,1738
190380,"Troy Cablevision, Inc.",10,Copper,106,106,106,106
190380,"Troy Cablevision, Inc.",50,Fiber to the Premises,4808,5470,4808,5470
190405,Westfield Gas & Electric,50,Fiber to the Premises,26848,33185,26848,33185
190406,Westgate Communications LLC,70,Unlicensed Fixed Wireless,101,119,9,10
190410,"IdeaTek Telcom, LLC",10,Copper,6,22,2,3
190410,"IdeaTek Telcom, LLC",50,Fiber to the Premises,149656,161406,149454,161006
190410,"IdeaTek Telcom, LLC",70,Unlicensed Fixed Wireless,47933,57431,47933,57431
190425,"Sonic Telecom, LLC",50,Fiber to the Premises,406292,705046,407970,712959
190428,"San Carlos Apache Telecommunications Utility, Inc.",10,Copper,1117,1123,1117,1123
190428,"San Carlos Apache Telecommunications Utility, Inc.",50,Fiber to the Premises,1306,1309,1306,1309
190428,"San Carlos Apache Telecommunications Utility, Inc.",70,Unlicensed Fixed Wireless,294,303,294,303
190429,Barbourville Utility Commission,50,Fiber to the Premises,3331,4231,3331,4231
190431,City Utilities of Springfield,50,Fiber to the Premises,0,0,81291,117947
190435,"Citynet, LLC",50,Fiber to the Premises,27601,28367,43885,51856
190501,4 SIWI LLC,50,Fiber to the Premises,2266,3063,2266,3063
190501,4 SIWI LLC,70,Unlicensed Fixed Wireless,17232,18541,17232,18541
190504,Allo Communications LLC,50,Fiber to the Premises,436620,582524,436620,582524
190506,"Cyber Mesa Computer Systems, Inc.",10,Copper,4,4,4,33
190506,"Cyber Mesa Computer Systems, Inc.",50,Fiber to the Premises,74,109,6,8
190506,"Cyber Mesa Computer Systems, Inc.",70,Unlicensed Fixed Wireless,732,945,79,307
190508,"Atlantech Online, Inc.",50,Fiber to the Premises,0,0,144,4553
190508,"Atlantech Online, Inc.",70,Unlicensed Fixed Wireless,0,0,9,155
200006,"Blip Networks, LLC",70,Unlicensed Fixed Wireless,5804,6465,5804,6465
200006,"Blip Networks, LLC",72,LBR Fixed Wireless,7589,8432,7589,8432
200008,"BendTel, Inc.",50,Fiber to the Premises,1611,3038,1611,3038
200014,Cogent Communications Group,50,Fiber to the Premises,0,0,998,18176
200019,"Express Dial Internet, Inc.",70,Unlicensed Fixed Wireless,1406,1589,1277,1444
200019,"Express Dial Internet, Inc.",72,LBR Fixed Wireless,3885,4758,3870,4738
200041,"Raw Bandwidth Communications, Inc.",10,Copper,81,1310,81,1310
200057,"Orcas Online, Inc.",10,Copper,6,68,6,68
200057,"Orcas Online, Inc.",70,Unlicensed Fixed Wireless,669,903,669,903
210001,3 Rooms Communications LLC,50,Fiber to the Premises,2514,2601,2514,2601
210001,3 Rooms Communications LLC,70,Unlicensed Fixed Wireless,91063,100125,91063,100125
210018,"Cherry Capital Connection, LLC",50,Fiber to the Premises,4232,4402,4245,4416
210018,"Cherry Capital Connection, LLC",70,Unlicensed Fixed Wireless,190,239,190,239
210019,City of Wilson,50,Fiber to the Premises,27013,33444,27013,33444
210042,Imagine Networks,10,Copper,2,9,0,0
210042,Imagine Networks,50,Fiber to the Premises,1649,1654,0,0
210042,Imagine Networks,70,Unlicensed Fixed Wireless,957,984,1,2
210061,"Pavlov Media, Inc.",50,Fiber to the Premises,114421,187450,115081,193285
210080,Traer Municipal Utilities,50,Fiber to the Premises,5,7,11,12
210080,Traer Municipal Utilities,70,Unlicensed Fixed Wireless,66,67,1,1
210087,Wintek Corporation,50,Fiber to the Premises,6969,20434,6969,20434
210090,Richmond Telephone Company LLC,10,Copper,11,12,0,0
210090,Richmond Telephone Company LLC,50,Fiber to the Premises,823,860,47,50
210092,C&W Communications,70,Unlicensed Fixed Wireless,3468,4284,497,1066
210092,C&W Communications,71,Licensed Fixed Wireless,0,0,1,13
210092,C&W Communications,72,LBR Fixed Wireless,12008,13773,757,1496
210101,Xchange Telecom Corp.,10,Copper,12,268,12,268
210101,Xchange Telecom Corp.,71,Licensed Fixed Wireless,21848,125848,21848,125848
220001,PTI Pacifica Inc.,10,Copper,10620,18197,10620,18197
220001,PTI Pacifica Inc.,50,Fiber to the Premises,1094,2352,2748,5760
220001,PTI Pacifica Inc.,70,Unlicensed Fixed Wireless,28957,43317,28957,43317
220005,"Allied Telecom Group, LLC",10,Copper,0,0,143,3605
220005,"Allied Telecom Group, LLC",40,Cable,0,0,45,575
220005,"Allied Telecom Group, LLC",50,Fiber to the Premises,0,0,180,6076
220005,"Allied Telecom Group, LLC",70,Unlicensed Fixed Wireless,0,0,2,26
220007,BreezeAir Networks LLC,50,Fiber to the Premises,689,694,0,0
220007,BreezeAir Networks LLC,70,Unlicensed Fixed Wireless,1401,1428,1401,1428
220008,Bayou Cable Inc.,40,Cable,2823,3075,2823,3075
220015,"CellTex Networks, LLC",72,LBR Fixed Wireless,76562,82104,76562,82104
220016,City of Morganton,40,Cable,5141,6460,548,1084
220016,City of Morganton,50,Fiber to the Premises,289,589,132,456
220027,"Fourway Computer Products, Inc.",50,Fiber to the Premises,142,143,4414,5508
220027,"Fourway Computer Products, Inc.",70,Unlicensed Fixed Wireless,9153,10152,9153,10152
220027,"Fourway Computer Products, Inc.",72,LBR Fixed Wireless,39116,45717,39116,45717
220028,Full Service Network LP,10,Copper,0,0,21,295
220031,"IsoFusion, Inc.",50,Fiber to the Premises,86134,113423,86134,113423
220046,NTInet Inc.,50,Fiber to the Premises,839,1225,142,245
220048,"Netwurx, LLC",50,Fiber to the Premises,23,202,27,205
220048,"Netwurx, LLC",70,Unlicensed Fixed Wireless,13841,16661,3422,4632
220048,"Netwurx, LLC",72,LBR Fixed Wireless,6710,7629,1169,1632
220052,"QCOL, Inc.",50,Fiber to the Premises,13076,15687,13076,15687
220058,Rocky Ridge Wireless,70,Unlicensed Fixed Wireless,566,673,22,41
220066,Seimitsu Corporation,50,Fiber to the Premises,1296,3058,1296,3058
220069,City of Valparaiso,40,Cable,1449,1698,4,10
220071,Vogtmann Engineering Inc.,40,Cable,1912,1995,58,60
220071,Vogtmann Engineering Inc.,50,Fiber to the Premises,756,782,1,1
220073,Mountain West Technologies Corporation,50,Fiber to the Premises,1322,1734,1322,1734
220073,Mountain West Technologies Corporation,70,Unlicensed Fixed Wireless,38737,48318,38737,48318
220073,Mountain West Technologies Corporation,72,LBR Fixed Wireless,39802,49559,39802,49559
220078,Crystal Broadband Networks,40,Cable,2290,2334,2290,2334
220078,Crystal Broadband Networks,50,Fiber to the Premises,5048,5713,5048,5713
220079,Blue Mountain Networks LLC,40,Cable,10777,13659,10777,13659
220079,Blue Mountain Networks LLC,50,Fiber to the Premises,20317,26145,20317,26145
220079,Blue Mountain Networks LLC,70,Unlicensed Fixed Wireless,46390,59441,43999,56862
230006,City of Chanute Kansas,50,Fiber to the Premises,3256,3488,422,437
230008,"Computer Office Solutions, Inc./Negia, Inc.",70,Unlicensed Fixed Wireless,0,0,16591,43493
230011,"Cyberdyne Networks, Inc.",72,LBR Fixed Wireless,30664,35864,30664,35864
230021,"Ind. Co. Cable TV, Inc.",40,Cable,7181,7460,7181,7460
230021,"Ind. Co. Cable TV, Inc.",50,Fiber to the Premises,3438,3557,3438,3557
230022,Intermart Inc.,70,Unlicensed Fixed Wireless,184554,257996,184554,257996
230025,"Konceptio Data Services, LLC",50,Fiber to the Premises,1332,1735,1332,1735
230025,"Konceptio Data Services, LLC",70,Unlicensed Fixed Wireless,27727,39252,27745,39281
230036,"Rebus Communications, LLC",70,Unlicensed Fixed Wireless,5834,6245,5834,6245
230043,Southeast Colorado Power Association,50,Fiber to the Premises,15177,21077,15177,21077
230043,Southeast Colorado Power Association,70,Unlicensed Fixed Wireless,47368,54796,47368,54796
230043,Southeast Colorado Power Association,72,LBR Fixed Wireless,58480,67327,58480,67327
230050,"USFon, Inc.",10,Copper,1,87,0,0
230050,"USFon, Inc.",50,Fiber to the Premises,0,0,1,1
230050,"USFon, Inc.",71,Licensed Fixed Wireless,0,0,1,1
230051,Utah Telecommunication Open Infrastructure Agency,50,Fiber to the Premises,182973,287493,182973,287493
230056,"Xclutel, LLC",10,Copper,0,0,5,28
230056,"Xclutel, LLC",50,Fiber to the Premises,0,0,32,203
230062,"Hillbilly Wireless Internet, Inc.",50,Fiber to the Premises,2241,2256,2241,2256
230062,"Hillbilly Wireless Internet, Inc.",70,Unlicensed Fixed Wireless,19814,21224,19814,21224
230062,"Hillbilly Wireless Internet, Inc.",72,LBR Fixed Wireless,8241,8923,0,0
240006,"BalsamWest FiberNET, LLC",50,Fiber to the Premises,1812,2855,710,1303
240006,"BalsamWest FiberNET, LLC",70,Unlicensed Fixed Wireless,2008,2067,320,476
240006,"BalsamWest FiberNET, LLC",71,Licensed Fixed Wireless,587,616,44,50
240009,Bolt Internet Inc.,70,Unlicensed Fixed Wireless,58369,66842,58369,66842
240009,Bolt Internet Inc.,72,LBR Fixed Wireless,30135,36322,30135,36322
240012,Bryan Municipal Utilties,50,Fiber to the Premises,0,0,4676,5007
240014,"CalNeva Broadband, LLC",40,Cable,5507,7611,5507,7611
240017,Chaparral Holding Corporation,40,Cable,5164,5904,675,988
240017,Chaparral Holding Corporation,50,Fiber to the Premises,335,347,13,20
240017,Chaparral Holding Corporation,71,Licensed Fixed Wireless,109882,159584,12133,34126
240022,CND Acquisition Corp.,40,Cable,5789,6284,4923,5678
240022,CND Acquisition Corp.,50,Fiber to the Premises,2265,2450,725,910
240031,Davis Communications Inc.,40,Cable,3582,5277,218,592
240032,DayStarr LLC,50,Fiber to the Premises,12347,13743,12347,13743
240035,"Fast-Air Internet, Inc.",70,Unlicensed Fixed Wireless,4158,4486,3839,4164
240037,Fort Pierce Utilities Authority,50,Fiber to the Premises,1324,2216,1338,2253
240038,Frank Howard TV Cable Inc.,40,Cable,3610,3643,3610,3643
240041,Google LLC,50,Fiber to the Premises,1886259,2421160,49612,281200
240041,Google LLC,70,Unlicensed Fixed Wireless,4001,171335,1258,30854
240044,Highland Communication Services,50,Fiber to the Premises,4032,5283,4032,5283
240046,"Hughes Computer Services, Inc.",70,Unlicensed Fixed Wireless,282,406,0,0
240056,LTD Broadband LLC,50,Fiber to the Premises,18470,20477,18470,20477
240056,LTD Broadband LLC,70,Unlicensed Fixed Wireless,14053,14832,14053,14832
240056,LTD Broadband LLC,72,LBR Fixed Wireless,1021063,1218707,1021063,1218707
240058,Mid-Hudson Cablevision,40,Cable,30209,37844,30209,37844
240058,Mid-Hudson Cablevision,50,Fiber to the Premises,21476,27380,21476,27380
240058,Mid-Hudson Cablevision,70,Unlicensed Fixed Wireless,378,421,0,0
240061,Montana Opticom LLC,50,Fiber to the Premises,20451,35148,20451,35148
240062,"Mountain Communications, LLC",50,Fiber to the Premises,3471,3863,3471,3863
240063,Murray Electric System,40,Cable,6140,7709,6140,7709
240063,Murray Electric System,50,Fiber to the Premises,3330,3535,4153,5100
240064,Nelson County Cablevision Corp.,50,Fiber to the Premises,3173,3799,3173,3799
240065,"Nelsonville TV Cable, Inc.",40,Cable,10190,12227,10190,12227
240068,"Neu Ventures, Inc.",40,Cable,4296,4538,4296,4538
240068,"Neu Ventures, Inc.",70,Unlicensed Fixed Wireless,7565,8958,7565,8958
240081,Reinbeck Municipal Telecommunications Utility,40,Cable,1049,1109,188,198
240081,Reinbeck Municipal Telecommunications Utility,70,Unlicensed Fixed Wireless,1165,1246,278,338
240085,Scottsboro Electric Power Board,40,Cable,6088,7345,6088,7345
240085,Scottsboro Electric Power Board,50,Fiber to the Premises,6088,7345,6088,7345
240090,"Stowe Communications, LLC",40,Cable,2473,3634,2473,3634
240090,"Stowe Communications, LLC",50,Fiber to the Premises,2962,4524,2962,4524
240102,Jefferson County Cable,40,Cable,12409,13173,12409,13173
240102,Jefferson County Cable,50,Fiber to the Premises,1580,1613,1580,1613
240109,Montana Internet Corporation,50,Fiber to the Premises,1482,1738,1482,1738
240109,Montana Internet Corporation,70,Unlicensed Fixed Wireless,13926,18765,13926,18765
240109,Montana Internet Corporation,72,LBR Fixed Wireless,27190,33282,27190,33282
240110,"Public Utility District of Grant County, Washington",50,Fiber to the Premises,34301,40285,4704,6813
240119,Transtelco Holding,50,Fiber to the Premises,0,0,40,168
240119,Transtelco Holding,70,Unlicensed Fixed Wireless,0,0,3,5
250003,"360 Communications, LLC (OR & WA)",70,Unlicensed Fixed Wireless,15757,20393,15757,20393
250014,"Arbuckle Communications, LLC",70,Unlicensed Fixed Wireless,1370,1484,1370,1484
250014,"Arbuckle Communications, LLC",71,Licensed Fixed Wireless,3150,3343,3150,3343
250014,"Arbuckle Communications, LLC",72,LBR Fixed Wireless,42110,44556,42110,44556
250027,City of Lebanon Utilities,50,Fiber to the Premises,0,0,6,6
250027,City of Lebanon Utilities,70,Unlicensed Fixed Wireless,9352,10741,9352,10741
250028,"Collins Communications, LLC",70,Unlicensed Fixed Wireless,24322,29216,24322,29216
250046,Hinson Communications Inc.,50,Fiber to the Premises,0,0,22,55
250053,"Lobo Internet Services, Ltd.",70,Unlicensed Fixed Wireless,310938,427701,310938,427701
250066,"Ridgetop Networks, LLC",10,Copper,1,1,1,1
250066,"Ridgetop Networks, LLC",70,Unlicensed Fixed Wireless,1149,1434,1149,1434
250069,Satellite Operations Inc.,40,Cable,116,116,116,116
250069,Satellite Operations Inc.,50,Fiber to the Premises,2300,2342,2300,2342
250070,Servpac Inc.,10,Copper,0,0,47,490
250070,Servpac Inc.,50,Fiber to the Premises,0,0,181,4552
250070,Servpac Inc.,70,Unlicensed Fixed Wireless,0,0,2,3
250081,"Urban Communications, Inc.",70,Unlicensed Fixed Wireless,2690,3415,934,1731
250085,"Wireless Data Net, LLC",50,Fiber to the Premises,241,247,241,247
250085,"Wireless Data Net, LLC",70,Unlicensed Fixed Wireless,4745,5248,4745,5248
250085,"Wireless Data Net, LLC",72,LBR Fixed Wireless,4876,5406,4876,5406
250090,Wyoming.Com,50,Fiber to the Premises,486,614,486,614
250090,Wyoming.Com,70,Unlicensed Fixed Wireless,30540,36189,30450,36098
250090,Wyoming.Com,72,LBR Fixed Wireless,4330,4900,4307,4877
250099,Resonance Broadband LLC,70,Unlicensed Fixed Wireless,1420,1579,1420,1579
250102,Rural Farm Networks LLC,70,Unlicensed Fixed Wireless,245,267,0,0
260000,"Farmers Telecommunications Cooperative, Inc.",50,Fiber to the Premises,38365,42393,38365,42393
260003,Bertram Communications LLC,50,Fiber to the Premises,2267,2417,2267,2417
260003,Bertram Communications LLC,70,Unlicensed Fixed Wireless,555606,715725,555606,715725
260003,Bertram Communications LLC,71,Licensed Fixed Wireless,82810,104356,82810,104356
260007,City of Burbank/Burbank Water and Power,50,Fiber to the Premises,0,0,164,883
260009,Columbia Power and Water Systems,40,Cable,16867,21315,312,487
260009,Columbia Power and Water Systems,50,Fiber to the Premises,2585,2630,0,0
260010,"MiFiber Holding, LLC",40,Cable,1866,2327,1866,2327
260010,"MiFiber Holding, LLC",50,Fiber to the Premises,6033,7064,6033,7064
260010,"MiFiber Holding, LLC",70,Unlicensed Fixed Wireless,198221,272238,198221,272238
260016,Digi Comm Enterprises LLC,70,Unlicensed Fixed Wireless,30751,37229,30751,37229
260017,District of Columbia Government/Office of the Chief Technology Officer,50,Fiber to the Premises,0,0,47,687
260019,"G5 Internet, LLC",50,Fiber to the Premises,33,34,33,34
260019,"G5 Internet, LLC",70,Unlicensed Fixed Wireless,2473,2604,2473,2604
260025,Broadband on Demand LLC,70,Unlicensed Fixed Wireless,37637,41991,37637,41991
260042,Roller Network LLC,10,Copper,0,0,4,52
260042,Roller Network LLC,70,Unlicensed Fixed Wireless,0,0,1,1
260042,Roller Network LLC,71,Licensed Fixed Wireless,0,0,4,4
260049,SMR Communications,40,Cable,874,923,874,923
260049,SMR Communications,50,Fiber to the Premises,79,82,79,82
260051,Spry Wireless Communications Inc.,70,Unlicensed Fixed Wireless,25369,28577,25369,28577
260052,Succeed.Net,50,Fiber to the Premises,2969,3206,0,0
260052,Succeed.Net,70,Unlicensed Fixed Wireless,223430,297414,223430,297414
260056,Total Highspeed LLC,50,Fiber to the Premises,14701,15455,14701,15455
260056,Total Highspeed LLC,70,Unlicensed Fixed Wireless,323659,392619,323659,392619
260062,WVVA.net Inc.,50,Fiber to the Premises,4068,4375,492,644
260062,WVVA.net Inc.,70,Unlicensed Fixed Wireless,11037,11980,1642,2231
260062,WVVA.net Inc.,72,LBR Fixed Wireless,3353,3547,451,530
260068,"SnowCloud Services, LLC",71,Licensed Fixed Wireless,3558,6206,3558,6206
260069,Spanish Fork City,40,Cable,12664,14197,12664,14197
260069,Spanish Fork City,50,Fiber to the Premises,12664,14197,12664,14197
260070,Warm Springs Telecommunications Company,70,Unlicensed Fixed Wireless,1147,1147,1147,1147
270002,1 Point Communications,50,Fiber to the Premises,14,15,4,13
270002,1 Point Communications,70,Unlicensed Fixed Wireless,21,22,1,1
270011,"Alyrica Networks, Inc.",10,Copper,33,351,3,11
270011,"Alyrica Networks, Inc.",50,Fiber to the Premises,2098,2788,2036,2131
270011,"Alyrica Networks, Inc.",70,Unlicensed Fixed Wireless,4357,5175,4357,5175
270011,"Alyrica Networks, Inc.",71,Licensed Fixed Wireless,181979,246780,181979,246780
270011,"Alyrica Networks, Inc.",72,LBR Fixed Wireless,62803,85844,62803,85844
270012,Aristotle Unified Communications Inc.,50,Fiber to the Premises,1066,1212,1066,1212
270012,Aristotle Unified Communications Inc.,71,Licensed Fixed Wireless,13346,14208,13346,14208
270012,Aristotle Unified Communications Inc.,72,LBR Fixed Wireless,40139,49947,40139,49947
270014,Bowling Green Municipal Utilities,50,Fiber to the Premises,0,0,692,2631
270016,Bethesda Wireless LLC,50,Fiber to the Premises,24,26,24,26
270016,Bethesda Wireless LLC,70,Unlicensed Fixed Wireless,1358,1391,0,0
270020,"Cal.net, Inc.",50,Fiber to the Premises,103,118,103,118
270020,"Cal.net, Inc.",70,Unlicensed Fixed Wireless,509766,649093,509766,649093
270020,"Cal.net, Inc.",71,Licensed Fixed Wireless,127401,156078,127401,156078
270020,"Cal.net, Inc.",72,LBR Fixed Wireless,558891,746204,558891,746204
270023,"City of Richmond, Indiana",50,Fiber to the Premises,0,0,1463,2598
270023,"City of Richmond, Indiana",70,Unlicensed Fixed Wireless,5,5,1463,2598
270024,City of Wyandotte,40,Cable,9876,11554,9876,11554
270024,City of Wyandotte,50,Fiber to the Premises,9876,11554,9876,11554
270027,Columbia Energy LLC,50,Fiber to the Premises,3992,4850,3992,4850
270027,Columbia Energy LLC,70,Unlicensed Fixed Wireless,3989,4740,3989,4740
270027,Columbia Energy LLC,71,Licensed Fixed Wireless,19950,23443,19950,23443
270045,Getwireless.net,50,Fiber to the Premises,83,2720,0,0
270051,Aseva LLC,50,Fiber to the Premises,0,0,16,72
270051,Aseva LLC,70,Unlicensed Fixed Wireless,37,37,17,96
270061,Maxwire Inc.,70,Unlicensed Fixed Wireless,492,547,492,547
270061,Maxwire Inc.,72,LBR Fixed Wireless,11279,12398,11279,12398
270063,"MontanaSky Networks, Inc.",50,Fiber to the Premises,4325,5143,4325,5143
270063,"MontanaSky Networks, Inc.",70,Unlicensed Fixed Wireless,9941,12387,9941,12387
270063,"MontanaSky Networks, Inc.",71,Licensed Fixed Wireless,3864,4679,3864,4679
270065,Noize Communications LLC,70,Unlicensed Fixed Wireless,12728,14375,12728,14375
270074,"Skywave Wireless, Inc.",50,Fiber to the Premises,4143,4561,4143,4561
270074,"Skywave Wireless, Inc.",70,Unlicensed Fixed Wireless,6602,7015,6602,7015
270076,"Sonic Spectrum, Inc.",50,Fiber to the Premises,2855,2998,2855,2998
270077,SonicNet Inc.,50,Fiber to the Premises,610,663,26,38
270077,SonicNet Inc.,70,Unlicensed Fixed Wireless,761,784,72,78
270077,SonicNet Inc.,71,Licensed Fixed Wireless,440,460,51,62
270084,TC LLC,50,Fiber to the Premises,1203,1257,1203,1257
270084,TC LLC,70,Unlicensed Fixed Wireless,864,864,864,864
270090,CG Computer Works LLC,50,Fiber to the Premises,22621,24606,1746,2754
270090,CG Computer Works LLC,70,Unlicensed Fixed Wireless,1831,1888,1831,1888
270096,"Velocity Broadband Internet, Inc.",70,Unlicensed Fixed Wireless,3235,3280,3235,3280
270099,"Western Communications, Inc.",70,Unlicensed Fixed Wireless,52,58,52,58
270101,"WireFree Communications, Inc.",70,Unlicensed Fixed Wireless,36918,42467,36918,42467
270102,X1 Communications Inc.,70,Unlicensed Fixed Wireless,4978,12637,4978,12637
270115,Webhiway Communications LLC,70,Unlicensed Fixed Wireless,91,138,3,9
280001,Cogeco Cable Holdings II Inc.,40,Cable,1245181,1751351,199007,539923
280001,Cogeco Cable Holdings II Inc.,50,Fiber to the Premises,89157,153006,6243,47175
280004,"Air Link Rural Broadband, LLC",50,Fiber to the Premises,7479,7882,7479,7882
280004,"Air Link Rural Broadband, LLC",70,Unlicensed Fixed Wireless,88960,96809,88960,96809
280005,Aureon Network Services Inc.,10,Copper,175,598,175,598
280005,Aureon Network Services Inc.,40,Cable,26,38,26,38
280005,Aureon Network Services Inc.,50,Fiber to the Premises,0,0,405,1243
280010,Borough of Kutztown,50,Fiber to the Premises,1653,2661,1653,2661
280011,"James Bouse Enterprises, LLC",50,Fiber to the Premises,6929,8514,6929,8514
280011,"James Bouse Enterprises, LLC",70,Unlicensed Fixed Wireless,3426,4145,3426,4145
280014,City of Longmont,50,Fiber to the Premises,30983,47566,30983,47566
280017,"Co-Mo Electric Cooperative, Inc.",50,Fiber to the Premises,55238,60621,55238,60621
280020,"Eastern Shore Communications, LLC",50,Fiber to the Premises,1945,2377,1945,2377
280020,"Eastern Shore Communications, LLC",70,Unlicensed Fixed Wireless,4301,10503,4301,10503
280024,FractalVision,70,Unlicensed Fixed Wireless,1193,1206,1193,1206
280035,Mile High Networks,72,LBR Fixed Wireless,62719,72285,62719,72285
280046,"Professional Satellite Services, Inc.",70,Unlicensed Fixed Wireless,944,1098,944,1098
280047,"Rayfield Communications, Inc.",70,Unlicensed Fixed Wireless,1048,1236,339,525
280057,"Tekify, LLC",50,Fiber to the Premises,647,837,647,837
280057,"Tekify, LLC",70,Unlicensed Fixed Wireless,145668,246136,145668,246136
280063,Veloxnet Inc.,50,Fiber to the Premises,157,177,157,177
280063,Veloxnet Inc.,70,Unlicensed Fixed Wireless,210,518,159,466
280063,Veloxnet Inc.,72,LBR Fixed Wireless,94,111,90,107
280067,"Rural Connect, LLC",70,Unlicensed Fixed Wireless,66,74,7,11
280069,ZMP Holding Company,50,Fiber to the Premises,587,687,745,846
280069,ZMP Holding Company,70,Unlicensed Fixed Wireless,1407,1539,1658,1845
280073,LARIAT,50,Fiber to the Premises,2,24,2,24
280073,LARIAT,71,Licensed Fixed Wireless,9934,14751,9934,14751
280075,EastSierra.Net,70,Unlicensed Fixed Wireless,306,338,0,0
290004,"AtLink Services, LLC",50,Fiber to the Premises,152,166,152,166
290004,"AtLink Services, LLC",70,Unlicensed Fixed Wireless,192637,222038,192637,222038
290004,"AtLink Services, LLC",71,Licensed Fixed Wireless,111502,119787,111502,119787
290004,"AtLink Services, LLC",72,LBR Fixed Wireless,336961,393407,336961,393407
290006,"AirFiber, Inc.",71,Licensed Fixed Wireless,20608,24435,20608,24435
290007,Alamo Broadband Inc.,40,Cable,41,41,1,1
290007,Alamo Broadband Inc.,50,Fiber to the Premises,1659,1674,55,71
290007,Alamo Broadband Inc.,70,Unlicensed Fixed Wireless,219085,263254,16055,47527
290008,AlignTec Inc.,50,Fiber to the Premises,10,14,0,0
290008,AlignTec Inc.,70,Unlicensed Fixed Wireless,14159,16938,0,0
290008,AlignTec Inc.,71,Licensed Fixed Wireless,1,1,0,0
290009,ALTIUS Communications LLC,70,Unlicensed Fixed Wireless,162493,192764,162493,192764
290009,ALTIUS Communications LLC,72,LBR Fixed Wireless,148455,199181,148455,199181
290010,AMG Technology Investment Group LLC,50,Fiber to the Premises,103541,113067,103541,113067
290010,AMG Technology Investment Group LLC,70,Unlicensed Fixed Wireless,922083,1055721,922083,1055721
290010,AMG Technology Investment Group LLC,71,Licensed Fixed Wireless,1636119,1930202,1636119,1930202
290010,AMG Technology Investment Group LLC,72,LBR Fixed Wireless,534099,711592,534099,711592
290015,"Bear River Communications, LLC",70,Unlicensed Fixed Wireless,8784,10192,8247,9608
290016,"Believe Wireless, LLC",50,Fiber to the Premises,1,1,1,1
290016,"Believe Wireless, LLC",70,Unlicensed Fixed Wireless,512953,785768,512953,785768
290018,Pocomoke Holdings,50,Fiber to the Premises,230,241,230,241
290018,Pocomoke Holdings,70,Unlicensed Fixed Wireless,15018,18573,15018,18573
290018,Pocomoke Holdings,71,Licensed Fixed Wireless,249553,309680,249553,309680
290031,"Computer Techniques, Inc.",50,Fiber to the Premises,29140,31938,29140,31938
290037,"Digital Connections, Inc.",50,Fiber to the Premises,10658,10819,10658,10819
290039,"DMCI Broadband, LLC",50,Fiber to the Premises,2911,2959,2911,2959
290039,"DMCI Broadband, LLC",70,Unlicensed Fixed Wireless,5962,6686,5264,5955
290039,"DMCI Broadband, LLC",71,Licensed Fixed Wireless,16225,17204,16067,17040
290042,"Electronic Corporate Pages, Inc.",70,Unlicensed Fixed Wireless,139789,168973,139789,168973
290052,In The Stix Broadband LLC,50,Fiber to the Premises,577,586,577,586
290052,In The Stix Broadband LLC,70,Unlicensed Fixed Wireless,42097,52216,41498,51583
290052,In The Stix Broadband LLC,72,LBR Fixed Wireless,13652,15733,13582,15657
290053,Innovative Financial Technologies LLC,10,Copper,71,668,71,668
290053,Innovative Financial Technologies LLC,40,Cable,4453,4829,4453,4829
290053,Innovative Financial Technologies LLC,50,Fiber to the Premises,6610,7074,6610,7074
290053,Innovative Financial Technologies LLC,70,Unlicensed Fixed Wireless,121670,150925,120607,149831
290053,Innovative Financial Technologies LLC,72,LBR Fixed Wireless,16387,18500,16377,18489
290057,"Interstate Wireless, Inc.",70,Unlicensed Fixed Wireless,4257,4725,0,0
290058,JMZ Corporation,50,Fiber to the Premises,34925,37504,34925,37504
290058,JMZ Corporation,70,Unlicensed Fixed Wireless,94005,109945,94005,109945
290058,JMZ Corporation,72,LBR Fixed Wireless,38465,44965,38465,44965
290061,Lake Region Technology & Communications LLC,50,Fiber to the Premises,26072,28671,26072,28671
290065,ISP Industries LLC,70,Unlicensed Fixed Wireless,758059,1084734,758059,1084734
290074,Northern Arapaho Tribal Industries,50,Fiber to the Premises,1284,1420,1284,1420
290074,Northern Arapaho Tribal Industries,70,Unlicensed Fixed Wireless,11207,12378,11207,12378
290075,Northwest Open Access Network,50,Fiber to the Premises,2440,3131,1189,3045
290079,"Portative Technologies, LLC",70,Unlicensed Fixed Wireless,3898,4362,3898,4362
290087,Rural Broadband Network Services LLC,70,Unlicensed Fixed Wireless,1014,1210,159,181
290088,San Diego Broadband,70,Unlicensed Fixed Wireless,236525,314394,248996,374788
290091,SmartBurst LLC,70,Unlicensed Fixed Wireless,5173,6006,5153,5986
290091,SmartBurst LLC,72,LBR Fixed Wireless,56,56,56,56
290093,"Declaration Networks Group, Inc.",40,Cable,1308,1588,1308,1588
290093,"Declaration Networks Group, Inc.",50,Fiber to the Premises,2610,3370,2610,3370
290093,"Declaration Networks Group, Inc.",70,Unlicensed Fixed Wireless,121243,158137,121243,158137
290093,"Declaration Networks Group, Inc.",72,LBR Fixed Wireless,16089,18299,16089,18299
290097,"Splash Wireless Internet, LLC",70,Unlicensed Fixed Wireless,29577,36022,29576,36021
290099,"Taos Net, LLC",70,Unlicensed Fixed Wireless,12952,17583,12952,17583
290103,TELE-PAGE Inc.,70,Unlicensed Fixed Wireless,556,658,556,658
290105,Television Association of Republic,40,Cable,342,430,342,430
290105,Television Association of Republic,50,Fiber to the Premises,317,355,317,355
290105,Television Association of Republic,70,Unlicensed Fixed Wireless,1096,1239,1096,1239
290106,The Junction Internet LLC,50,Fiber to the Premises,210,289,210,289
290106,The Junction Internet LLC,70,Unlicensed Fixed Wireless,2274,2498,2274,2498
290106,The Junction Internet LLC,71,Licensed Fixed Wireless,32999,34725,32999,34725
290106,The Junction Internet LLC,72,LBR Fixed Wireless,51478,59046,51478,59046
290108,Tnet Broadband Internet,70,Unlicensed Fixed Wireless,4385,4686,957,1102
290108,Tnet Broadband Internet,72,LBR Fixed Wireless,626,714,626,714
290111,"Viasat, Inc.",60,GSO Satellite,114686800,160048703,113325870,158291672
290118,Webformix Company,70,Unlicensed Fixed Wireless,27685,37308,2,2
290118,Webformix Company,71,Licensed Fixed Wireless,5804,8121,0,0
290118,Webformix Company,72,LBR Fixed Wireless,3210,3848,0,0
290121,Wificow Wyoming Corporation,70,Unlicensed Fixed Wireless,1708,1744,1708,1744
290123,Fluid-Blu Technologies,70,Unlicensed Fixed Wireless,11758,13578,11758,13578
290128,"Kern Valley Wireless, Inc.",70,Unlicensed Fixed Wireless,5759,6301,5712,6255
290128,"Kern Valley Wireless, Inc.",72,LBR Fixed Wireless,1191,1279,1160,1247
300005,"Acme Communications, Inc.",50,Fiber to the Premises,2020,2373,2020,2373
300008,"Airosurf Communications, Inc.",70,Unlicensed Fixed Wireless,52089,64707,52089,64707
300010,"Anvil Communications, Inc.",70,Unlicensed Fixed Wireless,5161,5599,0,0
300015,City of Bagley,40,Cable,555,894,152,264
300016,"Basin 2 Way Radio, Inc.",70,Unlicensed Fixed Wireless,316,353,0,0
300019,"Bluespan Wireless, LLC",70,Unlicensed Fixed Wireless,27997,42572,27997,42572
300020,Borealis Broadband Inc.,70,Unlicensed Fixed Wireless,58430,98739,4059,16918
300024,"Brolly Communications, Inc.",70,Unlicensed Fixed Wireless,7406,8241,7338,8172
300025,Hilbert Communications LLC,50,Fiber to the Premises,25201,29629,25201,29629
300025,Hilbert Communications LLC,70,Unlicensed Fixed Wireless,60830,80304,60830,80304
300025,Hilbert Communications LLC,71,Licensed Fixed Wireless,279129,338593,279129,338593
300025,Hilbert Communications LLC,72,LBR Fixed Wireless,400098,487013,400098,487013
300027,"CTI Networks, Inc.",70,Unlicensed Fixed Wireless,457345,584744,457345,584744
300029,Cirra Networks,70,Unlicensed Fixed Wireless,58684,76903,56250,74417
300031,City of Monticello,50,Fiber to the Premises,4022,5619,4022,5619
300034,Communications Management Group LLC,50,Fiber to the Premises,0,0,155,755
300042,"Critical Hub Networks, Inc.",50,Fiber to the Premises,71354,195030,71354,195030
300043,Cruzio Internet,50,Fiber to the Premises,123,890,123,890
300043,Cruzio Internet,70,Unlicensed Fixed Wireless,86533,140500,86533,140500
300044,GI DI Vertigo Acquisition LLC,50,Fiber to the Premises,0,0,958,4932
300049,Eastern Shore of Virginia Broadband Authority,50,Fiber to the Premises,22724,25188,22724,25188
300057,"Fatbeam Holdings, LLC",50,Fiber to the Premises,16958,19168,465,1117
300066,Hunter Communications & Technologies LLC,40,Cable,171,198,171,198
300066,Hunter Communications & Technologies LLC,50,Fiber to the Premises,88916,113467,88916,113467
300066,Hunter Communications & Technologies LLC,71,Licensed Fixed Wireless,53847,62845,53847,62845
300069,Freeway Networks LLC,70,Unlicensed Fixed Wireless,541,544,0,0
300074,Jo-Carroll Electric Cooperative Inc.,50,Fiber to the Premises,25878,28122,25877,28121
300074,Jo-Carroll Electric Cooperative Inc.,70,Unlicensed Fixed Wireless,11609,12529,11609,12529
300077,"Kansas Broadband Internet, Inc.",70,Unlicensed Fixed Wireless,11670,13764,0,0
300077,"Kansas Broadband Internet, Inc.",72,LBR Fixed Wireless,9339,12435,0,0
300078,Windfield Enterprises LLC,71,Licensed Fixed Wireless,168617,215755,168617,215755
300078,Windfield Enterprises LLC,72,LBR Fixed Wireless,180099,245018,180099,245018
300083,Local Internet Service Company,50,Fiber to the Premises,2799,3681,2799,3681
300085,"Tower Bridge Mobile Holdings, LLC",71,Licensed Fixed Wireless,33568,46358,33568,46358
300086,MCNC,50,Fiber to the Premises,0,0,255,616
300087,Marshall Municipal Utilities,50,Fiber to the Premises,6297,7020,6297,7020
300091,Midwest Energy Cooperative,50,Fiber to the Premises,90098,97586,90098,97586
300092,"Mission Valley Communications, LLC",70,Unlicensed Fixed Wireless,16496,18021,16496,18021
300093,Mosier WiNet LLC,50,Fiber to the Premises,168,218,170,220
300093,Mosier WiNet LLC,70,Unlicensed Fixed Wireless,342,501,351,511
300093,Mosier WiNet LLC,71,Licensed Fixed Wireless,1,1,1,1
300097,"XTel Communications, Inc.",10,Copper,0,0,88,483
300097,"XTel Communications, Inc.",40,Cable,0,0,70,610
300097,"XTel Communications, Inc.",50,Fiber to the Premises,0,0,123,935
300097,"XTel Communications, Inc.",70,Unlicensed Fixed Wireless,0,0,7,49
300107,"Night Owl Wireless, LLC",50,Fiber to the Premises,1117,1247,1117,1247
300107,"Night Owl Wireless, LLC",70,Unlicensed Fixed Wireless,439,465,439,465
300107,"Night Owl Wireless, LLC",72,LBR Fixed Wireless,38,38,38,38
300110,Mohawk Networks LLC,50,Fiber to the Premises,605,745,88,223
300110,Mohawk Networks LLC,70,Unlicensed Fixed Wireless,115,126,3,4
300111,"Northern Network Concepts, Inc.",70,Unlicensed Fixed Wireless,1213,1260,1213,1260
300111,"Northern Network Concepts, Inc.",72,LBR Fixed Wireless,5822,6434,5822,6434
300112,Okanogan County PUD No. 1,50,Fiber to the Premises,522,787,522,787
300112,Okanogan County PUD No. 1,70,Unlicensed Fixed Wireless,10848,12656,10815,12623
300113,Orange S.A.,50,Fiber to the Premises,0,0,10,23
300116,"Pasty.net, Inc.",70,Unlicensed Fixed Wireless,1049,1155,1049,1155
300117,"Peak WiFi, LLC",70,Unlicensed Fixed Wireless,1886,2251,1886,2251
300118,Princeton Electric Plant Board,50,Fiber to the Premises,26,29,193,238
300120,"Professional Value Internet Services, LLC",50,Fiber to the Premises,720,881,720,881
300120,"Professional Value Internet Services, LLC",70,Unlicensed Fixed Wireless,18174,20098,18174,20098
300120,"Professional Value Internet Services, LLC",72,LBR Fixed Wireless,42519,47927,42519,47927
300125,"Richon, Inc.",70,Unlicensed Fixed Wireless,19627,24583,19627,24583
300131,Router12 Networks LLC,40,Cable,509,515,178,180
300131,Router12 Networks LLC,50,Fiber to the Premises,937,1479,214,352
300131,Router12 Networks LLC,70,Unlicensed Fixed Wireless,22861,26223,3497,5143
300132,Royce's Electronics Inc.,70,Unlicensed Fixed Wireless,5399,5878,5399,5878
300132,Royce's Electronics Inc.,72,LBR Fixed Wireless,15465,17905,15465,17905
300135,SDN Communications,50,Fiber to the Premises,0,0,1498,4081
300136,SDWISP,70,Unlicensed Fixed Wireless,862,916,0,0
300138,"SS Ventures, Inc.",50,Fiber to the Premises,538,1686,118,1166
300138,"SS Ventures, Inc.",70,Unlicensed Fixed Wireless,783,1283,119,474
300144,"Siuslaw Broadband, LLC",50,Fiber to the Premises,4705,5893,4705,5893
300149,Southwest Minnesota Broadband Services,50,Fiber to the Premises,4136,4263,4136,4263
300150,"Stratus Networks, Inc.",50,Fiber to the Premises,0,0,102194,151694
300159,"Texas CellNet, Inc.",70,Unlicensed Fixed Wireless,6847,7730,6409,7283
300160,"Texhoma Wireless, LLC",70,Unlicensed Fixed Wireless,31301,35399,31301,35399
300168,VVD Funding LLC,50,Fiber to the Premises,13524,17239,13524,17239
300169,"Virginia Broadband, LLC",70,Unlicensed Fixed Wireless,57750,63859,57750,63859
300170,"Virginia Everywhere, LLC",50,Fiber to the Premises,25263,26088,25263,26088
300170,"Virginia Everywhere, LLC",70,Unlicensed Fixed Wireless,96278,118817,96278,118817
300171,"Visionary Communications, Inc.",50,Fiber to the Premises,49399,55936,49399,55936
300171,"Visionary Communications, Inc.",70,Unlicensed Fixed Wireless,166236,205043,166236,205043
300171,"Visionary Communications, Inc.",71,Licensed Fixed Wireless,91569,109711,91569,109711
300171,"Visionary Communications, Inc.",72,LBR Fixed Wireless,47737,58208,47737,58208
300172,Wireless Internet Corporation,72,LBR Fixed Wireless,229672,284681,229672,284681
300173,WISPRENN,70,Unlicensed Fixed Wireless,87236,98408,87236,98408
300180,"rNetworks, LLC",70,Unlicensed Fixed Wireless,21132,21491,21132,21491
300181,"BEH Communications, LLC",70,Unlicensed Fixed Wireless,7189,8620,7189,8620
300182,Bridger Valley Electric Association Inc.,70,Unlicensed Fixed Wireless,2736,2831,0,0
300186,ICS Advanced Technologies,50,Fiber to the Premises,252,3078,0,0
300186,ICS Advanced Technologies,70,Unlicensed Fixed Wireless,82,85,0,0
300187,RC Wireless Inc.,70,Unlicensed Fixed Wireless,4651,5834,4651,5834
300187,RC Wireless Inc.,71,Licensed Fixed Wireless,24758,32129,24758,32129
300188,Standing Rock Sioux Tribe,71,Licensed Fixed Wireless,3886,4280,1187,1456
300192,"ITC Broadband Operating, LLC",10,Copper,11805,13709,11805,13709
300192,"ITC Broadband Operating, LLC",40,Cable,2417,2744,2417,2744
300192,"ITC Broadband Operating, LLC",50,Fiber to the Premises,57011,65453,57011,65453
300192,"ITC Broadband Operating, LLC",70,Unlicensed Fixed Wireless,14950,16001,14950,16001
300194,Interlakes Wireless LLC,70,Unlicensed Fixed Wireless,1079,1200,926,1046
300194,Interlakes Wireless LLC,71,Licensed Fixed Wireless,370,376,328,334
300194,Interlakes Wireless LLC,72,LBR Fixed Wireless,893,915,893,915
300205,Ruhl Moore Technologies,70,Unlicensed Fixed Wireless,26,45,26,45
310006,Ampersand Technologies LLC,70,Unlicensed Fixed Wireless,43474,46033,42793,45320
310006,Ampersand Technologies LLC,72,LBR Fixed Wireless,82805,91344,82698,91235
310013,Blue Ridge Mountain Electric Membership Corporation,50,Fiber to the Premises,20046,21652,20046,21652
310014,"Blue River Networks, Inc.",70,Unlicensed Fixed Wireless,740,806,740,806
310014,"Blue River Networks, Inc.",71,Licensed Fixed Wireless,234,241,234,241
310015,California Internet,71,Licensed Fixed Wireless,143882,1563143,532663,2325009
310018,"CCT Telecommunications, Inc.",70,Unlicensed Fixed Wireless,0,0,127,328
310022,City of Sandersville,50,Fiber to the Premises,2,2,61,106
310023,"Clarity Telecom, LLC",10,Copper,6353,7049,1402,1640
310023,"Clarity Telecom, LLC",40,Cable,97706,136381,12597,38054
310023,"Clarity Telecom, LLC",50,Fiber to the Premises,249737,331935,24151,74146
310023,"Clarity Telecom, LLC",70,Unlicensed Fixed Wireless,29525,37443,3358,8700
310024,"Clearnetworx, LLC",40,Cable,180,429,180,429
310024,"Clearnetworx, LLC",50,Fiber to the Premises,42799,56027,42799,56027
310024,"Clearnetworx, LLC",70,Unlicensed Fixed Wireless,12818,13835,12818,13835
310026,"Sinch US Holding, Inc.",10,Copper,0,0,3,7
310026,"Sinch US Holding, Inc.",50,Fiber to the Premises,0,0,42,616
310027,"Conifer Communications, Inc.",70,Unlicensed Fixed Wireless,38078,44080,38078,44080
310033,Demopolis CATV Co.,40,Cable,2961,3675,2961,3675
310036,E.L. Automation Inc.,40,Cable,20,70,20,70
310036,E.L. Automation Inc.,50,Fiber to the Premises,2060,2226,2060,2226
310036,E.L. Automation Inc.,70,Unlicensed Fixed Wireless,3569,4055,3569,4055
310036,E.L. Automation Inc.,72,LBR Fixed Wireless,4488,4629,4488,4629
310040,Gtek Communications,70,Unlicensed Fixed Wireless,12149,14137,12149,14137
310040,Gtek Communications,71,Licensed Fixed Wireless,176149,218881,176149,218881
310041,Habersham Electric Membership Corporation,50,Fiber to the Premises,32122,36520,32122,36520
310042,"Helmsco, Inc.",70,Unlicensed Fixed Wireless,57858,76773,57858,76773
310052,"Network Professionals, Inc.",70,Unlicensed Fixed Wireless,20981,25431,20981,25431
310053,New Source Broadband I LLC,70,Unlicensed Fixed Wireless,2163,2286,2163,2286
310053,New Source Broadband I LLC,72,LBR Fixed Wireless,25479,28132,25479,28132
310059,"Redburn Infrastructure, LLC",50,Fiber to the Premises,42,1143,42,1143
310059,"Redburn Infrastructure, LLC",70,Unlicensed Fixed Wireless,210,1005,210,1005
310061,"Salish Networks, Inc.",10,Copper,64,64,0,0
310061,"Salish Networks, Inc.",40,Cable,2099,2193,19,248
310061,"Salish Networks, Inc.",50,Fiber to the Premises,1,1,1,1
310062,Sebewaing Light and Water,50,Fiber to the Premises,605,677,55,55
310063,Signal West LLC,50,Fiber to the Premises,1169,3452,1169,3452
310063,Signal West LLC,70,Unlicensed Fixed Wireless,50120,58553,50120,58553
310065,"Softcom Internet Communications, Inc.",72,LBR Fixed Wireless,44313,50913,2126,3885
310066,"Surf Air Wireless, LLC",50,Fiber to the Premises,252177,274424,252177,274424
310066,"Surf Air Wireless, LLC",72,LBR Fixed Wireless,1659,2020,1659,2020
310067,Surfnet Communications,50,Fiber to the Premises,3455,3919,3455,3919
310067,Surfnet Communications,71,Licensed Fixed Wireless,92979,124095,92979,124095
310078,"Velocity.Net Communications, Inc.",50,Fiber to the Premises,23068,26307,17430,22171
310079,Verso Networks Inc.,70,Unlicensed Fixed Wireless,1092,4472,179,1180
310082,WaveLinc Communications LLC,50,Fiber to the Premises,140,141,140,141
310082,WaveLinc Communications LLC,70,Unlicensed Fixed Wireless,14948,15610,14948,15610
310085,Istari Holdings LLC,70,Unlicensed Fixed Wireless,13356,16765,13356,16765
310085,Istari Holdings LLC,72,LBR Fixed Wireless,42987,52132,42987,52132
310088,Zulu Internet Inc.,70,Unlicensed Fixed Wireless,4526,4767,4526,4767
310092,"Town of Concord, Massachusetts",50,Fiber to the Premises,4552,5561,277,774
310094,"Arrowhead Electric Cooperative, Inc.",50,Fiber to the Premises,5548,6577,5548,6577
310096,"VGI Technology, Inc.",50,Fiber to the Premises,482,527,482,527
310096,"VGI Technology, Inc.",70,Unlicensed Fixed Wireless,4699,4971,4699,4971
310096,"VGI Technology, Inc.",72,LBR Fixed Wireless,75217,91672,75217,91672
320007,Aptitude Internet LLC,50,Fiber to the Premises,7008,7194,503,607
320007,Aptitude Internet LLC,70,Unlicensed Fixed Wireless,389,391,6,6
320013,"B&B Communications, Ltd.",70,Unlicensed Fixed Wireless,42188,52839,1913,5913
320014,Backroads Broadband,70,Unlicensed Fixed Wireless,9937,10234,9937,10234
320018,Brown Dog Networks LLC,70,Unlicensed Fixed Wireless,609020,848982,609020,848982
320031,"Country Wireless, LLC",50,Fiber to the Premises,849,1018,849,1018
320031,"Country Wireless, LLC",70,Unlicensed Fixed Wireless,388,441,388,441
320031,"Country Wireless, LLC",72,LBR Fixed Wireless,49457,58558,49457,58558
320039,Morrison Global,0,Other,0,0,3,36
320045,Giggle Fiber LLC,40,Cable,22601,35599,22601,35599
320045,Giggle Fiber LLC,50,Fiber to the Premises,1483,3191,1483,3191
320047,"Greenlight Networks, LLC",50,Fiber to the Premises,286873,379025,218268,293400
320049,"High Mountain Farm, LLC",50,Fiber to the Premises,1405,1467,1405,1467
320050,Hilltown Networks,70,Unlicensed Fixed Wireless,235,435,128,298
320051,"HPAZ.net, LLC",70,Unlicensed Fixed Wireless,13306,14625,12875,14143
320053,Illinois Electric Cooperative,50,Fiber to the Premises,3026,3315,3026,3315
320053,Illinois Electric Cooperative,70,Unlicensed Fixed Wireless,7869,8598,7869,8598
320053,Illinois Electric Cooperative,71,Licensed Fixed Wireless,20418,22373,20418,22373
320055,"Internet Services, LLC",70,Unlicensed Fixed Wireless,364303,486567,0,0
320056,"Island Networks, LLC",50,Fiber to the Premises,3863,5420,3863,5420
320056,"Island Networks, LLC",71,Licensed Fixed Wireless,516,886,516,886
320057,iWiSP LLC,50,Fiber to the Premises,1910,1944,1910,1944
320057,iWiSP LLC,70,Unlicensed Fixed Wireless,10737,10985,10431,10684
320059,"Last Mile Wireless, LLC",70,Unlicensed Fixed Wireless,10558,10775,10558,10775
320062,Mojavewifi.com LLC,70,Unlicensed Fixed Wireless,25872,31572,25872,31572
320075,"Prairie Hills Wireless, LLC",70,Unlicensed Fixed Wireless,5157,5736,5157,5736
320080,"SBT Internet, Inc.",70,Unlicensed Fixed Wireless,143,160,10,11
320081,SkyHi Corp.,70,Unlicensed Fixed Wireless,24354,26564,24354,26564
320082,SkyNet Communications of Kentucky LLC,70,Unlicensed Fixed Wireless,1099,1518,1099,1518
320084,Small Business Solutions Group LLC,50,Fiber to the Premises,25,63,0,0
320084,Small Business Solutions Group LLC,70,Unlicensed Fixed Wireless,7494,9545,7494,9545
320088,"Stratosnet Technologies, Inc.",70,Unlicensed Fixed Wireless,219904,258599,219904,258599
320090,Complete Computers,70,Unlicensed Fixed Wireless,519,603,519,603
320091,"Coba Systems, LLC",40,Cable,1973,2387,1973,2387
320091,"Coba Systems, LLC",70,Unlicensed Fixed Wireless,6324,9042,6323,9041
320093,The Laffoon Corporation,50,Fiber to the Premises,272,272,272,272
320093,The Laffoon Corporation,70,Unlicensed Fixed Wireless,2177,2237,2177,2237
320094,"Total Radio Service, Inc.",70,Unlicensed Fixed Wireless,2060,2236,2060,2236
320113,"New Era Broadband, LLC",70,Unlicensed Fixed Wireless,2480,2557,2256,2350
320113,"New Era Broadband, LLC",72,LBR Fixed Wireless,2379,2527,2336,2483
320114,"TISD, Inc.",70,Unlicensed Fixed Wireless,26524,30498,26524,30498
320114,"TISD, Inc.",71,Licensed Fixed Wireless,60965,72947,60965,72947
320115,"Centre WISP Venture Company, LLC",50,Fiber to the Premises,5435,6042,5435,6042
320115,"Centre WISP Venture Company, LLC",70,Unlicensed Fixed Wireless,11763,12848,11763,12848
320116,"Hawaii Dialogix Telecom, LLC",10,Copper,5,2328,14,1499
320116,"Hawaii Dialogix Telecom, LLC",40,Cable,0,0,1,243
320116,"Hawaii Dialogix Telecom, LLC",50,Fiber to the Premises,2,1263,11,2211
320116,"Hawaii Dialogix Telecom, LLC",70,Unlicensed Fixed Wireless,0,0,5,188
320117,"Hot Spot Broadband, Inc.",70,Unlicensed Fixed Wireless,234066,326080,234066,326080
320118,Inland Development Corporation,50,Fiber to the Premises,0,0,1010,1401
320127,Safelink Internet,50,Fiber to the Premises,1918,2588,1881,2556
320127,Safelink Internet,70,Unlicensed Fixed Wireless,279655,330271,279655,330271
320127,Safelink Internet,71,Licensed Fixed Wireless,4983,7820,4983,7820
320127,Safelink Internet,72,LBR Fixed Wireless,20989,23203,20989,23203
330002,Service Electric Television Inc.,40,Cable,422993,531712,422993,531712
330002,Service Electric Television Inc.,50,Fiber to the Premises,18070,21783,18170,22254
330004,"AirFiber WISP, LLC",70,Unlicensed Fixed Wireless,632739,876809,632738,876808
330006,"ANTS-Technology, Inc.",50,Fiber to the Premises,327,412,327,412
330006,"ANTS-Technology, Inc.",70,Unlicensed Fixed Wireless,4497,4586,4567,4827
330010,Byte Networking LLC,50,Fiber to the Premises,618,621,618,621
330013,City of Ocala,50,Fiber to the Premises,178,191,90,185
330023,"Echo IT Consulting, LLC",70,Unlicensed Fixed Wireless,18,31,0,0
330031,Franklin Electric Plant Board,50,Fiber to the Premises,5941,7072,5941,7072
330035,Go Bee Wireless LLC,70,Unlicensed Fixed Wireless,15,15,15,15
330042,Kelly Supply Company,70,Unlicensed Fixed Wireless,412,417,2,2
330044,"Legacy ISP, LLC",50,Fiber to the Premises,5677,6028,5677,6028
330044,"Legacy ISP, LLC",70,Unlicensed Fixed Wireless,88500,99473,88500,99473
330052,"Nedernet, Inc.",70,Unlicensed Fixed Wireless,3752,3908,3752,3908
330053,NETEO Inc.,70,Unlicensed Fixed Wireless,21050,23893,20817,23657
330053,NETEO Inc.,72,LBR Fixed Wireless,10,12,10,12
330054,Nez Perce Tribe,50,Fiber to the Premises,303,321,303,321
330054,Nez Perce Tribe,70,Unlicensed Fixed Wireless,1233,1284,1233,1284
330054,Nez Perce Tribe,71,Licensed Fixed Wireless,3783,3987,3783,3987
330055,"Northeast Rural Services, Inc.",50,Fiber to the Premises,31352,32095,31352,32095
330059,PrineTime Internet Solutions,50,Fiber to the Premises,3104,3692,3104,3692
330059,PrineTime Internet Solutions,70,Unlicensed Fixed Wireless,39753,46489,39753,46489
330062,"Race Telecommunications, Inc.",50,Fiber to the Premises,142205,160678,142205,160678
330064,RS Fiber Cooperative,50,Fiber to the Premises,4089,4380,4089,4380
330064,RS Fiber Cooperative,70,Unlicensed Fixed Wireless,1395,1457,1395,1457
330070,SkyNet Communications LLC,70,Unlicensed Fixed Wireless,38935,61617,38931,61613
330071,"Skyweb Networks, Inc.",70,Unlicensed Fixed Wireless,231,252,231,252
330072,"Smoky Valley Internet, Inc.",70,Unlicensed Fixed Wireless,54,55,54,55
330072,"Smoky Valley Internet, Inc.",72,LBR Fixed Wireless,663,689,663,689
330074,SyncWave LLC,70,Unlicensed Fixed Wireless,8567,10131,8127,9678
330074,SyncWave LLC,72,LBR Fixed Wireless,1,1,1,1
330082,"Washington Broadband, Inc.",70,Unlicensed Fixed Wireless,23611,32425,22639,31432
330083,Whitestone Community Association,50,Fiber to the Premises,15,15,6,6
330083,Whitestone Community Association,70,Unlicensed Fixed Wireless,0,0,3,4
330086,"LaHarpe Telephone Company, Inc. (IL)",50,Fiber to the Premises,1273,1377,1273,1377
340001,"Valley Telephone Cooperative, Inc. (TX)",10,Copper,4565,4908,4565,4908
340001,"Valley Telephone Cooperative, Inc. (TX)",50,Fiber to the Premises,34398,39358,34398,39358
340001,"Valley Telephone Cooperative, Inc. (TX)",70,Unlicensed Fixed Wireless,116487,134626,116487,134626
340001,"Valley Telephone Cooperative, Inc. (TX)",71,Licensed Fixed Wireless,628830,734873,628830,734873
340002,Airhawk Wireless,50,Fiber to the Premises,20,20,20,20
340002,Airhawk Wireless,70,Unlicensed Fixed Wireless,422,432,422,432
340004,Allamakee-Clayton Electric Cooperative Inc.,50,Fiber to the Premises,2480,2708,260,374
340004,Allamakee-Clayton Electric Cooperative Inc.,70,Unlicensed Fixed Wireless,751,756,174,181
340009,"AWC, LLC",70,Unlicensed Fixed Wireless,22605,25850,22595,25840
340009,"AWC, LLC",72,LBR Fixed Wireless,12704,14028,12698,14022
340012,"Callabyte Technology, LLC",50,Fiber to the Premises,21602,23178,21602,23178
340015,"Comelec Services, Inc.",50,Fiber to the Premises,5452,6043,5452,6043
340015,"Comelec Services, Inc.",70,Unlicensed Fixed Wireless,37533,42137,33818,37924
340015,"Comelec Services, Inc.",71,Licensed Fixed Wireless,5258,7578,5258,7578
340015,"Comelec Services, Inc.",72,LBR Fixed Wireless,4445,4881,4445,4881
340020,"DesertGate Internet, LLC",70,Unlicensed Fixed Wireless,8156,10508,7437,9668
340020,"DesertGate Internet, LLC",72,LBR Fixed Wireless,45,51,3,3
340026,FiberSpark Inc.,50,Fiber to the Premises,2685,6673,2685,6673
340029,BHT Investment Holdings LLC,50,Fiber to the Premises,592,673,592,673
340029,BHT Investment Holdings LLC,70,Unlicensed Fixed Wireless,79667,96323,79581,96236
340029,BHT Investment Holdings LLC,71,Licensed Fixed Wireless,68333,98204,68323,98194
340029,BHT Investment Holdings LLC,72,LBR Fixed Wireless,25042,33182,25042,33182
340032,"HUB Electronics, Inc.",70,Unlicensed Fixed Wireless,10292,11874,10292,11874
340036,Intercept Wireless,50,Fiber to the Premises,2584,3311,2584,3311
340036,Intercept Wireless,70,Unlicensed Fixed Wireless,883,1097,64,79
340036,Intercept Wireless,72,LBR Fixed Wireless,1025,1545,537,740
340041,Com-Pair Services,70,Unlicensed Fixed Wireless,83020,104359,83020,104359
340041,Com-Pair Services,72,LBR Fixed Wireless,956,1095,956,1095
340042,Karuk Tribe,72,LBR Fixed Wireless,142,145,142,145
340045,MJM Telecom Corp.,70,Unlicensed Fixed Wireless,22134,28279,22112,28257
340045,MJM Telecom Corp.,72,LBR Fixed Wireless,64892,84271,64892,84271
340055,"Oso Internet Solutions, LLC",50,Fiber to the Premises,734,852,734,852
340055,"Oso Internet Solutions, LLC",70,Unlicensed Fixed Wireless,463,524,389,435
340055,"Oso Internet Solutions, LLC",71,Licensed Fixed Wireless,42,45,42,45
340059,"Plains Internet, LLC",50,Fiber to the Premises,6610,7675,6610,7675
340059,"Plains Internet, LLC",70,Unlicensed Fixed Wireless,173885,207459,173885,207459
340060,"QCSTelecom, Inc.",50,Fiber to the Premises,0,0,31,61
340066,Sail Internet Holdings LLC,10,Copper,6769,33129,316,11013
340066,Sail Internet Holdings LLC,50,Fiber to the Premises,814,1785,6,561
340066,Sail Internet Holdings LLC,70,Unlicensed Fixed Wireless,184877,259610,8082,42045
340069,"Starwire Technologies, LLC",10,Copper,9,43,9,43
340069,"Starwire Technologies, LLC",50,Fiber to the Premises,2322,2484,2322,2484
340069,"Starwire Technologies, LLC",70,Unlicensed Fixed Wireless,695,795,695,795
340069,"Starwire Technologies, LLC",72,LBR Fixed Wireless,515,623,515,623
340070,"Point Broadband Fiber Holding, LLC",50,Fiber to the Premises,348159,410583,356094,424787
340070,"Point Broadband Fiber Holding, LLC",70,Unlicensed Fixed Wireless,242008,262688,242008,262688
340070,"Point Broadband Fiber Holding, LLC",71,Licensed Fixed Wireless,72965,82930,72965,82930
340070,"Point Broadband Fiber Holding, LLC",72,LBR Fixed Wireless,76193,91750,76193,91750
340076,"Ultimate Internet Access, Inc.",50,Fiber to the Premises,7462,9511,7470,9630
340076,"Ultimate Internet Access, Inc.",70,Unlicensed Fixed Wireless,3425,3559,363817,516062
340091,Aroostook Technologies Inc.,70,Unlicensed Fixed Wireless,16316,17938,16316,17938
340093,Dillon Beach Internet Service LLC,70,Unlicensed Fixed Wireless,410,445,410,445
340094,Fastlink Communications Inc.,70,Unlicensed Fixed Wireless,27048,31762,0,0
340095,"Keltgen Technology, Inc.",70,Unlicensed Fixed Wireless,1480,1567,1480,1567
340096,"Mechcom Communications, Inc.",70,Unlicensed Fixed Wireless,22415,24340,3927,4824
350005,"Kcindur Communications, Inc.",70,Unlicensed Fixed Wireless,1140,1261,155,239
350011,"Arx Technologies, LLC",70,Unlicensed Fixed Wireless,21227,28373,21227,28373
350012,"ATV Holdings, LLC",10,Copper,123,145,123,145
350012,"ATV Holdings, LLC",50,Fiber to the Premises,6965,9187,6965,9187
350014,"Bays-ET Highspeed, LLC",50,Fiber to the Premises,1318,1350,1318,1350
350014,"Bays-ET Highspeed, LLC",70,Unlicensed Fixed Wireless,28277,32029,28277,32029
350015,"Belzoni Cable, LLC",40,Cable,1883,2937,1883,2937
350015,"Belzoni Cable, LLC",50,Fiber to the Premises,2281,4034,2281,4034
350017,BlueBit Networks LLC,50,Fiber to the Premises,424,458,424,458
350017,BlueBit Networks LLC,70,Unlicensed Fixed Wireless,3730,4550,3709,4529
350017,BlueBit Networks LLC,72,LBR Fixed Wireless,19386,22005,18804,21367
350018,"Byhalia.net, LLC",70,Unlicensed Fixed Wireless,23385,24483,23385,24483
350018,"Byhalia.net, LLC",72,LBR Fixed Wireless,18,18,18,18
350019,"CASCO Communications, Inc.",50,Fiber to the Premises,6328,7408,6328,7408
350019,"CASCO Communications, Inc.",70,Unlicensed Fixed Wireless,50930,59988,50930,59988
350019,"CASCO Communications, Inc.",72,LBR Fixed Wireless,12331,15000,12331,15000
350023,"City of Fairlawn, Ohio",50,Fiber to the Premises,6860,12821,6872,12882
350024,City of Hudson,50,Fiber to the Premises,642,1662,642,1662
350025,Waverly Utilities,50,Fiber to the Premises,4344,5262,4344,5262
350030,Corridor Wireless LLC,70,Unlicensed Fixed Wireless,86594,106178,86594,106178
350032,CVIN LLC,50,Fiber to the Premises,0,0,26784,103732
350036,"Digital Aurora Radio Technologies, LLC",70,Unlicensed Fixed Wireless,2880,3135,2880,3135
350039,"EBTX Wireless, LLC",70,Unlicensed Fixed Wireless,1123,1258,1064,1199
350039,"EBTX Wireless, LLC",72,LBR Fixed Wireless,5,5,0,0
350042,"Fiber Platform, LLC",50,Fiber to the Premises,0,0,81403,228342
350051,"iGo Technology, Inc.",50,Fiber to the Premises,2852,3016,2852,3016
350058,"Jenco Wireless, LLC",70,Unlicensed Fixed Wireless,482,485,0,0
350060,Killians Electronics LLC,70,Unlicensed Fixed Wireless,22748,25023,22748,25023
350064,Mid MO Micro Computers,50,Fiber to the Premises,3,3,1,1
350064,Mid MO Micro Computers,70,Unlicensed Fixed Wireless,29,29,0,0
350068,"MR Systems Wireless, LLC",50,Fiber to the Premises,469,473,469,473
350068,"MR Systems Wireless, LLC",70,Unlicensed Fixed Wireless,16668,18683,16572,18586
350071,North Central Kansas Community Network,70,Unlicensed Fixed Wireless,1566,1572,667,677
350073,"NuWave Technology, Inc.",70,Unlicensed Fixed Wireless,18391,20291,0,0
350080,Ranch WiFi LLC,70,Unlicensed Fixed Wireless,37856,49929,36083,47919
350081,River Valley Internet LLC,70,Unlicensed Fixed Wireless,44339,59156,44339,59156
350085,"WH i3B Bidco LLC/WH i3B Topco, LLC",10,Copper,0,0,18,32
350085,"WH i3B Bidco LLC/WH i3B Topco, LLC",40,Cable,16639,22126,16639,22126
350085,"WH i3B Bidco LLC/WH i3B Topco, LLC",50,Fiber to the Premises,297238,359813,297239,359817
350087,Adept Internet Solutions LLP,70,Unlicensed Fixed Wireless,2206,3240,2180,3209
350088,"Shelby Electric Cooperative, Inc.",70,Unlicensed Fixed Wireless,1417,1417,1417,1417
350091,"Skyrunner, Inc.",50,Fiber to the Premises,8591,9773,8591,9773
350091,"Skyrunner, Inc.",70,Unlicensed Fixed Wireless,281860,349344,281860,349344
350093,SOS Communications LLC,50,Fiber to the Premises,0,0,5,5
350093,SOS Communications LLC,70,Unlicensed Fixed Wireless,100942,113632,100942,113632
350094,South Valley Internet,10,Copper,24,24,12,82
350094,South Valley Internet,40,Cable,4,22,3,5
350094,South Valley Internet,50,Fiber to the Premises,129,149,2,10
350094,South Valley Internet,70,Unlicensed Fixed Wireless,504,548,46,162
350100,Telecom West Inc.,70,Unlicensed Fixed Wireless,374,408,0,0
350106,"Tri-Co Technologies, LLC",50,Fiber to the Premises,5131,5506,5131,5506
350116,"Whittrio, Inc.",40,Cable,378,406,378,406
350116,"Whittrio, Inc.",50,Fiber to the Premises,605,637,605,637
350116,"Whittrio, Inc.",70,Unlicensed Fixed Wireless,185243,226979,820816,1168500
350117,"Wireless Internet Services, Inc.",70,Unlicensed Fixed Wireless,36178,46936,36131,46889
350120,Xtreme Enterprises LLC,71,Licensed Fixed Wireless,33504,41900,2923,5357
350128,Kingsburg Media Foundation,70,Unlicensed Fixed Wireless,30521,41622,30334,41428
350133,Grase Communications LLC,50,Fiber to the Premises,1190,1456,219,336
350133,Grase Communications LLC,70,Unlicensed Fixed Wireless,166,209,173,175
350133,Grase Communications LLC,72,LBR Fixed Wireless,1445,1824,604,653
350134,AV Wireless Inc.,70,Unlicensed Fixed Wireless,378,388,91,95
350139,"KNR Wireless, LLC.",70,Unlicensed Fixed Wireless,17535,18866,17535,18866
350140,"Northern Nevada High Speed, LLC",70,Unlicensed Fixed Wireless,2608,2791,2608,2791
360006,"Bandera Electric Cooperative, Inc.",50,Fiber to the Premises,25261,26158,25261,26158
360007,Barry Electric Cooperative,50,Fiber to the Premises,8442,8714,8442,8714
360009,"Mainstream Fiber Networks, LLC",50,Fiber to the Premises,35863,36768,3527,4141
360010,Blue Pulse Networks LLC,70,Unlicensed Fixed Wireless,189,194,189,194
360013,"Cajun Broadband, Inc.",50,Fiber to the Premises,5465,6114,5465,6114
360013,"Cajun Broadband, Inc.",70,Unlicensed Fixed Wireless,74763,84282,74763,84282
360014,"CarolinaConnect Cooperative, Inc.",50,Fiber to the Premises,111725,117831,111725,117831
360018,Click Computers Inc.,70,Unlicensed Fixed Wireless,447,484,447,484
360018,Click Computers Inc.,72,LBR Fixed Wireless,1006,1042,1006,1042
360025,EagleZip.com LLC,40,Cable,1472,1690,1472,1690
360025,EagleZip.com LLC,70,Unlicensed Fixed Wireless,251,408,251,408
360028,"Encore Communications, Inc.",50,Fiber to the Premises,0,0,350,2769
360029,Erwin Utilities,50,Fiber to the Premises,7531,8548,7531,8548
360030,"Etheric Communications, LLC.",50,Fiber to the Premises,15,316,33,337
360030,"Etheric Communications, LLC.",71,Licensed Fixed Wireless,27814,42715,2479,6211
360030,"Etheric Communications, LLC.",72,LBR Fixed Wireless,915354,1751237,62708,398456
360032,Georgia Highspeed Country Internet,70,Unlicensed Fixed Wireless,1114,1147,1114,1147
360038,"High Rapid Networks, LLC",70,Unlicensed Fixed Wireless,624,1167,124,317
360049,"Local TV & Electronics, Inc.",70,Unlicensed Fixed Wireless,10402,11208,96,98
360052,Maquoketa Valley Rural Electric Cooperative,50,Fiber to the Premises,16537,17203,2890,3347
360055,Morristown Utility System,50,Fiber to the Premises,13148,17694,13148,17694
360061,"One Ring Networks, Inc.",70,Unlicensed Fixed Wireless,1867,2164,2456,12837
360061,"One Ring Networks, Inc.",71,Licensed Fixed Wireless,2,2,554,5747
360064,OptimERA Inc.,70,Unlicensed Fixed Wireless,668,720,668,720
360065,"Ozarks Electric Cooperative, Inc.",50,Fiber to the Premises,79072,97405,79072,97405
360067,"Peninsula Fiber Network, LLC",50,Fiber to the Premises,0,0,611,1708
360068,"Pioneer Wireless, Inc.",10,Copper,9131,10775,0,0
360068,"Pioneer Wireless, Inc.",50,Fiber to the Premises,10692,13020,0,0
360069,Prince George Electric Cooperative,50,Fiber to the Premises,13312,13890,13312,13890
360071,Rocket Connect LLC,70,Unlicensed Fixed Wireless,14102,14790,14102,14790
360076,Stealth Communications,50,Fiber to the Premises,0,0,41182,1020736
360078,Stream It Networks LLC,70,Unlicensed Fixed Wireless,3776,4753,3731,4708
360078,Stream It Networks LLC,72,LBR Fixed Wireless,2950,3881,2951,3882
360085,"Texoma Communications, LLC",70,Unlicensed Fixed Wireless,11903,14544,11888,14529
360085,"Texoma Communications, LLC",71,Licensed Fixed Wireless,5948,6655,5947,6654
360085,"Texoma Communications, LLC",72,LBR Fixed Wireless,2114,2416,2114,2416
360090,Town of Warwick,70,Unlicensed Fixed Wireless,204,220,0,0
360090,Town of Warwick,72,LBR Fixed Wireless,88,91,0,0
360092,"Two Tin Cans, LLC",70,Unlicensed Fixed Wireless,310,310,309,309
360094,"Valley Communications Association, LLC",50,Fiber to the Premises,16851,19422,16851,19422
360094,"Valley Communications Association, LLC",70,Unlicensed Fixed Wireless,22475,24897,969,1562
360097,Wells Community Internet Project,70,Unlicensed Fixed Wireless,9414,10656,9414,10656
360100,Zetalink LP,70,Unlicensed Fixed Wireless,12406,15265,12406,15265
360103,"WestPAnet, Inc.",40,Cable,2453,2799,2453,2799
360103,"WestPAnet, Inc.",50,Fiber to the Premises,3894,4231,7862,9217
360105,"NMsurf, Inc.",50,Fiber to the Premises,183,516,183,516
360105,"NMsurf, Inc.",70,Unlicensed Fixed Wireless,23141,28030,23141,28030
360105,"NMsurf, Inc.",71,Licensed Fixed Wireless,65136,87047,65136,87047
360105,"NMsurf, Inc.",72,LBR Fixed Wireless,268372,371046,268372,371046
360106,LakeNet LLC,50,Fiber to the Premises,8691,9090,8691,9090
360111,City of Greenfield,50,Fiber to the Premises,3,39,13,107
360111,City of Greenfield,70,Unlicensed Fixed Wireless,3450,5808,3450,5808
360113,"Smiling J, LLC",50,Fiber to the Premises,6242,6499,6242,6499
360113,"Smiling J, LLC",70,Unlicensed Fixed Wireless,44954,54685,44954,54685
360114,Union Holding Corp.,10,Copper,3981,4105,3981,4105
360114,Union Holding Corp.,50,Fiber to the Premises,3602,3798,3612,3811
360114,Union Holding Corp.,71,Licensed Fixed Wireless,25306,30218,25306,30218
360115,AIRCELL Inc.,50,Fiber to the Premises,1980,2357,1980,2357
360115,AIRCELL Inc.,70,Unlicensed Fixed Wireless,4346,4838,4346,4838
360117,"Fusion Connect, Inc.",10,Copper,0,0,213,1806
360117,"Fusion Connect, Inc.",40,Cable,0,0,19,141
360117,"Fusion Connect, Inc.",50,Fiber to the Premises,0,0,518,6777
360117,"Fusion Connect, Inc.",70,Unlicensed Fixed Wireless,0,0,2,48
360118,"Good Connections, LLC",70,Unlicensed Fixed Wireless,15503,16056,15503,16056
360119,Hankins Information Technology,50,Fiber to the Premises,2508,2619,250,329
360119,Hankins Information Technology,70,Unlicensed Fixed Wireless,49253,65782,0,0
360122,"ProTek Communications, LLC",50,Fiber to the Premises,9147,9414,9147,9414
360124,Red Spectrum Communications LLC,50,Fiber to the Premises,1609,1861,1609,1861
360124,Red Spectrum Communications LLC,70,Unlicensed Fixed Wireless,6513,6815,6513,6815
360125,"Redzone Wireless, LLC",50,Fiber to the Premises,112,112,0,0
360125,"Redzone Wireless, LLC",70,Unlicensed Fixed Wireless,1992,3355,416,1515
360125,"Redzone Wireless, LLC",71,Licensed Fixed Wireless,217083,319508,16723,57095
360125,"Redzone Wireless, LLC",72,LBR Fixed Wireless,507,549,24,34
360128,Net Vision Communications LLC,50,Fiber to the Premises,265,1894,5,46
360128,Net Vision Communications LLC,70,Unlicensed Fixed Wireless,2548,2663,2167,2278
360128,Net Vision Communications LLC,72,LBR Fixed Wireless,13195,14683,13195,14683
360129,Zinnia Networks Inc.,70,Unlicensed Fixed Wireless,44222,48786,44222,48786
360134,Fybercom LLC,50,Fiber to the Premises,22876,25849,22876,25849
360134,Fybercom LLC,70,Unlicensed Fixed Wireless,825,826,825,826
360134,Fybercom LLC,71,Licensed Fixed Wireless,156494,191011,156494,191011
370004,"600Amps Internet Services, Inc.",70,Unlicensed Fixed Wireless,5380,6781,5380,6781
370012,Azure Standard,70,Unlicensed Fixed Wireless,232,245,232,245
370013,Babcock Enterprises LLC,70,Unlicensed Fixed Wireless,32390,38325,32390,38325
370015,Bay Country Communications,40,Cable,4150,4552,114,226
370015,Bay Country Communications,50,Fiber to the Premises,340,364,31,83
370019,"Bits of Technology Wireless Internet, LLC",70,Unlicensed Fixed Wireless,1392,1436,26,33
370019,"Bits of Technology Wireless Internet, LLC",72,LBR Fixed Wireless,162,355,5,13
370020,"CableSouth Media III, LLC",40,Cable,48025,53459,48025,53459
370020,"CableSouth Media III, LLC",50,Fiber to the Premises,97322,107809,97322,107809
370028,"Consolidated Smart Broadband Systems, LLC",10,Copper,35,3442,0,0
370028,"Consolidated Smart Broadband Systems, LLC",40,Cable,49,6098,0,0
370028,"Consolidated Smart Broadband Systems, LLC",50,Fiber to the Premises,34,2717,2,291
370029,"Continental Divide Electric Cooperative, Inc.",50,Fiber to the Premises,7081,9729,1755,2774
370032,Delta Montrose Electric Association,50,Fiber to the Premises,30946,33634,30946,33634
370034,"Echo Broadband, Inc.",70,Unlicensed Fixed Wireless,1493,2126,132,786
370035,"Engineer Austin, LLC",50,Fiber to the Premises,16,16,5,19
370035,"Engineer Austin, LLC",70,Unlicensed Fixed Wireless,15,15,4,4
370037,"Falcon Broadband, Inc.",10,Copper,346,507,346,507
370037,"Falcon Broadband, Inc.",40,Cable,2076,2084,2076,2084
370037,"Falcon Broadband, Inc.",50,Fiber to the Premises,32404,47601,35316,58385
370038,Falcon Internet,70,Unlicensed Fixed Wireless,638,719,529,587
370038,Falcon Internet,72,LBR Fixed Wireless,10345,12493,10318,12466
370039,"Florida WiFi, LLC",50,Fiber to the Premises,3412,8718,3412,8718
370039,"Florida WiFi, LLC",70,Unlicensed Fixed Wireless,5568,6576,5568,6576
370048,Hillcom Inc.,50,Fiber to the Premises,0,0,1,1
370048,Hillcom Inc.,70,Unlicensed Fixed Wireless,933,1117,31,43
370050,Holland Board of Public Works,50,Fiber to the Premises,10158,15299,10158,15299
370063,ISP Management Inc.,70,Unlicensed Fixed Wireless,27710,35601,27330,35225
370063,ISP Management Inc.,72,LBR Fixed Wireless,10427,11811,10335,11720
370064,KEPS Technologies Inc.,50,Fiber to the Premises,8533,9451,44668,65908
370066,"Lavalink, LLC",70,Unlicensed Fixed Wireless,796,833,796,833
370067,"Locl-Net, Inc.",70,Unlicensed Fixed Wireless,3673,3895,3673,3895
370068,"MCC Network Services, LLC",50,Fiber to the Premises,121140,134298,16181,24554
370069,Megawatt Communications LLC,50,Fiber to the Premises,2227,2551,2227,2551
370071,"Native Network, Inc.",10,Copper,15376,17980,15376,17980
370071,"Native Network, Inc.",50,Fiber to the Premises,28607,35686,2201,5127
370071,"Native Network, Inc.",70,Unlicensed Fixed Wireless,503,563,347,375
370073,Net NV LLC,70,Unlicensed Fixed Wireless,152236,234929,152218,234910
370075,NewarkNet,70,Unlicensed Fixed Wireless,4110,4407,4110,4407
370078,Northwest Ohio Broadband LLC,70,Unlicensed Fixed Wireless,2751,2783,2751,2783
370079,"Nuvisions Solutions, LLC",10,Copper,32,5371,14,343
370082,Pacific Lightwave Inc.,70,Unlicensed Fixed Wireless,541,1101,541,1101
370082,Pacific Lightwave Inc.,71,Licensed Fixed Wireless,250,399,250,399
370087,"Pilot Fiber, Inc.",50,Fiber to the Premises,0,0,77675,1421345
370088,PocketiNet Communications Inc.,10,Copper,3054,3594,3054,3594
370088,PocketiNet Communications Inc.,50,Fiber to the Premises,6168,7256,6168,7256
370088,PocketiNet Communications Inc.,70,Unlicensed Fixed Wireless,32478,40661,32478,40661
370088,PocketiNet Communications Inc.,71,Licensed Fixed Wireless,107079,135882,107079,135882
370088,PocketiNet Communications Inc.,72,LBR Fixed Wireless,49730,64297,49730,64297
370101,"Integrated Business Networks, LLC",71,Licensed Fixed Wireless,56,58,9,11
370106,Softworx Inc.,70,Unlicensed Fixed Wireless,222,246,20,75
370108,"South Central Communications, Inc.",50,Fiber to the Premises,21428,28514,21428,28514
370110,"Midstates Data Transport, LLC",50,Fiber to the Premises,7626,7787,12366,15164
370110,"Midstates Data Transport, LLC",70,Unlicensed Fixed Wireless,30842,35552,30842,35552
370115,"Netafy, Inc.",70,Unlicensed Fixed Wireless,98220,286200,98043,286014
370115,"Netafy, Inc.",72,LBR Fixed Wireless,50578,126871,50578,126871
370121,TellerWifi LLC,70,Unlicensed Fixed Wireless,10276,11737,10276,11737
370127,Tullahoma Utilities Authority,50,Fiber to the Premises,8647,10602,8647,10602
370128,Tuttle Development Authority,50,Fiber to the Premises,2788,2997,2788,2997
370129,Union City Energy Authority,50,Fiber to the Premises,4060,4416,589,951
370131,Uplink Internet LLC,50,Fiber to the Premises,2925,3849,2925,3849
370131,Uplink Internet LLC,70,Unlicensed Fixed Wireless,2969,3703,2749,3452
370132,"UpNet WI, LLC",50,Fiber to the Premises,832,895,832,895
370132,"UpNet WI, LLC",70,Unlicensed Fixed Wireless,26396,44598,26056,44221
370132,"UpNet WI, LLC",72,LBR Fixed Wireless,494,541,494,541
370135,"VPNet, Inc.",50,Fiber to the Premises,1647,2111,0,0
370135,"VPNet, Inc.",70,Unlicensed Fixed Wireless,16186,20366,1,1
370138,Warp Networks Inc.,70,Unlicensed Fixed Wireless,429,719,428,718
370141,"Wi-Fiber, Inc.",50,Fiber to the Premises,13266,15627,13266,15627
370141,"Wi-Fiber, Inc.",70,Unlicensed Fixed Wireless,1024467,1445518,1023557,1444603
370141,"Wi-Fiber, Inc.",71,Licensed Fixed Wireless,370,374,35,51
370141,"Wi-Fiber, Inc.",72,LBR Fixed Wireless,421716,582227,421748,582422
370146,"X-Tech, LLC",70,Unlicensed Fixed Wireless,1498,1551,253,257
370151,Aeronet Wireless Broadband LLC,50,Fiber to the Premises,601,7997,601,7997
370151,Aeronet Wireless Broadband LLC,70,Unlicensed Fixed Wireless,339290,549205,339290,549205
370151,Aeronet Wireless Broadband LLC,71,Licensed Fixed Wireless,374333,424758,374333,424758
370151,Aeronet Wireless Broadband LLC,72,LBR Fixed Wireless,98432,221379,98432,221379
370154,Aerux LLP,50,Fiber to the Premises,631,631,631,631
370154,Aerux LLP,70,Unlicensed Fixed Wireless,98473,144580,98473,144580
370155,Midstate Broadband,70,Unlicensed Fixed Wireless,99,102,13,48
370157,"Mountain iNet, Inc.",70,Unlicensed Fixed Wireless,3,3,3,3
370160,Smith Internet Solutions LLC,70,Unlicensed Fixed Wireless,587,690,587,690
370162,"San Luis Valley Rural Electric Cooperative, Inc.",50,Fiber to the Premises,10860,11765,10860,11765
370162,"San Luis Valley Rural Electric Cooperative, Inc.",70,Unlicensed Fixed Wireless,15844,18144,15844,18144
370164,"Fiber Connect, LLC.",50,Fiber to the Premises,3227,4519,3227,4519
380012,"Andrena, Inc.",10,Copper,508,22535,508,22535
380013,"Anza Electric Cooperative, Inc.",50,Fiber to the Premises,2572,2620,2572,2620
380013,"Anza Electric Cooperative, Inc.",70,Unlicensed Fixed Wireless,9,9,9,9
380016,BARC Electric Cooperative,50,Fiber to the Premises,10612,11658,10612,11658
380034,"Consolidated Electric Cooperative, Inc.",50,Fiber to the Premises,11914,12018,11914,12018
380039,"Esparto Broadband, Inc.",40,Cable,1036,1123,1036,1123
380039,"Esparto Broadband, Inc.",50,Fiber to the Premises,17,21,17,21
380039,"Esparto Broadband, Inc.",72,LBR Fixed Wireless,1039,1057,1039,1057
380042,Fireball Wireless LLC,70,Unlicensed Fixed Wireless,167,417,167,417
380045,French Broad Electric Membership Corporation,50,Fiber to the Premises,22166,23553,22166,23553
380048,"Gigabeam Internet, LLC",50,Fiber to the Premises,155,157,155,157
380048,"Gigabeam Internet, LLC",70,Unlicensed Fixed Wireless,84923,107607,84923,107607
380051,Ravalli Electric Cooperative,50,Fiber to the Premises,6579,7042,6579,7042
380051,Ravalli Electric Cooperative,70,Unlicensed Fixed Wireless,28082,34121,28082,34121
380059,Jackson County Rural Electric Membership Corporation,50,Fiber to the Premises,26431,27121,26431,27121
380062,"JORP, LLC",70,Unlicensed Fixed Wireless,93388,168349,93388,168349
380063,JTN Communications,50,Fiber to the Premises,302,302,302,302
380063,JTN Communications,70,Unlicensed Fixed Wireless,11342,13216,11342,13216
380064,"KC Web, Inc.",50,Fiber to the Premises,7,7,7,7
380064,"KC Web, Inc.",70,Unlicensed Fixed Wireless,17435,38625,17435,38625
380065,KGI Communications LLC,50,Fiber to the Premises,158,172,158,172
380065,KGI Communications LLC,70,Unlicensed Fixed Wireless,44,58,44,58
380065,KGI Communications LLC,71,Licensed Fixed Wireless,103,120,0,0
380065,KGI Communications LLC,72,LBR Fixed Wireless,673,728,673,728
380069,Liberty Broadband LLC,70,Unlicensed Fixed Wireless,7702,9868,7702,9868
380070,"LightGig Communications, LLC",50,Fiber to the Premises,2850,2901,2850,2901
380072,"LR Communications, Inc.",70,Unlicensed Fixed Wireless,34888,40711,34888,40711
380077,AeroFlight Internet,70,Unlicensed Fixed Wireless,814,856,814,856
380079,"Mike Gunther Industries, Inc.",70,Unlicensed Fixed Wireless,732,1071,732,1071
380080,Mille Lacs Energy Cooperative,50,Fiber to the Premises,4482,4485,4482,4485
380086,"Network Tool and Die Company, Inc.",10,Copper,1,40,1,40
380086,"Network Tool and Die Company, Inc.",70,Unlicensed Fixed Wireless,11,97,24,125
380086,"Network Tool and Die Company, Inc.",71,Licensed Fixed Wireless,1,5,4,9
380087,"Networx Technologies, LLC",70,Unlicensed Fixed Wireless,74,227,74,227
380089,"North Arkansas Electric Cooperative, Inc.",50,Fiber to the Premises,34953,36121,34953,36121
380093,North Alabama Electric Cooperative,50,Fiber to the Premises,12484,13363,12484,13363
380095,"On-Ramp Indiana, Inc.",50,Fiber to the Premises,1335,2779,1335,2779
380095,"On-Ramp Indiana, Inc.",70,Unlicensed Fixed Wireless,43363,74789,43322,74755
380095,"On-Ramp Indiana, Inc.",72,LBR Fixed Wireless,43190,47878,43185,47876
380097,Pacific Independent Technology Alliance LLC,70,Unlicensed Fixed Wireless,4364,4588,0,0
380099,Paragould Light and Water Commission,50,Fiber to the Premises,12235,14220,12235,14220
380107,RTA of America,50,Fiber to the Premises,993,1008,993,1008
380107,RTA of America,70,Unlicensed Fixed Wireless,192141,243070,192141,243070
380110,eNCore Connects,50,Fiber to the Premises,23901,25090,2359,2459
380110,eNCore Connects,70,Unlicensed Fixed Wireless,1237,1240,222,224
380132,Peoples State Bank,70,Unlicensed Fixed Wireless,5398,5436,5398,5436
380138,VEOpoint,70,Unlicensed Fixed Wireless,2904,3068,2904,3068
380139,Connection Concepts LLC,70,Unlicensed Fixed Wireless,7707,8613,7707,8613
380139,Connection Concepts LLC,72,LBR Fixed Wireless,22894,26236,22894,26236
380146,W S Electronics LLC,70,Unlicensed Fixed Wireless,4851,5606,4851,5606
380149,"WiFires Communications, LLC",50,Fiber to the Premises,285,382,285,382
380149,"WiFires Communications, LLC",70,Unlicensed Fixed Wireless,4654,5819,4504,5643
380149,"WiFires Communications, LLC",72,LBR Fixed Wireless,11043,15198,10886,15002
380150,WiSpan Internet LLC,70,Unlicensed Fixed Wireless,11783,12255,11783,12255
380153,"Zion Broadband, Inc.",70,Unlicensed Fixed Wireless,7360,8530,7342,8506
380158,"Ayera Technologies, Inc.",71,Licensed Fixed Wireless,177556,219913,177556,219913
380159,"Xbar7 Communications, inc",50,Fiber to the Premises,109,109,109,109
380159,"Xbar7 Communications, inc",70,Unlicensed Fixed Wireless,839,860,839,860
380167,"Net Ops Communications, LLC",70,Unlicensed Fixed Wireless,159,169,158,168
380167,"Net Ops Communications, LLC",72,LBR Fixed Wireless,79105,103399,79105,103399
380173,Valley Internet,70,Unlicensed Fixed Wireless,26583,30841,26589,30847
380173,Valley Internet,71,Licensed Fixed Wireless,8,8,12,12
380175,SkyRider Communications LLC,50,Fiber to the Premises,1604,1800,3616,4988
380175,SkyRider Communications LLC,70,Unlicensed Fixed Wireless,0,0,40510,47459
380177,"Xiber, LLC",50,Fiber to the Premises,8,349,13,268
380177,"Xiber, LLC",70,Unlicensed Fixed Wireless,30716,52615,3754,17593
380177,"Xiber, LLC",71,Licensed Fixed Wireless,4,55,10,357
380178,"MidwayNet, LLC",70,Unlicensed Fixed Wireless,10354,10818,10153,10617
380178,"MidwayNet, LLC",72,LBR Fixed Wireless,17,17,17,17
390001,A&A Communications LLC,50,Fiber to the Premises,830,909,830,909
390002,Acadiana Broadband,70,Unlicensed Fixed Wireless,14681,15625,14681,15625
390006,Air Bridge Broadband LLC,50,Fiber to the Premises,13231,17150,13231,17150
390006,Air Bridge Broadband LLC,70,Unlicensed Fixed Wireless,50293,61814,34005,38890
390008,"Applied Technology Group, Inc.",70,Unlicensed Fixed Wireless,219486,278987,219486,278987
390015,"Bluegrass Fiber, LLC",72,LBR Fixed Wireless,19041,23255,19041,23255
390018,Central Virginia Electric Cooperative,50,Fiber to the Premises,74153,77975,74153,77975
390021,City of Mont Belvieu,50,Fiber to the Premises,3457,3793,3457,3793
390031,"Crazy Communications, LLC",50,Fiber to the Premises,181,201,1,1
390031,"Crazy Communications, LLC",70,Unlicensed Fixed Wireless,12224,14172,471,1096
390034,"Eastern Carolina Broadband, LLC",70,Unlicensed Fixed Wireless,3828,4049,666,761
390044,Gibson Electric Membership Corporation,50,Fiber to the Premises,37411,38932,37411,38932
390046,"Great Lakes Energy Connections, Inc.",50,Fiber to the Premises,64091,66276,64091,66276
390048,"Hawk Networks, Inc.",10,Copper,5,165,0,0
390048,"Hawk Networks, Inc.",40,Cable,2,2,0,0
390048,"Hawk Networks, Inc.",70,Unlicensed Fixed Wireless,55820,70852,53074,68095
390050,Holston Electric Cooperative,50,Fiber to the Premises,27565,29848,27565,29848
390052,Indianola Municipal Utilities,50,Fiber to the Premises,5721,7372,5721,7372
390056,ShastaBeam,70,Unlicensed Fixed Wireless,15370,20243,15370,20243
390056,ShastaBeam,72,LBR Fixed Wireless,37763,50324,37763,50324
390057,IT Works LLC,70,Unlicensed Fixed Wireless,4813,5200,0,0
390061,Kit Carson Electric Cooperative Inc.,50,Fiber to the Premises,20036,25059,3266,4784
390062,Krms Products LLC,70,Unlicensed Fixed Wireless,11102,13674,11102,13674
390065,"Lightwave Communications, LLC",50,Fiber to the Premises,484,484,484,484
390065,"Lightwave Communications, LLC",70,Unlicensed Fixed Wireless,1298,1312,1012,1026
390067,Locality Networks Inc.,50,Fiber to the Premises,532,603,71,77
390068,Logonix Corporation,50,Fiber to the Premises,3129,5534,3129,5534
390068,Logonix Corporation,72,LBR Fixed Wireless,15808,19635,15808,19635
390073,"Michwave Technologies, Inc.",50,Fiber to the Premises,491,519,491,519
390073,"Michwave Technologies, Inc.",70,Unlicensed Fixed Wireless,31447,49803,31051,49332
390073,"Michwave Technologies, Inc.",72,LBR Fixed Wireless,7934,11449,7922,11432
390075,"MINetworks, Inc.",70,Unlicensed Fixed Wireless,1271,1642,52,55
390080,Fiberwave,70,Unlicensed Fixed Wireless,878,881,733,735
390085,"PD Fiber, LLC",50,Fiber to the Premises,10901,11873,10901,11873
390089,Premier Holdings LLC,50,Fiber to the Premises,2259,2455,2259,2455
390089,Premier Holdings LLC,70,Unlicensed Fixed Wireless,3588,4056,3581,4049
390089,Premier Holdings LLC,71,Licensed Fixed Wireless,2334,2690,2272,2627
390089,Premier Holdings LLC,72,LBR Fixed Wireless,2687,2814,2681,2808
390099,Project A Inc.,70,Unlicensed Fixed Wireless,71953,94820,71953,94820
390101,SEMO Electric Cooperative,50,Fiber to the Premises,22464,23978,22464,23978
390102,"Shawn Barker Construction, Inc.",70,Unlicensed Fixed Wireless,15108,17618,15108,17618
390103,"Sierra Nevada Communications, LLC",40,Cable,3723,3880,3723,3880
390103,"Sierra Nevada Communications, LLC",50,Fiber to the Premises,247,289,247,289
390103,"Sierra Nevada Communications, LLC",70,Unlicensed Fixed Wireless,137,173,137,173
390106,South Central Arkansas Electric Cooperative,50,Fiber to the Premises,27110,29196,27110,29196
390107,"Southeast MN Wifi, LLC",50,Fiber to the Premises,1199,1248,1199,1248
390107,"Southeast MN Wifi, LLC",72,LBR Fixed Wireless,39522,49076,39522,49076
390110,"Starry, Inc.",50,Fiber to the Premises,331,31716,0,0
390110,"Starry, Inc.",71,Licensed Fixed Wireless,157677,2779279,0,0
390111,"Strada Communications, LLC",50,Fiber to the Premises,7523,8562,7523,8562
390113,SWIFT Services LLC,50,Fiber to the Premises,2528,2868,2528,2868
390116,Taylor Electric Cooperative,50,Fiber to the Premises,3763,4085,37,39
390120,Tennessee Independent Telecom Group LLC,50,Fiber to the Premises,0,0,23,79
390121,"The Butler Rural Electric Cooperative Association, Inc.",50,Fiber to the Premises,10309,11254,10309,11254
390121,"The Butler Rural Electric Cooperative Association, Inc.",70,Unlicensed Fixed Wireless,5814,6157,5814,6157
390121,"The Butler Rural Electric Cooperative Association, Inc.",72,LBR Fixed Wireless,16642,18859,16642,18859
390122,"Tombigbee Electric Cooperative, Inc.",50,Fiber to the Premises,49873,54575,49873,54575
390123,Tri-County Electric Cooperative,50,Fiber to the Premises,29100,30551,29100,30551
390124,Tri-County Electric Membership Corporation,50,Fiber to the Premises,31959,33863,31959,33863
390138,"Egyptian Communication Services, Inc.",10,Copper,109,112,109,112
390138,"Egyptian Communication Services, Inc.",50,Fiber to the Premises,1176,1334,1176,1334
390139,"American Georgetown, Inc.",10,Copper,507,525,507,525
390142,Barger Creek LLC,50,Fiber to the Premises,1,1,1,1
390142,Barger Creek LLC,72,LBR Fixed Wireless,3250,3266,229,241
390152,Wireless Broadband Solutions Inc.,70,Unlicensed Fixed Wireless,765,810,78,121
390155,DM Wireless LLC,50,Fiber to the Premises,7529,9363,7529,9363
390155,DM Wireless LLC,70,Unlicensed Fixed Wireless,748272,1032360,748272,1032360
390157,"yondoo Broadband, LLC",40,Cable,1760,4299,1760,4299
390157,"yondoo Broadband, LLC",50,Fiber to the Premises,2435,3649,2435,3649
390162,"Planet Networks, Inc.",50,Fiber to the Premises,52084,63349,52084,63349
390164,"Southern Fiber Worx, LLC",50,Fiber to the Premises,4416,5582,4416,5582
390166,"Mansfield Community Fiber, Inc.",50,Fiber to the Premises,1691,1763,1691,1763
390167,ZiTEL LLC,50,Fiber to the Premises,23073,24942,23073,24942
400001,Advantage Communications,70,Unlicensed Fixed Wireless,3070,3464,3070,3464
400002,Big Red Communications,70,Unlicensed Fixed Wireless,28034,34847,27944,34757
400002,Big Red Communications,71,Licensed Fixed Wireless,99,130,99,130
400006,"Carbon Valley Internet, LLC",50,Fiber to the Premises,856,875,0,0
400006,"Carbon Valley Internet, LLC",70,Unlicensed Fixed Wireless,35,35,35,35
400008,Chisholm Broadband,10,Copper,4,79,4,79
400008,Chisholm Broadband,70,Unlicensed Fixed Wireless,58514,64916,58061,64436
400008,Chisholm Broadband,72,LBR Fixed Wireless,9087,10687,9089,10689
400009,"City of Bardstown, KY",40,Cable,17549,19738,17549,19738
400009,"City of Bardstown, KY",50,Fiber to the Premises,6037,7115,6037,7115
400010,"City of Marshall, Michigan",50,Fiber to the Premises,2745,3550,2745,3550
400012,Countrymen Communications Inc.,70,Unlicensed Fixed Wireless,584,610,584,610
400015,Faster Cajun LLC,50,Fiber to the Premises,173,173,173,173
400015,Faster Cajun LLC,70,Unlicensed Fixed Wireless,1162,1207,1109,1148
400015,Faster Cajun LLC,72,LBR Fixed Wireless,9611,10484,9604,10477
400016,"Fiber Wave, LLC",70,Unlicensed Fixed Wireless,2619,2652,2611,2645
400018,Great Lakes High Speed LLC,70,Unlicensed Fixed Wireless,496,631,449,575
400018,Great Lakes High Speed LLC,72,LBR Fixed Wireless,4293,6872,4281,6854
400020,HDER Link Ltd.,50,Fiber to the Premises,2003,2141,2003,2141
400020,HDER Link Ltd.,70,Unlicensed Fixed Wireless,65010,71502,65010,71502
400021,"Heritage Broadband, LLC",50,Fiber to the Premises,780,883,780,883
400021,"Heritage Broadband, LLC",70,Unlicensed Fixed Wireless,33881,36477,33881,36477
400022,"Horton's TV & Electronics, Inc.",70,Unlicensed Fixed Wireless,8022,8347,8022,8347
400023,"Hudson Technology Solutions, Inc.",70,Unlicensed Fixed Wireless,18228,20477,18228,20477
400025,JackRabbit Wireless LLC,70,Unlicensed Fixed Wireless,18583,25706,18583,25706
400026,Jackson Electric Cooperative,50,Fiber to the Premises,5148,5249,637,668
400026,Jackson Electric Cooperative,70,Unlicensed Fixed Wireless,8572,8843,1508,1593
400027,"Kayenta Technologies, LLC",70,Unlicensed Fixed Wireless,36212,42886,36212,42886
400028,"Kentucky Wireless, LLC",70,Unlicensed Fixed Wireless,10727,11970,10727,11970
400029,"Lockridge Networks, LLC",50,Fiber to the Premises,833,849,833,849
400029,"Lockridge Networks, LLC",70,Unlicensed Fixed Wireless,31456,32295,31456,32295
400029,"Lockridge Networks, LLC",72,LBR Fixed Wireless,861,884,861,884
400032,Mono Broadband,70,Unlicensed Fixed Wireless,66,159,0,0
400034,Outernet Broadband LLC,50,Fiber to the Premises,4,4,4,4
400034,Outernet Broadband LLC,70,Unlicensed Fixed Wireless,5593,5661,5593,5661
400035,Pathfinder LLC,50,Fiber to the Premises,156,645,156,645
400035,Pathfinder LLC,70,Unlicensed Fixed Wireless,9291,12859,9291,12859
400035,Pathfinder LLC,71,Licensed Fixed Wireless,3370,5570,3370,5570
400035,Pathfinder LLC,72,LBR Fixed Wireless,7463,11039,7463,11039
400036,Pear Networks LLC,50,Fiber to the Premises,1619,1711,1619,1711
400038,"Salsgiver, Inc.",50,Fiber to the Premises,21044,27187,21044,27187
400041,"SML Wireless, Inc.",70,Unlicensed Fixed Wireless,2705,3194,2705,3194
400044,"SVE Connect, LLC",50,Fiber to the Premises,12732,14101,12732,14101
400046,"Ting Fiber, Inc.",50,Fiber to the Premises,204263,249197,204263,249197
400047,Tipmont Rural Electric Membership Corporation,50,Fiber to the Premises,17654,18243,17654,18243
400050,TREPIC Networks LLC,50,Fiber to the Premises,479,505,479,505
400050,TREPIC Networks LLC,72,LBR Fixed Wireless,30070,31101,30070,31101
400051,"Trinity Communications, LLC",50,Fiber to the Premises,44,44,44,44
400051,"Trinity Communications, LLC",70,Unlicensed Fixed Wireless,6187,7301,1625,1797
400053,"Unlimited Net Partners, LLC",70,Unlicensed Fixed Wireless,566,566,561,561
400055,Willard Communications LLC,70,Unlicensed Fixed Wireless,634,638,634,638
400056,"WON Communications, LLC",70,Unlicensed Fixed Wireless,9627,10786,9627,10786
400083,"Forked Deer Electric Cooperative, Inc.",50,Fiber to the Premises,9480,9659,9480,9659
400086,Johnson City Energy Authority,50,Fiber to the Premises,44974,63063,44974,63063
400094,Mecklenburg Electric Cooperative,10,Copper,1172,1240,1172,1240
400094,Mecklenburg Electric Cooperative,50,Fiber to the Premises,23921,25135,23921,25135
400100,Newport Utilities,50,Fiber to the Premises,19294,21001,19294,21001
400102,"Otsego Electric Cooperative, Inc.",50,Fiber to the Premises,7006,7130,7006,7130
400103,Oklahoma Electric Cooperative,50,Fiber to the Premises,95994,108299,95994,108299
400105,Orange County REMC,50,Fiber to the Premises,22290,22924,22290,22924
400105,Orange County REMC,71,Licensed Fixed Wireless,8854,9342,8854,9342
400115,Simple Fiber Communications LLC,50,Fiber to the Premises,84,1264,84,1264
400115,Simple Fiber Communications LLC,70,Unlicensed Fixed Wireless,0,0,27582,93916
400115,Simple Fiber Communications LLC,72,LBR Fixed Wireless,0,0,21924,68325
400118,South Central Indiana Rural Electric Membership Corporation,50,Fiber to the Premises,29274,29688,375,434
400130,"Wtechlink, Inc.",50,Fiber to the Premises,10286,13167,10286,13167
400130,"Wtechlink, Inc.",70,Unlicensed Fixed Wireless,10383,13184,10383,13184
400138,Western Iowa Wireless,50,Fiber to the Premises,170,170,170,170
400138,Western Iowa Wireless,70,Unlicensed Fixed Wireless,11245,14309,11178,14240
400138,Western Iowa Wireless,72,LBR Fixed Wireless,51,56,51,56
400139,Tongue River Communications,40,Cable,1576,1630,1576,1630
410005,"Alternative Choice Wireless, LLC",50,Fiber to the Premises,63,77,7,44
410005,"Alternative Choice Wireless, LLC",70,Unlicensed Fixed Wireless,91,111,96,640
410008,Arkansas Valley Electric Cooperative Corporation,50,Fiber to the Premises,56189,58756,6117,7643
410018,City of Fort Collins,50,Fiber to the Premises,41781,48031,1365,5016
410025,Cosner-Neipp Corporation,10,Copper,1,1,1,3
410025,Cosner-Neipp Corporation,70,Unlicensed Fixed Wireless,4,4,9,32
410025,Cosner-Neipp Corporation,72,LBR Fixed Wireless,17,17,5,9
410027,Crowsnest Broadband LLC,50,Fiber to the Premises,244,247,244,247
410027,Crowsnest Broadband LLC,70,Unlicensed Fixed Wireless,7451,8325,7451,8325
410027,Crowsnest Broadband LLC,72,LBR Fixed Wireless,54558,63771,54558,63771
410031,DigitalC,10,Copper,32,1031,0,0
410031,DigitalC,40,Cable,82,1470,0,0
410031,DigitalC,70,Unlicensed Fixed Wireless,95443,131460,0,0
410037,Express WISP LLC,70,Unlicensed Fixed Wireless,403,449,403,449
410054,KGT LLC,70,Unlicensed Fixed Wireless,29961,34428,29961,34428
410063,Luminate Fiber LLC,50,Fiber to the Premises,9025,13082,9025,13082
410063,Luminate Fiber LLC,70,Unlicensed Fixed Wireless,91,219,91,219
410064,Martek Wireless LLC,50,Fiber to the Premises,629,632,629,632
410064,Martek Wireless LLC,70,Unlicensed Fixed Wireless,82,83,0,0
410064,Martek Wireless LLC,72,LBR Fixed Wireless,211,220,0,0
410066,Meeker Cooperative Light & Power Association,50,Fiber to the Premises,12309,13444,1832,2501
410066,Meeker Cooperative Light & Power Association,70,Unlicensed Fixed Wireless,13233,14186,2522,3114
410067,Meriwether Lewis Electric Cooperative,50,Fiber to the Premises,32651,34343,32651,34343
410073,North Coast Wireless Communications,50,Fiber to the Premises,2929,3607,2929,3607
410073,North Coast Wireless Communications,70,Unlicensed Fixed Wireless,7191,9140,7191,9140
410073,North Coast Wireless Communications,72,LBR Fixed Wireless,18857,23115,18857,23115
410077,"Ozborn Communications, LLC",70,Unlicensed Fixed Wireless,32,32,0,0
410077,"Ozborn Communications, LLC",72,LBR Fixed Wireless,42019,50299,41801,50062
410084,"Reynolds Media, Inc.",70,Unlicensed Fixed Wireless,594,609,23,24
410085,Roseau Electric Cooperative,50,Fiber to the Premises,2549,2615,2549,2615
410086,Rural Broadband Cooperative,70,Unlicensed Fixed Wireless,3659,4250,3659,4250
410090,Siyeh Communications,10,Copper,2140,2237,2140,2237
410090,Siyeh Communications,50,Fiber to the Premises,936,1439,936,1439
410090,Siyeh Communications,70,Unlicensed Fixed Wireless,152,199,152,199
410090,Siyeh Communications,71,Licensed Fixed Wireless,1916,1983,1916,1983
410092,Southern California Telephone Company Inc.,70,Unlicensed Fixed Wireless,234766,290042,234766,290042
410098,"Talkie Communications, Inc.",50,Fiber to the Premises,35773,41584,35773,41584
410100,Tennessee Telecommunications Company,50,Fiber to the Premises,3240,3621,3240,3621
410103,"Treehouse Broadband, LLC",70,Unlicensed Fixed Wireless,1793,2147,1656,2009
410103,"Treehouse Broadband, LLC",72,LBR Fixed Wireless,1897,1966,1897,1966
410114,"Mega Broadband Investments Holdings, LLC",40,Cable,522027,624255,522027,624255
410114,"Mega Broadband Investments Holdings, LLC",50,Fiber to the Premises,58884,79070,61649,82737
410115,White Cloud Communications US LLC,70,Unlicensed Fixed Wireless,1864,1928,663,681
410115,White Cloud Communications US LLC,71,Licensed Fixed Wireless,19758,20855,19758,20855
410115,White Cloud Communications US LLC,72,LBR Fixed Wireless,3,3,0,0
410121,Canyon Wireless,70,Unlicensed Fixed Wireless,2822,3032,0,0
410125,LAN Communications Corp.,50,Fiber to the Premises,0,0,3,3
410125,LAN Communications Corp.,70,Unlicensed Fixed Wireless,206,292,20,33
410126,Ocracoke Cable TV LLC,40,Cable,1037,1110,1037,1110
410131,318 HighSpeed LLC,70,Unlicensed Fixed Wireless,6937,8065,6937,8065
410132,4ip Technology and Media LLC,50,Fiber to the Premises,1364,1535,1364,1535
410132,4ip Technology and Media LLC,70,Unlicensed Fixed Wireless,491,614,491,614
410132,4ip Technology and Media LLC,71,Licensed Fixed Wireless,492,569,492,569
410133,Alpha Technologies Inc.,50,Fiber to the Premises,32,70,0,0
410134,BerryComm LLC,50,Fiber to the Premises,5761,6059,5761,6059
410135,"City of Sandy, Oregon",50,Fiber to the Premises,4498,5576,5025,6884
410135,"City of Sandy, Oregon",70,Unlicensed Fixed Wireless,199,230,12,25
410136,"Compass Broadband Network, Inc.",70,Unlicensed Fixed Wireless,55712,71075,55712,71075
410138,"Double Dog Communications, Inc.",70,Unlicensed Fixed Wireless,29688,37922,29548,37774
410138,"Double Dog Communications, Inc.",72,LBR Fixed Wireless,16743,19486,16743,19486
410139,Eclipse Communications,50,Fiber to the Premises,1084,1123,1084,1123
410139,Eclipse Communications,70,Unlicensed Fixed Wireless,11376,12201,11376,12201
410141,Minnesota WiFi,70,Unlicensed Fixed Wireless,30536,38886,30536,38886
410143,Morgan Wireless LLC,70,Unlicensed Fixed Wireless,34102,37757,34102,37757
410145,Natural G.C. Inc.,50,Fiber to the Premises,13235,36343,13235,36343
410145,Natural G.C. Inc.,70,Unlicensed Fixed Wireless,260222,565703,260222,565703
410147,Somerfield Cable TV,40,Cable,932,966,932,966
410153,Craighead Elecric Cooperative Corporation,50,Fiber to the Premises,29472,30492,29472,30492
410155,Lakeland Internet,50,Fiber to the Premises,3612,3756,3612,3756
410155,Lakeland Internet,70,Unlicensed Fixed Wireless,42017,44655,42017,44655
410155,Lakeland Internet,72,LBR Fixed Wireless,53922,59123,53922,59123
410156,Satview Broadband Ltd.,40,Cable,2284,2394,2284,2394
410157,"NETworx Broadband, Inc.",50,Fiber to the Premises,1562,1602,1562,1602
410159,"Airwave Networks, LLC",50,Fiber to the Premises,331,349,331,349
410159,"Airwave Networks, LLC",70,Unlicensed Fixed Wireless,1040,1096,1040,1096
410160,CNS Internet Services,50,Fiber to the Premises,120,129,120,129
410160,CNS Internet Services,70,Unlicensed Fixed Wireless,7393,7696,7393,7696
410161,Graymont Cooperative Assn.,70,Unlicensed Fixed Wireless,3892,4203,3887,4198
410164,Mason County Public Utility District No. 3,50,Fiber to the Premises,6825,7435,6825,7435
410165,"Optimal Home Solutions, LLC",70,Unlicensed Fixed Wireless,46,46,8,8
410168,"Skymesh, Inc.",50,Fiber to the Premises,5,5,29,29
410168,"Skymesh, Inc.",70,Unlicensed Fixed Wireless,23923,24588,23923,24588
410169,Inyo Networks Inc.,50,Fiber to the Premises,6146,8118,295,3009
410170,LightSpeed Technologies LLC,70,Unlicensed Fixed Wireless,305,423,305,423
410170,LightSpeed Technologies LLC,72,LBR Fixed Wireless,59,65,59,65
410172,"Tri-County Telephone Association, Inc. (KS)",50,Fiber to the Premises,7889,8225,7889,8225
410174,Cloud 9 Wireless LLC,50,Fiber to the Premises,4491,5137,4491,5137
410177,S. Bryer Cable TV Corporation,40,Cable,1296,1463,1296,1463
410180,"Zeta Broadband, Inc.",50,Fiber to the Premises,1805,1924,1805,1924
410180,"Zeta Broadband, Inc.",70,Unlicensed Fixed Wireless,139355,183573,139355,183573
410182,XAirnet Corp.,50,Fiber to the Premises,3787,14021,3787,14021
410182,XAirnet Corp.,70,Unlicensed Fixed Wireless,140758,245525,140758,245525
410183,"Bluegrass Broadband, LLC",70,Unlicensed Fixed Wireless,64,71,64,71
410184,"SP Broadband, Inc.",50,Fiber to the Premises,475,668,475,668
410184,"SP Broadband, Inc.",72,LBR Fixed Wireless,18413,21645,18413,21645
410185,East Central Oklahoma Electric Cooperative,50,Fiber to the Premises,35509,37242,35509,37242
410186,"City of Clarksville, Arkansas",50,Fiber to the Premises,3548,4293,3548,4293
410188,"HiCountryNet, LLC",50,Fiber to the Premises,401,502,0,0
410188,"HiCountryNet, LLC",70,Unlicensed Fixed Wireless,4776,5449,0,0
410189,Red River Cellular Telephone Corporation,50,Fiber to the Premises,8381,9734,8381,9734
410192,Inland Cellular Telephone Company,40,Cable,1125,1181,132,133
410192,Inland Cellular Telephone Company,50,Fiber to the Premises,6524,7746,1076,1579
410192,Inland Cellular Telephone Company,70,Unlicensed Fixed Wireless,3380,5252,1340,2723
410192,Inland Cellular Telephone Company,72,LBR Fixed Wireless,13792,15415,2189,2656
420004,AmigoNet,70,Unlicensed Fixed Wireless,6265,7137,6265,7137
420012,"Blue Sky Wireless, LLC",70,Unlicensed Fixed Wireless,5357,5699,532,542
420017,Central Alabama Electric Cooperative,50,Fiber to the Premises,48904,52364,48904,52364
420020,City of Anacortes,50,Fiber to the Premises,2468,3249,2468,3249
420021,City of Loveland,50,Fiber to the Premises,32620,41934,32620,41934
420025,"CopperNet Systems, Inc.",50,Fiber to the Premises,228,236,228,236
420025,"CopperNet Systems, Inc.",72,LBR Fixed Wireless,110001,118784,110001,118784
420027,"Critical Links, LLC",70,Unlicensed Fixed Wireless,7080,7555,7080,7555
420027,"Critical Links, LLC",72,LBR Fixed Wireless,100,100,100,100
420028,"Cumberland Connect, LLC",50,Fiber to the Premises,93828,97429,5036,7060
420029,Current Inc.,50,Fiber to the Premises,3729,4071,3729,4071
420029,Current Inc.,70,Unlicensed Fixed Wireless,3125,3602,2195,2627
420036,"DSI Management Holdings, LLC",50,Fiber to the Premises,252,1308,252,1308
420036,"DSI Management Holdings, LLC",70,Unlicensed Fixed Wireless,12872,19546,0,0
420036,"DSI Management Holdings, LLC",72,LBR Fixed Wireless,2666,3630,0,0
420040,ENC Access Investments LLC,50,Fiber to the Premises,1694,1791,404,412
420042,ORI.NET LLC,50,Fiber to the Premises,2,2,2,2
420042,ORI.NET LLC,70,Unlicensed Fixed Wireless,3996,4542,3996,4542
420042,ORI.NET LLC,72,LBR Fixed Wireless,0,0,1,1
420048,Gateway Fiber Holdings LLC,50,Fiber to the Premises,134105,147902,134105,147902
420059,"Hub66, Inc.",50,Fiber to the Premises,5468,7092,5468,7092
420061,"Intellipop, LLC",70,Unlicensed Fixed Wireless,8062,8794,8062,8794
420069,"KL Broadband, Inc.",70,Unlicensed Fixed Wireless,564,568,564,568
420073,"Little Miami Gig, LLC",10,Copper,6,218,0,0
420073,"Little Miami Gig, LLC",50,Fiber to the Premises,8182,9202,1693,2139
420073,"Little Miami Gig, LLC",70,Unlicensed Fixed Wireless,12913,28268,2402,10950
420074,"Lost Creek Wireless, LLC",70,Unlicensed Fixed Wireless,4699,5065,4695,5061
420080,MS Wifi Zone,50,Fiber to the Premises,428,431,428,431
420080,MS Wifi Zone,70,Unlicensed Fixed Wireless,55543,59586,55543,59586
420084,"Nola Broadband, Inc.",70,Unlicensed Fixed Wireless,32435,54020,32435,54020
420091,Osnet Wireless Corp.,70,Unlicensed Fixed Wireless,27324,46821,27979,47622
420094,Patriot Cable System LLC,40,Cable,820,829,54,60
420094,Patriot Cable System LLC,50,Fiber to the Premises,6,6,0,0
420099,"Precision Technology, LLC",70,Unlicensed Fixed Wireless,2780,2794,2780,2794
420101,Prologic Technology Services LLC,70,Unlicensed Fixed Wireless,6538,7605,0,0
420110,Rocky Mountain Internet Inc.,72,LBR Fixed Wireless,19362,22063,19362,22063
420115,"SkyNet360, LLC",50,Fiber to the Premises,6,52,6,52
420115,"SkyNet360, LLC",70,Unlicensed Fixed Wireless,85090,122732,85004,122619
420115,"SkyNet360, LLC",72,LBR Fixed Wireless,2824,5643,2824,5643
420116,Skypacket Networks Inc.,70,Unlicensed Fixed Wireless,48163,68942,3064,6256
420116,Skypacket Networks Inc.,71,Licensed Fixed Wireless,106410,134110,8821,20226
420117,Smyth Technology Group Inc.,70,Unlicensed Fixed Wireless,6288,7274,6288,7274
420124,Tallahatchie Valley Internet Services,50,Fiber to the Premises,27041,29653,27041,29653
420125,"Taluslink, LLC",50,Fiber to the Premises,3,144,3,99
420133,Town of Islesboro,50,Fiber to the Premises,792,851,42,48
420135,Tri-County Rural Electric Cooperative,50,Fiber to the Premises,18971,20770,18971,20770
420137,Foursight Communications LLC,50,Fiber to the Premises,44615,47391,44615,47391
420139,Us New Era Internet Corp.,50,Fiber to the Premises,43,76,43,76
420139,Us New Era Internet Corp.,70,Unlicensed Fixed Wireless,4477,5990,4477,5990
420146,"Victoria Electric Cooperative, Inc.",50,Fiber to the Premises,8406,8843,1086,1296
420146,"Victoria Electric Cooperative, Inc.",70,Unlicensed Fixed Wireless,1525,1546,104,105
420147,Vinton Municipal Communications Utility,50,Fiber to the Premises,2277,2393,2277,2393
420150,Wavelength LLC,50,Fiber to the Premises,3,18,3,18
420150,Wavelength LLC,70,Unlicensed Fixed Wireless,1596,2669,1596,2669
420150,Wavelength LLC,72,LBR Fixed Wireless,3273,5042,3273,5042
420163,Zero2 Wireless,70,Unlicensed Fixed Wireless,4167,4622,4079,4532
420163,Zero2 Wireless,72,LBR Fixed Wireless,5059,6738,5037,6719
420165,"Zoom Telcom, LLC",50,Fiber to the Premises,6244,6753,6244,6753
420167,Digital Technology Solutions Inc.,50,Fiber to the Premises,3170,4668,3170,4668
420168,GoNetworkPR Inc.,50,Fiber to the Premises,223,259,223,259
420168,GoNetworkPR Inc.,70,Unlicensed Fixed Wireless,2432,2650,2430,2648
420170,PowerNet Wireless,70,Unlicensed Fixed Wireless,9227,12856,8987,12603
420170,PowerNet Wireless,72,LBR Fixed Wireless,1103,1136,1103,1136
420173,"Northwest Fiber, LLC",10,Copper,29220,40074,29220,40074
420173,"Northwest Fiber, LLC",50,Fiber to the Premises,763929,947766,763929,947766
420173,"Northwest Fiber, LLC",70,Unlicensed Fixed Wireless,74416,94889,74416,94889
420173,"Northwest Fiber, LLC",72,LBR Fixed Wireless,256819,325416,256819,325416
420175,Central Connect LLC,70,Unlicensed Fixed Wireless,88,89,2,6
420178,Comptinet,70,Unlicensed Fixed Wireless,1,1,0,0
420181,Newaygo County Regional Educational Service Agency,50,Fiber to the Premises,407,482,407,482
420181,Newaygo County Regional Educational Service Agency,70,Unlicensed Fixed Wireless,4309,4676,4309,4676
420181,Newaygo County Regional Educational Service Agency,71,Licensed Fixed Wireless,2074,2284,2074,2284
420186,"Craion, Inc.",70,Unlicensed Fixed Wireless,38695,43709,38695,43709
420187,"Golden Belt Telephone Association, Inc",40,Cable,77,77,77,77
420187,"Golden Belt Telephone Association, Inc",50,Fiber to the Premises,12696,13198,12696,13198
420187,"Golden Belt Telephone Association, Inc",70,Unlicensed Fixed Wireless,264,266,264,266
420187,"Golden Belt Telephone Association, Inc",71,Licensed Fixed Wireless,172,172,172,172
420187,"Golden Belt Telephone Association, Inc",72,LBR Fixed Wireless,123,123,123,123
430001,"Acrospire Networks, LLC",70,Unlicensed Fixed Wireless,1775,1873,1663,1758
430001,"Acrospire Networks, LLC",72,LBR Fixed Wireless,8062,11156,7023,10019
430004,"EnerMuscle Marketing, LLC",70,Unlicensed Fixed Wireless,53124,58573,53124,58573
430010,Bayfield Wireless,70,Unlicensed Fixed Wireless,23,24,2,2
430010,Bayfield Wireless,71,Licensed Fixed Wireless,7741,9472,1246,2254
430011,"Beacon Broadband, Inc.",50,Fiber to the Premises,14883,17612,1473,2615
430011,"Beacon Broadband, Inc.",70,Unlicensed Fixed Wireless,454,627,93,99
430014,"BlueNet Communications, LLC",70,Unlicensed Fixed Wireless,192979,447344,192979,447344
430018,Canebrake Connections LLC,70,Unlicensed Fixed Wireless,284,370,43,65
430021,Coast Electric Power Association,50,Fiber to the Premises,65325,73680,65325,73680
430026,"Satellite Center, LLC",70,Unlicensed Fixed Wireless,4812,5247,672,886
430028,Delta Electric Power Association,50,Fiber to the Premises,20606,23472,20606,23472
430030,East Mississippi Electric Power Association,50,Fiber to the Premises,35291,37464,35291,37464
430031,"Everywhere Wireless, LLC",50,Fiber to the Premises,2,340,0,0
430031,"Everywhere Wireless, LLC",71,Licensed Fixed Wireless,952,31503,0,0
430033,Alcorn County Electric Power Association,50,Fiber to the Premises,25497,28597,25497,28597
430034,"Force Broadband, LLC",50,Fiber to the Premises,5361,7254,5361,7254
430034,"Force Broadband, LLC",70,Unlicensed Fixed Wireless,16294,18948,15724,18302
430037,"Further Reach, Inc.",10,Copper,3278,3917,3278,3917
430037,"Further Reach, Inc.",70,Unlicensed Fixed Wireless,10954,13397,10954,13397
430037,"Further Reach, Inc.",72,LBR Fixed Wireless,723,827,723,827
430041,Hancock Telephone Company,50,Fiber to the Premises,363,374,71,79
430042,"Helio Broadband, LLC",10,Copper,30,1373,30,1373
430044,"HRcom, Inc.",50,Fiber to the Premises,0,0,63,90
430044,"HRcom, Inc.",70,Unlicensed Fixed Wireless,28674,30183,28674,30183
430051,"Lynches River Communications, Inc.",50,Fiber to the Premises,21486,22563,21486,22563
430052,"MCEC Fiber, Inc.",50,Fiber to the Premises,7479,8283,7479,8283
430054,Milan Department of Public Utilities,50,Fiber to the Premises,2566,2869,369,571
430055,MORnet Communications,70,Unlicensed Fixed Wireless,5286,5722,0,0
430056,"M-Pulse Fiber, LLC",50,Fiber to the Premises,10757,12165,10757,12165
430060,"New Hampshire Electric Cooperative, Inc.",50,Fiber to the Premises,37942,43723,37942,43723
430061,Nexus Air Fiber LLC,70,Unlicensed Fixed Wireless,13906,15182,13906,15182
430062,Northern Broadband,50,Fiber to the Premises,10,10,10,10
430062,Northern Broadband,70,Unlicensed Fixed Wireless,3192,3295,3192,3295
430063,North East Fiber LLC,50,Fiber to the Premises,23642,27313,2110,3358
430065,PCs for People,40,Cable,173,2719,0,0
430065,PCs for People,50,Fiber to the Premises,2,375,0,0
430065,PCs for People,72,LBR Fixed Wireless,278310,493989,0,0
430071,Orange County Broadband Authority,50,Fiber to the Premises,11599,12080,11599,12080
430073,Silver Rapid LLC,70,Unlicensed Fixed Wireless,4612,5029,4612,5029
430074,Skynet Wireless,70,Unlicensed Fixed Wireless,38887,43183,38887,43183
430076,Space Exploration Technologies Corp.,61,NGSO Satellite,116091843,161932055,116091843,161932055
430077,Stanfield Technologies LLC,70,Unlicensed Fixed Wireless,11988,12385,0,0
430078,"STS Broadband, LLC",50,Fiber to the Premises,0,0,5,7
430078,"STS Broadband, LLC",70,Unlicensed Fixed Wireless,1324,1559,15,29
430079,"Susquehanna Broadband, LLC",50,Fiber to the Premises,107,119,107,119
430079,"Susquehanna Broadband, LLC",70,Unlicensed Fixed Wireless,1857,2138,1857,2138
430079,"Susquehanna Broadband, LLC",72,LBR Fixed Wireless,10853,12883,10853,12883
430080,Tarin Strategies LLC,70,Unlicensed Fixed Wireless,2574,2914,0,0
430081,"Telecast Communications, LLC",70,Unlicensed Fixed Wireless,10506,11887,10485,11865
430082,"Texas Rural Internet, LLC",70,Unlicensed Fixed Wireless,4027,4635,1277,1524
430085,"TNT-WIFI, LLC",70,Unlicensed Fixed Wireless,0,0,5050,5699
430086,Tombigbee Electric Power Association,50,Fiber to the Premises,43221,49957,6548,9074
430089,"Project A, Inc.",70,Unlicensed Fixed Wireless,30514,38227,30514,38227
430090,"U.S. Electric & Communications, LLC",70,Unlicensed Fixed Wireless,89,105,89,105
430092,VITALink LLC,50,Fiber to the Premises,7076,9449,7076,9449
430099,"Z3N, LLC",40,Cable,914,1029,914,1029
430099,"Z3N, LLC",50,Fiber to the Premises,523,593,523,593
430099,"Z3N, LLC",70,Unlicensed Fixed Wireless,1493,1714,1493,1714
430100,"Zavala Communications, LLC",70,Unlicensed Fixed Wireless,177,347,177,347
430109,Centric Infrastructure Group LLC,50,Fiber to the Premises,22062,25915,3586,3694
430110,"Clay County Connect, Inc.",50,Fiber to the Premises,12017,12169,1723,1973
430114,"Conexon Connect, LLC",50,Fiber to the Premises,415600,447395,415600,447395
430114,"Conexon Connect, LLC",70,Unlicensed Fixed Wireless,3269,3579,3269,3579
430121,"Epic Touch Co., Inc.",50,Fiber to the Premises,1743,2344,2034,2773
430123,Fond du Lac Band of Lake Superior Chippewa,50,Fiber to the Premises,1573,1920,1762,2112
430130,Hood River Electric Cooperative,50,Fiber to the Premises,2845,3160,2845,3160
430130,Hood River Electric Cooperative,70,Unlicensed Fixed Wireless,3598,3906,3598,3906
430139,"Live Wire Networks, Inc.",72,LBR Fixed Wireless,221033,422571,221033,422571
430160,South Georgia Governmental Services Authority,40,Cable,1701,2185,379,674
430160,South Georgia Governmental Services Authority,50,Fiber to the Premises,5,5,91,141
430166,"United Electric Cooperative Services, Inc.",50,Fiber to the Premises,57644,60197,57644,60197
430175,White Cloud Networks,50,Fiber to the Premises,579,1263,579,1263
430175,White Cloud Networks,71,Licensed Fixed Wireless,247328,302358,247328,302358
430176,"Wisper ISP, Inc.",50,Fiber to the Premises,498,543,498,543
430176,"Wisper ISP, Inc.",70,Unlicensed Fixed Wireless,112398,148652,112398,148652
430176,"Wisper ISP, Inc.",71,Licensed Fixed Wireless,883701,1021866,883701,1021866
430176,"Wisper ISP, Inc.",72,LBR Fixed Wireless,260274,347409,260274,347409
430178,"Tier Two Communications, LLC",70,Unlicensed Fixed Wireless,741,751,741,751
430179,County of Orangeburg,50,Fiber to the Premises,8150,8452,8150,8452
430181,"CIBL, Inc.",10,Copper,1249,1550,104,174
430181,"CIBL, Inc.",50,Fiber to the Premises,6649,7972,1430,1994
430181,"CIBL, Inc.",70,Unlicensed Fixed Wireless,14306,16438,14306,16438
430185,Angeles Enterprises,50,Fiber to the Premises,41839,47209,41839,47209
430185,Angeles Enterprises,70,Unlicensed Fixed Wireless,36046,41305,36046,41305
430186,ALE-NET Inc.,70,Unlicensed Fixed Wireless,16402,17393,16402,17393
430193,"D and B Broadband, LLC",50,Fiber to the Premises,9,102,9,102
430193,"D and B Broadband, LLC",70,Unlicensed Fixed Wireless,43,61,43,61
430198,I.H.M. Eagle Corp.,70,Unlicensed Fixed Wireless,1673,1954,500,527
430199,"InNet Connections, Inc.",70,Unlicensed Fixed Wireless,337956,609477,337956,609477
430202,"Jackson Broadband, Inc.",40,Cable,607,631,607,631
430202,"Jackson Broadband, Inc.",50,Fiber to the Premises,287,304,287,304
430203,Kennett Board of Public Works,50,Fiber to the Premises,4706,5392,0,0
430204,Lake Bruin Wireless LLC,70,Unlicensed Fixed Wireless,2354,2358,546,555
430209,Rimrock Wireless,70,Unlicensed Fixed Wireless,261,277,234,250
430209,Rimrock Wireless,72,LBR Fixed Wireless,7044,9284,7044,9284
430213,Speedy Net,70,Unlicensed Fixed Wireless,46101,52403,46101,52403
430219,TriTech Wireless LLC,50,Fiber to the Premises,591,601,14,14
430222,"Wireless Partners Holdings, LLC",71,Licensed Fixed Wireless,37729,44885,1771,3157
430224,4NET Inc.,70,Unlicensed Fixed Wireless,96022,106605,96022,106605
430226,Dualnet Inc.,70,Unlicensed Fixed Wireless,10774,11202,10774,11202
430230,"Telespan, LLC",70,Unlicensed Fixed Wireless,95411,130478,95267,130332
430233,"WiFast, LLC",10,Copper,176,2070,176,2070
430233,"WiFast, LLC",50,Fiber to the Premises,176,2070,176,2070
430234,World Connections PR,70,Unlicensed Fixed Wireless,70606,77344,70606,77344
430237,G&B Networks Solutions Inc.,70,Unlicensed Fixed Wireless,22350,24160,22350,24160
430240,CDE Lightband,50,Fiber to the Premises,68828,94946,68828,94946
440000,"First American Holdings, Inc.",10,Copper,463,464,463,464
440000,"First American Holdings, Inc.",50,Fiber to the Premises,1184,1189,1184,1189
440000,"First American Holdings, Inc.",70,Unlicensed Fixed Wireless,3732,3753,3732,3753
440004,"4-County Fiber, LLC",50,Fiber to the Premises,36449,43430,6249,7871
440017,City of Hillsboro,50,Fiber to the Premises,7751,9110,7751,9110
440018,City of Sallisaw,50,Fiber to the Premises,2902,3222,389,618
440025,Craig-Botetourt Electric Cooperative,50,Fiber to the Premises,1440,1442,1440,1442
440027,"DE Fastlink, LLC",50,Fiber to the Premises,36714,40407,36714,40407
440029,ElektraFi LLC,70,Unlicensed Fixed Wireless,62707,78046,62581,77907
440029,ElektraFi LLC,71,Licensed Fixed Wireless,8429,11902,8389,11856
440029,ElektraFi LLC,72,LBR Fixed Wireless,156417,173360,156363,173305
440030,"ERC Broadband, LLC",50,Fiber to the Premises,50,958,640,3561
440039,"Hoyos Consulting, LLC",50,Fiber to the Premises,3,5,30,430
440039,"Hoyos Consulting, LLC",70,Unlicensed Fixed Wireless,6910,9058,45618,91006
440058,"MSEC Communications, LLC",50,Fiber to the Premises,40856,43753,40856,43753
440063,Northcentral Electric Cooperative,50,Fiber to the Premises,26834,29301,26834,29301
440077,Senawave LLC,10,Copper,6,19,3,8
440077,Senawave LLC,50,Fiber to the Premises,159498,165896,33017,141942
440077,Senawave LLC,70,Unlicensed Fixed Wireless,105805,178455,133052,241016
440099,Tishomingo County Electric Power Association,50,Fiber to the Premises,12107,13411,12107,13411
440102,"Tri-County Electric Cooperative, Inc.",50,Fiber to the Premises,22013,23666,22013,23666
440114,Airwave Technologies LLC,71,Licensed Fixed Wireless,2976,3385,2976,3385
440116,Arizona Network LLC,70,Unlicensed Fixed Wireless,27755,29191,27755,29191
440117,"Bartlett Electric Cooperative, Inc.",50,Fiber to the Premises,5385,5790,5385,5790
440117,"Bartlett Electric Cooperative, Inc.",70,Unlicensed Fixed Wireless,889,1046,0,0
440119,BDA Wireless LLC,70,Unlicensed Fixed Wireless,14,19,14,19
440121,"Board of Trustees, Northern Michigan University",71,Licensed Fixed Wireless,20446,25921,20446,25921
440122,Canadian Valley Electric Cooperative,50,Fiber to the Premises,30144,31614,30144,31614
440123,Carolina Airlink LLC,70,Unlicensed Fixed Wireless,2,2,1,1
440123,Carolina Airlink LLC,72,LBR Fixed Wireless,641,641,103,103
440124,Central Florida Broadband,50,Fiber to the Premises,404,404,0,0
440124,Central Florida Broadband,72,LBR Fixed Wireless,4302,4747,0,0
440126,Choptank Electric Cooperative,50,Fiber to the Premises,13997,14602,13997,14602
440127,"City of Waupaca, WI",70,Unlicensed Fixed Wireless,6105,7287,6105,7287
440128,Connecting Point Computer Center,50,Fiber to the Premises,0,0,4003,5261
440128,Connecting Point Computer Center,70,Unlicensed Fixed Wireless,2740,3205,2740,3205
440132,Cullman Electric Cooperative,50,Fiber to the Premises,38219,39821,38219,39821
440133,Duke Broadband Inc.,50,Fiber to the Premises,2037,2332,99,175
440134,"Estherville Communications, LLC",50,Fiber to the Premises,3633,3869,3633,3869
440135,Fusion Networks,50,Fiber to the Premises,16,251,16,251
440135,Fusion Networks,70,Unlicensed Fixed Wireless,648,1004,648,1004
440138,GreatWave Communications,50,Fiber to the Premises,2271,2686,2271,2686
440141,Happy Cycling LLC,50,Fiber to the Premises,98,186,98,186
440141,Happy Cycling LLC,70,Unlicensed Fixed Wireless,2892,4077,2892,4077
440141,Happy Cycling LLC,72,LBR Fixed Wireless,6498,9887,6498,9887
440144,Horizon Broadband LLC.,70,Unlicensed Fixed Wireless,11360,12073,11360,12073
440145,"IP Solutions, Inc.",50,Fiber to the Premises,0,0,1,1
440145,"IP Solutions, Inc.",70,Unlicensed Fixed Wireless,234140,497336,234140,497336
440146,"Juvilex Communications, LLC",50,Fiber to the Premises,2,3,2,3
440148,Long Range Network,70,Unlicensed Fixed Wireless,3219,3457,3219,3457
440148,Long Range Network,72,LBR Fixed Wireless,1661,1714,1661,1714
440149,Lyme Fiber LLC,50,Fiber to the Premises,1051,1615,1051,1615
440150,"Lynx WV, Inc.",70,Unlicensed Fixed Wireless,15251,16204,15251,16204
440151,Mifflin County Wireless,50,Fiber to the Premises,631,982,631,982
440151,Mifflin County Wireless,70,Unlicensed Fixed Wireless,5567,6109,5380,5921
440151,Mifflin County Wireless,72,LBR Fixed Wireless,11897,14185,11898,14186
440152,"Mobile Communication Service, Inc.",71,Licensed Fixed Wireless,547,592,547,592
440153,Mobile Communications LLC,50,Fiber to the Premises,3216,4273,3216,4273
440153,Mobile Communications LLC,70,Unlicensed Fixed Wireless,5992,9323,5890,9192
440153,Mobile Communications LLC,72,LBR Fixed Wireless,1194,1637,1194,1637
440155,Natchez Trace Electric Power Association,50,Fiber to the Premises,14221,15784,14221,15784
440157,New Hampton Municipal Utilities,50,Fiber to the Premises,1666,1779,1666,1779
440159,"Nikola Engineering, Inc.",50,Fiber to the Premises,120,180,120,180
440159,"Nikola Engineering, Inc.",70,Unlicensed Fixed Wireless,12401,14543,12401,14543
440162,Om Networks,50,Fiber to the Premises,152,377,152,377
440162,Om Networks,70,Unlicensed Fixed Wireless,857,1364,857,1364
440163,Ouachita Electric Cooperative/South Arkansas Telephone Company,50,Fiber to the Premises,7378,7850,7378,7850
440167,Ridge Tower Network LLC,50,Fiber to the Premises,22,25,22,25
440167,Ridge Tower Network LLC,70,Unlicensed Fixed Wireless,14807,16933,14807,16933
440170,Silo Communications,50,Fiber to the Premises,1279,1378,1276,1375
440170,Silo Communications,70,Unlicensed Fixed Wireless,617,627,600,610
440171,Sky Fi Inc.,70,Unlicensed Fixed Wireless,1289,1569,1289,1569
440172,"Sprocket Networks, Inc.",10,Copper,2,285,3,31
440172,"Sprocket Networks, Inc.",50,Fiber to the Premises,211,2086,243,1579
440174,Streamline LLC,72,LBR Fixed Wireless,8624,9107,8624,9107
440175,"SysTec Wireless Communications, LLC",70,Unlicensed Fixed Wireless,6316,6321,6316,6321
440179,Ts Network,70,Unlicensed Fixed Wireless,74130,95517,74130,95517
440183,"Vicinity Solutions, Inc.",70,Unlicensed Fixed Wireless,302,314,33,43
440186,Direct Management Company,10,Copper,3757,4079,3757,4079
440186,Direct Management Company,40,Cable,7167,7577,7167,7577
440186,Direct Management Company,50,Fiber to the Premises,30304,33941,87893,117384
440187,Boot State Technologies,70,Unlicensed Fixed Wireless,7014,7709,6994,7689
440187,Boot State Technologies,72,LBR Fixed Wireless,3986,4155,3986,4155
440193,iWi Communications,70,Unlicensed Fixed Wireless,59,59,0,0
440196,Quad State Internet LLC,50,Fiber to the Premises,2376,3195,2376,3195
440197,"Simple Fiber, LLC",50,Fiber to the Premises,162,688,171,669
440199,East Central Vermont Telecommunications District,50,Fiber to the Premises,25000,29460,25000,29460
440200,MHG Telco LLC,70,Unlicensed Fixed Wireless,167164,255218,167164,255218
440203,"Dialog Telecom, LLC",50,Fiber to the Premises,1081,1156,1081,1156
440203,"Dialog Telecom, LLC",71,Licensed Fixed Wireless,76793,83884,76793,83884
440204,Tel-Star Communications of Florida Inc.,50,Fiber to the Premises,3115,3889,0,0
450001,Federated Telephone Cooperative,50,Fiber to the Premises,11161,12575,11196,12612
450007,"9Stone, LLC",50,Fiber to the Premises,10,10,10,10
450007,"9Stone, LLC",70,Unlicensed Fixed Wireless,4322,4481,3991,4136
450007,"9Stone, LLC",71,Licensed Fixed Wireless,3,3,3,3
450012,"Altitude ISP, LLC",70,Unlicensed Fixed Wireless,8972,9906,8700,9620
450012,"Altitude ISP, LLC",72,LBR Fixed Wireless,3677,4549,3649,4519
450015,Ayva Limited,50,Fiber to the Premises,19,27,19,27
450015,Ayva Limited,70,Unlicensed Fixed Wireless,35548,64041,35548,64041
450023,"Camellia City Fiber, LLC",50,Fiber to the Premises,1757,2066,978,1948
450026,Central Rural Electric Cooperative,50,Fiber to the Premises,24948,26656,24948,26656
450027,"City of Buffalo, Minnesota",50,Fiber to the Premises,3160,4261,3160,4261
450028,"City of Pella, Iowa",50,Fiber to the Premises,3846,4823,3846,4823
450029,"Clear Creek Broadband, LLC",50,Fiber to the Premises,168,177,0,0
450029,"Clear Creek Broadband, LLC",72,LBR Fixed Wireless,2078,2274,1,1
450032,"CMA Wireless, LLC",70,Unlicensed Fixed Wireless,758,835,593,645
450032,"CMA Wireless, LLC",72,LBR Fixed Wireless,448,579,448,579
450038,Cookson Hills Electric Cooperative,50,Fiber to the Premises,18708,19707,18708,19707
450039,"Costnet, Inc.",50,Fiber to the Premises,48538,55949,48538,55949
450039,"Costnet, Inc.",70,Unlicensed Fixed Wireless,164114,236043,164114,236043
450041,Designs For Learning,70,Unlicensed Fixed Wireless,260,260,64,64
450044,"Eminent Technical Solutions, LLC",50,Fiber to the Premises,2309,2642,2309,2642
450044,"Eminent Technical Solutions, LLC",70,Unlicensed Fixed Wireless,14886,17366,12140,14255
450046,"Fast Wireless, LLC",70,Unlicensed Fixed Wireless,3250,3690,3250,3690
450047,"Fiber Broadband, Inc.",50,Fiber to the Premises,319,322,319,322
450048,"FiberFly, LLC",70,Unlicensed Fixed Wireless,18889,21500,18889,21500
450050,"Free Range Internet, LLC",70,Unlicensed Fixed Wireless,0,0,277,548
450050,"Free Range Internet, LLC",72,LBR Fixed Wireless,2136,2314,2137,2315
450051,Gascosage Electric Cooperative,50,Fiber to the Premises,4160,4338,443,505
450052,"Guadalupe Valley Electric Cooperative, Inc.",50,Fiber to the Premises,39590,40742,39590,40742
450052,"Guadalupe Valley Electric Cooperative, Inc.",70,Unlicensed Fixed Wireless,32518,39461,32518,39461
450052,"Guadalupe Valley Electric Cooperative, Inc.",71,Licensed Fixed Wireless,85235,91996,85235,91996
450052,"Guadalupe Valley Electric Cooperative, Inc.",72,LBR Fixed Wireless,124915,141168,124915,141168
450055,"IFN, LLC",50,Fiber to the Premises,1179,1531,1179,1531
450060,Johnson County Rural Electric Membership Cooperative,50,Fiber to the Premises,16076,19067,16076,19067
450061,JR Network PR LLC,70,Unlicensed Fixed Wireless,8062,8363,8062,8363
450063,Kosciusko Rural Electric Membership Cooperative ,50,Fiber to the Premises,18216,18953,18216,18953
450064,"LaZerArt, Inc.",50,Fiber to the Premises,72,72,4,4
450064,"LaZerArt, Inc.",70,Unlicensed Fixed Wireless,155,155,27,28
450069,LitFiber,50,Fiber to the Premises,2233,2504,2233,2504
450075,Lumbee River Electric Membership Corporation,50,Fiber to the Premises,18752,21129,18752,21129
450081,Nates Access LLC,70,Unlicensed Fixed Wireless,2693,2992,2249,2520
450082,Navasota WiFi,50,Fiber to the Premises,1,1,13,24
450082,Navasota WiFi,70,Unlicensed Fixed Wireless,35,74,21,25
450083,NEK Community Broadband,50,Fiber to the Premises,9852,10769,9852,10769
450085,New Alliance LLC,72,LBR Fixed Wireless,2884,3647,2880,3643
450089,"Sisu Investments, LLC",10,Copper,1,1,1,1
450089,"Sisu Investments, LLC",70,Unlicensed Fixed Wireless,2711,3209,2683,3181
450093,"Ripple Fiber, LLC",50,Fiber to the Premises,206137,222866,5828,11645
450094,"Open Infra, Inc.",50,Fiber to the Premises,87395,94910,87395,94910
450099,"Pendleton Overground, LLC",50,Fiber to the Premises,287,318,0,0
450100,Petit Jean Electric Cooperative Corp.,50,Fiber to the Premises,18323,18609,18323,18609
450101,"PGB Fiber, LLC",50,Fiber to the Premises,5320,7366,5320,7366
450106,"Rapid Wireless, LLC",70,Unlicensed Fixed Wireless,1146,1301,1146,1301
450109,"RiverNet, LLC",50,Fiber to the Premises,0,0,2,2
450109,"RiverNet, LLC",70,Unlicensed Fixed Wireless,1365,1460,1342,1437
450109,"RiverNet, LLC",71,Licensed Fixed Wireless,0,0,1,3
450113,SDC Internet,70,Unlicensed Fixed Wireless,145,355,7,15
450116,Singing River Electric Cooperative,50,Fiber to the Premises,53657,60998,53657,60998
450117,Sky Satellite LLC,70,Unlicensed Fixed Wireless,375,400,0,0
450119,"Southwest Arkansas Electric Cooperative, Inc.",50,Fiber to the Premises,22668,22943,22668,22943
450121,"Stimulus Technologies of New Mexico, LLC",70,Unlicensed Fixed Wireless,11001,12399,11001,12399
450128,Ultranet LLC,70,Unlicensed Fixed Wireless,218,336,0,0
450129,"Upward Broadband, LLC",70,Unlicensed Fixed Wireless,54224,67742,54224,67742
450129,"Upward Broadband, LLC",72,LBR Fixed Wireless,42319,48274,42319,48274
450136,"WiFi Services Caribbean, Inc.",50,Fiber to the Premises,106,843,106,843
450136,"WiFi Services Caribbean, Inc.",70,Unlicensed Fixed Wireless,180811,432827,180811,432827
450151,Southeastern Indiana Rural Electric Membership Corporation,50,Fiber to the Premises,20449,20701,20449,20701
450153,Cherokee Cablevision Inc.,40,Cable,1133,1150,168,170
450153,Cherokee Cablevision Inc.,50,Fiber to the Premises,1154,1193,368,385
450153,Cherokee Cablevision Inc.,70,Unlicensed Fixed Wireless,71,72,0,0
450155,"Advanced Technology Group, LLC",70,Unlicensed Fixed Wireless,0,0,19,23
450158,Nevada County Fiber Inc.,50,Fiber to the Premises,309,367,309,367
450162,FamilyNet Inc.,70,Unlicensed Fixed Wireless,202116,232240,202116,232240
450168,Conquest Wireless LLC,70,Unlicensed Fixed Wireless,10400,11030,10400,11030
450169,First Electric Cooperative Corporation,50,Fiber to the Premises,82726,85810,5725,7608
450172,Wave Internet Technologies LLC,50,Fiber to the Premises,7,63,7,63
450172,Wave Internet Technologies LLC,70,Unlicensed Fixed Wireless,275590,318112,275590,318112
450174,Wyyerd Group LLC,10,Copper,14,14,2,2
450174,Wyyerd Group LLC,50,Fiber to the Premises,184790,191826,419,800
450177,"Stroud Media, LLC",50,Fiber to the Premises,98,617,98,617
450177,"Stroud Media, LLC",72,LBR Fixed Wireless,3506,5600,3506,5600
460000,"123.Net, Inc.",50,Fiber to the Premises,30983,32044,33443,58449
460000,"123.Net, Inc.",70,Unlicensed Fixed Wireless,0,0,1366,2094
460000,"123.Net, Inc.",71,Licensed Fixed Wireless,0,0,25361,40868
460002,AirLink Internet Services,50,Fiber to the Premises,1792,1909,1792,1909
460002,AirLink Internet Services,70,Unlicensed Fixed Wireless,43959,49057,43959,49057
460004,"Anthem Broadband of Nevada, LLC",50,Fiber to the Premises,12390,14837,12390,14837
460004,"Anthem Broadband of Nevada, LLC",70,Unlicensed Fixed Wireless,14,18,14,18
460005,"Aspire Networks 1, LLC",50,Fiber to the Premises,44794,47785,44794,47785
460005,"Aspire Networks 1, LLC",70,Unlicensed Fixed Wireless,9,74,9,74
460006,"Avative, LLC",50,Fiber to the Premises,4523,5356,4523,5356
460006,"Avative, LLC",70,Unlicensed Fixed Wireless,3237,3512,249,265
460007,Backcountry Broadband,50,Fiber to the Premises,248,275,248,275
460009,"Black Dragon Networks, LLC",72,LBR Fixed Wireless,1692,1701,518,544
460010,"Blast Communications, Inc.",70,Unlicensed Fixed Wireless,17367,25105,17336,25179
460011,BLB Communications,50,Fiber to the Premises,2852,3162,2852,3162
460012,BLS Broadband LLC,50,Fiber to the Premises,125,126,125,126
460012,BLS Broadband LLC,70,Unlicensed Fixed Wireless,2081,2141,2081,2141
460012,BLS Broadband LLC,72,LBR Fixed Wireless,547,551,547,551
460013,Blue Wireless Corp.,70,Unlicensed Fixed Wireless,44233,49674,44233,49674
460014,"Broadband MDU Holdings, LLC",50,Fiber to the Premises,345,29534,543,7571
460015,"Bros Broadband, LLC",70,Unlicensed Fixed Wireless,13350,16745,2896,3635
460017,Center Cable TV,40,Cable,297,304,297,304
460018,Chicopee Municipal Lighting Plant,50,Fiber to the Premises,14430,20450,15154,22431
460019,"City of Ponca, Oklahoma",50,Fiber to the Premises,11706,13251,11706,13251
460020,"City of Sherwood, Oregon",50,Fiber to the Premises,4204,4625,4244,4748
460021,Coosa Valley Electric Cooperative,50,Fiber to the Premises,20648,22740,20648,22740
460024,"DCN, LLC",50,Fiber to the Premises,0,0,288,2503
460025,Digital Network Access Communications Inc.,10,Copper,12005,19160,12005,19160
460025,Digital Network Access Communications Inc.,50,Fiber to the Premises,1325,2609,1325,2609
460027,"Eastern Telephone & Technologies, Inc.",50,Fiber to the Premises,62,63,62,63
460027,"Eastern Telephone & Technologies, Inc.",70,Unlicensed Fixed Wireless,634,1161,634,1161
460027,"Eastern Telephone & Technologies, Inc.",72,LBR Fixed Wireless,7984,9505,7984,9505
460028,Elevate Technology Group,50,Fiber to the Premises,2,32,2,32
460028,Elevate Technology Group,70,Unlicensed Fixed Wireless,103481,167127,103481,167127
460031,"ezWave, Inc.",70,Unlicensed Fixed Wireless,124614,154984,9420,21405
460032,"Ezee Fiber Texas, LLC",50,Fiber to the Premises,373234,416564,41073,228564
460033,Fitchburg Fiber LLC,70,Unlicensed Fixed Wireless,288,1838,288,1838
460036,"Grid Southwest, LLC",50,Fiber to the Premises,411,420,411,420
460037,HarvestBeam Inc.,72,LBR Fixed Wireless,5226,6158,5226,6158
460038,Heartland Fiber,50,Fiber to the Premises,4175,4730,4175,4730
460039,"Heritage NetWorks, LLC",50,Fiber to the Premises,0,0,1,1
460039,"Heritage NetWorks, LLC",70,Unlicensed Fixed Wireless,0,0,1,1
460041,Hope Water & Light Commission,50,Fiber to the Premises,5818,6665,5818,6665
460046,Jicarilla Apache Nation Power Authority,70,Unlicensed Fixed Wireless,1295,1706,1295,1706
460047,"Kaniksu, LLC",50,Fiber to the Premises,751,839,751,839
460047,"Kaniksu, LLC",70,Unlicensed Fixed Wireless,3896,5113,3514,4681
460047,"Kaniksu, LLC",72,LBR Fixed Wireless,88,93,35,36
460048,"K-Powernet, LLC",50,Fiber to the Premises,0,0,1067,1448
460050,LaGrange County Rural Membership Corporation,50,Fiber to the Premises,10582,10690,10582,10690
460051,Little Wapsie Communications,50,Fiber to the Premises,601,658,601,658
460052,"Mann Holdings, LLC",70,Unlicensed Fixed Wireless,14922,17599,0,0
460053,"City of Fort Bragg, CA",70,Unlicensed Fixed Wireless,0,0,3746,4977
460054,"National Telecom, LLC",70,Unlicensed Fixed Wireless,0,0,405594,575091
460055,New England Wireless Co. LLC,70,Unlicensed Fixed Wireless,4076,5426,4003,5350
460055,New England Wireless Co. LLC,72,LBR Fixed Wireless,2328,2809,2325,2805
460056,Nimbus Solutions,70,Unlicensed Fixed Wireless,2505,3050,2490,3035
460056,Nimbus Solutions,71,Licensed Fixed Wireless,8316,8766,8271,8723
460056,Nimbus Solutions,72,LBR Fixed Wireless,573,594,559,580
460057,Nisqually Indian Tribe,71,Licensed Fixed Wireless,197,213,22,27
460060,Norwood Light Department Broadband Division,40,Cable,5779,10669,201,836
460060,Norwood Light Department Broadband Division,50,Fiber to the Premises,466,487,6,13
460061,Onlinet LLC,70,Unlicensed Fixed Wireless,9054,9434,9054,9434
460062,"Osage, LLC",50,Fiber to the Premises,917,938,917,938
460062,"Osage, LLC",70,Unlicensed Fixed Wireless,1927,1954,1927,1954
460062,"Osage, LLC",71,Licensed Fixed Wireless,8088,8412,8088,8412
460064,Pearl River Valley Electric Power Association,50,Fiber to the Premises,34276,36147,34276,36147
460065,Platinum Connect LLC,50,Fiber to the Premises,4116,4626,4116,4626
460066,Prado Network,70,Unlicensed Fixed Wireless,131077,155815,131077,155815
460067,"Precision Data Solutions, LLC",50,Fiber to the Premises,1189,1437,1189,1437
460067,"Precision Data Solutions, LLC",70,Unlicensed Fixed Wireless,5706,6517,2905,3449
460067,"Precision Data Solutions, LLC",72,LBR Fixed Wireless,3229,3339,921,966
460068,Prentiss County Electric Power Association,50,Fiber to the Premises,12242,13191,12242,13191
460069,Quintillion Subsea Holdings,50,Fiber to the Premises,0,0,7,7
460070,Real Link Network LLC,70,Unlicensed Fixed Wireless,53057,73399,53057,73399
460071,Ridge Wireless Inc.,70,Unlicensed Fixed Wireless,271395,478399,271313,478310
460072,Sebago Fiber & Wifi LLC,50,Fiber to the Premises,2492,2706,2492,2706
460073,Kempler Internet,70,Unlicensed Fixed Wireless,5718,9289,5617,9139
460075,South Hadley Electric Light Department,50,Fiber to the Premises,7652,9892,7652,9892
460076,Speedwavz LLC,50,Fiber to the Premises,3438,3464,0,0
460076,Speedwavz LLC,70,Unlicensed Fixed Wireless,9366,10299,0,0
460077,"SureFire Internet, LLC",50,Fiber to the Premises,384,387,384,387
460078,Pierce Pepin Cooperative Services,50,Fiber to the Premises,8669,9861,1258,1613
460079,Tachus LLC,50,Fiber to the Premises,178878,194759,6273,16582
460080,TEPA Connect LLC,50,Fiber to the Premises,10551,11297,1353,1754
460081,Thumb Electric Cooperative,50,Fiber to the Premises,16635,17864,16635,17864
460082,"Town of Estes Park, Colorado",50,Fiber to the Premises,6533,8963,6533,8963
460083,"Triple Crown Internet, Inc.",50,Fiber to the Premises,491,494,491,494
460083,"Triple Crown Internet, Inc.",70,Unlicensed Fixed Wireless,3853,3923,3853,3923
460084,Uber Wireless LLP,70,Unlicensed Fixed Wireless,8328,10762,8318,10752
460084,Uber Wireless LLP,72,LBR Fixed Wireless,6423,7492,6423,7492
460085,"Underline El Paso, LLC",50,Fiber to the Premises,42357,64088,42357,64088
460086,UNONET Corp.,70,Unlicensed Fixed Wireless,356,383,356,383
460087,UnWired Broadband Holding LLC,50,Fiber to the Premises,10152,13548,10152,13548
460087,UnWired Broadband Holding LLC,70,Unlicensed Fixed Wireless,1329998,1745405,1329998,1745405
460087,UnWired Broadband Holding LLC,72,LBR Fixed Wireless,342456,445415,342456,445415
460089,"VFN Holdings, Inc.",50,Fiber to the Premises,52739,73992,52739,73992
460089,"VFN Holdings, Inc.",70,Unlicensed Fixed Wireless,1606,2217,1606,2217
460089,"VFN Holdings, Inc.",72,LBR Fixed Wireless,1154,1347,1154,1347
460090,"WAVE.BAND, LLC",70,Unlicensed Fixed Wireless,0,0,726,2342
460091,Webiffi,70,Unlicensed Fixed Wireless,97777,110964,97777,110964
460092,"WeLink Communications, Inc.",70,Unlicensed Fixed Wireless,239266,258041,1123,3912
460093,Edge Broadband LLC,50,Fiber to the Premises,8425,9536,8425,9536
460093,Edge Broadband LLC,70,Unlicensed Fixed Wireless,10615,12664,10615,12664
460094,WiFicow Wyoming Corporation,70,Unlicensed Fixed Wireless,543,759,543,759
460099,"360 Communications, Inc. (OK, AR & TX)",50,Fiber to the Premises,2319,2376,2319,2376
460099,"360 Communications, Inc. (OK, AR & TX)",70,Unlicensed Fixed Wireless,53562,57309,53562,57309
460099,"360 Communications, Inc. (OK, AR & TX)",72,LBR Fixed Wireless,128123,140044,128123,140044
460100,Carthage Water and Electric Plant,50,Fiber to the Premises,5946,7384,593,1193
460100,Carthage Water and Electric Plant,70,Unlicensed Fixed Wireless,202,217,205,220
460101,"City of Taunton, Massachusetts",50,Fiber to the Premises,863,1700,863,1700
460104,"Kiza, Inc.",50,Fiber to the Premises,0,0,1,1
460104,"Kiza, Inc.",70,Unlicensed Fixed Wireless,200,210,42,42
460104,"Kiza, Inc.",71,Licensed Fixed Wireless,6,6,1,1
460104,"Kiza, Inc.",72,LBR Fixed Wireless,3151,3528,3093,3470
460105,North WiFi PR,70,Unlicensed Fixed Wireless,4,4,4,4
460504,Smart Networks LLC,50,Fiber to the Premises,0,0,114,200
460511,BAM Broadband OpCo LLC,50,Fiber to the Premises,60141,63771,60141,63771
460511,BAM Broadband OpCo LLC,70,Unlicensed Fixed Wireless,134382,165320,134382,165320
460515,Bitwise Inc.,70,Unlicensed Fixed Wireless,7306,8018,7306,8018
460522,ClearPath Fiber LLC,50,Fiber to the Premises,737,809,737,809
460531,"DCM Cable, Inc.",40,Cable,1793,1800,0,0
460531,"DCM Cable, Inc.",50,Fiber to the Premises,501,501,0,0
460531,"DCM Cable, Inc.",70,Unlicensed Fixed Wireless,429,433,0,0
460536,"Diverse Power, Inc.",50,Fiber to the Premises,5364,5452,508,598
460557,JWEMC Communications LLC,50,Fiber to the Premises,35240,38307,8920,10753
460568,"Maverix Broadband, Inc.",50,Fiber to the Premises,6783,6861,6783,6861
460574,"NfinityLink Communications, Inc.",40,Cable,91,136,91,136
460574,"NfinityLink Communications, Inc.",50,Fiber to the Premises,19715,20715,19715,20715
460576,"NocTel Communications, Inc.",50,Fiber to the Premises,685,798,0,0
460581,OLHCommunityFiber,50,Fiber to the Premises,52,53,0,0
460582,Optic Loop Communications LLC,50,Fiber to the Premises,2549,3274,2549,3274
460582,Optic Loop Communications LLC,70,Unlicensed Fixed Wireless,64461,83328,64461,83328
460584,Outer Reach Broadband LLC,72,LBR Fixed Wireless,3904,4819,3904,4819
460593,"ResTech Services, LLC",50,Fiber to the Premises,46,2785,147,5915
460593,"ResTech Services, LLC",70,Unlicensed Fixed Wireless,155525,268348,155525,268348
460596,Riverside Broadband,70,Unlicensed Fixed Wireless,13711,17073,13711,17073
460598,Robinson Hardware and Software Solutions,70,Unlicensed Fixed Wireless,85843,119705,3829,16940
460604,"SBE Networks, Inc.",70,Unlicensed Fixed Wireless,109949,128833,109949,128833
460615,Ten Four Holdings LLC,70,Unlicensed Fixed Wireless,621,627,0,0
460616,The Foerster Project LLC,70,Unlicensed Fixed Wireless,6316,7513,6316,7513
460625,Vickery IT LLC,70,Unlicensed Fixed Wireless,8348,8789,8348,8789
460630,xyTel LLC,50,Fiber to the Premises,73,172,73,172
460630,xyTel LLC,70,Unlicensed Fixed Wireless,90234,117305,90234,117305
460632,"VTel Wireless, Inc.",71,Licensed Fixed Wireless,307041,409231,24480,65685
460633,MTC Cable,40,Cable,4283,4938,4283,4938
460633,MTC Cable,50,Fiber to the Premises,7603,8219,7602,8218
460637,"AaroBand, Inc.",70,Unlicensed Fixed Wireless,6217,6937,6217,6937
460645,Altamaha Electric Corporation,50,Fiber to the Premises,18952,20462,18952,20462
460662,Raymond Mazeika,50,Fiber to the Premises,16,16,16,16
460662,Raymond Mazeika,72,LBR Fixed Wireless,155,155,155,155
460667,Magnolia Road Internet Cooperative Inc.,70,Unlicensed Fixed Wireless,338,368,0,0
460675,Sac and Fox Tribe of the Mississippi in Iowa,50,Fiber to the Premises,289,320,18,19
460679,Invest Newark,50,Fiber to the Premises,1,68,12,489
460679,Invest Newark,72,LBR Fixed Wireless,14,308,29,400
460684,GLW Broadband Inc.,40,Cable,9321,10470,9321,10470
460684,GLW Broadband Inc.,50,Fiber to the Premises,0,0,20,37
470009,Bartnet IP LLC,70,Unlicensed Fixed Wireless,30778,34445,30778,34445
470015,"City of Griffin, Georgia",50,Fiber to the Premises,2348,3339,2348,3339
470016,"City of Norway, Michigan",40,Cable,1812,1979,1812,1979
470018,Coastal Electric Membership Corporation,50,Fiber to the Premises,7535,7904,7535,7904
470021,"Concho Valley Electric Cooperative, Inc.",50,Fiber to the Premises,651,651,651,651
470022,Connect Holding II LLC,10,Copper,3291659,3841331,3291659,3841331
470022,Connect Holding II LLC,50,Fiber to the Premises,1793486,2053362,1793486,2053362
470022,Connect Holding II LLC,70,Unlicensed Fixed Wireless,6586,8190,6586,8190
470023,Cowboy Internet Services,50,Fiber to the Premises,428,438,428,438
470023,Cowboy Internet Services,70,Unlicensed Fixed Wireless,9906,10694,9858,10646
470023,Cowboy Internet Services,72,LBR Fixed Wireless,5075,5361,5047,5333
470028,"Everfast Fiber Networks, LLC",40,Cable,132960,207365,132960,207365
470028,"Everfast Fiber Networks, LLC",50,Fiber to the Premises,290684,447528,290684,447528
470029,Federated Rural Electric Association,50,Fiber to the Premises,1424,1452,1424,1452
470029,Federated Rural Electric Association,70,Unlicensed Fixed Wireless,8399,8870,8399,8870
470029,Federated Rural Electric Association,71,Licensed Fixed Wireless,1831,1845,1831,1845
470029,Federated Rural Electric Association,72,LBR Fixed Wireless,12682,14389,12682,14389
470030,Boston Omaha Corporation,50,Fiber to the Premises,25690,28304,25690,28304
470030,Boston Omaha Corporation,70,Unlicensed Fixed Wireless,296284,425454,294603,423449
470030,Boston Omaha Corporation,72,LBR Fixed Wireless,62908,89261,62792,89111
470037,Indian Wells Valley Internet Service Provider,70,Unlicensed Fixed Wireless,12038,14071,0,0
470039,"Internet Management Services, Inc.",50,Fiber to the Premises,1456,1505,1456,1505
470039,"Internet Management Services, Inc.",70,Unlicensed Fixed Wireless,8132,8824,2704,3036
470041,"IQ Fiber Intermediate Holdings, LLC",50,Fiber to the Premises,145173,176474,32428,62775
470044,Jasper County Rural Electric Membership Corporation,50,Fiber to the Premises,5208,5258,5208,5258
470044,Jasper County Rural Electric Membership Corporation,70,Unlicensed Fixed Wireless,3036,3139,3036,3139
470045,"City of Knoxville, TN",50,Fiber to the Premises,131467,177552,131467,177552
470047,"LCS Fibercom, LLC",50,Fiber to the Premises,916,1070,916,1070
470048,"Lee Wireless, LLC",70,Unlicensed Fixed Wireless,1180,1212,1180,1212
470049,Madrone Broadband,50,Fiber to the Premises,97,124,97,124
470052,"MFWireless, LLC",70,Unlicensed Fixed Wireless,3789,4480,704,782
470052,"MFWireless, LLC",72,LBR Fixed Wireless,6726,7714,1136,1464
470053,"MTN Infrastructure TopCo, Inc.",50,Fiber to the Premises,0,0,58,268
470055,NCI Datacom,50,Fiber to the Premises,1477,1870,1477,1870
470055,NCI Datacom,70,Unlicensed Fixed Wireless,24710,29026,24194,28507
470060,Presque Isle Electric & Gas Co-op,50,Fiber to the Premises,18967,19542,2225,2474
470061,"Public Utilities District No. 1 of Jefferson County, Washington",50,Fiber to the Premises,306,433,58,143
470070,"SOM1101, LLC",71,Licensed Fixed Wireless,34242,38963,34242,38963
470073,"Stimulus Technologies of California, LLC",40,Cable,823,1017,823,1017
470073,"Stimulus Technologies of California, LLC",70,Unlicensed Fixed Wireless,354,376,354,376
470078,The Greater Eastern Oregon Network,70,Unlicensed Fixed Wireless,109,149,109,149
470078,The Greater Eastern Oregon Network,72,LBR Fixed Wireless,6255,6890,6255,6890
470079,Ubinet Corp,70,Unlicensed Fixed Wireless,12401,13329,12401,13329
470080,"UltraWISP, LLC",70,Unlicensed Fixed Wireless,74,74,74,74
470091,"Benchmark Communications, LLC",10,Copper,13,75,0,0
470091,"Benchmark Communications, LLC",50,Fiber to the Premises,1,1,0,0
470101,Litebridge LLC,50,Fiber to the Premises,175,5068,175,5068
470102,M3 Wireless,50,Fiber to the Premises,115,119,115,119
470102,M3 Wireless,70,Unlicensed Fixed Wireless,28,29,64116,71182
470107,OGC Fiber Networks Lago Mar,50,Fiber to the Premises,27,490,27,490
470108,"Wellcom Technologies Highlands, LP",50,Fiber to the Premises,853,854,853,854
470109,J and R Electronics Inc.,72,LBR Fixed Wireless,46,52,2,2
470111,"River City Wireless, Inc.",70,Unlicensed Fixed Wireless,30131,33469,30131,33469
470112,Fuse Telecom LLC,50,Fiber to the Premises,13,13,28,64
470112,Fuse Telecom LLC,70,Unlicensed Fixed Wireless,82,135,76,107
470113,Metro Service Center,70,Unlicensed Fixed Wireless,1216,1351,1216,1351
470113,Metro Service Center,72,LBR Fixed Wireless,6216,6784,6216,6784
470117,South Bay Internet,70,Unlicensed Fixed Wireless,2,6,0,0
470118,Innercity Fibernet LLC,50,Fiber to the Premises,467,931,467,931
470118,Innercity Fibernet LLC,70,Unlicensed Fixed Wireless,58049,103118,58049,103118
470119,Deerfield Valley Communications Union District,50,Fiber to the Premises,2700,2864,0,0
470121,"Xtratyme Technologies, Inc.",10,Copper,17,23,2,7
470121,"Xtratyme Technologies, Inc.",50,Fiber to the Premises,19,19,0,0
470121,"Xtratyme Technologies, Inc.",70,Unlicensed Fixed Wireless,2179,2608,141,338
470122,Advanced Internet,50,Fiber to the Premises,231,231,231,231
470122,Advanced Internet,70,Unlicensed Fixed Wireless,29334,39857,29334,39857
470122,Advanced Internet,72,LBR Fixed Wireless,70325,81922,70325,81922
470127,"Fastbridge Fiber, LLC",50,Fiber to the Premises,50637,66590,50637,66590
470128,FiberX Inc.,50,Fiber to the Premises,7990,26301,8409,27143
470129,Spokane Tribe of Indians,71,Licensed Fixed Wireless,422,516,2,2
470132,Optical Communications Group,50,Fiber to the Premises,0,0,1770,17170
470133,Integrated Elements Ultd,70,Unlicensed Fixed Wireless,13790,15455,13790,15455
480002,Addison County Communications Union District,50,Fiber to the Premises,3348,3662,3348,3662
480003,"Adirondack Techs, LLC",50,Fiber to the Premises,1602,1665,1602,1665
480003,"Adirondack Techs, LLC",70,Unlicensed Fixed Wireless,195,206,195,206
480009,"Back 2 Roots, LLC",40,Cable,3772,4144,3772,4144
480010,"BIF IV Intrepid HoldCo, LLC",50,Fiber to the Premises,125952,141268,1243,5200
480012,"Blue Ridge Internet, LLC",70,Unlicensed Fixed Wireless,13554,15217,13541,15201
480015,"B-Y Internet, LLC",50,Fiber to the Premises,117,181,117,181
480015,"B-Y Internet, LLC",70,Unlicensed Fixed Wireless,5786,7438,5766,7418
480018,Cherokee County Electric Cooperative Association,50,Fiber to the Premises,14354,14579,143,159
480019,"City of Fort Dodge, Iowa",50,Fiber to the Premises,8759,10204,981,1442
480022,"Claverack Communications, Inc.",50,Fiber to the Premises,12100,12840,12100,12840
480023,ClearNet,70,Unlicensed Fixed Wireless,27,27,27,27
480033,"EchoNet Wireless Puerto Rico, LLC",70,Unlicensed Fixed Wireless,15775,16296,15775,16296
480036,"Enlightened by Woodruff Electric, LLC",50,Fiber to the Premises,7890,8215,1107,1358
480037,Farmer Electric Cooperative Corporation,50,Fiber to the Premises,4041,4289,4041,4289
480039,Adirondack Internet,70,Unlicensed Fixed Wireless,57,57,0,0
480043,Get Real II LLC,50,Fiber to the Premises,3287,3578,3287,3578
480048,"IBT Group USA, LLC",50,Fiber to the Premises,4,867,4,867
480055,"LiveOak Fiber, LLC",50,Fiber to the Premises,155654,211241,155654,211241
480062,"Netwitz Internet Services, Inc.",70,Unlicensed Fixed Wireless,8208,8901,8159,8852
480067,"Omni Fiber, LLC",50,Fiber to the Premises,207853,228437,11202,19257
480068,"Orion CableSystems, Inc.",40,Cable,2439,3154,0,0
480069,"Ozark Fiber, LLC",50,Fiber to the Premises,19128,22649,19128,22649
480084,Skyewaves LLC,70,Unlicensed Fixed Wireless,20232,21525,20232,21525
480093,"Town of Dryden, New York",50,Fiber to the Premises,1537,1994,182,251
480104,"Volt Broadband, LLC",50,Fiber to the Premises,11884,12104,11884,12104
480112,"Tomales Bay LAN, LLC",70,Unlicensed Fixed Wireless,1347,1529,0,0
480113,"Muir Beach LAN, LLC",70,Unlicensed Fixed Wireless,1560,1794,0,0
480114,Youngsville Television Corporation,50,Fiber to the Premises,608,741,107,130
480116,Peeples Computers LLC,10,Copper,0,0,2,2
480116,Peeples Computers LLC,70,Unlicensed Fixed Wireless,9,9,0,0
480117,The Chickasaw Nation,50,Fiber to the Premises,1448,1460,3215,4272
480118,Element8 Technology Investment Group Inc.,70,Unlicensed Fixed Wireless,106419,117553,106419,117553
480120,Ardent Wireless LLC,50,Fiber to the Premises,83,103,83,103
480120,Ardent Wireless LLC,70,Unlicensed Fixed Wireless,851,856,851,856
490004,"AirUltra, LLC",70,Unlicensed Fixed Wireless,3367,4007,3367,4007
490005,Allevia Technology,50,Fiber to the Premises,35,108,35,108
490006,"Arbor Mesh, LLC",70,Unlicensed Fixed Wireless,4703,8575,319,1365
490008,Arrive Internet,50,Fiber to the Premises,2611,2822,2611,2822
490008,Arrive Internet,70,Unlicensed Fixed Wireless,10626,12731,10626,12731
490011,"Circle B Wireless, LLC",72,LBR Fixed Wireless,13771,14666,13771,14666
490012,"City of El Reno, Oklahoma",50,Fiber to the Premises,2375,2404,2375,2404
490014,"Community Networks, LLC",50,Fiber to the Premises,6264,7387,6264,7387
490018,"Fiber by Central Florida, LLC",50,Fiber to the Premises,34851,36689,34851,36689
490023,"HDD Broadband, Inc.",50,Fiber to the Premises,3559,3964,3559,3964
490028,Lenoir City Utility Board,50,Fiber to the Premises,34362,40834,34362,40834
490030,Los Altos Hills Community Fiber,50,Fiber to the Premises,68,68,68,68
490039,Pea River Electric Cooperative,50,Fiber to the Premises,20228,21437,20228,21437
490041,"Public Utility District #1 of Kitsap County, Washington",50,Fiber to the Premises,2672,2846,245,720
490048,Shiloh Estates,50,Fiber to the Premises,68,174,0,0
490060,Wecom LLC,50,Fiber to the Premises,19138,20761,19138,20761
490062,Vision Wifi Inc.,70,Unlicensed Fixed Wireless,7511,8002,7511,8002
490064,Midwest Fiber Holdings LP,50,Fiber to the Premises,0,0,7340,41604
490066,Konvergence Technologies,50,Fiber to the Premises,2,2,1,1
490066,Konvergence Technologies,70,Unlicensed Fixed Wireless,12855,15110,12855,15110
490068,Seamless Fiber Innovations LLC,50,Fiber to the Premises,6812,6892,6812,6892
490069,"Suwannee Valley Electric Cooperative, Inc.",50,Fiber to the Premises,21354,23196,21354,23196
490071,Electryon Tech,72,LBR Fixed Wireless,20831,23564,20831,23564
490074,Wire 3 Holdings,50,Fiber to the Premises,119263,147251,119263,147251
500002,"ACU Global, LLC",50,Fiber to the Premises,1187,1226,1187,1226
500010,"City of Dickson, TN",50,Fiber to the Premises,18301,20727,18301,20727
500011,"City of Lexington, Tennessee",50,Fiber to the Premises,17633,18359,1935,2298
500012,"connectSCP, LLC",50,Fiber to the Premises,11498,11632,11498,11632
500019,East Central Energy,50,Fiber to the Premises,27744,30593,27744,30593
500023,"Fuse Rural Connect, LLC",50,Fiber to the Premises,1874,1899,1874,1899
500025,"GreyStone Connect, LLC",50,Fiber to the Premises,40990,45260,40990,45260
500026,Haywire,50,Fiber to the Premises,136,2248,44,284
500027,Hill Country Broadband Inc.,70,Unlicensed Fixed Wireless,2384,2545,2384,2545
500028,"Internet and Communication Associates of Northern Missouri, LLC",70,Unlicensed Fixed Wireless,9919,11477,9919,11477
500031,Kwikbit Internet,70,Unlicensed Fixed Wireless,20469,25051,0,0
500032,Larkin LLC,70,Unlicensed Fixed Wireless,9369,12729,9369,12729
500039,"Opiquad, LLC",70,Unlicensed Fixed Wireless,39713,54683,39236,54108
500039,"Opiquad, LLC",72,LBR Fixed Wireless,5003,6154,4957,6107
500040,Pilam HSI LLC,70,Unlicensed Fixed Wireless,99,104,0,0
500042,Remarkable Wifi LLC,50,Fiber to the Premises,116,117,0,0
500047,Southern Ute ISP,50,Fiber to the Premises,1063,1395,1063,1395
500048,"Stupp Fiber, LLC",50,Fiber to the Premises,6154,8430,6154,8430
500052,Velofi LLC,50,Fiber to the Premises,423,1815,0,0
500058,White River Valley Electric Cooperative,50,Fiber to the Premises,31078,34653,31078,34653
500060,Greeneville Energy Authority,50,Fiber to the Premises,9978,11738,9978,11738
500064,"Gigafy, LLC",10,Copper,246,4071,0,0
500064,"Gigafy, LLC",50,Fiber to the Premises,1187,1438,1187,1438
500071,Lucky Fiber LLC,50,Fiber to the Premises,0,0,262,588
500075,"FiberFi, LLC",70,Unlicensed Fixed Wireless,2321,24115,2320,24086
500079,Sabino WiFi,70,Unlicensed Fixed Wireless,27179,35254,0,0
500081,Spectra International Holdings LLC,70,Unlicensed Fixed Wireless,363,990,363,990
500082,Lovelock Highspeed,50,Fiber to the Premises,748,828,114,125
500082,Lovelock Highspeed,70,Unlicensed Fixed Wireless,385,411,51,55
500083,Rozint LLC,50,Fiber to the Premises,0,0,17,252
500084,"Generate-Ubiquity Holdings, LLC",50,Fiber to the Premises,179727,245289,179727,245289
500085,Figgers Communication Inc.,71,Licensed Fixed Wireless,3,3,0,0
500086,"Community Wireless of Charlestown, LLC",70,Unlicensed Fixed Wireless,8855,10648,8739,10532
500086,"Community Wireless of Charlestown, LLC",72,LBR Fixed Wireless,6844,8298,6801,8255
500089,"Knightcom, Inc.",50,Fiber to the Premises,409,486,409,486
500089,"Knightcom, Inc.",72,LBR Fixed Wireless,6867,7489,6867,7489
510001,Archtop Fiber Holdings LLC,50,Fiber to the Premises,24884,33527,2589,5821
510004,"City of Bainbridge, Georgia",50,Fiber to the Premises,846,961,87,199
510013,"Electric Plant Board of the City of Paducah, Kentucky",50,Fiber to the Premises,1561,1928,0,0
510020,"Flying Bull Internet, LLC",50,Fiber to the Premises,26985,27928,0,0
510021,Foothills Broadband LLC,50,Fiber to the Premises,6381,6885,6381,6885
510029,"Klick Networks, LLC",50,Fiber to the Premises,356,360,8,8
510030,"Lyte Fiber, LLC",50,Fiber to the Premises,27250,32317,0,0
510042,Ripple Broadband LLC,50,Fiber to the Premises,0,0,588,3567
510042,Ripple Broadband LLC,70,Unlicensed Fixed Wireless,3162,3221,66,131
510042,Ripple Broadband LLC,71,Licensed Fixed Wireless,0,0,614,901
510051,"Trans-Video, Inc.",40,Cable,1415,1935,1415,1935
510051,"Trans-Video, Inc.",50,Fiber to the Premises,0,0,155,411
510052,Trive Capital Management LLC,70,Unlicensed Fixed Wireless,1932,2242,2445,12134
510052,Trive Capital Management LLC,71,Licensed Fixed Wireless,2,2,502,5354
510055,Waterloo Telecommunications Utility,50,Fiber to the Premises,14319,19513,14319,19513
510061,Lehigh WiFi LLC,70,Unlicensed Fixed Wireless,57750,72567,57750,72567
510064,Lake Placid Fiber LLC,50,Fiber to the Premises,3,3,3,3
510065,"Cosmo Network Solutions, LLC",70,Unlicensed Fixed Wireless,328110,581105,328110,581105
510066,Steuben County Rural Electric Membership Corporation,50,Fiber to the Premises,7794,7820,496,561
510072,"City of Lehi, Utah",50,Fiber to the Premises,19878,22859,19878,22859
510075,Cenos Networks,50,Fiber to the Premises,30,102,30,102
510075,Cenos Networks,70,Unlicensed Fixed Wireless,4255,7109,4255,7109
510076,Netwave Broadband,50,Fiber to the Premises,9161,14310,9163,14338
510076,Netwave Broadband,70,Unlicensed Fixed Wireless,89442,110335,89442,110335
510076,Netwave Broadband,72,LBR Fixed Wireless,2461,2670,2461,2670
520000,"Okanogan County Electric Cooperative, Inc.",50,Fiber to the Premises,223,301,223,301
520000,"Okanogan County Electric Cooperative, Inc.",70,Unlicensed Fixed Wireless,2889,3006,2889,3006
520001,"City of Salem, Utah",50,Fiber to the Premises,3220,3449,3220,3449
520003,OpenCape Corporation,50,Fiber to the Premises,20,109,226,716
520030,"City of Colquitt, Georgia",70,Unlicensed Fixed Wireless,2969,3389,2969,3389
520034,Local2u LLC,70,Unlicensed Fixed Wireless,196,323,196,323
520035,"World Mobile Networks, LLC",71,Licensed Fixed Wireless,201509,295243,201509,295243
520039,Alpine Connective LLC,10,Copper,29,466,23,415
520039,Alpine Connective LLC,50,Fiber to the Premises,28,718,33,398
520039,Alpine Connective LLC,70,Unlicensed Fixed Wireless,15513,17984,15513,17984
520039,Alpine Connective LLC,72,LBR Fixed Wireless,1267,1284,1267,1284
520041,"East Creek Networks, LLC",50,Fiber to the Premises,5,26,13,53
520045,Tillman Global Holdings,50,Fiber to the Premises,85790,92251,1437,3337
520046,Air Fiber Communications,70,Unlicensed Fixed Wireless,16,16,0,0
520047,"C & L Broadband Connect, LLC",50,Fiber to the Premises,6493,6622,1035,1150
520052,Tennessee Valley Electric Cooperative,50,Fiber to the Premises,9413,9538,9413,9538
520054,"Montgomery County, Maryland",50,Fiber to the Premises,22,453,0,0
520061,"Centric Integrated Systems, Corp.",70,Unlicensed Fixed Wireless,45720,66819,45720,66819
520066,"Logan County Gig, LLC",50,Fiber to the Premises,3076,3783,0,0
520068,"Tammany Wireless Holdings, LLC",72,LBR Fixed Wireless,35672,41135,35672,41135
520069,"Wave 7 Communications, LLC",70,Unlicensed Fixed Wireless,1350,1659,1350,1659
520070,Phoenix Communications II LLC,70,Unlicensed Fixed Wireless,3293,3967,3293,3967
520076,"Delta Communications, LLC",50,Fiber to the Premises,170363,202585,170363,202585
530000,Paulding Putnam Electric & Internet,50,Fiber to the Premises,718,727,718,727
530001,Waitsfield & Champlain Valley Telecom,50,Fiber to the Premises,1163,1333,1163,1333
530004,"Siteserver, Inc.",50,Fiber to the Premises,104,269,104,269
530004,"Siteserver, Inc.",70,Unlicensed Fixed Wireless,35915,49940,35915,49940
530012,"Berryville Broadband, Inc",70,Unlicensed Fixed Wireless,454,482,454,482
530013,"Columbia Basin Electric Cooperative, Inc.",50,Fiber to the Premises,221,227,221,227
530015,"AccessOn Networks, Inc.",50,Fiber to the Premises,714,753,714,753
530029,Connext Networks,50,Fiber to the Premises,72572,83349,72572,83349
530040,"Llancunet Solutions, LLC",50,Fiber to the Premises,161,3922,161,3922
530059,DMEA Utilities Services LLC,10,Copper,6016,6161,6016,6161
530059,DMEA Utilities Services LLC,50,Fiber to the Premises,6016,6161,6016,6161
530062,American Heartland Fiber Networks LLC,50,Fiber to the Premises,5602,7388,5602,7388
530062,American Heartland Fiber Networks LLC,70,Unlicensed Fixed Wireless,51950,88771,50948,87503
530062,American Heartland Fiber Networks LLC,72,LBR Fixed Wireless,22466,28312,22422,28266
530064,Tech Stack 4,50,Fiber to the Premises,587,4909,0,0
530068,MJZ Networkz LLC,50,Fiber to the Premises,55,120,0,0
530069,"City of Westerville, Ohio",50,Fiber to the Premises,0,0,50,123
530072,Tidal Network,71,Licensed Fixed Wireless,863,864,863,864
530073,"Mt Hood Management, LLC",50,Fiber to the Premises,437,580,0,0
530075,"Untangled Technology, LLC",72,LBR Fixed Wireless,122773,146906,122773,146906
530078,"Velocity Communications, Inc. (WA)",50,Fiber to the Premises,61,63,6382,7720
530079,"City of Cleveland, Indiana",50,Fiber to the Premises,25081,32861,25081,32861
530080,"Aspire Broadband Holdings, LLC",50,Fiber to the Premises,3659,3659,9,28
530082,"Yellowknife Wireless Company, LLC",72,LBR Fixed Wireless,76801,96499,76801,96499
530087,"Clik Broadband, LLC",50,Fiber to the Premises,1200,1270,143,189
530088,North Shore Networks LLC,72,LBR Fixed Wireless,10703,13062,10703,13062
530091,"BSX Holdings, LLC",50,Fiber to the Premises,1261,1278,1261,1278
530091,"BSX Holdings, LLC",70,Unlicensed Fixed Wireless,88828,108804,88828,108804
530097,"City of Superior, Wisconsin",50,Fiber to the Premises,951,1298,951,1298
530101,"Cityside Networks, LLC",50,Fiber to the Premises,27395,31064,0,0
530105,"Aervivo, Inc.",50,Fiber to the Premises,9,173,0,0
530107,"MachTen, Inc.",10,Copper,5355,5426,5355,5426
530107,"MachTen, Inc.",50,Fiber to the Premises,11007,14197,11007,14197
530107,"MachTen, Inc.",72,LBR Fixed Wireless,1285,1585,0,0
540028,Horizon Fiber LLC,40,Cable,1964,2193,1964,2193
540028,Horizon Fiber LLC,50,Fiber to the Premises,1261,1412,1261,1412
