facility_type,source,name,epoch_name,operator,country,lat,lon,geo_precision,power_mw_it,h100_equivalents,chip_types,users,energy_companies,capex_usd_bn,address,ref,city,utility,osm_id,matched_osm
traditional,osm,Cellnex,,,NL,52.168085,5.896548,exact,,,,,,,,,,,599587508,
traditional,osm,Telstra,,Telstra,AU,-32.06536,115.801413,exact,,,,,,,,,,,688791288,
traditional,osm,Equinix AM7,,Equinix,NL,52.303059,4.937939,exact,,,,,,,,AM7,Amsterdam,,717740190,
traditional,osm,CoreSite DC1,,CoreSite,US,38.902888,-77.029149,exact,,,,,,,,,,,751881301,
traditional,osm,,,ATW,HU,47.517995,19.055096,exact,,,,,,,,Dataland II.,Budapest,,1530992851,
traditional,osm,スーパーコンピュータ「富岳」,,,JP,34.653435,135.220403,exact,,,,,,,,,,,1668495487,
traditional,osm,BT Games,,Apple Inc.,ZA,-26.182545,28.240977,exact,,,,,,,,,,,1690221178,
traditional,osm,"Дата-центр ""Вконтакте""",,,RU,59.911792,30.57781,exact,,,,,,,,,,,1825748032,
traditional,osm,Southwest Cyberport,,,US,35.103293,-106.589349,exact,,,,,,,,,Albuquerque,,1825907839,
traditional,osm,ForHLR II,,Steinbuch Centre for Computing,DE,49.096037,8.433431,exact,,,,,,,,,,,2042844290,
traditional,osm,,,,IL,32.092984,34.858558,exact,,,,,,,,,,,2117775176,
traditional,osm,Association ReptiGo,,,FR,49.223391,6.011147,exact,,,,,,,,RG2,,,2161096396,
traditional,osm,CGCO,,UFJF,BR,-21.776294,-43.371444,exact,,,,,,,,,,,2473922003,
traditional,osm,SFR Netcenter Courbevoie,,SFR,FR,48.903752,2.257787,exact,,,,,,,,,Courbevoie,,2556825308,
traditional,osm,SDSU Computer Room,,,US,32.775025,-117.070888,exact,,,,,,,,,,,2607827436,
traditional,osm,WorldStream,,,NL,52.001217,4.210811,exact,,,,,,,,,Naaldwijk,,2625645063,
traditional,osm,Selectel Tsvetochnaya 1,,Selectel,RU,59.886598,30.329422,exact,,,,,,,,Tsvetochnaya 1,,,2639510695,
traditional,osm,LeaseWeb AMS-01,,LeaseWeb,NL,52.391724,4.664735,exact,,,,,,,,AMS-01,Haarlem,,2719885481,
traditional,osm,Dataplace datacenter Arnhem,,Eurofiber Cloud Infra,NL,51.987004,5.934036,exact,,,,,,,,,Arnhem,,2727100158,
traditional,osm,Equinix TR1,,Equinix,CA,43.644529,-79.384389,exact,,,,,,,,TR1,Toronto,,2733736931,
traditional,osm,Eurofiber Data Center Amsterdam,,Eurofiber,NL,52.290378,4.687072,exact,,,,,,,,,Hoofddorp,,2733775996,
traditional,osm,Databarn Amsterdam,,Databarn Amsterdam B.V.,NL,52.396422,4.851146,exact,,,,,,,,,Amsterdam,,2738247230,
traditional,osm,NorthC Datacenters Amsterdam,,NorthC,NL,52.393411,4.849431,exact,,,,,,,,,Amsterdam,,2738247376,
traditional,osm,Digital Realty AMS3,,Digital Realty,NL,52.284149,4.770914,exact,,,,,,,,AMS3,Schiphol-Rijk,,2745065082,
traditional,osm,Digital Realty AMS5,,Digital Realty,NL,52.280066,4.754278,exact,,,,,,,,AMS5,Schiphol-Rijk,,2745065224,
traditional,osm,EdgeConneX AMS01,,EdgeConneX,NL,52.284056,4.766111,exact,,,,,,,,AMS01,Schiphol-Rijk,,2745065709,
traditional,osm,EdgeConneX AMS03,,EdgeConneX,NL,52.283679,4.76686,exact,,,,,,,,AMS03,Schiphol-Rijk,,2745066611,
traditional,osm,Digital Realty AMS6,,Digital Realty,NL,52.285322,4.765982,exact,,,,,,,,AMS6,Schiphol-Rijk,,2745067310,
traditional,osm,EdgeConneX AMS04,,EdgeConneX,NL,52.281587,4.767777,exact,,,,,,,,AMS04,Schiphol-Rijk,,2745067837,
traditional,osm,Digital Realty AMS11,,Digital Realty,NL,52.284487,4.765117,exact,,,,,,,,AMS11,Schiphol-Rijk,,2745067999,
traditional,osm,EdgeConneX AMS02,,EdgeConneX,NL,52.282793,4.767631,exact,,,,,,,,AMS02,Schiphol-Rijk,,2745068942,
traditional,osm,EdgeConneX AMS05,,EdgeConneX,NL,52.284321,4.767234,exact,,,,,,,,AMS05,Schiphol-Rijk,,2745069131,
traditional,osm,Equinix,,Equinix,NL,52.237064,6.849501,exact,,,,,,,,,Enschede,,2749411762,
traditional,osm,NorthC Datacenter Aalsmeer,,NorthC,NL,52.259796,4.773358,exact,,,,,,,,,Aalsmeer,,2765259404,
traditional,osm,Databarn Rivium,,Databarn Rivium B.V.,NL,51.910233,4.546707,exact,,,,,,,,,Capelle aan den IJssel,,2784121253,
traditional,osm,Global Switch Amsterdam,,Global Switch,NL,52.34401,4.828865,exact,,,,,,,,,Amsterdam,,2808423607,
traditional,osm,Colt Amsterdam Van der Madeweg,,,NL,52.328144,4.925951,exact,,,,,,,,,Amsterdam-Duivendrecht,,2827483282,
traditional,osm,Solcon Droten,,,NL,52.539205,5.702279,exact,,,,,,,,,Dronten,,2837886894,
traditional,osm,Serverius DC1,,,NL,52.543723,5.705073,exact,,,,,,,,,Dronten,,2837888139,
traditional,osm,Digital Realty,,Digital Realty,NL,52.333732,4.918864,exact,,,,,,,,,Amsterdam,,2840442643,
traditional,osm,Digital Realty AMS17,,Digital Realty,NL,52.357114,4.95079,exact,,,,,,,,AMS17,Amsterdam,,2853597655,
traditional,osm,Digital Realty AMS9,,Digital Realty,NL,52.356106,4.952727,exact,,,,,,,,AMS9,Amsterdam,,2853597662,
traditional,osm,KPN Amsterdam,,KPN,NL,52.300291,4.954959,exact,,,,,,,,,Amsterdam,,2862652419,
traditional,osm,NorthC AMS-02,,NorthC Nederland,NL,52.296314,4.948701,exact,,,,,,,,AMS-02,Amsterdam,,2862656047,
traditional,osm,Verizon 2,,,NL,52.30498,4.93549,exact,,,,,,,,,Amsterdam,,2862973887,
traditional,osm,Datacenter.com AMS1,,,NL,52.309522,4.936012,exact,,,,,,,,AMS1,Amsterdam,,2862978534,
traditional,osm,Equinix AM11,,Equinix,NL,52.304026,4.939308,exact,,,,,,,,AM11,Amsterdam,,2862978553,
traditional,osm,Equinix AM2,,Equinix,NL,52.300629,4.941981,exact,,,,,,,,AM2,Amsterdam,,2862979348,
traditional,osm,Laboratório de Programação,,,BR,-12.199538,-38.973406,exact,,,,,,,,,,,2868452750,
traditional,osm,KPN Telefoon Centrale,,KPN,NL,52.631967,4.742799,exact,,,,,,,,02584,Alkmaar,,2876408856,
traditional,osm,,,,TR,37.962845,32.524971,exact,,,,,,,,,,,2899028980,
traditional,osm,Дата-центр Миран-1,,,RU,59.965179,30.339517,exact,,,,,,,,,,,2901990872,
traditional,osm,Дата-центр Миран-2,,,RU,59.96381,30.339043,exact,,,,,,,,,,,2901990873,
traditional,osm,GWDG - Außenstelle,,,DE,51.547941,9.943988,exact,,,,,,,,,Göttingen,,2912338694,
traditional,osm,PLAY Centrum Danych DC1,,3S Data Center S.A.,PL,50.245476,19.063166,exact,,,,,,,,PLAY DC1,Katowice,,2978103914,
traditional,osm,Datacenter Gemert,,,NL,51.526337,5.704129,exact,,,,,,,,,De Mortel,,3014822814,
traditional,osm,NocRoom Miami IT Services,,,US,25.791545,-80.317748,exact,,,,,,,,,,,3406467087,
traditional,osm,NocRoom Miami IT Services,,,US,25.646562,-80.423435,exact,,,,,,,,,,,3406476814,
traditional,osm,Center for Computation & Technology (CCT),,,US,30.407446,-91.172545,exact,,,,,,,,,,,3468203102,
traditional,osm,"ЦОД ""Компрессор""",,,RU,55.749095,37.731415,exact,,,,,,,,,,,3695259879,
traditional,osm,The Pittock Internet Exchange,,Alco Properties,US,45.521425,-122.680562,exact,,,,,,,,,Portland,,3732415309,
traditional,osm,VSHosting s.r.o,,,CZ,50.060139,14.53026,exact,,,,,,,,,,,3761896088,
traditional,osm,M1 StackTelecom Datacenter,,,RU,55.626783,37.619934,exact,,,,,,,,,,,3830858695,
traditional,osm,NorthC Datacenter Eindhoven,,,NL,51.407849,5.458767,exact,,,,,,,,,Eindhoven,,3918634315,
traditional,osm,LyonIX 1 IN2P3,,,FR,45.782617,4.865745,exact,,,,,,,,,,,3979838931,
traditional,osm,Informationstechnikzentrum Bund (ITZBund),,,DE,50.126125,8.585659,exact,,,,,,,,,Frankfurt am Main,,4019998661,
traditional,osm,Sree Chithra Computer Centre,,,IN,8.545778,76.906174,exact,,,,,,,,,,,4045332681,
traditional,osm,NorthC Datacenter Delft,,NorthC,NL,51.987652,4.378242,exact,,,,,,,,,Delft,,4177046902,
traditional,osm,TelemaxX IPC2,,TelemaxX Telekommunikation GmbH,DE,49.019584,8.439803,exact,,,,,,,,,Karlsruhe,,4231017085,
traditional,osm,NorthC Nürnberg 1,,NorthC,DE,49.389641,11.176628,exact,,,,,,,,,Nürnberg,,4242731538,
traditional,osm,DEL PRADO .com.ec,,DEL PRADO .com.ec,EC,-0.244032,-78.502256,exact,,,,,,,,S6-170,Quito,,4270037002,
traditional,osm,Trabia-Network,,,MD,47.023129,28.837317,exact,,,,,,,,,Chișinău,,4325876836,
traditional,osm,Digital Realty (AMS15),,Digital Realty,NL,52.290146,4.677448,exact,,,,,,,,AMS15,Hoofddorp,,4353923475,
traditional,osm,,,Hansestadt Rostock,DE,54.082114,12.139071,exact,,,,,,,,,,,4370857289,
traditional,osm,,,,DE,54.084787,12.137104,exact,,,,,,,,,,,4370857290,
traditional,osm,Digital Realty AMS8,,Digital Realty,NL,52.276162,4.743312,exact,,,,,,,,AMS8,Rozenburg,,4530651158,
traditional,osm,Turkcell Superonline Yenibosna Veri Merkezi,,,TR,40.993451,28.827026,exact,,,,,,,,,,,4673303646,
traditional,osm,Verizon İstanbul Veri Merkezi,,,TR,40.993447,28.827091,exact,,,,,,,,,,,4673303647,
traditional,osm,Vocus Data Centre,,,AU,-33.914996,151.193159,exact,,,,,,,,,,,4686763486,
traditional,osm,Interactive Data Centre,,Interactive,AU,-33.816022,151.192489,exact,,,,,,,,,,,4686764434,
traditional,osm,Equinix AM4,,Equinix,NL,52.354273,4.961089,exact,,,,,,,,AM4,Amsterdam,,4753473817,
traditional,osm,Equinix AM3,,Equinix,NL,52.354611,4.960388,exact,,,,,,,,AM3,Amsterdam,,4753473931,
traditional,osm,Google Fiber,,Google,US,33.771568,-84.366859,exact,,,,,,,,,,,4879481820,
traditional,osm,Pathway Communications,,,CA,43.857356,-79.356543,exact,,,,,,,,,Markham,,4922135764,
traditional,osm,,,Cogent,FR,48.109867,-1.637296,exact,,,,,,,,,Rennes,,4975162489,
traditional,osm,Open Computing Facility,,,US,37.869852,-122.259823,exact,,,,,,,,,,,5146323411,
traditional,osm,Lumos Networks,,,US,37.415688,-79.142706,exact,,,,,,,,,,,5225685660,
traditional,osm,Adeo Datacenter ApS,,,DK,55.667729,12.367787,exact,,,,,,,,,,,5239733106,
traditional,osm,ColocationIX,,,DE,53.093894,8.79056,exact,,,,,,,,,,,5262515319,
traditional,osm,Servicio Televisión por Cable,,,CL,-32.996325,-71.507912,exact,,,,,,,,,Viña del Mar,,5321056354,
traditional,osm,Даталайн,,,RU,55.770444,37.71577,exact,,,,,,,,,,,5322272421,
traditional,osm,Central de Digitel,,Digitel,VE,10.220046,-68.008869,exact,,,,,,,,,,,5417338322,
traditional,osm,Archivio di Stato di Caserta,,Ministero dei Beni e delle Attività Culturali,IT,41.073833,14.351431,exact,,,,,,,,,,,5516773584,
traditional,osm,,,,BD,22.720152,89.069116,exact,,,,,,,,Banglalink Care,,,5617076047,
traditional,osm,Data Harbour,,ООО «ДатаПорт»,RU,51.716375,39.292226,exact,,,,,,,,,,,5618980929,
traditional,osm,Web Data Center,,АО «Датацентр»,RU,55.894375,37.406271,exact,,,,,,,,,,,5618980931,
traditional,osm,IT- und Medienzentrum,,Universität Rostock,DE,54.077395,12.106637,exact,,,,,,,,,,,5807803485,
traditional,osm,Rechenzentrum Citeq,,Stadt Münster,DE,51.974692,7.610291,exact,,,,,,,,,,,5812546640,
traditional,osm,European Business Reliance Centre (EBRC),,,LU,49.584323,6.113533,exact,,,,,,,,,,,5866595614,
traditional,osm,Telehouse Paris Voltaire,,,FR,48.856133,2.383304,exact,,,,,,,,,Paris,,6015635281,
traditional,osm,Scitis-Zen DataCenter Hitachi,,,FR,47.82375,1.920141,exact,,,,,,,,,Ardon,,6015712298,
traditional,osm,TelecityGroup Paris Courbevoie,,,FR,48.904632,2.257949,exact,,,,,,,,,Courbevoie,,6016440346,
traditional,osm,Rechenzentrum Paulstrasse 12,,AXA Winterthur,CH,47.500859,8.720685,exact,,,,,,,,WIN,,,6041696788,
traditional,osm,SFR Netcenter Strasbourg,,SFR,FR,48.568636,7.782151,exact,,,,,,,,,Strasbourg,,6102460998,
traditional,osm,Telehouse 1,,,FR,48.869732,2.344142,exact,,,,,,,,,,,6102483146,
traditional,osm,Interxion PAR6,,Digital Realty,FR,48.81521,2.403038,exact,,,,,,,,,Ivry-sur-Seine,,6102606448,
traditional,osm,THD Global 1,,,FR,45.936702,6.630613,exact,,,,,,,,,Sallanches,,6102739953,
traditional,osm,TDF ProxiCenter Bordeaux Bouliac,,,FR,44.819666,-0.505549,exact,,,,,,,,,,,6103694303,
traditional,osm,TDF ProxiCenter Lille Lambersart,,,FR,50.648598,3.039912,exact,,,,,,,,,Lambersart,,6110614473,
traditional,osm,TDF ProxiCenter de Rennes-Cesson,,,FR,48.124685,-1.627644,exact,,,,,,,,,Cesson-Sévigné,,6110817631,
traditional,osm,Colt Paris 2,,,FR,48.897272,2.322178,exact,,,,,,,,,Paris,,6121864803,
traditional,osm,Colt Paris 1,,,FR,48.835225,2.39811,exact,,,,,,,,,,,6121873072,
traditional,osm,Colt Lyon,,,FR,45.758843,4.867561,exact,,,,,,,,,,,6121906640,
traditional,osm,,,,FR,45.724276,4.816801,exact,,,,,,,,,,,6121968632,
traditional,osm,Wiit AG DUS,,Wiit AG,DE,51.2668,6.817259,exact,,,,,,,,,Düsseldorf,,6172732200,
traditional,osm,Bouygues Telecom Montigny-le-Bretonneux,,Bouygues Telecom,FR,48.794449,2.03631,exact,,,,,,,,,Montigny le Bretonneux,,6174610289,
traditional,osm,Equinix PA7,,Equinix,FR,48.902239,2.36953,exact,,,,,,,,PA7,Aubervilliers,,6174794770,
traditional,osm,Cogent Nantes,,,FR,47.20264,-1.55044,exact,,,,,,,,,Nantes,,6175277339,
traditional,osm,Cogent Paris 1,,,FR,48.907123,2.241631,exact,,,,,,,,,La Garenne Colombes,,6175333480,
traditional,osm,Cogent Poitiers,,,FR,46.588421,0.340018,exact,,,,,,,,,Poitiers,,6175354710,
traditional,osm,,,,FR,49.135971,2.257155,exact,,,,,,,,,,,6205137527,
traditional,osm,LASOTEL PIXEL69,,,FR,45.757408,4.899658,exact,,,,,,,,,,,6212420800,
traditional,osm,ELB Group - DATACENTER LYON 3,,,FR,45.771976,4.871804,exact,,,,,,,,,,,6212483563,
traditional,osm,"SynAApS - SaaS, PaaS, Housing",,,FR,45.784535,4.888239,exact,,,,,,,,,,,6212512538,
traditional,osm,Adista Saint-Étienne,,,FR,45.458688,4.396381,exact,,,,,,,,,Saint-Étienne,,6212785490,
traditional,osm,Etix Vendée #2,,,FR,46.515497,-1.747913,exact,,,,,,,,,Olonne-sur-Mer,,6213121089,
traditional,osm,Colt Telecom,,,BE,50.884623,4.450036,exact,,,,,,,,,,,6215733985,
traditional,osm,OVHcloud Paris,,,FR,48.888314,2.376468,exact,,,,,,,,,Paris,,6222911368,
traditional,osm,Scaleway Datacenter DC4,,Scaleway,FR,48.829557,2.295995,exact,,,,,,,,,,,6229455977,
traditional,osm,Telia ROSY Villepinte,,,FR,48.972902,2.510072,exact,,,,,,,,,Villepinte,,6289312996,
traditional,osm,Ad Valem technologies TDF,,,FR,48.928059,2.341078,exact,,,,,,,,,Saint-Denis,,6289367991,
traditional,osm,Alphalink Telco Center,,,FR,48.905623,2.259486,exact,,,,,,,,,Courbevoie,,6289527565,
traditional,osm,Level (3) Le Capitole Nanterre,,Lumen Technologies,FR,48.887827,2.214235,exact,,,,,,,,,Nanterre,,6289564874,
traditional,osm,Prosodie Boulogne,,,FR,48.836114,2.235126,exact,,,,,,,,,Boulogne-Billancourt,,6289587203,
traditional,osm,KHEOPS Organisation Vélizy-Villacoublay,,,FR,48.77854,2.214803,exact,,,,,,,,,Vélizy-Villacoublay,,6289605233,
traditional,osm,Cogent Paris 2,,Cogentco,FR,48.784202,2.206945,exact,,,,,,,,,Vélizy-Villacoublay,,6289632564,
traditional,osm,KHEOPS Organisation Plessis-Robinson,,,FR,48.774203,2.237982,exact,,,,,,,,,Le Plessis-Robinson,,6289682223,
traditional,osm,Acropolis Telecom Paris-Nation,,,FR,48.842882,2.404097,exact,,,,,,,,,Paris,,6289753941,
traditional,osm,Sungard AS IT,,,FR,48.836919,2.641173,exact,,,,,,,,,Lognes,,6289858502,
traditional,osm,Alionis DC1,,,FR,48.68872,2.213779,exact,,,,,,,,,Villebon Sur Yvette,,6289873866,
traditional,osm,Digi (RCS & RDS) Craiova,,Digi România SA,RO,44.317607,23.801023,exact,,,,,,,,,Craiova,,6345712694,
traditional,osm,Digital Realty (AMS16),,Digital Realty,NL,52.290766,4.678621,exact,,,,,,,,AMS16,Hoofddorp,,6371060723,
traditional,osm,Rack59 Data Center,,,US,35.467205,-97.649745,exact,,,,,,,,,Oklahoma CIty,,6401035673,
traditional,osm,Rechenzentrum Akquinet,,,DE,53.700032,9.99373,exact,,,,,,,,,,,6412799049,
traditional,osm,DEVESOFFT S.A.,,,EC,-0.197352,-78.427668,exact,,,,,,,,,,,6518648227,
traditional,osm,Nodo FO REFSA Tel  - VILLA 213,,REFSA,AR,-26.184087,-59.363239,exact,,,,,,,,,,,6519075547,
traditional,osm,Telekom,,"Slovak Telekom, a.s.",SK,48.698225,21.260204,exact,,,,,,,,,,,6519090391,
traditional,osm,University Town Center,,,PH,12.070392,124.596836,exact,,,,,,,,,,,6528034100,
traditional,osm,IPHOST Datacenter,,,MD,47.007945,28.8834,exact,,,,,,,,,,,6551211354,
traditional,osm,Fundação CEPRO,,,BR,-5.087734,-42.802385,exact,,,,,,,,,Teresina,,6566811047,
traditional,osm,earthDATAsafe,,Kapsch BusinessCom AG,AT,47.449138,15.338173,exact,,,,,,,,,Kapfenberg,,6578896177,
traditional,osm,noris network AG Rechenzentrum Hof,,noris network AG,DE,50.317625,11.896693,exact,,,,,,,,,Hof,,6596777359,
traditional,osm,Oso Grande,,Oso Grande,US,35.092501,-106.653671,exact,,,,,,,,OSO,Albuquerque,,6625492701,
traditional,osm,Crypt Logic,,Crypt Logic LTD,BG,42.694242,23.316826,exact,,,,,,,,,,,6633118901,
traditional,osm,Data Center Kominfo Kota Dumai,,Kominfo,ID,1.678661,101.460352,exact,,,,,,,,,Dumai,,6652520833,
traditional,osm,Rechenzentrum,,Hochschul-IT-Zentrum,DE,49.25724,7.045063,exact,,,,,,,,,,,6680163795,
traditional,osm,ISS Data Centre South (DCS),,,IE,53.280694,-9.059757,exact,,,,,,,,,,,6696027683,
traditional,osm,Data center Roma Capitale,,Roma Capitale,IT,41.832689,12.469642,exact,,,,,,,,,Roma,,6697593261,
traditional,osm,The Weaver,,,ES,38.293841,-0.589221,exact,,,,,,,,,,,6726073926,
traditional,osm,"Akshaya Center , Maikavu",,,IN,11.402835,75.977199,exact,,,,,,,,KZD188,,,6728930318,
traditional,osm,Internet és KTV Fejállomás,,DIGI Távközlési és Szolgáltató Kft.,HU,48.074433,19.294082,exact,,,,,,,,,,,6743711262,
traditional,osm,Morgan Wireless,,,US,39.630985,-78.22532,exact,,,,,,,,,Bath (Berkeley Springs),,6793837329,
traditional,osm,Bitviking,,,IT,45.14667,10.798655,exact,,,,,,,,,Mantova,,6835335762,
traditional,osm,Lab 7,,,MA,33.537992,-5.107622,exact,,,,,,,,,,,6852120817,
traditional,osm,Lab 11,,,MA,33.539277,-5.108301,exact,,,,,,,,,,,6852120823,
traditional,osm,Lab 8b,,,MA,33.53838,-5.108255,exact,,,,,,,,,,,6852120855,
traditional,osm,LTS Lab,,,MA,33.538961,-5.107329,exact,,,,,,,,,,,6852120871,
traditional,osm,VIRTBIZ,,,US,32.782546,-96.782815,exact,,,,,,,,,Dallas,,6856057098,
traditional,osm,Cogent,,Cogent Communications,FR,44.862992,-0.555451,exact,,,,,,,,,,,6898386156,
traditional,osm,Equinix SO1,,Equinix,BG,42.66852,23.395401,exact,,,,,,,,,,,6901177202,
traditional,osm,OIZ,,,CH,47.415257,8.564131,exact,,,,,,,,,,,6953917431,
traditional,osm,مکنانت,,آفاق اندیش داده پردیس,IR,35.73528,51.843725,exact,,,,,,,,,پردیس,,6986417553,
traditional,osm,Server Room B2,,,MY,5.405762,103.091325,exact,,,,,,,,Unit Rangkaian,,,7001771562,
traditional,osm,Yettel Budafok MSC,,,HU,47.458393,19.052587,exact,,,,,,,,,Budapest,,7024322405,
traditional,osm,Nodo FO REFSA Tel - IRIGOYEN,,REFSA,AR,-26.17532,-58.833466,exact,,,,,,,,,,,7034694131,
traditional,osm,Centro de Datos Modular REFSA Telecomunicaciones,,,AR,-26.205855,-58.207081,exact,,,,,,,,no,,,7034711942,
traditional,osm,Shelter ARSAT FO,,,AR,-26.205974,-58.207039,exact,,,,,,,,,,,7034714852,
traditional,osm,Centro de Datos UPSTI,,,AR,-26.182862,-58.164591,exact,,,,,,,,,,,7034737759,
traditional,osm,Nodo FO REFSA Tel - TATANE,,,AR,-26.393697,-58.344513,exact,,,,,,,,,,,7034739991,
traditional,osm,Nodo FO REFSA Tel  - VILLAFAÑE,,REFSA,AR,-26.203746,-59.078957,exact,,,,,,,,,,,7034742245,
traditional,osm,Nodo FO REFSA Tel  - MANSILLA,,REFSA,AR,-26.65936,-58.630732,exact,,,,,,,,,,,7034744730,
traditional,osm,Nodo FO REFSA Tel - HERRADURA,,REFSA,AR,-26.488659,-58.311505,exact,,,,,,,,,,,7034745400,
traditional,osm,Nodo FO REFSA Tel - LAISHI,,REFSA TELECOMUNICACIONES,AR,-26.240027,-58.63025,exact,,,,,,,,,,,7034746627,
traditional,osm,Nodo FO REFSA Tel  - EL COLORADO,,REFSA,AR,-26.308449,-59.370829,exact,,,,,,,,,,,7034747256,
traditional,osm,Nodo FO - RED CAPRICORNIO FORMOSA,,,AR,-26.205738,-58.207132,exact,,,,,,,,,,,7034747705,
traditional,osm,Nodo FO REFSA Tel  - VILLA ESCOLAR,,REFSA,AR,-26.621454,-58.670667,exact,,,,,,,,,,,7034753291,
traditional,osm,Bramar,,Bramar C.A,VE,10.080209,-69.333306,exact,,,,,,,,,,,7054597423,
traditional,osm,联想售后服务中心(银盆路店),,,CN,28.220524,112.949912,exact,,,,,,,,,,,7074394965,
traditional,osm,长沙市交通事故快处快赔服务中心,,,CN,28.230916,112.927932,exact,,,,,,,,,,,7074557136,
traditional,osm,中南大学后勤生活服务中心,,,CN,28.224854,112.935326,exact,,,,,,,,,,,7075542867,
traditional,osm,,,Delska,LV,56.889193,24.231972,exact,,,,,,,,,,,7078682214,
traditional,osm,CyrusOne Amsterdam I,,CyrusOne,NL,52.383037,4.703403,exact,,,,,,,,,Halfweg,,7080092091,
traditional,osm,G-Tech,,,IN,10.580782,76.026312,exact,,,,,,,,,,,7111502342,
traditional,osm,FirstLight Data Center,,FirstLight,US,43.657839,-70.261379,exact,,,,,,,,,Portland,,7171975407,
traditional,osm,Big Data Exchange Singapore Data Center SIN1,,,SG,1.323917,103.891607,exact,,,,,,,,,Singapore,,7196501537,
traditional,osm,Data Center do Estado,,,CV,14.926322,-23.495967,exact,,,,,,,,,,,7201149878,
traditional,osm,中国电信,,,CN,28.418843,118.82094,exact,,,,,,,,,,,7207404976,
traditional,osm,,,,CA,49.274393,-122.912312,exact,,,,,,,,,,,7259975451,
traditional,osm,Learning GIS!,,,US,40.42179,-86.914155,exact,,,,,,,,,,,7264976228,
traditional,osm,Agricultural and Biological Engineering,,,US,40.421854,-86.916545,exact,,,,,,,,,,,7264976991,
traditional,osm,st marys press,,,IN,9.386972,76.842161,exact,,,,,,,,,,,7309643867,
traditional,osm,adharam writing center,,,IN,9.387181,76.843182,exact,,,,,,,,,,,7309786609,
traditional,osm,Windstream Communications,,,US,35.881397,-78.851552,exact,,,,,,,,,Durham,,7324132050,
traditional,osm,Level 3 Communications,,,US,35.881364,-78.851573,exact,,,,,,,,,Durham,,7324132051,
traditional,osm,Akshaya,,,IN,9.562434,76.576921,exact,,,,,,,,KTM109,,,7334643448,
traditional,osm,"Akshaya Centre, Thottuva, Kuravilangad",,,IN,9.755112,76.544135,exact,,,,,,,,KTM147,,,7339689575,
traditional,osm,中佳 Zhongjia,,,PH,14.424957,120.9436,exact,,,,,,,,,Imus,,7350460428,
traditional,osm,Maan Group,,Privat,NO,58.860111,5.59835,exact,,,,,,,,,,,7405586142,
traditional,osm,REG.AM,,GlobalAr LLC,AM,40.175649,44.517156,exact,,,,,,,,,,,7427576130,
traditional,osm,Common dervice centre,,,IN,9.244999,76.671007,exact,,,,,,,,,,,7463694084,
traditional,osm,"Akshaya Centre, Thripperumthura",,,IN,9.287596,76.524649,exact,,,,,,,,ALP119,,,7464548386,
traditional,osm,asianet cable,,,IN,9.252605,76.521714,exact,,,,,,,,,,,7470528513,
traditional,osm,,,,IN,9.360079,76.588045,exact,,,,,,,,,,,7472880601,
traditional,osm,Gtec,,,IN,11.312194,75.82772,exact,,,,,,,,,,,7473070617,
traditional,osm,Nortech Infonet Pvt,,,IN,10.020168,76.30983,exact,,,,,,,,,,,7474151786,
traditional,osm,Zion Communication,,,IN,9.330997,76.926391,exact,,,,,,,,,,,7475612940,
traditional,osm,computer center,,,IN,9.569896,76.639761,exact,,,,,,,,,,,7488354871,
traditional,osm,4ServiceSolutions,,,IT,45.55331,10.785151,exact,,,,,,,,,Affi,,7500843901,
traditional,osm,Cogent,,"Cogent Communications, Inc.",FR,45.189635,5.736914,exact,,,,,,,,,,,7522025783,
traditional,osm,Wayratechs,,,EC,-1.656163,-78.667525,exact,,,,,,,,,,,7530756786,
traditional,osm,OptimumHQ,,,US,33.380415,-111.752668,exact,,,,,,,,,Mesa,,7557854384,
traditional,osm,The Chatfield Group,,,US,33.380601,-111.752889,exact,,,,,,,,,Mesa,,7557868585,
traditional,osm,"Piyhost - Web, Software Developer",,Piyhost,ID,-6.297596,106.732536,exact,,,,,,,,,South Tangerang,,7574341006,
traditional,osm,All About Serving Process Server,,,US,33.319916,-111.809686,exact,,,,,,,,,Chandler,,7578821329,
traditional,osm,Centre de données d'Hydro-Québec,,Hydro-Québec,CA,45.883905,-72.527888,exact,,,,,,,,,Drummondville,,7683756060,
traditional,osm,Emailage,,,US,33.302965,-111.840539,exact,,,,,,,,,,,7737996606,
traditional,osm,Open Skies One,,prego. services GmbH,DE,49.224955,7.039622,exact,,,,,,,,,Saarbrücken,,7747327592,
traditional,osm,Akshaya Centre,,,IN,10.94632,76.138408,exact,,,,,,,,MPM136,,,7750482363,
traditional,osm,Next Generation Data,,Next Generation Data,GB,51.555019,-3.038272,exact,,,,,,,,,Newport,,7778067710,
traditional,osm,Alliance Technology,,,US,33.379986,-111.728405,exact,,,,,,,,,Mesa,,7821940847,
traditional,osm,Redcentric Cambridge,,Redcentric,GB,52.230127,0.150862,exact,,,,,,,,,Cambridge,,7829977772,
traditional,osm,,,,CA,49.264798,-123.103763,exact,,,,,,,,,,,7852403847,
traditional,osm,,,Tucha,UA,49.552016,25.60714,exact,,,,,,,,,,,7873156431,
traditional,osm,Datacenter Aqua Ray,,Aqua Ray,FR,48.819937,2.393401,exact,,,,,,,,,Ivry-sur-Seine,,7900883632,
traditional,osm,Salle Technique TV5MONDE,,TV5MONDE,FR,48.883627,2.301842,exact,,,,,,,,,,,7902341447,
traditional,osm,Datacenter Orange Archives,,Orange,FR,48.86281,2.358393,exact,,,,,,,,,,,7902351616,
traditional,osm,Salle technique TDF,,TDF,FR,48.885289,2.422569,exact,,,,,,,,,,,7902360503,
traditional,osm,Salle technique TF1,,TF1,FR,48.833819,2.259753,exact,,,,,,,,,,,7902383102,
traditional,osm,Salle technique TDF,,TDF,FR,48.85742,2.294212,exact,,,,,,,,,,,7902383458,
traditional,osm,Salle Technique France Télévisions,,France Télévisions,FR,48.838315,2.272439,exact,,,,,,,,,,,7902392228,
traditional,osm,Salle technique Eurosport,,Eurosport,FR,48.829068,2.264656,exact,,,,,,,,,,,7902398865,
traditional,osm,Salle technique Groupe M6,,Groupe M6,FR,48.881189,2.273175,exact,,,,,,,,,,,7902413338,
traditional,osm,Salle technique Groupe M6,,Groupe M6,FR,48.880594,2.272211,exact,,,,,,,,,,,7902421304,
traditional,osm,Data Center Bluecom,,Bluecom,FR,48.441301,-4.41547,exact,,,,,,,,,,,7902526435,
traditional,osm,Datacenter Thales Nungesser,,THALES,FR,48.79094,1.975291,exact,,,,,,,,,,,7902527604,
traditional,osm,Salle technique Groupe CANAL,,Groupe CANAL,FR,48.82757,2.263473,exact,,,,,,,,,,,7902546622,
traditional,osm,Salle technique Euronews,,Euronews,FR,45.734399,4.81565,exact,,,,,,,,,,,7902551102,
traditional,osm,,,,IN,11.245898,75.953947,exact,,,,,,,,,,,7917881365,
traditional,osm,GIS Data-Center,,,PK,31.575169,74.427397,exact,,,,,,,,,,,7959855830,
traditional,osm,8100 Boone Boulevard,,Digital Realty,US,38.913724,-77.225882,exact,,,,,,,,,,,7985753364,
traditional,osm,HiPerGator,,University of Florida,US,29.672819,-82.299762,exact,,,,,,,,Version 3.0,,,8017899486,
traditional,osm,Techcréa Solutions,,Techcréa Solutions - First Heberg,FR,50.345487,3.543185,exact,,,,,,,,,,,8048285522,
traditional,osm,Office of the System Administrator,,,PH,11.24716,125.008116,exact,,,,,,,,,,,8049647553,
traditional,osm,dc2scale Vélizy,,dc2scale,FR,48.783789,2.208087,exact,,,,,,,,,Vélizy-Villacoublay,,8074063731,
traditional,osm,Парковий,,,UA,50.449311,30.541238,exact,,,,,,,,,,,8075604281,
traditional,osm,MSK-IX,,,RU,55.800808,37.554618,exact,,,,,,,,,,,8087158048,
traditional,osm,Atlanta ATL13,,Digital Realty,US,33.755519,-84.391481,exact,,,,,,,,ATL13,Atlanta,,8109664813,
traditional,osm,NTT,,NTT,JP,39.717334,141.142402,exact,,,,,,,,,,,8148369824,
traditional,osm,Data Holdings Data Center,,,US,43.043941,-87.953979,exact,,,,,,,,,Milwaukee,,8165754026,
traditional,osm,NTT Communications Singapore Serangoon Data Center,,,SG,1.376089,103.875154,exact,,,,,,,,,Singapore,,8208578899,
traditional,osm,Singtel Bedok Data Center,,,SG,1.319675,103.9298,exact,,,,,,,,,Singapore,,8208578912,
traditional,osm,Inap Data Center,,,SG,1.321513,103.695823,exact,,,,,,,,,Singapore,,8208578913,
traditional,osm,Inap Data Center,,,SG,1.295405,103.78983,exact,,,,,,,,,Singapore,,8208578914,
traditional,osm,Inap Data Center,,,SG,1.322665,103.921051,exact,,,,,,,,,Singapore,,8208578915,
traditional,osm,Keppel DC Singapore 1,,,SG,1.375533,103.875077,exact,,,,,,,,,Singapore,,8208585682,
traditional,osm,Starhub Data Center @ Kaki Bukit,,,SG,1.321531,103.889512,exact,,,,,,,,,Singapore,,8208587403,
traditional,osm,Ascenix,,,SG,1.310656,103.865952,exact,,,,,,,,,Singapore,,8208587404,
traditional,osm,Amazon SIN4,,,SG,1.335397,103.890335,exact,,,,,,,,,Singapore,,8208591051,
traditional,osm,Amazon SIN2,,,SG,1.321652,103.695829,exact,,,,,,,,,Singapore,,8208591054,
traditional,osm,Google Singapore DC,,,SG,1.35115,103.709178,exact,,,,,,,,,Singapore,,8208591112,
traditional,osm,STT Jurong,,,SG,1.327808,103.746226,exact,,,,,,,,,Singapore,,8208595600,
traditional,osm,China Mobile International Singapore Data Center,,,SG,1.337178,103.894425,exact,,,,,,,,,Singapore,,8208595607,
traditional,osm,STT Tai Seng 2,,,SG,1.336574,103.894016,exact,,,,,,,,,Singapore,,8208595608,
traditional,osm,Starhub Data Center @ Ang Mo Kio,,,SG,1.37569,103.869832,exact,,,,,,,,,,,8208598239,
traditional,osm,Starhub Data Center @ One North,,,SG,1.292171,103.791736,exact,,,,,,,,,Singapore,,8208598242,
traditional,osm,Starhub Data Center @ Loyang,,,SG,1.374594,103.965275,exact,,,,,,,,,,,8208598243,
traditional,osm,Airtrunk SGP1 Singapore,,,SG,1.377233,103.968513,exact,,,,,,,,,Singapore,,8208598244,
traditional,osm,STT Tai Seng 1,,,SG,1.335332,103.890471,exact,,,,,,,,,Singapore,,8208598258,
traditional,osm,STT Defu 1,,,SG,1.349364,103.891457,exact,,,,,,,,,Singapore,,8208598265,
traditional,osm,STT Defu 2,,,SG,1.349899,103.891583,exact,,,,,,,,,Singapore,,8208598266,
traditional,osm,Starhub Data Center @ Tai Seng,,,SG,1.337823,103.893829,exact,,,,,,,,,Singapore,,8208598326,
traditional,osm,M1 Next-Gen Data Center,,,SG,1.32522,103.748797,exact,,,,,,,,,Singapore,,8208598418,
traditional,osm,Amazon SIN3,,,SG,1.34053,103.944283,exact,,,,,,,,,Singapore,,8208598531,
traditional,osm,PrincetonDG SG1 Singapore,,,SG,1.378165,103.872854,exact,,,,,,,,,Singapore,,8208598545,
traditional,osm,AIMS,,,SG,1.336875,103.893269,exact,,,,,,,,,,,8208598664,
traditional,osm,Amazon SIN5,,,SG,1.336682,103.893767,exact,,,,,,,,,,,8208598665,
traditional,osm,1-Net,,,MY,1.443266,103.780407,exact,,,,,,,,,Singapore,,8208598755,
traditional,osm,Digital Realty Data Center,,,SG,1.370768,103.968471,exact,,,,,,,,,Singapore,,8208598766,
traditional,osm,Digital Realty Data Center,,,SG,1.371024,103.966435,exact,,,,,,,,,Singapore,,8208598767,
traditional,osm,Digital Realty Data Center,,,SG,1.327805,103.746027,exact,,,,,,,,,Singapore,,8208598774,
traditional,osm,Telin-1 Data Centre,,Telin Singapore,SG,1.352943,103.974812,exact,,,,,,,,,Singapore,,8208598775,
traditional,osm,Telin-2 Data Centre,,Telin Singapore,SG,1.336605,103.893943,exact,,,,,,,,,Singapore,,8208598776,
traditional,osm,Global Switch,,,SG,1.429052,103.798506,exact,,,,,,,,,Singapore,,8208598778,
traditional,osm,Global Switch,,,SG,1.336636,103.893873,exact,,,,,,,,,Singapore,,8208598779,
traditional,osm,Epsilon Telecommunications Singapore Data Center,,,SG,1.351451,103.86155,exact,,,,,,,,,Singapore,,8208598823,
traditional,osm,Singtel Kim Chuan Telecommunications Centre,,,SG,1.339393,103.889998,exact,,,,,,,,,Singapore,,8208598824,
traditional,osm,Singtel Kim Chuan Telecommunications Centre,,,SG,1.340278,103.888952,exact,,,,,,,,,Singapore,,8208598825,
traditional,osm,Cyxtera Singapore Data Center Campus SIN1,,,SG,1.338553,103.893651,exact,,,,,,,,,Singapore,,8208598917,
traditional,osm,Iron Mountain Data Centers SIN-1,,,SG,1.375584,103.87126,exact,,,,,,,,,Singapore,,8208598918,
traditional,osm,Equinix Data Center SG4,,Equinix,SG,1.338923,103.893166,exact,,,,,,,,,Singapore,,8208599034,
traditional,osm,Equinix Data Center SG1,,,SG,1.295336,103.789951,exact,,,,,,,,,Singapore,,8208599035,
traditional,osm,Equinix Data Center SG3,,,SG,1.295549,103.790415,exact,,,,,,,,,Singapore,,8208599038,
traditional,osm,Keppel DC Singapore 3,,,SG,1.340347,103.943934,exact,,,,,,,,,Singapore,,8208599233,
traditional,osm,Keppel DC Singapore 2,,,SG,1.34058,103.944247,exact,,,,,,,,,Singapore,,8208599234,
traditional,osm,Keppel DC Singapore 4,,,SG,1.342028,103.943822,exact,,,,,,,,,Singapore,,8208599278,
traditional,osm,Equinix Data Center SG2,,,SG,1.321341,103.695816,exact,,,,,,,,,Singapore,,8208599279,
traditional,osm,STACK Infrastructure,,"Stack Infrastructure, Incorporated",US,37.402745,-121.891051,exact,,,,,,,,,San Jose,,8238715059,
traditional,osm,STACK Infrastructure,,"Stack Infrastructure, Incorporated",US,37.402634,-121.891057,exact,,,,,,,,,San Jose,,8238715061,
traditional,osm,,,Bank Of America,GB,51.333258,-0.766216,exact,,,,,,,,,,,8242627702,
traditional,osm,Datacenter UNaM,,,AR,-27.434639,-55.888104,exact,,,,,,,,,,,8254306230,
traditional,osm,顺兴通讯,,,CN,27.823345,112.917939,exact,,,,,,,,,,,8261871164,
traditional,osm,,,,IN,8.839418,76.639694,exact,,,,,,,,,,,8273736407,
traditional,osm,Datacenter RTE,,RTE,FR,48.919623,2.339939,exact,,,,,,,,,,,8297362166,
traditional,osm,Datacenter EDF,,EDF,FR,48.920354,2.34085,exact,,,,,,,,,,,8297551605,
traditional,osm,Serverhouse,,Serverhouse,GB,50.867801,-1.245611,exact,,,,,,,,,,,8325036723,
traditional,osm,Colobâle,,Colobâle AG,CH,47.522966,7.675072,exact,,,,,,,,,,,8465878157,
traditional,osm,Digital West Data Center,,,US,35.255316,-120.641513,exact,,,,,,,,,,,8477460442,
traditional,osm,تۆمارگای گشتی,,تۆمارگای گشتی,IQ,35.577174,45.366465,exact,,,,,,,,تۆمارگای گشتی,,,8477999235,
traditional,osm,Nova Shop,,,GR,36.416786,28.154783,exact,,,,,,,,,,,8542011751,
traditional,osm,,,,IN,9.283679,76.428153,exact,,,,,,,,,,,8565266003,
traditional,osm,,,MEO,PT,38.05943,-8.113806,exact,,,,,,,,PT,,,8565642884,
traditional,osm,Elektra,,,MK,42.149829,21.298592,exact,,,,,,,,,Hani i Elezit,,8566028198,
traditional,osm,akshaya centre,,,IN,9.121738,76.657247,exact,,,,,,,,,,,8567510232,
traditional,osm,Microsoft Data Center,,Microsoft,BE,50.528152,3.610252,exact,,,,,,,,,,,8583885761,
traditional,osm,Chick-fil-A Hiring Center,,Dennis Sampier,US,42.627942,-82.988394,exact,,,,,,,,,,,8641856300,
traditional,osm,Datacenter RTE,,RTE,FR,48.791999,2.050016,exact,,,,,,,,,,,8670043375,
traditional,osm,Datacenter RTE,,RTE,FR,45.740481,4.832222,exact,,,,,,,,,,,8670065237,
traditional,osm,立岭驾驶人服务中心,,,CN,37.725053,117.210526,exact,,,,,,,,,,,8670268773,
traditional,osm,宏成集团大数据中心,,,CN,35.869097,117.31727,exact,,,,,,,,,,,8699932362,
traditional,osm,Compass Datacenters,,,CA,45.423592,-73.913817,exact,,,,,,,,,Baie-D'Urfé,,8712918739,
traditional,osm,,,Internet Central,GB,53.003893,-2.269941,exact,,,,,,,,,,,8721229187,
traditional,osm,DC West,,,SG,1.325029,103.72161,exact,,,,,,,,,Singapore,,8721446766,
traditional,osm,ESolutionsUG,,ESolutionsUG,UG,0.279905,32.540459,exact,,,,,,,,,,,8730081705,
traditional,osm,France Travail datacenter Orléans,,France Travail DSI,FR,47.893043,1.852149,exact,,,,,,,,,,,8744063082,
traditional,osm,ORANGE STORE,,,BG,43.775246,24.5045,exact,,,,,,,,,,,8745353247,
traditional,osm,شرکت فناوری رایان افزار پارسان,,,IR,36.764953,45.719094,exact,,,,,,,,,,,8766654928,
traditional,osm,Ergonomic Group,,,US,41.707078,-72.589864,exact,,,,,,,,,Glastonbury,,8767284091,
traditional,osm,datamena DXA Datacenter,,datamena,AE,25.028096,55.185234,exact,,,,,,,,,دبي,,8816716058,
traditional,osm,E79 Systems Inc.,,,PH,14.444142,121.029153,exact,,,,,,,,,,,8874103115,
traditional,osm,,,,IN,9.461484,76.546943,exact,,,,,,,,,,,8883466967,
traditional,osm,computer cafe,,,IN,24.268224,87.251208,exact,,,,,,,,,,,8886930999,
traditional,osm,百度博浩机房,,,CN,23.209137,113.563452,exact,,,,,,,,,,,8887386717,
traditional,osm,Kuzhivilakonam Resident Welfare Society,,,IN,8.375687,77.033342,exact,,,,,,,,,,,8888075302,
traditional,osm,San Jose Colocation Center,,CoreSite,US,37.334118,-121.891646,exact,,,,,,,,SV1,San Jose,,8897151054,
traditional,osm,中国电信（科云数据中心）,,,CN,23.215139,113.532,exact,,,,,,,,,,,8920088329,
traditional,osm,Lyon Sévigné,,Orange,FR,45.758448,4.84389,exact,,,,,,,,,,,8930909347,
traditional,osm,Lille Boitelle,,Orange,FR,50.627302,3.077855,exact,,,,,,,,,,,8930909348,
traditional,osm,The Deck,,Ficolo,FI,61.497896,23.77571,exact,,,,,,,,,,,8945351837,
traditional,osm,Bunkerberget,,Bahnhof,SE,57.731013,12.016801,exact,,,,,,,,,Göteborg,,8963538640,
traditional,osm,MT2,,Equinix,CA,45.412619,-74.050506,exact,,,,,,,,,Vaudreuil-Dorion,,8973042667,
traditional,osm,Adhaar Seva Kendra,,,IN,28.673117,77.170424,exact,,,,,,,,,,,8985863063,
traditional,osm,Salle Technique France Télévisions,,France Télévisions,FR,48.837809,2.272682,exact,,,,,,,,,,,9002117313,
traditional,osm,Salle Technique France Télévisions,,France Télévisions,FR,48.840134,2.281685,exact,,,,,,,,,,,9002195217,
traditional,osm,Salle Technique Groupe Canal,,Groupe Canal,FR,48.833196,2.237371,exact,,,,,,,,,,,9002203858,
traditional,osm,Datacenter Bouygues Télécom,,Bouygues Télécom,FR,48.725614,2.47095,exact,,,,,,,,,,,9002215626,
traditional,osm,Digital Realty AMS10,,Digital Realty,NL,52.275005,4.741443,exact,,,,,,,,AMS10,Rozenburg,,9006976458,
traditional,osm,Lab Komputer,,,ID,-6.894816,112.066943,exact,,,,,,,,,,,9026748513,
traditional,osm,Datacenter MGEN,,MGEN,FR,48.653227,6.130289,exact,,,,,,,,,,,9045173270,
traditional,osm,,,FDJ,FR,43.43114,5.271286,exact,,,,,,,,,,,9045239635,
traditional,osm,中華電信IDC台中黎明機房,,中華電信數據通信分公司,TW,24.157894,120.634731,exact,,,,,,,,,臺中市,,9063450776,
traditional,osm,PANOURI SOLARE REDEA DATACENTER,,,RO,44.074474,24.295263,exact,,,,,,,,,,,9066692465,
traditional,osm,,,IFP,FR,48.877364,2.174986,exact,,,,,,,,,,,9068699148,
traditional,osm,,,,FR,48.878792,2.166359,exact,,,,,,,,,,,9068704649,
traditional,osm,,,Orange,FR,48.883018,2.187549,exact,,,,,,,,,,,9068705141,
traditional,osm,inforland.com,,inforland.com,ES,36.748388,-3.877379,exact,,,,,,,,,,,9073360494,
traditional,osm,Akshaya E Center,,,IN,10.42963,76.299786,exact,,,,,,,,,,,9084091880,
traditional,osm,Amazon Web Services IAD69,,Amazon Web Services,US,39.025485,-77.4147,exact,,,,,,,,IAD69,,,9092482804,
traditional,osm,R74n Vault,,,NO,77.475486,23.475382,exact,,,,,,,,,,,9108561392,
traditional,osm,databyte,,,NL,51.930386,4.41383,exact,,,,,,,,,,,9117956197,
traditional,osm,Stream Data Centers Houston,,,US,30.178137,-95.486046,exact,,,,,,,,,The Woodlands,,9190480200,
traditional,osm,Centro de Computación,,university,VE,10.066669,-69.362591,exact,,,,,,,,,,,9234227182,
traditional,osm,,,,UA,48.422028,22.391887,exact,,,,,,,,,,,9241724638,
traditional,osm,Brightsolid,,brightsolid,GB,57.152569,-2.160149,exact,,,,,,,,,Aberdeen,,9253910552,
traditional,osm,Digital Reality DUS2,,Digital Realty,DE,51.187765,6.866722,exact,,,,,,,,DUS2,Düsseldorf,,9258436545,
traditional,osm,Digital Realty DUS1,,Digital Realty,DE,51.188089,6.867857,exact,,,,,,,,DUS1,Düsseldorf,,9258436546,
traditional,osm,Data Center TVRI,,ICT,ID,-6.212287,106.801224,exact,,,,,,,,,DKI Jakarta,,9260515684,
traditional,osm,,,,CN,26.367538,106.518348,exact,,,,,,,,,,,9348059571,
traditional,osm,Simtronic,,,AU,-33.752799,150.694489,exact,,,,,,,,,,,9354608740,
traditional,osm,zColo Poissonnière,,zColo France,FR,48.869582,2.347689,exact,,,,,,,,,Paris,,9373660259,
traditional,osm,BIX,,ISZT - BUDAPEST INTERNET EXCHANGE,HU,47.517942,19.055252,exact,,,,,,,,Victor Hugo,Budapest,,9379430388,
traditional,osm,,,OpenStreetMap France,FR,48.725863,2.077781,exact,,,,,,,,osm32;osm33;osm34;osm35;osm36;osm37,,,9403059298,
traditional,osm,BOX METER,,,ID,-2.855913,114.499332,exact,,,,,,,,,,,9403910973,
traditional,osm,,,Artec,DE,50.355261,8.753293,exact,,,,,,,,,,,9416500090,
traditional,osm,CityFibre Cabinets,,CityFibre,GB,51.570187,0.644776,exact,,,,,,,,,,,9458930462,
traditional,osm,Equinix,,Equinix,JP,35.617461,139.748147,exact,,,,,,,,,,,9502451401,
traditional,osm,,,,CN,40.315392,116.64112,exact,,,,,,,,,,,9536287665,
traditional,osm,ANH DOGE,,"ANH DOGE CO., LTD.",PH,10.522906,124.023085,exact,,,,,,,,,Danao,,9557048323,
traditional,osm,Modernización,,,AR,-28.459049,-65.763112,exact,,,,,,,,,,,9571035654,
traditional,osm,Pabellon 4,,,AR,-28.459557,-65.765878,exact,,,,,,,,,,,9577661001,
traditional,osm,Rack Modernización,,,AR,-28.447478,-65.756633,exact,,,,,,,,,,,9578033625,
traditional,osm,Easylinehost Finland Oy,,,FI,62.894175,27.659297,exact,,,,,,,,,Kuopio,,9626439921,
traditional,osm,Rack & Data,,,CA,43.423052,-80.472772,exact,,,,,,,,,Kitchener,,9664758614,
traditional,osm,DISKUS Polska,,,PL,49.982544,20.04799,exact,,,,,,,,,Wieliczka,,9665210160,
traditional,osm,Crown Castle Baltimore,,Crown Castle Fiber,US,39.287702,-76.606489,exact,,,,,,,,Baltimore,Baltimore,,9669340912,
traditional,osm,AiNET One Market Center,,AiNET,US,39.291758,-76.620374,exact,,,,,,,,BW1,Baltimore,,9669405859,
traditional,osm,Lumen McLean,,Lumen Technologies,US,38.920854,-77.211571,exact,,,,,,,,,McLean,,9669639033,
traditional,osm,Tietokettu,,Tietokettu,FI,61.315316,23.757195,exact,,,,,,,,2991794-7,Lempäälä,,9709502908,
traditional,osm,TierPoint Milwaukee,,,US,43.009794,-87.961093,exact,,,,,,,,,Milwaukee,,9721703993,
traditional,osm,Frontier Science,,,US,42.990201,-78.812384,exact,,,,,,,,,Amherst,,9736262934,
traditional,osm,مرکز تعویض پلاک,,,IR,34.070286,47.977702,exact,,,,,,,,,,,9741069824,
traditional,osm,فرمانداری شهرستان دلفان,,,IR,34.067273,47.975931,exact,,,,,,,,,,,9741069825,
traditional,osm,,,Magyar Telekom,HU,47.686314,17.636875,exact,,,,,,,,Adatpark Győr,Győr,,9753090080,
traditional,osm,,,Drávanet Zrt.,HU,47.553588,19.074132,exact,,,,,,,,Váci-188 Adatközpont,Budapest,,9753103752,
traditional,osm,Servergarden,,,HU,47.496626,19.117842,exact,,,,,,,,,Budapest,,9753103753,
traditional,osm,Invitech DC14,,Invitech Megoldások Zrt.,HU,47.508798,19.098015,exact,,,,,,,,DC14,Budapest,,9753118609,
traditional,osm,,,Drávanet Zrt.,HU,46.075047,18.210464,exact,,,,,,,,,,,9753165506,
traditional,osm,,,Magyar Telekom,HU,46.271447,20.1452,exact,,,,,,,,Adatpark Szeged,,,9753169515,
traditional,osm,,,ATW,HU,47.517759,19.058396,exact,,,,,,,,Dataland I.,Budapest,,9753176163,
traditional,osm,Elektron,,,FO,62.021601,-6.771076,exact,,,,,,,,,,,9768148106,
traditional,osm,Nepustil RZ4,,,DE,48.708838,9.170725,exact,,,,,,,,,,,9773275153,
traditional,osm,,,,DE,50.302683,7.167102,exact,,,,,,,,,,,9776934144,
traditional,osm,Central Computer Lab,,Malda College,IN,25.000615,88.136038,exact,,,,,,,,,,,9782477368,
traditional,osm,تربية المقدادية,,,IQ,33.974653,44.939037,exact,,,,,,,,,,,9793666222,
traditional,osm,505 Marquette,,,US,35.088629,-106.652646,exact,,,,,,,,,Albuquerque,,9808044830,
traditional,osm,123 Central,,bigbyte.cc,US,35.084449,-106.648985,exact,,,,,,,,,Albuquerque,,9808044840,
traditional,osm,TvMax Dpto.Tecnico,,,PY,-25.442851,-56.441936,exact,,,,,,,,,,,9855969151,
traditional,osm,,,,US,39.101182,-94.578821,exact,,,,,,,,,,,9861806598,
traditional,osm,GEN01,,Stack Infrastructure,CH,46.165376,6.107211,exact,,,,,,,,,Plan-les-Ouates,,9862219970,
traditional,osm,Amazon,,Amazon Web Services,CR,9.945711,-84.070705,exact,,,,,,,,,,,9878452494,
traditional,osm,ACI Sede si Sarzana,,,IT,44.109782,9.959917,exact,,,,,,,,,,,9884991527,
traditional,osm,Microsoft,,Microsoft,CN,23.134656,113.317548,exact,,,,,,,,,,,9903281673,
traditional,osm,Netrality Data Centers,,,US,39.100907,-94.581145,exact,,,,,,,,,Kansas City,,9922928085,
traditional,osm,forpsi DC CZ1,,forpsi,CZ,48.916612,14.132013,exact,,,,,,,,,,,9956577119,
traditional,osm,CDL,,,BR,-16.264687,-56.625432,exact,,,,,,,,,,,9958355135,
traditional,osm,DTC,,,FR,44.199019,0.837622,exact,,,,,,,,,,,9969529152,
traditional,osm,Microsoft,,Microsoft,PR,18.417436,-66.10899,exact,,,,,,,,,Guaynabo,,10014176940,
traditional,osm,مركز خدمات لشركة ارامكس,,,SY,33.546331,36.322808,exact,,,,,,,,,,,10020456958,
traditional,osm,Insight Data Ltd,,,GB,51.358002,-2.910562,exact,,,,,,,,,Weston-super-Mare,,10029665515,
traditional,osm,atNorth ICE01,,atNorth,IS,64.049465,-21.993466,exact,,,,,,,,,,,10062286674,
traditional,osm,Datagrex,,,FR,48.053855,0.187134,exact,,,,,,,,,Saint-Saturnin,,10089225111,
traditional,osm,IPB Internet Provider in Berlin GmbH,,,DE,52.502034,13.369301,exact,,,,,,,,,Berlin,,10147406397,
traditional,osm,Cologix,,Cologix,CA,45.879305,-72.546429,exact,,,,,,,,MTL9-H,Drummondville,,10151456045,
traditional,osm,中国银行数据中心,,,CN,40.033906,116.263298,exact,,,,,,,,,,,10171383675,
traditional,osm,Avalon 2,,Irideos,IT,45.480306,9.066904,exact,,,,,,,,,Settimo Milanese,,10177608934,
traditional,osm,Community Information Center,,Nima Om,BT,27.245217,90.944897,exact,,,,,,,,,,,10182165798,
traditional,osm,ECMWF - Centro Meteo Europeo,,ECMWF,IT,44.520098,11.360202,exact,,,,,,,,,,,10206899831,
traditional,osm,Supercalcolatore Leonardo - Rete EuroHPC,,Cineca,IT,44.520438,11.359426,exact,,,,,,,,,,,10206899878,
traditional,osm,DTiX,,,FR,47.340051,5.07767,exact,,,,,,,,,Saint-Apollinaire,,10241762412,
traditional,osm,RCAST Hosting,,,RO,45.426602,28.044302,exact,,,,,,,,,Galați,,10295346393,
traditional,osm,,,TIM,IT,44.99329,9.005672,exact,,,,,,,,,,,10316973933,
traditional,osm,Digital Realty AMS7,,Digital Realty,NL,52.281445,4.765313,exact,,,,,,,,AMS7,Schiphol-Rijk,,10435617347,
traditional,osm,Netrality,,Netrality,US,41.872881,-87.63344,exact,,,,,,,,,Chicago,,10537283366,
traditional,osm,24 hours fiberwork ag,,,CH,47.064375,8.277522,exact,,,,,,,,,Luzern,,10566132363,
traditional,osm,Brandaleone Lab for Data and Visualization,,Duke Libraries,US,36.003099,-78.938532,exact,,,,,,,,,,,10567817971,
traditional,osm,Miejska Sieć Komputerowa CzestMAN,,,PL,50.821987,19.111095,exact,,,,,,,,,,,10568811919,
traditional,osm,FoxNetwork,,Louis Beke,BE,50.706803,4.250412,exact,,,,,,,,,,,10607054827,
traditional,osm,CSC – IT Center for Science,,CSC,FI,64.231635,27.696506,exact,,,,,,,,,,,10648255815,
traditional,osm,LUMI (supercomputer),,EuroHPC/CSC,FI,64.23197,27.695611,exact,,,,,,,,,,,10648294221,
traditional,osm,Frontier (supercomputer),,Oak Ridge National Laboratory,US,35.929513,-84.310567,exact,,,,,,,,,,,10648552506,
traditional,osm,Leonardo (supercomputer),,CINECA,IT,44.486329,11.259782,exact,,,,,,,,,,,10648561696,
traditional,osm,Datacenter Thurgau,,EKT AG,CH,47.561965,8.887552,exact,,,,,,,,,,,10688935368,
traditional,osm,Microsoft,,Microsoft,CR,9.931225,-84.098824,exact,,,,,,,,,San José,,10749325391,
traditional,osm,Teja Services,,,MZ,-25.975504,32.425535,exact,,,,,,,,,,,10750169778,
traditional,osm,,,Ntirety,US,37.779653,-122.394001,exact,,,,,,,,,,,10780794741,
traditional,osm,National Data Centre,,Government of Ghana,GH,5.551976,-0.195969,exact,,,,,,,,,,,10786634736,
traditional,osm,VaultLogix,,,US,33.627367,-111.901703,exact,,,,,,,,,,,10796113031,
traditional,osm,Profit Finder Pro Software,,,US,33.627248,-111.902048,exact,,,,,,,,,,,10796113033,
traditional,osm,DataPro USA Web Development,,,US,33.611662,-111.913983,exact,,,,,,,,,,,10798644674,
traditional,osm,Studio BETA SRLS,,,IT,43.196864,13.787985,exact,,,,,,,,,Porto San Giorgio,,10852549720,
traditional,osm,,,,DE,48.355006,10.903686,exact,,,,,,,,,,,10853783649,
traditional,osm,广州长途电信线路局,,,CN,23.146047,113.26792,exact,,,,,,,,,,,10873403420,
traditional,osm,e360,,,US,37.971081,-122.043738,exact,,,,,,,,,Concord,,10880725408,
traditional,osm,Data Center Uralsk,,,KZ,51.283834,51.47622,exact,,,,,,,,,,,10880784344,
traditional,osm,Royalè Satellite Center,,,PH,11.242896,124.999269,exact,,,,,,,,,,,10904504161,
traditional,osm,Digital Realty ORD10,,Digital Realty,US,41.853351,-87.618307,exact,,,,,,,,ORD10,Chicago,,10910879064,
traditional,osm,Centersquare Chicago Data Center - ORD1,,Centersquare,US,41.853383,-87.618607,exact,,,,,,,,ORD1,Chicago,,10910879065,
traditional,osm,God Of Mining,,,LB,33.884864,35.571249,exact,,,,,,,,,,,10914062309,
traditional,osm,K-Motion Interactive,,,US,33.634484,-111.884346,exact,,,,,,,,,,,10938672218,
traditional,osm,MAF War Gaming Simulation Center,,,MY,3.174386,101.729392,exact,,,,,,,,,,,10939660647,
traditional,osm,West Monroe,,,US,41.880527,-87.635938,exact,,,,,,,,,,,10945121336,
traditional,osm,中国电信宿迁分公司云计算中心,,,CN,33.951096,118.32513,exact,,,,,,,,,,,10993896233,
traditional,osm,Arpac,,Arpac,IT,41.12198,14.771565,exact,,,,,,,,,,,11005419206,
traditional,osm,CarrierColo Berlin K,,IPB,DE,52.432618,13.373836,exact,,,,,,,,,Berlin,,11014689116,
traditional,osm,Iron Mountain Data Centers AZS-1,,,US,33.644666,-111.896098,exact,,,,,,,,,,,11018926315,
traditional,osm,NextDC,,,AU,-27.453995,153.033383,exact,,,,,,,,,,,11057872687,
traditional,osm,UoS IT Services,,,GB,53.380893,-1.485082,exact,,,,,,,,,,,11064014638,
traditional,osm,中国联通奎文云计算中心,,,CN,36.669845,119.12525,exact,,,,,,,,,,,11073240773,
traditional,osm,SWAN Datacentrum,,SWAN,SK,48.121258,17.093694,exact,,,,,,,,,,,11085093688,
traditional,osm,RZ CAMPUS,,Bund,CH,47.571275,8.888471,exact,,,,,,,,,,,11097428175,
traditional,osm,CoreSite Chicago Data Center (CH1),,CoreSite,US,41.87594,-87.631466,exact,,,,,,,,CH1,Chicago,,11098469355,
traditional,osm,Accelera Data Systems,,,US,33.664746,-112.111714,exact,,,,,,,,,,,11113161710,
traditional,osm,الهيكل الخاص الهدى لتقديم الدروس الخصوصية,,,TN,36.69821,10.160728,exact,,,,,,,,,,,11114729904,
traditional,osm,AirNet,,"ТОВ ""АІРНЕТ""",UA,49.454774,35.137511,exact,,,,,,,,,,,11119659852,
traditional,osm,Centerprise International Newport,,,GB,51.555607,-3.037693,exact,,,,,,,,,Newport,,11161995738,
traditional,osm,Centerprise International (Distribution),,Centerprise International,GB,51.629334,-3.229003,exact,,,,,,,,,Ystrad Mynach,,11162004018,
traditional,osm,Hive IT,,,GB,53.375805,-1.479385,exact,,,,,,,,,,,11167049138,
traditional,osm,Expedient Owings Mills,,Expedient,US,39.427318,-76.81155,exact,,,,,,,,,Owings Mills,,11167641842,
traditional,osm,Lumen Baltimore,,Lumen Technologies,US,39.291759,-76.620402,exact,,,,,,,,,,,11168593074,
traditional,osm,Expedient Tidepoint,,Expedient,US,39.274655,-76.591671,exact,,,,,,,,,,,11168593094,
traditional,osm,Dinfo (Provedor De Internet),,,BR,-11.305833,-38.218119,exact,,,,,,,,,,,11175817920,
traditional,osm,Net Wireless,,,BR,-11.303791,-38.216586,exact,,,,,,,,,,,11175817921,
traditional,osm,Colo RIve-Sud,,,CA,45.522956,-73.520165,exact,,,,,,,,,Longueuil,,11196801643,
traditional,osm,Equinix AM1,,Equinix,NL,52.299775,4.942595,exact,,,,,,,,AM1,Amsterdam,,11197263596,
traditional,osm,,,Ate,FR,50.639928,3.145635,exact,,,,,,,,,,,11209760563,
traditional,osm,Netizens Digital Zone,,,IN,18.408392,76.545962,exact,,,,,,,,,,,11210951272,
traditional,osm,Microsoft,,Microsoft,CN,31.239148,121.495372,exact,,,,,,,,,,,11221719097,
traditional,osm,Medyabim Datacenter,,,TR,40.209534,29.022141,exact,,,,,,,,,,,11224729504,
traditional,osm,,,,CN,38.997567,117.307045,exact,,,,,,,,,,,11230512768,
traditional,osm,,,,RO,46.957367,25.7599,exact,,,,,,,,,,,11232265750,
traditional,osm,Information Technology Center,,,LK,8.653883,81.212246,exact,,,,,,,,,,,11273688796,
traditional,osm,مرکز کامپیوتر پردیس رضایی‌نژاد,,K. N. Toosi University of Technology,IR,35.750821,51.563831,exact,,,,,,,,,,,11274525973,
traditional,osm,Equinix Data Center - ST3,,Equinix,CL,-33.444186,-70.656155,exact,,,,,,,,,,,11278586220,
traditional,osm,Data Center IFX Networks,,IFX Networks,CL,-33.418763,-70.600067,exact,,,,,,,,,,,11280595231,
traditional,osm,Mozoilo AJVP,,Mozoilo,ES,43.242036,-2.874273,exact,,,,,,,,,Galdakao,,11282993748,
traditional,osm,DataCenter Three Seven,,,RU,59.97887,30.328231,exact,,,,,,,,,,,11368507133,
traditional,osm,Nauru Data Center,,,NR,-0.54749,166.916248,exact,,,,,,,,,,,11374310203,
traditional,osm,LF Services,,,AR,-31.105783,-64.482879,exact,,,,,,,,,,,11381773211,
traditional,osm,Centro de Datos Alcalá (Alcalá Data Center),,Telefónica,ES,40.519436,-3.341079,exact,,,,,,,,,,,11383639206,
traditional,osm,CST Zona Cero Mx,,Javier MArtinez Roemro,MX,19.425827,-97.801934,exact,,,,,,,,,,,11386279191,
traditional,osm,NorthC Datacenter Oude Meer,,NorthC,NL,52.292874,4.787339,exact,,,,,,,,,,,11386475042,
traditional,osm,Flexential - Denver - Centennial Data Center,,Flexential,US,39.593873,-104.84316,exact,,,,,,,,,Centennial,,11400893880,
traditional,osm,Digital Realty,,Digital Realty,UZ,40.179185,67.833691,exact,,,,,,,,,,,11401173746,
traditional,osm,数据中心,,,CN,31.241857,121.658481,exact,,,,,,,,,,,11411205375,
traditional,osm,Internet Exchange Point,,,GE,42.188099,42.725492,exact,,,,,,,,,,,11423466904,
traditional,osm,NorthC Datacenter Eindhoven 2,,,NL,51.475948,5.406353,exact,,,,,,,,,Eindhoven,,11426879977,
traditional,osm,MasterDC Praha,,,CZ,50.069634,14.463893,exact,,,,,,,,,,,11436652398,
traditional,osm,DC6.cz,,,CZ,50.101609,14.343732,exact,,,,,,,,,,,11436652399,
traditional,osm,DC Monaco,,O2 Czech Republic a.s.,CZ,49.078311,17.484169,exact,,,,,,,,,,,11436652400,
traditional,osm,NTT,,NTT,JP,35.598005,139.345689,exact,,,,,,,,,,,11449625487,
traditional,osm,,,山东联通青岛金家岭机房公司,CN,36.117184,120.441722,exact,,,,,,,,,,,11465648283,
traditional,osm,Traffic Management Center,,,ID,-1.243074,116.895035,exact,,,,,,,,,,,11477298489,
traditional,osm,하남IDC,,이지스자산운용,KR,37.551247,127.194964,exact,,,,,,,,,,,11497013684,
traditional,osm,IBK기업은행 하남데이터센터,,,KR,37.550497,127.195263,exact,,,,,,,,,,,11497013685,
traditional,osm,Data Link,,,HR,45.903392,16.846135,exact,,,,,,,,,,,11522161405,
traditional,osm,Datové centrum Zeleneč,,,CZ,50.137991,14.656689,exact,,,,,,,,,,,11570619130,
traditional,osm,شعبة اللجان الطبية,,,IQ,33.423463,43.298,exact,,,,,,,,,,,11585032609,
traditional,osm,MilkyUpizise,,MilkyUpizise,IN,12.779408,80.041788,exact,,,,,,,,,chengalpattu,,11620214027,
traditional,osm,eShare.ai,,,IN,17.422919,78.462401,exact,,,,,,,,Cloud,Hyderabad,,11622511245,
traditional,osm,Netwise,,,GB,51.520602,-0.000981,exact,,,,,,,,,,,11640787539,
traditional,osm,Ribe Hostingcenter,,Ribe Mediehus,DK,55.345385,8.773977,exact,,,,,,,,,,,11654525058,
traditional,osm,EdgeConneX Data Center,,EdgeConneX,US,33.395586,-111.970076,exact,,,,,,,,,,,11666916913,
traditional,osm,Hi Data,,Company,IR,36.146916,49.221262,exact,,,,,,,,,,,11681955880,
traditional,osm,Crypteo,,Crypteo,FR,43.911912,2.055795,exact,,,,,,,,,,,11691867437,
traditional,osm,DIGITAL COMPUTER CENTRE (DCC),,,IN,25.595957,85.128276,exact,,,,,,,,,,,11698016745,
traditional,osm,Universitätsrechenzentrum,,Friedrich-Schiller-Universität Jena,DE,50.932092,11.581978,exact,,,,,,,,,,,11698484259,
traditional,osm,Server Room,,,KE,-2.800132,37.53857,exact,,,,,,,,SR,,,11698788839,
traditional,osm,,,,KE,-1.349869,36.748959,exact,,,,,,,,,,,11710505073,
traditional,osm,,,,CA,44.654981,-63.594253,exact,,,,,,,,,,,11731636038,
traditional,osm,Iron Mountain FRA-2,,"Iron Mountain, Inc.",DE,50.195252,8.639788,exact,,,,,,,,FRA-2,Frankfurt am Main,,11748636180,
traditional,osm,,,Apple Inc.,UA,49.942075,23.383464,exact,,,,,,,,,,,11761004770,
traditional,osm,ISPTEC Telecomunicacoes,,,BR,-7.224743,-35.876185,exact,,,,,,,,,Campina Grande,,11769470105,
traditional,osm,,,,US,41.807282,-83.627629,exact,,,,,,,,,,,11815482844,
traditional,osm,E. D. Accounting Siena,,,IT,43.322716,11.328551,exact,,,,,,,,,Siena,,11822939313,
traditional,osm,Spatioworld Tracker GPS,,,IN,23.86575,78.803177,exact,,,,,,,,,,,11878896378,
traditional,osm,Trident server hosting,,lostyawolfer,UA,50.449962,30.4923,exact,,,,,,,,,,,11891834487,
traditional,osm,AWS Bracknell Data Centre,,Amazon Web Services,GB,51.413861,-0.782053,exact,,,,,,,,,,,11902288339,
traditional,osm,AWS Swindon Data Centre,,Amazon Web Services,GB,51.524028,-1.764102,exact,,,,,,,,,,,11902392009,
traditional,osm,Rechenzentrum Stollen Luzern,,EWL AG,CH,47.04169,8.324619,exact,,,,,,,,,Luzern,,11909918210,
traditional,osm,NTT,,NTT,ES,43.360839,-5.857663,exact,,,,,,,,,,,11920710931,
traditional,osm,IT,,,US,33.91029,-117.503021,exact,,,,,,,,,,,11924506303,
traditional,osm,InfreschiLab,,Andrea,IT,40.019937,15.388604,exact,,,,,,,,,,,11936920287,
traditional,osm,"Alembic Computer Services, Inc.",,,US,33.405131,-111.977335,exact,,,,,,,,,,,11938614120,
traditional,osm,J-Curve Technologies,,,US,33.413186,-111.971154,exact,,,,,,,,,,,11938631189,
traditional,osm,Microsoft,,Microsoft,FR,47.752302,7.524864,exact,,,,,,,,,,,11942572541,
traditional,osm,WinEuropa,,,IT,43.554842,12.112473,exact,,,,,,,,,Sansepolcro,,11977700812,
traditional,osm,Centro Elab. Dati Catocci Bianciardi,,Bari Bianciardi Vanni,IT,43.320644,11.327656,exact,,,,,,,,,Siena,,11985791319,
traditional,osm,T-Mobile,,,CZ,50.077958,14.474814,exact,,,,,,,,,,,12015570907,
traditional,osm,Rechenzentrum AtlasEdge HAM002,,AtlasEdge,DE,53.678651,10.271266,exact,,,,,,,,,,,12042899692,
traditional,osm,AL NASR TYPING CENTER,,,AE,25.578005,55.560572,exact,,,,,,,,,UMM AL QUWAIN,,12043778391,
traditional,osm,NIC,,Deutsche Telekom AG,DE,49.883293,8.631141,exact,,,,,,,,,,,12068854679,
traditional,osm,Microsoft,,Microsoft,IT,45.429128,9.386536,exact,,,,,,,,,,,12075162382,
traditional,osm,Bahnhof Pionen,,,SE,59.31235,18.085473,exact,,,,,,,,,,,12079908266,
traditional,osm,İnformasiya mərkəzi,,,AZ,39.815638,46.751427,exact,,,,,,,,,,,12087705567,
traditional,osm,LCL Belgium,,,BE,50.887414,4.455488,exact,,,,,,,,,,,12088526370,
traditional,osm,AREA31,,PT. Dunia Virtual Online,ID,-6.444473,106.871701,exact,,,,,,,,,,,12088538506,
traditional,osm,Datacenter Martha,,,FR,43.338486,5.346572,exact,,,,,,,,,,,12097993555,
traditional,osm,Flexential Cincinnati,,Flexential,US,39.315931,-84.449464,exact,,,,,,,,,West Chester,,12112201416,
traditional,osm,Flexential Denver - Downtown,,Flexential,US,39.74597,-104.994159,exact,,,,,,,,,Denver,,12112236372,
traditional,osm,Flexential Dallas - Downtown Dallas,,Flexential,US,32.80041,-96.819371,exact,,,,,,,,,Dallas,,12112238944,
traditional,osm,Flexential Jacksonville,,Flexential,US,30.245748,-81.581723,exact,,,,,,,,,Jacksonville,,12112266917,
traditional,osm,Flexential - Denver - Aurora,,Flexential,US,39.661049,-104.848832,exact,,,,,,,,,Aurora,,12112270180,
traditional,osm,Flexential Nashville - Brentwood,,Flexential,US,35.972729,-86.808495,exact,,,,,,,,,Brentwood,,12112295055,
traditional,osm,Flexential Raleigh,,Flexential,US,35.850528,-78.829143,exact,,,,,,,,,Morrisville,,12112361725,
traditional,osm,Flexential Tampa - West,,Flexential,US,28.037299,-82.539978,exact,,,,,,,,,Tampa,,12112380995,
traditional,osm,Flexential Salt Lake City - Lindon,,Flexential,US,40.332648,-111.727875,exact,,,,,,,,,Lindon,,12112382397,
traditional,osm,Translation Zone,,,PK,24.864242,67.074546,exact,,,,,,,,,,,12137939426,
traditional,osm,SSS & Company,,,PK,24.874727,67.027159,exact,,,,,,,,,,,12147608464,
traditional,osm,31173 Service DC Malmö,,31173 Services AB,SE,55.598386,13.037807,exact,,,,,,,,mlm-sg,,,12150334502,
traditional,osm,Telehouse THM1,,Telehouse,FR,43.361073,5.338036,exact,,,,,,,,THM1,,,12150464472,
traditional,osm,Manoj Data Recovery services,,,IN,17.50557,78.380666,exact,,,,,,,,,Hyderabad,,12153669042,
traditional,osm,Datacenter Sud,,Aix-Marseille Université,FR,43.335921,5.411936,exact,,,,,,,,DC SUD,,,12154384214,
traditional,osm,VisBook AS,,,NO,62.594399,9.689364,exact,,,,,,,,,,,12158409495,
traditional,osm,M.A.F Co.,,,PK,24.836313,67.075616,exact,,,,,,,,,,,12160139949,
traditional,osm,iZOOM.it,,,IT,44.710505,10.6413,exact,,,,,,,,,,,12164505455,
traditional,osm,karachi massage center & Spa,,,PK,24.830675,67.072266,exact,,,,,,,,,,,12165563120,
traditional,osm,Elisa,,,FI,61.493969,23.756213,exact,,,,,,,,,Tampere,,12167701341,
traditional,osm,NTT,,NTT,JP,34.960452,135.747002,exact,,,,,,,,,,,12179754315,
traditional,osm,Alliance Broadband Fibre Optic Connection,,Alliance Broadband,IN,26.531567,89.030977,exact,,,,,,,,Sushanta,,,12180873338,
traditional,osm,,,,JP,35.63699,139.725341,exact,,,,,,,,,,,12182279465,
traditional,osm,NTT,,NTT,JP,34.694112,135.199462,exact,,,,,,,,,,,12184236423,
traditional,osm,QMODZ Server,,John Lloyd Quijano,PH,16.917289,121.740478,exact,,,,,,,,,Cauayan,,12189865062,
traditional,osm,NTT,,NTT,JP,35.690531,140.038774,exact,,,,,,,,,,,12192288504,
traditional,osm,NTT,,NTT,JP,35.63148,139.741996,exact,,,,,,,,,,,12192863704,
traditional,osm,NTT,,NTT,JP,35.684554,139.703223,exact,,,,,,,,,,,12192863708,
traditional,osm,NTT,,NTT,JP,34.6445,133.89838,exact,,,,,,,,,,,12194379696,
traditional,osm,Inwi Datacenter Technopolis,,,MA,33.988212,-6.721967,exact,,,,,,,,,,,12212175733,
traditional,osm,Digital Realty Brussels BRU4 Datacenter,,Digital Realty,BE,50.873612,4.503209,exact,,,,,,,,BRU4,,,12214044389,
traditional,osm,Digital Realty Brussels BRU3 Datacenter,,Digital Realty,BE,50.873524,4.50231,exact,,,,,,,,BRU3,,,12214044390,
traditional,osm,Gauß-IT-Zentrum,,TU Braunschweig,DE,52.276502,10.541727,exact,,,,,,,,,,,12219427002,
traditional,osm,Digital Realty New York JFK13,,Digital Realty,US,40.719928,-74.004458,exact,,,,,,,,JFK13,New York,,12221811811,
traditional,osm,Digital Realty New York JFK12,,Digital Realty,US,40.717677,-74.008441,exact,,,,,,,,JFK12,New York,,12221880448,
traditional,osm,Disk Masters pakistan Karachi,,,PK,24.860943,67.024582,exact,,,,,,,,,,,12227813185,
traditional,osm,Sajjad Serves,,,PK,24.887328,67.046661,exact,,,,,,,,,,,12238485737,
traditional,osm,Al-Ayesha Chambers,,,PK,24.858193,67.02412,exact,,,,,,,,,,,12258302216,
traditional,osm,天河超级计算淮海分中心,,,CN,35.196122,118.376975,exact,,,,,,,,,,,12284933379,
traditional,osm,,,Lloyds Banking Group,GB,55.928263,-3.293905,exact,,,,,,,,,,,12292494768,
traditional,osm,DataVita DV2,,DataVita,GB,55.861389,-4.265134,exact,,,,,,,,DV2,Glasgow,,12300408592,
traditional,osm,Equinix MA1,,Equinix,GB,53.464204,-2.236321,exact,,,,,,,,MA1,,,12303136063,
traditional,osm,Equinix MA4,,Equinix,GB,53.4615,-2.237702,exact,,,,,,,,MA4,,,12303136064,
traditional,osm,Equinix VA1,,Equinix,CA,49.260569,-123.01124,exact,,,,,,,,VA1,Burnaby,,12303164157,
traditional,osm,Equinix GV1,,Equinix,CH,46.20356,6.144226,exact,,,,,,,,GV1,Genève,,12304464632,
traditional,osm,Studio Delta Srl,,,IT,44.693725,10.64682,exact,,,,,,,,,,,12314969438,
traditional,osm,Centro de Computação Avançada do Minho,,Fundação para a Ciência e Tecnologia,PT,41.403773,-8.391575,exact,,,,,,,,,,,12331077835,
traditional,osm,CoreSite AT1,,CoreSite,US,33.755986,-84.391171,exact,,,,,,,,AT1,Atlanta,,12331366645,
traditional,osm,Tecnodati (S.R.L.),,,IT,44.709324,10.637701,exact,,,,,,,,,,,12334997012,
traditional,osm,,,Delska,LV,56.888914,24.232678,exact,,,,,,,,,,,12374924581,
traditional,osm,,,Delska,LV,56.957886,24.154916,exact,,,,,,,,,,,12374924582,
traditional,osm,,,,LV,56.948332,24.201049,exact,,,,,,,,,,,12374926942,
traditional,osm,,,,LV,56.980376,24.155045,exact,,,,,,,,,,,12374926943,
traditional,osm,کیمیا شبکه,,,IR,32.629006,51.638304,exact,,,,,,,,,,,12378744116,
traditional,osm,UNM Data Center,,UNM,US,35.086739,-106.615348,exact,,,,,,,,UNM,Albuquerque,,12387534800,
traditional,osm,Servidor,,UNL,EC,-4.030041,-79.199552,exact,,,,,,,,,,,12394771093,
traditional,osm,,,,IN,12.870095,80.217165,exact,,,,,,,,,,,12406588855,
traditional,osm,colozüri.ch,,NTS Colocation AG,CH,47.383252,8.495354,exact,,,,,,,,,,,12420868035,
traditional,osm,Prime Santa Clara,,Prime,US,37.366662,-121.962865,exact,,,,,,,,,,,12437277166,
traditional,osm,Open Data Centers Piscataway,,,US,40.55035,-74.456856,exact,,,,,,,,,,,12452254071,
traditional,osm,Interoute,,,BE,50.986992,3.767892,exact,,,,,,,,,,,12458675570,
traditional,osm,H5 Secaucus,,H5,US,40.785395,-74.075012,exact,,,,,,,,,,,12471740457,
traditional,osm,"ЦОД ""Гознак""",,,RU,55.814044,37.636263,exact,,,,,,,,GZ1,,,12499195391,
traditional,osm,,,KDDI,JP,34.693046,135.534224,exact,,,,,,,,,,,12500332318,
traditional,osm,,,KDDI,JP,35.687678,139.76445,exact,,,,,,,,,,,12500429890,
traditional,osm,KDDI,,,JP,35.700241,139.750601,exact,,,,,,,,,,,12500429891,
traditional,osm,SoftBank,,,JP,35.655191,139.760605,exact,,,,,,,,,,,12500429892,
traditional,osm,Rakuten,,,JP,35.610534,139.629981,exact,,,,,,,,,,,12500429894,
traditional,osm,NTT Docomo,,NTT,JP,35.684511,139.702937,exact,,,,,,,,,渋谷区,,12500429895,
traditional,osm,NTT Docomo,,NTT,JP,34.680732,135.514874,exact,,,,,,,,,,,12500429896,
traditional,osm,KDDI,,KDDI,JP,35.16857,136.893702,exact,,,,,,,,,,,12500429900,
traditional,osm,NTT Docomo,,NTT,JP,35.684562,139.703074,exact,,,,,,,,,,,12500431002,
traditional,osm,دفتر ارتباطی ایرانسل,,,IR,37.762669,45.97609,exact,,,,,,,,,,,12503990803,
traditional,osm,KDDI,,,JP,33.600391,130.416022,exact,,,,,,,,,,,12504065376,
traditional,osm,KDDI,,,JP,33.592531,130.388336,exact,,,,,,,,,,,12504065377,
traditional,osm,,,KDDI,JP,34.693021,135.534294,exact,,,,,,,,,,,12504065381,
traditional,osm,NTTドコモ,,,JP,34.338472,134.046976,exact,,,,,,,,,,,12504065384,
traditional,osm,NTT,,NTT,JP,34.916869,135.687252,exact,,,,,,,,,,,12505756902,
traditional,osm,,,,JP,34.675788,135.495496,exact,,,,,,,,,,,12506545229,
traditional,osm,NTT,,NTT,JP,34.698557,135.503198,exact,,,,,,,,,,,12506545231,
traditional,osm,,,日立,JP,34.728055,133.879097,exact,,,,,,,,,,,12511899058,
traditional,osm,,,TOKAIコミュニケーションズ,JP,34.726202,133.878168,exact,,,,,,,,,,,12511899059,
traditional,osm,,,TIS,JP,34.695597,135.499464,exact,,,,,,,,,,,12512132704,
traditional,osm,netXDC,,SCSK,JP,34.896221,135.181911,exact,,,,,,,,,,,12512132708,
traditional,osm,University Shared Data Centre,,University of Oxford,GB,51.759604,-1.252186,exact,,,,,,,,SDC,,,12512246491,
traditional,osm,,,,JP,34.675725,135.495725,exact,,,,,,,,,,,12512264088,
traditional,osm,,,株式会社アット東京,JP,35.652306,139.798142,exact,,,,,,,,,,,12512287384,
traditional,osm,,,ＳＣＳＫ株式会社,JP,34.811296,135.492697,exact,,,,,,,,,,,12512425601,
traditional,osm,,,IIJ,JP,35.494395,133.063916,exact,,,,,,,,,,,12514280884,
traditional,osm,,,エネコム,JP,34.400591,132.475874,exact,,,,,,,,,,,12514280890,
traditional,osm,,,富士通,JP,38.260112,140.877218,exact,,,,,,,,,,,12514316390,
traditional,osm,,,STNet,JP,34.335817,134.093687,exact,,,,,,,,,,,12514343279,
traditional,osm,TasmaNet Hobart DC3,,TasmaNet,AU,-42.822135,147.304185,exact,,,,,,,,,,,12517655907,
traditional,osm,42 -24 Cambridge,,42 - 24 Pty Ltd,AU,-42.829872,147.465242,exact,,,,,,,,,,,12517655908,
traditional,osm,,,電算,JP,36.644552,138.198986,exact,,,,,,,,,,,12517886327,
traditional,osm,NTT,,NTT,JP,34.975805,135.747223,exact,,,,,,,,,,,12518369831,
traditional,osm,,,株式会社ＨＢＡ,JP,43.066055,141.366057,exact,,,,,,,,,,,12519522767,
traditional,osm,,,株式会社I・TECソリューションズ,JP,42.634793,141.603232,exact,,,,,,,,,,,12519522768,
traditional,osm,,,ほくでん情報テクノロジー株式会社,JP,43.061758,141.361434,exact,,,,,,,,,,,12519522771,
traditional,osm,,,STNet,JP,33.821475,132.777538,exact,,,,,,,,,,,12522915153,
traditional,osm,Next-MIC DataCenter,,南日本情報処理センター,JP,31.534557,130.535608,exact,,,,,,,,,,,12522915154,
traditional,osm,Equinix Amsterdam AM5,,Equinix,NL,52.293471,4.944744,exact,,,,,,,,AM5,Amsterdam,,12524326425,
traditional,osm,,,TOKAIコミュニケーションズ,JP,34.97018,138.382063,exact,,,,,,,,,,,12525275584,
traditional,osm,,,電算,JP,36.653322,138.182037,exact,,,,,,,,,,,12531210892,
traditional,osm,,,東日本電信電話株式会社,JP,36.645311,138.199335,exact,,,,,,,,,,,12531210896,
traditional,osm,NTT Data Osaka Dojima,,NTT,JP,34.695515,135.491067,exact,,,,,,,,,,,12535469426,
traditional,osm,TTC DC1,,,CZ,50.081998,14.533345,exact,,,,,,,,,,,12536185445,
traditional,osm,KIU Data Center,,,PK,35.924872,74.365264,exact,,,,,,,,,,,12539811094,
traditional,osm,Light Company,,DigitalOcean,IR,36.464232,52.346584,exact,,,,,,,,LightCompany,آمل,,12543164277,
traditional,osm,Phocea DC,,Phocea DC,FR,43.312446,5.374766,exact,,,,,,,,,,,12546664021,
traditional,osm,Samaee Server,,بهنام سمائی Behnam Samaee,IR,27.185751,56.305872,exact,,,,,,,,,,,12548600146,
traditional,osm,"Forescout Technologies, Inc.",,,US,37.322868,-121.947418,exact,,,,,,,,,San Jose,,12550746951,
traditional,osm,KDDI,,,JP,33.586315,130.424674,exact,,,,,,,,,,,12564883385,
traditional,osm,Equinix AM6,,Equinix,NL,52.337204,4.933173,exact,,,,,,,,AM6,Amsterdam,,12569285672,
traditional,osm,Digital Realty (AMS18),,Digital Realty,NL,52.33659,4.931526,exact,,,,,,,,AMS18,Amsterdam,,12569285673,
traditional,osm,,,,PT,41.177117,-8.642705,exact,,,,,,,,,,,12569642240,
traditional,osm,,,,PT,41.163623,-8.638777,exact,,,,,,,,,,,12569642241,
traditional,osm,Eclairion,,,FR,48.597647,2.197617,exact,,,,,,,,,,,12578588217,
traditional,osm,KDDI,,KDDI,JP,34.3432,134.047719,exact,,,,,,,,,,,12581599889,
traditional,osm,royal computer and training centre,,,IN,25.223842,84.264835,exact,,,,,,,,,,,12596261783,
traditional,osm,IT- und Data Center Linz,,LINZ NETZ GmbH,AT,48.282151,14.308318,exact,,,,,,,,,,,12596690617,
traditional,osm,INSURENCE SURVICE CENTRE,,,IN,29.135258,76.700456,exact,,,,,,,,,,,12597575930,
traditional,osm,Yettel Törökbálint MSC,,Yettel Zrt.,HU,47.430482,18.936511,exact,,,,,,,,ZMSS2,,,12603655381,
traditional,osm,Maincubes AMS01,,,NL,52.282317,4.77312,exact,,,,,,,,AMS01,Schiphol-Rijk,,12608729575,
traditional,osm,百度地图顺德数据中心,,,CN,22.775017,113.323993,exact,,,,,,,,,,,12611699905,
traditional,osm,Chayya computers works,,,IN,25.625832,83.760227,exact,,,,,,,,,,,12631221156,
traditional,osm,DC Mechelen,,Datacenter United,BE,51.016961,4.480427,exact,,,,,,,,,,,12633325927,
traditional,osm,VAN4,,Cologix,CA,49.28355,-123.108711,exact,,,,,,,,,,,12634611897,
traditional,osm,DC Flanders,,Datacenter United,BE,51.264081,4.399391,exact,,,,,,,,,,,12637347290,
traditional,osm,LCL Antwerp,,LCL Belgium nv,BE,51.264217,4.403088,exact,,,,,,,,,,,12637347348,
traditional,osm,NutroCloud,,7tteam,EG,30.841898,30.867859,exact,,,,,,,,M1,,,12638529683,
traditional,osm,ServerHouse,,,GB,50.848247,-1.166441,exact,,,,,,,,,,,12641413062,
traditional,osm,Smart DC,,,NL,51.92331,4.431618,exact,,,,,,,,,Rotterdam,,12673711984,
traditional,osm,Lumen Albany 4,,Lumen Technologies,US,42.735631,-73.818665,exact,,,,,,,,,Albany,,12682482760,
traditional,osm,Comclark Network And Technology,,,PH,14.577508,121.074026,exact,,,,,,,,,,,12682691190,
traditional,osm,Equinix Chicago Data Center - CH1,,Equinix,US,41.853558,-87.618048,exact,,,,,,,,CH1,Chicago,,12695496267,
traditional,osm,,,,CA,49.284509,-123.111689,exact,,,,,,,,,,,12699734832,
traditional,osm,501 West,,,US,40.315558,-74.668851,exact,,,,,,,,,Princeton,,12708029111,
traditional,osm,ドコモ,,NTT docomo,JP,34.648198,133.918052,exact,,,,,,,,,,,12744226747,
traditional,osm,Centro de Datos Monterrico,,NextStream,PE,-12.084978,-76.97233,exact,,,,,,,,,Lima,,12750138365,
traditional,osm,Laboratório MackLeaps,,,BR,-23.547675,-46.652392,exact,,,,,,,,,,,12754371024,
traditional,osm,Digital Realty DUB11,,Digital Realty,IE,53.400144,-6.216441,exact,,,,,,,,DUB11,,,12760190386,
traditional,osm,G&D Tech,,,PH,10.310864,123.948272,exact,,,,,,,,,,,12762802219,
traditional,osm,Dataverge,,Dataverge,US,40.657696,-74.004816,exact,,,,,,,,,Brooklyn,,12766117170,
traditional,osm,TulsaConnect DC3,,,US,36.099474,-95.838283,exact,,,,,,,,,,,12793428582,
traditional,osm,Sala E,,,CO,4.074744,-73.583882,exact,,,,,,,,,,,12832532089,
traditional,osm,Orange HDC Astra,,Orange România,RO,45.648994,25.619712,exact,,,,,,,,,Brașov,,12839478539,
traditional,osm,csc computer classes,,,IN,25.247678,86.949515,exact,,,,,,,,,,,12848410071,
traditional,osm,NTT,,NTT,JP,33.42293,130.660037,exact,,,,,,,,,,,12851624968,
traditional,osm,,,,SG,1.345729,103.688374,exact,,,,,,,,,,,12882797143,
traditional,osm,Noovle,,TIM,IT,44.499763,11.406477,exact,,,,,,,,,,,12886503841,
traditional,osm,Cool Ideas Victory Park Datacentre,,Cool Ideas,ZA,-26.141507,28.009341,exact,,,,,,,,Internet House,,,12887033262,
traditional,osm,Datacenter Conavicoop,,,CL,-33.445183,-70.648169,exact,,,,,,,,,,,12969574545,
traditional,osm,Euro-Information EIP (Data Center),,Euro Information,FR,47.332934,5.105566,exact,,,,,,,,,,,13006633477,
traditional,osm,Comarch,,,US,33.356679,-111.635236,exact,,,,,,,,,Mesa,,13019681063,
traditional,osm,CoreSite - LA2,,CoreSite,US,34.058479,-118.235914,exact,,,,,,,,LA2,Los Angeles,,13042311881,
traditional,osm,Hedef Hosting,,Hedef Global Bilişim Teknolojileri Sanayi Ticaret Limited Şirketi,TR,39.978248,32.617975,exact,,,,,,,,,Ankara,,13043344574,
traditional,osm,Datové centrum Coolhousing,,Coolhousing s.r.o.,CZ,50.077857,14.47371,exact,,,,,,,,,Praha,,13065218477,
traditional,osm,Берзарина,,Selectel,RU,55.931083,37.779871,exact,,,,,,,,,,,13068243349,
traditional,osm,IT- und Data Center Linz,,,AT,48.324198,14.299996,exact,,,,,,,,,,,13092390748,
traditional,osm,RAITEC,,,AT,48.298467,14.307237,exact,,,,,,,,,,,13092405864,
traditional,osm,LeaseWeb AMS-02,,LeaseWeb,NL,52.282125,4.77286,exact,,,,,,,,AMS-02,Schiphol-Rijk,,13105934792,
traditional,osm,stoltenhoff.net,,,DK,54.986839,9.443291,exact,,,,,,,,,,,13144664581,
traditional,osm,NTT Ashburn VA7 Data Center,,NTT,US,39.016014,-77.471954,exact,,,,,,,,VA7,Ashburn,Dominion (VEPCO),13154826378,
traditional,osm,NTT VA11 Data Center,,NTT,US,38.799973,-77.609964,exact,,,,,,,,VA11,Gainesville,Dominion (VEPCO),13154826379,
traditional,osm,Stack Infrastructure MEL01B,,Stack Infrastructure,AU,-37.820472,144.747475,exact,,,,,,,,MEL01B,,,13155496975,
traditional,osm,Microsoft Ireland,,Microsoft,GB,54.604708,-5.920222,exact,,,,,,,,,Belfast,,13179027944,
traditional,osm,techies,,techies FiberNet,PH,11.018611,125.735175,exact,,,,,,,,,,,13193090605,
traditional,osm,IRIX DC,,,MY,1.709689,110.353414,exact,,,,,,,,,Kuching,,13197364001,
traditional,osm,SIM DIGITAL - POP INGLESES,,,BR,-27.439527,-48.405829,exact,,,,,,,,,,,13205407608,
traditional,osm,Lumen Madison 1 Data Center,,Lumen Technologies,US,43.067716,-89.392279,exact,,,,,,,,,,,13226718075,
traditional,osm,"Statistics Coordination Office, Jumla",,,NP,29.271748,82.182035,exact,,,,,,,,,,,13232462034,
traditional,osm,蛇口网谷离岸数据中心,,,CN,22.495733,113.909502,exact,,,,,,,,,,,13242864904,
traditional,osm,Hive Digital Technologies,,,CA,45.636864,-74.287993,exact,,,,,,,,,Lachute,,13252574597,
traditional,osm,ennit GmbH,,TNG Group,DE,54.366352,10.107609,exact,,,,,,,,,Kiel,,13277272066,
traditional,osm,Serverius DC2,,Serverius B.V.,NL,52.717803,6.200157,exact,,,,,,,,DC2,Meppel,,13278797608,
traditional,osm,Freedom Data Centers,,,KZ,47.115225,51.981773,exact,,,,,,,,,,,13282989028,
traditional,osm,College Of Natural & Applied Sciences Laboratory Complex,,Lecturers,NG,6.74167,5.403555,exact,,,,,,,,,,,13286215475,
traditional,osm,Dhiraagu Data Centre,,Dhiraagu,UNKNOWN,5.663411,73.272506,exact,,,,,,,,,,,13296692502,
traditional,osm,Fiberhub LAS1,,Fiberhub,US,36.065929,-115.13856,exact,,,,,,,,LAS1,Las Vegas,,13311012216,
traditional,osm,Americable Datacenter,,,JP,35.457093,139.433293,exact,,,,,,,,,,,13313262456,
traditional,osm,DC Evere,,Datacenter United,BE,50.879803,4.393961,exact,,,,,,,,,,,13320005875,
traditional,osm,KOTOKNET MEDIA SOLUTIONS,,,ID,-6.213505,106.342124,exact,,,,,,,,,,,13332648783,
traditional,osm,computer lab,,training,NP,28.954004,80.182525,exact,,,,,,,,csit,,,13354931908,
traditional,osm,Okantis,,,FR,46.607104,0.325495,exact,,,,,,,,,,,13357674614,
traditional,osm,,,PDV Systeme GmbH,DE,51.929858,10.431755,exact,,,,,,,,,,,13359887193,
traditional,osm,NIKHEF Amsterdam,,NIKHEF,NL,52.356257,4.950684,exact,,,,,,,,,,,13392428894,
traditional,osm,NTT,,NTT,IN,13.193044,77.641615,exact,,,,,,,,,,,13392785195,
traditional,osm,Arctur,,,SI,45.956777,13.663706,exact,,,,,,,,,,,13395304893,
traditional,osm,Data Center EMPATEL Santa Rosa,,Empresa Pampeana de Telecomunicaciones S.A.P.E.M.,AR,-36.626299,-64.270156,exact,,,,,,,,,,,13396023097,
traditional,osm,Equinix Genoa GN1,,Equinix,IT,44.426868,8.950208,exact,,,,,,,,Equinix Genoa GN1,Genova,,13398669438,
traditional,osm,Foto Copy  kampus 2 UBH,,,ID,-0.877606,100.382045,exact,,,,,,,,,,,13401769769,
traditional,osm,DāStor: 3400 Horizon Drive,,,US,40.087919,-75.33972,exact,,,,,,,,,King of Prussia,,13409186015,
traditional,osm,Linxdatacenter,,,RU,60.032356,30.28397,exact,,,,,,,,,,,13416882703,
traditional,osm,Equinix Helsinki HE3,,Equinix,FI,60.18496,24.968412,exact,,,,,,,,HE3,Helsinki,,13416957557,
traditional,osm,Equinix Helsinki HE4,,Equinix,FI,60.283906,24.838143,exact,,,,,,,,HE4,Vantaa,,13416964613,
traditional,osm,NTT,,NTT,JP,34.741135,135.764446,exact,,,,,,,,,,,13426436638,
traditional,osm,Rad Web Hosting,,,US,32.778447,-96.798496,exact,,,,,,,,,Dallas,,13465438761,
traditional,osm,Microsoft,,Microsoft,DO,18.472581,-69.941186,exact,,,,,,,,,,,13468814937,
traditional,osm,Rakuten,,,JP,35.610473,139.630181,exact,,,,,,,,,,,13469638202,
traditional,osm,DATA4 - MAD1,,Data4,ES,40.534923,-3.647887,exact,,,,,,,,,,,13508521760,
traditional,osm,华南师范大学广州校区石牌校园网络中心,,,CN,23.139925,113.344343,exact,,,,,,,,,,,13508706521,
traditional,osm,Scala Datacenter,,Equinix,BR,-23.496722,-46.814934,exact,,,,,,,,,,,13509301320,
traditional,osm,Yotta Datacenter,,Yotta Datacenter Pvt Lmt,IN,18.911859,73.200871,exact,,,,,,,,,,,13519806411,
traditional,osm,mee computer education,,,IN,26.18353,91.781003,exact,,,,,,,,,,,13522630906,
traditional,osm,Alpha Federal,,Alpha Innovations,US,38.353177,-81.696182,exact,,,,,,,,,South Charleston,,13546262077,
traditional,osm,مدرسه یاران مهدی,,,IR,31.524433,49.89389,exact,,,,,,,,,,,13547468444,
traditional,osm,Rechenzentrum Nürnberg Zentrum,,noris network,DE,49.453733,11.063865,exact,,,,,,,,NBG2;NBG3;NBG4,,,13556233002,
traditional,osm,Equinix MU1,,Equinix,DE,48.142709,11.555857,exact,,,,,,,,MU1,,,13570800604,
traditional,osm,NorthC München 1,,NorthC,DE,48.119151,11.602177,exact,,,,,,,,,,,13574491231,
traditional,osm,NorthC Düsseldorf 1,,NorthC,DE,51.187938,6.867535,exact,,,,,,,,,,,13574591148,
traditional,osm,NorthC Rotterdam Zestienhoven 1&2,,NorthC,NL,51.952999,4.447824,exact,,,,,,,,,Rotterdam,,13574615961,
traditional,osm,NorthC Nieuwegein,,NorthC,NL,52.018355,5.104784,exact,,,,,,,,,,,13574644223,
traditional,osm,Data Vault - Bournemouth BCP01,,Dark Nebulae Ltd,GB,50.721901,-1.874945,exact,,,,,,,,,Bournemouth,,13596137356,
traditional,osm,Parsec Data Management,,,US,45.743079,-108.603014,exact,,,,,,,,,,,13603878193,
traditional,osm,Wi-Fi Communication Aulla,,,IT,44.20802,9.969069,exact,,,,,,,,,Aulla,,13604079390,
traditional,osm,VAN2,,Cologix,CA,49.286962,-123.119472,exact,,,,,,,,,,,13604170383,
traditional,osm,VAN1,,Cologix,CA,49.284456,-123.111783,exact,,,,,,,,,,,13604170384,
traditional,osm,VAN5,,Cologix,CA,49.284417,-123.111845,exact,,,,,,,,,,,13604170385,
traditional,osm,,,Carrier Connect Data Solutions,CA,49.287624,-123.115111,exact,,,,,,,,,,,13604194266,
traditional,osm,CPD Gobierno de Navarra,,Nasertic,ES,42.813918,-1.624566,exact,,,,,,,,,,,13608563509,
traditional,osm,DC Antwerp,,Datacenter United,BE,51.263145,4.414468,exact,,,,,,,,,,,13614915734,
traditional,osm,Centro de Datos Cirion LIM1,,Cirion Technologies,PE,-12.089115,-76.973078,exact,,,,,,,,LIM1,,,13615091772,
traditional,osm,ASAP Telecom - Data Center,,ASAP Telecom,BR,-23.677978,-46.698516,exact,,,,,,,,PV01C Shopping SP Market,São Paulo,,13618251143,
traditional,osm,Applied Digital,,,US,46.974172,-96.87394,exact,,,,,,,,,Harwood,,13639231258,
traditional,osm,,,Pulsant,GB,54.551429,-1.315215,exact,,,,,,,,,,,13655340206,
traditional,osm,Fibrandes Nodo AQP,,Fibrandes,PE,-16.402366,-71.58186,exact,,,,,,,,,,,13659287418,
traditional,osm,Nodo Moquegua,,Fibrandes,PE,-17.205268,-70.917884,exact,,,,,,,,,,,13659603183,
ai,osm+epoch,RIC1 DC1,QTS Richmond 1,Quality Technology Services,US,37.489234,-77.247476,exact,238.0,242546,,,Dominion Energy,9.015915999999999,"6000 Technology Blvd, Sandston, VA 23150",,,,13685576464,yes
traditional,osm,RIC1 DC2,,Quality Technology Services,US,37.488616,-77.24621,exact,,,,,,,,,,Dominion (VEPCO),13685576465,
traditional,osm,RIC1 DC3,,Quality Technology Services,US,37.487858,-77.244826,exact,,,,,,,,,,,13685576466,
traditional,osm,INGATE GmbH Rechenzentrum München,,,DE,48.195562,11.592516,exact,,,,,,,,,,,13692347597,
traditional,osm,Stargate AI DataCenter,,,AE,24.150968,54.445456,exact,,,,,,,,,,,13704677307,
traditional,osm,PhoenixGroup,,Servicio Tecnico Electronico,AR,-34.789034,-58.425299,exact,,,,,,,,,Llavallol,,13719824868,
traditional,osm,TulsaConnect,,,US,36.153294,-95.989193,exact,,,,,,,,,,,13720841436,
traditional,osm,Windstream,,,US,36.148501,-95.990514,exact,,,,,,,,,,,13720841437,
traditional,osm,TulsaConnect,,,US,36.148452,-95.99082,exact,,,,,,,,,,,13720841438,
traditional,osm,Server Rasendriya (Nodeast Cloud),,PT Era Daya Cipta,ID,-6.26397,106.789288,exact,,,,,,,,102,Jakarta Selatan,,13734287997,
traditional,osm,Nodeast Cloud (srv03.dyaksanala),,PT Era Daya Cipta,ID,-7.004779,110.435153,exact,,,,,,,,,,,13734339821,
traditional,osm,Nodeast Cloud (srv01.kehidupan),,PT Era Daya Cipta,ID,-6.359805,106.838019,exact,,,,,,,,,,,13734355110,
traditional,osm,Телепоинт София Изток,,Digital Realty,BG,42.672898,23.383653,exact,,,,,,,,,,,13734763230,
traditional,osm,Equinix SP4 Terremark,,Equinix,BR,-23.493721,-46.809644,exact,,,,,,,,,,,13741708048,
traditional,osm,Datacenter de Movistar,,Movistar,VE,8.297881,-62.727188,exact,,,,,,,,,,,13742756301,
traditional,osm,LIFO,,LIFO,FR,47.845514,1.939656,exact,,,,,,,,,,,13743687202,
traditional,osm,Digital Fortress - Portland 1,,"Digital Fortress, Inc",US,45.521257,-122.681754,exact,,,,,,,,,Portland,,13746843366,
traditional,osm,Digital Fortress - Portland 2,,"Digital Fortress, Inc",US,45.476214,-122.776087,exact,,,,,,,,,Beaverton,,13746843367,
traditional,osm,Digital Fortress - Portland 3,,"Digital Fortress, Inc",US,45.475634,-122.77641,exact,,,,,,,,,Beaverton,,13746843368,
traditional,osm,Colosseum Online Inc.,,,CA,43.779373,-79.489782,exact,,,,,,,,,Toronto,,13747461175,
traditional,osm,H5 DC - Portland,,H5 Data Centers,US,45.53169,-122.683765,exact,,,,,,,,,Portland,,13748555787,
traditional,osm,Date Center West - Eugene,,"Data Center West, Inc.",US,44.050607,-123.092978,exact,,,,,,,,,Eugene,,13748859030,
traditional,osm,Podatkovni centar Hrvatskog telekoma,,,HR,45.797225,15.942875,exact,,,,,,,,,,,13752762948,
traditional,osm,,,Hrvatski Telekom,HR,45.811161,15.982838,exact,,,,,,,,,,,13753535952,
traditional,osm,Amazon Web Services,,Amazon Web Services,CL,-33.417081,-70.606626,exact,,,,,,,,,,,13765657264,
traditional,osm,信息中心,,韶关市职业综合高级中学,CN,24.793862,113.625671,exact,,,,,,,,,韶关市,,13780891344,
traditional,osm,CSA Computer Service Agentur GmbH,,,DE,49.385517,11.43583,exact,,,,,,,,,Stöckelsberg,,13808344906,
traditional,osm,Podatkovni centar HR-ZOO ZG1,,Sveučilišni računski centar,HR,45.792282,15.969654,exact,,,,,,,,,,,13809854904,
traditional,osm,Podatkovni centar HR-ZOO ZG2,,Sveučilišni računski centar,HR,45.815124,16.042654,exact,,,,,,,,,,,13809854905,
traditional,osm,Podatkovni centar HR-ZOO OS,,Sveučilišni računski centar,HR,45.556511,18.705178,exact,,,,,,,,,,,13809854906,
traditional,osm,Podatkovni centar HR-ZOO RI,,Sveučilišni računski centar,HR,45.328761,14.466794,exact,,,,,,,,,,,13809856865,
traditional,osm,Podatkovni centar HR-ZOO ST,,Sveučilišni računski centar,HR,43.5116,16.469651,exact,,,,,,,,,,,13809859002,
traditional,osm,Trung tâm dữ liệu FPT Duy Tân,,FPT,VN,21.030751,105.78259,exact,,,,,,,,,,,13813612108,
traditional,osm,VNPT IDC Cầu Giấy,,VNPT,VN,21.040865,105.791005,exact,,,,,,,,,,,13813612110,
traditional,osm,Gp3 Data Center,,,MY,1.488095,103.594436,exact,,,,,,,,,,,13854865053,
traditional,osm,OCOSA,,,US,36.153287,-95.989191,exact,,,,,,,,,,,13873419223,
traditional,osm,Vantage VA16,,,US,38.998508,-77.440637,exact,,,,,,,,,Sterling,Dominion (VEPCO),13891340203,
traditional,osm,Iron City No. 1 Power Generator and Compute Center,,,US,41.141044,-78.097405,exact,,,,,,,,,Karthaus,,13908533343,
traditional,osm,Data Center ENTEL,,Empresa Nacional de Telecomunicaciones,BO,-17.555742,-66.25132,exact,,,,,,,,,Santiváñez,,13926884992,
traditional,osm,DataCenter de Google Uruguay,,Google,UY,-34.815242,-55.995001,exact,,,,,,,,,,,13929489407,
traditional,osm,,,,RU,56.326243,30.518969,exact,,,,,,,,,,,13953356899,
traditional,osm,euNetworks Colocation Hannover,,euNetworks,DE,52.398024,9.76902,exact,,,,,,,,,,,13964809664,
traditional,osm,3data A35,,,RU,55.864522,37.582515,exact,,,,,,,,,,,13965969979,
traditional,osm,3data B17,,3data,RU,55.648341,37.540776,exact,,,,,,,,,Москва,,13966013206,
traditional,osm,Intacture,,TRENTINO DATAMINE S.r.l.,IT,46.299497,11.086089,exact,,,,,,,,,,,13977247791,
traditional,osm,Institute for Micro-Credentials and Language Center,,,PH,13.629738,123.198027,exact,,,,,,,,,,,13986130020,
traditional,osm,新型电力系统调度中心,,,CN,33.939776,118.204974,exact,,,,,,,,,,,13992855602,
traditional,osm,Glesys,,Glesys AB,SE,56.914819,12.493797,exact,,,,,,,,,,,13996258080,
traditional,osm,Glesys,,Glesys AB,SE,59.289556,18.016814,exact,,,,,,,,,,,13996265466,
traditional,osm,Factory Software | AVEVA Select Italia,,,IT,45.626936,8.702827,exact,,,,,,,,,,,14001114873,
traditional,osm,Basis Bay,,,MY,3.090599,101.579173,exact,,,,,,,,,,,14004400718,
traditional,osm,中国移动宿迁市人工智能计算中心,,,CN,33.950508,118.246377,exact,,,,,,,,,,,14018873132,
traditional,osm,CloudHQ LC10,,CloudHQ,US,39.00392,-77.472678,exact,,,,,,,,LC10,,,14045039387,
traditional,osm,CloudHQ LC9,,CloudHQ,US,39.003503,-77.470436,exact,,,,,,,,LC9,,,14045039388,
traditional,osm,CloudHQ LC8,,CloudHQ,US,39.00206,-77.468333,exact,,,,,,,,LC8,,,14045039389,
traditional,osm,CloudHQ LC14,,CloudHQ,US,39.006121,-77.475951,exact,,,,,,,,LC14,,,14045039390,
traditional,osm,CloudHQ LC13,,CloudHQ,US,39.004995,-77.476723,exact,,,,,,,,LC13,,,14045039391,
traditional,osm,CloudHQ LC1,,CloudHQ,US,39.005445,-77.478515,exact,,,,,,,,LC1,,,14045039392,
traditional,osm,CloudHQ LC11,,CloudHQ,US,39.006588,-77.477699,exact,,,,,,,,LC11,,,14045039393,
traditional,osm,CloudHQ LC5,,CloudHQ,US,39.009805,-77.476734,exact,,,,,,,,LC5,,,14045039394,
traditional,osm,Cologix ASH2,,Cologix,US,39.019496,-77.457953,exact,,,,,,,,,Ashburn,Dominion (VEPCO),14045039395,
traditional,osm,Sabey Data Centers Ashburn - Building A,,Sabey Data Centers,US,39.013795,-77.476938,exact,,,,,,,,,Ashburn,Dominion (VEPCO),14045092726,
traditional,osm,NTT Ashburn VA8 Data Center,,NTT,US,39.018788,-77.475672,exact,,,,,,,,VA8,Ashburn,Dominion (VEPCO),14045092727,
traditional,osm,Digital Realty DUB10,,Digital Realty,IE,53.41227,-6.37054,exact,,,,,,,,DUB10,,,4421159,
traditional,osm,Equinix Data Center HE5,,Equinix,FI,60.221372,24.985589,exact,,,,,,,,HE5,Helsinki,,13780142,
traditional,osm,Sky Chilworth,,Sky UK,GB,50.961679,-1.427324,exact,,,,,,,,,,,15516422,
traditional,osm,nLighten Bristol,,,GB,51.540676,-2.581748,exact,,,,,,,,BRS1,,,17663535,
traditional,osm,DC Tower,,"České Radiokomunikace, a.s.",CZ,50.080966,14.451739,exact,,,,,,,,,,,22776917,
traditional,osm,Digital Realty LHR17,,Digital Realty,GB,51.481665,-0.46035,exact,,,,,,,,LHR17,,,23439047,
traditional,osm,,,Morgan Stanley,GB,51.383982,-0.135902,exact,,,,,,,,,,,23571722,
traditional,osm,,,CapitaLand Ascendas REIT,GB,51.384557,-0.137405,exact,,,,,,,,,,,23571724,
traditional,osm,,,,IE,53.404923,-6.359483,exact,,,,,,,,,,,23610623,
traditional,osm,4D Data Centers - Gatwick,,,GB,51.132481,-0.175841,exact,,,,,,,,,Crawley,,23674117,
traditional,osm,Fujitsu North Ryde Data Centre,,,AU,-33.786708,151.131894,exact,,,,,,,,,,,23716846,
traditional,osm,Equinix DB4,,Equinix,IE,53.411985,-6.351476,exact,,,,,,,,DB4,,,23750729,
traditional,osm,Equinix DB3,,Equinix,IE,53.411148,-6.346518,exact,,,,,,,,DB3,,,23750778,
traditional,osm,Mayoral Drive Exchange,,Spark New Zealand,NZ,-36.854183,174.76402,exact,,,,,,,,,Auckland,,24238369,
traditional,osm,Digital Realty Copenhagen CPH1,,Digital Realty,DK,55.72764,12.377369,exact,,,,,,,,CPH1,,,25629568,
traditional,osm,Cyxtera Dallas-Fort Worth Data Center,,Cyxtera,US,32.83271,-97.041028,exact,,,,,,,,,,,25706343,
traditional,osm,Adeo Datacenter ApS,,Adeo Datacenter ApS,DK,55.667726,12.367781,exact,,,,,,,,,,,25802546,
traditional,osm,,,,RU,59.911612,30.577633,exact,,,,,,,,,,,25913912,
traditional,osm,,,,DE,53.549786,10.048302,exact,,,,,,,,,Hamburg,,26113850,
traditional,osm,,,GlobalConnect,DK,55.662067,12.300239,exact,,,,,,,,,,,26176627,
traditional,osm,,,,DE,50.144435,8.552565,exact,,,,,,,,,,,26225757,
traditional,osm,Kyndryl Data Center,,Kyndryl Deutschland GmbH,DE,50.144264,8.553323,exact,,,,,,,,,Eschborn,,26225758,
traditional,osm,Vantage Data Centers - CWL1,,Vantage Data Centers,GB,51.555423,-3.037394,exact,,,,,,,,,Newport,,26794336,
traditional,osm,Verne Global HELSINKI,,Verne Global,FI,60.303433,25.101156,exact,,,,,,,,,Vantaa,,26933574,
traditional,osm,NorthC München 2,,NorthC,DE,48.135666,11.662692,exact,,,,,,,,,München,,27100275,
traditional,osm,,,,GB,51.52923,-0.273022,exact,,,,,,,,,,,27618472,
traditional,osm,,,,GB,51.529043,-0.274281,exact,,,,,,,,,,,27618478,
traditional,osm,Equinix LD3,,Equinix,GB,51.528887,-0.277821,exact,,,,,,,,LD3,London,,27618500,
traditional,osm,Digital Realty LHR13,,Digital Realty,GB,51.368329,-0.291123,exact,,,,,,,,LHR13,,,27756169,
traditional,osm,SafeDX s.r.o.,,,CZ,50.098901,14.495334,exact,,,,,,,,,,,27823396,
traditional,osm,Astrohouse,,University of Southampton,GB,50.867979,-1.246002,exact,,,,,,,,,,,28073975,
traditional,osm,SCC,,SCC,GB,50.868393,-1.247183,exact,,,,,,,,,,,28074414,
traditional,osm,Rechenzentrum Garching,,Max-Planck Computing & Data Facility,DE,48.262745,11.67308,exact,,,,,,,,,,,28260003,
traditional,osm,,,,IE,53.403708,-6.366112,exact,,,,,,,,,,,28352285,
traditional,osm,Amazon Web Services,,Amazon Web Services,IE,53.403929,-6.36259,exact,,,,,,,,,,,28352291,
traditional,osm,,,,ES,43.29888,-2.868746,exact,,,,,,,,,Zamudio,,28391447,
traditional,osm,Equinix Infomart,,Equinix,US,32.800953,-96.819523,exact,,,,,,,,,Dallas,,28544618,
traditional,osm,Telus,,,CA,43.705005,-79.360532,exact,,,,,,,,,East York,,28596260,
traditional,osm,Equinix FR4,,Equinix,DE,50.097941,8.587972,exact,,,,,,,,FR4,Frankfurt am Main,,28994179,
traditional,osm,,,OVH,GB,51.491512,0.166721,exact,,,,,,,,LON-1,,,29120456,
traditional,osm,,,,BY,53.683403,23.882164,exact,,,,,,,,,,,29129405,
traditional,osm,Brussels DC,,Datacenter United,BE,50.881423,4.454138,exact,,,,,,,,BDC,,,29417840,
traditional,osm,Digital Realty Brussels BRU1,,Digital Realty,BE,50.870597,4.47611,exact,,,,,,,,BRU1,Zaventem,,29448766,
traditional,osm,CoreSite BO1,,,US,42.376706,-71.079758,exact,,,,,,,,BO1,Somerville,,29827954,
traditional,osm,T-Systems Magdeburg,,T-Systems,DE,52.148748,11.636786,exact,,,,,,,,,Magdeburg,,30092556,
traditional,osm,,,NTT Global Data Centers EMEA GmbH,DE,52.537512,13.23762,exact,,,,,,,,BER1,Berlin,,30324253,
traditional,osm,COLT,,,BE,50.871947,4.504501,exact,,,,,,,,,Zaventem,,30450893,
traditional,osm,,,,BE,50.873575,4.502409,exact,,,,,,,,,,,30450951,
traditional,osm,USPO Terminal Annex,,United States Postal Service,US,34.058104,-118.235394,exact,,,,,,,,,Los Angeles,,30666790,
traditional,osm,Stack Infrastructure OSLO1A,,Stack Infrastructure,NO,59.924824,10.80956,exact,,,,,,,,,,,30724580,
traditional,osm,DataBank,,,US,32.778311,-96.798436,exact,,,,,,,,,Dallas,,30827429,
traditional,osm,Iron Mountain,,,GB,53.414856,-2.629759,exact,,,,,,,,,Warrington,,30914305,
traditional,osm,CyrusOne Cincinnati-Mason CIN3,,CyrusOne,US,39.303894,-84.311613,exact,,,,,,,,CIN3,,,31250931,
traditional,osm,EWE NETZ GmbH,,EWE Netz GmbH,DE,53.111924,8.209766,exact,,,,,,,,,Oldenburg,,31307046,
traditional,osm,LightEdge SAN1,,,US,32.827894,-117.129927,exact,,,,,,,,,San Diego,,31800424,
traditional,osm,EdgeConneX San Diego,,EdgeConneX,US,32.842355,-117.169423,exact,,,,,,,,,San Diego,,31803515,
traditional,osm,Digital Realty VIE1 & VIE2,,Digital Realty,AT,48.268936,16.410393,exact,,,,,,,,VIE1;VIE2,Wien,,31990236,
traditional,osm,The Babbage Centre,,Getronics,GB,53.322648,-2.734066,exact,,,,,,,,,Runcorn,,32295873,
traditional,osm,TTC TELEPORT - DC1,,,CZ,50.081996,14.533641,exact,,,,,,,,,,,32338593,
traditional,osm,RagingWire CA2,,NTT,US,38.6504,-121.491946,exact,,,,,,,,CA2,Sacramento,,32560290,
traditional,osm,RagingWire CA1,,NTT,US,38.650432,-121.489187,exact,,,,,,,,CA1,Sacramento,,32560292,
traditional,osm,11:11 Systems,,,CA,43.598248,-79.750131,exact,,,,,,,,,Mississauga,,33186030,
traditional,osm,Verne Global London Data Centre,,Verne Global,GB,51.523577,-0.100814,exact,,,,,,,,,London,,33503496,
traditional,osm,11:11 Systems,,,CA,43.603315,-79.735382,exact,,,,,,,,,Mississauga,,33710942,
traditional,osm,NSA Rechenzentrum,,,DE,49.84403,8.584809,exact,,,,,,,,,,,34137508,
traditional,osm,Telehouse West,,Telehouse,GB,51.511195,-0.002314,exact,,,,,,,,,London,,34160179,
traditional,osm,Elfordstown Earthstation,,National Space Centre Ltd,IE,51.953509,-8.175627,exact,,,,,,,,,,,34291029,
traditional,osm,,,,RU,55.603696,37.641494,exact,,,,,,,,,,,34332155,
traditional,osm,Digital Realty LGW14,,Digital Realty,GB,51.32384,-0.588055,exact,,,,,,,,LGW14,Woking,,34520874,
traditional,osm,Hewlett-Packard,,,US,34.082058,-84.267292,exact,,,,,,,,,,,34770750,
traditional,osm,,,,DE,53.550908,10.038227,exact,,,,,,,,,Hamburg,,34943239,
traditional,osm,Verizon Luxembourg,,Verizon,LU,49.595278,6.217416,exact,,,,,,,,,Contern,,34959860,
traditional,osm,NorthC Hamburg 1,,NorthC,DE,53.547628,10.043529,exact,,,,,,,,,Hamburg,,34990467,
traditional,osm,DC Machelen,,Datacenter United,BE,50.911627,4.42306,exact,,,,,,,,,,,35130174,
traditional,osm,Equinix SV1,,Equinix,US,37.241597,-121.783328,exact,,,,,,,,SV1,San Jose,,35491576,
traditional,osm,,,Telehouse,DE,50.096094,8.62992,exact,,,,,,,,,Frankfurt am Main,,35603471,
traditional,osm,,,Telehouse,DE,50.096806,8.630791,exact,,,,,,,,,Frankfurt am Main,,35604586,
traditional,osm,Verne Gagnaver,,Verne Global,IS,63.976988,-22.575477,exact,,,,,,,,,,,35973807,
traditional,osm,Verne Gagnaver,,Verne Global,IS,63.977851,-22.575816,exact,,,,,,,,,,,35973808,
traditional,osm,Þjóðbraut 838,,,IS,63.976224,-22.583667,exact,,,,,,,,,,,35973814,
traditional,osm,,,,US,39.294048,-84.412113,exact,,,,,,,,,,,36897140,
traditional,osm,DataPro V,,DataPro,RU,55.694999,37.434391,exact,,,,,,,,V,,,37176481,
traditional,osm,DataPro IV,,DataPro,RU,55.694116,37.433424,exact,,,,,,,,IV,Москва,,37176483,
traditional,osm,DataPro III,,DataPro,RU,55.693926,37.431637,exact,,,,,,,,III,Москва,,37176485,
traditional,osm,DataPro VI,,DataPro,RU,55.693649,37.428953,exact,,,,,,,,VI,,,37176486,
traditional,osm,Amazon Web Services,,Amazon Web Services,IE,53.293841,-6.349886,exact,,,,,,,,,,,37596447,
traditional,osm,Amazon Web Services,,Amazon Web Services,IE,53.295115,-6.351039,exact,,,,,,,,,,,37596453,
traditional,osm,Equinix Dublin DB1,,Equinix,IE,53.29162,-6.415221,exact,,,,,,,,DB1,,,37682016,
traditional,osm,Amazon Web Services,,Amazon Web Services,IE,53.295065,-6.366875,exact,,,,,,,,,,,37682585,
traditional,osm,Datacenter SNCF RESARAIL,,SNCF,FR,50.622861,3.088382,exact,,,,,,,,,,,37697561,
traditional,osm,Lumen Sunnyvale 1,,Lumen Technologies,US,37.373469,-121.9878,exact,,,,,,,,,Sunnyvale,,37877544,
traditional,osm,Pulsant Edinburgh South Gyle SC-1,,Pulsant,GB,55.929691,-3.293808,exact,,,,,,,,SC-1,Edinburgh,,37943653,
traditional,osm,Pulsant Edinburgh South Gyle SC-1,,Pulsant,GB,55.929892,-3.292671,exact,,,,,,,,SC-1,Edinburgh,,37943663,
traditional,osm,OpenColo,,,US,37.378829,-121.955926,exact,,,,,,,,,Santa Clara,,37947313,
traditional,osm,Equinix Santa Clara SV2,,Equinix,US,37.37847,-121.954984,exact,,,,,,,,SV2,Santa Clara,,37947314,
traditional,osm,Layer42 Santa Clara,,Layer42,US,37.378037,-121.954128,exact,,,,,,,,,,,37947315,
traditional,osm,IMAQLIQ Data Center,,,RU,59.898375,30.399183,exact,,,,,,,,,Санкт-Петербург,,38023264,
traditional,osm,LDeX 1,,LDeX Group,GB,51.568191,-0.230852,exact,,,,,,,,,,,38242832,
traditional,osm,Pure DC London Brent Cross,,Pure DC,GB,51.570623,-0.237188,exact,,,,,,,,LON01,,,38246899,
traditional,osm,Digital Realty Silicon Valley SJC34,,Digital Realty,US,37.372408,-121.973647,exact,,,,,,,,,,,38305431,
traditional,osm,Csquare SFO1,,Csquare,US,37.371471,-121.969683,exact,,,,,,,,,Santa Clara,,38305568,
traditional,osm,,,Vantage,US,37.373308,-121.972778,exact,,,,,,,,,,,38305611,
traditional,osm,OVHcloud Roubaix - RBX1,,OVHcloud,FR,50.692697,3.200121,exact,,,,,,,,,,,38354559,
traditional,osm,Experian,,,GB,52.879623,-1.144963,exact,,,,,,,,,Nottingham,,38575403,
traditional,osm,,,,DE,50.192918,8.591749,exact,,,,,,,,,,,38754135,
traditional,osm,Kyndryl Data Center,,Kyndryl Deutschland GmbH,DE,50.192531,8.592288,exact,,,,,,,,,Oberursel (Taunus),,38754141,
traditional,osm,Strategic Datasphere,,,US,34.094813,-84.235724,exact,,,,,,,,,Alpharetta,,39083541,
traditional,osm,Flexential Atlanta - Alpharetta Data Center,,Flexential,US,34.086986,-84.251818,exact,,,,,,,,,Alpharetta,,39083797,
traditional,osm,Secure Data Center,,,US,34.093706,-84.250878,exact,,,,,,,,,,,39083830,
traditional,osm,Rechenzentrum Albis,,Organisation und Informatik der Stadt Zürich,CH,47.377533,8.494883,exact,,,,,,,,,Zürich,,39606866,
traditional,osm,,,,DE,48.208466,11.658341,exact,,,,,,,,,,,39775468,
traditional,osm,Cologix Santa Clara SV1 Data Center,,Cologix,US,37.365402,-121.961673,exact,,,,,,,,SV1,,,40608200,
traditional,osm,Keel Infrastructure,,,CA,45.392644,-71.930889,exact,,,,,,,,,,,40940603,
traditional,osm,Old Main,,Clarkson University,US,44.668107,-74.980582,exact,,,,,,,,,,,42000820,
traditional,osm,Data4 Campus Paris Saclay,,Data4,FR,48.649749,2.229094,exact,,,,,,,,Paris Marcoussis PAR1,,,42016630,
traditional,osm,,,,DE,50.098802,8.633012,exact,,,,,,,,,Frankfurt am Main,,42311840,
traditional,osm,Netrality Data Centers,,,US,38.629262,-90.197175,exact,,,,,,,,,Saint Louis,,42323063,
traditional,osm,,,IP-Only,SE,58.397922,15.554728,exact,,,,,,,,,,,42343463,
traditional,osm,Equinix PA3,,Equinix,FR,48.927139,2.350346,exact,,,,,,,,PA3,Saint-Denis,,42742505,
traditional,osm,Quiri,,Cogent,FR,48.600466,7.744225,exact,,,,,,,,,,,43013791,
traditional,osm,GLB2,,green.ch,CH,47.432705,8.558652,exact,,,,,,,,,Glattbrugg,,43916956,
traditional,osm,Digital Realty ZUR1,,Digital Realty,CH,47.432685,8.557284,exact,,,,,,,,ZUR1,Glattbrugg,,43916978,
traditional,osm,noris network NBG6 BA1,,noris network AG,DE,49.410492,11.132353,exact,,,,,,,,,Nürnberg,,44065956,
traditional,osm,Stellanor London North,,Stellanor Data Centers,GB,51.528979,-0.100095,exact,,,,,,,,,London,,44107140,
traditional,osm,Morgan Stanley Data Centre,,Morgan Stanley,GB,51.466624,-0.396383,exact,,,,,,,,,Hounslow,,44610344,
traditional,osm,Equinix LD9,,Equinix,GB,51.531431,-0.255888,exact,,,,,,,,LD9,,,45131691,
traditional,osm,Interoute Strasbourg,,Interoute,FR,48.593266,7.795121,exact,,,,,,,,,,,45423103,
traditional,osm,,,Verizon,US,44.991442,-93.28034,exact,,,,,,,,,Minneapolis,,45448535,
traditional,osm,,,,US,38.803434,-77.510582,exact,,,,,,,,,,NOVEC (co-op),45583050,
traditional,osm,Amazon IAD11,,Amazon Web Services,US,38.790495,-77.54111,exact,,,,,,,,Amazon IAD11,Manassas,NOVEC (co-op),45776978,
traditional,osm,Amazon IAD24,,Amazon Web Services,US,38.790346,-77.54001,exact,,,,,,,,IAD24,Manassas,NOVEC (co-op),45776979,
traditional,osm,Amazon IAD7,,Amazon Web Services,US,38.791199,-77.538266,exact,,,,,,,,Amazon IAD-7,Manassas,NOVEC (co-op),45776988,
traditional,osm,Data Center Aruba IT2,,Aruba s.p.a.,IT,43.47683,11.850161,exact,,,,,,,,,Arezzo,,45840658,
traditional,osm,CyrusOne CIN2,,CyrusOne,US,39.102694,-84.5179,exact,,,,,,,,CIN2,Cincinnati,,46128119,
traditional,osm,VA 4,,Digital Realty,US,38.778061,-77.594905,exact,,,,,,,,,Bristow,NOVEC (co-op),46831933,
traditional,osm,Amazon Web Services DUB10/50/51,,Amazon Web Services,IE,53.400432,-6.22049,exact,,,,,,,,DUB10/50/51,,,47923380,
traditional,osm,,,,IE,53.401717,-6.226371,exact,,,,,,,,,,,47924345,
traditional,osm,,,,IE,53.401422,-6.22551,exact,,,,,,,,,,,47924347,
traditional,osm,Amazon Web Services,,Amazon Web Services,IE,53.402397,-6.219813,exact,,,,,,,,,,,47924356,
traditional,osm,Digital Realty FRA4,,Digital Realty,DE,50.118973,8.735045,exact,,,,,,,,,Frankfurt am Main,,48013134,
traditional,osm,Digital Realty FRA6,,Digital Realty,DE,50.119929,8.735434,exact,,,,,,,,,Frankfurt am Main,,48013154,
traditional,osm,Digital Realty FRA2,,Digital Realty,DE,50.120276,8.735774,exact,,,,,,,,,Frankfurt am Main,,48013155,
traditional,osm,,,,DE,50.120607,8.736685,exact,,,,,,,,,Frankfurt am Main,,48013156,
traditional,osm,,,,DE,50.119442,8.736531,exact,,,,,,,,,,,48017514,
traditional,osm,Digital Realty FRA3,,Digital Realty,DE,50.119289,8.73616,exact,,,,,,,,,Frankfurt am Main,,48017518,
traditional,osm,iNTERWERK Rechenzentrum,,,DE,50.122509,8.745159,exact,,,,,,,,,,,48018740,
traditional,osm,Interwerk Rechenzentrum,,Interwerk,DE,50.122614,8.744776,exact,,,,,,,,,Frankfurt am Main,,48018741,
traditional,osm,Datadock,,,FR,48.568658,7.78248,exact,,,,,,,,,,,48199846,
traditional,osm,Amazon IAD10,,Amazon Web Services,US,39.021675,-77.432973,exact,,,,,,,,IAD10,Sterling,Dominion (VEPCO),48242814,
traditional,osm,Amazon IAD32,,Amazon Web Services,US,39.021569,-77.434794,exact,,,,,,,,IAD32,Sterling,Dominion (VEPCO),48242816,
traditional,osm,Rostelecom Moscow-V,,Rostelecom,RU,55.886181,37.628516,exact,,,,,,,,Moscow-V,Москва,,48910297,
traditional,osm,B4,,Air France,FR,43.627,7.032541,exact,,,,,,,,,,,49261097,
traditional,osm,,,Bouygues Télécom,FR,48.902215,2.193173,exact,,,,,,,,,,,49292264,
traditional,osm,,,Bouygues Télécom,FR,48.902556,2.192913,exact,,,,,,,,,,,49292266,
traditional,osm,DC Stodůlky,,O2 Czech Republic a.s.,CZ,50.049557,14.330784,exact,,,,,,,,,,,49548520,
traditional,osm,Pulsant Maidenhead,,Pulsant,GB,51.500315,-0.708252,exact,,,,,,,,,Maidenhead,,49602062,
traditional,osm,Pulsant Maidenhead,,Pulsant,GB,51.499694,-0.708399,exact,,,,,,,,,Maidenhead,,49602063,
traditional,osm,TTC TELEPORT - DC2,,,CZ,50.080469,14.521443,exact,,,,,,,,,,,49870693,
traditional,osm,DC Vega,,,CZ,50.125656,14.485813,exact,,,,,,,,,,,50110392,
traditional,osm,Green DataCenter Eolas,,Orange Business,FR,45.168499,5.715129,exact,,,,,,,,,Grenoble,,50210667,
traditional,osm,TransACT Telehouse,,TransACT,AU,-35.251704,149.134471,exact,,,,,,,,,,,50637197,
traditional,osm,Eir Hosting Services,,Eir,IE,53.295354,-6.415998,exact,,,,,,,,,Citywest,,51335423,
traditional,osm,Amazon DUB-2,,Amazon Web Services,IE,53.291533,-6.416345,exact,,,,,,,,DUB2,Citywest,,51336797,
traditional,osm,TelemaxX IPC1,,TelemaxX Telekommunikation GmbH,DE,49.013492,8.347257,exact,,,,,,,,,Karlsruhe,,51763539,
traditional,osm,NTT RagingWire DC - Hillsboro,,NTT,US,45.54968,-122.937387,exact,,,,,,,,HI1,Hillsboro,,52059176,
traditional,osm,Centersquare IAD1-B,,Centersquare,US,39.023868,-77.415209,exact,,,,,,,,IAD1-B,Sterling,Dominion (VEPCO),52094269,
traditional,osm,Centersquare IAD1-A,,Centersquare,US,39.023298,-77.413212,exact,,,,,,,,IAD1-A,Sterling,Dominion (VEPCO),52094270,
traditional,osm,Centersquare IAD1-C,,Centersquare,US,39.024754,-77.412204,exact,,,,,,,,IAD1-C,Sterling,Dominion (VEPCO),52094294,
traditional,osm,Flexential Minneapolis - Chaska,,Flexential,US,44.851612,-93.598896,exact,,,,,,,,,Chaska,,52227492,
traditional,osm,Pearl Plaza Office Building,,,US,39.74523,-104.979332,exact,,,,,,,,,Denver,,52958203,
traditional,osm,DataHarbour,,"ООО ""ДатаПорт""",RU,51.717784,39.288336,exact,,,,,,,,,,,53023722,
traditional,osm,Fujitsu Data Centre,,,GB,51.481141,0.270096,exact,,,,,,,,SDC01,,,53045250,
traditional,osm,Centrale TIM Trento Nord,,TIM,IT,46.08465,11.11508,exact,,,,,,,,,,,53189075,
traditional,osm,Rostelecom Novosibirsk,,Rostelecom,RU,55.073731,82.960441,exact,,,,,,,,,,,53454428,
traditional,osm,,,,CH,47.392958,8.499651,exact,,,,,,,,,Zürich,,54054377,
traditional,osm,Csquare SFO2,,Csquare,US,37.397572,-121.980963,exact,,,,,,,,SFO2,Santa Clara,,54119665,
traditional,osm,Csquare SFO2,,Csquare,US,37.398638,-121.981156,exact,,,,,,,,SFO2,Santa Clara,,54119667,
traditional,osm,QTS Santa Clara 1,,Quality Technology Services,US,37.393986,-121.978321,exact,,,,,,,,,Santa Clara,,54121151,
traditional,osm,CoreSite SV3,,CoreSite,US,37.375158,-121.971714,exact,,,,,,,,SV3,Santa Clara,,54173383,
traditional,osm,CoreSite SV6,,CoreSite,US,37.376302,-121.972084,exact,,,,,,,,SV6,,,54173753,
traditional,osm,CoreSite SV8,,CoreSite,US,37.377383,-121.97184,exact,,,,,,,,SV8,,,54173755,
traditional,osm,DARZ - Darmstädter Rechenzentrum,,,DE,49.876894,8.642682,exact,,,,,,,,,,,54244323,
traditional,osm,CoreSite SV5,,CoreSite,US,37.375196,-121.970689,exact,,,,,,,,SV5,,,54383196,
traditional,osm,CoreSite SV9,,CoreSite,US,37.375555,-121.969605,exact,,,,,,,,SV9,,,54383197,
traditional,osm,,,,DE,51.520458,7.488183,exact,,,,,,,,,Dortmund,,54821769,
traditional,osm,Edgeconnex Toronto,,EdgeConneX,CA,43.809286,-79.342588,exact,,,,,,,,,North York,,55462937,
traditional,osm,Redcentric Byfleet,,Redcentric,GB,51.347565,-0.479947,exact,,,,,,,,,,,55873731,
traditional,osm,,,Мегафон,RU,54.958742,82.82898,exact,,,,,,,,,,,56245264,
traditional,osm,Digital Realty Toronto YYZ10,,,CA,43.838316,-79.323474,exact,,,,,,,,YYZ10,Markham,,56863431,
traditional,osm,,,,NL,52.299959,4.942931,exact,,,,,,,,AM1,Amsterdam,,57852902,
traditional,osm,,,,NL,52.303832,4.939281,exact,,,,,,,,,,,57853387,
traditional,osm,,,,NL,52.300563,4.942457,exact,,,,,,,,AM2,Amsterdam,,57853463,
traditional,osm,,,,NL,52.396324,4.851097,exact,,,,,,,,,,,57864798,
traditional,osm,,,,NL,52.396654,4.838685,exact,,,,,,,,,Amsterdam,,57865369,
traditional,osm,,,,NL,52.397041,4.839006,exact,,,,,,,,,Amsterdam,,57866665,
traditional,osm,nLighten Leeds,,nLighten,GB,53.699316,-1.397674,exact,,,,,,,,LBA1,,,57977045,
traditional,osm,Urbacon Data Centre,,,CA,43.740701,-79.620904,exact,,,,,,,,,,,58361249,
traditional,osm,,,Bouygues Télécom,FR,48.633604,7.769247,exact,,,,,,,,,,,58495009,
traditional,osm,QTS Santa Clara 2,,Quality Technology Services,US,37.392731,-121.978428,exact,,,,,,,,,,,58708529,
traditional,osm,Lunar 1&2,,Lunar Digital,GB,53.464492,-2.247531,exact,,,,,,,,,Manchester,,59191365,
traditional,osm,,,Telia,LT,54.687021,25.417512,exact,,,,,,,,,Vilnius,,59203756,
traditional,osm,Compass,,Compass,CA,43.601622,-79.528969,exact,,,,,,,,,,,59244466,
traditional,osm,STACK NVA01A - Northern Virginia,,Stack Infrastructure,US,39.004693,-77.44174,exact,,,,,,,,NVA01A,,Dominion (VEPCO),59294476,
traditional,osm,Netcetera,,,IM,54.089916,-4.629736,exact,,,,,,,,,Ballasalla,,59540985,
traditional,osm,Domicilium,,Domicilium,IM,54.087223,-4.641019,exact,,,,,,,,,Ballasalla,,59541005,
traditional,osm,Iron Mountain,,Iron Mountain,AU,-35.387632,149.170102,exact,,,,,,,,,,,59807454,
traditional,osm,CDC Hume Datacentre 2,,CDC,AU,-35.389021,149.167866,exact,,,,,,,,H2,,,59807473,
traditional,osm,Equinix Milan ML3,,Equinix,IT,45.354057,9.147332,exact,,,,,,,,,,,59973122,
traditional,osm,,,Fingerprint Technologies,FR,45.048619,5.086362,exact,,,,,,,,,,,61091773,
traditional,osm,Edinburgh SC-2,,Pulsant,GB,55.925724,-3.296223,exact,,,,,,,,SC-2,Edinburgh,,61123230,
traditional,osm,Orange Lyon Lumière - Centrale,,,FR,45.755101,4.863721,exact,,,,,,,,,,,62340941,
traditional,osm,Datacenter Société Generale,,Société Generale,FR,48.646336,2.498746,exact,,,,,,,,,,,62777045,
traditional,osm,O2Switch DC2,,O2Switch,FR,45.756636,3.134739,exact,,,,,,,,,,,62840519,
traditional,osm,Datacenter Groupe Casino,,Groupe Casino,FR,45.440615,4.40043,exact,,,,,,,,,,,63259490,
traditional,osm,Minnesota Gateway Data Center,,,US,44.971288,-93.254697,exact,,,,,,,,,Minneapolis,,63619642,
traditional,osm,,,Bouygues Télécom,FR,43.655073,7.147171,exact,,,,,,,,,,,63868212,
traditional,osm,Interxion PAR3,,Digital Realty,FR,48.914728,2.36239,exact,,,,,,,,,Saint-Denis,,63979423,
traditional,osm,Pulsant Reading East,,Pulsant,GB,51.456928,-0.941415,exact,,,,,,,,,Reading,,63983065,
traditional,osm,Interxion PAR5,,Digital Realty,FR,48.914184,2.362375,exact,,,,,,,,,Saint-Denis,,63983178,
traditional,osm,Datacenter Vega,,Natixis,FR,48.844726,2.804027,exact,,,,,,,,VEGA,,,63996094,
traditional,osm,ETIX Toulouse #1,,ETIX,FR,43.62534,1.487166,exact,,,,,,,,,,,64108260,
traditional,osm,,,,FR,49.438152,1.0973,exact,,,,,,,,,,,64201452,
traditional,osm,Cogent Rouen,,Cogent,FR,49.429072,1.075968,exact,,,,,,,,,,,65043676,
traditional,osm,Sartera,,,FR,47.996776,0.228472,exact,,,,,,,,,,,65551099,
traditional,osm,Datacenter IBO,,IBO,FR,45.784101,3.130834,exact,,,,,,,,,,,66670655,
traditional,osm,Datacenter IBM,,IBM,FR,45.807719,3.142387,exact,,,,,,,,,,,66911687,
traditional,osm,Rogers Data Center,,,CA,43.844291,-79.364859,exact,,,,,,,,,,,67138292,
traditional,osm,Equinix Markham TR5,,Equinix,CA,43.846849,-79.333177,exact,,,,,,,,TR5,,,67138303,
traditional,osm,Hôtel des Telecoms,,,FR,43.542672,1.509726,exact,,,,,,,,,Labège,,67893730,
traditional,osm,Eir Data Centre,,Eir,IE,53.400094,-6.216808,exact,,,,,,,,,,,68337029,
traditional,osm,Verizon Data Centre,,Verizon,IE,53.407345,-6.222629,exact,,,,,,,,,,,68337058,
traditional,osm,Vodafone Data Centre,,Vodafone,IE,53.40788,-6.222544,exact,,,,,,,,,,,68337079,
traditional,osm,Amazon Web Services,,Amazon Web Services,IE,53.405982,-6.225916,exact,,,,,,,,,,,68337136,
traditional,osm,Marseille Nedelec,,Orange,FR,43.302927,5.377224,exact,,,,,,,,,,,68937644,
traditional,osm,Digital Realty MRS1,,Digital Realty,FR,43.311016,5.373913,exact,,,,,,,,MRS1,,,68940404,
traditional,osm,Marseille St-Mauront,,Orange,FR,43.315149,5.374045,exact,,,,,,,,,,,68947782,
traditional,osm,Cork Internet Exchange (CIX),,Cork Internet Exchange (CIX),IE,51.903627,-8.512474,exact,,,,,,,,,Cork,,68996550,
traditional,osm,,,Bouygues Télécom,FR,47.436324,0.7033,exact,,,,,,,,,,,69380828,
traditional,osm,Groupe ADISTA,,ADISTA,FR,47.436023,0.695418,exact,,,,,,,,,Tours,,69382833,
traditional,osm,,,Bouygues Télécom,FR,49.381819,1.035146,exact,,,,,,,,,,,69428487,
traditional,osm,Free Pro - Datacenter Marseille (MAR02),,Free Pro (Ex. Jaguar Network - DCForData),FR,43.361203,5.33793,exact,,,,,,,,MAR02,,,69633445,
traditional,osm,IBM Building,,,US,42.649353,-73.752745,exact,,,,,,,,,Albany,,69827429,
traditional,osm,Datacenter Bouygues Télécom,,Bouygues Télécom,FR,48.776999,2.241927,exact,,,,,,,,,,,70206291,
traditional,osm,Datacenter Bouygues Télécom,,Bouygues Télécom,FR,48.776735,2.241944,exact,,,,,,,,,,,70207931,
traditional,osm,Datacenter Bouygues Télécom,,Bouygues Télécom,FR,48.769207,2.227568,exact,,,,,,,,,,,70456520,
traditional,osm,Rostelecom Ekaterinburg,,Rostelecom,RU,56.925235,60.610052,exact,,,,,,,,,Екатеринбург,,70659008,
traditional,osm,,,,FR,45.155331,5.740756,exact,,,,,,,,,,,70894641,
traditional,osm,WEDOS DC 1 Masarykova,,,CZ,49.052423,14.434692,exact,,,,,,,,,,,71054828,
traditional,osm,,,Verizon Wireless,US,42.326288,-83.076977,exact,,,,,,,,DTRT.PP2,Detroit,,71187940,
traditional,osm,Equinix,,Equinix,DE,53.64453,9.975203,exact,,,,,,,,HH1,Hamburg,,72016873,
traditional,osm,Orange - Aubervilliers,,Orange,FR,48.909318,2.394633,exact,,,,,,,,,,,72995274,
traditional,osm,Digital Realty Paris PAR5,,Digital Realty,FR,48.904265,2.371047,exact,,,,,,,,PAR5,Aubervilliers,,72996440,
traditional,osm,Datacenter Completel,,Completel,FR,48.910148,2.395234,exact,,,,,,,,,,,72996473,
traditional,osm,Datacenter Atos,,Atos,FR,48.909537,2.397167,exact,,,,,,,,,,,73003053,
traditional,osm,Datacenter Atos,,Atos,FR,48.909166,2.396911,exact,,,,,,,,,,,73005029,
traditional,osm,Interxion PAR2 - Bâtiment 501,,Digital Realty,FR,48.907206,2.369539,exact,,,,,,,,,Aubervilliers,,73005728,
traditional,osm,Equinix PA5,,Equinix,FR,48.905293,2.369791,exact,,,,,,,,PA5,Aubervilliers,,73007043,
traditional,osm,Equinix PA6,,Equinix,FR,48.910188,2.36823,exact,,,,,,,,PA6,,,73008524,
traditional,osm,Equinix PA4,,Equinix,FR,48.900328,2.422028,exact,,,,,,,,PA4,Pantin,,73120395,
traditional,osm,SFR,,SFR,FR,49.253173,1.177535,exact,,,,,,,,,,,73131890,
traditional,osm,Datacenter BNP,,BNP Paribas,FR,49.265222,1.221542,exact,,,,,,,,,,,73137489,
traditional,osm,Global Switch,,Global Switch,FR,48.900185,2.295322,exact,,,,,,,,,,,74475616,
traditional,osm,Digital Realty Toronto YYZ11,,Digital Realty,CA,43.778949,-79.540643,exact,,,,,,,,YYZ11,,,74658241,
traditional,osm,Telekom-Tower,,A1 / Telekom Austria,AT,47.066252,15.430343,exact,,,,,,,,,Graz,,74662577,
traditional,osm,Oscar,,Air France,FR,43.593422,1.370482,exact,,,,,,,,,,,74704589,
traditional,osm,Zayo Montpellier,,Zayo,FR,43.584662,3.871956,exact,,,,,,,,,,,75757106,
traditional,osm,,,SFR,FR,43.583151,3.870707,exact,,,,,,,,,,,75758209,
traditional,osm,Cogent Montpellier,,Cogent,FR,43.600915,3.862654,exact,,,,,,,,,,,75759038,
traditional,osm,,,,FR,43.619288,3.909096,exact,,,,,,,,,,,76181813,
traditional,osm,Cogent Toulouse,,Cogent,FR,43.620328,1.422554,exact,,,,,,,,,,,76296417,
traditional,osm,,,Bouygues Télécom,FR,43.634364,1.474935,exact,,,,,,,,,,,76322800,
traditional,osm,ETIX Toulouse #2,,ETIX,FR,43.619888,1.421353,exact,,,,,,,,,Toulouse,,76329433,
traditional,osm,OPCORE DC1,,OPCORE,FR,48.925384,2.223665,exact,,,,,,,,,,,76727775,
traditional,osm,,,,DE,51.929857,10.431754,exact,,,,,,,,,,,76884301,
traditional,osm,Canberra 1,,NextDC,AU,-35.245322,149.096239,exact,,,,,,,,C1,,,77626243,
traditional,osm,,,University of New Hampshire,US,43.14362,-70.952447,exact,,,,,,,,,,,79056848,
traditional,osm,Colt Paris 3,,Colt,FR,48.674746,2.197167,exact,,,,,,,,,Les Ulis,,79145624,
traditional,osm,VA3,,Digital Realty,US,38.948494,-77.327307,exact,,,,,,,,VA3,Reston,,79158387,
traditional,osm,IAD1,,Evocative,US,38.948812,-77.329414,exact,,,,,,,,IAD1,Reston,Dominion (VEPCO),79159494,
traditional,osm,Quadrivium QGEN01,,Quadrivium Digital,IT,44.401262,8.982696,exact,,,,,,,,,,,79191279,
traditional,osm,CoreSite Reston Campus VA1,,CoreSite,US,38.950606,-77.36455,exact,,,,,,,,,Reston,Dominion (VEPCO),79298926,
traditional,osm,CoreSite Reston VA3,,CoreSite,US,38.948334,-77.37243,exact,,,,,,,,,Reston,Dominion (VEPCO),79818498,
traditional,osm,,,SNCF,FR,45.724285,4.816492,exact,,,,,,,,,,,79891578,
traditional,osm,OVHcloud Roubaix - RBX6,,OVHcloud,FR,50.691711,3.199678,exact,,,,,,,,,,,80144821,
traditional,osm,OVHcloud Roubaix - RBX5,,OVHcloud,FR,50.69255,3.199326,exact,,,,,,,,,,,80148463,
traditional,osm,OVHcloud Roubaix - RBX2,,OVHcloud,FR,50.691455,3.201572,exact,,,,,,,,,,,80150551,
traditional,osm,OVHcloud Roubaix - RBX7,,OVHcloud,FR,50.691738,3.197938,exact,,,,,,,,,,,80150630,
traditional,osm,Paris St Amand,,Orange,FR,48.835106,2.307269,exact,,,,,,,,,,,80158243,
traditional,osm,Comarch Data Center,,Comarch ICT,FR,50.614719,3.103612,exact,,,,,,,,,,,80330028,
traditional,osm,SFR Netcenter Vénissieux,,SFR,FR,45.722407,4.862913,exact,,,,,,,,,,,80469752,
traditional,osm,,,Bouygues Télécom,FR,48.096527,-1.632189,exact,,,,,,,,,,,80703263,
traditional,osm,Bulk Data Centers Oslo Internet Exchange,,,NO,59.938696,10.83547,exact,,,,,,,,,,,80871917,
traditional,osm,,,Bouygues Télécom,FR,48.916044,2.41593,exact,,,,,,,,,,,81282298,
traditional,osm,,,Bouygues Télécom,FR,48.916165,2.41547,exact,,,,,,,,,,,81283176,
traditional,osm,Equinix GV2,,Equinix,CH,46.207942,6.098156,exact,,,,,,,,GV2,Le Lignon,,81307623,
traditional,osm,Orange Eastview,,,FR,48.863388,2.416165,exact,,,,,,,,,Bagnolet,,81617496,
traditional,osm,Rackspace London Slough (LON3),,Rackspace,GB,51.520086,-0.618973,exact,,,,,,,,LON3,,,81633700,
traditional,osm,Logicalis Slough,,,GB,51.520515,-0.621565,exact,,,,,,,,,Slough,,81633882,
traditional,osm,,,Bouygues Télécom,FR,50.613533,3.021997,exact,,,,,,,,,,,81708992,
traditional,osm,Oxya Datacenter,,,FR,50.616787,3.022294,exact,,,,,,,,,,,81727062,
traditional,osm,SFR Netcenter Rennes,,SFR,FR,48.109896,-1.613544,exact,,,,,,,,,,,81784724,
traditional,osm,Datacenter IBM - Grabels,,IBM,FR,43.642689,3.82989,exact,,,,,,,,,,,82894448,
traditional,osm,BT Blue,,,FR,48.100667,-1.40395,exact,,,,,,,,,,,82943291,
traditional,osm,Albiréo,,Albiant IT,FR,43.564786,2.267889,exact,,,,,,,,Saphir,,,83087845,
traditional,osm,,,Allianz,FR,48.795358,1.952495,exact,,,,,,,,,,,83651931,
traditional,osm,Datacenter Colt,,Colt,FR,48.81585,2.302863,exact,,,,,,,,,,,83795984,
traditional,osm,,,Bouygues Télécom,FR,45.684189,4.945124,exact,,,,,,,,,,,83943560,
traditional,osm,,,Bouygues Télécom,FR,45.684499,4.945092,exact,,,,,,,,,,,83944350,
traditional,osm,,,,DE,50.478519,12.337319,exact,,,,,,,,,,,84268716,
traditional,osm,Euclyde DC5,,Euclyde,FR,45.772485,4.871535,exact,,,,,,,,,,,84607738,
traditional,osm,,,SFR,FR,47.196666,-1.560672,exact,,,,,,,,,,,84699719,
traditional,osm,ETIX Nantes #3,,ETIX,FR,47.238125,-1.667616,exact,,,,,,,,,,,84917665,
traditional,osm,Cogent Lille,,Cogent,FR,50.637671,3.090406,exact,,,,,,,,,,,84942310,
traditional,osm,Alphacloud Datacenter,,Infrabel NV,BE,51.018159,4.496853,exact,,,,,,,,,,,85508743,
traditional,osm,Avalon 3,,Retelit,IT,45.448137,9.12062,exact,,,,,,,,,,,86005985,
traditional,osm,Equinix FR7,,Equinix,DE,50.09735,8.643191,exact,,,,,,,,,,,86258178,
traditional,osm,Equinix FR7,,Equinix,DE,50.097419,8.644312,exact,,,,,,,,,,,86258184,
traditional,osm,I.T.E.N.O.S. Frankfurt - B,,,DE,50.099626,8.631672,exact,,,,,,,,,Frankfurt am Main,,86339088,
traditional,osm,Equinix LD5,,Equinix,GB,51.522001,-0.629225,exact,,,,,,,,LD5,Slough,,86528807,
traditional,osm,,,servinga GmbH,DE,50.104428,8.619898,exact,,,,,,,,,,,86652477,
traditional,osm,,,FirstLight,US,43.076129,-70.80804,exact,,,,,,,,,Portsmouth,,87058670,
traditional,osm,ITSMZ,,,DE,53.888339,11.446746,exact,,,,,,,,26,Wismar,,87367948,
traditional,osm,,,Bouygues Télécom,FR,46.611832,0.336344,exact,,,,,,,,,,,87682410,
traditional,osm,,,,GB,52.556204,-0.262759,exact,,,,,,,,,,,87850427,
traditional,osm,,,,GB,52.55587,-0.263938,exact,,,,,,,,,,,87850564,
traditional,osm,,,,GB,52.556281,-0.264072,exact,,,,,,,,,,,87850741,
traditional,osm,Data center,,Ikoula Net SAS,FR,49.233679,4.034522,exact,,,,,,,,,,,88239907,
traditional,osm,,,,DE,51.883952,8.447532,exact,,,,,,,,,,,88425865,
traditional,osm,TAS Group,,TAS Group,FR,43.626882,7.051658,exact,,,,,,,,,,,88505134,
traditional,osm,,,Bouygues Telecom,FR,43.48775,5.35748,exact,,,,,,,,,,,88763366,
traditional,osm,TDF ProxiCenter Aix Marseille,,TDF,FR,43.460597,5.324373,exact,,,,,,,,,Aix-en-Provence,,88765054,
traditional,osm,,,,DE,50.128504,8.602599,exact,,,,,,,,,Frankfurt am Main,,88875243,
traditional,osm,NTT,,NTT,DE,50.130126,8.601108,exact,,,,,,,,,,,88875247,
traditional,osm,,,,DE,50.127931,8.604916,exact,,,,,,,,,Frankfurt am Main,,88875268,
traditional,osm,NTT,,NTT,DE,50.128933,8.600325,exact,,,,,,,,,,,88875270,
traditional,osm,NTT,,NTT,DE,50.129549,8.60092,exact,,,,,,,,,,,88875303,
traditional,osm,NTT,,NTT,DE,50.128805,8.60126,exact,,,,,,,,,,,88875337,
traditional,osm,,,,DE,50.129128,8.59814,exact,,,,,,,,,Frankfurt am Main,,88875362,
traditional,osm,Datacenter Mutualisé Lorrain,,CNRS,FR,48.655969,6.150556,exact,,,,,,,,,,,89056684,
traditional,osm,Insurance Exchange Building,,,US,39.745572,-104.995691,exact,,,,,,,,,Denver,,89784186,
traditional,osm,Microsoft Datacenter,,Microsoft,NL,52.777463,5.030272,exact,,,,,,,,,,,90326566,
traditional,osm,Restore Records Management,,,GB,51.198908,-0.16426,exact,,,,,,,,,,,90550466,
traditional,osm,Datacenter IBM,,IBM,FR,45.836133,3.13776,exact,,,,,,,,,,,91286607,
traditional,osm,Datacenter IBM,,IBM,FR,45.836394,3.137801,exact,,,,,,,,,,,91288538,
traditional,osm,DC Free,,Illiad,FR,45.833225,3.137036,exact,,,,,,,,,,,91290220,
traditional,osm,,,Polkomtel,PL,52.119348,21.015707,exact,,,,,,,,,Warszawa,,93062990,
traditional,osm,Lincoln Rackhouse Maryland,,Lincoln Rackhouse,US,39.058608,-76.964467,exact,,,,,,,,,Silver Spring,,93210344,
traditional,osm,Redcentric Reading,,Redcentric,GB,51.420679,-0.975228,exact,,,,,,,,,Reading,,93845197,
traditional,osm,Actis Data Center,,Actis,CL,-33.812057,-70.748865,exact,,,,,,,,,,,94462720,
traditional,osm,CyrusOne Cincinnati-Lebanon,,,US,39.38897,-84.221853,exact,,,,,,,,,,,95349317,
traditional,osm,,,Bouygues Télécom,FR,49.270291,3.995071,exact,,,,,,,,,,,95431893,
traditional,osm,Rogers Calgary Data Centre 2,,,CA,51.04387,-114.09216,exact,,,,,,,,Calgary_DC2,Calgary,,95770024,
traditional,osm,Equinix NY7 Data Center,,Equinix,US,40.796863,-74.03114,exact,,,,,,,,NY7,North Bergen,,95782052,
traditional,osm,Pulsant,,,GB,51.444881,-0.975899,exact,,,,,,,,,Reading,,96173979,
traditional,osm,Equinix Data Center HE6,,Equinix,FI,60.203124,24.77853,exact,,,,,,,,HE6,Espoo,,96258618,
traditional,osm,Interoute Marseille,,Interoute,FR,43.342793,5.367846,exact,,,,,,,,,,,97768560,
traditional,osm,Verizon Marseille,,Verizon,FR,43.339276,5.366733,exact,,,,,,,,,,,97770086,
traditional,osm,Colt London North Data Centre,,Colt,GB,51.799948,-0.183556,exact,,,,,,,,,Welwyn Garden City,,98134606,
traditional,osm,Edificio de Operaciones,,,CR,10.648338,-85.652585,exact,,,,,,,,,,,98627758,
traditional,osm,Equinix FR8.1,,Equinix,DE,50.098523,8.585937,exact,,,,,,,,,Frankfurt am Main,,98916098,
traditional,osm,Equinix SV4,,Equinix,US,37.414511,-122.014556,exact,,,,,,,,SV4,Sunnyvale,,99813512,
traditional,osm,Verizon - Bloomington Network,,Verizon,US,44.807211,-93.375385,exact,,,,,,,,,Bloomington,,99861735,
traditional,osm,DigiCo SYD1,,DigiCo,AU,-33.875602,151.197698,exact,,,,,,,,SYD1,,,100109132,
traditional,osm,Stellanor London East,,Stellanor Data Centers,GB,51.513946,-0.072474,exact,,,,,,,,,London,,100299967,
traditional,osm,Datacenter des Douanes,,Direction des douanes,FR,49.054156,2.066814,exact,,,,,,,,,,,101166171,
traditional,osm,H5 Data Centers San Antonio,,H5 Data Centers,US,29.429371,-98.486906,exact,,,,,,,,,San Antonio,,102129663,
traditional,osm,OPCORE DC6-2,,OPCORE,FR,49.030152,2.120141,exact,,,,,,,,,,,102446449,
traditional,osm,OPCORE DC5,,OPCORE,FR,49.053765,2.137898,exact,,,,,,,,,,,102449117,
traditional,osm,OPCORE DC6-5,,OPCORE,FR,49.026492,2.126054,exact,,,,,,,,,,,102453250,
traditional,osm,OPCORE DC6-6,,OPCORE,FR,49.028736,2.125192,exact,,,,,,,,,,,102453433,
traditional,osm,OPCORE DC6-3,,OPCORE,FR,49.028937,2.123852,exact,,,,,,,,,,,102465235,
traditional,osm,OPCORE DC6-6,,OPCORE,FR,49.028016,2.126578,exact,,,,,,,,,,,102467679,
traditional,osm,,,Magyar Telekom,HU,47.44207,18.972782,exact,,,,,,,,Budaörs DC,,,103166277,
traditional,osm,Marysville Place,,,CA,45.978243,-66.58879,exact,,,,,,,,,,,103363234,
traditional,osm,Visual Online,,,LU,49.595066,6.223383,exact,,,,,,,,,Contern,,103443262,
traditional,osm,Datum Datacentres (MCR2),,,GB,53.378636,-2.258518,exact,,,,,,,,,,,103482135,
traditional,osm,Green Datacenter Zurich City (Schlieren),,Green Datacenter AG,CH,47.403602,8.437894,exact,,,,,,,,,,,103522199,
traditional,osm,Datacenter France Travail,,France Travail,FR,43.626267,3.909278,exact,,,,,,,,,,,103670545,
traditional,osm,RBS Melville Gate Data Centre,,Natwest Group,GB,55.894298,-3.086616,exact,,,,,,,,,,,103765318,
traditional,osm,Aureon,,,US,41.587993,-93.631014,exact,,,,,,,,,Des Moines,,104082694,
traditional,osm,Salle Serveurs CCCM,,,FR,45.255279,6.396585,exact,,,,,,,,,,,104544854,
traditional,osm,"Rechenzentrum PFALZKOM, DCRN I",,Pfalzkom GmbH,DE,49.426375,8.359395,exact,,,,,,,,,Mutterstadt,,105283862,
traditional,osm,Selectel Berzarina,,Selectel,RU,55.791073,37.467023,exact,,,,,,,,Berzarina,Москва,,105462159,
traditional,osm,Selectel,,,RU,59.887225,30.329131,exact,,,,,,,,,,,105594096,
traditional,osm,,,,FR,48.856633,2.492642,exact,,,,,,,,,,,105708693,
traditional,osm,Google Data Center,,Google,BE,50.467671,3.864462,exact,,,,,,,,,,,106054206,
traditional,osm,Euregiocenter,,,DE,50.790174,6.056785,exact,,,,,,,,,Aachen,,111627511,
traditional,osm,Datacenter IBM,,IBM,FR,48.83258,2.692928,exact,,,,,,,,,,,113167016,
traditional,osm,BNP Paribas Centre de Traitement Informatique (CTI) Marne Nord,,BNP Paribas,FR,48.830276,2.729466,exact,,,,,,,,,,,113172925,
traditional,osm,Euroclear,,Euroclear,FR,48.832046,2.729733,exact,,,,,,,,,,,113174337,
traditional,osm,Datacenter Sirius,,Natixis,FR,48.621372,2.553373,exact,,,,,,,,,,,113457880,
traditional,osm,Datacenter Bouygues Télécom,,Bouygues Telecom,FR,48.794441,2.035772,exact,,,,,,,,,,,113714402,
traditional,osm,Inexio,,,DE,49.318723,6.754363,exact,,,,,,,,,,,114126239,
traditional,osm,,,,RU,55.885466,37.514603,exact,,,,,,,,,Москва,,114275928,
traditional,osm,Telstra London Hosting Centre,,Telstra International,GB,51.494542,-0.018876,exact,,,,,,,,,London,,115238481,
traditional,osm,London Stock Exchange datacenter,,,GB,51.495928,-0.018308,exact,,,,,,,,,London,,115238482,
traditional,osm,BNP Paribas Marne Sud,,BNP Paribas,FR,48.817211,2.642485,exact,,,,,,,,,,,115416148,
traditional,osm,Datacenter Oxya,,Oxya,FR,48.829258,2.587334,exact,,,,,,,,,,,115424116,
traditional,osm,,,,DE,52.148947,11.638059,exact,,,,,,,,,,,115774245,
traditional,osm,,,,DE,52.148857,11.637336,exact,,,,,,,,,,,115774259,
traditional,osm,,,,US,35.588108,-81.262575,exact,,,,,,,,,,,116005354,
traditional,osm,Sungard AS IT,,Sungard AS,FR,48.837167,2.641014,exact,,,,,,,,,,,116113997,
traditional,osm,Euclyde DC6,,Euclyde,FR,48.839208,2.630633,exact,,,,,,,,,,,116116518,
traditional,osm,Sungard AS IT,,Sungard AS,FR,48.836979,2.641907,exact,,,,,,,,,,,116118031,
traditional,osm,,,nLighten France,FR,48.83977,2.628624,exact,,,,,,,,,,,116118217,
traditional,osm,Datacenter Banque de France,,Banque de France,FR,48.841393,2.624573,exact,,,,,,,,,,,116137046,
traditional,osm,Datacenter Banque de France,,Banque de France,FR,48.839061,2.787879,exact,,,,,,,,,,,116195927,
traditional,osm,Reynoldston Cable Landing Station,,Cable & Wireless,GB,51.579362,-4.17521,exact,,,,,,,,,,,117581892,
traditional,osm,Brean Cable Landing Station,,Cable & Wireless,GB,51.28604,-3.013194,exact,,,,,,,,,,,117662106,
traditional,osm,Datacenter,,SOCIETE TECHNOLOGIE EXPLOITATION INFORMATIQUE,FR,48.76548,2.057094,exact,,,,,,,,,,,117845346,
traditional,osm,NextDC A1,,NextDC,AU,-34.925693,138.607858,exact,,,,,,,,,,,117986093,
traditional,osm,,,"Patmos Hosting, Inc.",US,39.094468,-94.579442,exact,,,,,,,,,Kansas City,,118650988,
traditional,osm,Boreus Rechenzentrum GmbH,,,DE,54.336887,13.069058,exact,,,,,,,,,Stralsund,,118952238,
traditional,osm,,,Euroclear,FR,48.838905,2.536773,exact,,,,,,,,,,,120350699,
traditional,osm,,,,ID,-6.234564,106.826776,exact,,,,,,,,,,,120840863,
traditional,osm,,,Unix-Solutions BV,BE,50.875341,4.499385,exact,,,,,,,,,,,121785235,
traditional,osm,Cyber Tower,,,ID,-6.237877,106.823502,exact,,,,,,,,,,,122152206,
traditional,osm,Digital Realty New York HVN10,,Digital Realty,US,41.240731,-73.147267,exact,,,,,,,,HVN10,Trumbull,,122665255,
traditional,osm,NTT,,NTT,JP,31.587103,130.557668,exact,,,,,,,,,,,122666857,
traditional,osm,Lincoln Rackhouse,,,US,41.772103,-88.217082,exact,,,,,,,,,,,124088810,
traditional,osm,Datacenter ArteOne,,Artefact,FR,45.157604,1.509194,exact,,,,,,,,,,,124592519,
traditional,osm,Datacenter IBM,,IBM,FR,50.565194,3.030758,exact,,,,,,,,,Seclin,,125557451,
traditional,osm,Worldline Dassault,,Worldline,FR,50.566913,3.040285,exact,,,,,,,,,,,125563590,
traditional,osm,Cogent Dijon,,Cogent,FR,47.308827,5.03047,exact,,,,,,,,,,,126029978,
traditional,osm,SM4,,Euro Information,FR,50.677625,3.017136,exact,,,,,,,,,,,126666046,
traditional,osm,SM3,,Euro Information,FR,50.678406,3.016791,exact,,,,,,,,,,,126667399,
traditional,osm,DC Chodov,,O2 Czech Republic a.s.,CZ,50.02522,14.503452,exact,,,,,,,,,,,127931842,
traditional,osm,IBM Horsham,,IBM,GB,51.021557,-0.350469,exact,,,,,,,,,,,128487593,
traditional,osm,Digital Realty CH1,,Digital Realty,US,41.994241,-87.961935,exact,,,,,,,,CH1,Elk Grove Village,,128499684,
traditional,osm,Extension centre de calcul IN2P3,,IN2P3,FR,45.782686,4.866069,exact,,,,,,,,,,,128632388,
traditional,osm,EBRC Resilience Centre Luxembourg West,,,LU,49.648655,5.957928,exact,,,,,,,,,Windhof,,128851542,
traditional,osm,,,Bouygues Télécom,FR,47.275965,-1.549702,exact,,,,,,,,,,,129565687,
traditional,osm,Cologix TOR4,,,CA,43.850741,-79.342653,exact,,,,,,,,TOR4,Markham,,129730212,
traditional,osm,VocaLink,,,GB,53.975814,-1.569003,exact,,,,,,,,,Harrogate,,129823651,
traditional,osm,,,GasLINE,DE,50.446693,7.781563,exact,,,,,,,,,,,129919027,
traditional,osm,Dernbach 2,,GasLINE,DE,50.446745,7.780976,exact,,,,,,,,,,,129919031,
traditional,osm,,,GasLINE,DE,50.446657,7.780813,exact,,,,,,,,,,,129919032,
traditional,osm,Dernbach 3,,GasLINE,DE,50.446892,7.781175,exact,,,,,,,,,,,129919033,
traditional,osm,,,GasLINE,DE,50.446681,7.781173,exact,,,,,,,,,,,129919034,
traditional,osm,Dernbach 1,,GasLINE,DE,50.445781,7.784925,exact,,,,,,,,,,,130064180,
traditional,osm,Dernbach 1,,GasLINE,DE,50.445927,7.784915,exact,,,,,,,,,,,130064188,
traditional,osm,Dernbach 1,,GasLINE,DE,50.445864,7.784918,exact,,,,,,,,,,,130064190,
traditional,osm,Datacenter Groupama,,Groupama,FR,47.05988,2.356853,exact,,,,,,,,,,,130810461,
traditional,osm,Ark Data Centres Meridian Park,,Ark Data Centres,GB,51.619525,-0.04146,exact,,,,,,,,,London,,131474700,
traditional,osm,H5 Minneapolis,,H5,US,44.972195,-93.147473,exact,,,,,,,,,Saint Paul,,131874718,
traditional,osm,Iron Mountain Records Storage,,Iron Mountain,US,33.42038,-112.041326,exact,,,,,,,,,Phoenix,,131891022,
traditional,osm,Interactive 2 Data Centre,,Interactive,AU,-37.832457,144.935513,exact,,,,,,,,,,,132394561,
traditional,osm,Interactive 2 Data Centre,,Interactive,AU,-37.832614,144.934783,exact,,,,,,,,,,,132394564,
traditional,osm,Datacenter Bouygues Télécom,,Bouygues Telecom,FR,48.973248,2.043594,exact,,,,,,,,,,,132582436,
traditional,osm,Equinix SV8,,Equinix,US,37.445895,-122.160786,exact,,,,,,,,SV8,Palo Alto,,132746406,
traditional,osm,,,,FI,60.436554,22.257402,exact,,,,,,,,,Turku,,133732266,
traditional,osm,iomart Glasgow Data Centre,,iomart,GB,55.851135,-4.283549,exact,,,,,,,,,,,133868759,
traditional,osm,,,SFR,FR,47.224287,-1.634906,exact,,,,,,,,,,,134684836,
traditional,osm,名氣通香港2號數據中心 TGT Hong Kong Data Centre 2,,,HK,22.286716,114.274606,exact,,,,,,,,,,,134712676,
traditional,osm,,,,DK,55.668093,12.622179,exact,,,,,,,,,,,134874582,
traditional,osm,CNAF Sophia-Antipolis,,CNAF,FR,43.623347,7.038872,exact,,,,,,,,,,,134884282,
traditional,osm,Tata Communications Highbridge Datacentre,,Tata Communications,GB,51.227526,-2.963158,exact,,,,,,,,,,,134915217,
traditional,osm,HKCOLO,,,HK,22.290643,114.274595,exact,,,,,,,,,,,135187067,
traditional,osm,Albiréo,,Albiant IT,FR,43.554101,2.274706,exact,,,,,,,,Topaze,,,135461168,
traditional,osm,Telecom HUB,,,TV,-8.525601,179.193425,exact,,,,,,,,,,,136839517,
traditional,osm,Greenfield,,Crédit Agricole,FR,48.450919,1.438206,exact,,,,,,,,,,,137139149,
traditional,osm,Webaxys,,,FR,49.518415,0.350571,exact,,,,,,,,,,,137239340,
traditional,osm,,,,HR,45.817951,15.887488,exact,,,,,,,,,,,137405897,
traditional,osm,TYO3 Tokyo Data Center,,Digital Edge,JP,35.69784,139.705759,exact,,,,,,,,TYO3,,,137626386,
traditional,osm,NCSA Petascale Computing Facility,,,US,40.095259,-88.242031,exact,,,,,,,,,Champaign,,138260136,
traditional,osm,LexisNexus Springfield,,,US,39.912797,-83.723664,exact,,,,,,,,,Springfield,,138643160,
traditional,osm,Datacenter Orange,,Orange,FR,48.786577,2.218598,exact,,,,,,,,,,,138943505,
traditional,osm,OPCORE DC2,,OPCORE,FR,48.79475,2.411818,exact,,,,,,,,,Vitry-sur-Seine,,139560714,
traditional,osm,OPCORE DC3,,OPCORE,FR,48.77477,2.379269,exact,,,,,,,,,,,139560858,
traditional,osm,Datacenter Oostkamp,,Data Center United,BE,51.166658,3.236175,exact,,,,,,,,DCO,Oostkamp,,139586790,
traditional,osm,net.DE AG,,,DE,52.408814,9.727843,exact,,,,,,,,,Hannover,,139630697,
traditional,osm,Interoute Bordeaux,,Interoute,FR,44.78098,-0.537427,exact,,,,,,,,,,,139706219,
traditional,osm,Lumen,,Lumen Technologies,FR,48.982367,2.519291,exact,,,,,,,,,,,140910921,
traditional,osm,CE Colo,,CE Colo Czech s.r.o.,CZ,50.06015,14.48295,exact,,,,,,,,,Praha 10,,142366497,
traditional,osm,Google Data Center GBL1,,Google,BE,50.469213,3.865393,exact,,,,,,,,GBL1,,,143759902,
traditional,osm,Equinix FR5,,Equinix,DE,50.098801,8.632103,exact,,,,,,,,,Frankfurt am Main,,145174882,
traditional,osm,,,,DE,50.099107,8.632728,exact,,,,,,,,,Frankfurt am Main,,145174885,
traditional,osm,I.T.E.N.O.S. Frankfurt - C,,,DE,50.099414,8.63215,exact,,,,,,,,,Frankfurt am Main,,145174886,
traditional,osm,,,,DE,50.09931,8.631354,exact,,,,,,,,,,,145174932,
traditional,osm,DATA4 Paris Marcoussis PAR2,,Data4,FR,48.664295,2.208324,exact,,,,,,,,,,,146090469,
traditional,osm,,,data4,FR,48.650322,2.224952,exact,,,,,,,,DC01,,,146091115,
traditional,osm,,,data4,FR,48.650395,2.226074,exact,,,,,,,,DC04,,,146091133,
traditional,osm,,,data4,FR,48.649163,2.225914,exact,,,,,,,,DC03,,,146091136,
traditional,osm,,,data4,FR,48.64962,2.225043,exact,,,,,,,,DC02,,,146091140,
traditional,osm,S10,,,BE,51.02373,3.712263,exact,,,,,,,,,,,146194151,
traditional,osm,Equinix LS1,,Equinix,PT,38.78791,-9.123328,exact,,,,,,,,LS1,Prior Velho,,146664358,
traditional,osm,Lloyds Banking Group Copley,,,GB,53.708433,-1.884448,exact,,,,,,,,,,,147532741,
traditional,osm,京阪奈データセンター,,,JP,34.741481,135.766367,exact,,,,,,,,,,,147616071,
traditional,osm,,,,DK,55.693321,12.420408,exact,,,,,,,,,,,147737893,
traditional,osm,,,,PL,51.789526,19.507084,exact,,,,,,,,,Łódź,,148068768,
traditional,osm,DC Moeskroen,,Datacenter United,BE,50.752178,3.228764,exact,,,,,,,,,,,148845282,
traditional,osm,,,,IT,44.520342,11.359865,exact,,,,,,,,,,,149066780,
traditional,osm,Equinix Tokyo TY11,,,JP,35.639741,139.792367,exact,,,,,,,,,,,149133536,
traditional,osm,,,SFR,FR,47.295141,5.031914,exact,,,,,,,,,,,149298432,
traditional,osm,,,Bouygues Télécom,FR,47.294088,5.030962,exact,,,,,,,,,,,149301089,
traditional,osm,,,Bouygues Télécom,FR,47.293984,5.031211,exact,,,,,,,,,,,149302427,
traditional,osm,Digital Realty ORD11,,Digital Realty,US,41.874304,-87.62994,exact,,,,,,,,ORD11,Chicago,,149379943,
traditional,osm,Rostelecom Nizhny Novgorod,,Rostelecom,RU,56.339267,43.811576,exact,,,,,,,,,,,149559197,
traditional,osm,Rostelecom Nizhny Novgorod,,Rostelecom,RU,56.339609,43.81103,exact,,,,,,,,,,,149559237,
traditional,osm,O,,,BE,50.814796,4.383485,exact,,,,,,,,,,,150278436,
traditional,osm,Zayo Velizy,,Zayo,FR,48.780665,2.217041,exact,,,,,,,,,,,150378390,
traditional,osm,DC2SCALE Vélizy Latécoère,,dc2scale,FR,48.784256,2.209163,exact,,,,,,,,DC2,,,150382252,
traditional,osm,Equinix DU1,,Equinix,DE,51.219844,6.806969,exact,,,,,,,,,Düsseldorf,,150652357,
traditional,osm,Lumen,,Lumen Technologies,US,33.494309,-112.070792,exact,,,,,,,,,Phoenix,,151179323,
traditional,osm,SCB Chaengwattana Building,,,TH,13.905934,100.510336,exact,,,,,,,,,,,151883651,
traditional,osm,L3Harris Technologies Inc,,,US,33.305337,-111.67169,exact,,,,,,,,,,,152163711,
traditional,osm,AZ Labs,,,US,33.30628,-111.671722,exact,,,,,,,,,,,152163722,
traditional,osm,Serverfarm CH1,,Serverfarm,US,41.870944,-87.640141,exact,,,,,,,,CH1,Chicago,,152449872,
traditional,osm,Datenstelle der Rentenversicherung,,Deutsche Rentenversicherung Bund,DE,49.745932,9.956305,exact,,,,,,,,,Würzburg,,152579228,
traditional,osm,La Pointe 1,,Worldline,FR,50.566813,3.028383,exact,,,,,,,,,Noyelles-lès-Seclin,,153973376,
traditional,osm,SFR Netcenter Bordeaux,,SFR,FR,44.888874,-0.556539,exact,,,,,,,,,Bordeaux,,154149196,
traditional,osm,VAN3,,Cologix,CA,49.259432,-123.029667,exact,,,,,,,,,,,154377787,
traditional,osm,Serverfarm LON1 – London Data Center,,Serverfarm,GB,51.446663,-0.454269,exact,,,,,,,,,,,154430569,
traditional,osm,T‑Mobile Polska centrum danych,,,PL,50.039402,20.024467,exact,,,,,,,,,,,155655275,
traditional,osm,Aligned Energy Data Center,,,US,33.659055,-112.111159,exact,,,,,,,,,Phoenix,,155739337,
traditional,osm,Archivo Judicial,,,CR,10.008247,-84.1661,exact,,,,,,,,,,,156266896,
traditional,osm,,,,US,38.913702,-77.225834,exact,,,,,,,,,,,156468497,
traditional,osm,Lakeside Technology Center,,,US,41.853692,-87.618272,exact,,,,,,,,,Chicago,,156520409,
traditional,osm,Global Switch London East,,Global Switch,GB,51.51094,-0.003425,exact,,,,,,,,,London,,157178049,
traditional,osm,Flexential Phoenix - Deer Valley,,Flexential,US,33.684677,-112.09834,exact,,,,,,,,,Phoenix,,157362579,
traditional,osm,Digital Realty MRS2,,Digital Realty,FR,43.338645,5.347123,exact,,,,,,,,MRS2,Marseille,,159862898,
traditional,osm,Digital Realty MRS3,,Digital Realty,FR,43.338653,5.346458,exact,,,,,,,,MRS3,,,159863825,
traditional,osm,TierPoint,,,US,36.15859,-95.988629,exact,,,,,,,,TUL,Tulsa,,159959672,
traditional,osm,,,SFR,FR,45.186676,5.766133,exact,,,,,,,,,,,160165248,
traditional,osm,,,SFR,FR,45.186977,5.766243,exact,,,,,,,,,,,160165252,
traditional,osm,,,Bouygues Télécom,FR,45.186777,5.767187,exact,,,,,,,,,,,160165278,
traditional,osm,Equinix SV5,,Equinix,US,37.242072,-121.781785,exact,,,,,,,,SV5,San Jose,,161126131,
traditional,osm,ICT Campus Bettembourg DC 1.2,,LuxConnect,LU,49.505141,6.113408,exact,,,,,,,,,Bettembourg,,162870888,
traditional,osm,ICT Campus Bettembourg DC 1.1,,LuxConnect,LU,49.505006,6.112273,exact,,,,,,,,,Bettembourg,,162870889,
traditional,osm,Pasha Technology Datacenter,,Pasha Technology,AZ,40.409521,49.833617,exact,,,,,,,,,,,163948431,
traditional,osm,,,,GB,50.884395,-4.553586,exact,,,,,,,,,,,164113041,
traditional,osm,Redcentric London City,,Redcentric,GB,51.522932,-0.082881,exact,,,,,,,,,London,,164527297,
traditional,osm,EURaix,,regioIT;synaix,DE,50.777269,6.131393,exact,,,,,,,,,Aachen,,164533894,
traditional,osm,,,,DE,50.777895,6.038529,exact,,,,,,,,,,,165224274,
traditional,osm,Vodafone,,,GB,51.55151,-1.847137,exact,,,,,,,,,Swindon,,166184193,
traditional,osm,Nationwide Swindon Technology Centre,,Nationwide Building Society,GB,51.572223,-1.836742,exact,,,,,,,,,Swindon,,166184208,
traditional,osm,Joule House,,Equinix,GB,53.468016,-2.29342,exact,,,,,,,,MA3,,,166407577,
traditional,osm,"Union Pacific Jack Koraleski Technology, Research & Development Center",,Union Pacific Railroad,US,41.317986,-96.050348,exact,,,,,,,,,Omaha,,166431620,
traditional,osm,EBRC Resilience Centre Luxembourg South,,,LU,49.497567,6.052177,exact,,,,,,,,,Kayl,,166476032,
traditional,osm,ДатаПро,,DataPro,RU,55.736249,37.721151,exact,,,,,,,,I,,,166679654,
traditional,osm,DataBank Pittsburgh PIT2,,,US,40.45137,-80.190166,exact,,,,,,,,,Pittsburgh,,168129695,
traditional,osm,Equinix KA1,,Equinix,CA,50.675557,-120.379876,exact,,,,,,,,,Kamloops,,168520216,
traditional,osm,"ЦОД ""Дубровка-1""",,Selectel,RU,59.834392,30.932701,exact,,,,,,,,,,,168582094,
traditional,osm,"ЦОД ""Дубровка-2""",,Selectel,RU,59.834599,30.933825,exact,,,,,,,,,,,168582099,
traditional,osm,Digital Realty FRA1,,Digital Realty,DE,50.119641,8.735671,exact,,,,,,,,FRA1,Frankfurt am Main,,168961561,
traditional,osm,,,,DE,50.121493,8.73973,exact,,,,,,,,,Frankfurt am Main,,168961578,
traditional,osm,Digital Realty FRA9,,Digital Realty,DE,50.119595,8.736903,exact,,,,,,,,,Frankfurt am Main,,169017126,
traditional,osm,Molina Healthcare,,Molina Healthcare,US,34.995452,-106.618033,exact,,,,,,,,MHDC,Albuquerque,,169170979,
traditional,osm,,,,SK,48.74078,21.228239,exact,,,,,,,,,,,169847218,
traditional,osm,Switch12,,Switch,US,36.061739,-115.213292,exact,,,,,,,,,,,172739950,
traditional,osm,Switch Las Vegas 7,,Switch,US,36.059919,-115.210197,exact,,,,,,,,,Enterprise,,172739953,
traditional,osm,Vantage Data Center (FRA1),,Vantage Data Centers,DE,50.109119,8.743833,exact,,,,,,,,,Offenbach am Main,,172856848,
traditional,osm,Verizon Data Centre,,,AU,-33.872338,151.194638,exact,,,,,,,,,,,173161522,
traditional,osm,CyrusOne FRA1,,CyrusOne,DE,50.128107,8.582912,exact,,,,,,,,,Frankfurt am Main,,173170495,
traditional,osm,,,,DE,49.864241,8.626995,exact,,,,,,,,,,,173975695,
traditional,osm,EdgeConneX CHI01,,EdgeConneX,US,42.000775,-87.950769,exact,,,,,,,,CHI01,Elk Grove Village,,174242795,
traditional,osm,Evolink,,,BG,42.677282,23.260007,exact,,,,,,,,,,,174906464,
traditional,osm,西東京データセンター 1号棟,,,JP,35.717034,139.534863,exact,,,,,,,,,,,175354642,
traditional,osm,,,,DE,50.478297,12.336239,exact,,,,,,,,,,,176018511,
traditional,osm,,,,DE,50.478074,12.335844,exact,,,,,,,,,,,176018513,
traditional,osm,,,,DE,50.477854,12.335445,exact,,,,,,,,,,,176018515,
traditional,osm,,,,DE,50.478524,12.33663,exact,,,,,,,,,,,176018516,
traditional,osm,Digital Realty FRA8,,Digital Realty,DE,50.119169,8.737615,exact,,,,,,,,,Frankfurt am Main,,176647402,
traditional,osm,OVHcloud Roubaix - RBX3,,OVHcloud,FR,50.69289,3.199193,exact,,,,,,,,,,,176779630,
traditional,osm,Starwood House,,Tesco,GB,51.981212,-0.20686,exact,,,,,,,,,,,178312270,
traditional,osm,,,,US,39.377778,-77.411545,exact,,,,,,,,,,,178331621,
traditional,osm,Hertfordshire Data Centre,,,GB,51.807896,-0.186427,exact,,,,,,,,,Welwyn Garden City,,179698364,
traditional,osm,,,,BR,-23.648194,-46.528315,exact,,,,,,,,,,,180398402,
traditional,osm,Pulsant South London,,Pulsant,GB,51.353586,-0.119545,exact,,,,,,,,,,,180779572,
traditional,osm,NTT,,NTT,GB,51.764228,-0.434512,exact,,,,,,,,,Hemel Hempstead,,182622783,
traditional,osm,,,,MG,-18.153881,49.41359,exact,,,,,,,,,,,182749973,
traditional,osm,Data Center Aruba IT1,,Aruba s.p.a.,IT,43.459607,11.838078,exact,,,,,,,,,,,182828550,
traditional,osm,Winterton Cable Landing Station,,Vodafone,GB,52.718194,1.691815,exact,,,,,,,,,,,184071840,
traditional,osm,SAP Building 6 / 16,,,DE,49.243181,8.643284,exact,,,,,,,,,St. Leon-Rot,,184904319,
traditional,osm,,,,US,35.898327,-81.547464,exact,,,,,,,,,,,186515922,
traditional,osm,,,,NZ,-36.432744,174.668136,exact,,,,,,,,,,,186606978,
traditional,osm,Skyways,,Verizon,GB,51.459541,-0.409966,exact,,,,,,,,,,,187251460,
traditional,osm,,,Cirion Technologies,AR,-32.91041,-60.725297,exact,,,,,,,,ROS1,,,187344929,
traditional,osm,Verizon Wireline Network Building,,,US,40.494903,-74.443095,exact,,,,,,,,,,,187574082,
traditional,osm,NTT DATA Business Solutions Global Managed Services,,NTT,DE,51.193955,14.346429,exact,,,,,,,,,Bautzen,,188308568,
traditional,osm,Centro de datos Triara Querétaro,,Triara,MX,20.611517,-100.39422,exact,,,,,,,,,,,188467640,
traditional,osm,,,,JP,35.80733,140.11689,exact,,,,,,,,,,,189215749,
traditional,osm,Cable & Wireless Data Centre,,Cable & Wireless,GB,51.502005,-0.009116,exact,,,,,,,,,,,190297843,
traditional,osm,,,GRASS-MERKUR GmbH & Co. KG,DE,52.368458,9.863548,exact,,,,,,,,,Hannover,,190427363,
traditional,osm,British Telecom Computer Centre,,BT,GB,51.485617,-0.483102,exact,,,,,,,,,,,190449012,
traditional,osm,RagingWire CA3,,NTT,US,38.644239,-121.498763,exact,,,,,,,,CA3,Sacramento,,190868312,
traditional,osm,RBS Data Centre,,NatWest Group,GB,55.945162,-2.901176,exact,,,,,,,,,,,191603111,
traditional,osm,,,,US,41.221486,-95.863822,exact,,,,,,,,,,,191655977,
traditional,osm,,,Bouygues Télécom,FR,44.724328,-0.529798,exact,,,,,,,,,,,191691715,
traditional,osm,Planet IC,,,DE,53.598337,11.418465,exact,,,,,,,,,,,191720187,
traditional,osm,Digital Realty LHR19,,Digital Realty,GB,51.496842,-0.018814,exact,,,,,,,,LHR19,London,,191842525,
traditional,osm,,,,VN,10.789227,106.694797,exact,,,,,,,,,,,191881072,
traditional,osm,Яндекс ДЦ Сасово,,Yandex,RU,54.371929,41.942222,exact,,,,,,,,Sasovo,,,192215351,
traditional,osm,360 Spear Street Data Center,,Digital Realty,US,37.788992,-122.390137,exact,,,,,,,,,San Francisco,,192307107,
traditional,osm,EURaix Evolution,,regioIT,DE,50.796428,6.113229,exact,,,,,,,,,,,192776581,
traditional,osm,NOS Imopolis II,,NOS,PT,38.725119,-9.230542,exact,,,,,,,,,,,193317921,
traditional,osm,NOS Imopolis I,,NOS,PT,38.726022,-9.230628,exact,,,,,,,,,,,193317940,
traditional,osm,Equinix New York Secaucus NY5,,Equinix,US,40.778585,-74.072324,exact,,,,,,,,,Secaucus,,193611192,
traditional,osm,Equinix New York Secaucus NY4,,Equinix,US,40.776428,-74.069776,exact,,,,,,,,NY4,Secaucus,,193611211,
traditional,osm,Equinix NY3,,Equinix,US,40.774903,-74.068969,exact,,,,,,,,Equinix NY3,Secaucus,,193611216,
traditional,osm,Equinix New York Secaucus NY2,,Equinix,US,40.777291,-74.07594,exact,,,,,,,,NY2,Secaucus,,193611219,
traditional,osm,Centersquare NYC3 Data Center,,Centersquare,US,40.786164,-74.069164,exact,,,,,,,,,Secaucus,,193612533,
traditional,osm,Telehouse South,,Telehouse,GB,51.507048,-0.003463,exact,,,,,,,,,London,,193806160,
traditional,osm,,,,DE,50.914843,6.384819,exact,,,,,,,,,Jülich,,194023609,
traditional,osm,QTS Sacramento,,Quality Technology Services,US,38.646376,-121.486269,exact,,,,,,,,,Sacramento,,194049551,
traditional,osm,Csquare: LHR2 Docklands Data Center Campus,,,GB,51.494779,-0.019173,exact,,,,,,,,,London,,194258560,
traditional,osm,Bloomberg Datacentre,,,GB,51.495435,-0.019063,exact,,,,,,,,,London,,194258564,
traditional,osm,,,,PL,50.158551,19.477748,exact,,,,,,,,,Trzebinia,,194267471,
traditional,osm,,,British Airways,GB,51.471324,-0.42327,exact,,,,,,,,,,,194508831,
traditional,osm,,,,US,39.290638,-94.675916,exact,,,,,,,,,,,195165330,
traditional,osm,,,,US,39.295555,-94.673486,exact,,,,,,,,,,,195165354,
traditional,osm,Black Rock Financial Management,,,US,39.295481,-94.678011,exact,,,,,,,,,Kansas City,,195165374,
traditional,osm,,,,US,39.302406,-94.684792,exact,,,,,,,,,,,195169261,
traditional,osm,NorthC Berlin 2,,NorthC,DE,52.452868,13.428401,exact,,,,,,,,,,,195293320,
traditional,osm,Cherokee Data Center,,,US,36.26255,-95.910041,exact,,,,,,,,,Tulsa,,195664350,
traditional,osm,NEC神戸システムセンター,,,JP,34.724073,135.017334,exact,,,,,,,,,,,196301958,
traditional,osm,Global Switch London North,,Global Switch,GB,51.511119,-0.005573,exact,,,,,,,,,London,,196783604,
traditional,osm,CyrusOne Chicago Aurora CME,,CyrusOne,US,41.796608,-88.243823,exact,,,,,,,,,Aurora,,199252950,
traditional,osm,R89,,,GB,51.574037,-1.315302,exact,,,,,,,,,Didcot,,200338749,
traditional,osm,LRZ SuperMUC-NG,,Leibniz-Rechenzentrum (LRZ) der Bayerischen Akademie der Wissenschaften,DE,48.261805,11.666503,exact,,,,,,,,,,,200593314,
traditional,osm,Digital Space DC - Newark,,Digital Space Group Limited,GB,53.078976,-0.792069,exact,,,,,,,,,Newark,,200649197,
traditional,osm,Digital Space DC - Newark,,Digital Space Group Limited,GB,53.079048,-0.792261,exact,,,,,,,,,Newark,,200649213,
traditional,osm,Digital Space DC - Newark,,Digital Space Group Limited,GB,53.079127,-0.792443,exact,,,,,,,,,Newark,,200649214,
traditional,osm,Xfinity/Comcast Data Center,,,US,39.588324,-104.832418,exact,,,,,,,,,Centennial,,200989527,
traditional,osm,DXC Wynyard Data Center,,HPE,GB,54.633291,-1.310065,exact,,,,,,,,,,,201843176,
traditional,osm,Redcentric Elland Data Centre,,Redcentric,GB,53.693886,-1.821424,exact,,,,,,,,,Elland,,202085268,
traditional,osm,IU Data Center,,Indiana University,US,39.174423,-86.500688,exact,,,,,,,,,Bloomington,,203432103,
traditional,osm,BT Computer Centre,,,GB,51.770102,-0.320616,exact,,,,,,,,,St Albans,,203500066,
traditional,osm,DXC Technology,,,AU,-37.857357,145.165229,exact,,,,,,,,,,,204158666,
traditional,osm,IO Datacenter,,,US,40.520817,-74.347223,exact,,,,,,,,,Edison,,204316962,
traditional,osm,DataBank Piscataway EWR2,,,US,40.549214,-74.45821,exact,,,,,,,,,,,204460681,
traditional,osm,Optimum,,,US,40.546842,-74.492046,exact,,,,,,,,,,,204460799,
traditional,osm,Equinix,,Equinix,US,40.54492,-74.495359,exact,,,,,,,,,,,204460812,
traditional,osm,Barclays Datacenter,,Barclays,US,40.547244,-74.459737,exact,,,,,,,,,,,204460835,
traditional,osm,Digital Realty New York EWR12,,Digital Realty,US,40.552928,-74.459204,exact,,,,,,,,EWR12,Piscataway Township,,204460903,
traditional,osm,Digital Realty New York EWR11,,Digital Realty,US,40.553793,-74.457102,exact,,,,,,,,EWR11,Piscataway Township,,204460950,
traditional,osm,,,Cirion Technologies,AR,-34.589962,-58.466851,exact,,,,,,,,BUE1,,,204971297,
traditional,osm,Vantage Data Center FRA31,,Vantage Data Centers,DE,50.016475,8.456484,exact,,,,,,,,FRA31,,,205360599,
traditional,osm,Intergate Seattle East Building 2,,,US,47.495031,-122.29057,exact,,,,,,,,,Tukwila,,205724881,
traditional,osm,Intergate Seattle East Building 1,,Sabey,US,47.49486,-122.288194,exact,,,,,,,,,,,205724885,
traditional,osm,Equinix SV15,,Equinix,US,37.375495,-121.988406,exact,,,,,,,,SV15,Santa Clara,,205823968,
traditional,osm,Equinix SV16,,Equinix,US,37.376124,-121.988672,exact,,,,,,,,SV16,Santa Clara,,205823970,
traditional,osm,Equinix SV17,,Equinix,US,37.376531,-121.988583,exact,,,,,,,,SV17,Santa Clara,,205823971,
traditional,osm,Equinix SV14,,Equinix,US,37.374984,-121.988474,exact,,,,,,,,SV14,Santa Clara,,205823980,
traditional,osm,IBM Data Centre,,,NZ,-36.942786,174.870283,exact,,,,,,,,,,,205832460,
traditional,osm,CoreSite SV4,,CoreSite,US,37.376261,-121.970685,exact,,,,,,,,SV4,,,205846843,
traditional,osm,Telehouse North,,Telehouse,GB,51.512052,-0.001954,exact,,,,,,,,,London,,206625800,
traditional,osm,Telehouse East,,Telehouse,GB,51.51153,-0.001266,exact,,,,,,,,,London,,206625804,
traditional,osm,澳門檔案館 Arquivo de Macau,,,MO,22.19876,113.546948,exact,,,,,,,,,,,206823814,
traditional,osm,IXcellerate North MOS 1,,IXcellerate,RU,55.862505,37.577366,exact,,,,,,,,MOS 1,,,207145308,
traditional,osm,GridJet,,,GB,53.783076,-1.573461,exact,,,,,,,,,Leeds,,207831858,
traditional,osm,GridJet,,,GB,53.782939,-1.573536,exact,,,,,,,,,Leeds,,207831859,
traditional,osm,数字北京,,,CN,39.993998,116.38184,exact,,,,,,,,,,,207890264,
traditional,osm,Siemens EAGLE Data Center,,Siemens,DE,48.094909,11.530141,exact,,,,,,,,,,,207919304,
traditional,osm,,,,DE,49.974888,8.450178,exact,,,,,,,,,,,208484274,
traditional,osm,RBC Guelph Data Centre,,Royal Bank of Canada,CA,43.496874,-80.208703,exact,,,,,,,,,Guelph,,208650151,
traditional,osm,Lumen Santa Clara,,Lumen Technologies,US,37.377033,-121.952059,exact,,,,,,,,,,,209073635,
traditional,osm,Prime Santa Clara,,Prime,US,37.375017,-121.95325,exact,,,,,,,,,,,209073636,
traditional,osm,Digital Realty Silicon Valley SJC10,,Digital Realty,US,37.375822,-121.953336,exact,,,,,,,,SJC10,Santa Clara,,209073641,
traditional,osm,Colovore,,,US,37.376723,-121.953144,exact,,,,,,,,,,,209073645,
traditional,osm,Digital Realty Silicon Valley SJC30,,Digital Realty,US,37.378287,-121.958111,exact,,,,,,,,SJC30,,,209073647,
traditional,osm,Digital Realty Silicon Valley SJC15,,Digital Realty,US,37.374997,-121.954077,exact,,,,,,,,SJC15,Santa Clara,,209073649,
traditional,osm,Digital Realty Silicon Valley SJC16,,Digital Realty,US,37.374932,-121.955999,exact,,,,,,,,SJC16,Santa Clara,,209073653,
traditional,osm,Digital Realty Silicon Valley SJC29,,Digital Realty,US,37.375023,-121.958096,exact,,,,,,,,,Santa Clara,,209073657,
traditional,osm,Csquare SFO4,,Csquare,US,37.375799,-121.955184,exact,,,,,,,,SFO4,Santa Clara,,209073658,
traditional,osm,Prime SANTA CLARA DATA CENTER,,Prime,US,37.375029,-121.954877,exact,,,,,,,,,,,209073659,
traditional,osm,Digital Realty Silicon Valley SJC11,,Digital Realty,US,37.376367,-121.948565,exact,,,,,,,,SJC11,Santa Clara,,209076412,
traditional,osm,Lumen,,Lumen Technologies,US,37.377585,-121.950682,exact,,,,,,,,,,,209077298,
traditional,osm,Silicon Valley SJC31,,Digital Realty,US,37.372221,-121.948262,exact,,,,,,,,SJC31,Santa Clara,,209087373,
traditional,osm,,,,US,37.37979,-121.949903,exact,,,,,,,,,Santa Clara,,209105766,
traditional,osm,Evocative Santa Clara SJC11,,,US,37.389536,-121.96194,exact,,,,,,,,SJC11,,,209117217,
traditional,osm,QTS Chicago,,Quality Technology Services,US,41.84219,-87.668943,exact,,,,,,,,,Chicago,,209786637,
traditional,osm,Iron Mountain Data & Record Storage,,Iron Mountain,US,41.848705,-87.645458,exact,,,,,,,,,Chicago,,210222970,
traditional,osm,野村総合研究所 東京第一DC,,,JP,35.628076,139.420154,exact,,,,,,,,,,,210707557,
traditional,osm,Data Storage Centers,,,US,33.421693,-112.034303,exact,,,,,,,,,Phoenix,,210917861,
traditional,osm,,,TierPoint,US,42.685708,-71.208602,exact,,,,,,,,,Andover,,211832626,
traditional,osm,OADC Rondebosch,,Open Access Data Centres,ZA,-33.96039,18.472241,exact,,,,,,,,CPT1,,,213481983,
traditional,osm,Markley Data Center,,Markley Group,US,42.630283,-71.304562,exact,,,,,,,,,,,214321737,
traditional,osm,,,,IS,64.049511,-21.993472,exact,,,,,,,,,Hafnarfjörður,,214499225,
traditional,osm,Flexential Charlotte - South,,Flexential,US,35.135415,-80.936831,exact,,,,,,,,,Charlotte,,215630401,
traditional,osm,OVHcloud Ożarów (WAW-1),,OVH Sp. z o.o.,PL,52.208016,20.808246,exact,,,,,,,,,Ożarów Mazowiecki,,216811192,
traditional,osm,,,,LV,56.889007,24.232271,exact,,,,,,,,,Rīga,,217612507,
traditional,osm,EBRC Resilience Centre Luxembourg East,,,LU,49.694009,6.324653,exact,,,,,,,,,,,218247529,
traditional,osm,Kyndryl UK Ltd,,,GB,51.542508,-0.336645,exact,,,,,,,,,,,218905097,
traditional,osm,Rechenzentrum Ellhofen,,Stack IT,DE,49.145896,9.308008,exact,,,,,,,,DC08,Ellhofen,,220363244,
traditional,osm,nLighten Nottingham,,nLighten,GB,53.00649,-1.214516,exact,,,,,,,,EMA1,Nottingham,,220442829,
traditional,osm,Hauszmann adatközpont,,,HU,47.466633,19.046008,exact,,,,,,,,,Budapest,,220458425,
traditional,osm,Digital Realty Data Center,,Digital Realty,US,33.34462,-111.899219,exact,,,,,,,,,Tempe,,220518160,
traditional,osm,WKNJ00,,Deutsche Telekom,DE,48.734177,13.603391,exact,,,,,,,,8581,Waldkirchen,,220540453,
traditional,osm,CyrusOne LON2,,CyrusOne,GB,51.502778,-0.446328,exact,,,,,,,,LON2,West Drayton,,221131413,
traditional,osm,,,Comcast,US,47.693324,-122.317317,exact,,,,,,,,,,,221201212,
traditional,osm,Equinix DC97,,Equinix,US,38.961573,-77.377418,exact,,,,,,,,,,Dominion (VEPCO),221897579,
traditional,osm,,,Vidéotron,CA,45.528623,-73.610646,exact,,,,,,,,,,,222247139,
traditional,osm,Amazon IAD-55,,Amazon Web Services,US,38.815021,-77.64868,exact,,,,,,,,IAD55,Haymarket,Dominion (VEPCO),222672860,
traditional,osm,Kao Data KLON-05,,Kao Data,GB,51.545348,-0.363938,exact,,,,,,,,,,,222789497,
traditional,osm,CTI Biopharma,,,US,47.617787,-122.356694,exact,,,,,,,,,Seattle,,223783259,
traditional,osm,Westin Building,,Digital Realty,US,47.614356,-122.338864,exact,,,,,,,,SEA10,Seattle,,223928497,
traditional,osm,COPT Data Center,,,US,38.74731,-77.531826,exact,,,,,,,,,Manassas,NOVEC (co-op),224100721,
traditional,osm,Dell 350 Holger Way,,,US,37.418381,-121.943117,exact,,,,,,,,,San Jose,,224139416,
traditional,osm,SV Colo,,SV Colo,US,37.36428,-121.958788,exact,,,,,,,,,Santa Clara,,224174031,
traditional,osm,Centro de Procesamiento de Datos Norte,,Banco Santander,ES,43.392838,-3.753226,exact,,,,,,,,,,,224559768,
traditional,osm,Centro de Procesamiento de Datos Sur,,Banco Santander,ES,43.390243,-3.753669,exact,,,,,,,,,,,224559769,
traditional,osm,Datacenter Claro,,Claro Argentina,AR,-34.57392,-58.445012,exact,,,,,,,,,Ciudad Autónoma de Buenos Aires,,224820071,
traditional,osm,Microsoft,,Microsoft,US,37.362103,-121.946459,exact,,,,,,,,,Santa Clara,,224998784,
traditional,osm,OVH US East Vint Hill,,,US,38.74742,-77.674465,exact,,,,,,,,,,NOVEC (co-op),225745958,
traditional,osm,Telefonica Data Centre,,Telefonica,GB,51.524947,-0.637809,exact,,,,,,,,,,,225909384,
traditional,osm,Equinix LD11x,,Equinix,GB,51.523092,-0.637738,exact,,,,,,,,,,,225909388,
traditional,osm,Equinix LD4,,Equinix,GB,51.523466,-0.636074,exact,,,,,,,,LD4,Slough,,225909390,
traditional,osm,,,EDF,FR,49.011515,1.398227,exact,,,,,,,,,,,226246636,
traditional,osm,,,EDF,FR,49.011771,1.397376,exact,,,,,,,,,,,226246780,
traditional,osm,,,EDF,FR,49.011637,1.397818,exact,,,,,,,,,,,226247994,
traditional,osm,Datacenter EDF,,EDF,FR,49.012,1.398227,exact,,,,,,,,,,,226250681,
traditional,osm,TYO2 Tokyo Data Center,,Digital Edge,JP,35.687502,139.779565,exact,,,,,,,,TYO2,,,229034518,
traditional,osm,OVHcloud LIM1-3 Rechenzentrum,,OVH GmbH,DE,50.408851,8.062447,exact,,,,,,,,eu-west-lim-a,Limburg an der Lahn,,229184178,
traditional,osm,Equinix FR7,,Equinix,DE,50.097368,8.643784,exact,,,,,,,,,,,230033517,
traditional,osm,,,EWE TEL GmbH,DE,53.137104,8.246997,exact,,,,,,,,,Oldenburg,,230210322,
traditional,osm,NCAR-Wyoming Supercomputing Center,,University Corporation for Atmospheric Research,US,41.128747,-104.897431,exact,,,,,,,,,Cheyenne,,231047065,
traditional,osm,The Seattle Times,,H5 Data Centers,US,47.618954,-122.336531,exact,,,,,,,,,Seattle,,231664575,
traditional,osm,Google Data Center The Dalles Oregon,,Google,US,45.632015,-121.201202,exact,,,,,,,,,,,231769626,
traditional,osm,SAP Building 13,,,DE,49.240508,8.643624,exact,,,,,,,,,St. Leon-Rot,,232770352,
traditional,osm,Google Data Center,,Google,CL,-33.35838,-70.694855,exact,,,,,,,,,,,233485459,
traditional,osm,Segra Data Center,,,US,35.724992,-78.662363,exact,,,,,,,,,Raleigh,,233888384,
traditional,osm,General Logistics Systems Germany GmbH & Co. OHG,,GLS IT Services GmbH,DE,50.908581,9.585493,exact,,,,,,,,,Neuenstein,,234449744,
traditional,osm,Equinix Ashburn DC2,,Equinix,US,39.016389,-77.459069,exact,,,,,,,,DC2,Ashburn,,234722029,
traditional,osm,H5 Data Centers Ashburn,,H5 Data Centers,US,39.013678,-77.451719,exact,,,,,,,,Ashburn,Ashburn,Dominion (VEPCO),234722720,
traditional,osm,OVHcloud Roubaix - RBX4,,OVHcloud,FR,50.691182,3.200823,exact,,,,,,,,,,,234729371,
traditional,osm,Proginov,,,FR,47.089209,-1.555468,exact,,,,,,,,,La Chevrolière,,236976420,
traditional,osm,Fujitsu Homebush Data Centre,,,AU,-33.849814,151.071646,exact,,,,,,,,,,,238813286,
traditional,osm,TierPoint Sioux Falls West Data Center,,,US,43.606971,-96.809195,exact,,,,,,,,,Sioux Falls,,239032142,
traditional,osm,Lumen McLean,,Lumen Technologies,US,38.920021,-77.211619,exact,,,,,,,,,McLean,Dominion (VEPCO),239147373,
traditional,osm,DataBank McLean IAD2,,DataBank,US,38.919905,-77.213585,exact,,,,,,,,IAD2,McLean,,239147724,
traditional,osm,eBay,,,US,40.563602,-112.047805,exact,,,,,,,,,,,240724127,
traditional,osm,Virtus LONDON1,,,GB,51.651901,-0.055363,exact,,,,,,,,LONDON1,Enfield,,240952254,
traditional,osm,,,,CH,47.446394,8.210833,exact,,,,,,,,,Lupfig,,242248627,
traditional,osm,Equinix Chicago Data CH7,,Equinix,US,41.812563,-87.97285,exact,,,,,,,,,,,243242167,
traditional,osm,Airedale Exchange,,Spark New Zealand,NZ,-36.855183,174.764658,exact,,,,,,,,,,,243876089,
traditional,osm,Spark Data Centre,,Spark New Zealand,NZ,-36.854792,174.76444,exact,,,,,,,,,,,243876090,
traditional,osm,PhoenixNAP,,,US,33.416077,-112.009472,exact,,,,,,,,,Phoenix,,244490839,
traditional,osm,Pier Data Centre,,DC Alliance,AU,-32.059448,115.916117,exact,,,,,,,,,,,245183722,
traditional,osm,Merrill Lynch Data Center,,Merrill Lynch,US,40.60738,-74.173167,exact,,,,,,,,,,,247427998,
traditional,osm,Telehouse Teleport,,Telehouse,US,40.607037,-74.174905,exact,,,,,,,,,New York City,,247428943,
traditional,osm,,,BCX,ZA,-25.978431,28.123898,exact,,,,,,,,NDC1,,,248815424,
traditional,osm,NorthC Frankfurt 3,,NorthC,DE,50.103625,8.619849,exact,,,,,,,,,,,248865761,
traditional,osm,TDF,,,FR,50.648538,3.040087,exact,,,,,,,,,,,249222914,
traditional,osm,Datacenter Groupama,,Groupama,FR,48.069938,-1.836886,exact,,,,,,,,,,,249274111,
traditional,osm,32 Avenue of the Americas,,,US,40.719994,-74.004568,exact,,,,,,,,,,,250052753,
traditional,osm,Hegau Cloud,,,DE,47.759995,8.880875,exact,,,,,,,,,Singen (Hohentwiel),,250458766,
traditional,osm,,,,US,38.905901,-77.468972,exact,,,,,,,,,,,251716311,
traditional,osm,Digital Realty,,Digital Realty,US,38.910116,-77.472592,exact,,,,,,,,,,Dominion (VEPCO),251716328,
traditional,osm,Edinburgh SC-3,,Pulsant,GB,55.92939,-3.409691,exact,,,,,,,,SC-3,Edinburgh,,251948724,
traditional,osm,Stadtwerke Lüdenscheid GmbH (ENERVIE-Gruppe),,ENERVIE – Südwestfalen Energie und Wasser AG,DE,51.226779,7.635077,exact,,,,,,,,,,,252016450,
traditional,osm,드림마크원 데이터센터,,,KR,37.485912,126.891565,exact,,,,,,,,,서울특별시,,253040192,
traditional,osm,Greenidge Power Plant and Data Center,,Greenidge Generation Holdings Inc.,US,42.679359,-76.948581,exact,,,,,,,,,,,253670255,
traditional,osm,TierPoint,,,US,38.62976,-90.196421,exact,,,,,,,,,Saint Louis,,253682978,
traditional,osm,Redcentric London West,,Redcentric,GB,51.468303,-0.397406,exact,,,,,,,,LTC,Hounslow,,254132701,
traditional,osm,Verizon,,,US,36.144733,-115.077928,exact,,,,,,,,,,,254583328,
traditional,osm,,,,US,29.446663,-98.64058,exact,,,,,,,,A,,,254742608,
traditional,osm,,,,US,29.447889,-98.641101,exact,,,,,,,,B,,,254742609,
traditional,osm,,,,US,29.447202,-98.640996,exact,,,,,,,,Connector,,,254742610,
traditional,osm,CenturyLink,,Lumen Technologies,US,36.14372,-115.083385,exact,,,,,,,,,,,254756938,
traditional,osm,,,,US,33.096018,-96.681542,exact,,,,,,,,,Allen,,254773884,
traditional,osm,Evoque Allen DA1,,Centersquare,US,33.095083,-96.683788,exact,,,,,,,,DA1,Allen,,254773897,
traditional,osm,,,Australian Data Centres,AU,-35.211276,149.146284,exact,,,,,,,,,,,254813394,
traditional,osm,Equinix DB2,,Equinix,IE,53.318486,-6.440983,exact,,,,,,,,DB2,,,256107907,
traditional,osm,Magyar Telekom Cloud & DataCenter,,Telekom Rendszerintegráció Zrt.,HU,47.493604,19.103627,exact,,,,,,,,Dataplex,Budapest,,256121487,
traditional,osm,Yettel Pécs MSc,,,HU,46.108936,18.202672,exact,,,,,,,,,,,256554229,
traditional,osm,,,Fiducia & GAD IT AG,DE,52.005245,7.538627,exact,,,,,,,,,Münster,,256608572,
traditional,osm,First National Technical Center,,First National of Nebraska,US,41.261422,-95.936498,exact,,,,,,,,,,,256728809,
traditional,osm,,,,BR,-23.493693,-46.809609,exact,,,,,,,,,,,256747269,
traditional,osm,nLighten Chester,,nLighten UK Ltd,GB,53.245263,-2.929535,exact,,,,,,,,MAN1,Chester,,256764286,
traditional,osm,Flexential - Richmond,,Flexential,US,37.64689,-77.438695,exact,,,,,,,,,Richmond,,257581364,
traditional,osm,,,,GB,51.498206,-0.01534,exact,,,,,,,,,London,,257754194,
traditional,osm,TelemaxX IPC4,,TelemaxX Telekommunikation GmbH,DE,49.027116,8.473229,exact,,,,,,,,,,,258148708,
traditional,osm,Amazon IAD-9,,Amazon Web Services,US,38.899724,-77.453444,exact,,,,,,,,IAD-9,Chantilly,Dominion (VEPCO),258343744,
traditional,osm,Amazon IAD22,,Amazon Web Services,US,38.897905,-77.455103,exact,,,,,,,,IAD22,,,258343748,
traditional,osm,Amazon IAD-1,,Amazon Web Services,US,38.897864,-77.454082,exact,,,,,,,,IAD-1,Chantilly,Dominion (VEPCO),258343749,
traditional,osm,,,,US,38.909237,-77.472266,exact,,,,,,,,,,,258519934,
traditional,osm,,,,US,38.909796,-77.473454,exact,,,,,,,,,,Dominion (VEPCO),258519959,
traditional,osm,,,,US,38.908136,-77.475218,exact,,,,,,,,,,,258520532,
traditional,osm,,,,GB,51.498141,-0.014492,exact,,,,,,,,,London,,258625769,
traditional,osm,,,,DE,53.147066,8.18145,exact,,,,,,,,,,,258743341,
traditional,osm,Дата-центр SDN,,,RU,60.101503,30.272248,exact,,,,,,,,,Санкт-Петербург,,259732673,
traditional,osm,Central CANTV,,CANTV,VE,10.1664,-64.678134,exact,,,,,,,,,Barcelona,,260351760,
traditional,osm,Metas datacenter i Luleå,,Meta,SE,65.616542,22.116298,exact,,,,,,,,,,,260883600,
traditional,osm,,,,US,38.750815,-77.196272,exact,,,,,,,,,,,260996040,
traditional,osm,Interxion PAR7,,Interxion,FR,48.925425,2.402147,exact,,,,,,,,,,,261420854,
traditional,osm,רד תקשורת מחשבים,,,IL,31.804712,35.212415,exact,,,,,,,,,,,261460226,
traditional,osm,Belügyminisztérium Nyilvántartások Vezetéséért Felelős Helyettes Államtitkárság,,Belügyminisztérium,HU,47.478228,19.080095,exact,,,,,,,,,Budapest,,261477906,
traditional,osm,Menlo Digital MD-DC1,,,US,38.927119,-77.424073,exact,,,,,,,,,,,262058094,
traditional,osm,Google,,Google,IE,53.313648,-6.447445,exact,,,,,,,,,,,262199046,
traditional,osm,Serverius DC3,,Serverius B.V.,NL,52.247196,6.001085,exact,,,,,,,,SDC3,,,262712514,
traditional,osm,Datacenter Almere,,NorthC,NL,52.364473,5.268449,exact,,,,,,,,,,,263802879,
traditional,osm,Datacenter Telecom,,TELECOM ARGENTINA S.A.,AR,-34.467336,-58.681961,exact,,,,,,,,,Ricardo Rojas,,263818700,
traditional,osm,CDC Laverton,,CDC,AU,-37.841573,144.775387,exact,,,,,,,,,,,263915226,
traditional,osm,Sky,,,GB,51.517381,-0.07104,exact,,,,,,,,,London,,267568325,
traditional,osm,Cox Data Center,,,US,34.036257,-84.319512,exact,,,,,,,,,,,269166415,
traditional,osm,Gebouw 59,,,NL,52.292912,4.786905,exact,,,,,,,,,,,269230406,
traditional,osm,,,,NL,52.284476,4.770345,exact,,,,,,,,,,,269242039,
traditional,osm,,,,NL,52.283863,4.766062,exact,,,,,,,,,,,269242083,
traditional,osm,,,,NL,52.282919,4.767784,exact,,,,,,,,,,,269242129,
traditional,osm,,,,NL,52.28209,4.77317,exact,,,,,,,,,,,269242186,
traditional,osm,,,,NL,52.281031,4.767695,exact,,,,,,,,,,,269242310,
traditional,osm,,,,NL,52.280211,4.754373,exact,,,,,,,,,,,269242399,
traditional,osm,,,,NL,52.283424,4.766842,exact,,,,,,,,,,,269242689,
traditional,osm,,,,NL,52.285482,4.765618,exact,,,,,,,,,,,269242742,
traditional,osm,,,,NL,52.281261,4.765058,exact,,,,,,,,,,,269243197,
traditional,osm,Datavault Auckland,,Datavault,NZ,-36.864208,174.76465,exact,,,,,,,,,,,269385741,
traditional,osm,Greenhouse Datacenters DC1,,Greenhouse Datacenters,NL,52.001201,4.210704,exact,,,,,,,,,,,269397789,
traditional,osm,QTS Atlanta Data Center 1,,Quality Technology Services,US,33.77769,-84.421154,exact,,,,,,,,,Atlanta,,269847438,
traditional,osm,IP House London Datacentre,,IP House,GB,51.515406,0.001961,exact,,,,,,,,,London,,270023895,
traditional,osm,Digital Realty London LON3,,Digital Realty,GB,51.521588,-0.073139,exact,,,,,,,,,London,,270426364,
traditional,osm,Datacom Data Centre,,,AU,-37.824349,144.961481,exact,,,,,,,,,,,270554690,
traditional,osm,AMS05,,Microsoft,NL,52.765961,5.038043,exact,,,,,,,,AMS05,Middenmeer,,270720089,
traditional,osm,BIT-2 Datacenter,,,NL,52.027381,5.624286,exact,,,,,,,,,,,271177813,
traditional,osm,,,,NL,52.030757,5.624967,exact,,,,,,,,,,,271181136,
traditional,osm,,,,NL,52.259725,4.773847,exact,,,,,,,,,,,271576404,
traditional,osm,Csquare SFO3,,Csquare,US,37.372054,-121.986041,exact,,,,,,,,SFO3,Sunnyvale,,271893323,
traditional,osm,Central de Transmisiones,,,CL,-33.424622,-70.63259,exact,,,,,,,,,Providencia,,272108760,
traditional,osm,,,,NL,51.875414,4.449043,exact,,,,,,,,,,,273119903,
traditional,osm,,,,NL,51.875154,4.449046,exact,,,,,,,,,,,273121433,
traditional,osm,Iron Mountain,,,NZ,-36.930079,174.835494,exact,,,,,,,,,,,273400587,
traditional,osm,,,,NL,51.910414,4.546856,exact,,,,,,,,,,,273579842,
traditional,osm,Centersquare IAD3,,Centersquare,US,38.980929,-77.444379,exact,,,,,,,,IAD3,Dulles,Dominion (VEPCO),273895868,
traditional,osm,Centersquare IAD2-A,,Centersquare,US,38.98442,-77.42381,exact,,,,,,,,IAD2-A,Sterling,Dominion (VEPCO),273896089,
traditional,osm,,,CyrusOne,US,38.984866,-77.42567,exact,,,,,,,,CyrusOne Northern Virginia Sterling IV,,Dominion (VEPCO),273896096,
traditional,osm,Centersquare IAD2-B,,Centersquare,US,38.983614,-77.424085,exact,,,,,,,,IAD2-B,Sterling,Dominion (VEPCO),273896102,
traditional,osm,Baltnetos Tier 3 duomenų centras,,UAB „Baltnetos komunikacijos“,LT,54.637363,25.306773,exact,,,,,,,,,Vilnius,,275509489,
traditional,osm,ICT Campus Bettembourg DC 1.3,,LuxConnect,LU,49.505813,6.11234,exact,,,,,,,,,Bettembourg,,275569928,
traditional,osm,IXcellerate North MOS 2,,IXcellerate,RU,55.862788,37.579758,exact,,,,,,,,MOS 1,,,277554026,
traditional,osm,Digital Realty Data Center,,Digital Realty,US,33.657009,-84.41522,exact,,,,,,,,,Atlanta,,278560778,
traditional,osm,Будівля основного комунікаційного центру,,,UA,51.303695,30.064602,exact,,,,,,,,,,,278667867,
traditional,osm,Cyxtera (Digital Realty Trust) Citibank Data Center,,Cyxtera,US,40.76078,-74.025742,exact,,,,,,,,,Weehawken,,279410762,
traditional,osm,Digital Realty New Jersey EWR10,,Digital Realty,US,40.761818,-74.025028,exact,,,,,,,,EWR10,Weehawken,,279410766,
traditional,osm,,,,NL,52.333441,4.919408,exact,,,,,,,,,,,279859729,
traditional,osm,,,,NL,52.336885,4.931686,exact,,,,,,,,,,,279860375,
traditional,osm,,,,NL,52.364526,5.268332,exact,,,,,,,,,,,280128049,
traditional,osm,Dataplace Rotterdam,,Dataplace,NL,51.845916,4.679114,exact,,,,,,,,,,,280129257,
traditional,osm,DC Brno - FASTER CZ,,O2 Czech Republic a.s.,CZ,49.216294,16.659541,exact,,,,,,,,,,,281398489,
traditional,osm,,,ARSAT,AR,-34.410371,-58.719797,exact,,,,,,,,,,,282274149,
traditional,osm,,,Verizon,NL,52.304614,4.935248,exact,,,,,,,,,,,282381343,
traditional,osm,,,,NL,52.303135,4.93817,exact,,,,,,,,,,,282381349,
traditional,osm,,,,US,47.24621,-119.813226,exact,,,,,,,,,,,283051469,
traditional,osm,,,,US,47.24767,-119.813081,exact,,,,,,,,,,,283051470,
traditional,osm,,,,US,47.246168,-119.815756,exact,,,,,,,,,,,283051471,
traditional,osm,,,,US,47.252574,-119.819665,exact,,,,,,,,,,,283051475,
traditional,osm,,,,US,47.246736,-119.828866,exact,,,,,,,,,,,283051478,
traditional,osm,,,,US,47.245991,-119.829791,exact,,,,,,,,,,,283051481,
traditional,osm,,,,US,47.245989,-119.82917,exact,,,,,,,,,,,283051482,
traditional,osm,,,,US,47.245989,-119.828159,exact,,,,,,,,,,,283051483,
traditional,osm,,,,US,47.246003,-119.827541,exact,,,,,,,,,,,283051484,
traditional,osm,,,,US,47.246066,-119.828663,exact,,,,,,,,,,,283051485,
traditional,osm,CoreSite AT2 - Marietta Data Center,,CoreSite,US,33.925514,-84.481634,exact,,,,,,,,Atlanta,,,284044002,
traditional,osm,,,Data Beheer Groep,NL,51.502149,3.9071,exact,,,,,,,,,,,284508077,
traditional,osm,Evoque Data Center Solutions,,,GB,52.31219,-1.883366,exact,,,,,,,,,Redditch,,286648420,
traditional,osm,DXN Data Centre,,,AU,-33.845208,151.07365,exact,,,,,,,,,,,287001182,
traditional,osm,Ascent TOR1,,"Ascent, LLC",CA,43.427496,-80.371994,exact,,,,,,,,,,,288232465,
traditional,osm,,,,US,39.290135,-94.685064,exact,,,,,,,,,Kansas City,,288909509,
traditional,osm,,,Mittwald CM Service GmbH & Co. KG,DE,52.385574,8.62359,exact,,,,,,,,,,,289045423,
traditional,osm,Digital Realty San Francisco SFO10,,Digital Realty,US,37.723627,-122.397954,exact,,,,,,,,SFO10,San Francisco,,289620443,
traditional,osm,,,,NL,51.191151,5.989383,exact,,,,,,,,,,,289816687,
traditional,osm,33 Thomas Street,,,US,40.716521,-74.005902,exact,,,,,,,,,New York,,289884123,
traditional,osm,VentureData,,,US,43.825229,-111.78207,exact,,,,,,,,,Rexburg,,290101976,
traditional,osm,Cogent Data Center,,"Cogent Communications, Inc.",US,33.400219,-112.047879,exact,,,,,,,,,Phoenix,,290307022,
traditional,osm,香港交易所將軍澳數據中心 HKEx Tseung Kwan O Data Centre,,,HK,22.285279,114.273361,exact,,,,,,,,,,,290393396,
traditional,osm,CoreSpace Dallas,,CoreSpace,US,32.817551,-96.873071,exact,,,,,,,,,Dallas,,290703004,
traditional,osm,CGI,,,CA,43.601323,-79.74629,exact,,,,,,,,,,,290916394,
traditional,osm,T-Systems Biere Rechenzentrum,,Deutsche Telekom,DE,51.984837,11.653911,exact,,,,,,,,,,,291142381,
traditional,osm,Telus Calgary Internet Data Centre,,,CA,51.043952,-114.09597,exact,,,,,,,,,Calgary,,292128594,
traditional,osm,,,,NZ,-36.746072,174.702024,exact,,,,,,,,,,,292238902,
traditional,osm,,,,US,39.590131,-104.846963,exact,,,,,,,,,Centennial,,292506449,
traditional,osm,zColo by Zayo,,,US,39.59134,-104.847065,exact,,,,,,,,,Centennial,,292506452,
traditional,osm,Spark Data Centre,,Spark New Zealand,NZ,-36.854559,174.76436,exact,,,,,,,,,,,292861387,
traditional,osm,Spark Data Centre,,Spark New Zealand,NZ,-36.854387,174.764245,exact,,,,,,,,,,,292861441,
traditional,osm,Data Centre 220,,,NZ,-36.849333,174.76557,exact,,,,,,,,,,,292861452,
traditional,osm,ICONZ House,,ICONZ,NZ,-36.85565,174.765451,exact,,,,,,,,,,,293020971,
traditional,osm,Intergate Seattle East Building 5,,Sabey,US,47.491986,-122.289665,exact,,,,,,,,,Tukwila,,293211683,
traditional,osm,Intergate Seattle East Building 3,,Sabey,US,47.49348,-122.290465,exact,,,,,,,,,Tukwila,,293211686,
traditional,osm,Intergate Seattle East Building 4,,Digital Realty,US,47.493403,-122.28888,exact,,,,,,,,,Tukwila,,293211687,
traditional,osm,Intellicentre 4 Bunker,,Macquarie Telecom Group,AU,-35.301054,149.202111,exact,,,,,,,,IC4,,,293589187,
traditional,osm,RZ,,,DE,52.148761,11.636429,exact,,,,,,,,,,,295385404,
traditional,osm,,,,NL,52.357109,4.950762,exact,,,,,,,,,,,295731026,
traditional,osm,Flexential Allentown Data Center,,Flexential,US,40.635695,-75.457573,exact,,,,,,,,,Allentown,,296374269,
traditional,osm,NORD-2,,,RU,55.88594,37.513952,exact,,,,,,,,,Москва,,296430024,
traditional,osm,NORD-1,,,RU,55.885886,37.513525,exact,,,,,,,,,Москва,,296430025,
traditional,osm,,,NetCologne,DE,51.015635,6.901261,exact,,,,,,,,,Köln,,296921462,
traditional,osm,Digital Realty ACC4,,Digital Realty,US,39.017859,-77.462471,exact,,,,,,,,ACC4,Ashburn,,298126010,
traditional,osm,Equinix Ashburn DC1,,Equinix,US,39.015558,-77.460328,exact,,,,,,,,DC1,Ashburn,Dominion (VEPCO),298127059,
traditional,osm,Equinix Ashburn DC5,,Equinix,US,39.015965,-77.461223,exact,,,,,,,,DC5,Ashburn,,298127361,
traditional,osm,Equinix Ashburn DC11,,Equinix,US,39.014891,-77.458799,exact,,,,,,,,DC11,Ashburn,,298127420,
traditional,osm,Equinix Ashburn DC3,,Equinix,US,39.022358,-77.461092,exact,,,,,,,,DC3,Ashburn,Dominion (VEPCO),298242260,
traditional,osm,Digital Realty ACC3,,Digital Realty,US,39.01988,-77.459803,exact,,,,,,,,ACC3,Ashburn,Dominion (VEPCO),298242335,
traditional,osm,,,,LS,-29.306396,27.476647,exact,,,,,,,,,,,298591665,
traditional,osm,,,,LT,54.611552,25.119506,exact,,,,,,,,,,,299217606,
traditional,osm,CoreSite SV2,,"CoreSite Real Estate 1656 McCarthy, L.P.",US,37.405686,-121.91626,exact,,,,,,,,SV2,Milpitas,,299388896,
traditional,osm,Amazon IAD76,,Amazon Web Services,US,38.993794,-77.450509,exact,,,,,,,,IAD76,Sterling,,299927846,
traditional,osm,Amazon IAD12,,Amazon Web Services,US,38.988724,-77.447671,exact,,,,,,,,Amazon IAD12,Sterling,Dominion (VEPCO),299929061,
traditional,osm,Digital Realty ACC5,,Digital Realty,US,39.020158,-77.463103,exact,,,,,,,,ACC5,Ashburn,,300162674,
traditional,osm,Digital Realty ACC6,,Digital Realty,US,39.021026,-77.463551,exact,,,,,,,,ACC6,Ashburn,,300162675,
traditional,osm,Level 3 Ashburn,,Lumen Technologies,US,39.022182,-77.457609,exact,,,,,,,,,Ashburn,,300162689,
traditional,osm,Centersquare IAD4-B,,Centersquare,US,39.022168,-77.453595,exact,,,,,,,,IAD4-B,Ashburn,,300163074,
traditional,osm,NTT Ashburn VA1 Data Center,,NTT,US,39.022744,-77.454891,exact,,,,,,,,VA1,Ashburn,Dominion (VEPCO),300163083,
traditional,osm,Digital Realty Phoenix PHX15,,Digital Realty,US,33.274923,-111.886638,exact,,,,,,,,PHX15,Chandler,,300952513,
traditional,osm,H5 Phoenix,,H5,US,33.276999,-111.885891,exact,,,,,,,,Phoenix,Chandler,,300959969,
traditional,osm,CyrusOne PHX1,,CyrusOne,US,33.270878,-111.881995,exact,,,,,,,,PHX1,Chandler,,300959970,
traditional,osm,Equinix DC13,,Equinix,US,39.012562,-77.475405,exact,,,,,,,,DC13,Ashburn,Dominion (VEPCO),300969250,
traditional,osm,Digital Realty Northern Virginia IAD14,,Digital Realty,US,39.003336,-77.487094,exact,,,,,,,,IAD14,Ashburn,Dominion (VEPCO),300969614,
traditional,osm,Amazon Web Services Building C,,Amazon Web Services,US,39.002752,-77.485449,exact,,,,,,,,,,Dominion (VEPCO),300969615,
traditional,osm,Digital Realty Northern Virginia IAD12,,Digital Realty,US,39.002023,-77.483347,exact,,,,,,,,IAD12,Ashburn,Dominion (VEPCO),300969616,
traditional,osm,Digital Realty Building A,,Digital Realty,US,39.002741,-77.481957,exact,,,,,,,,,,Dominion (VEPCO),300969617,
traditional,osm,Digital Realty Northern Virginia IAD24,,Digital Realty,US,39.004319,-77.484415,exact,,,,,,,,IAD24,Ashburn,,300969619,
traditional,osm,Databank Ashburn IAD1,,DataBank,US,39.015488,-77.482156,exact,,,,,,,,IAD1,Ashburn,,300970759,
traditional,osm,DataBank Ashburn IAD4,,DataBank,US,39.015487,-77.483348,exact,,,,,,,,IAD4,Ashburn,,300970761,
traditional,osm,Apple Data Center,,Apple Inc.,US,33.347033,-111.604142,exact,,,,,,,,,Mesa,,300974499,
traditional,osm,Equinix TR2,,Equinix,CA,43.650928,-79.361767,exact,,,,,,,,TR2,Toronto,,302107922,
traditional,osm,Lanis 1 Cable Landing Station,,Cable & Wireless,GB,53.776567,-3.030231,exact,,,,,,,,,,,303243253,
traditional,osm,Centro de Informática (CPD),,,BR,-15.772749,-47.865775,exact,,,,,,,,,,,304507029,
traditional,osm,Centrum Technologii ICM UW,,,PL,52.320733,21.016679,exact,,,,,,,,,Warszawa,,304647589,
traditional,osm,UHG Data Center,,,US,44.808331,-93.634304,exact,,,,,,,,,Chaska,,304754549,
traditional,osm,West Cambridge Data Centre,,University of Cambridge,GB,52.208896,0.079334,exact,,,,,,,,W129,Cambridge,,305726393,
traditional,osm,,,,HK,22.289086,114.271977,exact,,,,,,,,,,,311415189,
traditional,osm,noris network FRA1,,noris network AG,DE,50.16292,8.532588,exact,,,,,,,,,Schwalbach am Taunus,,313208490,
traditional,osm,Etix Vendée #2,,,FR,46.515478,-1.747825,exact,,,,,,,,,Olonne-sur-Mer,,313238933,
traditional,osm,,,,CO,4.754528,-74.064846,exact,,,,,,,,,,,313507898,
traditional,osm,Skewjack Cable Landing Station,,,GB,50.063902,-5.67464,exact,,,,,,,,,,,313738624,
traditional,osm,Lands End Cable Landing Station,,BT,GB,50.066821,-5.671867,exact,,,,,,,,,,,313739698,
traditional,osm,HSBC Wakefield Data Centre,,,GB,53.703494,-1.377013,exact,,,,,,,,,,,314914896,
traditional,osm,,,,HU,48.098562,20.839196,exact,,,,,,,,,,,315242736,
traditional,osm,,,,BR,-22.988549,-43.440903,exact,,,,,,,,,,,315703772,
traditional,osm,,,,AR,-34.57379,-58.445413,exact,,,,,,,,,,,317407357,
traditional,osm,VISA,,VISA,US,42.216776,-87.95293,exact,,,,,,,,,Vernon Hills,,317466755,
traditional,osm,John F. Simms Building,,SONM,US,35.672458,-105.95658,exact,,,,,,,,Simms,Santa Fe,,318069356,
traditional,osm,Data Centre,,,NZ,-36.751967,174.705376,exact,,,,,,,,,,,318913522,
traditional,osm,,,,NZ,-36.750004,174.696389,exact,,,,,,,,,,,318922312,
traditional,osm,,,,NZ,-36.749978,174.696733,exact,,,,,,,,,,,318922336,
traditional,osm,Spark Data Centre,,,NZ,-36.74975,174.700571,exact,,,,,,,,,Auckland,,318922364,
traditional,osm,Lumen San Antonio 2,,Lumen Technologies,US,29.438279,-98.506522,exact,,,,,,,,,,,319857331,
traditional,osm,,,data4,FR,48.651069,2.225955,exact,,,,,,,,,,,320306630,
traditional,osm,Data4 Marcoussis,,Data4,FR,48.650279,2.228042,exact,,,,,,,,,Marcoussis,,320306631,
traditional,osm,,,TPG Telecom Limited,AU,-33.832737,151.057517,exact,,,,,,,,,,,320330253,
traditional,osm,Datacom Data Centre,,,NZ,-36.740744,174.728914,exact,,,,,,,,,,,320642071,
traditional,osm,Plan B Data Centre,,,NZ,-36.742642,174.721246,exact,,,,,,,,,,,320648900,
traditional,osm,Umbrellar Data Centre,,,NZ,-36.7433,174.7233,exact,,,,,,,,,,,320648944,
traditional,osm,Digital Realty LHR20,,Digital Realty,GB,51.499839,-0.011065,exact,,,,,,,,,London,,320724394,
traditional,osm,Meta,,Meta,US,44.295942,-120.887274,exact,,,,,,,,,,,321385147,
traditional,osm,Cyxtera Toronto YYZ1,,Cyxtera,CA,43.594507,-79.753128,exact,,,,,,,,,,,322816286,
traditional,osm,,,Google,FI,60.538328,27.112035,exact,,,,,,,,LPP,Hamina,,323686447,
traditional,osm,,,,NZ,-36.792487,174.748189,exact,,,,,,,,,,,324441696,
traditional,osm,Adobe Data Center,,,US,45.550197,-122.931673,exact,,,,,,,,,Hillsboro,,325096144,
traditional,osm,Digital Realty FRA7,,Digital Realty,DE,50.119493,8.734692,exact,,,,,,,,,Frankfurt am Main,,326082813,
traditional,osm,Digital Realty FRA10,,Digital Realty,DE,50.119508,8.738424,exact,,,,,,,,,Frankfurt am Main,,326082814,
traditional,osm,西日本電話電信白島ビル,,,JP,34.834732,135.495541,exact,,,,,,,,,,,326480223,
traditional,osm,Digital Realty FRA5,,Digital Realty,DE,50.120395,8.736922,exact,,,,,,,,,Frankfurt am Main,,326823358,
traditional,osm,TGN Hillsboro,,Tata Communications,US,45.546514,-122.893791,exact,,,,,,,,,Hillsboro,,328702348,
traditional,osm,Stack Infrastructure - POR02,,Stack Infrastructure,US,45.547376,-122.897387,exact,,,,,,,,POR02A,Hillsboro,,328702378,
traditional,osm,Oracle,,,US,45.543915,-122.896479,exact,,,,,,,,,Hillsboro,,328702401,
traditional,osm,Digital Realty PDX10 Data Center,,Digital Realty,US,45.547607,-122.891952,exact,,,,,,,,,Hillsboro,,328702750,
traditional,osm,Flexential Portland - Hillsboro 1,,Flexential,US,45.549825,-122.890845,exact,,,,,,,,,Hillsboro,,328703598,
traditional,osm,Flexential Portland - Hillsboro 1,,Flexential,US,45.550371,-122.892151,exact,,,,,,,,,Hillsboro,,328703599,
traditional,osm,,,,PL,52.407237,16.953788,exact,,,,,,,,,Poznań,,328866887,
traditional,osm,Manukau Datacenter,,Vodafone,NZ,-36.987206,174.87076,exact,,,,,,,,,,,328914458,
traditional,osm,Flexential Louisville - East,,Flexential,US,38.277191,-85.50724,exact,,,,,,,,,Louisville,,329551673,
traditional,osm,Flexential Louisville - Downtown,,Flexential,US,38.242501,-85.733336,exact,,,,,,,,,Louisville,,330276516,
traditional,osm,Bundesnachrichtendienst Pullach Rechenzentrum,,Bundesnachrichtendienst,DE,48.063918,11.533366,exact,,,,,,,,,,,330751320,
traditional,osm,Verizon Hillsboro (Tanasbourne) Data Center,,Verizon Business,US,45.544618,-122.882338,exact,,,,,,,,,Hillsboro,,331132308,
traditional,osm,,,Telia Carrier Austria GmbH,AT,48.187921,15.614513,exact,,,,,,,,,St. Pölten,,332254967,
traditional,osm,Data Centre,,,NZ,-36.94807,174.902289,exact,,,,,,,,,,,333031338,
traditional,osm,,,,DE,50.914343,6.38548,exact,,,,,,,,,,,333163639,
traditional,osm,NextDC M1 Melbourne Data Centre,,NextDC,AU,-37.822643,144.932249,exact,,,,,,,,M1,,,333179191,
traditional,osm,,,,RU,55.931067,37.779873,exact,,,,,,,,,,,333961114,
traditional,osm,TelemaxX IPC3,,TelemaxX Telekommunikation GmbH,DE,49.020097,8.478267,exact,,,,,,,,,Karlsruhe,,334161493,
traditional,osm,Terminal Commerce Building,,,US,39.959812,-75.160833,exact,,,,,,,,,Philadelphia,,334264478,
traditional,osm,万国数据深圳3号数据中心,,万国数据,CN,22.507247,114.045075,exact,,,,,,,,,深圳,,334642251,
traditional,osm,TierPoint,,,US,47.671915,-117.095932,exact,,,,,,,,,,,335468616,
traditional,osm,Baltimore Technology Park,,,US,39.275367,-76.62551,exact,,,,,,,,,Baltimore,,336387583,
traditional,osm,NORD-4,,DataLine,RU,55.886563,37.51336,exact,,,,,,,,,,,336911236,
traditional,osm,NORD-3,,,RU,55.886209,37.51228,exact,,,,,,,,,,,336911237,
traditional,osm,Intergate Seattle West Building C,,Sabey,US,47.494123,-122.294397,exact,,,,,,,,,Tukwila,,337126739,
traditional,osm,Intergate Seattle West Building B,,Sabey,US,47.493074,-122.293684,exact,,,,,,,,,Tukwila,,337126741,
traditional,osm,Intergate Seattle West Building A,,Sabey,US,47.492183,-122.293318,exact,,,,,,,,,Tukwila,,337126742,
traditional,osm,Vantage WA11,,,US,47.250165,-119.81449,exact,,,,,,,,,,,337127817,
traditional,osm,NTT Data Quincy,,NTT,US,47.24358,-119.865748,exact,,,,,,,,,,,337127824,
traditional,osm,,,,US,47.238819,-119.859359,exact,,,,,,,,,,,337127832,
traditional,osm,,,,US,47.238262,-119.859366,exact,,,,,,,,,,,337127833,
traditional,osm,Polcom Data Center Skawina,,Polcom,PL,49.987974,19.837863,exact,,,,,,,,,Skawina,,338383130,
traditional,osm,,,Chorus,NZ,-36.77659,174.558766,exact,,,,,,,,,,,339071963,
traditional,osm,Geneseo Communications Inc,,,US,41.550269,-90.482409,exact,,,,,,,,,,,342664739,
traditional,osm,Lumen Minneapolis 3,,Lumen Technologies,US,44.988766,-93.27661,exact,,,,,,,,,Minneapolis,,343333944,
traditional,osm,,,,US,41.90534,-88.219506,exact,,,,,,,,,West Chicago,,343593591,
traditional,osm,Centro Tecnológico Caixa,,,BR,-15.791646,-47.91064,exact,,,,,,,,,,,343937843,
traditional,osm,Swisscom Lausanne-Savoie,,Swisscom,CH,46.520343,6.623446,exact,,,,,,,,Lausanne-Savoie,,,344735265,
traditional,osm,,,,US,40.55284,-74.456687,exact,,,,,,,,,,,345650474,
traditional,osm,,,,DE,53.218439,8.243389,exact,,,,,,,,,Rastede,,348249606,
traditional,osm,,,Verizon Wireless,US,39.717197,-85.941411,exact,,,,,,,,,New Palestine,,349925359,
traditional,osm,,,中国电信,CN,31.307731,120.663945,exact,,,,,,,,,,,350123835,
traditional,osm,COSMOTE,,,GR,39.619776,19.919108,exact,,,,,,,,,,,352365291,
traditional,osm,,,,JP,35.807749,140.121643,exact,,,,,,,,,印西市,,352629530,
traditional,osm,SCSK netXDC,,,JP,35.809335,140.120069,exact,,,,,,,,,印西市,,352629531,
traditional,osm,,,,US,40.784735,-74.064354,exact,,,,,,,,,,,354590432,
traditional,osm,,,,LT,54.687255,25.216086,exact,,,,,,,,,,,355168270,
traditional,osm,Nxtra Data Chennai,,,IN,12.83061,80.221016,exact,,,,,,,,,,,355599482,
traditional,osm,Flexential Salt Lake City - South Valley,,Flexential,US,40.620352,-111.986047,exact,,,,,,,,,West Jordan,,355926681,
traditional,osm,Digital Realty Silicon Valley SC1,,Digital Realty,US,37.361647,-121.943978,exact,,,,,,,,,Santa Clara,,358455179,
traditional,osm,QES Computers,,,US,37.699475,-121.9038,exact,,,,,,,,,,,358946546,
traditional,osm,@Tokyo Chuo Center (CC1 & CC2),,,JP,35.648525,139.792698,exact,,,,,,,,,,,359486766,
traditional,osm,Seixal Colocation Site,,TATA Communications,PT,38.600002,-9.159857,exact,,,,,,,,,,,359617354,
traditional,osm,Ecocenter,,Nexeren,FR,45.831241,3.115086,exact,,,,,,,,,,,359652564,
traditional,osm,,,,AE,25.028102,55.185134,exact,,,,,,,,,,,359732953,
traditional,osm,Equinix Dubai DX1,,Equinix,AE,25.025969,55.186783,exact,,,,,,,,DX1,,,359732955,
traditional,osm,Equinix SE3 Data Center,,Equinix,US,47.614423,-122.339743,exact,,,,,,,,SE3,Seattle,,359930465,
traditional,osm,IT- und Data Center Urfahr,,LINZ STROM GAS WÄRME GmbH,AT,48.324212,14.300011,exact,,,,,,,,,Linz,,362597613,
traditional,osm,QTS Piscataway Data Center,,Quality Technology Services,US,40.556943,-74.483917,exact,,,,,,,,NJ1,Piscataway,,362662493,
traditional,osm,AiNET,,,US,39.05284,-76.925925,exact,,,,,,,,,,,363017375,
traditional,osm,Microsoft,,Microsoft,US,29.47827,-98.690685,exact,,,,,,,,,San Antonio,,364289073,
ai,osm+epoch,Microsoft San Antonio,Microsoft SAT14,Microsoft,US,29.479881,-98.692534,exact,47.0,45174,"H100, B300",,,1.7804540000000002,"3545 Wiseman Boulevard, San Antonio, TX 78251",,San Antonio,,364289074,yes
traditional,osm,Microsoft,,Microsoft,US,29.481054,-98.69657,exact,,,,,,,,,San Antonio,,364289077,
traditional,osm,,,Goldman Sachs,GB,51.135464,-0.041991,exact,,,,,,,,,East Grinstead,,364385695,
traditional,osm,Equinix OT1,,Equinix,CA,45.57467,-75.398413,exact,,,,,,,,,Gatineau,,365733781,
traditional,osm,,,Claro,PR,18.446827,-66.051687,exact,,,,,,,,,,,365941471,
traditional,osm,Lumen Norristown,,Lumen Technologies,US,40.127067,-75.408659,exact,,,,,,,,,,,366049843,
traditional,osm,Centre de Processament de Dades IBM,,,ES,41.489818,2.108073,exact,,,,,,,,,,,368613614,
traditional,osm,Equinix DC7,,Equinix,US,38.909139,-77.220557,exact,,,,,,,,DC7,,Dominion (VEPCO),368724474,
traditional,osm,Element Critical VA1,,,US,38.908367,-77.219744,exact,,,,,,,,,,,368724479,
traditional,osm,AAPT Data Centre,,,AU,-37.820208,145.007628,exact,,,,,,,,,,,368744656,
traditional,osm,Datacenter Gent,,Datacenter United,BE,51.027089,3.683385,exact,,,,,,,,DCG,,,368995283,
traditional,osm,Pittock Block,,,US,45.521544,-122.680704,exact,,,,,,,,,Portland,,369452572,
traditional,osm,Data Center,,Oregon Health & Science University,US,45.526684,-122.875505,exact,,,,,,,,,,,369728508,
traditional,osm,NTT Zurich 1 Data Center,,NTT,CH,47.448571,8.540876,exact,,,,,,,,,,,370529088,
traditional,osm,KBC Adatközpont,,,HU,47.442896,18.883136,exact,,,,,,,,,,,370602006,
traditional,osm,BrainServe,,,CH,46.546506,6.573289,exact,,,,,,,,,Crissier,,372812521,
traditional,osm,Cisco Allen,,,US,33.135962,-96.660992,exact,,,,,,,,,,,373913881,
traditional,osm,Meta,,Meta,US,44.294973,-120.883973,exact,,,,,,,,,,,373945186,
traditional,osm,Six Degrees Data Centre,,Six Degrees,GB,51.493517,0.030008,exact,,,,,,,,,,,375842477,
traditional,osm,Six Degrees Data Centre,,Six Degrees,GB,51.49371,0.031064,exact,,,,,,,,,,,375842478,
traditional,osm,CSSNW Bellingham,,CSS Communications,US,48.75726,-122.480548,exact,,,,,,,,,,,376627431,
traditional,osm,EdgeConneX CHI02,,EdgeConneX,US,42.001495,-87.952562,exact,,,,,,,,CHI02,Elk Grove Village,,377032058,
traditional,osm,Equinix Chicago CH3,,Equinix,US,42.001221,-87.9552,exact,,,,,,,,CH3,Elk Grove Village,,377032061,
traditional,osm,Element Critical CH2,,Element Critical,US,41.974227,-87.967176,exact,,,,,,,,CH2,Wood Dale,,377212693,
traditional,osm,Centersquare Elk Grove Village Data Center Campus ORD2,,Centersquare,US,41.992088,-87.958014,exact,,,,,,,,ORD2,Elk Grove Village,,377345296,
traditional,osm,Flexential Denver - Englewood,,Flexential,US,39.558994,-104.837556,exact,,,,,,,,,Englewood,,377545385,
traditional,osm,EdgeConneX Detroit DET01,,EdgeConneX,US,42.447669,-83.262634,exact,,,,,,,,DET01,,,377585075,
traditional,osm,南大嶼山海底電纜站 South Lantau Submarine Cable Station,,,HK,22.225197,113.929423,exact,,,,,,,,,,,377876206,
traditional,osm,,,,DE,50.477629,12.335051,exact,,,,,,,,,,,377998104,
traditional,osm,Lumen Austin 3,,Lumen Technologies,US,30.261396,-97.723597,exact,,,,,,,,,,,379195054,
traditional,osm,Alpheus DataCenter,,Alpheus,US,30.261053,-97.722122,exact,,,,,,,,,Austin,,379199519,
traditional,osm,Digital Realty Austin AUS11,,,US,30.212156,-97.695756,exact,,,,,,,,AUS11,Austin,,379204279,
traditional,osm,LightEdge Austin II,,,US,30.200677,-97.707046,exact,,,,,,,,,Austin,,379204643,
traditional,osm,CyrusOne Austin Data Center II,,,US,30.205921,-97.697951,exact,,,,,,,,AUS2,,,379204766,
traditional,osm,Data Foundry Austin 1 Data Center,,,US,30.215504,-97.696074,exact,,,,,,,,,,,379205427,
traditional,osm,itQ Data Center,,,PL,51.072325,17.029402,exact,,,,,,,,,Wrocław,,379736049,
traditional,osm,Equinix FR2,,Equinix,DE,50.143002,8.739218,exact,,,,,,,,FR2,Frankfurt am Main,,380134092,
traditional,osm,VISA Data Center,,,US,39.048766,-77.445397,exact,,,,,,,,,Ashburn,,380282154,
traditional,osm,STT MediaHub,,,SG,1.292241,103.791888,exact,,,,,,,,,Singapore,,380518633,
traditional,osm,LightEdge Austin I,,,US,30.214297,-97.712667,exact,,,,,,,,,,,382785871,
traditional,osm,Skybox Chicago I,,Skybox,US,41.993661,-87.973521,exact,,,,,,,,Chicago I,Elk Grove Village,,383545769,
traditional,osm,Hurricane Electric Fremont 1,,Hurricane Electric,US,37.489885,-121.931024,exact,,,,,,,,fmt1,Fremont,,383728972,
traditional,osm,,,Aligned Data Centers,US,41.432198,-82.718957,exact,,,,,,,,,,,383796776,
traditional,osm,Lumen Austin 1,,,US,30.1965,-97.712402,exact,,,,,,,,,,,383888101,
traditional,osm,Data Foundry - Texas 1,,,US,30.198907,-97.713784,exact,,,,,,,,,Austin,,383888914,
traditional,osm,XO Fremont,,XO,US,37.475325,-121.922107,exact,,,,,,,,,,,384310259,
traditional,osm,Hurricane Electric Fremont 2,,Hurricane Electric,US,37.471834,-121.920291,exact,,,,,,,,fmt2,Fremont,,384310269,
traditional,osm,Element Critical,,,US,30.342803,-97.696174,exact,,,,,,,,,,,384396017,
traditional,osm,Element Critical CH1,,Element Critical,US,41.975732,-87.964691,exact,,,,,,,,CH1,Wood Dale,,384690290,
traditional,osm,165 Halsey / Equinix NY1 / Databank EWR1,,Tishman,US,40.73673,-74.173888,exact,,,,,,,,,Newark,,387208881,
traditional,osm,QTS Suwanee Data Center 1,,Quality Technology Services,US,34.035396,-84.061106,exact,,,,,,,,,,,387378765,
traditional,osm,QTS Suwanee Data Center 2,,Quality Technology Services,US,34.037062,-84.057696,exact,,,,,,,,,,,387379196,
traditional,osm,aixit GmbH,,,DE,50.100548,8.629063,exact,,,,,,,,,Frankfurt am Main,,387918535,
traditional,osm,TierPoint Little Rock,,,US,34.75624,-92.444723,exact,,,,,,,,,,,388148510,
traditional,osm,Datacenter Burcht,,Datacenter United / DCstar nv,BE,51.211078,4.346999,exact,,,,,,,,DCB,,,389875923,
traditional,osm,Microsoft,,Microsoft,TT,10.671774,-61.539361,exact,,,,,,,,,Mucurapo,,389904565,
traditional,osm,Equinix SV6,,Equinix,US,37.399626,-122.014558,exact,,,,,,,,SV6,Sunnyvale,,390287635,
traditional,osm,Keppel DC Singapore 5,,,SG,1.31958,103.700204,exact,,,,,,,,,Singapore,,391262514,
traditional,osm,Flexential Atlanta - Norcross,,Flexential,US,33.95474,-84.198525,exact,,,,,,,,,Norcross,,392324240,
traditional,osm,Iron Mountain London LON-1,,Iron Mountain,GB,51.526796,-0.63332,exact,,,,,,,,,Slough,,393243674,
traditional,osm,NEXTDC - S1 Sydney,,NextDC,AU,-33.785183,151.131506,exact,,,,,,,,S1,,,394251157,
traditional,osm,Centersquare Lynnwood SE1,,Centersquare,US,47.841809,-122.301665,exact,,,,,,,,SE1,Lynnwood,,396296733,
traditional,osm,GAD-Rechenzentrum 2,,Atruvia AG,DE,51.893474,7.596304,exact,,,,,,,,2,Münster,,397803546,
traditional,osm,Apple,,Apple Inc.,US,44.289415,-120.875077,exact,,,,,,,,,,,397914434,
traditional,osm,Ministry of Government Services Data Centre,,The Government of Ontario,CA,43.484099,-80.194152,exact,,,,,,,,,Guelph,,398917168,
traditional,osm,,,,RU,56.003605,37.157298,exact,,,,,,,,,,,400053469,
traditional,osm,Walmart Colorado Data Center,,Walmart,US,38.985733,-104.787263,exact,,,,,,,,,,,400540223,
traditional,osm,,,,GB,53.709111,-1.884853,exact,,,,,,,,,,,403124342,
traditional,osm,,,,GB,53.70842,-1.883349,exact,,,,,,,,,,,403124345,
traditional,osm,Digital Realty FRA11,,Digital Realty,DE,50.119739,8.739034,exact,,,,,,,,,Frankfurt am Main,,403874334,
traditional,osm,Scientific Computing Center,,,DE,49.096035,8.432454,exact,,,,,,,,,,,404645122,
traditional,osm,Verizon,,,US,41.338343,-96.027802,exact,,,,,,,,,Omaha,,405034574,
traditional,osm,Verizon,,,US,41.338444,-96.028618,exact,,,,,,,,,Omaha,,405034584,
traditional,osm,,,1&1 Internet SE,DE,48.972134,8.128248,exact,,,,,,,,,,,406798589,
traditional,osm,George C. Wallace Alabama Supercomputer Center,,Alabama Supercomputer Authority,US,34.73654,-86.673102,exact,,,,,,,,,Huntsville,,408012357,
traditional,osm,Equinix,,Equinix,US,33.850752,-118.304081,exact,,,,,,,,LA7,Torrance,,409027020,
traditional,osm,Digital Realty Chicago ORD12,,Digital Realty,US,41.928356,-87.859255,exact,,,,,,,,ORD12,Franklin Park,,409296605,
traditional,osm,Pusdatin Unpatti,,Universitas Pattimura,ID,-3.654324,128.194499,exact,,,,,,,,,,,409707108,
traditional,osm,Spark Data Centre,,Spark New Zealand,NZ,-43.49248,172.545596,exact,,,,,,,,,Christchurch,,409891677,
traditional,osm,HP Secure,,,NZ,-43.500797,172.541459,exact,,,,,,,,,,,409891699,
traditional,osm,Rechenzentrum KÜS Data,,,DE,49.505053,6.804246,exact,,,,,,,,,Losheim am See,,410035541,
traditional,osm,,,,US,47.237669,-119.864626,exact,,,,,,,,,,,410408067,
traditional,osm,Microsoft,,Microsoft,US,47.239478,-119.883009,exact,,,,,,,,,,,410408073,
traditional,osm,Microsoft,,Microsoft,US,47.238575,-119.88308,exact,,,,,,,,,,,410408074,
traditional,osm,,,,US,47.239488,-119.859406,exact,,,,,,,,,,,410408079,
traditional,osm,IXcellerate North MOS 3,,IXcellerate,RU,55.863374,37.578219,exact,,,,,,,,MOS 1,,,413169015,
traditional,osm,noris Munich MUC5,,noris,DE,48.161286,11.737677,exact,,,,,,,,MUC5,,,413681245,
traditional,osm,,,,US,41.126294,-104.901853,exact,,,,,,,,,,,414055239,
traditional,osm,Polcom Data Center Alwernia,,Polcom,PL,50.096921,19.556126,exact,,,,,,,,,Grojec,,414767154,
traditional,osm,Mainova WebHouse,,,DE,50.135943,8.738546,exact,,,,,,,,MWH01.1,Frankfurt am Main,,416139055,
traditional,osm,KOMO Plaza East,,,US,47.619233,-122.348287,exact,,,,,,,,,Seattle,,417682780,
traditional,osm,KOMO Plaza West,,,US,47.61896,-122.348526,exact,,,,,,,,,Seattle,,417682781,
traditional,osm,Datové centrum Kokura,,,CZ,50.117263,14.592898,exact,,,,,,,,ko,,,418593276,
traditional,osm,CNRS,,,FR,48.649799,2.228083,exact,,,,,,,,,,,421253670,
traditional,osm,,,data4,FR,48.651187,2.225048,exact,,,,,,,,,,,421253671,
traditional,osm,Fidelity,,Fidelity,US,41.165524,-96.083367,exact,,,,,,,,,,,421273622,
traditional,osm,Turkcell Gebze Veri Merkezi,,Turkcell Superonline,TR,40.823404,29.44526,exact,,,,,,,,,,,422730372,
traditional,osm,,,Centurylink,US,33.917728,-118.386223,exact,,,,,,,,,El Segundo,,424945736,
traditional,osm,Serverfarm - LAX1,,Serverfarm LLC.,US,33.921742,-118.386459,exact,,,,,,,,LAX1,El Segundo,,424945845,
traditional,osm,DRT LAX12,,Digital Realty,US,33.915659,-118.384619,exact,,,,,,,,LAX4,El Segundo,,424945852,
traditional,osm,Google - Thornton,,Google,US,39.922465,-104.983425,exact,,,,,,,,,Thorton,,426586135,
traditional,osm,DRT LAX10,,,US,34.04733,-118.25751,exact,,,,,,,,LAX6,,,428021796,
traditional,osm,One Wilshire,,,US,34.047888,-118.255541,exact,,,,,,,,,Los Angeles,,428021816,
traditional,osm,,,Bank of America,US,37.494395,-77.237487,exact,,,,,,,,,,,429040021,
traditional,osm,Firmus LST01,,Firmus,AU,-41.440825,147.176543,exact,,,,,,,,LST01,,,429540795,
traditional,osm,UF Research Computing Center,,University of Florida,US,29.672591,-82.299929,exact,,,,,,,,1635,Gainesville,,429782814,
traditional,osm,中華電信,,,TW,22.668423,121.468994,exact,,,,,,,,,,,430604130,
traditional,osm,,,,DE,49.449552,11.014247,exact,,,,,,,,,,,432584964,
traditional,osm,"CyrusOne NVA1, NVA2 & NVA3",,CyrusOne,US,39.025902,-77.41447,exact,,,,,,,,NVA1;NVA2;NVA3,Sterling,,435324552,
traditional,osm,NAP of the Americas,,,US,25.782389,-80.19308,exact,,,,,,,,,Miami,,435518280,
traditional,osm,,,,US,25.797545,-80.230034,exact,,,,,,,,,Miami,,435531451,
traditional,osm,AMS06,,Microsoft,NL,52.763623,5.037588,exact,,,,,,,,AMS06,,,435698610,
traditional,osm,AMS06,,Microsoft,NL,52.76452,5.037581,exact,,,,,,,,AMS06,,,435698611,
traditional,osm,CyrusOne NVA5,,CyrusOne,US,39.024356,-77.4341,exact,,,,,,,,NVA5,Sterling,Dominion (VEPCO),435817145,
traditional,osm,Unidade Técnica de Aeronavegação - REDE (SERRAMAR),,INFRAERO;DECA;Governo Federal,BR,-23.890751,-46.528299,exact,,,,,,,,,São Bernardo do Campo,,436179911,
traditional,osm,SDC - София,,Neterra,BG,42.656309,23.369301,exact,,,,,,,,,,,436617258,
traditional,osm,Google Data Center Fredericia,,Google,DK,55.557974,9.653174,exact,,,,,,,,,,,436766762,
traditional,osm,,,,CA,43.604881,-79.740135,exact,,,,,,,,,,,437396883,
traditional,osm,Microsoft DUB03 / DUB04,,Microsoft,IE,53.324834,-6.45426,exact,,,,,,,,DUB03 / DUB04,,,438036943,
traditional,osm,Microsoft DUB05,,Microsoft,IE,53.324157,-6.455481,exact,,,,,,,,DUB05,,,438036944,
traditional,osm,Microsoft,,Microsoft,US,41.540609,-93.824843,exact,,,,,,,,,,,438077632,
traditional,osm,Facebook Altoona Data Center 1,,Meta,US,41.664248,-93.514758,exact,,,,,,,,,,,438078069,
traditional,osm,Facebook Altoona Data Center 2,,Meta,US,41.665512,-93.508209,exact,,,,,,,,,,,438078070,
traditional,osm,KBC Adatközpont,,KBC GHB,HU,47.27669,18.74053,exact,,,,,,,,,,,439230488,
traditional,osm,Virginia Information Technologies Agency,,,US,37.360703,-77.331806,exact,,,,,,,,,,,439365340,
traditional,osm,Maxxam Analytics International Inc.,,,CA,43.60568,-79.741216,exact,,,,,,,,,,,440105283,
traditional,osm,Lumen Technologies,,,US,33.716776,-117.805776,exact,,,,,,,,,Tustin,,441502816,
traditional,osm,,,Equinix,NL,52.354723,4.96162,exact,,,,,,,,,,,441605807,
traditional,osm,,,,RU,46.910213,142.760326,exact,,,,,,,,,Южно-Сахалинск,,442479059,
traditional,osm,Equinix International Business Exchange SY2 Data Center,,Equinix,AU,-33.921635,151.188102,exact,,,,,,,,SY2,,,443593674,
traditional,osm,Spark Data Centre,,Spark,NZ,-37.031471,174.924655,exact,,,,,,,,,,,444102062,
traditional,osm,Lumen,,Lumen Technologies,US,47.654226,-117.420001,exact,,,,,,,,,Spokane,,444683815,
traditional,osm,,,,PL,52.111289,20.600233,exact,,,,,,,,,Grodzisk Mazowiecki,,445324887,
traditional,osm,,,Santander,GB,52.58338,-1.208978,exact,,,,,,,,,,,447240912,
traditional,osm,NTT Slough,,NTT,GB,51.517019,-0.616024,exact,,,,,,,,,,,447245005,
traditional,osm,Digital Realty LHR26,,Digital Realty,GB,51.516456,-0.617916,exact,,,,,,,,LHR26,Slough,,447245008,
traditional,osm,Kao Data KLON-06,,Kao Data,GB,51.51557,-0.616272,exact,,,,,,,,,Slough,,447245009,
traditional,osm,Digital Realty LHR27,,Digital Realty,GB,51.516715,-0.61885,exact,,,,,,,,LHR27,Slough,,447320367,
traditional,osm,,,,US,43.067297,-89.436704,exact,,,,,,,,,Madison,,447803368,
traditional,osm,,,,IT,43.657912,10.353347,exact,,,,,,,,,,,448297409,
traditional,osm,中華電信 新北三多測量台,,,TW,25.007331,121.412249,exact,,,,,,,,,新北市,,449246887,
traditional,osm,Equinix CU2,,Equinix,US,38.454844,-77.978132,exact,,,,,,,,,Culpeper,REC (co-op),450078003,
traditional,osm,,,,US,37.333633,-121.887964,exact,,,,,,,,,San Jose,,451413811,
traditional,osm,,,,US,40.784173,-74.065551,exact,,,,,,,,,,,451491797,
traditional,osm,Evocative Secaucus,,Evocative,US,40.787552,-74.06805,exact,,,,,,,,,,,451497833,
traditional,osm,BT Radianz: 492 River Road,,bt,US,40.821454,-74.134187,exact,,,,,,,,,,,452116337,
traditional,osm,,,,NL,53.425232,6.863571,exact,,,,,,,,,,,452352449,
traditional,osm,,,,NL,53.424791,6.86212,exact,,,,,,,,,,,452352450,
traditional,osm,,,Google,NL,53.42584,6.865746,exact,,,,,,,,,,,452352451,
traditional,osm,Centro de Datos GTD Surco,,GTD Chile,PE,-12.125554,-76.977465,exact,,,,,,,,,,,453074095,
traditional,osm,KT 용산 IDC,,KT,KR,37.535337,126.958951,exact,,,,,,,,,,,453640737,
traditional,osm,,,,BE,50.466112,3.86482,exact,,,,,,,,GBL2,,,453714808,
traditional,osm,Time Warner Datacenter,,,US,39.598961,-104.860378,exact,,,,,,,,,Centennial,,453969917,
traditional,osm,Time Warner Datacenter,,,US,39.599933,-104.86017,exact,,,,,,,,,Centennial,,453969923,
traditional,osm,CyrusOne Austin Data Center III,,,US,30.207006,-97.701132,exact,,,,,,,,AUS3,,,455171103,
traditional,osm,Computer Labs,,,MW,-15.776057,35.026918,exact,,,,,,,,,,,455411492,
traditional,osm,QTS Eemshaven Netherlands Data Center,,Quality Technology Services,NL,53.437501,6.858112,exact,,,,,,,,,Eemshaven,,455499803,
traditional,osm,Rosebank Exchange,,Telkom,ZA,-26.14682,28.043485,exact,,,,,,,,,,,455956943,
traditional,osm,,,,TW,25.029157,121.425958,exact,,,,,,,,,,,456509334,
traditional,osm,Digital Realty AMS8,,Digital Realty,NL,52.276541,4.743202,exact,,,,,,,,AMS8,,,456832369,
traditional,osm,,,,JP,35.610675,139.403494,exact,,,,,,,,,,,457994055,
traditional,osm,,,,JP,35.610123,139.402783,exact,,,,,,,,,,,457994056,
traditional,osm,Whitesands Cable Landing Station,,Level3 Communications,GB,50.080633,-5.675034,exact,,,,,,,,,,,458603045,
traditional,osm,,,Verizon,GB,50.074756,-5.684789,exact,,,,,,,,,,,458603047,
traditional,osm,,,Virgin Media,GB,50.069792,-5.677104,exact,,,,,,,,,,,458603048,
traditional,osm,ESAT 1 Cable Landing Station,,BT Ireland,GB,50.081169,-5.675187,exact,,,,,,,,,,,458603189,
traditional,osm,Level3 Cable Landing Station,,Lumen Technologies,GB,50.820882,-4.541141,exact,,,,,,,,,,,458775803,
traditional,osm,TAT14 Cable Landing Station,,BT,GB,50.819868,-4.530687,exact,,,,,,,,,,,458775806,
traditional,osm,,,Vodafone,GB,50.820819,-4.532563,exact,,,,,,,,,,,458775807,
traditional,osm,,,Verizon,GB,50.821158,-4.527831,exact,,,,,,,,,,,458775808,
traditional,osm,,,CapitaLand Ascendas REIT,GB,51.6199,-0.77903,exact,,,,,,,,,High Wycombe,,459025630,
traditional,osm,Apollo Cable Landing Station,,Apollo,US,40.157044,-74.101582,exact,,,,,,,,,,,459188722,
traditional,osm,Cable & Wireless Cable Landing Station,,,US,40.843652,-72.883376,exact,,,,,,,,,Shirley,,459188725,
traditional,osm,VIRTUS Slough London 3 and 4,,VIRTUS,GB,51.522822,-0.621345,exact,,,,,,,,LONDON4,Slough,,459572486,
traditional,osm,UBS Data Centre,,UBS,GB,51.506772,-0.427146,exact,,,,,,,,,Hayes,,459589221,
traditional,osm,Virtus London 10,,Virtus,GB,51.521433,-0.620939,exact,,,,,,,,,Slough,,459600800,
traditional,osm,Lumen,,Lumen Technologies,GB,51.522915,-0.617147,exact,,,,,,,,,,,459600829,
traditional,osm,,,,GB,51.530007,-0.255897,exact,,,,,,,,,,,459613192,
traditional,osm,Hetzner data center - HEL1,,Hetzner Finland Oy,FI,60.342334,25.031223,exact,,,,,,,,,,,459879213,
traditional,osm,Pulsant Milton Keynes SE-1,,Pulsant,GB,52.055074,-0.755382,exact,,,,,,,,SE-1,Milton Keynes,,460010262,
traditional,osm,,,,GB,52.054687,-0.757243,exact,,,,,,,,,,,460010263,
traditional,osm,Equinix Ashburn DC10,,Equinix,US,39.021005,-77.451489,exact,,,,,,,,DC10,Ashburn,Dominion (VEPCO),460050155,
traditional,osm,Amazon Web Services Datacenter Complex,,Amazon Web Services,US,39.026331,-77.451632,exact,,,,,,,,,,,460053028,
traditional,osm,Amazon Web Services,,Amazon Web Services,US,39.028807,-77.458838,exact,,,,,,,,,,Dominion (VEPCO),460053030,
traditional,osm,Amazon IAD-61,,Amazon Web Services,US,38.915805,-77.491987,exact,,,,,,,,Amazon IAD-61,,,460056017,
traditional,osm,,,,US,38.986515,-77.442256,exact,,,,,,,,,,,460056018,
traditional,osm,Amazon IAD51,,Amazon Web Services,US,38.991412,-77.436511,exact,,,,,,,,Amazon IAD51,,Dominion (VEPCO),460056019,
traditional,osm,Amazon IAD56,,Amazon Web Services,US,38.99057,-77.437059,exact,,,,,,,,Amazon IAD56,,Dominion (VEPCO),460056020,
traditional,osm,Amazon IAD16,,Amazon Web Services,US,38.990686,-77.44884,exact,,,,,,,,Amazon IAD16,Sterling,Dominion (VEPCO),460056023,
traditional,osm,Amazon IAD15,,Amazon Web Services,US,38.991708,-77.448564,exact,,,,,,,,Amazon IAD15,Sterling,Dominion (VEPCO),460056024,
traditional,osm,Amazon IAD14,,Amazon Web Services,US,38.789885,-77.548229,exact,,,,,,,,IAD14,Manassas,NOVEC (co-op),460059465,
traditional,osm,Amazon IAD59,,Amazon Web Services,US,38.792187,-77.548467,exact,,,,,,,,IAD59,Manassas,NOVEC (co-op),460060340,
traditional,osm,Amazon IAD52,,Amazon Web Services,US,38.791119,-77.548386,exact,,,,,,,,IAD52,Manassas,NOVEC (co-op),460060341,
traditional,osm,Amazon Web Services Datacenter Complex,,Amazon Web Services,US,40.093745,-82.751832,exact,,,,,,,,,,,460067220,
traditional,osm,Amazon AWS: Hilliard Data Center,,Amazon Web Services us-east-2 datacenter,US,40.059866,-83.134284,exact,,,,,,,,,,,460067225,
traditional,osm,Amazon Web Services,,Amazon Web Services,US,45.915836,-119.266323,exact,,,,,,,,,Umatilla,,460070135,
traditional,osm,Amazon Web Services,,Amazon Web Services,US,45.915836,-119.266527,exact,,,,,,,,,Umatilla,,460070136,
traditional,osm,Amazon Web Services,,Amazon Web Services,US,45.915836,-119.266726,exact,,,,,,,,,Umatilla,,460070137,
traditional,osm,Amazon Web Services,,Amazon Web Services,US,45.915836,-119.267112,exact,,,,,,,,,Umatilla,,460070138,
traditional,osm,Amazon Web Services,,Amazon Web Services,US,45.915843,-119.267316,exact,,,,,,,,,Umatilla,,460070139,
traditional,osm,Amazon Web Services,,Amazon Web Services,US,45.915832,-119.267512,exact,,,,,,,,,Umatilla,,460070140,
traditional,osm,Amazon Web Services,,Amazon Web Services,US,45.915836,-119.267717,exact,,,,,,,,,Umatilla,,460070141,
traditional,osm,Amazon Web Services,,Amazon Web Services,US,45.916359,-119.267751,exact,,,,,,,,PDX2,Umatilla,,460070143,
traditional,osm,Amazon Web Services,,Amazon Web Services,US,45.841003,-119.652769,exact,,,,,,,,PDX4,Boardman,,460070144,
traditional,osm,Amazon Web Services,,Amazon Web Services,US,45.852239,-119.629901,exact,,,,,,,,PDX50/53,Boardman,,460070145,
traditional,osm,Amazon Web Services,,Amazon Web Services,US,45.850881,-119.630524,exact,,,,,,,,PDX1,Boardman,,460070147,
traditional,osm,Equinix San Jose SV3,,Equinix,US,37.388274,-121.888446,exact,,,,,,,,SV3,San Jose,,460076753,
traditional,osm,365 Main Street Data Center,,Digital Realty,US,37.788731,-122.390469,exact,,,,,,,,,San Francisco,,460085343,
traditional,osm,Meta,,Meta,US,35.31426,-81.822055,exact,,,,,,,,FRC,,,460089167,
traditional,osm,Meta,,Meta,US,35.317368,-81.82624,exact,,,,,,,,FRC,,,460089168,
traditional,osm,Amazon Web Services,,Amazon Web Services,IE,53.402989,-6.363407,exact,,,,,,,,,,,460117003,
traditional,osm,,,NTT Limited,US,37.403964,-121.889231,exact,,,,,,,,,San Jose,,460159925,
traditional,osm,Csquare SFO1,,Csquare,US,37.37045,-121.969825,exact,,,,,,,,,Santa Clara,,460159928,
traditional,osm,,,Vantage,US,37.371779,-121.972505,exact,,,,,,,,,,,460159955,
traditional,osm,Intergate Columbia B,,Sabey Data Centers,US,47.407164,-120.187524,exact,,,,,,,,,East Wenatchee,,460167186,
traditional,osm,Intergate Columbia A,,Sabey Data Centers,US,47.40862,-120.189398,exact,,,,,,,,,East Wenatchee,,460167187,
traditional,osm,Intergate Columbia,,,US,47.408011,-120.1918,exact,,,,,,,,,,,460167190,
traditional,osm,QTS Ashburn-Moran,,Quality Technology Services,US,38.994222,-77.448201,exact,,,,,,,,,,Dominion (VEPCO),460175664,
traditional,osm,Centersquare IAD4-A,,Centersquare,US,39.021782,-77.452798,exact,,,,,,,,IAD4-A,Ashburn,Dominion (VEPCO),460175666,
traditional,osm,AWS Building E,,Amazon Web Services,US,39.005052,-77.485612,exact,,,,,,,,,Ashburn,,460175672,
traditional,osm,Digital Realty New Jersey EWR20,,Digital Realty,US,40.829928,-74.12675,exact,,,,,,,,EWR20,Clifton,,460177088,
traditional,osm,CyrusOne Somerset,,CyrusOne,US,40.537962,-74.545722,exact,,,,,,,,,,,460182320,
traditional,osm,BNY Mellon Somerset,,,US,40.535869,-74.553432,exact,,,,,,,,,,,460182335,
traditional,osm,,,Digital Realty,US,40.537526,-74.555524,exact,,,,,,,,,,,460182337,
traditional,osm,Digital Realty New Jersey EWR21,,Digital Realty,US,40.830586,-74.124514,exact,,,,,,,,EWR21,Clifton,,460182351,
traditional,osm,Venture West,,The Bunker Secure Hosting Ltd,GB,51.37703,-1.290472,exact,,,,,,,,,,,460206687,
traditional,osm,The Bunker - South East Data Centre,,Cyberfort,GB,51.271195,1.296328,exact,,,,,,,,,,,460210729,
traditional,osm,,,Centurylink,US,34.199869,-118.343789,exact,,,,,,,,,,,460212563,
traditional,osm,Unit 1,,Galaxy Data Centers,GB,51.247753,-0.15969,exact,,,,,,,,,,,460244923,
traditional,osm,Unit 3,,Galaxy Data Centers,GB,51.247941,-0.15729,exact,,,,,,,,,,,460244927,
traditional,osm,Unit 2,,Galaxy Data Centers,GB,51.247638,-0.158625,exact,,,,,,,,,,,460244928,
traditional,osm,The Chess Building,,CapitaLand Ascendas REIT,GB,51.642849,-0.427647,exact,,,,,,,,,Watford,,460246772,
traditional,osm,Imperium 315,,NYSE Euronext,GB,51.586675,0.484878,exact,,,,,,,,,Basildon,,460956016,
traditional,osm,Equinix PA2,,Equinix,FR,48.927592,2.35165,exact,,,,,,,,PA2,Saint-Denis,,463443856,
traditional,osm,Amazon IAD78,,Amazon Web Services,US,39.026368,-77.44952,exact,,,,,,,,IAD78,Ashburn,,463571875,
traditional,osm,Amazon IAD79,,Amazon Web Services,US,39.026357,-77.45087,exact,,,,,,,,IAD79,Ashburn,Dominion (VEPCO),463571876,
traditional,osm,,,,US,39.56711,-119.548534,exact,,,,,,,,,,,464097467,
traditional,osm,Дата-цэнтр А1,,ТАА «А1 IКТ сэрвiсы»,BY,53.916561,27.736317,exact,,,,,,,,,Мінск,,464277377,
traditional,osm,Kaiser Data Center,,,US,38.254065,-122.273092,exact,,,,,,,,,,,464371693,
traditional,osm,Lumen Dallas - 3180 Irving Blvd.,,Lumen Technologies,US,32.806955,-96.868589,exact,,,,,,,,,Dallas,,465032201,
traditional,osm,Prime DFW01-01,,Prime,US,32.837958,-96.878401,exact,,,,,,,,DFW01-01,Dallas,,465032380,
traditional,osm,Lumen Dallas 6,,Lumen Technologies,US,32.827998,-96.884379,exact,,,,,,,,,,,465032484,
traditional,osm,Digital Realty DFW36,,Digital Realty,US,32.82755,-96.87375,exact,,,,,,,,DFW36,Dallas,,465032487,
traditional,osm,DataBank Dallas Empire Central Data Center,,DataBank,US,32.82175,-96.873553,exact,,,,,,,,,Dallas,,465032631,
traditional,osm,TierPoint Dallas Data Center,,TierPoint,US,32.807982,-96.857389,exact,,,,,,,,,Dallas,,465042594,
traditional,osm,Amazon IAD87,,Amazon Web Services,US,38.991808,-77.441172,exact,,,,,,,,IAD87,,,465062052,
traditional,osm,Amazon IAD88,,Amazon Web Services,US,38.990968,-77.441868,exact,,,,,,,,IAD88,,,465062053,
traditional,osm,Verizon,,Verizon,US,39.589248,-104.877933,exact,,,,,,,,,,,465530450,
traditional,osm,Set,,,IT,45.642359,11.574939,exact,,,,,,,,,Dueville,,466483564,
traditional,osm,PLAY Centrum Danych DC2,,3S Data Center S.A.,PL,50.245697,19.064032,exact,,,,,,,,,Katowice,,466665870,
traditional,osm,Stream Data Centers PHX-1,,,US,33.419491,-112.359988,exact,,,,,,,,,Goodyear,,468707940,
traditional,osm,Greenfield,,Crédit Agricole,FR,48.470559,1.326838,exact,,,,,,,,,,,468717472,
traditional,osm,安碁資訊,,,TW,24.849783,121.181677,exact,,,,,,,,,,,468985576,
traditional,osm,Live Oak Data Center,,,US,32.783749,-96.794636,exact,,,,,,,,,Dallas,,471658485,
traditional,osm,Stack Infrastructure - POR01,,Stack Infrastructure,US,45.549327,-122.927818,exact,,,,,,,,POR01A,Hillsboro,,471691757,
traditional,osm,Flexential Portland - Hillsboro 2,,Flexential,US,45.558302,-122.917165,exact,,,,,,,,,Hillsboro,,471691760,
traditional,osm,NYSE Data Center,,nyse,US,41.078316,-74.152912,exact,,,,,,,,,,,472761713,
traditional,osm,AT&T,,,US,34.579978,-118.114007,exact,,,,,,,,,Palmdale,,472954201,
traditional,osm,Mediterranean Nautilus Telekomunikasyon Hizmetleri Ticaret A.Ş. Veri Merkezi,,,TR,40.993559,28.827106,exact,,,,,,,,,İstanbul,,473164326,
traditional,osm,,,,FR,49.236855,4.062697,exact,,,,,,,,,,,474571273,
traditional,osm,Powertel Data Centre,,,AU,-37.818839,144.961554,exact,,,,,,,,,,,474646358,
traditional,osm,Securiton Data Centre,,,AU,-37.818875,144.957767,exact,,,,,,,,,,,474646359,
traditional,osm,TPG Data Centre,,,AU,-37.801122,144.943382,exact,,,,,,,,,,,474646360,
traditional,osm,Vocus DC-MEL04 Mitcham Data Centre,,,AU,-37.821432,145.187735,exact,,,,,,,,,,,474646361,
traditional,osm,Fujitsu Data Centre,,,AU,-37.947187,145.185516,exact,,,,,,,,,,,474646366,
traditional,osm,Fujitsu Data Centre,,,AU,-37.947627,145.185751,exact,,,,,,,,,,,474646367,
traditional,osm,Micron21 Data Centre,,,AU,-37.822106,145.313985,exact,,,,,,,,,,,474646386,
traditional,osm,Telstra Clayton Data Centre,,Telstra,AU,-37.920755,145.131939,exact,,,,,,,,,,,474646387,
traditional,osm,Equinix International Business Exchange SY1 Data Center,,Equinix,AU,-33.920788,151.188555,exact,,,,,,,,SY1,,,474805151,
traditional,osm,Equinix International Business Exchange SY3 Data Center,,Equinix,AU,-33.911672,151.192775,exact,,,,,,,,SY3,,,474805152,
traditional,osm,DigiCo SYD1,,DigiCo,AU,-33.87544,151.198056,exact,,,,,,,,SYD1,,,474805153,
traditional,osm,Fujitsu Western Sydney Data Centre,,Fujitsu,AU,-33.821853,150.92378,exact,,,,,,,,,,,474805155,
traditional,osm,Powertel Data Centre,,,AU,-33.864956,151.204461,exact,,,,,,,,,,,474805156,
traditional,osm,Optus Data Centre,,,AU,-33.878702,151.198784,exact,,,,,,,,,,,474805163,
traditional,osm,TPG Data Centre,,,AU,-33.863694,151.203644,exact,,,,,,,,,,,474805164,
traditional,osm,Southern Cross Cable Network Landing Station,,Southern Cross Cable Network,AU,-33.763655,151.27373,exact,,,,,,,,BRO,,,474805165,
traditional,osm,,,NHN,KR,37.889265,127.773597,exact,,,,,,,,,,,475111255,
traditional,osm,네이버데이터센터 각,,NHN,KR,37.8893,127.773838,exact,,,,,,,,,,,475112270,
traditional,osm,,,,US,38.802671,-104.521981,exact,,,,,,,,600,,,476609221,
traditional,osm,,,,RU,56.009706,37.149205,exact,,,,,,,,,Зеленоград,,477316370,
traditional,osm,Aire Canarias,,AIRE,ES,28.11872,-15.429133,exact,,,,,,,,,,,477747581,
traditional,osm,CTC Kobe,,CTC,JP,34.864251,135.214405,exact,,,,,,,,,,,478993292,
traditional,osm,,,,KR,34.77776,128.640974,exact,,,,,,,,,,,479733626,
traditional,osm,Siemens EDA - HDC / Data Center,,Siemens Digital Industries Software,US,45.318717,-122.76588,exact,,,,,,,,Juniper,Wilsonville,,480762078,
traditional,osm,,,Apple,DK,56.483256,9.573909,exact,,,,,,,,,,,481615983,
traditional,osm,Nexeren,,Nexeren,FR,45.903817,4.878977,exact,,,,,,,,,,,481746975,
traditional,osm,Equinix,,Equinix,ID,-6.237274,106.823126,exact,,,,,,,,,,,482217545,
traditional,osm,EDGE1,,Digital Edge Indonesia,ID,-6.239053,106.824514,exact,,,,,,,,,,,482360176,
traditional,osm,,,Equinix,NL,52.354194,4.961234,exact,,,,,,,,,,,482532123,
traditional,osm,Centre de Calcul de l’Université de Bourgogne,,,FR,47.314917,5.070888,exact,,,,,,,,,Dijon,,482853508,
traditional,osm,Aligned  DFW-01,,Aligned,US,33.009314,-96.676562,exact,,,,,,,,DFW-01,Plano,,483286527,
traditional,osm,Tierpoint Dallas-Allen,,,US,33.13791,-96.657329,exact,,,,,,,,,,,483307714,
traditional,osm,مايكروسوفت لبنان,,Microsoft,LB,33.9008,35.502084,exact,,,,,,,,,,,484728612,
traditional,osm,Yellowstone Data Center,,,ID,-6.21536,106.836919,exact,,,,,,,,,,,485764312,
traditional,osm,Digital Realty,,Digital Realty,AU,-37.781861,144.779304,exact,,,,,,,,MEL10,,,485850331,
traditional,osm,,,DXC Technology,US,30.0187,-95.863747,exact,,,,,,,,,,,487170215,
traditional,osm,Level3 Mendoza,,Lumen Technologies,AR,-32.929803,-68.809998,exact,,,,,,,,,Godoy Cruz,,487510946,
traditional,osm,Equinix ZRH5,,"Equinix, Inc.",CH,47.405793,8.46069,exact,,,,,,,,,Oberengstringen,,489130425,
traditional,osm,Bell Aliant PEI,,Bell Canada,CA,46.251024,-63.143674,exact,,,,,,,,,Charlottetown,,489387401,
traditional,osm,DataVita DV1,,DataVita,GB,55.834431,-3.952515,exact,,,,,,,,DV1,Airdrie,,490844969,
traditional,osm,Amazon IAD73,,Amazon Web Services,US,38.77798,-77.559099,exact,,,,,,,,IAD73,Manassas,NOVEC (co-op),490997243,
traditional,osm,Amazon IAD74,,Amazon Web Services,US,38.777437,-77.557891,exact,,,,,,,,IAD74,Manassas,NOVEC (co-op),490997244,
traditional,osm,H5 Data Center,,,US,41.506355,-81.683589,exact,,,,,,,,,Cleveland,,491914767,
traditional,osm,TPx Colocation Datacenter,,TPx Communications,US,33.707507,-117.844104,exact,,,,,,,,,Santa Ana,,492699069,
traditional,osm,,,,US,34.047915,-118.255569,exact,,,,,,,,,Los Angeles,,495115494,
traditional,osm,Cologix Jacksonville JAX1,,,US,30.33143,-81.662426,exact,,,,,,,,,,,497151852,
traditional,osm,Telehouse North Two,,Telehouse,GB,51.512105,-0.000547,exact,,,,,,,,,London,,497956675,
traditional,osm,Microsoft,,Microsoft,US,47.239487,-119.88741,exact,,,,,,,,,,,499403180,
traditional,osm,,,,US,47.238593,-119.864537,exact,,,,,,,,,,,499403698,
traditional,osm,,,,US,47.247545,-119.825507,exact,,,,,,,,,,,499403699,
traditional,osm,CyrusOne FRA2,,CyrusOne,DE,50.127664,8.582662,exact,,,,,,,,,Frankfurt am Main,,499619543,
traditional,osm,Digital Realty FRA30,,Digital Realty,DE,50.127115,8.585947,exact,,,,,,,,,Frankfurt am Main,,499619544,
traditional,osm,Facebook Fort Worth Datacenter,,Meta,US,32.983783,-97.259335,exact,,,,,,,,,,,500820007,
traditional,osm,Data Center Lenexa,,,US,38.925164,-94.770316,exact,,,,,,,,,Lenexa,,502927599,
traditional,osm,The Horizon Centre,,,GB,52.516024,-0.645899,exact,,,,,,,,,,,503988314,
traditional,osm,Equinix ME1,,Equinix,AU,-37.823208,144.915508,exact,,,,,,,,ME1,,,507122061,
traditional,osm,CITIGROUP TECHNOLOGY INC,,,US,33.006382,-97.24529,exact,,,,,,,,,,,507673418,
traditional,osm,QTS Data Center,,Quality Technology Services,US,32.988913,-97.259274,exact,,,,,,,,,,,507673437,
traditional,osm,中華電信台南營運處第二客戶網路中心,,中華電信,TW,22.96948,120.183335,exact,,,,,,,,,臺南市,,509473117,
traditional,osm,Texas Cryptologic Center,,National Security Agency,US,29.447379,-98.640716,exact,,,,,,,,,,,509611414,
traditional,osm,Lowe's Data Center,,Lowe's,US,29.473008,-98.689504,exact,,,,,,,,,,,509611423,
traditional,osm,,,CHRISTUS Health,US,29.470328,-98.686191,exact,,,,,,,,,,,509611426,
traditional,osm,,,Frost Bank,US,29.470212,-98.687667,exact,,,,,,,,,,,509611429,
traditional,osm,CyrusOne San Antonio I,,CyrusOne,US,29.46661,-98.688087,exact,,,,,,,,,San Antonio,,509611432,
traditional,osm,Valero Wiserman,,Valero,US,29.474237,-98.680079,exact,,,,,,,,,,,509611436,
traditional,osm,Stream San Antonio II,,,US,29.472003,-98.67172,exact,,,,,,,,,,,509611437,
traditional,osm,CyrusOne San Antonio II,,CyrusOne,US,29.470888,-98.673047,exact,,,,,,,,,,,509611438,
traditional,osm,CyrusOne San Antonio III,,CyrusOne,US,29.470057,-98.672106,exact,,,,,,,,,,,509611439,
traditional,osm,Castle IT,,,FR,47.349224,0.76929,exact,,,,,,,,,Larçay,,509892105,
traditional,osm,DXC Technology,,,GB,51.871529,-2.485802,exact,,,,,,,,,Mitcheldean,,510493859,
traditional,osm,,,,AR,-32.465398,-63.192144,exact,,,,,,,,,,,513188016,
traditional,osm,Microsoft DUB06,,Microsoft,IE,53.322376,-6.439856,exact,,,,,,,,DUB06,,,513703429,
traditional,osm,,,VicTrack,AU,-37.832112,144.884905,exact,,,,,,,,,,,515421881,
traditional,osm,,,,CA,45.497226,-73.563403,exact,,,,,,,,,,,515596349,
traditional,osm,Spectrum Charlotte National Data Center,,,US,35.142808,-80.916223,exact,,,,,,,,,Charlotte,,516686211,
traditional,osm,Telenet servergebouw,,Telenet Group NV,BE,51.036052,4.485413,exact,,,,,,,,,,,517078437,
traditional,osm,Apple,,Apple Inc.,US,44.288936,-120.870177,exact,,,,,,,,,,,517411076,
traditional,osm,"ЦОД ""Дубровка-3""",,Selectel,RU,59.834646,30.935484,exact,,,,,,,,,,,517923512,
traditional,osm,Meta Clonee 1 Data Center,,Meta,IE,53.416931,-6.433079,exact,,,,,,,,CLN1,,,518701317,
traditional,osm,Microsoft Texas Research Park Campus,,Microsoft,US,29.415597,-98.803786,exact,,,,,,,,,,,521300038,
traditional,osm,CANTV Alta Vista,,CANTV,VE,8.293003,-62.730012,exact,,,,,,,,,Ciudad Guayana (Puerto Ordaz),,523833987,
traditional,osm,Cyxtera Tampa TP1,,Cyxtera,US,27.945535,-82.351102,exact,,,,,,,,TPA1,Tampa,,523886201,
traditional,osm,STACK MILL1A,,STACK,IT,45.331206,9.20606,exact,,,,,,,,MILL1A,,,524879451,
traditional,osm,DC Blox Chattanooga,,,US,35.03155,-85.297252,exact,,,,,,,,,,,525060850,
traditional,osm,ETIX Nantes #2,,ETIX,FR,47.27783,-1.469261,exact,,,,,,,,,,,525667518,
traditional,osm,,,,GB,51.897736,-0.501319,exact,,,,,,,,,Dunstable,,526426719,
traditional,osm,QTS Irving - Dallas Data Center Campus,,Quality Technology Services,US,32.897248,-96.982647,exact,,,,,,,,DAL10,Irving,,526806006,
traditional,osm,NTT市川中山ビル,,NTT東日本,JP,35.716219,139.941984,exact,,,,,,,,,,,527166726,
traditional,osm,Centersquare Lisle ORD4 Data Center,,Centersquare,US,41.802341,-88.094886,exact,,,,,,,,ORD4,Lisle,,530024353,
traditional,osm,GoDaddy - Gilbert,,,US,33.361931,-111.83929,exact,,,,,,,,,Gilbert,,530982335,
traditional,osm,AT&T Center,,American Telephone & Telegraph,US,32.747654,-117.158954,exact,,,,,,,,,San Diego,,531709017,
traditional,osm,Turkcell Edirne Veri Merkezi,,Turkcell,TR,41.681717,26.584413,exact,,,,,,,,,,,532115060,
traditional,osm,,,,US,36.1405,-86.764136,exact,,,,,,,,,,,533842335,
traditional,osm,,,,HK,22.293372,114.27417,exact,,,,,,,,,,,533951022,
traditional,osm,,,FIS-ASP GmbH,DE,49.996539,10.20337,exact,,,,,,,,,,,535050123,
traditional,osm,CenturyLink,,,US,33.765139,-84.383739,exact,,,,,,,,CenturyLink,,,536784688,
traditional,osm,,,,US,41.124033,-104.898089,exact,,,,,,,,,,,537172525,
traditional,osm,,,,US,41.124037,-104.899269,exact,,,,,,,,,,,537172526,
traditional,osm,,,,US,41.125284,-104.899271,exact,,,,,,,,,,,537172527,
traditional,osm,,,,US,41.125287,-104.898083,exact,,,,,,,,,,,537172528,
traditional,osm,ST2,,,CL,-33.448134,-70.851132,exact,,,,,,,,,,,537218289,
traditional,osm,,,RATP,FR,48.800643,2.301305,exact,,,,,,,,,,,537371615,
traditional,osm,Expedient Pittsburgh South,,Expedient,US,40.427371,-80.042521,exact,,,,,,,,,Pittsburgh,,537807168,
traditional,osm,Digital Realty Dublin DUB3,,Digital Realty,IE,53.329628,-6.443032,exact,,,,,,,,DUB3,,,538103967,
traditional,osm,Microsoft DUB07,,Microsoft,IE,53.323074,-6.443538,exact,,,,,,,,DUB07,,,538906747,
traditional,osm,ETIX Nantes #1,,ETIX,FR,47.231468,-1.631015,exact,,,,,,,,,Saint-Herblain,,540389197,
traditional,osm,Битривер Рус,,,RU,56.303832,101.719296,exact,,,,,,,,,,,540895898,
traditional,osm,Centersquare: Phoenix - (PHX1 - Mesa),,Centersquare,US,33.421254,-111.859019,exact,,,,,,,,,Mesa,,543117031,
traditional,osm,,,DXC Technology,US,29.995198,-95.563333,exact,,,,,,,,,,,543316327,
traditional,osm,,,DXC Technology,US,29.997335,-95.56404,exact,,,,,,,,,,,543404966,
traditional,osm,Metas datacenter i Luleå,,Meta,SE,65.620446,22.113008,exact,,,,,,,,,,,543635462,
traditional,osm,Rechenzentrum Hartmann GmbH & Co. KG,,,DE,51.194249,6.451478,exact,,,,,,,,,,,543967654,
traditional,osm,DigiCo ADL1,,DigiCo,AU,-34.740409,138.644023,exact,,,,,,,,ADL1,,,544451114,
traditional,osm,Liquid Web,,,US,42.687953,-84.643042,exact,,,,,,,,,,,544536822,
traditional,osm,Amazon IAD63,,Amazon Web Services,US,38.916885,-77.493251,exact,,,,,,,,IAD63,,NOVEC (co-op),544596573,
traditional,osm,"Liquid Web, Inc",,,US,42.70539,-84.666089,exact,,,,,,,,,Lansing,,545060574,
traditional,osm,NTT BKK2 Data Center,,NTT,TH,13.443277,101.048922,exact,,,,,,,,BKK2,,,545388839,
traditional,osm,Amazon IAD62,,Amazon Web Services,US,38.949322,-77.519875,exact,,,,,,,,IAD62,,,545396372,
traditional,osm,,,,US,34.0707,-84.675903,exact,,,,,,,,,Acworth,,545704217,
traditional,osm,ADP South Dakota,,,US,43.599914,-96.794757,exact,,,,,,,,,,,545895086,
traditional,osm,NWI Telecom,,,BR,-15.791956,-47.91051,exact,,,,,,,,,,,546415184,
traditional,osm,TJX Corporate Techno,,,US,40.103889,-82.810615,exact,,,,,,,,,,,547156394,
traditional,osm,Compugen New Albany,,,US,40.104599,-82.804912,exact,,,,,,,,,,,547156405,
traditional,osm,synaforce GmbH,,,DE,48.671789,13.119723,exact,,,,,,,,,,,547247379,
traditional,osm,Compugen New Albany,,,US,40.103713,-82.808903,exact,,,,,,,,,,,547277699,
traditional,osm,Digital Realty DUB4,,Digital Realty,IE,53.313893,-6.442062,exact,,,,,,,,DUB4,,,547351129,
traditional,osm,Google,,Google,IE,53.314787,-6.451078,exact,,,,,,,,,,,547351131,
traditional,osm,Flexential Dallas - Richardson,,Flexential,US,32.994812,-96.752497,exact,,,,,,,,,Richardson,,548184239,
traditional,osm,,,,IR,33.438281,48.008901,exact,,,,,,,,,,,548822686,
traditional,osm,,,,IR,33.444089,48.0012,exact,,,,,,,,,,,548822689,
traditional,osm,,,,IR,33.443767,48.001915,exact,,,,,,,,,,,548822690,
traditional,osm,Experian McKinney Data Center,,,US,33.171796,-96.725505,exact,,,,,,,,,,,549418041,
traditional,osm,TelemaxX IPC5,,TelemaxX Telekommunikation GmbH,DE,49.077762,8.45823,exact,,,,,,,,,Stutensee,,549728082,
traditional,osm,Digital Fortress: Richmond,,Digital Fortress,US,37.360061,-77.327038,exact,,,,,,,,,,Dominion (VEPCO),550355261,
traditional,osm,RZO - Rechenzentrum Ostschweiz,,,CH,47.357463,9.449827,exact,,,,,,,,,Gais,,551063056,
traditional,osm,,,,US,40.115743,-83.002579,exact,,,,,,,,,,,551387747,
traditional,osm,OVHcloud Gravelines,,OVHcloud,FR,51.016725,2.15478,exact,,,,,,,,GRA-1,,,551480870,
traditional,osm,OVHcloud Gravelines,,OVHcloud,FR,51.016653,2.15523,exact,,,,,,,,GRA-1,Gravelines,,551480895,
traditional,osm,Stack Infrastructure,,Stack Infrastructure,US,37.40256,-121.893391,exact,,,,,,,,,,,553223628,
traditional,osm,Stack Infrastructure,,Stack Infrastructure,US,37.402209,-121.892387,exact,,,,,,,,,,,553223629,
traditional,osm,VITRO Parañaque,,ePLDT,PH,14.463026,121.027515,exact,,,,,,,,,Parañaque,,553651276,
traditional,osm,Carfax,,,US,38.923517,-92.288606,exact,,,,,,,,,,,553884511,
traditional,osm,Bitfury,,,GE,41.808246,44.862779,exact,,,,,,,,,,,554896775,
traditional,osm,Facebook Altoona Data Center 3,,Meta,US,41.667052,-93.506565,exact,,,,,,,,,,,556564909,
traditional,osm,Amazon IAD71,,Amazon Web Services,US,39.027906,-77.4575,exact,,,,,,,,IAD71,Ashburn,,556599693,
traditional,osm,Amazon IAD50,,Amazon Web Services,US,39.029561,-77.459655,exact,,,,,,,,IAD50,Ashburn,,556599694,
traditional,osm,Amazon IAD60,,Amazon Web Services,US,39.028774,-77.458246,exact,,,,,,,,IAD60,Ashburn,,556599695,
traditional,osm,Amazon Web Services,,Amazon Web Services,US,32.850483,-97.070297,exact,,,,,,,,,,,557140229,
traditional,osm,Equinix TY3,,Equinix,JP,35.656702,139.803396,exact,,,,,,,,TY3,江東区,,557360778,
traditional,osm,nLighten Swindon,,,GB,51.602008,-1.730198,exact,,,,,,,,BRS2,,,558958575,
traditional,osm,Amazon Web Services  CMH50,,Amazon Web Services,US,40.09463,-82.751339,exact,,,,,,,,CMH50,,,562775657,
traditional,osm,Equinix Abu Dhabi AD1,,Equinix,AE,24.418929,54.622309,exact,,,,,,,,,,,567466101,
traditional,osm,,,,US,33.347033,-111.604268,exact,,,,,,,,,,,567575425,
traditional,osm,高知信用金庫バックアップセンター,,高知信用金庫,JP,33.504629,133.487893,exact,,,,,,,,,,,567684460,
traditional,osm,,,,US,39.185856,-85.887072,exact,,,,,,,,,,,567894059,
traditional,osm,Servergebäude,,Universität Münster,DE,51.966239,7.603811,exact,,,,,,,,,,,568657795,
traditional,osm,Thin-nology,,,US,30.421141,-97.591603,exact,,,,,,,,,Pflugerville,,570397131,
traditional,osm,CyrusOne Norwalk,,CyrusOne,US,41.113092,-73.388649,exact,,,,,,,,,,,571010571,
traditional,osm,Data4 Italia - Campus MIL01 - DC01,,Data4 Italia,IT,45.471259,9.036169,exact,,,,,,,,DC01,,,571018421,
traditional,osm,Data4 Italia - Campus MIL01 - DC02,,Data4 Italia,IT,45.471542,9.037061,exact,,,,,,,,DC02,,,571018422,
traditional,osm,Data4 Italia - Campus MIL01 - DC03,,Data4 Italia,IT,45.470637,9.036584,exact,,,,,,,,DC04,,,571018423,
traditional,osm,Ark Data Centres,,Ark Data Centres,GB,51.418745,-2.218503,exact,,,,,,,,,,,574135457,
traditional,osm,Ark Data Centres,,Ark Data Centres,GB,51.418363,-2.220576,exact,,,,,,,,,,,574135468,
traditional,osm,Ark Data Centres,,Ark Data Centres,GB,51.418464,-2.22305,exact,,,,,,,,,,,574135471,
traditional,osm,Data Foundry - Texas 2,,,US,30.199574,-97.71307,exact,,,,,,,,,Austin,,577628941,
traditional,osm,Meta Los Lunas Data Center,,Meta,US,34.829831,-106.77852,exact,,,,,,,,,Los Lunas,,578412815,
traditional,osm,Google Datacenter - Douglas County,,Google,US,33.750447,-84.585682,exact,,,,,,,,,,,578435601,
traditional,osm,Microsoft - Azure Datacenter,,Microsoft,US,41.922956,-87.918263,exact,,,,,,,,,Northlake,,578443547,
traditional,osm,NTT,,NTT,DE,50.129452,8.603347,exact,,,,,,,,,,,580201100,
traditional,osm,Cloud Storage Corp,,,US,38.872132,-99.300187,exact,,,,,,,,,Hays,,581234765,
traditional,osm,AMS07,,Microsoft,NL,52.761448,5.036897,exact,,,,,,,,AMS07,,,583963691,
traditional,osm,AMS07,,Microsoft,NL,52.761443,5.035418,exact,,,,,,,,AMS07,,,583963763,
traditional,osm,Vantage Data Centers Montreal I,,Vantage Data Centers,CA,45.486669,-73.756131,exact,,,,,,,,QC1,Montréal,,584390127,
traditional,osm,Switch Las Vegas 8,,Switch,US,36.057834,-115.214258,exact,,,,,,,,,,,585998677,
traditional,osm,Switch Las Vegas 9,,Switch,US,36.055707,-115.219628,exact,,,,,,,,,,,585998678,
traditional,osm,,,,US,29.821576,-95.5708,exact,,,,,,,,,,,587103676,
traditional,osm,Digital Realty LGW16,,Digital Realty,GB,51.12907,-0.176786,exact,,,,,,,,LGW16,,,587679709,
traditional,osm,,,,SE,57.337923,14.100012,exact,,,,,,,,,,,587824390,
traditional,osm,M03,,atNorth,IS,63.963714,-22.535861,exact,,,,,,,,,Reykjanesbær,,588514772,
traditional,osm,M02,,atNorth,IS,63.963437,-22.535823,exact,,,,,,,,,Reykjanesbær,,588514773,
traditional,osm,M01,,atNorth,IS,63.963162,-22.53585,exact,,,,,,,,,Reykjanesbær,,588514774,
traditional,osm,d'ROOT,,Bytesnet,NL,53.24467,6.527315,exact,,,,,,,,,,,588634808,
traditional,osm,Information Technology Data Center,,Phillips Exeter Academy,US,42.982089,-70.950595,exact,,,,,,,,,,,589070714,
traditional,osm,Digital Fortress Lynnwood,,,US,47.822404,-122.289614,exact,,,,,,,,,,,589360530,
traditional,osm,,,,US,33.137823,-96.655941,exact,,,,,,,,,,,590213770,
traditional,osm,CyrusOne Allen,,CyrusOne,US,33.138521,-96.659952,exact,,,,,,,,,,,590213771,
traditional,osm,Microsoft DSF,,Microsoft,IE,53.320173,-6.43792,exact,,,,,,,,,,,590813740,
traditional,osm,Cloud Center Andalucía,,,ES,37.200762,-3.656993,exact,,,,,,,,,,,591288487,
traditional,osm,Amazon Web Services,,Amazon Web Services,US,45.840444,-119.654979,exact,,,,,,,,PDX52,Boardman,,592171280,
traditional,osm,Amazon Web Services,,Amazon Web Services,US,45.917448,-119.267734,exact,,,,,,,,PDX51/54,Umatilla,,592257327,
traditional,osm,DataBank SLC3,,DataBank,US,40.479794,-111.905923,exact,,,,,,,,SLC3,Bluffdale,,592488661,
traditional,osm,NTT TK2,,,JP,35.671517,139.830398,exact,,,,,,,,,,,593967303,
traditional,osm,Amazon IAD80,,Amazon Web Services,US,39.027109,-77.452829,exact,,,,,,,,IAD80,Ashburn,,596690174,
traditional,osm,Equinix Ashburn DC12,,Equinix,US,39.023015,-77.449787,exact,,,,,,,,DC12,Ashburn,Dominion (VEPCO),596690175,
traditional,osm,Stream DFW IV,,Stream,US,33.000144,-96.661647,exact,,,,,,,,DFW IV,Richardson,,597835788,
traditional,osm,Rackspace Richardson DFW3,,Rackspace,US,32.964781,-96.715855,exact,,,,,,,,DFW3,Richardson,,597876719,
traditional,osm,Digital Realty Dallas DFW17,,Digital Realty,US,32.96628,-96.713212,exact,,,,,,,,DFW17,Richardson,,597876721,
traditional,osm,Digital Realty Dallas DFW29,,Digital Realty,US,32.967276,-96.710529,exact,,,,,,,,DFW29,Richardson,,597876722,
traditional,osm,,,,US,32.966244,-96.711226,exact,,,,,,,,,Richardson,,597876723,
traditional,osm,Digital Realty Dallas DFW28,,Digital Realty,US,32.967282,-96.713322,exact,,,,,,,,DFW28,Richardson,,597876724,
traditional,osm,Digital Realty Dallas DFW35,,Digital Realty,US,32.96505,-96.710255,exact,,,,,,,,DFW35,Richardson,,597876726,
traditional,osm,Digital Realty Dallas DFW18,,Digital Realty,US,32.965258,-96.712611,exact,,,,,,,,DFW18,Richardson,,597876730,
traditional,osm,Digital Realty Dallas DFW16,,Digital Realty,US,32.966043,-96.715592,exact,,,,,,,,DFW16,Richardson,,597876798,
traditional,osm,Digital Realty Northern Virginia IAD36,,Digital Realty,US,39.001549,-77.479375,exact,,,,,,,,IAD36,Ashburn,,597970806,
traditional,osm,Digital Realty Northern Virginia IAD35,,Digital Realty,US,39.000533,-77.480577,exact,,,,,,,,IAD35,Ashburn,,597970809,
traditional,osm,Digital Realty Northern Virginia IAD37,,Digital Realty,US,39.000032,-77.478015,exact,,,,,,,,IAD37,Ashburn,,597970811,
traditional,osm,Digital Realty Northern Virginia IAD38,,Digital Realty,US,39.001084,-77.477201,exact,,,,,,,,IAD38,Ashburn,,597970813,
traditional,osm,U.S. Bank National Data Process Center,,,US,38.935585,-94.864505,exact,,,,,,,,,Olathe,,598263496,
traditional,osm,CIV Anzin,,,FR,50.378297,3.522076,exact,,,,,,,,,Anzin,,600607931,
traditional,osm,Equinix SV10,,Equinix,US,37.241229,-121.784754,exact,,,,,,,,SV10,San Jose,,600806974,
traditional,osm,Hetzner – Rechenzentrumspark Falkenstein,,Hetzner Online GmbH,DE,50.47753,12.334636,exact,,,,,,,,FSN1,Falkenstein/Vogtl.,,606528332,
traditional,osm,Digital Realty FRA12,,Digital Realty,DE,50.120007,8.737889,exact,,,,,,,,,Frankfurt am Main,,607098496,
traditional,osm,Digital Realty FRA13,,Digital Realty,DE,50.120003,8.739663,exact,,,,,,,,,Frankfurt am Main,,607098498,
traditional,osm,,,,US,39.83093,-75.195323,exact,,,,,,,,,,,607483487,
traditional,osm,,,Verizon Wireless,US,41.220402,-96.147641,exact,,,,,,,,,Omaha,,607753694,
traditional,osm,,,,US,28.617449,-81.393461,exact,,,,,,,,,,,609126465,
traditional,osm,,,,FI,60.342654,25.030112,exact,,,,,,,,,,,610260931,
traditional,osm,,,,FI,60.342933,25.029805,exact,,,,,,,,,,,610260932,
traditional,osm,,,,FI,60.343213,25.029482,exact,,,,,,,,,,,610260933,
traditional,osm,Google,,Google,US,33.064272,-80.041453,exact,,,,,,,,,,,610827836,
traditional,osm,TierPoint Baltimore BWI,,,US,39.213455,-76.682834,exact,,,,,,,,,Linthicum Heights,,610845529,
traditional,osm,NTT Ashburn VA2 Data Center,,NTT,US,39.025013,-77.45764,exact,,,,,,,,VA2,Ashburn,Dominion (VEPCO),610977485,
traditional,osm,Strata Networks,,,US,40.456595,-109.529017,exact,,,,,,,,,Vernal,,611308188,
traditional,osm,Goldman Sachs,,,US,40.570372,-74.67033,exact,,,,,,,,,Bridgewater Township,,612045611,
traditional,osm,Hellermann Tyton Data,,,GB,52.234194,-0.919028,exact,,,,,,,,,Northampton,,613855632,
traditional,osm,Digital Realty FRA14,,Digital Realty,DE,50.118875,8.736914,exact,,,,,,,,,Frankfurt am Main,,613862765,
traditional,osm,Mapletree Industrial,,,US,34.096708,-84.237479,exact,,,,,,,,,Alpharetta,,615593145,
traditional,osm,,,Telehouse,DE,50.095542,8.629385,exact,,,,,,,,,,,616337075,
traditional,osm,Switch Las Vegas 11,,Switch,US,36.055885,-115.214137,exact,,,,,,,,,,,617194689,
traditional,osm,Genome Data Center,,Washington University in St. Louis,US,38.636552,-90.255436,exact,,,,,,,,,Saint Louis,,617511179,
traditional,osm,KDDI千倉海底線中継所,,KDDI,JP,34.97059,139.960279,exact,,,,,,,,,,,617551098,
traditional,osm,365 Bridgewater NJ,,,US,40.581484,-74.573887,exact,,,,,,,,,Bridgewater,,618339179,
traditional,osm,Prime Data Centers - Saeby Campus AAL01,,Prime Data Centers,DK,57.318649,10.50074,exact,,,,,,,,AAL01-01,,,618756435,
traditional,osm,Equinix FR2.6,,Equinix,DE,50.141974,8.73886,exact,,,,,,,,,Frankfurt am Main,,619486957,
traditional,osm,Equinix FR6,,Equinix,DE,50.096871,8.588212,exact,,,,,,,,FR6,Frankfurt am Main,,620369478,
traditional,osm,CDL Strata Campus Data Centre,,,GB,53.408216,-2.179001,exact,,,,,,,,,,,620921953,
traditional,osm,Equinix Germany GmbH,,Equinix,DE,50.097497,8.643858,exact,,,,,,,,,Frankfurt am Main,,621526300,
traditional,osm,,,,DE,49.975487,8.450316,exact,,,,,,,,,,,622117974,
traditional,osm,Google Berkeley County Data Center,,Google,US,33.064008,-80.042374,exact,,,,,,,,,,,626226408,
traditional,osm,AngelTrax Data Center,,AngelTrax Mobile Video Surveillance Solutions,US,31.231899,-85.455834,exact,,,,,,,,,Dothan,,626281456,
ai,osm+epoch,Meta,Meta Los Lunas,Meta,US,34.830242,-106.783812,exact,87.0,99545,B300,Meta,,3.2957339999999995,"4250 Messenger Lp, Los Lunas, NM 87031",3,Los Lunas,,626785488,yes
traditional,osm,NTT,,NTT,JP,31.523102,130.518041,exact,,,,,,,,,,,627183337,
traditional,osm,Telus,,,CA,49.143207,-102.994495,exact,,,,,,,,,,,627266016,
traditional,osm,Telekom Vermittlungsstelle,,Deutsche Telekom,DE,52.015921,9.619716,exact,,,,,,,,,,,628235780,
traditional,osm,Amazon Web Services,,Amazon Web Services,US,45.841373,-119.657932,exact,,,,,,,,PDX58/61,Boardman,,633034071,
traditional,osm,Amazon Web Services,,Amazon Web Services,US,45.839826,-119.653894,exact,,,,,,,,,Boardman,,633034074,
traditional,osm,Datové centrum DC7,,T-Mobile,CZ,50.064777,14.528217,exact,,,,,,,,,,,633071611,
traditional,osm,Centeris SH2 Build-to-Suit,,,US,47.158916,-122.279863,exact,,,,,,,,,Puyallup,,634635617,
traditional,osm,Centeris SH1 Colocation,,,US,47.160851,-122.279246,exact,,,,,,,,,Puyallup,,634638463,
traditional,osm,Ascent - Atlanta Data Center,,Ascent,US,34.057092,-84.273003,exact,,,,,,,,,,,635022480,
traditional,osm,,,MVM NET Adatközpont Kft.,HU,47.689997,19.162558,exact,,,,,,,,,Göd,,636309871,
traditional,osm,Equinix ZRH5,,"Equinix, Inc.",CH,47.40563,8.461788,exact,,,,,,,,,Oberengstringen,,637078719,
traditional,osm,Microsoft TRP2,,Microsoft,US,29.411987,-98.803995,exact,,,,,,,,,,,639176155,
traditional,osm,Microsoft TRP1,,Microsoft,US,29.412012,-98.80273,exact,,,,,,,,,,,639176157,
traditional,osm,Telia HDC,,Telia Finland Oyj,FI,60.215915,24.877717,exact,,,,,,,,,Helsinki,,640329703,
traditional,osm,,,AT&T,US,40.194484,-92.581234,exact,,,,,,,,,Kirksville,,642755041,
traditional,osm,SAP WDF51,,SAP SE,DE,49.293528,8.63164,exact,,,,,,,,,,,643236943,
traditional,osm,NTT TK9,,,JP,35.67569,139.829464,exact,,,,,,,,,,,644702393,
traditional,osm,Equinix Tokyo TY5,,,JP,35.655571,139.804167,exact,,,,,,,,,,,647243187,
traditional,osm,,,,JP,35.610723,139.402597,exact,,,,,,,,,,,647564684,
traditional,osm,Meta Odense Data center,,Meta,DK,55.366729,10.48505,exact,,,,,,,,,,,648731568,
traditional,osm,Digital Realty ACC7,,Digital Realty,US,39.017472,-77.465675,exact,,,,,,,,ACC7,Ashburn,,649319778,
traditional,osm,NTT Ashburn VA3 Data Center,,NTT,US,39.017225,-77.470372,exact,,,,,,,,VA3,Ashburn,,649365751,
traditional,osm,Digital Realty ACC9,,Digital Realty,US,39.015433,-77.467373,exact,,,,,,,,ACC9,,,649365764,
traditional,osm,Flexential Dallas - Plano,,Flexential,US,33.007033,-96.666351,exact,,,,,,,,Dallas - Plano,Plano,,650412346,
traditional,osm,Bouygues Telecom,,,FR,47.296113,5.033915,exact,,,,,,,,,Longvic,,650560924,
traditional,osm,,,,US,35.587054,-81.260284,exact,,,,,,,,,,,652034566,
traditional,osm,US Signal - OR01 Bend,,US Signal,US,44.086105,-121.283041,exact,,,,,,,,,Bend,,653416730,
traditional,osm,Turkcell Kartal Veri Merkezi,,Turkcell,TR,40.899383,29.210617,exact,,,,,,,,,,,657222646,
traditional,osm,RZ5 Dortmund-Huckarde,,DOKOM Gesellschaft für Telekommunikation mbH,DE,51.535035,7.418276,exact,,,,,,,,,Dortmund,,660060853,
traditional,osm,,,,CA,43.833351,-79.320538,exact,,,,,,,,,Markham,,661048287,
traditional,osm,Rogers,,,CA,43.826884,-79.343188,exact,,,,,,,,,Markham,,661065569,
traditional,osm,Nüday Networks,,,CA,43.826949,-79.334479,exact,,,,,,,,,Markham,,661065639,
traditional,osm,Equinix TR6,,Equinix,CA,43.74384,-79.716656,exact,,,,,,,,TR6,Brampton,,661951723,
traditional,osm,Equinix TR7,,Equinix,CA,43.744941,-79.717826,exact,,,,,,,,TR7,Brampton,,662392354,
traditional,osm,Free Pro - Datacenter Rock (LYO03),,Free Pro (Ex. Jaguar Network - DCforDATA),FR,45.738575,4.889866,exact,,,,,,,,,,,664619554,
traditional,osm,Fil d'Ariane,,CELESTE,FR,43.919318,2.182531,exact,,,,,,,,,Albi,,664793692,
traditional,osm,Expedient Milwaukee,,,US,42.863142,-87.977876,exact,,,,,,,,,Franklin,,664938835,
traditional,osm,,,,TW,24.139971,120.426122,exact,,,,,,,,,,,665480341,
traditional,osm,,,,TW,24.13936,120.424312,exact,,,,,,,,,,,665480347,
traditional,osm,,,,TW,24.1385,120.42563,exact,,,,,,,,,,,665480350,
traditional,osm,,,,GB,51.522251,-0.624587,exact,,,,,,,,,Slough,,665572144,
traditional,osm,CyrusOne London 1,,CyrusOne,GB,51.523045,-0.623939,exact,,,,,,,,LON1,Slough,,665572148,
traditional,osm,DC 11.11,,NASK S.A.,PL,52.265781,21.036944,exact,,,,,,,,DC 11.11,Warszawa,,666285028,
traditional,osm,CIV Sainghin-en-Mélantois,,,FR,50.584093,3.136475,exact,,,,,,,,,Sainghin-en-Mélantois,,667259766,
traditional,osm,Data Center Portugal Telecom da Covilhã,,Portugal Telecom,PT,40.265479,-7.479523,exact,,,,,,,,,,,667333147,
traditional,osm,Amazon Web Services,,Amazon Web Services,US,38.779381,-77.541725,exact,,,,,,,,IAD85,,NOVEC (co-op),667573133,
traditional,osm,Oxford Networks,,FirstLight,US,43.895157,-69.923434,exact,,,,,,,,,Brunswick,,667796922,
traditional,osm,NTT,,NTT,JP,34.663224,133.92681,exact,,,,,,,,,,,669039505,
traditional,osm,NAO 1/NAO 2,,Meta,US,40.068418,-82.750313,exact,,,,,,,,,,,671301768,
traditional,osm,NTT,,NTT,US,32.981037,-96.656378,exact,,,,,,,,,,,671637259,
traditional,osm,Rice Data Center,,,US,29.658145,-95.443312,exact,,,,,,,,,Houston,,671838900,
traditional,osm,Facebook Fort Worth Datacenter,,Meta,US,32.98492,-97.255045,exact,,,,,,,,,,,673145182,
traditional,osm,Amazon Web Services,,Amazon Web Services,US,40.061152,-83.135173,exact,,,,,,,,,,,673532692,
traditional,osm,Ascenty SP2,,Digital Realty,BR,-23.492383,-46.777221,exact,,,,,,,,,,,673758677,
traditional,osm,Ascenty SP1,,Digital Realty,BR,-23.492049,-46.776022,exact,,,,,,,,,,,673758679,
traditional,osm,Bluenap Americas,,,CW,12.177872,-68.955183,exact,,,,,,,,,,,674001379,
traditional,osm,,,,DE,52.449204,13.362091,exact,,,,,,,,,Berlin,,676732263,
traditional,osm,云硕科技（云谷数据中心）,,,CN,22.724851,113.527142,exact,,,,,,,,,,,679120875,
traditional,osm,Centeris,,,US,47.15907,-122.279564,exact,,,,,,,,,,,680666647,
traditional,osm,noris network NBG6 BA2,,noris network AG,DE,49.410797,11.132981,exact,,,,,,,,,Nürnberg,,681856582,
traditional,osm,Meta Clonee 3 Data Center,,Meta,IE,53.419823,-6.42569,exact,,,,,,,,CLN3,,,683115027,
traditional,osm,Station d'atterrage,,orange,FR,46.738652,-1.990207,exact,,,,,,,,,,,683531738,
traditional,osm,Amazon Web Services,,Amazon Web Services,IE,53.404664,-6.365231,exact,,,,,,,,,,,684685208,
traditional,osm,Iron Mountain AZP-2,,Iron Mountain,US,33.452157,-111.977294,exact,,,,,,,,AZP-2,Phoenix,,685011021,
traditional,osm,VegaSystems GmbH & Co. KG,,,DE,51.680975,8.736534,exact,,,,,,,,,,,686613449,
traditional,osm,LEITWERK Rechenzentrum Appenweier,,Leitwerk Rechenzentren Appenweier/Lahr GmbH,DE,48.549971,7.97345,exact,,,,,,,,,Appenweier,,688146819,
traditional,osm,,,,DE,48.464729,7.937562,exact,,,,,,,,,,,691308613,
traditional,osm,Digital Realty DUB3,,Digital Realty,IE,53.313424,-6.442274,exact,,,,,,,,DUB3,,,691934423,
traditional,osm,,,,BE,50.464738,3.860433,exact,,,,,,,,GBL3,,,692270633,
traditional,osm,Amazon IAD68,,Amazon Web Services,US,38.948687,-77.520952,exact,,,,,,,,IAD68,,NOVEC (co-op),693381106,
traditional,osm,Amazon IAD81,,Amazon Web Services,US,38.948388,-77.52183,exact,,,,,,,,IAD81,,,693381107,
traditional,osm,Google,,Google,US,38.943205,-77.52433,exact,,,,,,,,ARA1,,,693385812,
traditional,osm,Amazon IAD120,,Amazon Web Services,US,38.957917,-77.498058,exact,,,,,,,,IAD120,,,693390022,
traditional,osm,Amazon IAD121,,Amazon Web Services,US,38.956777,-77.497784,exact,,,,,,,,IAD121,,NOVEC (co-op),693390023,
traditional,osm,Microsoft,,Microsoft,US,47.237662,-119.887531,exact,,,,,,,,,,,694493125,
traditional,osm,Microsoft,,Microsoft,US,47.237632,-119.883219,exact,,,,,,,,,,,694493126,
traditional,osm,Microsoft,,Microsoft,US,47.236722,-119.883335,exact,,,,,,,,,,,694493127,
traditional,osm,Microsoft,,Microsoft,US,47.236737,-119.887432,exact,,,,,,,,,,,694493128,
traditional,osm,Vantage WA12,,,US,47.25397,-119.813699,exact,,,,,,,,,,,694602725,
traditional,osm,,,,BR,-23.454989,-46.915013,exact,,,,,,,,,,,695690130,
traditional,osm,ODATA DC SP01,,,BR,-23.455022,-46.91505,exact,,,,,,,,DC SP01,,,695690131,
traditional,osm,Centro de Processamento de Dados - UEFS,,Universidade Estadual de Feira de Santana,BR,-12.202501,-38.972992,exact,,,,,,,,,,,695745461,
traditional,osm,,,,US,39.012027,-77.47156,exact,,,,,,,,,,,696978351,
traditional,osm,,,,US,38.99954,-77.449856,exact,,,,,,,,,,Dominion (VEPCO),696985482,
traditional,osm,,,,US,38.790814,-77.548417,exact,,,,,,,,,,NOVEC (co-op),696992451,
traditional,osm,Amazon IAD58,,Amazon Web Services,US,38.9863,-77.441885,exact,,,,,,,,IAD58,,Dominion (VEPCO),697020849,
traditional,osm,Amazon IAD57,,Amazon Web Services,US,38.986993,-77.442633,exact,,,,,,,,IAD57,,,697020850,
traditional,osm,Amazon IAD64,,Amazon Web Services,US,38.815132,-77.652919,exact,,,,,,,,IAD64,Haymarket,Dominion (VEPCO),697021948,
traditional,osm,,,Amazon,US,38.815975,-77.65254,exact,,,,,,,,,,,697021949,
traditional,osm,Amazon Web Services,,Amazon Web Services,US,45.913882,-119.267651,exact,,,,,,,,PDX57/60,Umatilla,,697413741,
traditional,osm,Amazon Web Services,,Amazon Web Services,US,45.841174,-119.655449,exact,,,,,,,,PDX55,Boardman,,697415321,
traditional,osm,Amazon Web Services,,Amazon Web Services,US,45.853786,-119.630036,exact,,,,,,,,PDX56/59,Boardman,,697415323,
traditional,osm,Amazon Web Services,,Amazon Web Services,US,45.846655,-119.603709,exact,,,,,,,,PDX62,Boardman,,697417726,
traditional,osm,Amazon Web Services,,Amazon Web Services,IE,53.296214,-6.350686,exact,,,,,,,,DUB9,,,697470448,
traditional,osm,Amazon Web Services,,Amazon Web Services,IE,53.407011,-6.225693,exact,,,,,,,,,,,697659634,
traditional,osm,Equinix SY4,,Equinix,AU,-33.918298,151.189439,exact,,,,,,,,SY4,,,697882745,
traditional,osm,AWS Asia Pacific (Sydney) Region Data Centre,,Amazon Web Services,AU,-34.037155,150.768118,exact,,,,,,,,,,,697885219,
traditional,osm,Australian Liquidity Centre,,Australian Securities Exchange,AU,-33.819976,151.186354,exact,,,,,,,,,,,697885424,
traditional,osm,РЦАД beCloud,,ТАА Беларускія воблачныя тэхналогіі,BY,53.962105,27.784557,exact,,,,,,,,,Калодзішчы,,698024175,
traditional,osm,,,AirTrunk,AU,-37.800002,144.773713,exact,,,,,,,,MEL1,,,698056398,
traditional,osm,AirTrunk Sydney West,,Airtrunk,AU,-33.799481,150.881898,exact,,,,,,,,SYD1,,,698059695,
traditional,osm,,,,DK,55.558138,9.655609,exact,,,,,,,,,,,699063632,
traditional,osm,Datacube Biel,,Netrics AG,CH,47.15577,7.279132,exact,,,,,,,,,Biel/Bienne,,699247420,
traditional,osm,Kao Data KLON-01,,Kao Data,GB,51.769172,0.129288,exact,,,,,,,,KLON-01,,,699790674,
traditional,osm,Datacenter Marilyn,,,FR,48.835033,2.58799,exact,,,,,,,,,Champs-sur-Marne,,700171365,
traditional,osm,Google Taylor Lake Data Center,,Google,US,45.638514,-121.202063,exact,,,,,,,,,,,700431553,
traditional,osm,Interxion PAR4,,Interxion,FR,48.893954,2.17506,exact,,,,,,,,,Nanterre,,700504282,
traditional,osm,Telehouse 3,,Telehouse,FR,48.726097,2.077595,exact,,,,,,,,TH3,,,700526670,
traditional,osm,euNetworks ColoCentre Karlsruhe,,euNetworks GmbH,DE,49.020445,8.440022,exact,,,,,,,,,Karlsruhe,,700575943,
traditional,osm,Le Prologue,,SFR,FR,48.904277,2.259222,exact,,,,,,,,,,,700652111,
traditional,osm,,,,NL,52.344268,4.8301,exact,,,,,,,,,,,700738101,
traditional,osm,QTS Datacenter,,,NL,53.245835,6.527722,exact,,,,,,,,,,,700854459,
traditional,osm,Dataplace Steenbergen,,,NL,51.587468,4.304982,exact,,,,,,,,,Steenbergen,,700952519,
traditional,osm,Equinix Zwolle ZW1,,Equinix,NL,52.488508,6.142645,exact,,,,,,,,ZW1,Zwolle,,700957200,
traditional,osm,Equinix Stockholm SK2,,Equinix,SE,59.263483,18.105419,exact,,,,,,,,SK2,Sköndal,,701087312,
traditional,osm,,,,BE,51.068199,4.30468,exact,,,,,,,,,,,701193617,
traditional,osm,QTS Ashburn 1,,Quality Technology Services,US,38.999528,-77.450111,exact,,,,,,,,DC1,Sterling,Dominion (VEPCO),701923200,
traditional,osm,Digital Realty Northern Virginia IAD73,,Digital Realty,US,39.006619,-77.466407,exact,,,,,,,,IAD73,Ashburn,Dominion (VEPCO),701923202,
traditional,osm,Digital Realty Northern Virginia IAD39,,Digital Realty,US,39.007614,-77.46763,exact,,,,,,,,IAD39,Ashburn,,701923203,
traditional,osm,Digital Realty ACC10,,Digital Realty,US,39.012656,-77.465604,exact,,,,,,,,ACC10,,Dominion (VEPCO),701923204,
traditional,osm,Sentinel Ashburn Nexus Data Center,,GI Partners,US,39.000647,-77.439808,exact,,,,,,,,,Sterling,Dominion (VEPCO),701924664,
traditional,osm,Vantage VA11,,Vantage Data Centers,US,39.002379,-77.437688,exact,,,,,,,,VA11,Sterling,,701924665,
traditional,osm,Amazon IAD90,,Amazon Web Services,US,38.988603,-77.411652,exact,,,,,,,,IAD90,Sterling,,701924667,
traditional,osm,Amazon IAD91,,Amazon Web Services,US,38.987847,-77.411119,exact,,,,,,,,IAD91,Sterling,Dominion (VEPCO),701924668,
traditional,osm,Amazon IAD92,,Amazon Web Services,US,38.986943,-77.410475,exact,,,,,,,,IAD92,Sterling,,701924669,
traditional,osm,Amazon IAD144,,Amazon Web Services,US,38.981635,-77.427429,exact,,,,,,,,IAD144,Sterling,,701929066,
traditional,osm,CyrusOne NVA8,,CyrusOne,US,39.021179,-77.413244,exact,,,,,,,,NVA8,Sterling,Dominion (VEPCO),701930919,
traditional,osm,Amazon IAD98,,Amazon Web Services,US,39.020225,-77.433886,exact,,,,,,,,IAD98,,,701930920,
traditional,osm,Amazon IAD99,,Amazon Web Services,US,39.019169,-77.43403,exact,,,,,,,,IAD99,,Dominion (VEPCO),701930921,
traditional,osm,Amazon IAD114,,Amazon Web Services,US,39.035494,-77.450699,exact,,,,,,,,IAD114,Ashburn,,701930929,
traditional,osm,Amazon IAD115,,Amazon Web Services,US,39.036294,-77.449795,exact,,,,,,,,IAD115,Ashburn,Dominion (VEPCO),701930930,
traditional,osm,Amazon IAD65,,Amazon Web Services,US,38.917011,-77.494366,exact,,,,,,,,IAD65,,NOVEC (co-op),701931819,
traditional,osm,Amazon IAD150,,Amazon Web Services,US,38.916073,-77.477249,exact,,,,,,,,IAD150,,,701931820,
traditional,osm,BT Application Hosting,,BT Ireland,IE,53.29204,-6.4155,exact,,,,,,,,,Citywest,,702455910,
traditional,osm,Equinix LD10,,Equinix,GB,51.522299,-0.624673,exact,,,,,,,,LD10,Slough,,702784280,
traditional,osm,Equinix data center - ST4,,Equinix,CL,-33.95616,-71.399709,exact,,,,,,,,,,,703242718,
traditional,osm,Digital Realty LGW15,,Digital Realty,GB,51.127426,-0.176163,exact,,,,,,,,LGW15,,,703332116,
traditional,osm,,,,GB,53.468396,-2.17683,exact,,,,,,,,,,,703959498,
traditional,osm,Equinix LD12,,Equinix,GB,51.523936,-0.63761,exact,,,,,,,,LD12,Slough,,705064992,
traditional,osm,CyrusOne LON3,,CyrusOne,GB,51.525944,-0.62694,exact,,,,,,,,LON3,Slough,,705065012,
traditional,osm,Virtus London 3,,Virtus,GB,51.522053,-0.621693,exact,,,,,,,,,Slough,,705065014,
traditional,osm,Virtus London6,,Virtus,GB,51.510569,-0.45381,exact,,,,,,,,,,,705085805,
traditional,osm,Virtus London5,,Virtus,GB,51.509544,-0.454287,exact,,,,,,,,,,,705085806,
traditional,osm,Virtus London7,,Virtus,GB,51.510882,-0.456653,exact,,,,,,,,,,,705085807,
traditional,osm,,,,DE,50.029204,11.304705,exact,,,,,,,,,,,705780985,
traditional,osm,,,,US,35.048347,-106.542155,exact,,,,,,,,725,,,706081342,
traditional,osm,,,Options Technology Ltd.,GB,51.534747,-0.260829,exact,,,,,,,,,London,,706624099,
traditional,osm,,,,GB,51.531256,-0.257339,exact,,,,,,,,,,,706624302,
traditional,osm,Colt London West,,Colt,GB,51.53194,-0.257606,exact,,,,,,,,,London,,706624303,
traditional,osm,Stonewall Creek Business Park,,Google,US,39.051467,-77.539438,exact,,,,,,,,,Leesburg,,706726088,
traditional,osm,Apple,,Apple Inc.,US,44.287277,-120.870216,exact,,,,,,,,,,,706759844,
traditional,osm,Meta,,Meta,US,44.293687,-120.881598,exact,,,,,,,,,,,706759845,
traditional,osm,Amazon Web Services,,Amazon Web Services,US,45.797809,-119.366616,exact,,,,,,,,PDX80,Hermiston,,706776322,
traditional,osm,Teraco JB1 Isando Campus,,Terao Data Environments,ZA,-26.137907,28.197406,exact,,,,,,,,,Isando,,706815676,
traditional,osm,Rechenzentrum Ostermiething,,Stack IT,AT,48.032257,12.83725,exact,,,,,,,,DC10,Ostermiething,,708069523,
traditional,osm,Iron Mountain AMS1,,Iron Mountain,NL,52.391698,4.664329,exact,,,,,,,,AMS1,,,708140435,
traditional,osm,Sabey Data Centers Ashburn - Building C,,Sabey Data Centers,US,39.015422,-77.47827,exact,,,,,,,,,Ashburn,Dominion (VEPCO),708916484,
traditional,osm,Google Montgomery Data Center,,Google LLC,US,36.628255,-87.260102,exact,,,,,,,,,Clarksville,,708931343,
traditional,osm,,,,CA,46.795499,-71.30666,exact,,,,,,,,,Québec,,709060288,
traditional,osm,Microsoft DUB08,,Microsoft,IE,53.322026,-6.443104,exact,,,,,,,,DUB08,,,709103324,
traditional,osm,Microsoft DUB09,,Microsoft,IE,53.323034,-6.447444,exact,,,,,,,,DUB09,,,709123322,
traditional,osm,EdgeConneX,,EdgeConneX,IE,53.328881,-6.454207,exact,,,,,,,,,,,709143741,
traditional,osm,,,,GB,52.540944,-1.381126,exact,,,,,,,,,,,710050084,
traditional,osm,Google Data Center,,Google,US,39.052633,-77.539573,exact,,,,,,,,,,,710070925,
traditional,osm,,,,NL,52.284295,4.743493,exact,,,,,,,,,,,710298085,
traditional,osm,nLighten Milton Keynes,,,GB,52.042121,-0.818808,exact,,,,,,,,LTN1,,,711646220,
traditional,osm,Equinix LD6,,Equinix,GB,51.524581,-0.635207,exact,,,,,,,,LD6,Slough,,712277376,
traditional,osm,VIRTUS LONDON2,,VIRTUS,GB,51.496403,-0.404504,exact,,,,,,,,LONDON2,,,712298673,
traditional,osm,,,,IE,53.406554,-6.358317,exact,,,,,,,,,,,713340741,
traditional,osm,Centersquare Atlanta ATL1,,Centersquare,US,33.744225,-84.581208,exact,,,,,,,,ATL1,Lithia Springs,,713410334,
traditional,osm,,,,US,30.207113,-97.700662,exact,,,,,,,,,,,713411278,
traditional,osm,,,,US,30.205936,-97.697941,exact,,,,,,,,,,,713411279,
traditional,osm,Digital Realty CH3,,Digital Realty,US,41.994353,-87.964942,exact,,,,,,,,CH3,Elk Grove Village,,713428715,
traditional,osm,Digital Realty CH2,,Digital Realty,US,41.994533,-87.957751,exact,,,,,,,,CH2,Elk Grove Village,,713433204,
traditional,osm,Surrey Data Park,,,GB,51.186431,-0.601996,exact,,,,,,,,,,,713651005,
traditional,osm,Digital Realty,,Digital Realty,AU,-37.78173,144.778576,exact,,,,,,,,,,,713653952,
traditional,osm,Digital Realty DUB2,,Digital Realty,IE,53.33112,-6.362416,exact,,,,,,,,DUB2,,,714007220,
traditional,osm,Digital Realty DUB1,,Digital Realty,IE,53.3343,-6.365456,exact,,,,,,,,DUB1,,,714007221,
traditional,osm,DataBank SLC2,,DataBank,US,40.479775,-111.904769,exact,,,,,,,,SLC2,Bluffdale,,714070441,
traditional,osm,DataBank SLC4,,DataBank,US,40.481317,-111.905003,exact,,,,,,,,SLC4,Bluffdale,,714072077,
traditional,osm,DataBank Plano Data Center,,DataBank,US,33.087247,-96.815678,exact,,,,,,,,DFW3,Plano,,714120969,
traditional,osm,B,,,AT,48.159244,16.342088,exact,,,,,,,,,,,714122239,
traditional,osm,A,,,AT,48.159993,16.341463,exact,,,,,,,,,,,714122240,
traditional,osm,Equinix Secaucus NY6,,Equinix,US,40.777549,-74.072688,exact,,,,,,,,,,,714139865,
traditional,osm,CoreSite Secaucus Campus,,CoreSite,US,40.784284,-74.065243,exact,,,,,,,,,,,714139868,
traditional,osm,Google Data Center,,Google,US,38.943321,-77.526164,exact,,,,,,,,,,,714622339,
traditional,osm,Skybox Houston One,,Skybox,US,29.802893,-95.755339,exact,,,,,,,,,,,714776107,
traditional,osm,Google Jackson County Data Center,,Google LLC,US,34.914665,-85.748372,exact,,,,,,,,,,,714889192,
traditional,osm,PSE&G Delivery Emergency Response Center,,PSE&G,US,40.579896,-74.519402,exact,,,,,,,,,,,714943309,
traditional,osm,T5 Charlotte Campus,,,US,35.250425,-81.395039,exact,,,,,,,,,Kings Mountain,,715098032,
traditional,osm,Опорный центр обработки данных Концерна Росэнергоатом,,,RU,57.891825,35.049306,exact,,,,,,,,,,,715893104,
traditional,osm,Oi,,,BR,-25.549376,-48.546993,exact,,,,,,,,,,,717898992,
traditional,osm,Med Nautilus,,Ti Sparkle,GR,38.072685,23.7736,exact,,,,,,,,,Μεταμόρφωση,,718195570,
traditional,osm,Teraco JB2 Bredell Campus,,,ZA,-26.075205,28.278115,exact,,,,,,,,,,,718213807,
traditional,osm,Epic / Mayo Data Center,,,US,44.070796,-92.522132,exact,,,,,,,,,Rochester,,718465287,
traditional,osm,MK Netzdienste GmbH FRA2,,MK Netzdienste GmbH,DE,50.126588,8.581894,exact,,,,,,,,,Frankfurt am Main,,719657644,
traditional,osm,Centro de datos KIO MEX5,,KIO,MX,19.628663,-99.14782,exact,,,,,,,,,,,720313550,
traditional,osm,,,,DE,49.975413,8.453221,exact,,,,,,,,,,,720877720,
traditional,osm,KAGOYA データセンター A棟,,カゴヤ・ジャパン株式会社,JP,34.748509,135.784725,exact,,,,,,,,,,,721312811,
traditional,osm,KAGOYA データセンター B棟,,カゴヤ・ジャパン株式会社,JP,34.748207,135.784645,exact,,,,,,,,,,,721312813,
traditional,osm,AWS eu-north-1 Availability Zone V,,Amazon Web Services,SE,59.649508,16.580665,exact,,,,,,,,,,,721853421,
traditional,osm,Hetzner Online GmbH - NBG1,,Hetzner Online GmbH,DE,49.449877,11.014537,exact,,,,,,,,,Nürnberg,,723038882,
traditional,osm,Rechenzentrum Nürnberg Süd,,noris network,DE,49.410069,11.131762,exact,,,,,,,,NBG6,,,723105663,
traditional,osm,STACK New Albany,,,US,40.106301,-82.800762,exact,,,,,,,,NAL01,,,723117951,
traditional,osm,AMS08,,Microsoft,NL,52.761449,5.038342,exact,,,,,,,,AMS08,,,723863903,
traditional,osm,AMS09,,Microsoft,NL,52.761447,5.039793,exact,,,,,,,,AMS09,,,723863905,
traditional,osm,,,,NL,52.792095,5.029363,exact,,,,,,,,,,,723864747,
traditional,osm,,,GTT,FR,48.907034,2.368077,exact,,,,,,,,,,,724757970,
traditional,osm,,,,AR,-30.937117,-64.493097,exact,,,,,,,,,,,725731282,
traditional,osm,Delta House,,TeleData,GB,53.37915,-2.258613,exact,,,,,,,,,Manchester,,726129785,
traditional,osm,Choctaw Nation of Oklahoma Data Center,,Choctaw Nation of oklahoma,US,33.971685,-96.402849,exact,,,,,,,,,Durant,,726150321,
traditional,osm,EcoDataCenter,,,SE,60.610556,15.60969,exact,,,,,,,,,,,726566209,
traditional,osm,,,,CL,-33.358279,-70.69711,exact,,,,,,,,,Quilicura,,726998855,
traditional,osm,Equinix SY9x,,Equinix,AU,-33.823552,151.034715,exact,,,,,,,,SY9x,,,727001317,
traditional,osm,NIO Datacenter,,,IN,15.455904,73.801607,exact,,,,,,,,,,,727153088,
traditional,osm,QTS Data Center - Hillsboro 1,,Quality Technology Services,US,45.558815,-122.927766,exact,,,,,,,,,Hillsboro,,729192992,
traditional,osm,,,,US,40.584372,-74.243381,exact,,,,,,,,,Carteret,,729376485,
traditional,osm,CXD Infrastructure Solutions,,DXC UKI,GB,51.278829,0.547206,exact,,,,,,,,,Maidstone,,729539167,
traditional,osm,Flexential Salt Lake City - Downtown,,Flexential,US,40.756307,-111.954837,exact,,,,,,,,,Salt Lake City,,729696933,
traditional,osm,Centro de Datos Win Santa Catalina,,Win,PE,-12.087681,-77.018558,exact,,,,,,,,,Lima,,731157740,
traditional,osm,CGI Datacenter,,CGI,GB,51.491832,-3.58071,exact,,,,,,,,,,,732605607,
traditional,osm,Oregon State Data Center,,State of Oregon,US,44.926566,-123.001847,exact,,,,,,,,,Salem,,733721782,
traditional,osm,Digital Realty PDX11 Data Center,,Digital Realty,US,45.567954,-122.916772,exact,,,,,,,,,Hillsboro,,734323663,
traditional,osm,,,,ES,40.713974,-5.837759,exact,,,,,,,,,,,734439671,
traditional,osm,,,,ES,40.714018,-5.839286,exact,,,,,,,,,,,734439672,
traditional,osm,Grade 1 classes,,,ZA,-26.156746,28.026576,exact,,,,,,,,,,,734813487,
traditional,osm,Equinix LD7,,Equinix,GB,51.525543,-0.634531,exact,,,,,,,,LD7,Slough,,735444062,
traditional,osm,China Mobile Slough,,,GB,51.519482,-0.628276,exact,,,,,,,,,,,735444063,
traditional,osm,,,,MX,19.201983,-99.555524,exact,,,,,,,,,,,739640528,
traditional,osm,Centro de datos Alestra,,Axtel,MX,20.557358,-100.277969,exact,,,,,,,,,,,741133950,
traditional,osm,Centro de datos KIO QRO1 y QRO2,,KIO,MX,20.56636,-100.256724,exact,,,,,,,,,,,741133962,
traditional,osm,Flexential Fort Lauderdale,,Flexential,US,26.190086,-80.193297,exact,,,,,,,,,Fort Lauderdale,,741629998,
traditional,osm,LCL Datacenter (DataCloud),,,BE,50.913456,4.037555,exact,,,,,,,,,Erembodegem,,741838106,
traditional,osm,Turkcell Ankara Veri Merkezi,,Turkcell,TR,39.79809,32.419443,exact,,,,,,,,,,,742363207,
traditional,osm,Microsoft DUB10,,Microsoft,IE,53.321991,-6.447127,exact,,,,,,,,DUB10,,,743741623,
traditional,osm,Microsoft DUB12,,Microsoft,IE,53.320711,-6.446949,exact,,,,,,,,DUB12,,,743741624,
traditional,osm,,,,US,30.177708,-95.486593,exact,,,,,,,,,,,744177375,
traditional,osm,Amazon IAD145,,Amazon Web Services,US,38.982552,-77.42463,exact,,,,,,,,IAD145,Sterling,,744491691,
traditional,osm,Amazon Web Services IAD117,,Amazon Web Services,US,39.023698,-77.419095,exact,,,,,,,,IAD117,Sterling,Dominion (VEPCO),744496741,
traditional,osm,Amazon Web Services IAD116,,Amazon Web Services,US,39.024346,-77.420439,exact,,,,,,,,IAD116,Sterling,Dominion (VEPCO),744496750,
traditional,osm,DC Hasselt 1,,Datacenter United,BE,50.931795,5.304837,exact,,,,,,,,HDC1,,,746200227,
traditional,osm,Emtel Data Center Arsenal,,Emtel,MU,-20.103651,57.543271,exact,,,,,,,,,,,746248943,
traditional,osm,Flexential Las Vegas - North,,Flexential,US,36.248163,-115.101255,exact,,,,,,,,,North Las Vegas,,746278786,
traditional,osm,Reykjavík DC,,Borealis,IS,64.145538,-21.753463,exact,,,,,,,,,Reykjavík,,746481930,
traditional,osm,Colt Shiohama,,,JP,35.663861,139.81216,exact,,,,,,,,,,,746750722,
traditional,osm,,,,US,33.953373,-98.524786,exact,,,,,,,,,Wichita Falls,,747985149,
traditional,osm,Google,,Google,FI,60.539703,27.113657,exact,,,,,,,,LPP,Hamina,,748868810,
traditional,osm,Digital Realty FRA15,,Digital Realty,DE,50.118591,8.732926,exact,,,,,,,,,Frankfurt am Main,,749252262,
traditional,osm,Equinix FR9,,Equinix,DE,50.141574,8.739414,exact,,,,,,,,,Frankfurt am Main,,749551415,
traditional,osm,Stellium Newcastle Campus,,,GB,55.017128,-1.503934,exact,,,,,,,,,Wallsend,,749964337,
traditional,osm,NorthC data centers Basel,,,CH,47.512524,7.615494,exact,,,,,,,,,,,750275669,
traditional,osm,NEXTDC - S2 Sydney,,NextDC,AU,-33.785168,151.125276,exact,,,,,,,,S2,,,750706229,
traditional,osm,NTT西日本,,NTT西日本,JP,33.210964,130.556974,exact,,,,,,,,,,,751903104,
traditional,osm,Fort Rock DC,,Fort Rock Data Center,US,44.047407,-121.32855,exact,,,,,,,,,Bend,,752001022,
traditional,osm,,,,BD,24.071556,90.229401,exact,,,,,,,,,,,752293650,
traditional,osm,,,,US,42.968727,-83.779585,exact,,,,,,,,,Flint,,755540694,
traditional,osm,,,,US,40.599363,-74.709675,exact,,,,,,,,,,,756382879,
traditional,osm,,,,US,40.599741,-74.710073,exact,,,,,,,,,,,756382880,
traditional,osm,Meta,,Meta,US,34.830279,-106.780128,exact,,,,,,,,2,Los Lunas,,756778306,
traditional,osm,Lille Etix #1,,,FR,50.699054,3.157916,exact,,,,,,,,,Roubaix,,757483478,
traditional,osm,CyrusOne Amsterdam I,,CyrusOne,NL,52.382981,4.703331,exact,,,,,,,,,,,758138835,
traditional,osm,iGLASS Networks,,,US,35.766751,-78.783987,exact,,,,,,,,,Cary,,758278314,
traditional,osm,Central Office,,AT&T,US,42.833644,-88.733998,exact,,,,,,,,,Whitewater,,758306877,
traditional,osm,,,,US,46.332132,-113.292672,exact,,,,,,,,,,,758426349,
traditional,osm,Vital Records,,,US,40.528072,-74.682816,exact,,,,,,,,,,,758580536,
traditional,osm,,,Aeven,DK,55.693514,12.416943,exact,,,,,,,,EIA1,,,759128175,
traditional,osm,,,Bahnhof,SE,59.409861,17.952972,exact,,,,,,,,,,,759644426,
traditional,osm,1A,,,CN,39.722925,109.922753,exact,,,,,,,,,,,759872064,
traditional,osm,1B,,,CN,39.721983,109.92387,exact,,,,,,,,,,,759872065,
traditional,osm,4,,中国电信,CN,39.718729,109.919399,exact,,,,,,,,,,,759872066,
traditional,osm,,,,CN,39.718147,109.921161,exact,,,,,,,,,,,759872067,
traditional,osm,,,,CN,39.717387,109.92264,exact,,,,,,,,,,,759872068,
traditional,osm,,,,DE,50.062837,8.485186,exact,,,,,,,,Gebäude 1,,,759986149,
traditional,osm,Global Switch Frankfurt,,Global Switch,DE,50.130487,8.59803,exact,,,,,,,,,,,759989363,
traditional,osm,Verizon Wireless NE Headquarters,,,US,40.555609,-74.70552,exact,,,,,,,,,,,761185667,
traditional,osm,Meta Henrico Data Center,,Meta,US,37.483913,-77.23733,exact,,,,,,,,,,,762116506,
traditional,osm,NTT,,NTT,JP,31.586653,130.558278,exact,,,,,,,,,,,764378315,
traditional,osm,maincubes FRANKFURT-01,,Maincubes,DE,50.109631,8.74311,exact,,,,,,,,FRANKFURT-01,Offenbach am Main,,764604919,
traditional,osm,,,,AO,-14.813566,13.441489,exact,,,,,,,,,,,765126865,
traditional,osm,,,,CL,-33.448249,-70.851817,exact,,,,,,,,,,,766344821,
traditional,osm,ST1,,,CL,-33.44759,-70.851593,exact,,,,,,,,,,,766344822,
traditional,osm,,,Involta,US,44.204435,-88.34493,exact,,,,,,,,,,,766768556,
traditional,osm,เดอะคลาวด์,,,TH,13.818889,100.649725,exact,,,,,,,,,,,767732159,
traditional,osm,Centrum výpočtovej techniky FHPV PU,,,SK,48.988526,21.235638,exact,,,,,,,,165,,,768237868,
traditional,osm,hex/AC,,,DE,50.783539,6.135001,exact,,,,,,,,,,,769203416,
traditional,osm,Colt Evere,,Colt Technology Services nv,BE,50.85761,4.411719,exact,,,,,,,,,,,769969773,
traditional,osm,Datacenter de Riba d'Ave,,REN;NOS,PT,41.40368,-8.391602,exact,,,,,,,,,,,770046636,
traditional,osm,,,,KR,35.249855,128.863516,exact,,,,,,,,,,,770421867,
traditional,osm,Scala SGIGSM01,,Scala Datacenters,BR,-22.796871,-43.355985,exact,,,,,,,,,,,770978294,
traditional,osm,"Rechenzentrum PFALZKOM, DCRN II",,Pfalzkom GmbH,DE,49.420823,8.349893,exact,,,,,,,,,Mutterstadt,,771374487,
traditional,osm,Centro de datos KIO MEX6,,KIO,MX,19.201963,-99.555476,exact,,,,,,,,,,,771466445,
traditional,osm,NORD-5,,,RU,55.88536,37.513793,exact,,,,,,,,,Москва,,772066747,
traditional,osm,Meta,,Meta,US,44.29909,-120.879444,exact,,,,,,,,,,,772827597,
traditional,osm,Meta,,Meta,US,44.301258,-120.889891,exact,,,,,,,,,,,772827601,
traditional,osm,,,US Signal,US,42.235327,-83.444141,exact,,,,,,,,,,,773848531,
traditional,osm,,,,US,39.567714,-119.542363,exact,,,,,,,,,,,775412066,
traditional,osm,,,,US,39.567501,-119.54321,exact,,,,,,,,,,,775412067,
traditional,osm,,,,US,39.56716,-119.544388,exact,,,,,,,,,,,775412068,
traditional,osm,,,,US,39.566921,-119.545227,exact,,,,,,,,,,,775412069,
traditional,osm,,,,US,39.565758,-119.547974,exact,,,,,,,,,,,775412072,
traditional,osm,,,,US,39.565106,-119.54769,exact,,,,,,,,,,,775412073,
traditional,osm,Tennessee Processing Center LLC,,,US,36.215644,-86.784001,exact,,,,,,,,,,,776316726,
traditional,osm,,,,NL,52.302709,4.938661,exact,,,,,,,,,,,776593777,
traditional,osm,,,,HK,22.286383,114.269967,exact,,,,,,,,,,,776672419,
traditional,osm,Allentown-TekPark,,,US,40.544255,-75.654369,exact,,,,,,,,,,,777196805,
traditional,osm,Meta,,Meta,US,34.83028,-106.776461,exact,,,,,,,,1,Los Lunas,,777679751,
traditional,osm,,,nLighten,FR,47.226245,5.974077,exact,,,,,,,,MLH1,,,778874555,
traditional,osm,,,,US,39.559068,-104.833534,exact,,,,,,,,,Englewood,,778989332,
traditional,osm,PG&E Datacenter,,,US,38.246238,-122.067184,exact,,,,,,,,,Fairfield,,780063735,
traditional,osm,Centro de Procesamiento de Datos del Gobierno de Cantabria,,Gobienro de Cantabria,ES,43.466172,-3.814148,exact,,,,,,,,,Santander,,780262194,
traditional,osm,CyrusOne PHX6,,CyrusOne,US,33.26763,-111.882512,exact,,,,,,,,PHX6,Chandler,,781370600,
traditional,osm,CryrusOne LON4,,CyrusOne,GB,51.516551,-0.628948,exact,,,,,,,,LON4,Slough,,787209296,
traditional,osm,VIRTUS LONDON9,,,GB,51.518877,-0.618992,exact,,,,,,,,,,,787209399,
traditional,osm,Facebook Altoona Data Center 4,,Meta,US,41.667743,-93.516407,exact,,,,,,,,,,,788027103,
traditional,osm,,,Amazon,CA,45.623691,-73.381301,exact,,,,,,,,,Varennes,,790870522,
traditional,osm,,,,RU,56.000605,50.428365,exact,,,,,,,,,,,791360378,
traditional,osm,Digital Realty IAD41 (Building P),,Digital Realty,US,39.008806,-77.458236,exact,,,,,,,,IAD41,Ashburn,,793087858,
traditional,osm,Amazon IAD118,,Amazon Web Services,US,39.018509,-77.438836,exact,,,,,,,,IAD118,Sterling,,793087859,
traditional,osm,,,,CH,47.571381,8.888369,exact,,,,,,,,,,,793496138,
traditional,osm,Aligned Ashburn IAD-01,,Aligned,US,39.013608,-77.470556,exact,,,,,,,,IAD-01,Ashburn,,793622740,
traditional,osm,Equinix Ashburn DC15,,Equinix,US,39.0225,-77.450256,exact,,,,,,,,DC15,Ashburn,Dominion (VEPCO),793888408,
traditional,osm,Sabey Data Centers Ashburn - Building B,,Sabey Data Centers,US,39.0145,-77.479987,exact,,,,,,,,,Ashburn,,793888427,
traditional,osm,NTT Ashburn VA5 Data Center,,NTT,US,39.018303,-77.472611,exact,,,,,,,,VA5,Ashburn,Dominion (VEPCO),793888429,
traditional,osm,NTT Ashburn VA4 Data Center,,NTT,US,39.019868,-77.472592,exact,,,,,,,,VA4,Ashburn,,793888430,
traditional,osm,CloudHQ LC1,,CloudHQ,US,39.010247,-77.462671,exact,,,,,,,,LC1,Ashburn,Dominion (VEPCO),794147654,
traditional,osm,CloudHQ LC2,,CloudHQ,US,39.011755,-77.462459,exact,,,,,,,,LC2,Ashburn,,794147655,
traditional,osm,Amazon IAD146,,Amazon Web Services,US,38.996721,-77.435597,exact,,,,,,,,IAD146,,Dominion (VEPCO),794147657,
ai,osm+epoch,Google Datacentre Waltham Cross,Google Waltham Cross,Google,GB,51.696191,-0.048856,exact,88.0,123799,"TPU v6e, TPU v7",Google DeepMind,"Shell Energy Europe, Engie",3.3336159999999997,"Land at Maxwell's Farm West, Great Cambridge Road, Cheshunt, EN8 8XH",,,,795170874,yes
traditional,osm,PHX-10,,Microsoft,US,33.407946,-112.36483,exact,,,,,,,,PHX-10,Goodyear,,795384117,
traditional,osm,Equinix Ashburn DC21,,Equinix,US,39.011806,-77.45451,exact,,,,,,,,DC21,Ashburn,Dominion (VEPCO),796933516,
traditional,osm,万国数据深圳4号数据中心,,,CN,22.713441,114.366537,exact,,,,,,,,,,,797826487,
traditional,osm,"Akshaya Centre, Palluruthy",,,IN,9.92364,76.271238,exact,,,,,,,,,,,798253232,
traditional,osm,Equinix WA3,,Equinix,PL,52.190369,20.92237,exact,,,,,,,,WA3,,,799107416,
traditional,osm,RMS Dish Service Center,,RMS,IN,9.330096,76.925621,exact,,,,,,,,,,,799315142,
traditional,osm,,,,IN,8.498102,76.946954,exact,,,,,,,,,,,799792028,
traditional,osm,Computer Center,,,IN,9.244685,76.519858,exact,,,,,,,,,,,800207361,
traditional,osm,WEDOS DC2 Podskalí,,Wedos,CZ,49.053361,14.443378,exact,,,,,,,,,Hluboká nad Vltavou,,800615347,
traditional,osm,,,,US,40.95127,-73.897901,exact,,,,,,,,,,,802054282,
traditional,osm,M11,,atNorth,IS,63.963279,-22.538785,exact,,,,,,,,,Reykjanesbær,,802114419,
traditional,osm,M12,,atNorth,IS,63.963536,-22.538774,exact,,,,,,,,,Reykjanesbær,,802114420,
traditional,osm,M13,,atNorth,IS,63.963781,-22.538726,exact,,,,,,,,,Reykjanesbær,,802114421,
traditional,osm,M14,,atNorth,IS,63.964035,-22.538742,exact,,,,,,,,,Reykjanesbær,,802114422,
traditional,osm,M15,,atNorth,IS,63.964293,-22.538696,exact,,,,,,,,,Reykjanesbær,,802114423,
traditional,osm,M05,,atNorth,IS,63.964253,-22.5358,exact,,,,,,,,,Reykjanesbær,,802114424,
traditional,osm,M04,,atNorth,IS,63.963998,-22.535764,exact,,,,,,,,,Reykjanesbær,,802114425,
traditional,osm,,,,IS,63.96162,-22.534867,exact,,,,,,,,,Reykjanesbær,,802114426,
traditional,osm,NAO 3,,Meta,US,40.065725,-82.749118,exact,,,,,,,,,,,802160675,
traditional,osm,,,BCX,ZA,-25.978483,28.124151,exact,,,,,,,,,,,803853242,
traditional,osm,Parklands,,NTT,ZA,-26.146687,28.036839,exact,,,,,,,,,,,803856360,
traditional,osm,ADC Samrand Campus,,Africa Data Centres,ZA,-25.930109,28.13956,exact,,,,,,,,,,,803856364,
traditional,osm,CDC Eastern Creek Campus EC1,,Canberra Data Centres,AU,-33.818001,150.839475,exact,,,,,,,,EC1,,,803869403,
traditional,osm,,,,US,47.237097,-119.895155,exact,,,,,,,,,,,807374322,
traditional,osm,CSL Monet,,Angola Cables,BR,-3.738851,-38.457236,exact,,,,,,,,,Fortaleza,,808900330,
traditional,osm,AngoNap Fortaleza,,Angola Cables,BR,-3.735286,-38.461677,exact,,,,,,,,,Fortaleza,,808900331,
traditional,osm,EdgeCore,,,US,33.344149,-111.619588,exact,,,,,,,,,Mesa,,808979618,
traditional,osm,Turkcell Avrupa Veri Merkezi,,Turkcell,TR,41.263256,27.926944,exact,,,,,,,,,Tekirdağ,,808990471,
traditional,osm,Overheidsdatacenter Rijswijk,,SSC-ICT,NL,52.038275,4.335394,exact,,,,,,,,,,,809428256,
traditional,osm,Comcast,,Comcast,US,42.213902,-83.198214,exact,,,,,,,,,Southgate,,812630939,
traditional,osm,NextDC P2 Perth Data Centre,,NextDC,AU,-31.950165,115.868231,exact,,,,,,,,P2,,,812825291,
traditional,osm,DigiCo ADL2,,DigiCo,AU,-34.968477,138.608342,exact,,,,,,,,ADL2,,,812989671,
traditional,osm,Prescient Coleraine,,Prescient Data Centres Limited,GB,55.153441,-6.685465,exact,,,,,,,,,Coleraine,,813089664,
traditional,osm,Telus Kamloops Data Centre,,,CA,50.677138,-120.377428,exact,,,,,,,,,,,813475618,
traditional,osm,SAP COS02,,SAP,US,38.988916,-104.786329,exact,,,,,,,,COS02,,,813532303,
traditional,osm,Aliénor.net,,Alienor.net,FR,44.873991,-0.597912,exact,,,,,,,,,,,813676827,
traditional,osm,,,,US,47.407242,-120.213935,exact,,,,,,,,,East Wenatchee,,813688319,
traditional,osm,Actapio,,Actapio,US,47.407508,-120.214011,exact,,,,,,,,,,,813688320,
traditional,osm,,,,US,47.392149,-120.217462,exact,,,,,,,,,,,814061068,
traditional,osm,,,,US,47.391794,-120.217877,exact,,,,,,,,,,,814061069,
traditional,osm,,,,US,47.391757,-120.217514,exact,,,,,,,,,,,814061070,
traditional,osm,,,,US,47.391759,-120.216901,exact,,,,,,,,,,,814061071,
traditional,osm,Microsoft Datacenter West Europe,,Microsoft,NL,52.764015,5.037683,exact,,,,,,,,,,,814210482,
traditional,osm,Facebook Fort Worth Datacenter,,Meta,US,32.988316,-97.255111,exact,,,,,,,,,,,815057182,
traditional,osm,Charles Schwab Data Center,,,US,33.004512,-97.246141,exact,,,,,,,,,,,815078625,
traditional,osm,Digital Realty Kin Tak HKG11,,Digital Realty,HK,22.370381,114.129042,exact,,,,,,,,HKG11,,,815642514,
traditional,osm,ISSDC,,,IN,12.901692,77.369882,exact,,,,,,,,,,,815805192,
traditional,osm,Amazon IAD140,,Amazon Web Services,US,38.981455,-77.41755,exact,,,,,,,,IAD140,Sterling,NOVEC (co-op),817338831,
traditional,osm,Amazon IAD141,,Amazon Web Services,US,38.982388,-77.416786,exact,,,,,,,,IAD141,,,817338832,
traditional,osm,1623 Farnam,,News-Press & Gazette Company,US,41.257291,-95.937849,exact,,,,,,,,,Omaha,,818167571,
traditional,osm,PoP-Hauptverteiler,,,DE,52.076886,9.563771,exact,,,,,,,,,,,818712545,
traditional,osm,PoP Hauptverteiler,,,DE,52.06115,9.590562,exact,,,,,,,,,,,818738768,
traditional,osm,Credit Suisse: Clifton Data Center,,,US,40.83345,-74.140219,exact,,,,,,,,,,,818790301,
traditional,osm,PoP-Hauptverteiler,,htp GmbH,DE,52.018663,9.620247,exact,,,,,,,,,,,818834286,
traditional,osm,Meta Clonee 5 Data Center,,Meta,IE,53.418148,-6.445799,exact,,,,,,,,CLN5,,,819286957,
traditional,osm,,,,US,36.032716,-86.637789,exact,,,,,,,,,,,819981888,
traditional,osm,HCA Information Technology & Services Data Center,,,US,36.032635,-86.637717,exact,,,,,,,,,,,819981891,
traditional,osm,TierPoint,,,US,35.92451,-86.855687,exact,,,,,,,,,,,819981908,
traditional,osm,PoP-Hauptverteiler,,htp GmbH,DE,52.121617,9.533301,exact,,,,,,,,,,,820412639,
traditional,osm,Central telefônica de Itapetininga,,Vivo,BR,-23.578501,-48.03013,exact,,,,,,,,,,,820790000,
traditional,osm,Amazon Web Services,,Amazon Web Services,US,40.102573,-83.199698,exact,,,,,,,,,,,821081357,
traditional,osm,Amazon Web Services,,Amazon Web Services,US,40.103587,-83.199764,exact,,,,,,,,,,,821081358,
traditional,osm,,,,TW,25.028459,121.42022,exact,,,,,,,,,,,821920964,
traditional,osm,,,,TW,25.02864,121.420282,exact,,,,,,,,,,,821920965,
traditional,osm,Digital Realty FRA16,,Digital Realty,DE,50.120246,8.738504,exact,,,,,,,,,Frankfurt am Main,,822085523,
traditional,osm,DC Hasselt 2,,Datacenter United,BE,50.938312,5.363641,exact,,,,,,,,HDC2,,,822844088,
traditional,osm,مخابرات مرکزی,,,IR,39.350429,45.072646,exact,,,,,,,,,,,822876105,
traditional,osm,۱۱۷خرابی تلفن ویا,,,IR,39.350247,45.073014,exact,,,,,,,,,,,822876106,
traditional,osm,Teraco JB3 Isando Campus,,,ZA,-26.137139,28.199262,exact,,,,,,,,,Isando,,823111182,
traditional,osm,Teraco Satellite Earth Station,,,ZA,-26.138382,28.198951,exact,,,,,,,,,,,823111183,
traditional,osm,Xneelo Samrand Campus,,Xneelo,ZA,-25.927513,28.141339,exact,,,,,,,,,,,823115596,
traditional,osm,Teraco JB1 East,,Teraco,ZA,-26.137798,28.197756,exact,,,,,,,,JB1 West,,,823191092,
traditional,osm,Teraco JB1 West,,Teraco,ZA,-26.138119,28.197107,exact,,,,,,,,JB1 West,,,823191093,
traditional,osm,Digital Parks Africa,,,ZA,-25.928051,28.151504,exact,,,,,,,,,,,823191984,
traditional,osm,Amazon Web Services,,Amazon Web Services,IE,53.294693,-6.368504,exact,,,,,,,,,,,825144681,
traditional,osm,,,,BE,50.464337,3.865862,exact,,,,,,,,GBL4,,,825181660,
traditional,osm,NTT London 1,,NTT,GB,51.547372,0.175803,exact,,,,,,,,,,,825504801,
traditional,osm,Flexential Brentwood Data Center,,,US,35.972562,-86.808042,exact,,,,,,,,,,,826001604,
traditional,osm,,,,US,36.023489,-86.79162,exact,,,,,,,,,,,826001605,
traditional,osm,Amazon IAD84,,Amazon Web Services,US,38.816103,-77.652499,exact,,,,,,,,IAD84,Haymarket,Dominion (VEPCO),828135845,
traditional,osm,StrongMind,,,US,33.342608,-111.840962,exact,,,,,,,,,,,828228235,
traditional,osm,SaskTel,,,CA,50.287673,-107.825843,exact,,,,,,,,,,,828606781,
traditional,osm,SaskTel,,,CA,50.284749,-107.802369,exact,,,,,,,,,,,828606828,
traditional,osm,বাংলাদেশ ডাটা সেন্টার কোম্পানি লিমিটেড(বিডিসিসিএল),,,BD,24.071453,90.229448,exact,,,,,,,,,,,829254978,
traditional,osm,BB&T Data Center,,,US,35.839336,-78.328135,exact,,,,,,,,,,,830138727,
traditional,osm,,,Santander,GB,52.578887,-1.210034,exact,,,,,,,,,,,830370909,
traditional,osm,,,Santander,GB,52.579626,-1.20624,exact,,,,,,,,,,,830370910,
traditional,osm,Oficina KIO Interlomas y centro de datos KIO MEX4,,KIO,MX,19.400135,-99.274212,exact,,,,,,,,,,,830620671,
traditional,osm,Microsoft,,Microsoft,US,41.516741,-93.702513,exact,,,,,,,,,,,830881731,
traditional,osm,Microsoft,,Microsoft,US,41.515835,-93.702492,exact,,,,,,,,,,,830881732,
traditional,osm,Microsoft,,Microsoft,US,41.515818,-93.7063,exact,,,,,,,,,,,830881733,
traditional,osm,Microsoft,,Microsoft,US,41.516706,-93.706326,exact,,,,,,,,,,,830881734,
traditional,osm,Microsoft,,Microsoft,US,41.518501,-93.706333,exact,,,,,,,,,,,830881742,
traditional,osm,Microsoft,,Microsoft,US,41.517611,-93.706324,exact,,,,,,,,,,,830881743,
traditional,osm,Microsoft,,Microsoft,US,41.517642,-93.702499,exact,,,,,,,,,,,830881744,
traditional,osm,Microsoft,,Microsoft,US,41.518537,-93.702521,exact,,,,,,,,,,,830881745,
traditional,osm,Microsoft,,Microsoft,US,41.497856,-93.787059,exact,,,,,,,,,,,830885773,
traditional,osm,Microsoft,,Microsoft,US,41.498901,-93.78707,exact,,,,,,,,,,,830885774,
traditional,osm,Facebook Altoona Data Center 5,,Meta,US,41.671187,-93.516594,exact,,,,,,,,,,,830931210,
traditional,osm,,,Blockfusion,US,43.074831,-78.944809,exact,,,,,,,,,Niagara Falls,,832622369,
traditional,osm,Blockfusion Niagra Falls,,,US,43.083492,-79.00294,exact,,,,,,,,,Niagara Falls,,832656125,
traditional,osm,Blockfusion Niagra Falls,,,US,43.083258,-79.003061,exact,,,,,,,,,Niagara Falls,,832656868,
traditional,osm,Blockfusion Niagra Falls,,,US,43.083031,-79.003982,exact,,,,,,,,,Niagara Falls,,832658041,
traditional,osm,Shelter Modernización,,,AR,-28.457885,-65.765921,exact,,,,,,,,,,,833840511,
traditional,osm,,,,LU,49.787458,6.089505,exact,,,,,,,,,,,834727625,
traditional,osm,Lumen,,Lumen Technologies,US,37.062799,-113.544748,exact,,,,,,,,,,,835601088,
traditional,osm,İT kursu,,,AZ,39.82527,46.767261,exact,,,,,,,,,,,835661484,
traditional,osm,SLT IDC - National Data Center - Pitipana,,Sri Lanka Telecom PLC,LK,6.824551,80.036631,exact,,,,,,,,,Pitipana,,836027457,
traditional,osm,Sungard Systems International,,,US,33.404776,-86.911565,exact,,,,,,,,,,,836908998,
traditional,osm,Myndshift Technologies,,,US,33.475421,-111.719165,exact,,,,,,,,,,,836947535,
traditional,osm,ForceAmp.com,,,US,41.703998,-91.587078,exact,,,,,,,,,,,837139011,
traditional,osm,,,Ark Data Centres,GB,51.281768,-0.797298,exact,,,,,,,,,,,838655597,
traditional,osm,,,Ark Data Centres,GB,51.282476,-0.796131,exact,,,,,,,,,,,838655598,
traditional,osm,,,Ark Data Centres,GB,51.2821,-0.795768,exact,,,,,,,,,,,838655599,
traditional,osm,,,Ark Data Centres,GB,51.281726,-0.795401,exact,,,,,,,,,,,838655600,
traditional,osm,,,Ark Data Centres,GB,51.282438,-0.794514,exact,,,,,,,,,,,838655601,
traditional,osm,,,,GB,51.501665,-0.410192,exact,,,,,,,,,,,838773806,
traditional,osm,Virtus London8,,Virtus,GB,51.50976,-0.457189,exact,,,,,,,,,,,838801558,
traditional,osm,TierPoint - Charlotte Data Center,,TierPoint,US,35.173195,-80.928121,exact,,,,,,,,CL4,,,838817907,
traditional,osm,SEGRA,,,US,35.180051,-80.92636,exact,,,,,,,,,Charlotte,,838817943,
traditional,osm,3,,,CN,39.719225,109.925097,exact,,,,,,,,,,,839662454,
traditional,osm,Middletown Data Center,,,US,39.017678,-78.290942,exact,,,,,,,,,Middletown,REC (co-op),840582927,
traditional,osm,2,,,CN,39.720477,109.923811,exact,,,,,,,,,,,841378985,
traditional,osm,CoreSite Chicago Data Center (CH2),,CoreSite,US,41.862797,-87.641301,exact,,,,,,,,,Chicago,,841813139,
traditional,osm,DITO CO64,,,PH,8.936489,125.539428,exact,,,,,,,,,,,842083113,
traditional,osm,Norma Beach Cable Landing Station,,Unity Cable System,US,47.864693,-122.284153,exact,,,,,,,,,Lynnwood,,842544718,
traditional,osm,Cogent Tours,,Cogent,FR,47.432321,0.686475,exact,,,,,,,,,,,843118512,
traditional,osm,,,DirecTV,US,32.092706,-110.787424,exact,,,,,,,,,Tucson,,843314844,
traditional,osm,,,,CA,44.337386,-79.67047,exact,,,,,,,,,,,843321913,
traditional,osm,Euclyde DC3,,Euclyde,FR,43.624401,7.038549,exact,,,,,,,,,,,843508896,
traditional,osm,Google,,Google,US,36.056271,-115.008575,exact,,,,,,,,,Henderson,,844359206,
traditional,osm,Google,,Google,US,36.058816,-115.008802,exact,,,,,,,,,Henderson,,844359207,
traditional,osm,Google,,Google,US,34.913667,-85.747422,exact,,,,,,,,,,,844371952,
traditional,osm,Google,,Google,US,34.913641,-85.745924,exact,,,,,,,,,,,844371953,
traditional,osm,,,,US,35.892676,-81.546755,exact,,,,,,,,,,,844372538,
traditional,osm,,,,US,39.050601,-77.540023,exact,,,,,,,,,,,844374689,
traditional,osm,Google,,Google,US,32.442139,-97.062465,exact,,,,,,,,,,,844386860,
traditional,osm,Google,,Google,US,32.443564,-97.06331,exact,,,,,,,,,,,844386861,
traditional,osm,Google,,Google,US,36.62459,-87.261292,exact,,,,,,,,SPC2A,,,844389014,
ai,osm+epoch,Google NBY-1,Google New Albany,Google,US,40.061161,-82.764329,exact,453.0,616472,"TPU v5e, TPU v5p, TPU v6e, TPU v7",Google DeepMind,,17.160546,"1101 Beech Rd SW, New Albany, OH 43054",,,,844391358,yes
traditional,osm,Meta Sarpy Data center,,Meta,US,41.123529,-96.1442,exact,,,,,,,,,,,844394339,
traditional,osm,Meta Sarpy Data center,,Meta,US,41.120551,-96.144532,exact,,,,,,,,,,,844394340,
traditional,osm,Google,,Google,US,41.134992,-96.146711,exact,,,,,,,,,,,844394357,
traditional,osm,JPMorgan Chase,,JPMorgan Chase,US,39.989158,-105.020726,exact,,,,,,,,,Broomfield,,845775548,
traditional,osm,Global DC OY,,Yandex,FI,60.628928,25.263959,exact,,,,,,,,,,,846760920,
traditional,osm,Equinix PA13X,,Equinix,FR,48.789107,2.216588,exact,,,,,,,,PA13X,,,846772885,
traditional,osm,Digital Realty PAR12,,Digital Realty,FR,48.8244,2.725104,exact,,,,,,,,PAR12,Ferrières-en-Brie,,846779443,
traditional,osm,Central de internet - Claro/NET,,Claro S/A,BR,-23.569566,-48.028534,exact,,,,,,,,,,,846779776,
traditional,osm,Thésée DataCenter,,Thésée,FR,48.96605,1.840305,exact,,,,,,,,,,,846872233,
traditional,osm,Site technique SFR,,SFR,FR,48.765411,2.001335,exact,,,,,,,,,,,847106822,
traditional,osm,Site technique SFR,,SFR,FR,48.767992,2.002802,exact,,,,,,,,,,,847113959,
traditional,osm,Site technique SFR,,SFR,FR,48.971987,2.075712,exact,,,,,,,,,,,847120472,
traditional,osm,Site Technique SFR,,,FR,48.975954,2.645623,exact,,,,,,,,,,,847239871,
traditional,osm,Equinix PA8X,,Equinix,FR,48.900702,2.421985,exact,,,,,,,,PA8X,Pantin,,847461128,
traditional,osm,,,,IT,45.060934,7.639095,exact,,,,,,,,,,,847959022,
traditional,osm,Vantage Montreal II,,Vantage Data Centers,CA,45.474637,-73.800069,exact,,,,,,,,QC4,Pointe-Claire,,848201800,
traditional,osm,TMONE Klang Valley Data Center,,,MY,2.932535,101.657319,exact,,,,,,,,,,,848498975,
traditional,osm,Edificio Telepuerto,,,BO,-17.555707,-66.251355,exact,,,,,,,,,Santiváñez,,848800759,
traditional,osm,Bâtiment Data Center,,MBDA France,FR,48.777882,2.243972,exact,,,,,,,,,,,849203405,
traditional,osm,Telin-3 Data Centre,,Telin Singapore,SG,1.316696,103.701477,exact,,,,,,,,Telin-3,Singapore,,850166611,
traditional,osm,,,,CL,-33.358589,-70.694378,exact,,,,,,,,,Quilicura,,850177813,
traditional,osm,Marquette-Adams Telephone Coop,,,US,43.782176,-89.574841,exact,,,,,,,,,,,850342266,
traditional,osm,Compass Data Center,,,US,32.538767,-96.804459,exact,,,,,,,,,Red Oak,,850965775,
traditional,osm,Digital Realty ZUR2,,Digital Realty,CH,47.433462,8.55673,exact,,,,,,,,ZUR2,Glattbrugg,,852039405,
traditional,osm,Amazon IAD119,,Amazon Web Services,US,39.016931,-77.439389,exact,,,,,,,,IAD119,Sterling,,852039781,
traditional,osm,Data Center,,OCP/UM6P,MA,32.222587,-7.92999,exact,,,,,,,,,Benguerir ⴱⴰⵏⴳⵔⵉⵔ بن گرير,,852059645,
traditional,osm,Mega Plus,,,HK,22.293365,114.274437,exact,,,,,,,,,,,854227561,
traditional,osm,,,,HK,22.294907,114.274445,exact,,,,,,,,,,,854227565,
traditional,osm,,,,HK,22.294112,114.274374,exact,,,,,,,,,,,854227566,
traditional,osm,CyrusOne FRA3,,CyrusOne,DE,50.128841,8.577069,exact,,,,,,,,,Frankfurt am Main,,854827558,
traditional,osm,Central telefônica da Vivo,,VIVO SA,BR,-23.591953,-48.052507,exact,,,,,,,,,Itapetininga,,856975112,
traditional,osm,Flexential Portland - Hillsboro 4,,Flexential,US,45.555313,-122.940132,exact,,,,,,,,,Hillsboro,,860433344,
traditional,osm,鲁南大数据中心,,,CN,34.821467,117.342012,exact,,,,,,,,,,,860575850,
traditional,osm,Stream Chicago II,,Stream,US,41.999124,-87.957765,exact,,,,,,,,Chicago II,Elk Grove Village,,863162820,
traditional,osm,STACK Chicago CHI01,,Stack Infrastructure,US,42.006856,-87.965177,exact,,,,,,,,CHI01,,,863162822,
traditional,osm,Stream Chicago I,,Stream,US,42.00263,-87.951112,exact,,,,,,,,,Elk Grove Village,,863162825,
traditional,osm,Datacenter de Mambucaba,,Eletronuclear,BR,-23.033745,-44.548543,exact,,,,,,,,,,,864164408,
traditional,osm,Claro,,,AR,-30.866751,-64.519637,exact,,,,,,,,,,,867314871,
traditional,osm,情報基盤センター,,,JP,39.714155,141.136929,exact,,,,,,,,,,,868233076,
traditional,osm,リモートセンシングデータ解析室,,,JP,39.719391,141.133223,exact,,,,,,,,,,,868337684,
traditional,osm,Conova Communications,,,AT,47.706222,13.082804,exact,,,,,,,,,Hallein,,868570931,
traditional,osm,CyrusOne DUB1,,CyrusOne,IE,53.316657,-6.456219,exact,,,,,,,,DUB1,,,868909749,
traditional,osm,Equinix IBX (WI1),,Equinix,CA,49.825022,-97.178015,exact,,,,,,,,,,,869252064,
traditional,osm,Signal,,,NO,65.976564,12.277044,exact,,,,,,,,,,,869898955,
traditional,osm,Turnkey Internet,,,US,42.745445,-73.759201,exact,,,,,,,,,Latham,,871694597,
traditional,osm,Microsoft,,Microsoft,US,41.54065,-93.827877,exact,,,,,,,,,,,871745265,
traditional,osm,,,,BR,-23.890695,-46.528318,exact,,,,,,,,,,,872776256,
traditional,osm,,,,US,35.590392,-81.26457,exact,,,,,,,,,,,873137563,
traditional,osm,Amazon Web Services,,Amazon Web Services,US,40.060147,-83.134907,exact,,,,,,,,,,,874506250,
traditional,osm,Lightedge Data Center,,,US,44.808476,-93.637635,exact,,,,,,,,,Chaska,,874888709,
traditional,osm,Centre de données,,,FR,50.68001,3.016361,exact,,,,,,,,,Verlinghem,,875153822,
traditional,osm,OVHcloud Strasbourg - SBG-3,,OVHcloud,FR,48.586058,7.797508,exact,,,,,,,,SBG3,Strasbourg,,875244715,
traditional,osm,Iron Mountain,,,US,47.594616,-117.537148,exact,,,,,,,,,,,876020641,
traditional,osm,DBT Data - Harrisonburg Center,,,US,38.462603,-78.856725,exact,,,,,,,,,,,876120402,
traditional,osm,linxdatacenter Moscow,,,RU,55.805655,37.550887,exact,,,,,,,,,,,876448398,
traditional,osm,amnet Data Center,,,US,41.091785,-73.516673,exact,,,,,,,,,Stamford,,878795698,
traditional,osm,,,TierPoint,US,38.94063,-94.755233,exact,,,,,,,,,,,880052062,
traditional,osm,Newtelco Datacenter,,,GE,41.721072,44.712709,exact,,,,,,,,,,,880484502,
traditional,osm,Datacenter One GmbH,,AtlasEdge,DE,51.191216,6.938799,exact,,,,,,,,DUS1,Hilden,,881232573,
traditional,osm,,,,DE,51.680984,8.736386,exact,,,,,,,,,,,881246010,
traditional,osm,,,,NL,53.424402,6.867454,exact,,,,,,,,,,,881474214,
traditional,osm,,,,NL,53.423999,6.865019,exact,,,,,,,,,,,881474215,
traditional,osm,,,,NL,53.422988,6.862936,exact,,,,,,,,,,,881474216,
traditional,osm,CANTV Puerto Ordaz,,,VE,8.311081,-62.71631,exact,,,,,,,,,Ciudad Guayana (Puerto Ordaz),,881756415,
traditional,osm,Equinix Singapore SG5,,Equinix,SG,1.317318,103.701503,exact,,,,,,,,SG5,Singapore,,882664393,
traditional,osm,,,,SG,1.37723,103.968518,exact,,,,,,,,,,,882664402,
traditional,osm,,,,SG,1.377607,103.968154,exact,,,,,,,,,,,882664403,
traditional,osm,CloudHQ MCC1,,CloudHQ,US,38.717062,-77.49994,exact,,,,,,,,MCC1,,Dominion (VEPCO),882977350,
traditional,osm,,,,NL,52.336566,4.886933,exact,,,,,,,,,,,883367894,
traditional,osm,Meta,,Meta,US,35.316612,-81.825176,exact,,,,,,,,FRC,,,883809860,
traditional,osm,Amazon IAD129,,Amazon Web Services,US,39.01608,-77.438382,exact,,,,,,,,IAD129,Sterling,,886028872,
traditional,osm,Microsoft,,Microsoft,US,39.074787,-77.564129,exact,,,,,,,,,Leesburg,,886330269,
traditional,osm,LaoDC,,,LA,17.924198,102.631191,exact,,,,,,,,,,,886450897,
traditional,osm,Digital Realty FRA31,,Digital Realty,DE,50.127274,8.585131,exact,,,,,,,,,Frankfurt am Main,,887871067,
traditional,osm,Digital Realty FRA32,,Digital Realty,DE,50.127436,8.584312,exact,,,,,,,,,Frankfurt am Main,,887871068,
traditional,osm,NTT Silicon Valley SV1 Data Center,,NTT,US,37.369053,-121.955338,exact,,,,,,,,SV1,Santa Clara,,888253616,
traditional,osm,Positive Park,,Positive Internet,GB,52.583745,0.056506,exact,,,,,,,,,,,888760205,
traditional,osm,CANTV Chirica,,CANTV,VE,8.351711,-62.63551,exact,,,,,,,,,,,889177821,
traditional,osm,AWS eu-north-1 Availability Zone K,,Amazon Web Services,SE,58.996416,16.235174,exact,,,,,,,,,,,889389633,
traditional,osm,NEXTDC - S6 Sidney,,NextDC,AU,-33.819485,151.186008,exact,,,,,,,,S6,,,889434872,
traditional,osm,T5 Data Center,,,US,34.075792,-84.264267,exact,,,,,,,,,Alpharetta,,891031651,
traditional,osm,Equinix AM8,,Equinix,NL,52.397146,4.838887,exact,,,,,,,,,Amsterdam,,891596749,
traditional,osm,Telstra Data Centre,,Telstra,AU,-33.818781,151.191304,exact,,,,,,,,,,,891768315,
traditional,osm,nLighten Edge Data Centre Liverpool,,,GB,53.343314,-2.973331,exact,,,,,,,,LPL1,,,891871959,
traditional,osm,Interxion AMS1 - AMS4,,Interxion,NL,52.399753,4.842357,exact,,,,,,,,AMS1; AMS2; AMS4,Amsterdam,,893800401,
traditional,osm,,,BNYM,US,36.215392,-86.783629,exact,,,,,,,,,,,894425613,
traditional,osm,Microsoft Data Center,,Microsoft,US,38.949518,-77.559445,exact,,,,,,,,,,,897226569,
traditional,osm,Arcola Tech Park,,,US,38.949268,-77.555626,exact,,,,,,,,,,NOVEC (co-op),897226573,
traditional,osm,Amazon IAD125,,Amazon Web Services,US,38.94809,-77.560545,exact,,,,,,,,IAD125,,,897226574,
traditional,osm,Amazon IAD124,,Amazon Web Services,US,38.949895,-77.560452,exact,,,,,,,,IAD124,,,897226575,
traditional,osm,EVF-Datacenter,,Energieversorgung Filstal,DE,48.713262,9.686876,exact,,,,,,,,,Göppingen,,897348404,
traditional,osm,Stack Infrastructure - POR03,,Stack Infrastructure,US,45.554132,-122.937907,exact,,,,,,,,POR03A,Hillsboro,,899634245,
traditional,osm,,,ANSSI,FR,48.870198,2.476553,exact,,,,,,,,,,,899899348,
traditional,osm,CANTV Caura,,CANTV,VE,8.271913,-62.755134,exact,,,,,,,,,,,900502564,
traditional,osm,,,Bouygues Télécom,FR,50.39612,3.101304,exact,,,,,,,,,,,902091581,
traditional,osm,Paris Digital Park,,,FR,48.927492,2.398802,exact,,,,,,,,,,,902536378,
traditional,osm,,,Quicken Loans,US,42.326178,-83.069769,exact,,,,,,,,,Detroit,,903236619,
traditional,osm,Family History Center,,The Church of Jesus Christ of Latter-day Saints,US,42.317274,-111.304246,exact,,,,,,,,,,,903642490,
traditional,osm,,,,US,36.328074,-83.376704,exact,,,,,,,,,,,904453635,
traditional,osm,ZRH1,,Vantage Data Centers,CH,47.500455,8.761453,exact,,,,,,,,,Winterthur,,904767972,
traditional,osm,中国联通三明分公司,,,CN,26.282885,117.647865,exact,,,,,,,,,,,905719338,
traditional,osm,Mudra Computer Center,,Venu,IN,9.977521,77.028034,exact,,,,,,,,,,,905807631,
traditional,osm,Gyro Center,,Gyro Center,NL,52.400641,4.843175,exact,,,,,,,,,,,906834712,
traditional,osm,SC1 Sunshine Coast Data Centre,,NextDC,AU,-26.659702,153.09285,exact,,,,,,,,SC1,,,908492330,
traditional,osm,Felix Datacenter,,Nautile,NC,-22.269431,166.461007,exact,,,,,,,,FLX,Nouméa,,909192653,
traditional,osm,42310 THUNDERBALL DR,,True North Data Solutions,US,39.044103,-77.539711,exact,,,,,,,,,Leesburg,,909455922,
traditional,osm,Trung tâm dữ liệu FPT Fornix,,FPT,VN,21.027149,105.78937,exact,,,,,,,,,,,909698744,
ai,osm+epoch,QTS Data Center - Hillsboro 2,Meta-QTS Hillsboro 2,Meta,US,45.558799,-122.929774,exact,180.0,123839,H100,Meta,"Portland General Electric, Avangrid",6.818759999999999,"4755 NE Huffman St, Hillsboro, OR 97124",,Hillsboro,,909742340,yes
traditional,osm,,,DigiPlex,DK,55.66804,12.622162,exact,,,,,,,,,,,912393044,
traditional,osm,,,ФИНКИ,MK,42.004205,21.409337,exact,,,,,,,,,,,913494019,
traditional,osm,Wallonie Data Center (WDC),,,BE,50.580624,5.261737,exact,,,,,,,,,,,913668923,
traditional,osm,,,,IT,45.422325,9.256815,exact,,,,,,,,,,,914162241,
traditional,osm,Amazon Web Services,,Amazon Web Services,US,45.837924,-119.688354,exact,,,,,,,,PDX91,Boardman,,914613836,
traditional,osm,Amazon Web Services,,Amazon Web Services,US,45.83754,-119.693129,exact,,,,,,,,PDX92,Boardman,,914616809,
traditional,osm,Amazon Web Services,,Amazon Web Services,US,45.846655,-119.605645,exact,,,,,,,,PDX64,Boardman,,914616810,
traditional,osm,,,,US,39.729559,-104.712783,exact,,,,,,,,,Aurora,,916046040,
traditional,osm,,,,US,43.044944,-78.749203,exact,,,,,,,,,Getzville,,916148870,
traditional,osm,QTS Data Center - Hillsboro 2,,Quality Technology Services,US,45.558784,-122.931814,exact,,,,,,,,,Hillsboro,,918871786,
traditional,osm,QTS Data Center - Hillsboro 2,,Quality Technology Services,US,45.558807,-122.935154,exact,,,,,,,,,Hillsboro,,918871787,
traditional,osm,QTS Data Center - Hillsboro 2,,Quality Technology Services,US,45.558796,-122.933002,exact,,,,,,,,,Hillsboro,,918871788,
traditional,osm,Flexential Portland - Hillsboro 3,,Flexential,US,45.55948,-122.938201,exact,,,,,,,,,Hillsboro,,918873142,
traditional,osm,Data Center,,Lepida,IT,44.657846,10.933201,exact,,,,,,,,,,,919169883,
traditional,osm,,,,US,42.675665,-87.918406,exact,,,,,,,,,,,919948160,
traditional,osm,Equinix,,Equinix,FR,44.896126,-0.612232,exact,,,,,,,,BX1,,,920174789,
traditional,osm,,,,AU,-33.81404,151.192491,exact,,,,,,,,,,,921646702,
traditional,osm,,,,AE,25.028072,55.119992,exact,,,,,,,,,,,921746335,
traditional,osm,ICE - Centro de Datos,,ICE,CR,9.821645,-83.94362,exact,,,,,,,,,,,922257441,
traditional,osm,Iron Mountain FRA-1,,Iron Mountain,DE,50.133682,8.739879,exact,,,,,,,,FRA-1,Frankfurt am Main,,922927451,
traditional,osm,Lumen Cleveland,,,US,41.505066,-81.657776,exact,,,,,,,,,,,923148801,
traditional,osm,,,,US,35.179488,-80.570183,exact,,,,,,,,,,,923167491,
traditional,osm,Toà nhà Viettel IDC Pháp Vân,,Viettel,VN,20.958966,105.849965,exact,,,,,,,,,,,923539617,
traditional,osm,Centro de datos Triara,,Triara,MX,25.784208,-100.179576,exact,,,,,,,,,,,923914065,
traditional,osm,Amazon Web Services,,Amazon Web Services,IE,53.413758,-6.382171,exact,,,,,,,,,,,926894444,
traditional,osm,SU Green Data Center,,Syracuse University,US,43.012076,-76.115925,exact,,,,,,,,,Onondaga,,930043986,
traditional,osm,Tennessee South Data Center,,State of Tennessee,US,35.993429,-86.495826,exact,,,,,,,,,,,930226814,
traditional,osm,,,,US,33.1536,-117.238846,exact,,,,,,,,,,,930540164,
traditional,osm,Amazon IAD163,,Amazon Web Services,US,39.032305,-77.429702,exact,,,,,,,,IAD163,Dulles,Dominion (VEPCO),930849744,
traditional,osm,Johns Hopkins Data Center,,,US,39.293559,-76.551731,exact,,,,,,,,,,,931369845,
traditional,osm,Ebay,,,US,40.564113,-112.050635,exact,,,,,,,,,,,931732650,
traditional,osm,STACK Infrastructre - ZUR01A,,STACK Infrastructre,CH,47.600957,8.541656,exact,,,,,,,,https://www.stackinfra.com/locations/zurich/,,,933269953,
traditional,osm,Edgeconnex Data Center,,EdgeConneX,US,38.592299,-121.27744,exact,,,,,,,,,Rancho Cordova,,933393863,
traditional,osm,Green Mountain Ytre Enebakk,,,NO,59.758886,10.992439,exact,,,,,,,,,,,935092287,
traditional,osm,智慧云中心,,,CN,22.522609,113.896054,exact,,,,,,,,,,,935465844,
traditional,osm,,,,US,40.524278,-74.547881,exact,,,,,,,,,,,936368014,
traditional,osm,Satelitsko i multimedijsko središte Deanovec,,Odašiljači i veze d.o.o.,HR,45.700064,16.474878,exact,,,,,,,,,,,936382486,
traditional,osm,Datacenter Data17,,Data17,FR,45.927469,-0.522366,exact,,,,,,,,,,,937369189,
traditional,osm,,,,US,33.439377,-112.377048,exact,,,,,,,,,Goodyear,,938592711,
traditional,osm,T-Mobile Warszawa-Szlachecka,,,PL,52.315291,21.021864,exact,,,,,,,,,Warszawa,,939340882,
traditional,osm,Meta Odense Data Center,,Meta,DK,55.36921,10.481129,exact,,,,,,,,,,,940299764,
traditional,osm,Omnis Network,,,US,33.394436,-111.952517,exact,,,,,,,,,Tempe,,940821791,
traditional,osm,Meta Singapore Data Center,,Meta,SG,1.317151,103.703,exact,,,,,,,,,Singapore,,941784004,
traditional,osm,Interxion CPH03,,,DK,55.726659,12.379953,exact,,,,,,,,,,,941798564,
traditional,osm,Travelers Insurance,,Travelers Insurance,US,41.127872,-96.145071,exact,,,,,,,,,,,942557184,
traditional,osm,Flexential Nashville - Franklin,,Flexential,US,35.92042,-86.81554,exact,,,,,,,,,Franklin,,942604537,
traditional,osm,PabPro Studio,,Peddler Media Network,IN,30.754636,76.673232,exact,,,,,,,,#pmn pvt. ltd,Jalvayu Tower,,943060836,
traditional,osm,Verizon,,,US,40.590814,-111.903786,exact,,,,,,,,,,,943698949,
traditional,osm,,,,US,41.558081,-93.527656,exact,,,,,,,,,,,944024849,
traditional,osm,,,,US,41.558152,-93.528225,exact,,,,,,,,,,,944024851,
traditional,osm,Nexeren,,Nexeren,FR,45.903465,4.879072,exact,,,,,,,,,,,944210675,
traditional,osm,AWS eu-north-1 Availability Zone E,,Amazon Web Services,SE,59.35838,16.6918,exact,,,,,,,,,,,944875055,
traditional,osm,广东农信数据中心,,,CN,23.073335,113.153088,exact,,,,,,,,,,,945945899,
traditional,osm,,,,US,36.081252,-95.854149,exact,,,,,,,,,,,946014659,
traditional,osm,ساختمان مهندسین مهرزاد,,,IR,36.764978,45.719112,exact,,,,,,,,,,,947079448,
traditional,osm,Data4 Pologne WAW2,,Data4,PL,52.211655,20.849389,exact,,,,,,,,WAW2,Jawczyce,,949140208,
traditional,osm,ISPPro.al,,,AL,42.121369,19.561237,exact,,,,,,,,,,,950023771,
traditional,osm,,,EDF,FR,49.263375,1.185162,exact,,,,,,,,,,,952744491,
traditional,osm,Centro de Cómputo,,,CR,9.889423,-84.036743,exact,,,,,,,,,,,953200002,
traditional,osm,Amazon IAD175,,Amazon Web Services,US,38.979868,-77.425476,exact,,,,,,,,IAD175,,,954433119,
traditional,osm,Batelco Hamala Data Center,,Batelco,BH,26.156458,50.474741,exact,,,,,,,,DC.1,,,956069435,
traditional,osm,Amazon Web Services,,Amazon Web Services,BH,26.154521,50.474026,exact,,,,,,,,BAH55,,,956069872,
traditional,osm,Google Datacenter Eemshaven,,Google,NL,53.423981,6.862774,exact,,,,,,,,,,,956325143,
traditional,osm,AMS11,,Microsoft,NL,52.767459,5.038182,exact,,,,,,,,AMS11,,,957632961,
traditional,osm,AMS12,,Microsoft,NL,52.765997,5.035611,exact,,,,,,,,AMS12,,,957632962,
traditional,osm,北京市信息安全容灾备份中心,,,CN,40.366905,116.74882,exact,,,,,,,,,,,957884276,
traditional,osm,DLI ONE,,DLI ONE,US,32.498205,-84.883624,exact,,,,,,,,,columbus,,958153769,
traditional,osm,,,,US,32.498254,-84.883591,exact,,,,,,,,,columbus,,958153770,
traditional,osm,Amazon IAD147,,Amazon Web Services,US,38.99501,-77.43536,exact,,,,,,,,IAD147,,Dominion (VEPCO),958662382,
traditional,osm,Regit4u,,,GB,50.906743,-1.250023,exact,,,,,,,,,,,958673591,
traditional,osm,E-Foam,,,US,28.577942,-81.564549,exact,,,,,,,,,Winter Garden,,958728802,
traditional,osm,广州汇云数据中心,,,CN,23.076089,113.521952,exact,,,,,,,,,,,958794948,
traditional,osm,腾讯贵安七星数据中心,,,CN,26.369579,106.500683,exact,,,,,,,,,,,958847154,
traditional,osm,Apple iCloud Gui'An data center,,,CN,26.362838,106.467175,exact,,,,,,,,,,,958847155,
traditional,osm,,,,US,41.478815,-72.801014,exact,,,,,,,,,Wallingford,,959969621,
traditional,osm,,,,TH,19.907297,99.829121,exact,,,,,,,,,,,960934957,
traditional,osm,SimpleHelix,,,US,34.745431,-86.691883,exact,,,,,,,,,Huntsville,,961071564,
traditional,osm,CenturyLink,,CenturyLink,US,44.938075,-123.033722,exact,,,,,,,,,,,965755845,
traditional,osm,CDC Eastern Creek Campus EC3,,Canberra Data Centres,AU,-33.817745,150.838296,exact,,,,,,,,EC3,,,966897260,
traditional,osm,Date Center West - Eugene,,"Data Center West, Inc.",US,42.33246,-122.880426,exact,,,,,,,,,Medford,,967131562,
traditional,osm,,,,DE,50.061541,8.484929,exact,,,,,,,,Gebäude 2,,,967401206,
traditional,osm,ANZ Data Centre,,ANZ,AU,-37.688121,144.877192,exact,,,,,,,,,,,967421070,
traditional,osm,ANZ Data Centre,,ANZ,AU,-37.687589,144.877446,exact,,,,,,,,,,,967421075,
traditional,osm,Digital Realty FRA29,,Digital Realty,DE,50.126269,8.584825,exact,,,,,,,,,Frankfurt am Main,,967735675,
traditional,osm,Advanced Mediomatrix,,Advanced Mediomatrix,FR,49.085661,6.237509,exact,,,,,,,,,,,969469076,
traditional,osm,Warsaw Data Hub,,Orange Polska S.A.,PL,52.074403,20.87722,exact,,,,,,,,,Łazy,,969929224,
traditional,osm,成都超算中心,,,CN,30.388459,104.106395,exact,,,,,,,,,,,970019706,
traditional,osm,Fyshwick 1,,Canberra Data Centres,AU,-35.337543,149.18223,exact,,,,,,,,F1,,,971044866,
traditional,osm,Fyshwick 2,,Canberra Data Centres,AU,-35.338035,149.183107,exact,,,,,,,,F2,,,971044867,
traditional,osm,计算中心,,,CN,39.958454,116.322177,exact,,,,,,,,,,,971289359,
traditional,osm,DataBank SLC5,,DataBank,US,40.481137,-111.903953,exact,,,,,,,,SLC5,Bluffdale,,971762036,
traditional,osm,Digital Realty AMS10,,Digital Realty,NL,52.275394,4.741181,exact,,,,,,,,AMS10,,,973134619,
traditional,osm,סרברפארם,,,IL,32.221323,34.87343,exact,,,,,,,,,,,973206678,
traditional,osm,Rechenzentrum Thüringer Netkom,,,DE,50.684937,10.948601,exact,,,,,,,,,Ilmenau,,974080218,
traditional,osm,Cyxtera Toronto YYZ2,,Cyxtera,CA,43.838268,-79.316742,exact,,,,,,,,,Markham,,974334074,
traditional,osm,Digital Realty Atlanta ATL11,,Digital Realty,US,33.746561,-84.579741,exact,,,,,,,,ATL11,Austell,,975064000,
traditional,osm,Switch Data Center,,Switch,US,33.755025,-84.587268,exact,,,,,,,,,Lithia Springs,,975064004,
traditional,osm,Amazon Web Services,,Amazon Web Services,US,40.059325,-83.134606,exact,,,,,,,,,,,975484796,
traditional,osm,Amazon Web Services,,Amazon Web Services,US,40.058309,-83.134091,exact,,,,,,,,,,,975484797,
traditional,osm,Amazon Web Services,,Amazon Web Services,US,40.06078,-83.132753,exact,,,,,,,,,,,975484798,
traditional,osm,AWS Asia Pacific (Sydney) Region Data Centre,,Amazon Web Services,AU,-33.794742,150.869477,exact,,,,,,,,SYD051,,,977464240,
traditional,osm,CDC Eastern Creek Campus EC5,,CDC,AU,-33.818294,150.836707,exact,,,,,,,,EC5,,,977470046,
traditional,osm,CDC Eastern Creek Campus EC4,,Canberra Data Centres,AU,-33.818675,150.83759,exact,,,,,,,,EC4,,,977470047,
traditional,osm,CDC Eastern Creek Campus EC2,,Canberra Data Centres,AU,-33.818321,150.839972,exact,,,,,,,,EC2,,,977470049,
traditional,osm,Sydney 01,,DCI Data Centers,AU,-33.804987,150.886514,exact,,,,,,,,,,,977470051,
traditional,osm,CyrusOne PHX7,,,US,33.266374,-111.881894,exact,,,,,,,,,Chandler,,977653854,
traditional,osm,CyrusOne PHX4,,CyrusOne,US,33.268778,-111.882522,exact,,,,,,,,PHX4,Chandler,,977653858,
traditional,osm,CyrusOne PHX5,,CyrusOne,US,33.26975,-111.881584,exact,,,,,,,,PHX5,Chandler,,977653859,
traditional,osm,Northwest Data Center and Communications Hub,,,US,37.433413,-122.180708,exact,,,,,,,,,Stanford,,978632013,
traditional,osm,Digital Crossroad,,Digital Crossroad,US,41.707417,-87.520233,exact,,,,,,,,,Hammond,,978934687,
traditional,osm,华为四川大数据中心,,,CN,28.86283,105.493175,exact,,,,,,,,,,,980172878,
traditional,osm,,,,FR,45.723153,4.861535,exact,,,,,,,,,,,980368572,
traditional,osm,Colt FRA74,,Colt,DE,50.125513,8.587767,exact,,,,,,,,,Frankfurt am Main,,981463618,
traditional,osm,Digital Erskine Park 1,,Digital Realty,AU,-33.816238,150.795852,exact,,,,,,,,,,,981505633,
traditional,osm,Digital Erskine Park 2,,Digital Realty,AU,-33.817231,150.79544,exact,,,,,,,,,,,981505634,
traditional,osm,Evolution @ Agecroft Commerce Park,,,GB,53.507783,-2.304927,exact,,,,,,,,,,,981640451,
traditional,osm,Evolution @ Agecroft Commerce Park,,,GB,53.50629,-2.304589,exact,,,,,,,,,,,981640535,
traditional,osm,Akshaya E Center,,,IN,10.429623,76.299776,exact,,,,,,,,,,,982235412,
traditional,osm,中国移动(广东湛江)数据中心,,,CN,21.203393,110.34693,exact,,,,,,,,,,,982367712,
traditional,osm,A1 data centar,,A1 Hrvatska d.o.o.,HR,45.764665,15.981591,exact,,,,,,,,,Zagreb,,983298525,
traditional,osm,CyrusOne NVA7,,CyrusOne,US,39.026315,-77.434019,exact,,,,,,,,NVA7,Sterling,,983627455,
traditional,osm,CryrusOne LON5,,CyrusOne,GB,51.515931,-0.627069,exact,,,,,,,,LON5,Slough,,984002529,
traditional,osm,Switch Las Vegas 10,,,US,36.055586,-115.223061,exact,,,,,,,,,,,984796364,
traditional,osm,Amazon IAD174,,Amazon Web Services,US,39.028914,-77.427478,exact,,,,,,,,IAD174,Dulles,,984953813,
traditional,osm,Amazon IAD164,,Amazon Web Services,US,39.030471,-77.428945,exact,,,,,,,,IAD164,Dulles,Dominion (VEPCO),984953814,
traditional,osm,Vantage VA12,,Vantage Data Centers,US,39.001791,-77.438057,exact,,,,,,,,VA12,Sterling,,985207884,
traditional,osm,Equinix PE2,,Equinix,AU,-31.955939,115.798021,exact,,,,,,,,PE2,,,986296358,
traditional,osm,Microsoft,,Microsoft,US,39.075508,-77.563035,exact,,,,,,,,,Leesburg,,986829280,
traditional,osm,Verizon Wireless Mew Building,,,US,32.972041,-97.156714,exact,,,,,,,,,,,989325195,
traditional,osm,,,,US,40.543332,-74.538374,exact,,,,,,,,,,,989352911,
traditional,osm,,,,GB,51.757208,-0.429281,exact,,,,,,,,,,,989525011,
traditional,osm,Amazon IAD152,,Amazon Web Services,US,38.916572,-77.479733,exact,,,,,,,,IAD152,,,989735623,
traditional,osm,Amazon IAD151,,Amazon Web Services,US,38.916147,-77.478696,exact,,,,,,,,IAD151,,,989735624,
traditional,osm,,,,PE,-17.988645,-70.237923,exact,,,,,,,,,,,990229094,
traditional,osm,Amazon IAD83,,Amazon Web Services,US,38.947949,-77.523099,exact,,,,,,,,IAD83,,,990537813,
traditional,osm,Amazon Web Services,,Amazon Web Services,US,38.946539,-77.522188,exact,,,,,,,,IAD93,,,990537821,
traditional,osm,Amazon IAD122,,Amazon Web Services,US,38.955871,-77.497186,exact,,,,,,,,IAD122,,,990537857,
traditional,osm,CyrusOne Sterling IX,,CyrusOne,US,38.958329,-77.50573,exact,,,,,,,,,,,990537858,
traditional,osm,Microsoft,,Microsoft,SE,60.635486,16.740775,exact,,,,,,,,,,,990586250,
traditional,osm,বাংলাদেশ টেকনোসিটি লিমিটেড,,,BD,24.065276,90.235911,exact,,,,,,,,,,,992650497,
traditional,osm,Equinix ME4,,Equinix,AU,-37.788482,144.786361,exact,,,,,,,,ME4,,,995740426,
traditional,osm,Equinix ME4,,Equinix,AU,-37.788283,144.785146,exact,,,,,,,,ME4,,,995740427,
traditional,osm,Iron Mountain VA-2,,Iron Mountain,US,38.777237,-77.545997,exact,,,,,,,,VA-2,,NOVEC (co-op),996723585,
traditional,osm,Iron Mountain VA-1,,Iron Mountain,US,38.777963,-77.547101,exact,,,,,,,,VA-1,,NOVEC (co-op),996723586,
traditional,osm,Amazon Web Services,,Amazon Web Services,US,38.780152,-77.539884,exact,,,,,,,,IAD96,,NOVEC (co-op),996723587,
traditional,osm,Amazon Web Services,,Amazon Web Services,US,38.778451,-77.539427,exact,,,,,,,,IAD95,,,996723588,
traditional,osm,Amazon Web Services,,Amazon Web Services,US,38.779342,-77.542896,exact,,,,,,,,IAD75,,NOVEC (co-op),996723589,
traditional,osm,,,,GB,51.417432,-2.219485,exact,,,,,,,,,,,996865179,
traditional,osm,,,,GB,51.417759,-2.21973,exact,,,,,,,,,,,996865180,
traditional,osm,Amazon IAD102,,Amazon Web Services,US,38.735973,-77.504896,exact,,,,,,,,IAD102,,Dominion (VEPCO),996899486,
traditional,osm,Amazon IAD101,,Amazon Web Services,US,38.735438,-77.505701,exact,,,,,,,,IAD101,,Dominion (VEPCO),996899487,
traditional,osm,Amazon IAD100,,Amazon Web Services,US,38.734598,-77.506642,exact,,,,,,,,IAD100,,,996899488,
traditional,osm,CloudHQ MCC2,,CloudHQ,US,38.723192,-77.498971,exact,,,,,,,,MCC2,,Dominion (VEPCO),996899489,
traditional,osm,Rackspace Somerset NYC1,,,US,40.544527,-74.537788,exact,,,,,,,,,,,998933381,
traditional,osm,Rackspace Belmont NYC2,,,US,40.540843,-74.537492,exact,,,,,,,,,,,998933389,
traditional,osm,Amazon Web Services,,Amazon Web Services,US,38.743052,-77.533375,exact,,,,,,,,,Manassas,NOVEC (co-op),1000784035,
traditional,osm,Virtual Internet UK,,,GB,51.51665,0.023354,exact,,,,,,,,,London,,1001246921,
traditional,osm,Microsoft Data Centre,,Microsoft,NZ,-36.614636,174.664284,exact,,,,,,,,AKL-1,,,1002516540,
traditional,osm,AirTrunk Sydney North,,AirTrunk,AU,-33.807753,151.144734,exact,,,,,,,,SYD2,,,1002893123,
traditional,osm,,,,IE,53.317963,-6.45394,exact,,,,,,,,,,,1003210053,
traditional,osm,Microsoft DUB13,,Microsoft,IE,53.319636,-6.446658,exact,,,,,,,,DUB13,,,1003210055,
traditional,osm,,,,IE,53.406949,-6.362604,exact,,,,,,,,,,,1003253881,
traditional,osm,,,,IE,53.405371,-6.371708,exact,,,,,,,,,,,1003253890,
traditional,osm,,,,IE,53.405965,-6.370408,exact,,,,,,,,,,,1003253891,
traditional,osm,QTS Ashburn-Shellhorn DC1,,Quality Technology Services,US,38.998078,-77.475471,exact,,,,,,,,,,Dominion (VEPCO),1003348567,
traditional,osm,EdgeConneX,,EdgeConneX,IE,53.329686,-6.453678,exact,,,,,,,,,,,1004745825,
traditional,osm,Datacenter One,,Datacenter One NRW GmbH,DE,51.058582,7.020152,exact,,,,,,,,,Leverkusen,,1005216757,
traditional,osm,,,,PL,52.315516,21.021825,exact,,,,,,,,,,,1005973518,
traditional,osm,中国移动（广西）数据中心,,,CN,22.716319,108.390518,exact,,,,,,,,,,,1006126932,
traditional,osm,,,NTT Global Data Centers EMEA GmbH,DE,52.438451,13.374489,exact,,,,,,,,BER2,Berlin,,1006228571,
traditional,osm,,,Bell Canada,CA,45.530188,-73.606836,exact,,,,,,,,,,,1006315992,
traditional,osm,MTN Ghana Tetteh Quarshie Switch Center,,,GH,5.625825,-0.181396,exact,,,,,,,,,,,1006396912,
ai,osm+epoch,QTS Atlanta Data Center 2,xAI QTS Atlanta,SpaceXAI,US,33.777601,-84.419446,exact,17.32971,11470,"H100, A100",SpaceXAI,,0.6564840742199999,"1025 Jefferson Street NW, Atlanta, GA 30318",,Atlanta,,1007825570,yes
traditional,osm,,,,RU,55.885947,37.510123,exact,,,,,,,,,,,1009239760,
traditional,osm,华南国家计量测试中心,,,CN,23.199926,113.546518,exact,,,,,,,,,,,1009365291,
traditional,osm,,,,CN,34.062493,118.284264,exact,,,,,,,,,,,1009615405,
traditional,osm,,,,CN,34.064008,118.284818,exact,,,,,,,,,,,1009615406,
traditional,osm,,,,CN,34.063516,118.286768,exact,,,,,,,,,,,1009615407,
traditional,osm,,,,CN,34.061932,118.285743,exact,,,,,,,,,,,1009615408,
traditional,osm,,,,US,29.419002,-98.787481,exact,,,,,,,,,,,1010260674,
traditional,osm,Microsoft TRP3 (SAT46),,Microsoft,US,29.412977,-98.806374,exact,,,,,,,,,,,1010260675,
traditional,osm,Microsoft,,Microsoft,US,29.415797,-98.803316,exact,,,,,,,,,,,1010260676,
traditional,osm,Microsoft,,Microsoft,US,29.415796,-98.804515,exact,,,,,,,,,,,1010260677,
traditional,osm,Hume 4,,Canberra Data Centres,AU,-35.395928,149.163787,exact,,,,,,,,H4,,,1010496550,
traditional,osm,CDC Hume Datacentre 3,,CDC,AU,-35.389312,149.168452,exact,,,,,,,,H3,,,1010500713,
traditional,osm,CDC Hume Datacentre 1,,CDC,AU,-35.388655,149.167604,exact,,,,,,,,H1,,,1010500714,
traditional,osm,Pewaukee Data Center,,WE Energies,US,43.051373,-88.216698,exact,,,,,,,,,Waukesha,,1011125238,
traditional,osm,Korbank,,,PL,51.106471,16.983578,exact,,,,,,,,,,,1011480755,
traditional,osm,,,,US,34.060998,-84.274027,exact,,,,,,,,,,,1012918195,
traditional,osm,,,,AR,-30.982117,-64.504745,exact,,,,,,,,,,,1013151458,
traditional,osm,CenturyLink,,,US,36.182998,-115.06267,exact,,,,,,,,,,,1013396352,
traditional,osm,Modułowe Data Center,,Exatel S.A.,PL,52.112128,21.025257,exact,,,,,,,,,,,1015151451,
traditional,osm,StreamData Center,,,US,44.807334,-93.637019,exact,,,,,,,,,Chaska,,1015258645,
traditional,osm,EdgeConneX PHX02 Data Center,,EdgeConneX,US,33.352009,-111.647529,exact,,,,,,,,,Mesa,,1015704066,
traditional,osm,Amazon IAD601,,Amazon Web Services,US,38.778859,-77.557116,exact,,,,,,,,IAD601,,,1015995259,
traditional,osm,CA31,,Audi AG,DE,48.753531,11.479988,exact,,,,,,,,,,,1016166666,
traditional,osm,Switch Edge 1,,,US,36.059134,-115.213688,exact,,,,,,,,,,,1017048670,
traditional,osm,Switch Las Vegas 4,,Switch,US,36.143646,-115.076779,exact,,,,,,,,,Las Vegas,,1017460713,
traditional,osm,Switch Las Vegas 5,,Switch,US,36.142764,-115.076696,exact,,,,,,,,,Las Vegas,,1017460715,
traditional,osm,T-Mobile Everglades MSO Data Center,,,US,26.184994,-80.286877,exact,,,,,,,,,Sunrise,,1017518460,
traditional,osm,,,,RS,44.028882,20.928784,exact,,,,,,,,,,,1018552641,
traditional,osm,,,JH-Computers GmbH,DE,49.006337,10.304983,exact,,,,,,,,,,,1018795132,
traditional,osm,EdgeConneX - Portland,,EdgeConneX,US,45.556423,-122.912208,exact,,,,,,,,,Hillsboro,,1019812125,
traditional,osm,DC Blox Data Center,,,US,33.500675,-86.820831,exact,,,,,,,,,Birmingham,,1019816009,
traditional,osm,فراهوش,,,IR,29.624551,52.521266,exact,,,,,,,,,شیراز,,1020263963,
traditional,osm,Amazon Web Services  CMH53,,Amazon Web Services,US,40.093616,-82.751455,exact,,,,,,,,CMH53,,,1020374277,
traditional,osm,Amazon Web Services CMH56,,Amazon Web Services,US,40.096534,-82.752051,exact,,,,,,,,CMH56,,,1020374278,
traditional,osm,Amazon Web Services  CMH59,,Amazon Web Services,US,40.094046,-82.747491,exact,,,,,,,,CMH59,,,1020374279,
traditional,osm,Searcy Information Technologies,,City of Searcy,US,35.249216,-91.740906,exact,,,,,,,,,Searcy,,1020721870,
traditional,osm,Amazon Web Services,,Amazon Web Services,US,38.99585,-77.471294,exact,,,,,,,,IAD162,,,1020877488,
traditional,osm,Amazon Web Services,,Amazon Web Services,US,38.996604,-77.47326,exact,,,,,,,,IAD161,,,1020877489,
traditional,osm,Digital Loudoun Plaza,,,US,39.004843,-77.485127,exact,,,,,,,,,,Dominion (VEPCO),1020953454,
traditional,osm,Digital Loudoun Plaza,,,US,39.001629,-77.482362,exact,,,,,,,,,,,1020953461,
traditional,osm,NTT,,NTT,JP,31.562589,130.518502,exact,,,,,,,,,,,1021126656,
traditional,osm,Fleetnet,,,BR,-22.228717,-50.891688,exact,,,,,,,,,Rancharia,,1022097165,
traditional,osm,A1 Data centar,,A1,RS,44.026204,20.934229,exact,,,,,,,,,,,1022683867,
traditional,osm,,,,US,38.984837,-77.425911,exact,,,,,,,,,,Dominion (VEPCO),1022757170,
traditional,osm,Way Internet,,,BR,-22.229419,-50.891469,exact,,,,,,,,,Rancharia,,1023441556,
traditional,osm,Sferanet,,,BR,-22.227898,-50.89411,exact,,,,,,,,,Rancharia,,1023441558,
traditional,osm,,,,PH,8.249755,123.845467,exact,,,,,,,,,,,1023827348,
traditional,osm,,,,PH,8.249776,123.845553,exact,,,,,,,,,,,1023827350,
traditional,osm,,,,PH,8.249663,123.845589,exact,,,,,,,,,,,1023827351,
traditional,osm,Meta,,Meta,US,40.268588,-112.015101,exact,,,,,,,,,,,1024051963,
traditional,osm,Meta,,Meta,US,40.265564,-112.01513,exact,,,,,,,,,,,1024051997,
traditional,osm,Teraco CT2,,,ZA,-33.90644,18.67881,exact,,,,,,,,,,,1024334708,
traditional,osm,,,,US,38.926806,-94.768373,exact,,,,,,,,,Lenexa,,1024384322,
traditional,osm,STACK MILL1B,,STACK,IT,45.33122,9.203811,exact,,,,,,,,MILL1B,,,1024899085,
traditional,osm,Digital Realty IAD42 (Building R),,Digital Realty,US,39.005689,-77.449464,exact,,,,,,,,IAD42,Sterling,,1025002889,
traditional,osm,NTT,,NTT,JP,35.365697,139.388903,exact,,,,,,,,,,,1025242540,
traditional,osm,NTT,,NTT,JP,31.615414,130.530282,exact,,,,,,,,,,,1026050674,
traditional,osm,Centro de Dirigentes Lojistas de Campos dos Goytacazes - CDL,,CDL,BR,-21.758339,-41.317588,exact,,,,,,,,,,,1026558508,
traditional,osm,NEXTDC Kuala Lumpur Data Centre (KL1),,NEXTDC Sdn Bhd,MY,3.094693,101.628426,exact,,,,,,,,KL1,Petaling Jaya,,1026603690,
traditional,osm,Amazon Web Services,,Amazon Web Services,US,45.846668,-119.607039,exact,,,,,,,,PDX66,Boardman,,1027471509,
traditional,osm,Amazon Web Services,,Amazon Web Services,US,45.846754,-119.609062,exact,,,,,,,,PDX68,Boardman,,1027471510,
traditional,osm,,,,NO,59.632818,11.004668,exact,,,,,,,,,,,1028687251,
traditional,osm,PAR8,,Interxion,FR,48.927528,2.397988,exact,,,,,,,,,,,1030533210,
traditional,osm,,,"Lyceum of the Philippines University, Inc.",PH,14.291478,120.915056,exact,,,,,,,,,,,1030546688,
traditional,osm,Centre de données MAIF,,MAIF;DARVA,FR,46.345404,-0.3765,exact,,,,,,,,,,,1030901315,
traditional,osm,Meta Henrico Data Center,,Meta,US,37.481953,-77.233711,exact,,,,,,,,,,,1030970564,
traditional,osm,Verizon,,Verizon,DE,50.100879,8.628826,exact,,,,,,,,,Frankfurt am Main,,1031000203,
traditional,osm,,,,US,28.294069,-81.834865,exact,,,,,,,,,Polk City,,1034230196,
traditional,osm,DataBank Las Vegas LAS1,,DataBank,US,36.059754,-115.147172,exact,,,,,,,,,Las Vegas,,1034475557,
traditional,osm,Meta,,Meta,US,40.272331,-112.015058,exact,,,,,,,,,,,1035123473,
traditional,osm,انبار مغزه,,,IR,31.009815,56.367938,exact,,,,,,,,,,,1037281743,
traditional,osm,,,,JP,34.452075,133.255737,exact,,,,,,,,,,,1037295836,
traditional,osm,Amazon IAD601,,Amazon Web Services,US,39.01526,-77.437776,exact,,,,,,,,IAD601,,,1037871048,
traditional,osm,Amazon Web Services,,Amazon Web Services,ES,41.793854,-0.84672,exact,,,,,,,,,,,1038096236,
traditional,osm,,,,FR,45.314193,5.606227,exact,,,,,,,,,,,1038308860,
traditional,osm,,,,SE,60.611324,15.609726,exact,,,,,,,,,,,1039208765,
traditional,osm,,,,AR,-28.459057,-65.763112,exact,,,,,,,,,,,1039363614,
traditional,osm,,,,DE,50.119874,8.737586,exact,,,,,,,,,,,1040002048,
traditional,osm,,,,DE,50.119746,8.737266,exact,,,,,,,,,,,1040002049,
traditional,osm,,,,AR,-28.459557,-65.765873,exact,,,,,,,,,,,1040205551,
traditional,osm,,,DirecTV,US,31.972675,-110.304752,exact,,,,,,,,,Benson,,1042260902,
traditional,osm,,,江永县武警中队,CN,25.270968,111.332881,exact,,,,,,,,,,,1042610062,
traditional,osm,,,Ionos,GB,52.205895,-2.156692,exact,,,,,,,,,,,1046859137,
traditional,osm,Equinix FR11,,Equinix,DE,50.138444,8.740398,exact,,,,,,,,,Frankfurt am Main,,1047444549,
traditional,osm,Amazon Web Services,,Amazon Web Services,IE,53.405291,-6.227412,exact,,,,,,,,,,,1047598884,
traditional,osm,西東京データセンター 2号棟,,,JP,35.717113,139.534263,exact,,,,,,,,,,,1052052568,
traditional,osm,,,,US,33.493351,-112.07055,exact,,,,,,,,,Phoenix,,1052182309,
traditional,osm,BER11,,Vantage Data Centers,DE,52.322028,13.294716,exact,,,,,,,,,Ludwigsfelde,,1053522066,
traditional,osm,Meta Stanton Springs Data Center,,Meta,US,33.600468,-83.700358,exact,,,,,,,,,Social Circle,,1054387470,
traditional,osm,,,Meta,US,33.601386,-83.705426,exact,,,,,,,,,,,1054387471,
traditional,osm,NTT,,NTT,JP,26.209124,127.759205,exact,,,,,,,,,,,1054690520,
traditional,osm,,,,GB,54.591764,-1.032024,exact,,,,,,,,,Redcar,,1055031579,
traditional,osm,华为山西（吕梁）大数据中心,,,CN,37.531742,111.219938,exact,,,,,,,,,,,1055051150,
traditional,osm,Flexential Salt Lake City - Millcreek,,Flexential,US,40.685569,-111.885051,exact,,,,,,,,,Salt Lake City,,1056658555,
traditional,osm,Vocus Sydney SYD02,,Vocus,AU,-33.733704,150.969864,exact,,,,,,,,SYD02,,,1057170798,
traditional,osm,Amazon Web Services,,Amazon Web Services,US,45.83655,-119.689874,exact,,,,,,,,PDX93,Boardman,,1057230915,
traditional,osm,Amazon Web Services,,Amazon Web Services,US,38.744287,-77.533332,exact,,,,,,,,,Manassas,NOVEC (co-op),1059030596,
traditional,osm,,,,US,38.745991,-77.537549,exact,,,,,,,,,Manassas,NOVEC (co-op),1059036248,
traditional,osm,COPT Innovation Park Data Center,,Amazon Web Services,US,38.743886,-77.530625,exact,,,,,,,,IAD132,Manassas,Dominion (VEPCO),1059037050,
traditional,osm,COPT Data Center Bldg 2,,Amazon Web Services,US,38.744055,-77.529196,exact,,,,,,,,IAD133,,Dominion (VEPCO),1059037051,
traditional,osm,Metas datacenter i Luleå,,Meta,SE,65.623023,22.112603,exact,,,,,,,,,Luleå,,1060239750,
traditional,osm,Intellicentre 5 Bunker,,Macquarie Telecom Group,AU,-35.301458,149.20151,exact,,,,,,,,IC5,,,1060498364,
traditional,osm,Hume 5,,Canberra Data Centres,AU,-35.395364,149.162227,exact,,,,,,,,H5,,,1060498365,
traditional,osm,,,Verizon,AU,-35.321369,149.180541,exact,,,,,,,,,,,1060498369,
traditional,osm,Equinix CA1,,Equinix,AU,-35.207965,149.134722,exact,,,,,,,,CA1,,,1060498370,
traditional,osm,,,Department of Defence,AU,-35.350794,149.196813,exact,,,,,,,,,,,1060498371,
traditional,osm,TransACT Telehouse,,TransACT,AU,-35.251577,149.134168,exact,,,,,,,,,,,1060498373,
traditional,osm,Equinix,,Equinix,FR,44.896231,-0.611721,exact,,,,,,,,BX1,,,1060567996,
traditional,osm,DC7 - Euclyde Datacenters,,Euclyde Datacenters,FR,48.520152,7.737101,exact,,,,,,,,,,,1061336199,
traditional,osm,,,OpenAccess Data Centres,ZA,-30.020576,30.909812,exact,,,,,,,,DUR1,,,1061664183,
traditional,osm,Telmex,,,MX,20.21814,-87.451826,exact,,,,,,,,,,,1061914050,
traditional,osm,,,,DE,50.061905,8.486,exact,,,,,,,,Gebäude 3,,,1062433549,
traditional,osm,,,,DE,50.062181,8.486857,exact,,,,,,,,Gebäude 4,,,1062433550,
traditional,osm,Digital Realty FRA33,,Digital Realty,DE,50.062532,8.487885,exact,,,,,,,,FRA33,,,1062433551,
traditional,osm,,,,DE,50.477167,12.334224,exact,,,,,,,,,,,1062506403,
traditional,osm,,,,DE,50.477389,12.334624,exact,,,,,,,,,,,1062506404,
traditional,osm,,,,DE,50.478619,12.337923,exact,,,,,,,,,,,1062506407,
traditional,osm,,,,DE,50.479147,12.336449,exact,,,,,,,,,,,1062506409,
traditional,osm,NTT,,NTT,JP,35.529355,139.429177,exact,,,,,,,,,,,1063702126,
traditional,osm,QTS Ashburn Lockridge,,Quality Technology Services,US,38.99593,-77.456244,exact,,,,,,,,ASH2,,,1064211366,
traditional,osm,Armazém Cloud,,,BR,-26.23582,-48.883489,exact,,,,,,,,,Joinville,,1064447685,
traditional,osm,Amazon,,Amazon Web Services,US,37.389929,-121.965991,exact,,,,,,,,,,,1065780801,
traditional,osm,Webaxys,,,FR,49.126336,-0.378926,exact,,,,,,,,,,,1067118191,
traditional,osm,,,Google,US,33.061987,-80.038293,exact,,,,,,,,,,,1069388067,
traditional,osm,Google,,Google,US,33.062184,-80.039651,exact,,,,,,,,,,,1069388075,
traditional,osm,Google,,Google,US,33.062098,-80.041128,exact,,,,,,,,,,,1069388095,
traditional,osm,Google,,Google,US,33.064311,-80.03845,exact,,,,,,,,,,,1069388141,
traditional,osm,Google,,Google,US,33.066356,-80.038524,exact,,,,,,,,,,,1069388147,
traditional,osm,Google,,Google,US,33.064165,-80.043604,exact,,,,,,,,,,,1069388156,
traditional,osm,Google,,Google,US,33.062039,-80.044983,exact,,,,,,,,,,,1069388186,
traditional,osm,Google,,Google,US,33.064442,-80.046058,exact,,,,,,,,,,,1069388211,
traditional,osm,NTT武蔵村山電話交換局,,NTT,JP,35.755536,139.374504,exact,,,,,,,,,,,1070483840,
traditional,osm,,,Meta,US,33.600074,-83.696847,exact,,,,,,,,,,,1070895993,
traditional,osm,,,Meta,US,33.598072,-83.695021,exact,,,,,,,,,,,1070895994,
traditional,osm,Microsoft EAT02,,Microsoft,US,47.416868,-120.207688,exact,,,,,,,,,,,1071772119,
traditional,osm,Intergate Columbia D,,Sabey Data Centers,US,47.407585,-120.191579,exact,,,,,,,,,,,1071774674,
traditional,osm,Google,,Google,US,41.177346,-95.804857,exact,,,,,,,,,,,1073720208,
traditional,osm,Google,,Google,US,41.177239,-95.806318,exact,,,,,,,,,,,1073720209,
traditional,osm,Google,,Google,US,41.177483,-95.803186,exact,,,,,,,,,,,1073720210,
traditional,osm,Google,,Google,US,41.177489,-95.800922,exact,,,,,,,,,,,1073720211,
traditional,osm,Google,,Google,US,41.175523,-95.806778,exact,,,,,,,,,,,1073720212,
traditional,osm,Google,,Google,US,41.175525,-95.805639,exact,,,,,,,,,,,1073720213,
traditional,osm,Google,,Google,US,41.175526,-95.804509,exact,,,,,,,,,,,1073720214,
traditional,osm,Google,,Google,US,41.175528,-95.803375,exact,,,,,,,,,,,1073720215,
traditional,osm,Google,,Google,US,41.175531,-95.802239,exact,,,,,,,,,,,1073720216,
traditional,osm,Google,,Google,US,41.17553,-95.801106,exact,,,,,,,,,,,1073720217,
traditional,osm,Google,,Google,US,41.175537,-95.799964,exact,,,,,,,,,,,1073720218,
traditional,osm,Google,,Google,US,41.17264,-95.80403,exact,,,,,,,,,,,1073720219,
traditional,osm,Google,,Google,US,41.172646,-95.802528,exact,,,,,,,,,,,1073720220,
ai,osm+epoch,Google,Google Council Bluffs (East),Google,US,41.172556,-95.801127,exact,237.0,289034,"TPU v5e, TPU v6e, TPU v5p, TPU v7",Google DeepMind,,8.978034,"10410 Bunge Ave, Council Bluffs, IA 51503",,,,1073720221,yes
traditional,osm,GTN Data Center,,Graha Teknologi Nusantara,ID,-6.34602,107.167084,exact,,,,,,,,,,,1074062763,
traditional,osm,,,,US,36.679905,-78.373985,exact,,,,,,,,,,,1074588578,
traditional,osm,,,,US,36.679279,-78.374165,exact,,,,,,,,,,,1074588579,
traditional,osm,,,,US,36.677864,-78.374691,exact,,,,,,,,,,,1074588580,
traditional,osm,,,,US,36.677471,-78.377007,exact,,,,,,,,,,,1074588582,
traditional,osm,,,,US,36.678007,-78.376849,exact,,,,,,,,,,,1074588583,
traditional,osm,,,,US,36.678538,-78.376687,exact,,,,,,,,,,,1074588584,
traditional,osm,,,,US,36.679179,-78.376494,exact,,,,,,,,,,,1074588585,
traditional,osm,,,,US,36.679714,-78.376329,exact,,,,,,,,,,,1074588586,
traditional,osm,,,,US,36.682922,-78.376868,exact,,,,,,,,,,,1074591450,
traditional,osm,,,,US,36.683001,-78.375751,exact,,,,,,,,,,,1074591451,
traditional,osm,,,,US,36.686061,-78.377219,exact,,,,,,,,,,,1074591452,
traditional,osm,,,,US,36.686145,-78.376105,exact,,,,,,,,,,,1074591453,
traditional,osm,,,,US,36.689498,-78.377593,exact,,,,,,,,,,,1074591454,
traditional,osm,,,,US,36.689576,-78.376485,exact,,,,,,,,,,,1074591455,
traditional,osm,,,,US,36.692492,-78.376772,exact,,,,,,,,,,,1074595308,
traditional,osm,,,,US,36.692458,-78.377968,exact,,,,,,,,,,,1074595309,
traditional,osm,,,,US,36.694934,-78.376358,exact,,,,,,,,,,,1074595310,
traditional,osm,,,,ES,37.572734,-2.020707,exact,,,,,,,,,,,1074785161,
traditional,osm,Microsoft,,Microsoft,US,41.49683,-93.786996,exact,,,,,,,,,,,1075278060,
traditional,osm,Microsoft,,Microsoft,US,41.539814,-93.826314,exact,,,,,,,,,,,1075278061,
traditional,osm,Microsoft,,Microsoft,US,41.53967,-93.828665,exact,,,,,,,,,,,1075278062,
traditional,osm,,,,US,37.361154,-121.94234,exact,,,,,,,,,Santa Clara,,1075445245,
traditional,osm,centro de datos trasbase Negratín,,,ES,37.451481,-2.00227,exact,,,,,,,,,,,1075858825,
traditional,osm,,,,ES,37.45156,-2.002225,exact,,,,,,,,,,,1075858826,
traditional,osm,rockenstein AG,,,DE,49.833562,9.908453,exact,,,,,,,,,Veitshöchheim,,1076405301,
traditional,osm,xAI Macrohardrr,,xAI,US,34.993488,-90.03417,exact,,,,,,,,,Memphis,,1077131079,
traditional,osm,GreenBushDC,,MTS,RU,56.003607,37.157174,exact,,,,,,,,,,,1077266877,
traditional,osm,,,,DE,51.56098,9.957531,exact,,,,,,,,,,,1077411992,
traditional,osm,Adam,,,ES,41.48968,2.123257,exact,,,,,,,,,Cerdanyola del Vallès,,1077515970,
traditional,osm,,,,FI,60.342372,25.030395,exact,,,,,,,,,,,1077698708,
traditional,osm,,,Post PNG,PG,-5.858071,144.229459,exact,,,,,,,,,,,1078137564,
traditional,osm,Central CANTV,,CANTV,VE,10.508405,-66.910121,exact,,,,,,,,,,,1079323317,
traditional,osm,Flexential Portland - Hillsboro 4 Expansion,,Flexential,US,45.555391,-122.941087,exact,,,,,,,,,Hillsboro,,1080170579,
traditional,osm,Flexential Portland - Hillsboro 5,,Flexential,US,45.556341,-122.939407,exact,,,,,,,,,Hillsboro,,1080170580,
traditional,osm,AIMS,,,MY,2.937752,101.657358,exact,,,,,,,,,,,1080495340,
traditional,osm,NorthC Biel data center,,,CH,47.155768,7.279149,exact,,,,,,,,,,,1081882891,
traditional,osm,NorthC Data center Groningen,,,NL,53.207295,6.473899,exact,,,,,,,,,,,1081886104,
traditional,osm,QTS San Antonio II,,Quality Technology Services,US,29.449157,-98.653126,exact,,,,,,,,,San Antonio,,1081973944,
traditional,osm,联通云数据中心·齐齐哈尔,,,CN,47.34024,123.948472,exact,,,,,,,,,,,1082803064,
traditional,osm,T5@Colorado Springs,,,US,38.78616,-104.788583,exact,,,,,,,,,Colorado Springs,,1083841125,
traditional,osm,Digital Realty ZUR3,,Digital Realty,CH,47.434284,8.557789,exact,,,,,,,,ZUR3,Glattbrugg,,1084042553,
traditional,osm,,,,DE,50.478418,12.332361,exact,,,,,,,,,,,1084463415,
traditional,osm,PAR9,,Interxion,FR,48.927077,2.398728,exact,,,,,,,,,,,1084581417,
traditional,osm,Amazon Data Services Spain S.L.U.,,Amazon Web Services,ES,42.103238,-0.452035,exact,,,,,,,,,,,1085338755,
traditional,osm,Flexential Tampa - North,,Flexential,US,28.07387,-82.368362,exact,,,,,,,,,Tampa,,1085608797,
traditional,osm,,,PowerHouse,US,37.356296,-77.333657,exact,,,,,,,,,,Dominion (VEPCO),1085712184,
traditional,osm,CDC Data Centre HV1,,CDC,NZ,-36.803059,174.63682,exact,,,,,,,,HV1,,,1087109147,
traditional,osm,,,,MX,26.077867,-98.362012,exact,,,,,,,,,,,1087123851,
traditional,osm,Amazon IAD-169,,Amazon Web Services,US,39.016745,-77.452006,exact,,,,,,,,IAD-169,Ashburn,Dominion (VEPCO),1088203906,
traditional,osm,Amazon IAD-179,,Amazon Web Services,US,39.015885,-77.45314,exact,,,,,,,,IAD-179,Ashburn,Dominion (VEPCO),1088203907,
traditional,osm,Aligned IAD-02,,Aligned,US,39.010417,-77.475159,exact,,,,,,,,,Ashburn,Dominion (VEPCO),1088241977,
traditional,osm,,,,US,39.013048,-77.473094,exact,,,,,,,,,,Dominion (VEPCO),1088241982,
traditional,osm,Amazon Web Services Data Centre,,Amazon Web Services,NZ,-36.812172,174.598896,exact,,,,,,,,,,,1088665595,
traditional,osm,NTT東日本 小曽木電話交換局,,NTT,JP,35.811465,139.260408,exact,,,,,,,,,,,1088995070,
traditional,osm,,,,NL,52.357222,4.950318,exact,,,,,,,,,,,1090189550,
traditional,osm,QTS Manassas DC5,,Quality Technology Services,US,38.754768,-77.517388,exact,,,,,,,,,,NOVEC (co-op),1090837713,
ai,osm+epoch,PHX-11,Microsoft Goodyear,Microsoft,US,33.409031,-112.364827,exact,202.0,205154,"H100, B200","OpenAI, Microsoft",,7.652164000000001,"14250 W Broadway Rd, Goodyear, AZ 85338",PHX-11,Goodyear,,1091128478,yes
traditional,osm,Ingresos Club Axion,,,AR,-34.166596,-58.949838,exact,,,,,,,,,,,1091444209,
traditional,osm,PenDC Data Center Solutions,,PenDC Data Center Solutions,TR,40.308973,29.063966,exact,,,,,,,,,,,1091677953,
traditional,osm,,,,US,41.052332,-73.971774,exact,,,,,,,,,Orangeburg,,1092283612,
traditional,osm,Hut 8,,Hut 8,CA,50.092962,-110.738477,exact,,,,,,,,,,,1092751673,
traditional,osm,Compute North,,,US,40.725927,-99.038336,exact,,,,,,,,,,,1092757323,
traditional,osm,Microsoft MAD01,,Microsoft,ES,40.593263,-3.54977,exact,,,,,,,,,,,1093408399,
traditional,osm,,,Equinix,NL,52.354468,4.960769,exact,,,,,,,,,,,1093524141,
traditional,osm,,,Equinix,NL,52.354329,4.961484,exact,,,,,,,,,,,1093524157,
traditional,osm,,,Equinix,NL,52.354533,4.961925,exact,,,,,,,,,,,1093524162,
traditional,osm,,,Equinix,NL,52.354917,4.961314,exact,,,,,,,,,,,1093524163,
traditional,osm,,,,NL,52.354627,4.960747,exact,,,,,,,,,,,1093524165,
traditional,osm,,,Equinix,NL,52.354718,4.960858,exact,,,,,,,,,,,1093524166,
traditional,osm,,,Equinix,NL,52.354657,4.960538,exact,,,,,,,,,,,1093524167,
traditional,osm,,,,DE,49.450159,11.014727,exact,,,,,,,,,,,1094348761,
traditional,osm,,,,DE,49.449858,11.014484,exact,,,,,,,,,,,1094348766,
traditional,osm,,,,DE,49.449246,11.014026,exact,,,,,,,,,,,1094348767,
traditional,osm,Digital Realty Copenhagen CPH2,,Digital Realty,DK,55.727794,12.376043,exact,,,,,,,,CPH2,,,1094485846,
traditional,osm,Flexential Atlanta - Douglasville 1,,Flexential,US,33.731057,-84.616081,exact,,,,,,,,,Douglasville,,1097502168,
traditional,osm,,,,FR,48.648553,2.227209,exact,,,,,,,,,,,1099624277,
traditional,osm,,,,FR,48.649095,2.228446,exact,,,,,,,,,,,1099624278,
traditional,osm,,,,FR,48.649171,2.227274,exact,,,,,,,,,,,1099624279,
traditional,osm,,,,FR,48.650033,2.229523,exact,,,,,,,,,,,1099624280,
traditional,osm,,,data4,FR,48.651957,2.225539,exact,,,,,,,,,,,1099624281,
traditional,osm,,,,FR,48.64846,2.228368,exact,,,,,,,,,,,1099624283,
traditional,osm,,,,CN,31.676137,119.571732,exact,,,,,,,,1,,,1100618147,
traditional,osm,T-Mobile Rechenzentrum Graz,,T-Mobile / Magenta,AT,47.040528,15.424979,exact,,,,,,,,,Graz,,1100732128,
traditional,osm,Amazon Web Services,,Amazon Web Services,AE,24.893128,55.109861,exact,,,,,,,,,,,1103194401,
traditional,osm,Google,,Google,US,36.624839,-87.26351,exact,,,,,,,,SPC1A,,,1103333136,
traditional,osm,SPC3A,,Google,US,36.624311,-87.259022,exact,,,,,,,,Building 3,,,1103333137,
traditional,osm,Data Center (Ministério Público de Minas Gerais),,,BR,-19.929033,-43.978629,exact,,,,,,,,,,,1105703906,
traditional,osm,Amazon Web Services,,Amazon Web Services,US,38.979563,-77.417491,exact,,,,,,,,IAD143,,,1106454555,
traditional,osm,Microsoft DUB14,,Microsoft,IE,53.321912,-6.451194,exact,,,,,,,,DUB14,,,1107158568,
traditional,osm,Amazon Web Services,,Amazon Web Services,IE,53.404919,-6.224993,exact,,,,,,,,,,,1108073464,
traditional,osm,Amazon Web Services,,Amazon Web Services,IE,53.409145,-6.22246,exact,,,,,,,,,,,1108073465,
traditional,osm,Meta,,Meta,US,35.315669,-81.822109,exact,,,,,,,,,,,1109074150,
traditional,osm,Cirion,,,CL,-33.358235,-70.675881,exact,,,,,,,,,,,1109152125,
traditional,osm,Teraco JB3 Data Centre,,Teraco,ZA,-26.13726,28.199195,exact,,,,,,,,JB3,,,1109619855,
traditional,osm,OADC Isando,,Open Access Data Centres,ZA,-26.135693,28.199929,exact,,,,,,,,JNB1,,,1109620300,
traditional,osm,,,US Bitcoin,US,43.082179,-79.030778,exact,,,,,,,,,,,1109643936,
traditional,osm,TierPoint Valley Forge,,TierPoint,US,40.121881,-75.420878,exact,,,,,,,,,,,1109881281,
traditional,osm,Amazon Web Services,,Amazon Web Services,IE,53.414536,-6.379257,exact,,,,,,,,,,,1112223803,
traditional,osm,Amazon Web Services,,Amazon Web Services,IE,53.416261,-6.378056,exact,,,,,,,,,,,1112223804,
traditional,osm,AWS Asia Pacific (Sydney) Region Data Centre,,Amazon Web Services,AU,-34.035687,150.766016,exact,,,,,,,,SYD052,,,1112422574,
traditional,osm,Aligned DC - PDX-01,,Aligned Data Centers,US,45.554059,-122.949251,exact,,,,,,,,,Hillsboro,,1114969101,
traditional,osm,大数据中心,,,CN,32.026142,118.636568,exact,,,,,,,,,,,1115467384,
traditional,osm,,,,PL,52.293166,20.921726,exact,,,,,,,,,Warszawa,,1115586271,
traditional,osm,,,,IT,44.519034,11.36034,exact,,,,,,,,,,,1115952168,
traditional,osm,JB2 Data Centre,,Teraco,ZA,-26.075315,28.277766,exact,,,,,,,,JB2,,,1116366727,
traditional,osm,Tahoe Reno 1,,Switch,US,39.514068,-119.475515,exact,,,,,,,,,McCarran,,1116775094,
traditional,osm,Tahoe Reno 2,,Switch,US,39.513871,-119.484853,exact,,,,,,,,,McCarran,,1116775095,
traditional,osm,Digital Realty MRS4,,Digital Realty,FR,43.339681,5.346742,exact,,,,,,,,MRS4,,,1117375128,
traditional,osm,,,,IL,32.310325,34.960658,exact,,,,,,,,,,,1118329592,
traditional,osm,SostraData,,SostraData,FR,46.204625,1.393772,exact,,,,,,,,,,,1118414289,
traditional,osm,Digital Realty FRA17,,Digital Realty,DE,50.125124,8.754049,exact,,,,,,,,,,,1118500773,
traditional,osm,Estacion Terrena Izalco,,,SV,13.737858,-89.589379,exact,,,,,,,,,,,1118732098,
traditional,osm,Microsoft Data Centre,,Microsoft,NZ,-36.814076,174.602116,exact,,,,,,,,AKL-3,,,1119993292,
traditional,osm,DCI Data Centre,,DCI,NZ,-36.81343,174.59986,exact,,,,,,,,AKL01,,,1119993293,
traditional,osm,Vantage JNB11,,,ZA,-26.018585,28.117592,exact,,,,,,,,,,,1120312535,
traditional,osm,Flexential Salt Lake City - Fair Park,,Flexential,US,40.766796,-111.920295,exact,,,,,,,,,Salt Lake City,,1121188409,
traditional,osm,Equinix PA10,,Equinix,FR,48.927557,2.34895,exact,,,,,,,,PA10,Saint-Denis,,1121454054,
traditional,osm,Equinix PA9X,,Equinix,FR,48.926852,2.348975,exact,,,,,,,,PA9X,Saint-Denis,,1121454055,
traditional,osm,CyrusOne San Antonio IV,,,US,29.47076,-98.670723,exact,,,,,,,,,,,1121592786,
traditional,osm,,,,CA,51.301813,-113.982923,exact,,,,,,,,,,,1121948176,
traditional,osm,AWS Swindon Data Centre,,Amazon Web Services,GB,51.524012,-1.764363,exact,,,,,,,,,Swindon,,1122158384,
traditional,osm,,,data4,FR,48.650068,2.223554,exact,,,,,,,,,,,1122298171,
traditional,osm,Discover,,,BG,42.668224,23.375701,exact,,,,,,,,,,,1123181652,
traditional,osm,Equinix Ashburn DC16,,Equinix,US,39.024257,-77.452327,exact,,,,,,,,DC16,Ashburn,,1123249721,
traditional,osm,Amazon Web Services,,Amazon Web Services,IE,53.704153,-6.382596,exact,,,,,,,,,,,1123268889,
traditional,osm,,,,NL,52.083225,5.021276,exact,,,,,,,,,,,1123595041,
traditional,osm,Green Metro-Campus Zürich Datacenter M,,Green Datacenter AG,CH,47.481101,8.462368,exact,,,,,,,,,,,1124769036,
traditional,osm,Colt 京阪奈データセンター,,Colt data centre services,JP,34.74663,135.764651,exact,,,,,,,,,,,1124852913,
traditional,osm,Microsoft IAD11,,Microsoft,US,38.948258,-77.555911,exact,,,,,,,,,,,1124864831,
traditional,osm,,,,IE,53.331366,-6.38293,exact,,,,,,,,,,,1124890821,
traditional,osm,,,,IE,53.33046,-6.38213,exact,,,,,,,,,,,1124890822,
traditional,osm,,,,IT,45.081768,7.660151,exact,,,,,,,,Ced 2,,,1125063250,
traditional,osm,,,,IT,45.081793,7.660169,exact,,,,,,,,Ced 1,,,1125063251,
traditional,osm,,,,CN,28.402258,106.791195,exact,,,,,,,,,,,1125117405,
traditional,osm,临沂华为大数据中心,,,CN,35.010898,118.423844,exact,,,,,,,,,,,1125136830,
traditional,osm,CloudHQ,,,DE,50.108315,8.804331,exact,,,,,,,,,Offenbach am Main,,1125276312,
traditional,osm,,,,IT,45.081745,7.660133,exact,,,,,,,,Ced 3,,,1125369577,
traditional,osm,,,,IT,45.081705,7.660092,exact,,,,,,,,Ced 4,,,1125369579,
traditional,osm,NTT,,NTT,JP,33.782667,132.255603,exact,,,,,,,,,,,1125544933,
traditional,osm,,,,IE,53.407675,-6.350694,exact,,,,,,,,,,,1125965808,
traditional,osm,Amazon Web Services,,Amazon Web Services,US,45.901451,-119.320522,exact,,,,,,,,PDX63,Hermiston,,1126159710,
traditional,osm,Amazon Web Services,,Amazon Web Services,US,45.902766,-119.320492,exact,,,,,,,,PDX65,Hermiston,,1126159711,
traditional,osm,Amazon Web Services,,Amazon Web Services,US,45.903854,-119.320477,exact,,,,,,,,PDX67,Hermiston,,1126159714,
traditional,osm,Amazon Web Services,,Amazon Web Services,US,45.9051,-119.320145,exact,,,,,,,,PDX69,Hermiston,,1126159715,
traditional,osm,Amazon Web Services,,Amazon Web Services,US,45.847608,-119.602775,exact,,,,,,,,,Boardman,,1126386234,
traditional,osm,,,,IT,45.331103,9.20123,exact,,,,,,,,,,,1127602555,
traditional,osm,Amazon Web Services,,Amazon Web Services,US,45.915723,-119.26997,exact,,,,,,,,PDX132,Umatilla,,1127951468,
traditional,osm,Government Data Centre,,,IN,13.017761,80.239962,exact,,,,,,,,,,,1128434725,
traditional,osm,,,,US,39.069649,-77.560771,exact,,,,,,,,,Leesburg,,1128589933,
traditional,osm,,,,US,39.069656,-77.559433,exact,,,,,,,,,Leesburg,,1128589934,
traditional,osm,,,Lumen Technologies,GB,54.578501,-1.235068,exact,,,,,,,,,Middlesbrough,,1131944103,
traditional,osm,nexspace Data Center,,,DE,49.393903,8.672637,exact,,,,,,,,,Heidelberg,,1132430543,
traditional,osm,Meta Henrico Data Center,,Meta,US,37.477856,-77.226482,exact,,,,,,,,,,,1132541700,
traditional,osm,QTS,,Quality Technology Services,US,33.460881,-111.997156,exact,,,,,,,,,,,1132632705,
traditional,osm,FiberState Datacenter,,,US,40.511452,-111.888255,exact,,,,,,,,,,,1133047980,
traditional,osm,Centro Control de Energía,,,MX,19.428919,-99.144692,exact,,,,,,,,,,,1133173173,
traditional,osm,42-24 Derwent Park,,42 - 24 Pty Ltd,AU,-42.839243,147.29712,exact,,,,,,,,,,,1133447252,
traditional,osm,,,,IN,13.038606,77.757897,exact,,,,,,,,,,,1133544548,
traditional,osm,,,,US,38.81056,-89.948703,exact,,,,,,,,,,,1133944585,
traditional,osm,CoreSite Reston Campus VA2,,CoreSite,US,38.951455,-77.363999,exact,,,,,,,,,,,1134104431,
traditional,osm,AWS IAD105,,Amazon Web Services,US,38.7476,-77.51948,exact,,,,,,,,IAD105,,NOVEC (co-op),1134911640,
traditional,osm,AWS IAD104,,Amazon Web Services,US,38.74837,-77.5207,exact,,,,,,,,IAD104,,,1134911641,
traditional,osm,QTS Manassas DC1,,Quality Technology Services,US,38.752543,-77.513108,exact,,,,,,,,,,NOVEC (co-op),1134911642,
traditional,osm,Data4 Pologne WAW1,,Data4,PL,52.211082,20.850737,exact,,,,,,,,WAW1,Jawczyce,,1137364423,
traditional,osm,Google Datacenter Middenmeer,,Google,NL,52.79189,5.029851,exact,,,,,,,,,,,1138948050,
traditional,osm,IXcellerate North MOS 4,,IXcellerate,RU,55.863225,37.577121,exact,,,,,,,,MOS 1,Москва,,1140704048,
traditional,osm,Colt Paris 3,,Colt,FR,48.675243,2.198312,exact,,,,,,,,,Les Ulis,,1141021688,
traditional,osm,,,,US,39.133687,-76.851434,exact,,,,,,,,,Laurel,,1143804764,
traditional,osm,Telecommunication Logistics,,,IR,33.396559,47.971306,exact,,,,,,,,,,,1144598895,
traditional,osm,Vantage Data Center FRA21,,Vantage Data Centers,DE,50.013197,8.461872,exact,,,,,,,,FRA21,,,1145623809,
traditional,osm,STACK MILL2,,STACK,IT,45.328627,9.202927,exact,,,,,,,,MILL2,,,1147199695,
traditional,osm,LEDC - WGA1 - Wagga Wagga,,Leading Edge Data Centres,AU,-35.126104,147.348911,exact,,,,,,,,WGA1,,,1150357328,
traditional,osm,,,,DE,51.450464,7.278339,exact,,,,,,,,,,,1150893372,
traditional,osm,GCSB Data Centre,,Government Communications Security Bureau,NZ,-36.790155,174.62037,exact,,,,,,,,,,,1151395412,
traditional,osm,STTelemedia Global Data Centeres,,,IN,12.981233,77.719978,exact,,,,,,,,,,,1151907065,
traditional,osm,Microsoft,,Microsoft,SE,60.628644,17.134423,exact,,,,,,,,,,,1152538065,
traditional,osm,Microsoft,,Microsoft,SE,60.628324,17.136778,exact,,,,,,,,,,,1152538066,
traditional,osm,Meta,,Meta,US,44.301672,-120.894587,exact,,,,,,,,,,,1152747559,
traditional,osm,Meta,,Meta,US,44.299218,-120.894582,exact,,,,,,,,,,,1152748037,
traditional,osm,Digital Realty PDX11 Data Center,,Digital Realty,US,45.56851,-122.919898,exact,,,,,,,,,Hillsboro,,1153935548,
traditional,osm,Datacenter (386),,UChicago Argonne LLC,US,41.707134,-87.975956,exact,,,,,,,,386,,,1154349280,
traditional,osm,Amazon Web Services,,Amazon Web Services,US,40.101767,-83.199583,exact,,,,,,,,,,,1154503131,
traditional,osm,Amazon Web Services,,Amazon Web Services,US,40.100768,-83.199475,exact,,,,,,,,,,,1154503132,
traditional,osm,Amazon Web Services,,Amazon Web Services,US,40.099786,-83.199264,exact,,,,,,,,,,,1154503133,
traditional,osm,NTT Chicago CH1,,NTT,US,41.987962,-88.007222,exact,,,,,,,,CH1,Itasca,,1154636644,
traditional,osm,Яндекс ДЦ Калуга,,Yandex,RU,54.576943,36.349691,exact,,,,,,,,Kaluga,,,1156034466,
traditional,osm,,,,SE,60.609884,15.609839,exact,,,,,,,,,,,1156469042,
traditional,osm,Atman Data Center Warsaw-1,,Atman sp. z o.o.,PL,52.236415,21.116586,exact,,,,,,,,,,,1156823776,
traditional,osm,,,West Wisconsin Telcom,US,44.877165,-91.919999,exact,,,,,,,,,Menomonie,,1157356188,
traditional,osm,中国建设银行武汉数据中心,,,CN,30.491903,114.368932,exact,,,,,,,,,,,1158482154,
traditional,osm,CoreSite SV7,,CoreSite,US,37.376079,-121.973057,exact,,,,,,,,SV7,,,1160688107,
traditional,osm,Meta Huntsville Data center,,Meta,US,34.847324,-86.626919,exact,,,,,,,,,,,1160814413,
traditional,osm,Meta Huntsville Data center,,Meta,US,34.843482,-86.628856,exact,,,,,,,,,,,1160814415,
traditional,osm,Meta Huntsville Data center,,Meta,US,34.840441,-86.628825,exact,,,,,,,,,,,1160814416,
traditional,osm,Amazon Web Services,,Amazon Web Services,US,38.979147,-77.419905,exact,,,,,,,,IAD142,Sterling,,1161094246,
traditional,osm,Amazon Web Services,,Amazon Web Services,GB,51.413857,-0.78194,exact,,,,,,,,,,,1161721011,
traditional,osm,,,,US,38.957253,-77.497841,exact,,,,,,,,,,NOVEC (co-op),1161730862,
traditional,osm,Green Mountain Ytre Enebakk,,,NO,59.757377,10.993731,exact,,,,,,,,,,,1161764012,
traditional,osm,,,Key Point,RU,43.327468,131.971848,exact,,,,,,,,,,,1163514700,
traditional,osm,,,,GB,51.280706,-0.798134,exact,,,,,,,,,,,1164817477,
traditional,osm,,,,NO,59.632839,11.003156,exact,,,,,,,,,,,1164840308,
traditional,osm,,,,NO,59.632963,11.00617,exact,,,,,,,,,,,1164840309,
traditional,osm,,,,BR,-3.831031,-38.611666,exact,,,,,,,,,,,1167125350,
traditional,osm,,,,BR,-3.830274,-38.611242,exact,,,,,,,,,,,1167125351,
traditional,osm,Ascenty Infraestrutura de Data Centers,,,BR,-3.830795,-38.611192,exact,,,,,,,,,,,1167125352,
traditional,osm,,,,BR,-3.830935,-38.610925,exact,,,,,,,,,,,1167125355,
traditional,osm,QScale,,,CA,46.676157,-71.325063,exact,,,,,,,,,,,1171439340,
traditional,osm,,,Johannes Gutenberg-Universität Mainz,DE,49.987916,8.230132,exact,,,,,,,,2539,Mainz,,1173048440,
traditional,osm,Microsoft EAT03,,Microsoft,US,47.418324,-120.20771,exact,,,,,,,,,East Wenatchee,,1173537116,
traditional,osm,Microsoft EAT04,,Microsoft,US,47.419638,-120.213813,exact,,,,,,,,,,,1173537117,
traditional,osm,Microsoft,,Microsoft,US,41.53499,-93.863444,exact,,,,,,,,,,,1173569101,
traditional,osm,Google: Arcola 2,,Google,US,38.941812,-77.527451,exact,,,,,,,,ARA2,,,1173770902,
traditional,osm,TeraSoft,,,AR,-30.998089,-64.502699,exact,,,,,,,,,,,1174694621,
traditional,osm,Condomínio Galpões Comericiais (DATA CENTER),,Ubatã Empreendimentos Imobiliários e Lazer LTDA,BR,-22.771862,-47.106131,exact,,,,,,,,,,,1175053016,
traditional,osm,Tòa nhà VNPT IDC Tân Thuận,,VNPT,VN,10.773366,106.741012,exact,,,,,,,,,,,1175244806,
traditional,osm,AWS,,Amazon Web Services,CL,-52.942157,-70.850087,exact,,,,,,,,,,,1176042553,
traditional,osm,Telmex,,,MX,19.490595,-99.054739,exact,,,,,,,,,,,1176935276,
traditional,osm,,,,US,32.894761,-96.981938,exact,,,,,,,,,,,1177794153,
traditional,osm,Amazon IAD603,,Amazon Web Services,US,38.981544,-77.419361,exact,,,,,,,,IAD603,,,1177893426,
traditional,osm,,,,US,41.125403,-104.907552,exact,,,,,,,,,,,1177975782,
traditional,osm,,,,US,41.126438,-104.899516,exact,,,,,,,,,,,1177975783,
traditional,osm,,,,US,41.125411,-104.901978,exact,,,,,,,,,,,1177975784,
traditional,osm,,,,US,41.122266,-104.908142,exact,,,,,,,,,,,1177975788,
traditional,osm,,,,US,41.122246,-104.909517,exact,,,,,,,,,,,1177975789,
traditional,osm,Flexential Philadelphia - Collegeville,,Flexential,US,40.152237,-75.477618,exact,,,,,,,,,Collegeville,,1178609569,
traditional,osm,,,,FR,48.928037,2.398734,exact,,,,,,,,PAR11,,,1180419924,
traditional,osm,,,,FR,48.92755,2.399476,exact,,,,,,,,PAR10,,,1180419925,
traditional,osm,Amazon IAD86,,Amazon Web Services,US,38.917256,-77.495674,exact,,,,,,,,IAD86,,,1181391920,
traditional,osm,Amazon IAD130,,Amazon Web Services,US,38.760361,-77.519302,exact,,,,,,,,IAD130,,NOVEC (co-op),1181391921,
traditional,osm,Amazon IAD131,,Amazon Web Services,US,38.761105,-77.518221,exact,,,,,,,,IAD131,,NOVEC (co-op),1181391922,
traditional,osm,Amazon Web Services,,Amazon Web Services,CL,-52.941619,-70.848613,exact,,,,,,,,,,,1182624646,
traditional,osm,Microsoft DUB15,,Microsoft,IE,53.320816,-6.451762,exact,,,,,,,,DUB15,,,1182712205,
traditional,osm,Agricultural Bank of China (Data Center),,,CN,31.307624,121.606166,exact,,,,,,,,,,,1182947275,
traditional,osm,GDS Shanghai Data Center,,,CN,31.32305,121.60015,exact,,,,,,,,,,,1182947308,
traditional,osm,Meta Data Center,,Meta,US,39.322628,-94.598075,exact,,,,,,,,,,,1184066765,
traditional,osm,,,Telehouse,DE,50.095918,8.628949,exact,,,,,,,,,,,1185768205,
traditional,osm,EXA Infrastructure,,EXA Infrastructure,IE,53.400186,-6.217858,exact,,,,,,,,Dub-008,Dublin,,1186696253,
traditional,osm,Meta Clonee 2 Data Center,,Meta,IE,53.418326,-6.431674,exact,,,,,,,,CLN2,,,1187438482,
traditional,osm,Meta Clonee 6 Data Center,,Meta,IE,53.41952,-6.447494,exact,,,,,,,,CLN6,,,1187438483,
traditional,osm,,,,JP,35.613273,139.400399,exact,,,,,,,,,,,1188015096,
traditional,osm,,,,JP,35.613595,139.404021,exact,,,,,,,,,,,1188015515,
traditional,osm,,,,CN,22.836824,114.992376,exact,,,,,,,,,,,1188039056,
traditional,osm,,,,CN,22.837642,114.992105,exact,,,,,,,,,,,1188039057,
traditional,osm,,,,CN,22.838435,114.991846,exact,,,,,,,,,,,1188039058,
traditional,osm,,,,CN,22.838748,114.992967,exact,,,,,,,,,,,1188039059,
traditional,osm,,,,CN,22.837947,114.99323,exact,,,,,,,,,,,1188039060,
traditional,osm,,,,CN,22.837145,114.993496,exact,,,,,,,,,,,1188039061,
traditional,osm,,,,CN,22.839773,114.989058,exact,,,,,,,,,,,1188039063,
traditional,osm,,,,CN,22.840424,114.989787,exact,,,,,,,,,,,1188039064,
traditional,osm,,,,SV,13.737971,-89.589305,exact,,,,,,,,,,,1188395400,
traditional,osm,,,,IN,13.03866,77.757439,exact,,,,,,,,,,,1188436679,
traditional,osm,QTS Ashburn-Shellhorn DC2,,Quality Technology Services,US,38.99871,-77.474326,exact,,,,,,,,,,Dominion (VEPCO),1188680247,
traditional,osm,QTS Ashburn Lockridge,,Quality Technology Services,US,38.995307,-77.455264,exact,,,,,,,,,Sterling,,1188680253,
traditional,osm,QTS Ashburn Lockridge,,Quality Technology Services,US,38.995181,-77.456819,exact,,,,,,,,,Sterling,Dominion (VEPCO),1188680254,
traditional,osm,Amazon IAD192,,Amazon Web Services,US,38.98956,-77.434802,exact,,,,,,,,IAD192,Sterling,Dominion (VEPCO),1188680255,
traditional,osm,NTT Ashburn VA6 Data Center,,NTT,US,39.017043,-77.473338,exact,,,,,,,,VA6,Ashburn,,1188691867,
traditional,osm,NTT Ashburn VA9 Data Center,,NTT,US,39.020189,-77.475509,exact,,,,,,,,VA9,Ashburn,,1188691868,
traditional,osm,DataBank Ashburn IAD3,,DataBank,US,39.017904,-77.481819,exact,,,,,,,,IAD3,Ashburn,Dominion (VEPCO),1188691869,
traditional,osm,CyrusOne NVA14,,PowerHouse,US,39.019599,-77.450457,exact,,,,,,,,ABX-1,Ashburn,Dominion (VEPCO),1188715508,
traditional,osm,Cologix ASH1,,Cologix,US,39.017926,-77.459516,exact,,,,,,,,,Ashburn,,1188715510,
traditional,osm,Ficolo The Rock,,Ficolo,FI,61.500129,21.89145,exact,,,,,,,,,Ulvila,,1189230940,
traditional,osm,Meta,,Meta,US,34.82588,-106.778893,exact,,,,,,,,4,Los Lunas,,1191496040,
traditional,osm,Vantage Data Center FRA22,,Vantage Data Centers,DE,50.01237,8.462072,exact,,,,,,,,FRA22,,,1192381985,
traditional,osm,,,,US,47.244813,-119.818095,exact,,,,,,,,,,,1193914601,
traditional,osm,,,,US,47.24429,-119.814806,exact,,,,,,,,,,,1193914602,
traditional,osm,江南农村商业银行数据中心,,,CN,31.723629,119.586495,exact,,,,,,,,,,,1194044206,
traditional,osm,,,,ES,41.483835,2.105194,exact,,,,,,,,,,,1194718845,
traditional,osm,国家超级计算天津中心（新）,,,CN,39.040206,117.720359,exact,,,,,,,,,,,1197569182,
traditional,osm,,,,US,41.141335,-104.71676,exact,,,,,,,,,,,1197757147,
traditional,osm,Vantage Data Centers - CWL13,,Vantage Data Centers,GB,51.554789,-3.032748,exact,,,,,,,,,Newport,,1198641381,
traditional,osm,,,,SV,13.697482,-89.215953,exact,,,,,,,,,,,1199331938,
traditional,osm,Centro Nacional de Registros,,,SV,13.702989,-89.213394,exact,,,,,,,,,,,1200987490,
traditional,osm,国家超级计算天津中心,,,CN,39.042403,117.720749,exact,,,,,,,,,,,1201847647,
traditional,osm,Lightedge Des Moines 2,,,US,41.666814,-93.455943,exact,,,,,,,,,Altoona,,1202051225,
traditional,osm,醫院管理局支援服務中心 Hospital Authority Supporting Services Centre,,,HK,22.28336,113.94089,exact,,,,,,,,,,,1202256159,
traditional,osm,,,,CN,25.271317,111.351948,exact,,,,,,,,,,,1203027798,
traditional,osm,NorthC Datacenter Rotterdam Waalhaven,,NorthC,NL,51.875186,4.449318,exact,,,,,,,,,Rotterdam,,1205462692,
traditional,osm,,,,PT,41.177723,-8.595026,exact,,,,,,,,D-102,,,1205572867,
traditional,osm,,,,PT,41.177721,-8.595138,exact,,,,,,,,D-103,,,1205572869,
traditional,osm,,,,PT,41.177788,-8.595133,exact,,,,,,,,D-104,,,1205572870,
traditional,osm,,,,PT,41.177885,-8.597519,exact,,,,,,,,A085B,,,1205573357,
traditional,osm,Equinix ME2,,Equinix,AU,-37.822202,144.915291,exact,,,,,,,,ME2,,,1206579186,
traditional,osm,QTS Suwanee,,Quality Technology Services,US,34.036155,-84.059347,exact,,,,,,,,,,,1207052719,
traditional,osm,Equinix SY5,,Equinix,AU,-33.91933,151.189981,exact,,,,,,,,SY5,,,1210163349,
traditional,osm,,,,US,39.569711,-119.537859,exact,,,,,,,,,,,1210199365,
traditional,osm,,,,US,39.570053,-119.537092,exact,,,,,,,,,,,1210199366,
traditional,osm,,,,US,39.570592,-119.536034,exact,,,,,,,,,,,1210199367,
traditional,osm,,,,US,39.570986,-119.535317,exact,,,,,,,,,,,1210199368,
traditional,osm,Carrier Services Group,,,US,41.041059,-80.633078,exact,,,,,,,,,Boardman,,1210421871,
traditional,osm,Flexential Nashville - Cool Springs,,Flexential,US,35.951045,-86.833406,exact,,,,,,,,,Franklin,,1210515186,
traditional,osm,,,,IT,45.429092,9.386172,exact,,,,,,,,,,,1210747121,
traditional,osm,,,,IT,45.429305,9.387248,exact,,,,,,,,,,,1210747122,
traditional,osm,,,,IT,45.429112,9.38733,exact,,,,,,,,,,,1210747123,
traditional,osm,,,,IT,45.428919,9.38741,exact,,,,,,,,,,,1210747124,
traditional,osm,,,,IT,45.428723,9.387493,exact,,,,,,,,,,,1210747125,
traditional,osm,,,,US,43.638333,-89.721403,exact,,,,,,,,,,,1211362828,
traditional,osm,noris network AG ING1 ITB,,innovIT360 AG,DE,48.753346,11.478596,exact,,,,,,,,,Ingolstadt,,1211916874,
traditional,osm,noris network AG ING1 ITA,,innovIT360 AG,DE,48.753111,11.478715,exact,,,,,,,,,Ingolstadt,,1211916875,
traditional,osm,Microsoft Newport data centre,,Microsoft,GB,51.550978,-3.040459,exact,,,,,,,,,Newport,,1213266502,
traditional,osm,Gallatin Data Center,,Meta,US,36.408496,-86.37162,exact,,,,,,,,,,,1213758201,
traditional,osm,前海信息枢纽大厦,,,CN,22.520693,113.887848,exact,,,,,,,,,,,1215841009,
traditional,osm,مرکز کامپیوتر دانشکدهٔ ریاضی,,K. N. Toosi University of Technology,IR,35.750489,51.563702,exact,,,,,,,,,تهران,,1216786642,
traditional,osm,CPH01,,Microsoft,DK,55.581177,12.099329,exact,,,,,,,,,,,1216992892,
traditional,osm,Aligned Data Center - Chicago ORD-01,,Aligned,US,41.914003,-87.917516,exact,,,,,,,,ORD-01,Northlake,,1217649348,
traditional,osm,Aligned Data Center - Chicago ORD-02,,Aligned,US,41.912963,-87.91759,exact,,,,,,,,ORD-02,Northlake,,1217649350,
traditional,osm,Athens 3,,,GR,37.871653,23.87062,exact,,,,,,,,,,,1219002657,
traditional,osm,Athens 1,,,GR,37.871349,23.869961,exact,,,,,,,,,,,1219002658,
traditional,osm,Athens 2,,,GR,37.871168,23.870337,exact,,,,,,,,,,,1219002659,
traditional,osm,,,,US,42.023143,-87.972186,exact,,,,,,,,,,,1219083552,
traditional,osm,T5 Chicago II,,T5 Data Centers,US,42.023042,-87.975557,exact,,,,,,,,Chicago II,Elk Grove Village,,1219083554,
traditional,osm,中国联通衡阳大数据中心,,,CN,26.877369,112.548513,exact,,,,,,,,,,,1219605864,
traditional,osm,鲁西南大数据中心,,,CN,35.200043,115.519714,exact,,,,,,,,,,,1219803354,
traditional,osm,,,,DE,50.109844,8.744179,exact,,,,,,,,,Offenbach am Main,,1220064079,
traditional,osm,,,,NL,52.302373,4.939023,exact,,,,,,,,,,,1220520621,
traditional,osm,Cortex supercomputer,,,US,30.215605,-97.618939,exact,,,,,,,,,,,1221574918,
traditional,osm,AWS IAD106,,Amazon Web Services,US,38.746979,-77.518524,exact,,,,,,,,IAD106,,NOVEC (co-op),1221862807,
traditional,osm,Google NBY-2,,Google,US,40.059618,-82.764465,exact,,,,,,,,,,,1222007663,
traditional,osm,Teraco JB4 Data Centre,,Teraco,ZA,-26.024416,28.269401,exact,,,,,,,,JB4,,,1222015736,
traditional,osm,Amazon Web Services,,Amazon Web Services,US,38.949149,-77.523594,exact,,,,,,,,IAD609,,,1222134968,
traditional,osm,각 세종,,네이버,KR,36.508122,127.340632,exact,,,,,,,,,,,1222222038,
traditional,osm,Data Center Bilbao Arasur,,Merlin Properties,ES,42.698175,-2.910408,exact,,,,,,,,,,,1222498765,
traditional,osm,,,,GR,39.549829,19.880983,exact,,,,,,,,,,,1222992669,
traditional,osm,M16,,atNorth,IS,63.964542,-22.538669,exact,,,,,,,,,Reykjanesbær,,1223207435,
traditional,osm,Microsoft,,Microsoft,SE,60.600883,17.009077,exact,,,,,,,,,,,1225367739,
traditional,osm,,,,LT,54.607417,25.317842,exact,,,,,,,,,Vilnius,,1225844430,
traditional,osm,NEXTDC - S3 Sidney,,NextDC,AU,-33.81911,151.184574,exact,,,,,,,,S3,,,1225879499,
traditional,osm,Equinix MD6,,Equinix,ES,40.534536,-3.661958,exact,,,,,,,,MD6,Madrid,,1226425870,
traditional,osm,,,,US,41.212107,-95.877895,exact,,,,,,,,,,,1226436454,
traditional,osm,CyrusOne OCB1 Council Bluffs,,CyrusOne,US,41.212197,-95.878,exact,,,,,,,,OCB1,Council Bluffs,,1226436457,
traditional,osm,Amazon Web Services,,Amazon Web Services,US,45.836192,-119.694055,exact,,,,,,,,PDX90,Boardman,,1226439731,
traditional,osm,CtrlS Mumbai,,,IN,19.10828,73.023813,exact,,,,,,,,,,,1226454630,
traditional,osm,Datové centrum Nagoja,,Seznam.cz,CZ,50.268185,14.853876,exact,,,,,,,,ng,,,1227095270,
traditional,osm,Blönduós,,Borealis,IS,65.64728,-20.243004,exact,,,,,,,,,,,1227173411,
traditional,osm,,,,AR,-31.105764,-64.482875,exact,,,,,,,,,,,1227385800,
traditional,osm,Telecom,,,AR,-31.094532,-64.487119,exact,,,,,,,,,,,1227478328,
traditional,osm,Equinix DC14,,Equinix,US,38.803379,-77.510546,exact,,,,,,,,DC14,Manassas,NOVEC (co-op),1227539675,
traditional,osm,Novartis,,,US,32.651201,-97.319673,exact,,,,,,,,,,,1227550179,
traditional,osm,Equinix SV11,,Equinix,US,37.242615,-121.784022,exact,,,,,,,,SV11,San Jose,,1227604493,
traditional,osm,Amazon IAD103,,Amazon Web Services,US,38.736985,-77.504088,exact,,,,,,,,IAD103,,Dominion (VEPCO),1227612684,
traditional,osm,CloudHQ MCC3,,CloudHQ,US,38.715017,-77.49512,exact,,,,,,,,MCC3,,Dominion (VEPCO),1227614670,
traditional,osm,CyrusOne PHX8,,,US,33.266328,-111.883304,exact,,,,,,,,,Chandler,,1227682824,
traditional,osm,CyrusOne PHX3,,,US,33.271916,-111.881627,exact,,,,,,,,,Chandler,,1227684019,
traditional,osm,CyrusOne PHX4,,,US,33.271809,-111.883263,exact,,,,,,,,,Chandler,,1227684020,
traditional,osm,Vantage VA13,,Vantage Data Centers,US,39.003213,-77.440175,exact,,,,,,,,VA13,Sterling,Dominion (VEPCO),1227777116,
traditional,osm,Lightedge Des Moines 1,,,US,41.667663,-93.455484,exact,,,,,,,,,Altoona,,1227883682,
traditional,osm,CyrusOne FRA 4,,CyrusOne,DE,50.132597,8.578553,exact,,,,,,,,,Frankfurt am Main,,1228560057,
traditional,osm,Blockfusion Niagra Falls,,,US,43.082029,-79.003417,exact,,,,,,,,,Niagara Falls,,1229749890,
traditional,osm,Blockfusion Niagra Falls,,,US,43.082178,-79.003509,exact,,,,,,,,,Niagara Falls,,1229749891,
traditional,osm,Blockfusion Niagra Falls,,,US,43.082808,-79.003281,exact,,,,,,,,,Niagara Falls,,1229749892,
traditional,osm,Blockfusion Niagra Falls,,,US,43.08313,-79.003111,exact,,,,,,,,,Niagara Falls,,1229749893,
traditional,osm,Blockfusion Niagra Falls,,,US,43.083205,-79.003342,exact,,,,,,,,,Niagara Falls,,1229749894,
traditional,osm,Blockfusion Niagra Falls,,,US,43.083165,-79.003903,exact,,,,,,,,,Niagara Falls,,1229749895,
traditional,osm,Blockfusion Niagra Falls,,,US,43.083284,-79.003905,exact,,,,,,,,,Niagara Falls,,1229749896,
traditional,osm,EDGE2,,EDGE DC,ID,-6.213977,106.835147,exact,,,,,,,,,,,1230327255,
traditional,osm,Teraco JB5 Isando Campus,,Teraco,ZA,-26.13497,28.200832,exact,,,,,,,,,,,1230572491,
traditional,osm,Equinix,,Equinix,ZA,-26.155548,28.197903,exact,,,,,,,,,,,1230572492,
traditional,osm,,,Africa Data Centres,ZA,-26.009554,28.120168,exact,,,,,,,,,,,1230574034,
traditional,osm,,,Africa Data Centres,ZA,-25.929768,28.139575,exact,,,,,,,,JHB2,,,1230574036,
traditional,osm,,,,ZA,-25.920265,28.139685,exact,,,,,,,,,,,1230574037,
traditional,osm,NTT,,NTT,ZA,-25.920389,28.139618,exact,,,,,,,,JOH1,,,1230574038,
traditional,osm,,,Xneelo,ZA,-25.927286,28.141925,exact,,,,,,,,,,,1230579243,
traditional,osm,Amazon AWS CPT - Atlantic,,,ZA,-33.814421,18.54853,exact,,,,,,,,,,,1231698416,
traditional,osm,EdgeConnex DUB04,,EdgeConneX,IE,53.326202,-6.459904,exact,,,,,,,,,,,1231956437,
traditional,osm,,,,IE,53.318783,-6.453064,exact,,,,,,,,,,,1231964262,
traditional,osm,,,Sentech,ZA,-33.875223,18.595524,exact,,,,,,,,,,,1232515685,
traditional,osm,Rechenzentrum BER01,,maincubes Holding & Service GmbH,DE,52.478699,13.303482,exact,,,,,,,,BER01,,,1232937708,
traditional,osm,,,Amazon,CA,45.62299,-73.38246,exact,,,,,,,,,Varennes,,1233556146,
traditional,osm,,,NTT Global Data Centers,DE,50.129035,8.604532,exact,,,,,,,,,Frankfurt am Main,,1234079003,
traditional,osm,Yahoo,,Yahoo,US,41.180499,-96.084906,exact,,,,,,,,,,,1235150788,
traditional,osm,,,CenturyLink,US,32.309666,-106.729193,exact,,,,,,,,,,,1235255415,
traditional,osm,Verizon North Las Vegas,,Verizon,US,36.221894,-115.147047,exact,,,,,,,,,,,1235846520,
traditional,osm,Switch Datacenters AMS4,,Switch Datacenters,NL,52.331509,4.973598,exact,,,,,,,,AMS4,,,1235869010,
traditional,osm,하남IDC,,이지스자산운용,KR,37.551325,127.195186,exact,,,,,,,,,,,1236581232,
traditional,osm,전상동,,,KR,37.550387,127.195346,exact,,,,,,,,,,,1236581233,
traditional,osm,Google,,Google,US,41.134919,-96.144082,exact,,,,,,,,,,,1237493975,
traditional,osm,Google,,Google,US,41.134393,-96.155904,exact,,,,,,,,,,,1237494981,
traditional,osm,中国联通广东云数据中心（广州新广基地）,,,CN,22.733242,113.505451,exact,,,,,,,,,,,1238097457,
traditional,osm,,,,FI,60.342094,25.030712,exact,,,,,,,,,Tuusula,,1238398882,
traditional,osm,Involta Independence,,,US,41.361071,-81.632781,exact,,,,,,,,,,,1238705019,
traditional,osm,Bloomberg Data Center,,Bloomberg,US,41.036194,-73.987626,exact,,,,,,,,,Orangeburg,,1238955720,
traditional,osm,fifteenfortyseven CSR ORNY1,,fifteenfortyseven Critical Systems Realty,US,41.034493,-73.975786,exact,,,,,,,,,Orangeburg,,1238955733,
traditional,osm,北九州データセンター1号棟,,IDCフロンティア,JP,33.873982,130.792819,exact,,,,,,,,,,,1239264177,
traditional,osm,北九州データセンター2号棟,,IDCフロンティア,JP,33.874259,130.792811,exact,,,,,,,,,,,1239264178,
traditional,osm,北九州データセンター3号棟,,IDCフロンティア,JP,33.874259,130.791988,exact,,,,,,,,,,,1239264179,
traditional,osm,北九州データセンター4号棟,,IDCフロンティア,JP,33.873965,130.791993,exact,,,,,,,,,,,1239264180,
traditional,osm,北九州データセンター5号棟,,IDCフロンティア,JP,33.873618,130.792016,exact,,,,,,,,,,,1239264181,
traditional,osm,北九州データセンター6号棟,,IDCフロンティア,JP,33.873901,130.791264,exact,,,,,,,,,,,1239264183,
traditional,osm,Vodafone Esenyurt Veri Merkezi,,Vodafone Türkiye,TR,41.049207,28.670971,exact,,,,,,,,,,,1241724628,
traditional,osm,Wavehouse,,Heidelberg iT Management GmbH & Co. KG,DE,49.385418,8.681458,exact,,,,,,,,,Heidelberg,,1241878548,
traditional,osm,Stack Infrastructure - POR03,,Stack Infrastructure,US,45.554152,-122.939406,exact,,,,,,,,POR03B,Hillsboro,,1243089554,
traditional,osm,Stack Infrastructure - POR03,,Stack Infrastructure,US,45.554194,-122.940926,exact,,,,,,,,POR03C,Hillsboro,,1243089555,
traditional,osm,Stack Infrastructure - POR03,,Stack Infrastructure,US,45.552898,-122.93798,exact,,,,,,,,POR03D,Hillsboro,,1243089557,
traditional,osm,国家超算互联网核心节点,,,CN,34.805977,113.759387,exact,,,,,,,,,,,1243684282,
traditional,osm,Global DC OY,,,FI,60.628897,25.262464,exact,,,,,,,,,,,1246864464,
traditional,osm,,,,BR,-10.893385,-37.064277,exact,,,,,,,,,,,1247691119,
traditional,osm,,,,BR,-10.89341,-37.064276,exact,,,,,,,,,,,1247691121,
traditional,osm,,,Green Mountain,NO,60.842668,11.264926,exact,,,,,,,,,,,1248124929,
traditional,osm,,,Green Mountain,NO,60.842583,11.268317,exact,,,,,,,,,,,1248124930,
traditional,osm,,,Green Mountain,NO,60.842625,11.266649,exact,,,,,,,,,,,1248124931,
traditional,osm,LEDC - TMW1 - Tamworth,,Leading Edge Data Centre,AU,-31.074207,150.921597,exact,,,,,,,,TMW1,,,1248945224,
traditional,osm,BER12,,,DE,52.323056,13.292889,exact,,,,,,,,,Ludwigsfelde,,1251320340,
traditional,osm,,,,DE,52.323316,13.29636,exact,,,,,,,,,Ludwigsfelde,,1251320341,
traditional,osm,C,,,AT,48.158613,16.341653,exact,,,,,,,,,,,1251362833,
traditional,osm,Amazon Web Services,,Amazon Web Services,US,38.904344,-77.452469,exact,,,,,,,,,,,1252196797,
traditional,osm,Amazon Web Services,,Amazon Web Services,US,38.904837,-77.45475,exact,,,,,,,,,,,1252196798,
traditional,osm,Amazon Web Services,,Amazon Web Services,US,38.915903,-77.490551,exact,,,,,,,,,,,1252196799,
traditional,osm,Amazon Web Services,,Amazon Web Services,US,38.914991,-77.490974,exact,,,,,,,,,,,1252196800,
traditional,osm,Amazon Web Services CMH62,,Amazon Web Services,US,40.092986,-82.747628,exact,,,,,,,,CMH62,,,1252196801,
traditional,osm,Amazon Web Services,,Amazon Web Services,US,40.093434,-82.732167,exact,,,,,,,,,,,1252196802,
traditional,osm,Amazon Web Services,,Amazon Web Services,US,40.092168,-82.727548,exact,,,,,,,,,,,1252196803,
traditional,osm,Amazon Web Services,,Amazon Web Services,US,40.092961,-82.726511,exact,,,,,,,,,,,1252196804,
traditional,osm,Amazon Web Services,,Amazon Web Services,US,40.116261,-83.201389,exact,,,,,,,,,,,1252196805,
traditional,osm,,,Amazon Web Services,US,40.117391,-83.202074,exact,,,,,,,,,,,1252196806,
traditional,osm,Amazon Web Services,,Amazon Web Services,US,40.119031,-83.200244,exact,,,,,,,,,,,1252196807,
traditional,osm,Amazon Web Services,,Amazon Web Services,US,40.049354,-83.175465,exact,,,,,,,,,,,1252196808,
traditional,osm,,,Amazon Web Services,US,40.048138,-83.175294,exact,,,,,,,,,,,1252196809,
traditional,osm,Amazon Web Services,,Amazon Web Services,US,40.047898,-83.177549,exact,,,,,,,,,,,1252196810,
traditional,osm,Google NBY-3,,Google,US,40.057906,-82.765328,exact,,,,,,,,,,,1252196811,
traditional,osm,Google NBY-4,,Google,US,40.059353,-82.771745,exact,,,,,,,,,,,1252196812,
traditional,osm,NAO 5/NAO 6,,Meta,US,40.060376,-82.750995,exact,,,,,,,,,,,1252196813,
ai,osm+epoch,Google,Google Columbus,Google,US,39.852077,-82.994836,exact,303.0,408792,"TPU v5e, TPU v5p, TPU v6e, TPU v7",Google DeepMind,,11.478245999999999,"5076 S High St, Columbus, OH 43207",,,,1252196814,yes
traditional,osm,Google,,Google,US,38.776145,-77.582514,exact,,,,,,,,,,NOVEC (co-op),1252196815,
traditional,osm,Amazon Web Services,,Amazon Web Services,US,45.858747,-119.605083,exact,,,,,,,,PDX109,Boardman,,1252196816,
traditional,osm,Amazon Web Services,,Amazon Web Services,US,45.860076,-119.605123,exact,,,,,,,,PDX110,Boardman,,1252196817,
traditional,osm,Amazon Web Services,,Amazon Web Services,US,45.860968,-119.60514,exact,,,,,,,,PDX111,Boardman,,1252196818,
traditional,osm,Amazon Web Services,,Amazon Web Services,US,45.84147,-119.651786,exact,,,,,,,,,Boardman,,1252196819,
traditional,osm,Amazon Web Services,,Amazon Web Services,US,45.920609,-119.23182,exact,,,,,,,,,Umatilla,,1252196820,
traditional,osm,Amazon Web Services,,Amazon Web Services,US,45.920589,-119.230002,exact,,,,,,,,,Umatilla,,1252196821,
traditional,osm,Amazon Web Services,,Amazon Web Services,US,45.797775,-119.361968,exact,,,,,,,,PDX81,Hermiston,,1252196822,
traditional,osm,Amazon Web Services,,Amazon Web Services,US,45.799157,-119.366661,exact,,,,,,,,,Hermiston,,1252196823,
traditional,osm,Google,,Google,US,39.724042,-82.691112,exact,,,,,,,,,,,1252196824,
traditional,osm,Amazon Web Services,,Amazon Web Services,US,38.746153,-77.517223,exact,,,,,,,,,,NOVEC (co-op),1252196825,
traditional,osm,Amazon Web Services,,Amazon Web Services,US,38.921305,-77.485801,exact,,,,,,,,,,Dominion (VEPCO),1252196826,
traditional,osm,VIVE DIGITAL,,,CO,4.820382,-72.286484,exact,,,,,,,,,,,1252669642,
traditional,osm,Vantage Berlin II (BER2),,Vantage Data Centers,DE,52.263763,13.573586,exact,,,,,,,,BER2,,,1253183654,
traditional,osm,Vantage Berlin II (BER2),,Vantage Data Centers,DE,52.262984,13.574121,exact,,,,,,,,BER2,,,1253183657,
traditional,osm,Amazon Web Services,,Amazon Web Services,US,38.995088,-77.471078,exact,,,,,,,,,,,1253282099,
traditional,osm,Meta Sarpy Data center,,Meta,US,41.123574,-96.132888,exact,,,,,,,,,,,1253282100,
traditional,osm,Meta Sarpy Data center,,Meta,US,41.11435,-96.142805,exact,,,,,,,,,,,1253282101,
traditional,osm,Meta Sarpy Data center,,Meta,US,41.112249,-96.141625,exact,,,,,,,,,,,1253282102,
traditional,osm,Meta,,Meta,US,41.675784,-93.509831,exact,,,,,,,,,,,1253282103,
traditional,osm,Meta,,Meta,US,41.675801,-93.506037,exact,,,,,,,,,,,1253282104,
traditional,osm,宝坻联通,,,CN,39.724176,117.317556,exact,,,,,,,,,,,1253893668,
traditional,osm,宝坻移动公司,,,CN,39.68939,117.293081,exact,,,,,,,,,,,1253903177,
traditional,osm,,,,ES,39.995958,-0.074497,exact,,,,,,,,,,,1253983156,
traditional,osm,Data Center KIO Murcia,,KIO Networks España,ES,38.024644,-1.17084,exact,,,,,,,,,,,1253983161,
traditional,osm,Data Center KIO Valencia,,KIO Networks España,ES,39.515641,-0.448684,exact,,,,,,,,,,,1253983162,
traditional,osm,Dynamics Mining,,,US,37.362998,-87.547151,exact,,,,,,,,,,,1254161871,
traditional,osm,,,,CA,45.474126,-73.799491,exact,,,,,,,,,,,1254197167,
traditional,osm,宝坻联通,,,CN,39.658814,117.268442,exact,,,,,,,,,,,1254818450,
traditional,osm,天津广电网络数据中心,,,CN,39.691488,117.287755,exact,,,,,,,,,,,1254828630,
traditional,osm,,,,GB,51.887974,-0.818456,exact,,,,,,,,,,,1254986167,
traditional,osm,Data Center IPT,,,PT,39.599728,-8.388629,exact,,,,,,,,,,,1256339859,
traditional,osm,OVHcloud Strasbourg - SBG-5,,OVHcloud,FR,48.586562,7.797526,exact,,,,,,,,SBG5,Strasbourg,,1257814939,
traditional,osm,,,,IL,31.771793,34.992403,exact,,,,,,,,,,,1258196899,
traditional,osm,Flexential Atlanta - Douglasville 2,,Flexential,US,33.730703,-84.61124,exact,,,,,,,,,Douglasville,,1258702591,
traditional,osm,SLRC KMC,,Khyber Medical College,PK,33.999218,71.485055,exact,,,,,,,,,,,1259474436,
traditional,osm,DigiCo TSV1,,DigiCo,AU,-19.271362,146.77155,exact,,,,,,,,TSV1,,,1262899342,
traditional,osm,,,Switch,US,36.064021,-115.221109,exact,,,,,,,,,,,1263819877,
traditional,osm,Equinix FR13,,Equinix,DE,50.139107,8.739632,exact,,,,,,,,,Frankfurt am Main,,1265263013,
traditional,osm,Digital Realty UW03,,Digital Realty,DE,50.12451,8.752131,exact,,,,,,,,,,,1265942209,
traditional,osm,Start SIN01,,,PT,37.934855,-8.812583,exact,,,,,,,,SIN01,,,1266541682,
traditional,osm,Digital Realty,,Digital Realty,DE,50.064471,8.486903,exact,,,,,,,,,,,1266882484,
traditional,osm,Digital Realty,,Digital Realty,DE,50.065011,8.487525,exact,,,,,,,,,,,1266882485,
traditional,osm,Equinix FR8.2,,Equinix,DE,50.098126,8.586071,exact,,,,,,,,,Frankfurt am Main,,1267104292,
traditional,osm,,,,GB,54.59595,-5.924894,exact,,,,,,,,,,,1268715673,
traditional,osm,Windbreak Cable,,,US,41.182601,-104.068498,exact,,,,,,,,,Pine Bluffs,,1268789798,
traditional,osm,,,,US,38.740385,-77.503977,exact,,,,,,,,,,,1269259655,
traditional,osm,,,Aruba s.p.a.,IT,41.930684,12.631205,exact,,,,,,,,,,,1269297685,
traditional,osm,,,Aruba s.p.a.,IT,41.931249,12.631712,exact,,,,,,,,,,,1269297686,
traditional,osm,AWS Didcot Data Centre,,Amazon Web Services,GB,51.617352,-1.261565,exact,,,,,,,,,,,1270223634,
traditional,osm,NTT Chicago CH2,,NTT,US,41.989015,-88.007213,exact,,,,,,,,CH2,Itasca,,1271571726,
traditional,osm,北九州データセンター7号棟,,IDCフロンティア,JP,33.874364,130.79121,exact,,,,,,,,,,,1272790322,
traditional,osm,北九州データセンター8号棟,,IDCフロンティア,JP,33.873791,130.790554,exact,,,,,,,,,,,1272790323,
traditional,osm,Kaynarca Santrali,,,TR,40.878351,29.27067,exact,,,,,,,,,,,1273022122,
traditional,osm,,,data4,FR,48.649315,2.223464,exact,,,,,,,,,,,1273311891,
traditional,osm,QTS,,Quality Technology Services,US,39.734062,-104.707937,exact,,,,,,,,Denver 1,,,1273968634,
traditional,osm,Data Felix DF01,,,IT,41.066514,14.32146,exact,,,,,,,,,Caserta,,1274052719,
traditional,osm,,,,BE,50.461558,3.863486,exact,,,,,,,,GBL5,,,1274071734,
traditional,osm,Ascenty SP3,,Digital Realty,BR,-23.490977,-46.776488,exact,,,,,,,,,,,1275221458,
traditional,osm,Ascenty SP3,,Digital Realty,BR,-23.491195,-46.775974,exact,,,,,,,,,,,1275221460,
traditional,osm,Ascenty SP4,,Digital Realty,BR,-23.489828,-46.775256,exact,,,,,,,,,,,1275221478,
traditional,osm,Apple,,Apple Inc.,US,44.285756,-120.869922,exact,,,,,,,,,,,1276373853,
traditional,osm,Equinix,,Equinix,JP,35.806956,140.126213,exact,,,,,,,,,,,1276375030,
traditional,osm,Amazon IAD214,,Amazon Web Services,US,38.986532,-77.435177,exact,,,,,,,,IAD214,Sterling,Dominion (VEPCO),1276518679,
traditional,osm,Aligned IAD03,,Aligned,US,38.988635,-77.440778,exact,,,,,,,,IAD03,,Dominion (VEPCO),1276518684,
traditional,osm,Digital Realty IAD55,,Digital Realty,US,38.992193,-77.433922,exact,,,,,,,,IAD55,Sterling,,1276518687,
traditional,osm,Involta-Akron,,,US,41.057384,-81.521928,exact,,,,,,,,,,,1278541792,
traditional,osm,Cable & Wireless,,,PA,9.00687,-79.532607,exact,,,,,,,,,,,1278659480,
traditional,osm,,,,RU,54.577495,36.351197,exact,,,,,,,,,Калуга,,1279858474,
traditional,osm,,,,RU,54.575496,36.350174,exact,,,,,,,,,Калуга,,1279858475,
traditional,osm,,,,RU,54.575657,36.348869,exact,,,,,,,,,Калуга,,1279858476,
traditional,osm,Computer labs and server room,,,ZA,-26.156314,28.026687,exact,,,,,,,,,,,1280193715,
traditional,osm,Amazon Web Services,,Amazon Web Services,US,38.947374,-77.520238,exact,,,,,,,,,,,1280340212,
traditional,osm,Amazon Web Services,,Amazon Web Services,US,38.983585,-77.417515,exact,,,,,,,,,,,1280340213,
traditional,osm,Amazon Web Services,,Amazon Web Services,US,38.802884,-77.622122,exact,,,,,,,,,Gainesville,Dominion (VEPCO),1280340214,
traditional,osm,Amazon Web Services,,Amazon Web Services,US,38.745134,-77.533101,exact,,,,,,,,,,NOVEC (co-op),1280340215,
traditional,osm,Amazon Web Services,,Amazon Web Services,US,38.814593,-77.654319,exact,,,,,,,,,,Dominion (VEPCO),1280340216,
traditional,osm,Amazon Web Services,,Amazon Web Services,US,38.816971,-77.652153,exact,,,,,,,,,,Dominion (VEPCO),1280340217,
traditional,osm,Amazon Web Services,,Amazon Web Services,US,40.134181,-83.215841,exact,,,,,,,,,,,1280344148,
traditional,osm,Amazon Web Services,,Amazon Web Services,US,45.920588,-119.228851,exact,,,,,,,,,Umatilla,,1280344149,
traditional,osm,Amazon Web Services,,Amazon Web Services,US,45.920582,-119.227011,exact,,,,,,,,,Umatilla,,1280344150,
traditional,osm,Amazon Web Services,,Amazon Web Services,US,45.919529,-119.226139,exact,,,,,,,,,Umatilla,,1280344151,
traditional,osm,Amazon Web Services,,Amazon Web Services,US,45.882525,-119.341657,exact,,,,,,,,,Umatilla,,1280344153,
traditional,osm,Amazon Web Services,,Amazon Web Services,US,45.862248,-119.605128,exact,,,,,,,,PDX112,Boardman,,1280344154,
traditional,osm,Amazon Web Services,,Amazon Web Services,US,45.858044,-119.604851,exact,,,,,,,,,Boardman,,1280344155,
traditional,osm,Amazon Web Services,,Amazon Web Services,US,45.840685,-119.65131,exact,,,,,,,,,Boardman,,1280344156,
traditional,osm,Amazon Web Services,,Amazon Web Services,US,45.81993,-119.632086,exact,,,,,,,,,Boardman,,1280344157,
traditional,osm,"Google Lockbourne, OH",,Google,US,39.848452,-82.996393,exact,,,,,,,,,,,1281982556,
traditional,osm,Amazon New Albany: Jug and Beach Road,,,US,40.099077,-82.751505,exact,,,,,,,,,,,1281982572,
traditional,osm,UPS Data Center,,,US,34.103384,-84.21497,exact,,,,,,,,,Alpharetta,,1282332209,
traditional,osm,Iron Mountain VA-3,,Iron Mountain,US,38.775547,-77.54515,exact,,,,,,,,VA-3,,,1283698132,
traditional,osm,Vantage Data Centers,,Vantage Data Centers,US,33.446303,-112.373887,exact,,,,,,,,,Goodyear,,1283734104,
traditional,osm,广州南站RBC中心,,,CN,22.982422,113.270023,exact,,,,,,,,,,,1285109031,
traditional,osm,,,,ZA,-25.928149,28.151552,exact,,,,,,,,,,,1285873179,
traditional,osm,,,BCX,ZA,-25.974943,28.122191,exact,,,,,,,,,,,1286206067,
traditional,osm,,,BCX,ZA,-25.975011,28.122202,exact,,,,,,,,NDC2,,,1286206068,
traditional,osm,,,Vodacom,ZA,-25.974602,28.126926,exact,,,,,,,,,,,1286206069,
traditional,osm,,,MTN,ZA,-26.066027,28.073148,exact,,,,,,,,,,,1286345953,
traditional,osm,MTN Newlands,,MTN,ZA,-26.177654,27.965956,exact,,,,,,,,,,,1286348825,
traditional,osm,,,,ZA,-26.177446,27.966024,exact,,,,,,,,,,,1286348826,
traditional,osm,,,,ZA,-26.177517,27.966285,exact,,,,,,,,,,,1286348827,
traditional,osm,,,,ZA,-26.177858,27.966159,exact,,,,,,,,,,,1286348828,
traditional,osm,,,,ZA,-26.17809,27.966017,exact,,,,,,,,,,,1286348829,
traditional,osm,,,,ZA,-26.175033,27.963947,exact,,,,,,,,,,,1286348830,
traditional,osm,,,,ZA,-26.213165,28.159885,exact,,,,,,,,,,,1286526959,
traditional,osm,,,Telkom,ZA,-26.212469,28.159982,exact,,,,,,,,,,,1286526960,
traditional,osm,,,,ZA,-26.213202,28.159995,exact,,,,,,,,,,,1286526961,
traditional,osm,,,,ZA,-26.212558,28.160061,exact,,,,,,,,,,,1286526962,
traditional,osm,,,,ZA,-26.148369,27.932097,exact,,,,,,,,,,,1286526963,
traditional,osm,NTT Randview,,NTT,ZA,-26.090126,27.983655,exact,,,,,,,,,,,1286526978,
traditional,osm,Google,,Google,US,38.774437,-77.585618,exact,,,,,,,,,,,1287260553,
traditional,osm,Amazon Web Services,,Amazon Web Services,US,38.801862,-77.621212,exact,,,,,,,,,Gainesville,Dominion (VEPCO),1287260554,
traditional,osm,Amazon Web Services,,Amazon Web Services,US,38.80125,-77.620476,exact,,,,,,,,,Gainesville,Dominion (VEPCO),1287260555,
traditional,osm,Iron Mountain VA-4,,Iron Mountain,US,38.774415,-77.54223,exact,,,,,,,,,,NOVEC (co-op),1287260556,
traditional,osm,Iron Mountain VA-5,,Iron Mountain,US,38.773028,-77.541185,exact,,,,,,,,,,NOVEC (co-op),1287260557,
traditional,osm,QTS Manassas DC2,,Quality Technology Services,US,38.753166,-77.510882,exact,,,,,,,,,,,1287260558,
traditional,osm,,,,US,38.758931,-77.516694,exact,,,,,,,,,,NOVEC (co-op),1287260559,
traditional,osm,Google,,Google,US,41.173626,-95.792188,exact,,,,,,,,,,,1287260560,
traditional,osm,Google,,Google,US,41.173628,-95.788661,exact,,,,,,,,,,,1287260561,
traditional,osm,Centre de Calculs et de Données LyonTech-la Doua,,Université Claude Bernard - Lyon 1,FR,45.781558,4.865268,exact,,,,,,,,,,,1288320747,
traditional,osm,Microsoft,,Microsoft,AT,48.140319,16.461695,exact,,,,,,,,,Schwechat,,1289342848,
traditional,osm,综合实验楼,,,CN,19.982906,110.503849,exact,,,,,,,,,,,1289607880,
traditional,osm,XL 360 - Data Center,,XL 360,FR,43.127843,5.932923,exact,,,,,,,,,Toulon,,1290285145,
traditional,osm,T5@Cleveland,,T5 Data Centers,US,41.443057,-81.803445,exact,,,,,,,,,,,1292169104,
traditional,osm,42311 THUNDERBALL DR,,True North Data Solutions,US,39.04252,-77.53829,exact,,,,,,,,,Leesburg,,1292897241,
traditional,osm,42255 THUNDERBALL DR,,True North Data Solutions,US,39.041653,-77.539212,exact,,,,,,,,,Leesburg,,1292897242,
traditional,osm,42254 THUNDERBALL DR,,True North Data Solutions,US,39.043496,-77.54084,exact,,,,,,,,,Leesburg,,1292897243,
traditional,osm,Destination Earth Data Bridge,,,DE,49.864192,8.627591,exact,,,,,,,,,,,1293351084,
traditional,osm,Digital Realty Dublin DUB4,,Digital Realty,IE,53.329082,-6.443036,exact,,,,,,,,DUB4,,,1293518358,
traditional,osm,G2K Argentina SA,,,AR,-33.328368,-60.222393,exact,,,,,,,,,San Nicolás de los Arroyos,,1293731091,
traditional,osm,Microsoft MEL11,,Microsoft,AU,-37.80932,144.722474,exact,,,,,,,,MEL11,,,1293830519,
traditional,osm,Meta Gallatin Data Center,,Meta,US,36.411893,-86.369653,exact,,,,,,,,,,,1294595615,
traditional,osm,COLO 2,,Microsoft,CL,-33.338091,-70.698608,exact,,,,,,,,,,,1295016559,
traditional,osm,COLO 1,,Microsoft,CL,-33.337779,-70.697782,exact,,,,,,,,,,,1295016560,
traditional,osm,DC STO2,,,CL,-33.531801,-70.709126,exact,,,,,,,,,,,1295098902,
traditional,osm,Modesto Junior College West Data Center,,Yosemite Community College District,US,37.665145,-121.040033,exact,,,,,,,,,,,1296163129,
traditional,osm,中国电信 深圳亚森数据中心,,中国电信,CN,22.686714,114.273763,exact,,,,,,,,,,,1296574821,
traditional,osm,GVTC,,GVTC,US,29.686403,-98.462648,exact,,,,,,,,,,,1296723872,
traditional,osm,Amazon Web Services,,Amazon Web Services,CL,-33.556565,-70.81282,exact,,,,,,,,,,,1296990345,
traditional,osm,Атомдата Иннополис,,,RU,55.759276,48.754815,exact,,,,,,,,,,,1298145098,
traditional,osm,Microsoft SYD05 Data Centre,,Microsoft,AU,-33.836087,150.772945,exact,,,,,,,,SYD05,,,1298277645,
traditional,osm,AWS Asia Pacific (Sydney) Region Data Centre,,Amazon Web Services,AU,-33.809511,150.839035,exact,,,,,,,,SYD055,,,1298277671,
traditional,osm,AWS Asia Pacific (Sydney) Region Data Centre,,Amazon Web Services,AU,-33.795195,150.870283,exact,,,,,,,,SYD053,,,1298979734,
traditional,osm,AWS Asia Pacific (Sydney) Region Data Centre,,Amazon Web Services,AU,-33.779922,151.126024,exact,,,,,,,,SYD066,,,1298979786,
traditional,osm,Intellicentre 2,,Macquarie Data Centres,AU,-33.780731,151.12767,exact,,,,,,,,IC2,,,1298979787,
traditional,osm,Intellicentre 3 East,,Macquarie Data Centres,AU,-33.781269,151.127241,exact,,,,,,,,IC3E,,,1298979789,
traditional,osm,Datacenter BNP Paribas Marne Est 2,,BNP Paribas,FR,48.836663,2.803304,exact,,,,,,,,,,,1299040068,
traditional,osm,Microsoft MEL04,,Microsoft,AU,-37.822453,144.858844,exact,,,,,,,,MEL04,,,1299071579,
traditional,osm,,,,AU,-37.687379,144.877734,exact,,,,,,,,,,,1299071583,
traditional,osm,,,AirTrunk,AU,-37.800994,144.773592,exact,,,,,,,,MEL1,,,1299071653,
traditional,osm,,,AirTrunk,AU,-37.800411,144.771938,exact,,,,,,,,MEL1,,,1299071655,
traditional,osm,Equinix ME5,,Equinix,AU,-37.807979,144.953362,exact,,,,,,,,ME5,,,1299071698,
traditional,osm,EdgeConneX AMS06,,EdgeConneX,NL,52.28307,4.741818,exact,,,,,,,,AMS06,,,1299343574,
traditional,osm,Stream Data Centers DFWA,,Stream Data Centers,US,32.983624,-96.654263,exact,,,,,,,,DFWA,Garland,,1300765126,
traditional,osm,MARA Data Center,,Marathon Digital Holdings,US,32.341341,-97.731692,exact,,,,,,,,,Granbury,,1301559332,
traditional,osm,,,,US,38.948035,-77.558984,exact,,,,,,,,,,NOVEC (co-op),1301654223,
traditional,osm,,,,US,38.950082,-77.558868,exact,,,,,,,,,,,1301654224,
traditional,osm,Hutchison 3G,,,GB,52.547303,-2.030557,exact,,,,,,,,,,,1302091424,
traditional,osm,,,US Air Force,GB,52.398869,0.55021,exact,,,,,,,,,Brandon,,1303852315,
traditional,osm,Amazon AWS Data Center,,,US,41.667764,-86.473056,exact,,,,,,,,,,,1303947602,
traditional,osm,NEXTDC M3 Melbourne Data Centre,,NextDC,AU,-37.804781,144.865619,exact,,,,,,,,,,,1303950840,
traditional,osm,,,,DE,50.914697,6.384745,exact,,,,,,,,,,,1304045627,
traditional,osm,Iron Mountain VA-6,,Iron Mountain,US,38.768143,-77.538648,exact,,,,,,,,,Manassas,NOVEC (co-op),1304357577,
traditional,osm,,,,NO,67.938267,13.068628,exact,,,,,,,,,,,1305030337,
traditional,osm,,,,NO,67.937947,13.112382,exact,,,,,,,,,,,1305031005,
traditional,osm,Kao Data KLON-02,,Kao Data,GB,51.770105,0.129379,exact,,,,,,,,KLON-02,,,1305758728,
traditional,osm,NTT Mumbai 7 Data Center,,,IN,19.11453,72.891032,exact,,,,,,,,,,,1307057575,
traditional,osm,Pi Datacenters Amaravati,,,IN,16.421101,80.558418,exact,,,,,,,,,,,1307059465,
traditional,osm,Ark Duluth Data Center,,,US,46.827468,-92.130482,exact,,,,,,,,,,,1307072785,
traditional,osm,Equinix Rio RJ2,,Equinix,BR,-22.871386,-43.273217,exact,,,,,,,,RJ2,,,1307080783,
traditional,osm,,,,US,36.675694,-78.37391,exact,,,,,,,,,,,1307454847,
traditional,osm,Flexential Charlotte - North,,Flexential,US,35.329773,-80.765759,exact,,,,,,,,,Charlotte,,1307920829,
traditional,osm,NEXTDC Darwin D1,,NextDC,AU,-12.45628,130.843969,exact,,,,,,,,,,,1307941180,
traditional,osm,DELTA Fiber,,,NL,51.493086,3.88438,exact,,,,,,,,,,,1309108236,
traditional,osm,DELTA Fiber,,,NL,51.492035,3.88623,exact,,,,,,,,,,,1309108238,
traditional,osm,Maincubes FRA02,,Maincubes,DE,50.165533,8.531569,exact,,,,,,,,Frankfurt-02,,,1309117123,
traditional,osm,Equinix Ashburn DC6,,Equinix,US,39.015197,-77.459534,exact,,,,,,,,DC6,Ashburn,,1309123033,
traditional,osm,Equinix Ashburn DC4,,Equinix,US,39.01644,-77.461954,exact,,,,,,,,DC4,Ashburn,,1309123034,
traditional,osm,,,HEB,US,29.580152,-98.541304,exact,,,,,,,,,San Antonio,,1310628998,
traditional,osm,,,,CN,29.81179,121.495671,exact,,,,,,,,,,,1311913445,
traditional,osm,,,,IS,63.976092,-22.576377,exact,,,,,,,,,,,1312607483,
traditional,osm,,,Meta,US,41.888546,-88.721834,exact,,,,,,,,,,,1312792611,
traditional,osm,,,Meta,US,41.889299,-88.73103,exact,,,,,,,,,,,1312792612,
traditional,osm,,,Meta,US,41.890305,-88.726628,exact,,,,,,,,,,,1312792613,
traditional,osm,Meta Gallatin Data Center,,Meta,US,36.411378,-86.366004,exact,,,,,,,,,,,1312795639,
traditional,osm,Meta Gallatin Data Center,,Meta,US,36.406064,-86.366628,exact,,,,,,,,,,,1312795640,
traditional,osm,Google,,Google,US,41.137908,-96.151432,exact,,,,,,,,,,,1312801354,
traditional,osm,VIRTUS London 11,,,GB,51.518958,-0.626252,exact,,,,,,,,,Slough,,1313579347,
traditional,osm,,,,US,37.370643,-121.974482,exact,,,,,,,,,Santa Clara,,1313995085,
traditional,osm,Vantage Santa Clara CA2,,Vantage Data Centers,US,37.364001,-121.94689,exact,,,,,,,,,Santa Clara,,1314010354,
traditional,osm,Digital Realty Silicon Valley SJC37,,Digital Realty,US,37.370919,-121.947217,exact,,,,,,,,SJC37,Santa Clara,,1314012931,
traditional,osm,Switch Las Vegas 12,,,US,36.057992,-115.210328,exact,,,,,,,,,,,1314355599,
traditional,osm,Prosoluce SG1,,Prosoluce,FR,43.116674,0.754569,exact,,,,,,,,,,,1314442377,
traditional,osm,,,Wildberries,RU,55.747442,38.423939,exact,,,,,,,,,,,1315375781,
traditional,osm,,,,DE,50.137606,8.740745,exact,,,,,,,,,Frankfurt am Main,,1315538763,
traditional,osm,QTS,,Quality Technology Services,US,33.46468,-111.99756,exact,,,,,,,,,,,1315636714,
traditional,osm,,,,US,42.02308,-87.961463,exact,,,,,,,,,,,1316005112,
traditional,osm,NTT,,NTT,US,32.980934,-96.659465,exact,,,,,,,,,,,1316023545,
traditional,osm,NTT,,NTT,US,32.980928,-96.657944,exact,,,,,,,,,,,1316023546,
traditional,osm,,,,DE,50.476952,12.333859,exact,,,,,,,,,,,1316627597,
traditional,osm,,,,DE,50.476737,12.333462,exact,,,,,,,,,,,1316627599,
traditional,osm,Digital Realty Northern Virginia IAD44,,Digital Realty,US,38.960854,-77.491398,exact,,,,,,,,IAD44,Sterling,NOVEC (co-op),1317733642,
traditional,osm,Centersquare Ashburn IAD4 Data Center,,Centersquare,US,39.021997,-77.4532,exact,,,,,,,,IAD4,,Dominion (VEPCO),1317915930,
traditional,osm,Microsoft,,Microsoft,US,41.495806,-93.787055,exact,,,,,,,,,,,1318322071,
traditional,osm,Microsoft,,Microsoft,US,41.49475,-93.78702,exact,,,,,,,,,,,1318322073,
traditional,osm,Apple,,Apple,US,41.616852,-93.924397,exact,,,,,,,,,,,1318322780,
traditional,osm,Raxio CIV1,,Raxio,CI,5.227713,-3.759155,exact,,,,,,,,CIV1,,,1318323893,
traditional,osm,Raxio UG1,,,UG,0.347007,32.689732,exact,,,,,,,,UG1,,,1318324329,
traditional,osm,,,,JP,31.627661,130.334581,exact,,,,,,,,,,,1318997239,
traditional,osm,三菱総研DCS,,,JP,35.808687,140.121263,exact,,,,,,,,,印西市,,1319184187,
traditional,osm,MCデジタル・リアルティ NRT10,,MCデジタル・リアルティ,JP,35.809997,140.121449,exact,,,,,,,,,,,1319184189,
traditional,osm,MCデジタル・リアルティ NRT12,,MCデジタル・リアルティ,JP,35.807388,140.118684,exact,,,,,,,,,,,1319184193,
traditional,osm,,,,JP,35.807734,140.116745,exact,,,,,,,,,,,1319184206,
traditional,osm,,,,US,38.949841,-77.549551,exact,,,,,,,,,,,1319637945,
traditional,osm,,,,US,40.224534,-83.045792,exact,,,,,,,,,Delaware,,1319724559,
traditional,osm,,,,BE,50.873625,4.503211,exact,,,,,,,,,,,1319827133,
traditional,osm,DC BLOX Myrtle Beach Cable Landing Station,,,US,33.674607,-78.943885,exact,,,,,,,,,Myrtle Beach,,1320038649,
traditional,osm,Tahoe Reno 3,,Switch,US,39.51152,-119.483306,exact,,,,,,,,,McCarran,,1320683840,
traditional,osm,Tata Stratford,,Tata Communications,GB,51.542459,0.002517,exact,,,,,,,,,,,1322919061,
traditional,osm,Centro de Datos - Banco Nacional,,Banco Nacional,CR,9.974955,-84.059204,exact,,,,,,,,,,,1323035709,
traditional,osm,Neom Hyper Scale Data Center,,,SA,27.474435,35.602693,exact,,,,,,,,,,,1323864443,
traditional,osm,DCI Indonesia H2-01,,DCI Indonesia,ID,-6.408382,107.249382,exact,,,,,,,,H2-01,,,1323895263,
traditional,osm,Zone 41,,,AZ,40.377088,49.88671,exact,,,,,,,,,,,1330111640,
traditional,osm,Centro de Entrenamiento Tecnológico,,UNMSM - Huawei,PE,-12.052971,-77.085474,exact,,,,,,,,,,,1332106440,
traditional,osm,,,,US,39.066015,-77.558569,exact,,,,,,,,,Leesburg,,1333205263,
traditional,osm,Nautilus Cryptomine,,,US,41.082625,-76.151419,exact,,,,,,,,,,,1334234454,
traditional,osm,Nautilus Cryptomine,,,US,41.083339,-76.151446,exact,,,,,,,,,,,1334234455,
ai,osm+epoch,Amazon AWS PHL,AWS Berwick,Amazon,US,41.083991,-76.143375,exact,108.0,81354,Trainium2,Anthropic,,4.091256,"1125 Electron Ave, Berwick, PA 18603",,Berwick,,1334234458,yes
traditional,osm,中国联通宁波分公司总部,,,CN,29.877256,121.632269,exact,,,,,,,,,,,1336852426,
traditional,osm,:IW Connect,,,MK,41.026922,21.304064,exact,,,,,,,,,,,1337209613,
traditional,osm,,,Google,FI,60.534231,27.121832,exact,,,,,,,,LPP,Hamina,,1339135383,
traditional,osm,,,,IE,53.405242,-6.370744,exact,,,,,,,,,,,1339609875,
traditional,osm,Meta,,Meta,US,34.825863,-106.782473,exact,,,,,,,,5,Los Lunas,,1340746574,
traditional,osm,Microsoft MEL07,,Microsoft,AU,-37.685547,144.87492,exact,,,,,,,,MEL07,,,1341415586,
traditional,osm,Datacenter Base-Telenet,,Telenet Group NV,BE,51.143628,4.378441,exact,,,,,,,,,,,1341803989,
traditional,osm,Centre de Calculs et de Données LyonTech-la Doua,,Université Claude Bernard - Lyon 1,FR,45.781504,4.865014,exact,,,,,,,,,,,1342103498,
traditional,osm,Centre de Calculs et de Données LyonTech-la Doua,,Université Claude Bernard - Lyon 1,FR,45.78145,4.865145,exact,,,,,,,,,,,1342103499,
traditional,osm,Centre de Calculs et de Données LyonTech-la Doua,,Université Claude Bernard - Lyon 1,FR,45.781397,4.865279,exact,,,,,,,,,,,1342103500,
traditional,osm,Centre de Calculs et de Données LyonTech-la Doua,,Université Claude Bernard - Lyon 1,FR,45.781343,4.865025,exact,,,,,,,,,,,1342103501,
traditional,osm,,,,FR,48.650078,2.226885,exact,,,,,,,,,,,1342264087,
traditional,osm,DataBank,,,US,45.143693,-93.387119,exact,,,,,,,,MSP3,Brooklyn Park,,1343100173,
traditional,osm,Vantage WA13,,,US,47.252481,-119.813639,exact,,,,,,,,,,,1343760339,
traditional,osm,,,,US,47.243645,-119.869051,exact,,,,,,,,,,,1343761104,
traditional,osm,Amazon IAD-165,,Amazon Web Services,US,38.922767,-77.427872,exact,,,,,,,,IAD-165,Herndon,,1343764880,
traditional,osm,Amazon IAD-166,,Amazon Web Services,US,38.921124,-77.426543,exact,,,,,,,,IAD-166,Herndon,,1343764881,
traditional,osm,Amazon IAD-167,,Amazon Web Services,US,38.922711,-77.426304,exact,,,,,,,,IAD-167,Herndon,,1343764882,
traditional,osm,CyrusOne SAT10 & SAT11,,CyrusOne,US,29.418221,-98.787837,exact,,,,,,,,,,,1344366214,
traditional,osm,Amazon,,,US,29.450677,-98.638704,exact,,,,,,,,,,,1344369104,
traditional,osm,,,,US,29.418466,-98.788796,exact,,,,,,,,,,,1344369111,
traditional,osm,Vantage San Antonio I,,Vantage Data Centers,US,29.41614,-98.789245,exact,,,,,,,,,,,1344369112,
traditional,osm,Csquare SFO4,,Csquare,US,37.375765,-121.95627,exact,,,,,,,,SFO4,Santa Clara,,1344376231,
traditional,osm,,,,US,39.000448,-77.460796,exact,,,,,,,,,,,1344901567,
traditional,osm,,,,US,38.999132,-77.460787,exact,,,,,,,,,,Dominion (VEPCO),1344901568,
traditional,osm,Digital Realty IAD43 (Building S),,Digital Realty,US,39.001826,-77.452703,exact,,,,,,,,IAD43,Sterling,,1344901569,
traditional,osm,Vantage VA2,,Vantage Data Centers,US,38.997949,-77.430231,exact,,,,,,,,VA2,Sterling,Dominion (VEPCO),1344901575,
traditional,osm,苏尼特左旗档案局,,,CN,43.842951,113.650057,exact,,,,,,,,,,,1345688742,
traditional,osm,Microsoft,,Microsoft,SE,60.601884,17.010595,exact,,,,,,,,,,,1346239617,
traditional,osm,Equinix Amsterdam AM8,,Equinix,NL,52.396818,4.838925,exact,,,,,,,,AM8,Amsterdam,,1346509047,
traditional,osm,Cogent Halfweg,,,NL,52.38466,4.716935,exact,,,,,,,,,,,1346509166,
traditional,osm,KPN Haarlem,,,NL,52.387872,4.669251,exact,,,,,,,,,,,1346509227,
traditional,osm,,,,NL,52.300304,4.955335,exact,,,,,,,,,,,1346509474,
traditional,osm,CyrusOne Cincinnati-Hamilton CIN4,,CyrusOne,US,39.385272,-84.566284,exact,,,,,,,,CIN4,,,1346610234,
traditional,osm,Data,,ITH Center,FR,-12.778457,45.225206,exact,,,,,,,,,Mamoudzou,,1347276275,
traditional,osm,NORD-6,,,RU,55.886049,37.51083,exact,,,,,,,,,,,1347425395,
traditional,osm,烟台中金数据系统有限公司,,,CN,37.564595,121.134709,exact,,,,,,,,,,,1347462205,
traditional,osm,中国电信南京（吉山）云计算中心,,,CN,31.821945,118.764364,exact,,,,,,,,,,,1347464854,
traditional,osm,CANTV La Sabanita,,CANTV,VE,8.101987,-63.556845,exact,,,,,,,,,Ciudad Bolívar,,1348743262,
traditional,osm,甘肃紫金云大数据开发有限责任公司,,,CN,38.549219,102.23916,exact,,,,,,,,,,,1348853309,
traditional,osm,Κέντρο Δεδομένων Λούρος,,GRNET / ΕΔΥΤΕ,GR,39.250461,20.865369,exact,,,,,,,,,,,1349035496,
traditional,osm,Data center Unipol Pilastro,,Unipol,IT,44.509523,11.39081,exact,,,,,,,,,,,1349180249,
traditional,osm,Teraco JB5 Data Centre,,Teraco,ZA,-26.134987,28.200834,exact,,,,,,,,JB5,,,1349217287,
traditional,osm,,,,CO,4.684658,-74.086022,exact,,,,,,,,,,,1349284140,
traditional,osm,EE Data Centre,,,GB,52.529737,-2.021041,exact,,,,,,,,,,,1349649740,
traditional,osm,DataBank Santa Clara SFO1,,DataBank,US,37.407303,-121.96598,exact,,,,,,,,SFO1,Santa Clara,,1351049826,
traditional,osm,اداره مخابرات آذرشهر,,,IR,37.761614,45.976505,exact,,,,,,,,,,,1351509626,
traditional,osm,Equinix,,,JP,34.860522,135.508083,exact,,,,,,,,,,,1352345057,
traditional,osm,Google 印西データセンター,,Google,JP,35.818308,140.132743,exact,,,,,,,,,印西市,,1352478531,
traditional,osm,,,,DE,49.984486,8.583521,exact,,,,,,,,,Mörfelden-Walldorf,,1352907599,
traditional,osm,,,,DE,49.985186,8.583258,exact,,,,,,,,,,,1352907948,
traditional,osm,CPH07,,Microsoft,DK,55.643701,12.259218,exact,,,,,,,,,,,1355695031,
traditional,osm,MEGA Gateway,,,HK,22.365128,114.11904,exact,,,,,,,,,,,1355930027,
traditional,osm,NTT PH1 Datacenter,,NTT,US,33.353666,-111.612411,exact,,,,,,,,,Mesa,,1356594646,
traditional,osm,Iron Mountain AZP-1,,Iron Mountain,US,33.454726,-111.976218,exact,,,,,,,,AZP-1,Phoenix,,1357825755,
traditional,osm,湖南移动衡阳分公司5G云数据中心,,,CN,26.854411,112.607226,exact,,,,,,,,,,,1358134671,
traditional,osm,CDC Data Centre HV1A,,CDC,NZ,-36.8035,174.636125,exact,,,,,,,,HV1A,,,1358308781,
traditional,osm,FKQ I Data Center,,Winthrop Technologies Ltd.,DE,50.095531,8.584365,exact,,,,,,,,FKQ I,,,1359150050,
traditional,osm,Amazon Web Services,,Amazon Web Services,BH,26.050422,50.503772,exact,,,,,,,,BAH54,,,1359931661,
traditional,osm,Grupo IDDEA,,,MX,20.637433,-103.37073,exact,,,,,,,,,,,1360441669,
traditional,osm,"naibe- numerology, tarot and reiki",,,IN,21.103459,79.064372,exact,,,,,,,,,,,1360627890,
traditional,osm,有孚深圳宝安云计算数据中心,,有孚,CN,22.663534,113.917262,exact,,,,,,,,,,,1361170454,
traditional,osm,,,,IT,45.09925,8.860875,exact,,,,,,,,,,,1361440709,
traditional,osm,Nation Data Center Rennes,,Nation Data Center,FR,48.112522,-1.536068,exact,,,,,,,,,,,1361721862,
traditional,osm,２Ｂ棟,,AirTrunk,JP,35.791115,139.318132,exact,,,,,,,,ATTOK2B,青梅市,,1361845727,
traditional,osm,２Ｃ棟,,AirTrunk,JP,35.791988,139.317954,exact,,,,,,,,ATTOK2C,青梅市,,1361845728,
traditional,osm,Digital Realty FRA33,,,DE,50.054717,8.457684,exact,,,,,,,,,,,1362634597,
traditional,osm,Digital Realty FRA27,,Digital Realty,DE,50.124195,8.748879,exact,,,,,,,,,Frankfurt am Main,,1362637876,
traditional,osm,Nexus Datacenter,,VUB;UZ Brussel,BE,50.881954,4.288927,exact,,,,,,,,Penta BRU01,,,1364742301,
traditional,osm,,,,FR,48.67928,2.209771,exact,,,,,,,,,,,1364863452,
traditional,osm,PTC,,Stayton Cooperative Telephone Company,US,44.775224,-122.615931,exact,,,,,,,,,,,1365213539,
traditional,osm,,,,FR,48.649431,2.222274,exact,,,,,,,,,,,1365429977,
traditional,osm,,,,FR,48.650168,2.222426,exact,,,,,,,,,,,1365429978,
traditional,osm,,,,JP,34.452351,133.255707,exact,,,,,,,,,,,1365862177,
traditional,osm,ODATA DC RJ01,,Odata,BR,-22.796826,-43.357377,exact,,,,,,,,,São João de Meriti,,1366376874,
traditional,osm,,,ATMAN,PL,52.203603,20.807025,exact,,,,,,,,,Duchnice,,1366517660,
traditional,osm,Data4 Italia - Campus MIL01 - DCL09,,Data4 Italia,IT,45.472259,9.038988,exact,,,,,,,,DCL09,,,1368730489,
traditional,osm,Data4 Italia - Campus MIL01 - DCL07,,Data4 Italia,IT,45.471915,9.040074,exact,,,,,,,,DCL07,,,1368730490,
traditional,osm,Data4 Italia - Campus MIL01 - DC06,,Data4 Italia,IT,45.471565,9.039139,exact,,,,,,,,DC06,,,1368730491,
traditional,osm,Data4 Italia - Campus MIL01 - DC10,,Data4 Italia,IT,45.471854,9.037939,exact,,,,,,,,DC10,,,1368730492,
traditional,osm,Data4 Italia - Campus MIL01 - DC05,,Data4 Italia,IT,45.47127,9.038251,exact,,,,,,,,DC05,,,1368730493,
traditional,osm,,,Data4 Italia,IT,45.470974,9.037349,exact,,,,,,,,,,,1368730494,
traditional,osm,,,,US,41.515864,-93.720312,exact,,,,,,,,,,,1368776076,
traditional,osm,,,,US,41.516864,-93.719767,exact,,,,,,,,,,,1368776077,
traditional,osm,,,,CA,46.79478,-71.303664,exact,,,,,,,,QC24,Québec,,1369409326,
traditional,osm,曲江市政数据中心,,,CN,34.205788,109.021128,exact,,,,,,,,,,,1370886996,
traditional,osm,CenturyLink,,,US,39.744048,-93.997376,exact,,,,,,,,,,,1371348227,
traditional,osm,Vodafone Data Centre,,,PG,-6.737443,146.990572,exact,,,,,,,,,,,1372715027,
traditional,osm,,,,US,33.353191,-111.678073,exact,,,,,,,,,,,1372772726,
traditional,osm,KR1 강남데이터센터,,엠피리온 디지털,KR,37.458107,127.037831,exact,,,,,,,,,,,1374553894,
traditional,osm,Amazon Web Services,,Amazon Web Services,US,45.879527,-119.341626,exact,,,,,,,,,Umatilla,,1374895921,
traditional,osm,Amazon Web Services,,Amazon Web Services,US,45.88253,-119.339695,exact,,,,,,,,,Umatilla,,1374895922,
traditional,osm,,,,IL,32.020589,34.960258,exact,,,,,,,,,,,1375102136,
traditional,osm,,,,US,40.059238,-82.762677,exact,,,,,,,,,,,1375443893,
traditional,osm,Microsoft,,Microsoft,US,41.533916,-93.863439,exact,,,,,,,,,,,1375475071,
traditional,osm,Microsoft,,Microsoft,US,41.532837,-93.863462,exact,,,,,,,,,,,1375475072,
traditional,osm,Microsoft,,Microsoft,US,41.531814,-93.863443,exact,,,,,,,,,,,1375475073,
traditional,osm,Türk Telekom Esenyurt Veri Merkezi,,Türk Telekom,TR,41.071954,28.657328,exact,,,,,,,,,,,1375495905,
traditional,osm,,,,IE,53.328326,-6.461277,exact,,,,,,,,,,,1375543041,
traditional,osm,Адман,,,RU,55.057609,82.788823,exact,,,,,,,,,,,1375722029,
traditional,osm,,,,US,41.064287,-104.785644,exact,,,,,,,,,,,1377227154,
traditional,osm,Microsoft,,Microsoft,SE,60.634837,16.737888,exact,,,,,,,,,,,1379145699,
traditional,osm,,,,CO,6.2893,-73.145227,exact,,,,,,,,,,,1379328004,
traditional,osm,Flexential Las Vegas - Downtown,,Flexential,US,36.168644,-115.143145,exact,,,,,,,,,Las Vegas,,1379421123,
traditional,osm,,,,US,38.737208,-77.82628,exact,,,,,,,,,,,1380114462,
traditional,osm,,,,US,38.738214,-77.825868,exact,,,,,,,,,,,1380114463,
traditional,osm,xAI Colossus,,xAI,US,35.05995,-90.156382,exact,,,,,,,,,Memphis,,1381264361,
traditional,osm,CloudHQ LC4,,CloudHQ,US,39.002347,-77.471888,exact,,,,,,,,LC4,Ashburn,,1381994242,
traditional,osm,T5@Cleveland,,T5 Data Centers,US,41.442622,-81.8023,exact,,,,,,,,,,,1382205749,
traditional,osm,,,,KZ,51.619027,75.465091,exact,,,,,,,,,,,1382267766,
traditional,osm,,,,CH,47.481765,8.462227,exact,,,,,,,,,,,1382917740,
traditional,osm,Databank LGA3,,Databank,US,41.039951,-73.989572,exact,,,,,,,,,Orangeburg,,1383913490,
traditional,osm,CoreSite NY3,,CoreSite,US,40.784904,-74.065357,exact,,,,,,,,NY3,Secaucus,,1383916144,
traditional,osm,Odata,,,BR,-22.901735,-47.193905,exact,,,,,,,,,Hortolândia,,1385101584,
traditional,osm,DC STO1,,,CL,-33.531195,-70.710386,exact,,,,,,,,,,,1385788091,
ai,osm+epoch,Amazon Web Services,AWS New Albany,Amazon,US,40.102426,-82.750141,exact,213.0,201111,"Trainium2, H100, H200, B200",,,8.068866,13360 Miller Rd NW,,,,1386016627,yes
traditional,osm,Amazon Web Services,,Amazon Web Services,US,40.101955,-82.751912,exact,,,,,,,,,,,1386016628,
traditional,osm,Amazon Web Services,,Amazon Web Services,US,40.094226,-82.732111,exact,,,,,,,,,,,1386016629,
traditional,osm,Amazon Web Services,,Amazon Web Services,US,40.094397,-82.729279,exact,,,,,,,,,,,1386016630,
traditional,osm,Amazon Web Services,,Amazon Web Services,US,40.095495,-82.732005,exact,,,,,,,,,,,1386016631,
traditional,osm,Google NBY-5,,Google,US,40.056511,-82.772007,exact,,,,,,,,,,,1386016632,
traditional,osm,Google NBY-6,,Google,US,40.053959,-82.767595,exact,,,,,,,,,,,1386016633,
traditional,osm,LCO 1,,Meta,US,40.061493,-82.740552,exact,,,,,,,,,,,1386016634,
traditional,osm,LCO 2,,Meta,US,40.06523,-82.741168,exact,,,,,,,,,,,1386016635,
traditional,osm,Amazon Web Services,,Amazon Web Services,US,40.135789,-83.212641,exact,,,,,,,,,,,1386016636,
traditional,osm,Amazon Web Services,,Amazon Web Services,US,40.120064,-83.199319,exact,,,,,,,,,,,1386016637,
traditional,osm,Amazon Web Services,,Amazon Web Services,US,40.119299,-83.203226,exact,,,,,,,,,,,1386016638,
traditional,osm,Amazon Web Services,,Amazon Web Services,US,40.118118,-83.202522,exact,,,,,,,,,,,1386016639,
traditional,osm,Amazon Web Services,,Amazon Web Services,US,40.05018,-83.175516,exact,,,,,,,,,,,1386016640,
traditional,osm,Amazon Web Services,,Amazon Web Services,US,40.051522,-83.175715,exact,,,,,,,,,,,1386016641,
traditional,osm,Amazon Web Services,,Amazon Web Services,US,40.016419,-83.125852,exact,,,,,,,,,,,1386016642,
traditional,osm,Amazon Web Services,,Amazon Web Services,US,40.021013,-83.12602,exact,,,,,,,,,,,1386016643,
traditional,osm,Amazon Web Services,,Amazon Web Services,US,45.851731,-119.619661,exact,,,,,,,,,Boardman,,1386017490,
traditional,osm,Amazon Web Services,,Amazon Web Services,US,45.853095,-119.61968,exact,,,,,,,,,Boardman,,1386017491,
traditional,osm,Amazon Web Services,,Amazon Web Services,US,45.818711,-119.632008,exact,,,,,,,,,Boardman,,1386017492,
traditional,osm,Amazon Web Services,,Amazon Web Services,US,45.818702,-119.636263,exact,,,,,,,,,Boardman,,1386017493,
traditional,osm,Amazon Web Services,,Amazon Web Services,US,45.819949,-119.636272,exact,,,,,,,,,Boardman,,1386017494,
traditional,osm,Amazon Web Services,,Amazon Web Services,US,45.809634,-119.268611,exact,,,,,,,,,Hermiston,,1386017495,
traditional,osm,Amazon Web Services,,Amazon Web Services,US,45.808277,-119.268616,exact,,,,,,,,,Hermiston,,1386017496,
traditional,osm,Amazon Web Services,,Amazon Web Services,US,45.799015,-119.361727,exact,,,,,,,,,Hermiston,,1386017497,
traditional,osm,Amazon Web Services,,Amazon Web Services,US,45.799683,-119.358424,exact,,,,,,,,,Hermiston,,1386017498,
traditional,osm,Amazon Web Services,,Amazon Web Services,US,45.797752,-119.358925,exact,,,,,,,,,Hermiston,,1386017499,
traditional,osm,CYS41 Datacenter,,Microsoft,US,41.124403,-104.897015,exact,,,,,,,,,,,1386017500,
traditional,osm,CYS42 Datacenter,,Microsoft,US,41.125382,-104.908889,exact,,,,,,,,,,,1386017501,
ai,osm+epoch,xAI Macrohard Colossus 2,Colossus 2,SpaceXAI,US,34.997983,-90.034867,exact,946.0,1111672,"B200, B300","Anthropic, Cursor, SpaceXAI",,35.836372,"5420 Tulane Rd, Memphis, TN 38109",,Memphis,,1386926534,yes
traditional,osm,Yondr - Rechenzentrum,,Yondr Group,DE,49.99088,8.337049,exact,,,,,,,,,Bischofsheim,,1386936296,
traditional,osm,DMO,,,DE,52.131466,7.700066,exact,,,,,,,,,Greven,,1387027829,
traditional,osm,,,,US,35.568135,-95.512417,exact,,,,,,,,,,,1387080629,
traditional,osm,Mega IDC,,,HK,22.29487,114.274519,exact,,,,,,,,,,,1387121625,
traditional,osm,True North Data Centers,,True North Data Solutions,US,39.043613,-77.537262,exact,,,,,,,,,,,1387391200,
traditional,osm,TikTok Data Center,,True North Data Solutions,US,39.044254,-77.537958,exact,,,,,,,,,Leesburg,NOVEC (co-op),1387391201,
traditional,osm,,,,LS,-29.306469,27.476732,exact,,,,,,,,,,,1387425735,
traditional,osm,,,,IT,45.353661,9.309919,exact,,,,,,,,,,,1387957696,
traditional,osm,临沂华为大数据中心,,,CN,35.010876,118.423288,exact,,,,,,,,,,,1390911809,
traditional,osm,Encompass Minneapolis Facility,,Encompass,US,45.132157,-93.095616,exact,,,,,,,,,Lino Lakes,,1391966326,
traditional,osm,,,,US,38.9392,-94.860185,exact,,,,,,,,,Olathe,,1392657385,
traditional,osm,Plus Ultra Groningen,,,NL,53.245196,6.529192,exact,,,,,,,,,,,1392760295,
traditional,osm,Microsoft,,Microsoft,SE,60.635104,16.734196,exact,,,,,,,,,,,1394183837,
traditional,osm,Datacenter Ingeniero José Luis Massera,,ANTEL,UY,-34.72514,-55.947255,exact,,,,,,,,,Pando,,1394574558,
traditional,osm,Building 1,,,FR,48.955067,8.180423,exact,,,,,,,,,,,1395517750,
traditional,osm,Building 2,,,FR,48.955309,8.180694,exact,,,,,,,,,,,1395517751,
traditional,osm,CDG1,,CloudHQ,FR,48.596785,2.409143,exact,,,,,,,,,,,1409758368,
traditional,osm,,,EdgeConneX,NL,52.283215,4.767252,exact,,,,,,,,,,,1409870526,
traditional,osm,,,,NL,52.2846,4.768129,exact,,,,,,,,,,,1409870527,
traditional,osm,Nieuwbouw datacenter QTS,,Quality Technology Services,NL,53.439256,6.853542,exact,,,,,,,,,,,1410560542,
traditional,osm,,,Oppidan,US,40.052673,-83.127424,exact,,,,,,,,,,,1411056682,
traditional,osm,SK브로드밴드 IDC,,SK브로드밴드,KR,37.475794,126.887834,exact,,,,,,,,,서울특별시,,1413213983,
traditional,osm,百度云计算（阳泉）中心,,,CN,37.859732,113.622505,exact,,,,,,,,,,,1413300448,
traditional,osm,,,,CN,37.857912,113.622848,exact,,,,,,,,,,,1413300449,
traditional,osm,,,,CN,37.858,113.621445,exact,,,,,,,,,,,1413300450,
traditional,osm,GTD Centro de Datos Lurín,,,PE,-12.257812,-76.824351,exact,,,,,,,,,,,1413526738,
traditional,osm,Cirion Centro de Datos LIM2,,,PE,-12.258067,-76.825836,exact,,,,,,,,,,,1413526741,
traditional,osm,,,,CO,7.095757,-73.126882,exact,,,,,,,,,,,1413583579,
traditional,osm,中国电信智慧城市数据中心,,,CN,23.00775,113.050978,exact,,,,,,,,,,,1414403072,
traditional,osm,中国电信佛山（开普勒）华南数据中心,,,CN,23.038812,113.046499,exact,,,,,,,,,,,1414549397,
traditional,osm,,,,US,44.189237,-105.61048,exact,,,,,,,,,,,1414729942,
traditional,osm,Verizon Glasgow GLSGGB,,,GB,55.85835,-4.269108,exact,,,,,,,,,,,1414750854,
traditional,osm,,,,SI,46.558661,14.929421,exact,,,,,,,,,,,1416696144,
traditional,osm,Colt FRA3,,,DE,50.124526,8.587564,exact,,,,,,,,,Frankfurt am Main,,1417621831,
traditional,osm,State of Montana Data Center,,State of Montana,US,46.406885,-105.820697,exact,,,,,,,,,,,1417637306,
traditional,osm,Noovle DC Rivoli,,Noovle S.p.A,IT,45.062553,7.551018,exact,,,,,,,,,Rivoli,,1419931331,
traditional,osm,Cologix,,Cologix,CA,45.480786,-73.769792,exact,,,,,,,,MTL8-H,Montréal,,1420458489,
traditional,osm,Switch Las Vegas 14,,Switch,US,36.065208,-115.222045,exact,,,,,,,,14,,,1421212901,
traditional,osm,Google,,Google,US,41.339139,-96.084657,exact,,,,,,,,,,,1422101108,
traditional,osm,Google,,Google,US,41.341935,-96.087701,exact,,,,,,,,,,,1422101112,
traditional,osm,Google,,Google,US,41.345501,-96.093655,exact,,,,,,,,,,,1422101116,
traditional,osm,,,,US,46.012321,-98.573098,exact,,,,,,,,,,,1422191468,
traditional,osm,,,,US,46.012399,-98.573742,exact,,,,,,,,,,,1422191469,
traditional,osm,,,,US,46.013502,-98.571671,exact,,,,,,,,,,,1422191470,
traditional,osm,,,,US,46.013489,-98.571106,exact,,,,,,,,,,,1422191471,
traditional,osm,,,,US,46.013508,-98.572299,exact,,,,,,,,,,,1422191472,
traditional,osm,,,,US,46.013523,-98.5729,exact,,,,,,,,,,,1422191473,
traditional,osm,,,,US,46.013531,-98.574046,exact,,,,,,,,,,,1422191474,
traditional,osm,,,,US,46.013516,-98.57349,exact,,,,,,,,,,,1422191475,
traditional,osm,,,,US,46.012395,-98.572618,exact,,,,,,,,,,,1422191476,
traditional,osm,,,,US,46.012641,-98.574463,exact,,,,,,,,,,,1422191477,
traditional,osm,,,Telehouse,DE,50.095649,8.62835,exact,,,,,,,,,,,1423647898,
traditional,osm,Data Center L7,,,CL,-33.41024,-70.75238,exact,,,,,,,,,,,1424249774,
traditional,osm,QTS NAL 2 DC1,,Quality Technology Services,US,40.055736,-82.756501,exact,,,,,,,,,New Albany,,1425043212,
traditional,osm,QTS NAL 2 DC2,,Quality Technology Services,US,40.053078,-82.756634,exact,,,,,,,,,New Albany,,1425043213,
traditional,osm,QTS NAL1 DC2,,Quality Technology Services,US,40.063613,-82.758227,exact,,,,,,,,,New Albany,,1425043214,
traditional,osm,QTS NAL1 DC1,,Quality Technology Services,US,40.065001,-82.758131,exact,,,,,,,,,New Albany,,1425043215,
traditional,osm,,,,US,41.795377,-88.246965,exact,,,,,,,,,,,1426146790,
traditional,osm,Gradbišče ARNES,,ARNES,SI,46.565488,15.606832,exact,,,,,,,,,,,1426151922,
traditional,osm,,,,FR,48.365772,1.443489,exact,,,,,,,,,,,1426216015,
ai,osm+epoch,Google,Google Red Oak,Google,US,32.539004,-96.793207,exact,77.0,108135,"TPU v6e, TPU v7",,,2.9169140000000002,"330 Austin Blvd, Red Oak, TX 75154",,,,1426525184,yes
traditional,osm,Compass Data Center,,,US,32.545504,-96.802207,exact,,,,,,,,,,,1426525212,
traditional,osm,Compass Data Center,,,US,32.544192,-96.802189,exact,,,,,,,,,,,1426525213,
traditional,osm,Compass Data Center,,,US,32.542899,-96.802194,exact,,,,,,,,,,,1426525214,
traditional,osm,Compass Data Center,,,US,32.541589,-96.802207,exact,,,,,,,,,,,1426525215,
traditional,osm,Compass Data Center,,,US,32.540276,-96.80222,exact,,,,,,,,,,,1426525216,
traditional,osm,Compass Data Center,,,US,32.542676,-96.793719,exact,,,,,,,,,,,1426525217,
traditional,osm,Compass Data Center,,,US,32.543994,-96.793719,exact,,,,,,,,,,,1426525218,
traditional,osm,Compass Data Center,,,US,32.545299,-96.793756,exact,,,,,,,,,,,1426525219,
traditional,osm,Compass Data Center,,,US,32.543961,-96.788398,exact,,,,,,,,,,,1426525220,
traditional,osm,Compass Data Center,,,US,32.545292,-96.788382,exact,,,,,,,,,,,1426525221,
traditional,osm,万国数据（深圳福田数据中心）,,万国数据,HK,22.505732,114.053746,exact,,,,,,,,,深圳,,1426560484,
traditional,osm,Amazon IAD-168,,Amazon Web Services,US,38.92314,-77.424977,exact,,,,,,,,IAD-168,Herndon,,1426663252,
traditional,osm,Amazon IAD-500,,Amazon Web Services,US,38.936464,-77.42468,exact,,,,,,,,IAD-500,Herndon,,1426663253,
traditional,osm,宝观移动通信枢纽楼,,中国移动,CN,22.689692,114.061164,exact,,,,,,,,,,,1426695931,
traditional,osm,深圳联通 同乐IDC,,中国联通,CN,22.722319,114.316665,exact,,,,,,,,,,,1426699261,
traditional,osm,,,Valorem,FR,16.318189,-61.723281,exact,,,,,,,,,,,1426724849,
traditional,osm,,,Valorem,FR,16.317878,-61.723909,exact,,,,,,,,,,,1426724850,
traditional,osm,Rio AI City,,,BR,-22.966056,-43.37629,exact,,,,,,,,,,,1427547793,
traditional,osm,Google NBY-7,,Google,US,40.053939,-82.763919,exact,,,,,,,,,,,1427613543,
traditional,osm,Vantage Building 1,,Vantage,US,40.102498,-82.746952,exact,,,,,,,,,New Albany,,1427613544,
traditional,osm,Vantage Building 2,,Vantage,US,40.10053,-82.747119,exact,,,,,,,,,New Albany,,1427613545,
traditional,osm,Vantage Building 3,,Vantage,US,40.098762,-82.747245,exact,,,,,,,,,New Albany,,1427613546,
traditional,osm,Microsoft Datacenter,,Microsoft,NL,52.78304,5.025355,exact,,,,,,,,,,,1428523639,
traditional,osm,,,,SE,60.611969,15.609748,exact,,,,,,,,,,,1429100101,
traditional,osm,Microsoft,,Microsoft,US,47.238593,-119.887415,exact,,,,,,,,,,,1429883881,
traditional,osm,,,,US,32.596305,-90.089258,exact,,,,,,,,,,,1430720170,
traditional,osm,,,,US,32.594462,-90.098001,exact,,,,,,,,,,,1430720171,
traditional,osm,,,,US,32.594476,-90.094412,exact,,,,,,,,,,,1430720172,
traditional,osm,,,,US,32.59605,-90.094427,exact,,,,,,,,,,,1430720173,
traditional,osm,,,,US,32.596039,-90.098011,exact,,,,,,,,,,,1430720174,
traditional,osm,Stack Infrastructure MEL01A,,Stack Infrastructure,AU,-37.81996,144.747642,exact,,,,,,,,MEL01A,,,1431195819,
traditional,osm,Amazon Web Services,,Amazon Web Services,AU,-37.838017,144.755673,exact,,,,,,,,,,,1431195822,
traditional,osm,Microsoft MEL05,,Microsoft,AU,-37.821336,144.857429,exact,,,,,,,,MEL05,,,1431195848,
traditional,osm,Araguaney,,Telefonica,CO,5.4159,-72.294786,exact,,,,,,,,001,,,1431413742,
traditional,osm,,,,MY,1.703383,103.413404,exact,,,,,,,,,,,1432337885,
traditional,osm,,,,MY,1.693983,103.419047,exact,,,,,,,,,,,1432337898,
traditional,osm,,,,MY,1.692135,103.412377,exact,,,,,,,,,,,1432337899,
traditional,osm,,,,MY,1.693099,103.417925,exact,,,,,,,,,,,1432337900,
traditional,osm,,,,MY,1.692396,103.417064,exact,,,,,,,,,,,1432337901,
traditional,osm,,,,MY,1.697726,103.411731,exact,,,,,,,,,,,1432337902,
traditional,osm,,,,MY,1.698487,103.412533,exact,,,,,,,,,,,1432337903,
traditional,osm,,,,MY,1.69994,103.412861,exact,,,,,,,,,,,1432337904,
traditional,osm,,,,MY,1.697561,103.407665,exact,,,,,,,,,,,1432337905,
traditional,osm,,,,MY,1.704604,103.412434,exact,,,,,,,,,,,1432337908,
traditional,osm,,,,MY,1.702992,103.4103,exact,,,,,,,,,,,1432337909,
traditional,osm,,,,MY,1.701918,103.408993,exact,,,,,,,,,,,1432337910,
traditional,osm,,,,MY,1.698816,103.410693,exact,,,,,,,,,,,1432337911,
traditional,osm,,,,MY,1.694238,103.420834,exact,,,,,,,,,,,1432337912,
traditional,osm,,,,US,29.44968,-98.714404,exact,,,,,,,,,,,1432637060,
traditional,osm,,,,US,29.450931,-98.713908,exact,,,,,,,,,,,1432637061,
traditional,osm,,,,US,29.45223,-98.714064,exact,,,,,,,,,,,1432637062,
traditional,osm,DC Noovle Cebrosa,,Noovle S.p.A.,IT,45.146322,7.742318,exact,,,,,,,,,,,1433345058,
traditional,osm,Viettel IDC Hòa Lạc,,Viettel,VN,20.999707,105.541858,exact,,,,,,,,,,,1433534671,
traditional,osm,Centro de datos ODATA QR03,,ODATA,MX,20.534623,-100.236323,exact,,,,,,,,,,,1433631456,
traditional,osm,Centro de datos ODATA QR01,,ODATA,MX,20.587697,-100.199248,exact,,,,,,,,,,,1433637473,
traditional,osm,CENTRO CONCILIACION DE LA UNIVERSIDAD DE SANTANDER,,,CO,10.478405,-73.247339,exact,,,,,,,,,,,1433879104,
traditional,osm,Programa desarrollo y paz del Cesar,,,CO,10.478457,-73.24748,exact,,,,,,,,,,,1433879105,
traditional,osm,,,,US,39.322631,-94.594795,exact,,,,,,,,,,,1433936352,
traditional,osm,,,,RU,55.603738,37.64216,exact,,,,,,,,,,,1435983810,
traditional,osm,CNT - Nodo Bastión CTG,,,EC,-2.106194,-79.929997,exact,,,,,,,,,,,1437038742,
traditional,osm,Southern Highlands Data Campus,,Cloud Carrier,AU,-34.51542,150.369737,exact,,,,,,,,DB1,,,1441542602,
traditional,osm,Equinix SY7 - Sydney,,Equinix,AU,-34.463518,150.85693,exact,,,,,,,,SY7,,,1441543300,
traditional,osm,LEDC - ABX1 - Albury,,Leading Edge Data Centres,AU,-36.071258,146.955215,exact,,,,,,,,ABX1,,,1441547266,
traditional,osm,LEDC - NTL1 - Newcastle,,Leading Edge Data Centres,AU,-32.883225,151.730595,exact,,,,,,,,NTL1,,,1441548716,
traditional,osm,LEDC - DBO1 - Dubbo,,Leading Edge Data Centres,AU,-32.241071,148.58149,exact,,,,,,,,DBO1,,,1441548719,
traditional,osm,LEDC - CFS1 - Coffs Harbour,,Leading Edge Data Centres,AU,-30.314403,153.117028,exact,,,,,,,,CFS1,,,1441548723,
traditional,osm,Blockfusion Niagra Falls,,,US,43.082405,-79.003228,exact,,,,,,,,,Niagara Falls,,1442054199,
traditional,osm,,,,PH,15.168352,120.605667,exact,,,,,,,,,,,1442781502,
traditional,osm,Centrum Przetwarzania Danych T‑Mobile Polska,,T‑Mobile Polska,PL,52.078741,21.006019,exact,,,,,,,,(3B),,,1442986078,
traditional,osm,,,,IE,53.319342,-6.453746,exact,,,,,,,,,,,1443002192,
traditional,osm,Torquay Cable Landing Station,,SUBCO Pty Ltd,AU,-38.32744,144.312868,exact,,,,,,,,Torquay CLS,,,1443131904,
traditional,osm,CloudHQ LC3,,CloudHQ,US,39.011212,-77.460425,exact,,,,,,,,LC3,Ashburn,Dominion (VEPCO),1443187163,
ai,osm+epoch,Google,Google The Dalles,Google,US,45.623168,-121.206664,exact,154.0,201616,"TPU v6e, TPU v5p, TPU v7",,,5.8338280000000005,"3500 River Rd, The Dalles, OR",,,,1443567519,yes
traditional,osm,Alinged Data Center DFW-03,,"Aligned Data Centers, LLC",US,32.549823,-97.074855,exact,,,,,,,,DFW-03,Mansfield,,1443620406,
traditional,osm,Centro de datos ODATA QR04,,ODATA,MX,20.906844,-100.621094,exact,,,,,,,,QR04,,,1443807295,
traditional,osm,,,,US,39.055977,-77.547334,exact,,,,,,,,,,NOVEC (co-op),1443922527,
traditional,osm,,,,US,39.057797,-77.546734,exact,,,,,,,,,,NOVEC (co-op),1443922528,
traditional,osm,,,,US,39.082189,-77.565121,exact,,,,,,,,,,,1443922535,
traditional,osm,noris network NBG6 BA3,,noris network AG,DE,49.409979,11.131455,exact,,,,,,,,,Nürnberg,,1445218606,
traditional,osm,,,,ZA,-33.906079,18.680707,exact,,,,,,,,,,,1445475644,
traditional,osm,,,,IE,53.293584,-6.413677,exact,,,,,,,,,,,1446107922,
traditional,osm,NTT Chicago CH3,,NTT,US,41.986941,-88.007985,exact,,,,,,,,CH3,Itasca,,1446350367,
traditional,osm,NTT Chicago CH4,,NTT,US,41.989101,-88.004758,exact,,,,,,,,CH4,Itasca,,1446350370,
traditional,osm,Microsoft Data Center 2,,Microsoft,US,38.799972,-77.583348,exact,,,,,,,,2,,Dominion (VEPCO),1447029365,
traditional,osm,,,,US,40.020774,-83.124181,exact,,,,,,,,,,,1447049070,
traditional,osm,,,,US,40.021203,-83.123188,exact,,,,,,,,,,,1447049071,
traditional,osm,Centro de Datos - CNT,,,EC,-2.199305,-80.085405,exact,,,,,,,,,,,1447472694,
traditional,osm,Atyrau Data Center,,,KZ,47.115045,51.98189,exact,,,,,,,,,,,1447695033,
traditional,osm,সামিট কমিউনিকেশনস লিমিটেড,,,BD,24.063997,90.232031,exact,,,,,,,,,,,1448042316,
traditional,osm,,,,MX,20.592339,-100.162742,exact,,,,,,,,,,,1448054816,
traditional,osm,Centro de datos Ascenty Querétaro 1,,Ascenty,MX,20.591856,-100.154576,exact,,,,,,,,,,,1448054817,
traditional,osm,Amazon AWS Querétaro,,Amazon,MX,20.586017,-100.199123,exact,,,,,,,,,,,1448056077,
traditional,osm,Centro de datos KIO MEX1,,,MX,19.363618,-99.276835,exact,,,,,,,,,,,1448061960,
traditional,osm,Centro de datos KIO MEX2,,KIO,MX,19.363314,-99.280244,exact,,,,,,,,,,,1448065060,
traditional,osm,Centro de datos ODATA QR02,,ODATA,MX,20.542063,-100.577176,exact,,,,,,,,,,,1448123638,
traditional,osm,Centro de datos Ascenty Querétaro 2,,Ascenty,MX,20.659543,-100.10589,exact,,,,,,,,,,,1448123986,
traditional,osm,Centro de datos Equinix MO1,,Equinix,MX,25.766694,-100.193329,exact,,,,,,,,MO1,,,1448241854,
traditional,osm,Centro de datos Equinix MO2,,Equinix,MX,25.724135,-100.132711,exact,,,,,,,,MO2,,,1448242872,
traditional,osm,Centro de datos KIO MEX3,,KIO,MX,19.372646,-99.260369,exact,,,,,,,,MEX3,,,1448283393,
traditional,osm,Centro de datos KIO MTY1,,KIO,MX,25.649224,-100.358559,exact,,,,,,,,,,,1448291730,
traditional,osm,Centro de datos KIO HER1,,KIO,MX,29.085522,-110.96072,exact,,,,,,,,,,,1448293080,
traditional,osm,Centro de datos KIO MER1,,KIO,MX,20.929368,-89.681479,exact,,,,,,,,,,,1448297728,
traditional,osm,,,,MY,3.223075,101.520293,exact,,,,,,,,,,,1448536198,
traditional,osm,PowerHouse CTP-02,,PowerHouse,US,37.360586,-77.325687,exact,,,,,,,,,,,1449347339,
traditional,osm,Centro de datos ECR8 León,,MTP,MX,21.126488,-101.678145,exact,,,,,,,,,,,1450937531,
traditional,osm,,,Wingu Africa,TZ,-6.716489,39.201495,exact,,,,,,,,,,,1452265791,
traditional,osm,Mars Datacenter,,Mars Datacenter,TR,41.102842,29.025001,exact,,,,,,,,,İstanbul,,1453656362,
traditional,osm,,,,US,44.734759,-93.06186,exact,,,,,,,,,,,1454573842,
traditional,osm,,,,US,44.734535,-93.064891,exact,,,,,,,,,,,1454573843,
traditional,osm,NTT RagingWire DC - Hillsboro,,NTT,US,45.548079,-122.937787,exact,,,,,,,,HI2,Hillsboro,,1454598380,
traditional,osm,,,,US,41.514853,-93.720886,exact,,,,,,,,,,,1454813845,
traditional,osm,,,,US,41.513888,-93.72141,exact,,,,,,,,,,,1454813846,
traditional,osm,Purwokerto Data Center,,Neutral DataCenter,ID,-7.410502,109.244028,exact,,,,,,,,,banyumas,,1455893453,
traditional,osm,,,,US,43.463141,-116.268232,exact,,,,,,,,,,,1455915217,
traditional,osm,,,,US,43.463336,-116.272095,exact,,,,,,,,,,,1455915218,
traditional,osm,武威电信综合大楼,,,CN,37.929672,102.634111,exact,,,,,,,,,,,1455942782,
traditional,osm,EdgeConneX,,EdgeConneX,DE,50.022938,8.806918,exact,,,,,,,,,,,1456236882,
traditional,osm,,,,IE,53.316074,-6.444102,exact,,,,,,,,,,,1456362247,
traditional,osm,,,,IE,53.317195,-6.44428,exact,,,,,,,,,,,1456362248,
traditional,osm,,,,IE,53.318392,-6.451111,exact,,,,,,,,,,,1456362258,
traditional,osm,East Kentucky Network Datacenter,,,US,37.600186,-82.678769,exact,,,,,,,,,Ivel,,1456953254,
traditional,osm,,,,US,33.347198,-111.63246,exact,,,,,,,,,,,1456975947,
traditional,osm,,,,US,33.346333,-111.628914,exact,,,,,,,,,,,1456975948,
traditional,osm,,,,US,33.347189,-111.625792,exact,,,,,,,,,,,1456975949,
traditional,osm,,,,US,31.194176,-94.796767,exact,,,,,,,,,,,1457383500,
traditional,osm,Telehouse,,,TH,13.751516,100.573762,exact,,,,,,,,,,,1457990503,
ai,osm+epoch,Google,Google Midlothian,Google,US,32.440104,-97.06092,exact,103.0,191005,,,,3.901846,"3250 Railport Parkway, Midlothian, TX 76065",,,,1458626323,yes
traditional,osm,Newrays Two LLC Mining,,,US,36.327032,-88.320073,exact,,,,,,,,,,,1459680304,
traditional,osm,,,,AU,-33.810893,150.838591,exact,,,,,,,,,,,1459752828,
traditional,osm,,,,IN,18.596243,73.689599,exact,,,,,,,,,,,1459777999,
traditional,osm,Data Centre - DUB 40,,,IE,53.411395,-6.320053,exact,,,,,,,,,,,1460367741,
traditional,osm,NTT Amsterdam 1 Data Center,,NTT Data,NL,52.284505,4.743901,exact,,,,,,,,AMS 1,,,1460732226,
traditional,osm,EdgeConneX AMS06,,EdgeConneX,NL,52.283023,4.742072,exact,,,,,,,,AMS06,,,1460732391,
traditional,osm,,,,US,39.055263,-77.544785,exact,,,,,,,,,,NOVEC (co-op),1460776170,
traditional,osm,,,,US,39.054097,-77.545995,exact,,,,,,,,,,NOVEC (co-op),1460776171,
traditional,osm,,,,US,39.051037,-77.534801,exact,,,,,,,,,,NOVEC (co-op),1460776174,
traditional,osm,EdgeCore Silicon Valley,,,US,37.383719,-121.965404,exact,,,,,,,,,,,1460847458,
traditional,osm,STACK SVY02,,Stack Infrastructure,US,37.361934,-121.953731,exact,,,,,,,,SVY02,,,1460855151,
traditional,osm,Amazon AWS SAT - 12807 Donop,,Amazon Web Services,US,29.29301,-98.391599,exact,,,,,,,,,,,1460861317,
traditional,osm,Google: Lok Yang 1,,Google,SG,1.323783,103.695112,exact,,,,,,,,,,,1460863652,
traditional,osm,국가정보자원관리원 대구센터,,,KR,35.968579,128.706436,exact,,,,,,,,,,,1461701602,
traditional,osm,Prime DFW01-01,,Prime,US,32.837814,-96.879846,exact,,,,,,,,DFW01-01,Dallas,,1461896928,
traditional,osm,AdaniConneX Chennai 1,,,IN,12.821585,80.22611,exact,,,,,,,,,,,1462367447,
traditional,osm,Equinix Data Center,,Equinix,FI,60.20379,24.775658,exact,,,,,,,,HE7,Espoo,,1462706960,
traditional,osm,,,,US,40.115825,-83.001488,exact,,,,,,,,,,,1462886682,
traditional,osm,M06,,atNorth,IS,63.964545,-22.535768,exact,,,,,,,,,Reykjanesbær,,1463708635,
traditional,osm,M21,,atNorth,IS,63.963291,-22.541361,exact,,,,,,,,,Reykjanesbær,,1463708636,
traditional,osm,M22,,atNorth,IS,63.963605,-22.541326,exact,,,,,,,,,Reykjanesbær,,1463708637,
traditional,osm,Google,,Google,US,38.779305,-77.586335,exact,,,,,,,,,,NOVEC (co-op),1464257783,
traditional,osm,QTS Manassas DC1,,Quality Technology Services,US,38.752545,-77.51246,exact,,,,,,,,,,NOVEC (co-op),1464257784,
traditional,osm,QTS Data Center - Hillsboro 3,,Quality Technology Services,US,45.571925,-122.918438,exact,,,,,,,,North Building,Hillsboro,,1465196735,
traditional,osm,QTS Data Center - Hillsboro 3,,Quality Technology Services,US,45.570191,-122.919833,exact,,,,,,,,South Building,Hillsboro,,1465196736,
traditional,osm,Equinix SY6,,Equinix,AU,-33.836664,151.053293,exact,,,,,,,,SY6,,,1467185863,
traditional,osm,,,,US,47.240171,-119.863265,exact,,,,,,,,,,,1470108469,
traditional,osm,SPC4A,,Google,US,36.624063,-87.256912,exact,,,,,,,,Building 3,,,1470261550,
traditional,osm,Ovio,,GNC-Alfa,AM,40.269632,44.614797,exact,,,,,,,,,Աբովյան,,1470640263,
traditional,osm,,,,US,41.688549,-86.473051,exact,,,,,,,,,,,1471517731,
traditional,osm,,,,US,41.688531,-86.469864,exact,,,,,,,,,,,1471517732,
traditional,osm,,,,US,41.692058,-86.464891,exact,,,,,,,,,,,1471517733,
traditional,osm,,,,US,41.688538,-86.471883,exact,,,,,,,,,,,1471517734,
traditional,osm,,,,US,41.688557,-86.475061,exact,,,,,,,,,,,1471517735,
traditional,osm,,,,US,41.692058,-86.466884,exact,,,,,,,,,,,1471517736,
traditional,osm,,,,US,41.692046,-86.463714,exact,,,,,,,,,,,1471517737,
traditional,osm,Edificio de Telecomunicaciones,,,AR,-31.413997,-64.427084,exact,,,,,,,,,,,1471853439,
traditional,osm,,,,US,32.504191,-99.777724,exact,,,,,,,,,,,1472056705,
traditional,osm,,,,US,32.504176,-99.778823,exact,,,,,,,,,,,1472056706,
traditional,osm,,,,US,32.505118,-99.778185,exact,,,,,,,,,,,1472056707,
traditional,osm,,,,US,32.506054,-99.777759,exact,,,,,,,,,,,1472056708,
traditional,osm,,,,US,32.506041,-99.778864,exact,,,,,,,,,,,1472056709,
traditional,osm,,,,US,32.505086,-99.781139,exact,,,,,,,,,,,1472056710,
traditional,osm,,,,US,32.504152,-99.78157,exact,,,,,,,,,,,1472056711,
traditional,osm,,,,US,32.506015,-99.781595,exact,,,,,,,,,,,1472056712,
traditional,osm,,,,US,32.506026,-99.780496,exact,,,,,,,,,,,1472056713,
traditional,osm,,,,US,32.50416,-99.780466,exact,,,,,,,,,,,1472056714,
traditional,osm,QTS,,Quality Technology Services,US,33.448403,-84.522489,exact,,,,,,,,,,,1472128597,
traditional,osm,QTS,,Quality Technology Services,US,33.450885,-84.523625,exact,,,,,,,,,,,1472128598,
traditional,osm,Equinix,,Equinix,BR,-23.496735,-46.815004,exact,,,,,,,,,,,1472333082,
traditional,osm,Equinix,,Equinix,BR,-23.497622,-46.815038,exact,,,,,,,,,,,1472333084,
traditional,osm,KM 0 Silica Networks AVC,,,AR,-36.486377,-56.708852,exact,,,,,,,,,,,1472876777,
traditional,osm,Estación de amarre cable submarino de fibra óptica,,Cirion Technologies,AR,-36.487266,-56.71015,exact,,,,,,,,,,,1472876782,
traditional,osm,Meta,,Meta,US,40.265862,-112.019433,exact,,,,,,,,,,,1473440674,
traditional,osm,Meta,,Meta,US,40.269859,-112.019456,exact,,,,,,,,,,,1473440676,
traditional,osm,Estación de Amarre Las Toninas - Telecom,,Telecom,AR,-36.486088,-56.699183,exact,,,,,,,,,,,1473492475,
traditional,osm,Equinix SP6,,Equinix,BR,-23.462359,-46.858216,exact,,,,,,,,SP6,,,1475003347,
traditional,osm,Microsoft,,Microsoft,SE,60.601327,17.017233,exact,,,,,,,,,,,1475126651,
traditional,osm,CDC Eastern Creek Campus EC6,,CDC,AU,-33.817333,150.837514,exact,,,,,,,,EC6,,,1479628967,
traditional,osm,Microsoft SYD06 Data Centre,,Microsoft,AU,-33.836278,150.775569,exact,,,,,,,,SYD06,,,1479632522,
traditional,osm,DCI Data Centre AKL-02,,,NZ,-36.749119,174.695362,exact,,,,,,,,,,,1480092696,
traditional,osm,Spark Data Centre,,,NZ,-36.749613,174.700391,exact,,,,,,,,,Auckland,,1480092702,
traditional,osm,,,,RU,58.012093,51.505172,exact,,,,,,,,,,,1481106036,
traditional,osm,Longcross Park,,Ark Data Centres,GB,51.380536,-0.594635,exact,,,,,,,,,Chertsey,,1481166632,
traditional,osm,,,,DE,53.537044,8.157568,exact,,,,,,,,,,,1481438841,
traditional,osm,Vantage LHR2,,,GB,51.532972,-0.259231,exact,,,,,,,,,,,1481464832,
traditional,osm,Equinix LD8,,Equinix,GB,51.498178,-0.014899,exact,,,,,,,,LD8,,,1481564428,
traditional,osm,CyrusOne CHI3,,CyrusOne,US,41.802861,-88.246752,exact,,,,,,,,,Aurora,,1481581947,
traditional,osm,Edged Chicago ORD01,,Edged,US,41.806931,-88.241097,exact,,,,,,,,,,,1481581948,
traditional,osm,,,Yondr,GB,51.512475,-0.579297,exact,,,,,,,,,,,1481787910,
traditional,osm,,,Yondr,GB,51.513083,-0.578807,exact,,,,,,,,,,,1481787911,
traditional,osm,,,Yondr,GB,51.513467,-0.576855,exact,,,,,,,,,,,1481787912,
traditional,osm,Equinix ML5,,Equinix,IT,45.475397,9.038445,exact,,,,,,,,ML5,Settimo Milanese,,1482049978,
traditional,osm,Equinix ML7x,,Equinix,IT,45.476837,9.037684,exact,,,,,,,,ML7,Settimo Milanese,,1482049979,
traditional,osm,,,,US,38.777131,-77.556168,exact,,,,,,,,,,,1482076328,
traditional,osm,Amazon IAD230,,Amazon Web Services,US,38.989461,-77.449742,exact,,,,,,,,Amazon IAD230,Sterling,Dominion (VEPCO),1482076330,
traditional,osm,,,,CO,5.342448,-72.39081,exact,,,,,,,,,,,1482078170,
traditional,osm,Digital Realty LHR18,,,GB,51.524257,-0.08651,exact,,,,,,,,LHR18,London,,1482203073,
traditional,osm,Global Technical Realty London GB One,,Global Technical Realty,GB,51.51767,-0.618362,exact,,,,,,,,,,,1482210622,
traditional,osm,Hub Europe,,Contabo,FR,48.955316,8.180712,exact,,,,,,,,,,,1482249092,
traditional,osm,Data Center 2 Bilbao Arasur,,Merlin Properties,ES,42.698761,-2.907482,exact,,,,,,,,,,,1482291761,
traditional,osm,中国联通武威分公司,,,CN,37.933535,102.626878,exact,,,,,,,,,,,1483729407,
traditional,osm,CPD Gobierno de Navarra,,Nasertic,ES,42.817786,-1.65969,exact,,,,,,,,,,,1484174881,
traditional,osm,,,,US,33.140647,-96.659526,exact,,,,,,,,,,,1484435248,
traditional,osm,武当云谷大数据中心园区,,武当云谷大数据科技有限公司,CN,32.547534,111.488329,exact,,,,,,,,,,,1485721566,
traditional,osm,,,,US,41.06206,-104.780219,exact,,,,,,,,,,,1485867694,
traditional,osm,,,,US,41.063132,-104.780197,exact,,,,,,,,,,,1485867695,
traditional,osm,,,,US,41.063158,-104.785602,exact,,,,,,,,,,,1485867696,
traditional,osm,,,,US,41.076834,-104.826572,exact,,,,,,,,,,,1485867768,
traditional,osm,,,,US,41.077057,-104.8233,exact,,,,,,,,,,,1485867769,
traditional,osm,Aligned Data Centers DFW-04,,Aligned Data Centers,US,33.006007,-96.657092,exact,,,,,,,,DFW-04,Plano,,1486780799,
traditional,osm,,,,BD,24.064033,90.232063,exact,,,,,,,,,,,1487031403,
traditional,osm,Verizon Wireless,,,US,36.282175,-86.797137,exact,,,,,,,,,,,1489113575,
traditional,osm,阿里巴巴乌兰察布数据中心,,,CN,40.982813,113.242947,exact,,,,,,,,,,,1489759025,
traditional,osm,乌兰察布华为云数据中心,,,CN,40.994165,113.232145,exact,,,,,,,,,,,1489795658,
traditional,osm,,,Digitel,VE,10.435988,-66.838253,exact,,,,,,,,,,,1490026403,
traditional,osm,Argo Data Center,,,US,33.777264,-100.868901,exact,,,,,,,,,,,1490401523,
traditional,osm,Amazon Web Services,,Amazon Web Services,BH,26.069382,50.605102,exact,,,,,,,,BAH53,,,1492345589,
traditional,osm,Gulf Data Hub ICAD 1,,Gulf Data Hub,AE,24.264637,54.458874,exact,,,,,,,,GDH-ICAD-B1,,,1492452118,
traditional,osm,Gulf Data Hub ICAD 2,,Gulf Data Hub,AE,24.264017,54.459709,exact,,,,,,,,GDH-ICAD-B2,,,1492452119,
traditional,osm,Amazon Web Services,,Amazon Web Services,AE,24.268726,54.463361,exact,,,,,,,,,,,1492452121,
traditional,osm,Amazon Web Services,,Amazon Web Services,AE,24.708789,54.741831,exact,,,,,,,,,,,1492452150,
traditional,osm,Switch: The Rock,,Switch,US,30.488019,-97.672526,exact,,,,,,,,,,,1493169641,
traditional,osm,,,,IN,18.353066,79.161795,exact,,,,,,,,,,,1493466998,
traditional,osm,DC6,,Quality Technology Services,US,37.485289,-77.250182,exact,,,,,,,,,Sandston,,1493516619,
traditional,osm,DC5,,Quality Technology Services,US,37.484779,-77.249109,exact,,,,,,,,,Sandston,,1493516620,
traditional,osm,DC4,,Quality Technology Services,US,37.483918,-77.247815,exact,,,,,,,,,Sandston,,1493516621,
traditional,osm,RIC2 DC1,,,US,37.488174,-77.240062,exact,,,,,,,,,Sandston,,1493516623,
traditional,osm,RIC2 DC2,,,US,37.487092,-77.240983,exact,,,,,,,,,Sandston,,1493516624,
traditional,osm,RIC2 DC3,,,US,37.486066,-77.241891,exact,,,,,,,,,Sandston,,1493516625,
traditional,osm,RIC2 DC5,,,US,37.484848,-77.242984,exact,,,,,,,,,Sandston,,1493516626,
traditional,osm,RIC2 DC6,,,US,37.483901,-77.243764,exact,,,,,,,,,Sandston,,1493516628,
traditional,osm,RIC3 DC1,,Quality Technology Services,US,37.480504,-77.251622,exact,,,,,,,,,Sandston,,1493516629,
traditional,osm,RIC3 DC2,,Quality Technology Services,US,37.479727,-77.25221,exact,,,,,,,,,Sandston,,1493516630,
traditional,osm,RIC3 DC3,,Quality Technology Services,US,37.47851,-77.252996,exact,,,,,,,,,Sandston,,1493516631,
traditional,osm,RIC3 DC5,,Quality Technology Services,US,37.477015,-77.249693,exact,,,,,,,,,Sandston,,1493516632,
traditional,osm,RIC3 DC4,,Quality Technology Services,US,37.477917,-77.248977,exact,,,,,,,,,Sandston,,1493516633,
traditional,osm,Tahoe Reno 4,,Switch,US,39.509868,-119.483041,exact,,,,,,,,,McCarran,,1494498031,
traditional,osm,Tahoe Reno 5,,Switch,US,39.508083,-119.483237,exact,,,,,,,,,McCarran,,1494498032,
traditional,osm,SG6,,Equinix,SG,1.325843,103.713174,exact,,,,,,,,,,,1495602151,
traditional,osm,,,,SG,1.3757,103.969862,exact,,,,,,,,,Singapore,,1495643296,
traditional,osm,Colt Data Center,,,GB,51.509559,-0.394089,exact,,,,,,,,,,,1495920404,
traditional,osm,Stargate UAE Abu Dhabi,,,AE,24.147638,54.462198,exact,,,,,,,,,,,1495979992,
traditional,osm,Khazna Data Centers,,Khazna Data Centers,AE,25.026383,55.120466,exact,,,,,,,,DXB3,,,1496340718,
traditional,osm,Khazna Data Centers,,Khazna Data Centers,AE,25.026707,55.124123,exact,,,,,,,,DXB9,,,1496340735,
traditional,osm,,,,AE,25.02658,55.185365,exact,,,,,,,,,,,1496340767,
traditional,osm,,,SC,US,37.278406,-98.588462,exact,,,,,,,,,Medicine Lodge,,1498005255,
traditional,osm,,,,US,31.057523,-97.298298,exact,,,,,,,,,,,1498670679,
traditional,osm,,,,CN,34.632872,112.501243,exact,,,,,,,,,,,1499403710,
traditional,osm,,,,CN,34.633075,112.502578,exact,,,,,,,,,,,1499403711,
ai,osm+epoch,Google,Google Lancaster,Google,US,39.724114,-82.687551,exact,137.0,130368,"TPU v5e, TPU v5p, TPU v7, TPU v6e",,,5.189834,"105 Whiley Rd, Lancaster, OH 43130",,,,1501120016,yes
traditional,osm,Amazon Web Services,,Amazon Web Services,US,45.853876,-119.619726,exact,,,,,,,,,Boardman,,1501436323,
traditional,osm,Amazon Web Services,,Amazon Web Services,US,45.855234,-119.619727,exact,,,,,,,,,Boardman,,1501436324,
traditional,osm,Amazon Web Services,,Amazon Web Services,US,45.811745,-119.268665,exact,,,,,,,,,Hermiston,,1501455347,
traditional,osm,Amazon Web Services,,Amazon Web Services,US,45.810381,-119.268669,exact,,,,,,,,,Hermiston,,1501455348,
traditional,osm,Amazon Web Services,,Amazon Web Services,US,45.811209,-119.278247,exact,,,,,,,,,Hermiston,,1501456882,
traditional,osm,Crane DC - Portland,,Crane Data Centers Inc.,US,45.514787,-123.078828,exact,,,,,,,,,Forest Grove,,1501805557,
traditional,osm,Percheron DC,,Rowan Green Data LLC,US,45.711318,-119.826235,exact,,,,,,,,,,,1501824326,
traditional,osm,Percheron DC,,Rowan Green Data LLC,US,45.711934,-119.824764,exact,,,,,,,,,,,1501824327,
traditional,osm,Percheron DC,,Rowan Green Data LLC,US,45.708272,-119.822273,exact,,,,,,,,,,,1501824328,
traditional,osm,Percheron DC,,Rowan Green Data LLC,US,45.709321,-119.821212,exact,,,,,,,,,,,1501824329,
traditional,osm,NYGC Chateaugay,,2CRSi,US,44.893006,-74.072881,exact,,,,,,,,,,,1501825871,
traditional,osm,Vantage Data Centers TX22,,Vantage Data Centers,US,29.479085,-98.697701,exact,,,,,,,,,San Antonio,,1502710557,
traditional,osm,Microsoft,,Microsoft,US,29.47022,-98.698835,exact,,,,,,,,,,,1502711381,
traditional,osm,MDC,,,US,31.750007,-106.309926,exact,,,,,,,,,El Paso,,1504463315,
traditional,osm,,,,ES,40.549084,-3.613675,exact,,,,,,,,,,,1505120011,
traditional,osm,東京第6データセンター,,NTTドコモビジネス,JP,35.739509,139.766704,exact,,,,,,,,,,,1508043704,
traditional,osm,,,,MY,3.060153,101.672312,exact,,,,,,,,,,,1509567732,
traditional,osm,NTT DC3,,NTT,IN,13.038656,77.757839,exact,,,,,,,,,,,1510273482,
traditional,osm,,,,US,42.673321,-87.896846,exact,,,,,,,,,,,1510420026,
traditional,osm,,,amazon web services,US,45.809828,-119.858904,exact,,,,,,,,,,,1510517629,
traditional,osm,Google,,Google,US,45.624777,-121.208428,exact,,,,,,,,,,,1510517630,
traditional,osm,Amazon Web Services,,Amazon Web Services,US,32.411934,-90.187839,exact,,,,,,,,,,,1510517631,
traditional,osm,Amazon Web Services,,Amazon Web Services,US,32.411933,-90.18952,exact,,,,,,,,,,,1510517632,
traditional,osm,Amazon Web Services,,Amazon Web Services,US,32.411951,-90.190546,exact,,,,,,,,,,,1510517633,
ai,osm+epoch,Amazon Web Services,Amazon Ridgeland,Amazon,US,32.411935,-90.192234,exact,228.0,171298,Trainium2,Anthropic,Entergy,8.637096,"1626 County Line Road Ridgeland, Mississippi",,,,1510517634,yes
traditional,osm,QTS,,Quality Technology Services,US,33.462293,-84.523676,exact,,,,,,,,,,,1510517635,
traditional,osm,QTS,,Quality Technology Services,US,33.463993,-84.529184,exact,,,,,,,,,,,1510517636,
traditional,osm,,,,US,38.775174,-77.539965,exact,,,,,,,,,,NOVEC (co-op),1510517637,
traditional,osm,Amazon Web Services,,Amazon Web Services,US,38.789376,-77.581973,exact,,,,,,,,,,NOVEC (co-op),1510517638,
traditional,osm,Amazon Web Services,,Amazon Web Services,US,38.789456,-77.579686,exact,,,,,,,,,,NOVEC (co-op),1510517639,
traditional,osm,Amazon Web Services,,Amazon Web Services,US,38.746667,-77.497342,exact,,,,,,,,,,,1510517640,
traditional,osm,Amazon Web Services,,Amazon Web Services,US,38.747641,-77.494786,exact,,,,,,,,,,,1510517641,
traditional,osm,Amazon Web Services,,Amazon Web Services,US,38.749547,-77.49301,exact,,,,,,,,,,Manassas (municipal),1510517642,
traditional,osm,VNPT IDC Nam Thăng Long,,VNPT,VN,21.080569,105.758338,exact,,,,,,,,,,,1511262965,
traditional,osm,VNPT IDC Hòa Lạc,,VNPT,VN,20.999843,105.532068,exact,,,,,,,,,,,1511262966,
traditional,osm,Trung tâm Dữ liệu Thăng Long,,GDS,VN,21.110151,105.771744,exact,,,,,,,,,,,1511346535,
traditional,osm,,,,US,31.532749,-103.806271,exact,,,,,,,,,,,1511639842,
traditional,osm,,,,US,31.532749,-103.805229,exact,,,,,,,,,,,1511639843,
traditional,osm,,,,US,31.532761,-103.804192,exact,,,,,,,,,,,1511639844,
traditional,osm,,,,US,31.533345,-103.800415,exact,,,,,,,,,,,1511639845,
traditional,osm,,,,FI,60.34181,25.031032,exact,,,,,,,,,Tuusula,,1512831992,
traditional,osm,,,,FI,60.341485,25.031378,exact,,,,,,,,,Tuusula,,1512831993,
traditional,osm,,,,ET,10.329884,37.745471,exact,,,,,,,,,,,1513970890,
traditional,osm,Switch Datacenters AMS2,,,NL,52.082469,4.892569,exact,,,,,,,,,,,1517230843,
traditional,osm,Digital Realty Northern Virginia IAD40,,Digital Realty,US,39.00627,-77.468305,exact,,,,,,,,IAD40,Ashburn,,1518717349,
traditional,osm,Vantage VA14,,Vantage Data Centers,US,39.002889,-77.439385,exact,,,,,,,,VA14,Sterling,,1518761569,
traditional,osm,Information Systems Facility,,WSMR,US,32.380506,-106.481066,exact,,,,,,,,120-123,White Sands,,1519367009,
traditional,osm,,,,US,38.935591,-77.426712,exact,,,,,,,,,Herndon,,1521913706,
traditional,osm,,,,US,38.937292,-77.425806,exact,,,,,,,,,Herndon,,1521913707,
traditional,osm,Equinix Ashburn DC22,,Equinix,US,39.013391,-77.453772,exact,,,,,,,,DC22,Ashburn,,1522636324,
traditional,osm,CANTV Vista Hermosa,,CANTV,VE,8.107121,-63.53732,exact,,,,,,,,,,,1524226648,
traditional,osm,,,,CN,34.806671,113.758468,exact,,,,,,,,,,,1524568557,
traditional,osm,Digital Realty,,Digital Realty,US,32.97443,-96.650158,exact,,,,,,,,,,,1525436762,
traditional,osm,,,Stack Infrastructure,CH,47.693116,8.584546,exact,,,,,,,,ZUR02,Beringen,,1526411563,
traditional,osm,,,Altice,PT,38.781267,-9.324495,exact,,,,,,,,,,,1526887015,
traditional,osm,万国数据广州南沙数据中心,,,CN,22.72729,113.531736,exact,,,,,,,,,广州市,,1528126128,
traditional,osm,,,,FI,60.176624,24.000806,exact,,,,,,,,,,,1528131967,
traditional,osm,"Landmax Data Systems, Inc",,,US,42.997217,-77.64583,exact,,,,,,,,,Rush,,1528887658,
traditional,osm,DataBank SLC6,,DataBank,US,40.480618,-111.906361,exact,,,,,,,,SLC6,Bluffdale,,1530196328,
traditional,osm,Digital Realty,,Digital Realty,US,32.976438,-96.650123,exact,,,,,,,,,,,1530197817,
traditional,osm,NTT,,NTT,US,32.979531,-96.658379,exact,,,,,,,,,,,1530199676,
traditional,osm,Aligned  DFW-02,,Aligned,US,33.009003,-96.675135,exact,,,,,,,,DFW-02,Plano,,1530200859,
traditional,osm,Vantage Warsaw WAW1,,Vantage Data Centers,PL,52.293044,20.921595,exact,,,,,,,,,Warszawa,,1530904296,
traditional,osm,,,,US,32.499988,-99.776246,exact,,,,,,,,,,,1530966366,
traditional,osm,,,,US,32.499975,-99.777351,exact,,,,,,,,,,,1530966367,
traditional,osm,,,,US,32.499053,-99.776672,exact,,,,,,,,,,,1530966368,
traditional,osm,,,,US,32.498125,-99.776211,exact,,,,,,,,,,,1530966369,
traditional,osm,,,,US,32.49811,-99.77731,exact,,,,,,,,,,,1530966370,
traditional,osm,,,,US,32.498095,-99.779311,exact,,,,,,,,,,,1530966371,
traditional,osm,,,,US,32.498086,-99.780416,exact,,,,,,,,,,,1530966372,
traditional,osm,,,,US,32.499021,-99.779985,exact,,,,,,,,,,,1530966373,
traditional,osm,,,,US,32.499949,-99.780441,exact,,,,,,,,,,,1530966374,
traditional,osm,,,,US,32.49996,-99.779342,exact,,,,,,,,,,,1530966375,
traditional,osm,,,,US,32.499955,-99.782465,exact,,,,,,,,,,,1530966376,
traditional,osm,,,,US,32.499942,-99.783569,exact,,,,,,,,,,,1530966377,
traditional,osm,,,,US,32.49902,-99.78289,exact,,,,,,,,,,,1530966378,
traditional,osm,,,,US,32.498092,-99.782429,exact,,,,,,,,,,,1530966379,
traditional,osm,,,,US,32.498077,-99.783528,exact,,,,,,,,,,,1530966380,
traditional,osm,,,,US,32.49805,-99.785507,exact,,,,,,,,,,,1530966381,
traditional,osm,,,,US,32.498041,-99.786612,exact,,,,,,,,,,,1530966382,
traditional,osm,,,,US,32.498975,-99.786181,exact,,,,,,,,,,,1530966383,
traditional,osm,,,,US,32.499904,-99.786637,exact,,,,,,,,,,,1530966384,
traditional,osm,,,,US,32.499915,-99.785538,exact,,,,,,,,,,,1530966385,
traditional,osm,,,,US,32.498463,-99.791168,exact,,,,,,,,,,,1530966386,
traditional,osm,,,,US,32.49845,-99.792273,exact,,,,,,,,,,,1530966387,
traditional,osm,,,,US,32.497527,-99.791594,exact,,,,,,,,,,,1530966388,
traditional,osm,,,,US,32.4966,-99.791132,exact,,,,,,,,,,,1530966389,
traditional,osm,,,,US,32.496585,-99.792231,exact,,,,,,,,,,,1530966390,
traditional,osm,,,,US,32.496564,-99.794457,exact,,,,,,,,,,,1530966391,
traditional,osm,,,,US,32.496555,-99.795562,exact,,,,,,,,,,,1530966392,
traditional,osm,,,,US,32.497489,-99.795131,exact,,,,,,,,,,,1530966393,
traditional,osm,,,,US,32.498418,-99.795587,exact,,,,,,,,,,,1530966394,
traditional,osm,,,,US,32.498429,-99.794488,exact,,,,,,,,,,,1530966395,
traditional,osm,PHX-12,,Microsoft,US,33.410234,-112.364866,exact,,,,,,,,PHX-12,Goodyear,,1532070752,
traditional,osm,PHX-13,,Microsoft,US,33.411544,-112.364854,exact,,,,,,,,PHX-13,Goodyear,,1532070753,
traditional,osm,PHX-14,,Microsoft,US,33.412796,-112.364864,exact,,,,,,,,PHX-14,Goodyear,,1532070754,
traditional,osm,,,,PT,38.911811,-9.021333,exact,,,,,,,,,,,1532330380,
traditional,osm,Altia Datacenter,,Altia,ES,42.16678,-8.691427,exact,,,,,,,,,,,1532398543,
traditional,osm,云浮云计算数据中心,,,CN,23.041675,112.148023,exact,,,,,,,,,,,1532557143,
ai,osm+epoch,Vantage TX11,Vantage TX1,Vantage Data Centers,US,29.416857,-98.790187,exact,32.0,38706,B200,,,1.212224,"14720 Omicron Dr, San Antonio, TX 78245",,San Antonio,,1533148730,yes
traditional,osm,,,,US,29.415797,-98.786424,exact,,,,,,,,,,,1533148752,
traditional,osm,Vantage TX12,,Vantage Data Centers,US,29.415598,-98.788866,exact,,,,,,,,,San Antonio,,1533349843,
traditional,osm,Vantage TX12,,Vantage Data Centers,US,29.415167,-98.789751,exact,,,,,,,,,San Antonio,,1533349844,
traditional,osm,Microsoft,,Microsoft,US,29.41896,-98.802904,exact,,,,,,,,,,,1533350872,
traditional,osm,Microsoft SAT 80,,Microsoft,US,29.429191,-98.876655,exact,,,,,,,,,San Antonio,,1533392812,
traditional,osm,Microsoft SAT 81,,Microsoft,US,29.427998,-98.876653,exact,,,,,,,,,San Antonio,,1533392813,
traditional,osm,Microsoft SAT 82,,Microsoft,US,29.426654,-98.876638,exact,,,,,,,,,San Antonio,,1533392814,
traditional,osm,Microsoft JKT09,,Microsoft,ID,-6.377737,107.25202,exact,,,,,,,,JKT09,,,1533569827,
traditional,osm,Amazon Web Services,,Amazon Web Services,ID,-6.383677,107.253857,exact,,,,,,,,CGK Margamulya,,,1533569828,
traditional,osm,Microsoft JKT02,,Microsoft,ID,-6.389944,107.262214,exact,,,,,,,,JKT02,,,1533569829,
traditional,osm,DCI Indonesia H2-02,,DCI Indonesia,ID,-6.40787,107.250381,exact,,,,,,,,H2-02,,,1533569830,
traditional,osm,Microsoft JKT05,,Microsoft,ID,-6.372338,107.192879,exact,,,,,,,,JKT05,,,1533569831,
traditional,osm,Microsoft JKT11,,Microsoft,ID,-6.374156,107.19331,exact,,,,,,,,JKT11,,,1533569832,
traditional,osm,Amazon Web Services,,Amazon Web Services,ID,-6.378449,107.189873,exact,,,,,,,,CGK Sukamahi,,,1533569833,
traditional,osm,Princeton Digital JC3,,Princeton Digital Group,ID,-6.374671,107.190291,exact,,,,,,,,JC3,,,1533569834,
traditional,osm,Digital Hyperspace Jakarta,,Digital Hyperspace Indonesia,ID,-6.370178,107.191972,exact,,,,,,,,,,,1533569835,
traditional,osm,STT Jakarta 1,,Singapore Technologies Telemedia,ID,-6.37401,107.201067,exact,,,,,,,,Jakarta 1,,,1533569836,
traditional,osm,Amazon Web Services,,Amazon Web Services,ID,-6.420064,107.355543,exact,,,,,,,,CGK Kutanegara,,,1533569837,
traditional,osm,,,,US,41.142297,-104.71765,exact,,,,,,,,,,,1534114833,
traditional,osm,,,,US,39.005242,-77.446428,exact,,,,,,,,,,,1534356804,
traditional,osm,,,,US,39.003486,-77.448579,exact,,,,,,,,,,,1534356805,
traditional,osm,Datacenter,,,US,46.939993,-67.905588,exact,,,,,,,,,,,1534758773,
traditional,osm,,,,GB,53.449965,-2.370622,exact,,,,,,,,,,,1535147042,
traditional,osm,Data Foundry,,,US,29.945128,-95.424198,exact,,,,,,,,,,,1535715798,
traditional,osm,,,Vantage Data Centers,CH,47.500212,8.760674,exact,,,,,,,,,Winterthur,,1535741153,
traditional,osm,Vantage Data Centers TX21,,Vantage Data Centers,US,29.477374,-98.697525,exact,,,,,,,,,San Antonio,,1535752110,
traditional,osm,NTT,,NTT,IN,13.099009,80.166779,exact,,,,,,,,,,,1536001833,
traditional,osm,NTT DC building 1,,NTT,IN,13.099255,80.166782,exact,,,,,,,,,,,1536001834,
traditional,osm,NTT DC building 2,,NTT,IN,13.09857,80.166757,exact,,,,,,,,,,,1536001835,
traditional,osm,Digital Connexion DC,,Reliance,IN,13.100325,80.164415,exact,,,,,,,,,,,1536001836,
traditional,osm,CtrlS Data Center Chennai,,CtrlS,IN,13.107883,80.162616,exact,,,,,,,,,,,1536001837,
traditional,osm,Iron Mountain Data Centers,,Iron Mountain,IN,13.100481,80.168223,exact,,,,,,,,,,,1536001839,
traditional,osm,Iron Mountain CHN-1 DC,,Iron Mountain,IN,13.100438,80.168783,exact,,,,,,,,,,,1536001840,
traditional,osm,Iron Mountain CHN-2 DC,,Iron Mountain,IN,13.100536,80.168007,exact,,,,,,,,,,,1536001841,
traditional,osm,Colt Data Center,,Colt,IN,13.091439,80.163305,exact,,,,,,,,,,,1536001842,
traditional,osm,,,,US,31.513432,-103.449123,exact,,,,,,,,,,,1536086683,
traditional,osm,,,,US,31.513879,-103.448667,exact,,,,,,,,,,,1536086684,
traditional,osm,Amazon Web Services,,Amazon Web Services,US,38.741982,-77.186173,exact,,,,,,,,,,Dominion (VEPCO),1536981894,
traditional,osm,,,,US,29.445246,-98.644087,exact,,,,,,,,,,,1537390734,
traditional,osm,,,,US,29.445041,-98.644251,exact,,,,,,,,,,,1537390735,
traditional,osm,,,,US,29.444851,-98.644404,exact,,,,,,,,,,,1537390736,
traditional,osm,,,,US,29.444662,-98.644556,exact,,,,,,,,,,,1537390737,
traditional,osm,,,,US,29.444475,-98.64471,exact,,,,,,,,,,,1537390738,
traditional,osm,,,,US,29.444286,-98.644861,exact,,,,,,,,,,,1537390739,
traditional,osm,,,,US,29.444908,-98.643546,exact,,,,,,,,,,,1537390740,
traditional,osm,,,,US,29.4447,-98.64371,exact,,,,,,,,,,,1537390741,
traditional,osm,,,,US,29.444513,-98.643862,exact,,,,,,,,,,,1537390742,
traditional,osm,,,,US,29.444327,-98.644015,exact,,,,,,,,,,,1537390743,
traditional,osm,,,,US,29.444138,-98.644168,exact,,,,,,,,,,,1537390744,
traditional,osm,,,,US,29.44395,-98.644318,exact,,,,,,,,,,,1537390745,
traditional,osm,,,,US,29.44507,-98.643813,exact,,,,,,,,,,,1537390746,
traditional,osm,,,,US,29.444864,-98.643979,exact,,,,,,,,,,,1537390747,
traditional,osm,,,,US,29.44468,-98.644131,exact,,,,,,,,,,,1537390748,
traditional,osm,,,,US,29.444488,-98.644282,exact,,,,,,,,,,,1537390749,
traditional,osm,,,,US,29.444302,-98.644434,exact,,,,,,,,,,,1537390750,
traditional,osm,,,,US,29.444115,-98.644585,exact,,,,,,,,,,,1537390751,
traditional,osm,,,,US,41.270938,-79.814126,exact,,,,,,,,,,,1539600946,
traditional,osm,,,,US,41.27094,-79.813954,exact,,,,,,,,,,,1539600947,
traditional,osm,,,,US,41.271045,-79.814129,exact,,,,,,,,,,,1539600948,
traditional,osm,,,,US,41.271048,-79.81396,exact,,,,,,,,,,,1539600949,
traditional,osm,,,,US,41.271168,-79.813962,exact,,,,,,,,,,,1539600950,
traditional,osm,,,,US,41.271165,-79.814131,exact,,,,,,,,,,,1539600951,
traditional,osm,,,,US,41.271276,-79.814138,exact,,,,,,,,,,,1539600952,
traditional,osm,,,,US,41.271278,-79.813966,exact,,,,,,,,,,,1539600953,
traditional,osm,,,,US,41.271852,-79.813552,exact,,,,,,,,,,,1539600954,
traditional,osm,,,,US,41.271855,-79.813383,exact,,,,,,,,,,,1539600955,
traditional,osm,,,,US,41.271741,-79.81338,exact,,,,,,,,,,,1539600956,
traditional,osm,,,,US,41.271737,-79.813551,exact,,,,,,,,,,,1539600957,
traditional,osm,,,,US,41.271625,-79.813545,exact,,,,,,,,,,,1539600958,
traditional,osm,,,,US,41.271628,-79.813375,exact,,,,,,,,,,,1539600959,
traditional,osm,,,,US,41.271511,-79.813544,exact,,,,,,,,,,,1539600960,
traditional,osm,,,,US,41.271514,-79.813372,exact,,,,,,,,,,,1539600961,
traditional,osm,,,,US,41.271401,-79.813368,exact,,,,,,,,,,,1539600962,
traditional,osm,,,,US,41.271398,-79.81354,exact,,,,,,,,,,,1539600963,
traditional,osm,,,,US,41.271285,-79.813534,exact,,,,,,,,,,,1539600964,
traditional,osm,,,,US,41.271288,-79.813365,exact,,,,,,,,,,,1539600965,
traditional,osm,,,,US,41.271172,-79.813532,exact,,,,,,,,,,,1539600966,
traditional,osm,,,,US,41.271175,-79.813363,exact,,,,,,,,,,,1539600967,
traditional,osm,,,,US,41.271058,-79.813528,exact,,,,,,,,,,,1539600968,
traditional,osm,,,,US,41.271061,-79.813361,exact,,,,,,,,,,,1539600969,
traditional,osm,,,,US,41.271995,-79.812836,exact,,,,,,,,,,,1539600971,
traditional,osm,,,,US,41.272096,-79.812839,exact,,,,,,,,,,,1539600972,
traditional,osm,,,,US,41.272127,-79.8125,exact,,,,,,,,,,,1539603377,
traditional,osm,,,,US,41.272162,-79.812359,exact,,,,,,,,,,,1539603378,
traditional,osm,,,,US,41.272317,-79.812522,exact,,,,,,,,,,,1539603379,
traditional,osm,,,,US,41.272319,-79.812354,exact,,,,,,,,,,,1539603380,
traditional,osm,,,,US,41.272389,-79.812845,exact,,,,,,,,,,,1539603381,
traditional,osm,,,,US,41.272284,-79.812845,exact,,,,,,,,,,,1539603382,
traditional,osm,Google Datacenter,,Google,BE,50.437647,4.574286,exact,,,,,,,,,,,1540030566,
traditional,osm,,,,US,34.857615,-86.622169,exact,,,,,,,,,,,1540172608,
traditional,osm,,,,US,34.851077,-86.626173,exact,,,,,,,,,,,1540172612,
traditional,osm,,,SSE,GB,50.866419,-0.975679,exact,,,,,,,,,Havant,,1540942790,
traditional,osm,Redwire,,,GB,51.512813,-0.309925,exact,,,,,,,,,,,1543080891,
traditional,osm,Digital Realty Northern Virginia IAD44,,Digital Realty,US,38.962625,-77.490011,exact,,,,,,,,,Sterling,,1543296494,
traditional,osm,Digital Realty ACC2,,Digital Realty,US,39.02157,-77.459265,exact,,,,,,,,ACC2,Ashburn,,1543931282,
traditional,osm,Equinix Ashburn DC17,,Equinix,US,39.025006,-77.453613,exact,,,,,,,,DC17,Ashburn,,1543931283,
traditional,osm,,,,US,38.957386,-77.53574,exact,,,,,,,,,,,1544103415,
traditional,osm,,,,US,38.956635,-77.533192,exact,,,,,,,,,,,1544103416,
traditional,osm,,,Ezditek,SA,24.866954,46.713969,exact,,,,,,,,RUH01,,,1544103564,
traditional,osm,,,,US,38.958846,-77.502615,exact,,,,,,,,,,NOVEC (co-op),1544104138,
traditional,osm,,,,US,38.995994,-77.459739,exact,,,,,,,,,,,1544360246,
traditional,osm,,,,US,38.995073,-77.445984,exact,,,,,,,,,,Dominion (VEPCO),1544360247,
traditional,osm,Vantage VA15,,,US,38.999336,-77.441838,exact,,,,,,,,,Sterling,Dominion (VEPCO),1544360248,
traditional,osm,QTS Ashburn 2,,Quality Technology Services,US,38.99816,-77.448997,exact,,,,,,,,DC2,Sterling,Dominion (VEPCO),1544360249,
traditional,osm,,,,US,39.003593,-77.446773,exact,,,,,,,,,,,1544360250,
traditional,osm,Equinix SY5b,,Equinix,AU,-33.920141,151.189826,exact,,,,,,,,SY5,,,1544372402,
traditional,osm,Advanced Operations Center,,University of Minnesota,US,44.97938,-93.226389,exact,,,,,,,,,,,1544712660,
traditional,osm,Telekom Data-Center,,,DE,48.151524,11.598179,exact,,,,,,,,,,,67930,
traditional,osm,DVZ Datenverarbeitungszentrum Mecklenburg-Vorpommern GmbH,,,DE,53.6467,11.380494,exact,,,,,,,,,Schwerin,,331652,
traditional,osm,Euclyde DC1,,Euclyde,FR,43.604608,7.075538,exact,,,,,,,,,,,1074421,
traditional,osm,Digital Realty Paris PAR6,,Digital Realty,FR,48.817032,2.404822,exact,,,,,,,,PAR6,,,1190245,
traditional,osm,Equinix PA7,,Equinix,FR,48.904988,2.259461,exact,,,,,,,,PA7,Courbevoie,,1227851,
traditional,osm,,,TE Connectivety,DE,50.129878,8.59822,exact,,,,,,,,,,,1314773,
traditional,osm,Digital Realty FRA18 -22,,Digital Realty,DE,50.125452,8.75181,exact,,,,,,,,,Frankfurt am Main,,1526344,
traditional,osm,,,Airbus,FR,48.797674,1.969371,exact,,,,,,,,,,,1547056,
traditional,osm,Datacenter IBM,,IBM,FR,48.830863,2.672565,exact,,,,,,,,,,,1604367,
traditional,osm,"OVHcloud, Centre de données de Beauharnois",,,CA,45.308454,-73.893879,exact,,,,,,,,,,,1701662,
traditional,osm,Interxion CPH02,,,DK,55.726538,12.376296,exact,,,,,,,,,,,2171258,
traditional,osm,ekom21,,,DE,50.599183,8.660823,exact,,,,,,,,,Gießen,,2199387,
traditional,osm,Verizon,,,US,40.544255,-74.496521,exact,,,,,,,,,,,2744301,
traditional,osm,Centre Régional de Ressources Informatiques (CRRI),,Université Clermont Auvergne,FR,45.762769,3.109308,exact,,,,,,,,,,,3358244,
traditional,osm,,,,NL,53.437297,6.858265,exact,,,,,,,,,,,3590806,
traditional,osm,CINES,,,FR,43.636151,3.84222,exact,,,,,,,,,,,3718269,
traditional,osm,,,,FR,43.320217,-0.311701,exact,,,,,,,,,,,3820004,
traditional,osm,,,Dataplace,NL,52.123237,5.143985,exact,,,,,,,,,,,3945245,
traditional,osm,,,Google,FI,60.536775,27.116801,exact,,,,,,,,LPP,Hamina,,4510018,
traditional,osm,OVHcloud - Hillsboro,,OVHcloud,US,45.534059,-122.955898,exact,,,,,,,,HIL1,Hillsboro,,4645970,
traditional,osm,SFR,,SFR,FR,48.782904,2.208654,exact,,,,,,,,,,,5888279,
traditional,osm,Digital Realty Stockholm STO1-STO5,,Digital Realty,SE,59.422157,17.916602,exact,,,,,,,,,,,6125296,
traditional,osm,DXC Technology Company,,,DE,49.97842,8.432337,exact,,,,,,,,,,,6409888,
traditional,osm,Datum Farnborough Data Centre,,Datum,GB,51.280585,-0.796056,exact,,,,,,,,FRN1,,,6796887,
traditional,osm,TIER IV,,TIM,IT,41.764541,12.344454,exact,,,,,,,,,Roma,,7129758,
traditional,osm,"Селектел ""Дубровка""",,,RU,59.83454,30.934247,exact,,,,,,,,,,,7500355,
traditional,osm,Höchstleistungsrechenzentrum der Universität Stuttgart,,,DE,48.739486,9.097317,exact,,,,,,,,,Stuttgart,,7513782,
traditional,osm,Gebäude 94/95,,Universität Osnabrück,DE,52.285594,8.022054,exact,,,,,,,,94;95,,,7548459,
traditional,osm,Datahouse,,,RU,55.769735,37.524498,exact,,,,,,,,,,,7574828,
traditional,osm,LCL Wallonia One,,LCL,BE,50.503162,4.717555,exact,,,,,,,,Wallonia One,,,8012396,
traditional,osm,Star of Bosphorus Veri Merkezi,,NGN,TR,40.891307,29.403063,exact,,,,,,,,,Tuzla,,8247494,
traditional,osm,IXcellerate South MOS5,,IXcellerate,RU,55.603021,37.643998,exact,,,,,,,,MOS5,,,8834520,
traditional,osm,Invitech DC10,,Invitech Megoldások Zrt.,HU,47.485692,19.181199,exact,,,,,,,,DC10,Budapest,,9491932,
traditional,osm,Free Pro - Datacenter Limonest (LYO02 - DCForData),,Free Pro (Ex. Jaguar Network - DCForData),FR,45.806681,4.772155,exact,,,,,,,,,,,9701471,
traditional,osm,Datacenter BNP Paribas Marne Est 1,,BNP Paribas,FR,48.835812,2.802099,exact,,,,,,,,,,,11087732,
traditional,osm,VegaSystems NCPB,,VegaSystems,DE,51.680984,8.736386,exact,,,,,,,,,Paderborn,,11982077,
traditional,osm,Liberty Center One,,,US,42.533481,-83.177489,exact,,,,,,,,,Royal Oak,,12901583,
traditional,osm,NTT Global Datacenters Frankfurt 4,,NTT,DE,50.062158,8.485322,exact,,,,,,,,Frankfurt 4,,,13018876,
traditional,osm,"Центр обработки данных ""Авантаж""",,MTS Group,RU,55.567902,37.956837,exact,,,,,,,,,,,13400606,
traditional,osm,TELECOM,,,CO,9.71563,-75.122022,exact,,,,,,,,,,,13642887,
traditional,osm,,,Bouygues Télécom,FR,43.583617,3.867689,exact,,,,,,,,,,,13829451,
traditional,osm,CloudDC,,"ООО ИК ""Сибинтек""",RU,56.009677,37.14911,exact,,,,,,,,,,,14338135,
traditional,osm,STACK Infrastructure OSL04,,Stack Infrastructure,NO,59.632735,11.004645,exact,,,,,,,,,,,14367602,
traditional,osm,Datacenter TIM-Google,,TIM - Google,IT,44.97585,7.724765,exact,,,,,,,,,,,14662947,
traditional,osm,HPC,,Sandia National Laboratories,US,35.049945,-106.542801,exact,,,,,,,,880,,,14930068,
traditional,osm,Barclays Datacenter,,Barclays,US,40.643789,-74.285448,exact,,,,,,,,,,,15884451,
traditional,osm,Edgeconnex Dublin,,EdgeConneX,IE,53.327447,-6.45398,exact,,,,,,,,,,,16056450,
traditional,osm,ЦОД Ростелеком,,Rostelecom,RU,59.972864,30.372565,exact,,,,,,,,,,,16256441,
traditional,osm,CyberNAP Glen Burnie,,AiNET,US,39.14023,-76.60643,exact,,,,,,,,,,,16282459,
traditional,osm,DataPro Moscow II,,DataPro,RU,55.879402,37.433819,exact,,,,,,,,II,,,16532317,
traditional,osm,Яндекс ДЦ Владимир,,Yandex,RU,56.101838,40.189401,exact,,,,,,,,Vladimir,Владимир,,17163450,
traditional,osm,Verne Global Campus,,,IS,63.976848,-22.576784,exact,,,,,,,,,,,17995325,
traditional,osm,Pulsant Edinburgh SC-1,,,GB,55.92976,-3.293393,exact,,,,,,,,,,,18217492,
traditional,osm,２Ａ棟,,AirTrunk,JP,35.791234,139.319553,exact,,,,,,,,ATTOK2A,青梅市,,18736971,
traditional,osm,Vantage Data Centers,,Vantage Data Centers,CA,46.795144,-71.305209,exact,,,,,,,,QC2,,,19187352,
traditional,osm,Dakota Carrier Network,,,US,46.815102,-96.844314,exact,,,,,,,,,,,19390019,
traditional,osm,DigiCo BNE1,,DigiCo,AU,-27.415833,153.091456,exact,,,,,,,,BNE1,,,19402810,
traditional,osm,DigiCo BNE2,,DigiCo,AU,-27.416599,153.092172,exact,,,,,,,,BNE2,,,19402811,
traditional,osm,BNP Paribas (Hello Bank!),,,FR,48.836688,2.802556,exact,,,,,,,,,,,19660889,
traditional,osm,Microsoft Data Center 1,,Microsoft,US,38.80237,-77.582306,exact,,,,,,,,1,Gainesville,,19787207,
traditional,osm,IONIC Digital Cedarvale,,IONIC Digital,US,31.513447,-103.44854,exact,,,,,,,,,,,21073054,
traditional,osm,ICE02 Campus,,atNorth,IS,63.963626,-22.538532,exact,,,,,,,,,,,21121767,
ai,epoch,Google Mesa,Google Mesa,Google,US,,,,183.0,343102,TPU v6e,,,6.932405999999999,,,,,,
ai,epoch,DayOne Nusajaya,DayOne Nusajaya,,MY,,,,240.0,281670,"H100, B300",,,9.09168,,,,,,
ai,epoch,Google Kansas City East,Google Kansas City East,Google,US,,,,105.0,244567,,,,3.9776099999999994,,,,,,
ai,epoch,Amazon Madison Mega Site,Amazon Madison Mega Site,Amazon,US,,,,284.0,214348,Trainium2,Anthropic,,10.758488,"Amazon Data Services Inc, Madison Mega Site Nissan Parkway and Highway 22 Canton, Mississippi Madison County",,,,,
ai,epoch,Google Storey County,Google Storey County,Google,US,,,,161.0,153612,"TPU v5e, TPU v6e",Google DeepMind,,6.0990020000000005,,,,,,
ai,epoch,Oracle Batam,Oracle Batam,Oracle,ID,,,,72.0,84386,"B200, B300",,,2.7275039999999997,,,,,,
ai,epoch,Google Papillion,Google Papillion,Google,US,,,,237.0,80343,"TPU v4, TPU v5e, TPU v6e, TPU v5p",Google DeepMind,,8.978034,"14651-15249 Gold Coast Rd 68138 Papillion Nebraska, USA",,,,,
ai,epoch,Southgate Melbourne,Southgate Melbourne,Firmus,AU,,,,41.0,46488,B300,,,1.553162,,,,,,
ai,epoch,Alibaba Zhangbei,Alibaba Zhangbei,Alibaba,CN,,,,169.0,31884,H20,Alibaba,,6.402058,"Alibaba Zhangbei Yun Calculation Data Center, Zhangbei County, Zhangjiakou, Hebei, China, 076471",,,,,
ai,epoch,Anthropic Barber Lake,Anthropic Barber Lake,Cipher Mining,US,,,,,,,Anthropic,,,,,,,,
ai,epoch,Microsoft Narvik Norway,Microsoft Narvik Norway,Nscale,NO,,,,,,,Microsoft,,,,,,,,
ai,epoch,OpenAI Stargate Michigan,OpenAI Stargate Michigan,Oracle,US,,,,,,,OpenAI,,,,,,,,
ai,epoch,OpenAI Stargate Milam,OpenAI Stargate Milam,Softbank,US,,,,,,,OpenAI,,,,,,,,
ai,epoch,OpenAI Stargate New Mexico,OpenAI Stargate New Mexico,Oracle,US,,,,,,,OpenAI,Bloom Energy,,,,,,,
ai,epoch,OpenAI Stargate Shackelford,OpenAI Stargate Shackelford,Oracle,US,,,,,,,OpenAI,,,"175 Private Road 1604, Abilene, TX 79601, Shackelford County",,,,,
ai,epoch,OpenAI Stargate Wisconsin,OpenAI Stargate Wisconsin,Oracle,US,,,,,,,OpenAI,,,,,,,,
ai,epoch,Microsoft Fairwater Atlanta,Microsoft Fairwater Atlanta,Microsoft,US,33.445223,-84.524826,exact,636.0,768768,B200,"OpenAI, Microsoft",Georgia Power,24.092952,"1435 Hwy 54 W, Fayetteville, GA 30214",,,,,
ai,epoch,Google Pryor (North),Google Pryor (North),Google,US,36.241172,-95.330047,exact,368.0,763011,"TPU v5p, TPU v5e",Google DeepMind,,13.940576,"4581 Webb St, Pryor, OK 74361",,,,,
ai,epoch,Anthropic-Amazon New Carlisle,Anthropic-Amazon New Carlisle,Amazon,US,41.705687,-86.509823,town,910.0,685912,Trainium2,Anthropic,,34.47262,"55001 Larrison Blvd, New Carlisle, IN 46552",,,,,
ai,epoch,Meta Prometheus,Meta Prometheus,Meta,US,40.081175,-82.808786,town,562.0,679568,B200,Meta,"Williams, American Electric Power",21.289684,"1 Community Cir, New Albany, OH 43054",,,,,
ai,epoch,OpenAI Stargate Abilene,OpenAI Stargate Abilene,Oracle,US,32.494232,-99.800907,exact,421.0,509348,"B200, B300",OpenAI,American Electric Power,15.948322,"5502 Spinks Rd, Abilene, TX 79601",,,,,
ai,epoch,Microsoft Fairwater Wisconsin,Microsoft Fairwater Wisconsin,Microsoft,US,42.67487,-87.894888,exact,369.0,445679,B200,"OpenAI, Microsoft",WE Energies,13.978458,"4800 90th St, Mount Pleasant, WI 53403",,,,,
ai,epoch,Google Lincoln,Google Lincoln,Google,US,40.907472,-96.645783,exact,141.0,287518,,,,5.341361999999999,"5475 Cloud Ct, Lincoln, NE 68514",,,,,
ai,epoch,Colossus 1,Colossus 1,SpaceXAI,US,35.073554,-90.087308,exact,340.0,275795,"H100, H200, B200",Anthropic,MLGW,12.87988,"3231 Riverport Rd, Memphis, TN 38109",,,,,
ai,epoch,Google Omaha,Google Omaha,Google,US,41.335681,-96.052363,exact,237.0,267812,"TPU v5e, TPU v5p, TPU v6e",Google DeepMind,,8.978034,"11110 State St, Omaha, NE 68142",,,,,
ai,epoch,CoreWeave Denton TX,CoreWeave Denton TX,CoreWeave,US,33.219273,-97.174783,exact,262.0,252652,B200,OpenAI,,9.925084,"8171 Jim Christal Rd, Denton, TX 76207",,,,,
ai,epoch,Google Bristow,Google Bristow,Google,US,38.731164,-77.548024,town,238.0,239318,"TPU v5e, TPU v5p, TPU v6e, TPU v7",Google DeepMind,,9.015915999999999,"13001 Rollins Ford Road, Bristow, VA 20136",,,,,
ai,epoch,Meta Rosemount,Meta Rosemount,Meta,US,44.739187,-93.12611,town,178.0,215765,B200,Meta,,6.742996,"1772-2396 145th St, Rosemount, MN 55068, USA",,,,,
ai,epoch,Meta Jeffersonville,Meta Jeffersonville,Meta,US,38.279131,-85.739009,exact,178.0,203132,B300,Meta,,6.742996,"500 8th St, Jeffersonville, IN 47130, USA",,,,,
ai,epoch,QTS Richmond 2,QTS Richmond 2,,US,37.523479,-77.315812,town,180.0,182920,,,Dominion Energy,6.818759999999999,"6030–6070 Technology Blvd, Sandston, VA 23150",,,,,
ai,epoch,QTS Richmond 3,QTS Richmond 3,,US,37.523479,-77.315812,town,144.0,174835,,,Dominion Energy,5.455007999999999,"3525–3543 Portugee Rd, Sandston, VA 23150",,,,,
ai,epoch,Meta Montgomery,Meta Montgomery,Meta,US,32.377711,-86.309078,town,153.0,174517,B300,Meta,,5.795946,"Co Rd 42, Montgomery, AL 36105, USA",,,,,
ai,epoch,Meta Kuna,Meta Kuna,Meta,US,43.459207,-116.421111,exact,152.0,173319,B300,Meta,Idaho Power Company,5.758064,"601 Kuna Mora Rd, Kuna ID 83634",,,,,
ai,epoch,Meta Temple,Meta Temple,Meta,US,31.126016,-97.36,exact,152.0,173247,B300,Meta,,5.758064,"2310 Eberhardt Rd, Temple, TX 76504",,,,,
ai,epoch,Meta Cheyenne,Meta Cheyenne,Meta,US,41.139981,-104.820246,exact,152.0,172814,B300,Meta,,5.758064,"Cheyenne, WY 82007, USA",,,,,
ai,epoch,Meta Huntsville,Meta Huntsville,Meta,US,34.898144,-86.73357,town,146.0,166760,B300,Meta,"Tennessee Valley Authority, NextEra Energy Resources, First Solar",5.530772,"5400 Prosperity Dr NW, Toney, AL",,,,,
ai,epoch,Meta Aiken,Meta Aiken,Meta,US,33.741656,-81.842339,town,142.0,161697,B300,Meta,,5.379244,"7601 State Hwy 105, Trenton, SC 29847, USA",,,,,
ai,epoch,Coreweave Helios,Coreweave Helios,CoreWeave,US,33.76286,-100.8168,town,132.0,159551,B200,OpenAI,,5.000424000000001,"984 County Road 112, Afton, TX 79220",,,,,
ai,epoch,Google Arcola,Google Arcola,Google,US,39.001745,-77.403335,town,77.0,157150,,,,2.9169140000000002,"42575 Arcola Blvd, Sterling, VA 20166",,,,,
ai,epoch,Microsoft Project Osmium,Microsoft Project Osmium,Microsoft,US,41.483323,-93.762444,town,190.0,155634,"A100, H100, B200",OpenAI,,7.19758,"5855 SW Kerry St, Cumming, IA 50061",,,,,
ai,epoch,Meta Eagle Mountain,Meta Eagle Mountain,Meta,US,40.309349,-112.011983,town,133.0,151354,B300,Meta,Williams,5.038306,"1275 N Community Cir, Eagle Mountain, UT 84005",,,,,
ai,epoch,VNET Bayin Ulanqab,VNET Bayin Ulanqab,VNET,CN,41.624153,112.632501,exact,221.0,122789,Ascend 910C,ByteDance,,8.371922,"Bayin, Ulanqab, China",,,,,
ai,epoch,Huawei Horinger,Huawei Horinger,Huawei,CN,40.295248,111.904498,town,241.8,117230,Ascend 910C,,,9.159867600000002,"Huawei, Horinger, China",,,,,
ai,epoch,Meta Gallatin,Meta Gallatin,Meta,US,36.388303,-86.44759,town,87.0,99545,B300,Meta,,3.2957339999999995,"1 Meta Lp, Gallatin, TN 37066",,,,,
ai,epoch,CoreWeave Ellendale ND,CoreWeave Ellendale ND,CoreWeave,US,46.010258,-98.568691,exact,68.0,93481,B200,OpenAI,,2.5759760000000003,"9685 87th Ave SE, Ellendale, ND 58436",,,,,
ai,epoch,Meta Sarpy,Meta Sarpy,Meta,US,41.08184,-96.131094,town,80.0,91965,B300,Meta,,3.03056,"14436-14998 Fairview Rd, Springfield, NE 68059, USA",,,,,
ai,epoch,CoreWeave Chester VA,CoreWeave Chester VA,CoreWeave,US,37.348948,-77.438379,town,82.0,88428,"H100, B200",OpenAI,,3.106324,"1401 Meadowville Technology Parkway, Chester, VA",,,,,
ai,epoch,CoreWeave Marble NC,CoreWeave Marble NC,CoreWeave,US,35.184988,-83.914123,exact,65.0,78827,B200,OpenAI,,2.46233,"155 Palmer Ln, Marble, NC 28905",,,,,
ai,epoch,Core42 Lake Mariner,Core42 Lake Mariner,Core42,US,43.358655,-78.604128,exact,58.0,71753,B200,G42,,2.197156,"7725 Lake Rd, Barker, NY 14012",,,,,
ai,epoch,Microsoft SAT40,Microsoft SAT40,Microsoft,US,29.4246,-98.495141,town,75.0,64679,"H100, B300",,,2.84115,"15000 Lambda Drive, San Antonio, TX 78245",,,,,
ai,epoch,STACK Infrastructure NVA02,STACK Infrastructure NVA02,,US,38.745806,-77.537725,exact,85.0,61141,H100,,,3.21997,"9590 Hornbaker Rd, Manassas, VA 20109",,,NOVEC (co-op),,
ai,epoch,Anthropic Lake Mariner,Anthropic Lake Mariner,AI XPV Platform,US,43.358655,-78.604128,exact,42.0,58564,TPU v7,Anthropic,,1.5910440000000001,"7725 Lake Rd, Barker, NY 14012",,,,,
ai,epoch,Microsoft-Nebius New Jersey,Microsoft-Nebius New Jersey,Nebius,US,39.428199,-75.018409,exact,50.0,56846,B300,Microsoft,,1.8941,"3963 S Lincoln Ave, Vineland, New Jersey",,,,,
ai,epoch,CoreWeave Norway,CoreWeave Norway,CoreWeave,NO,58.257573,7.89205,exact,42.0,50773,B200,OpenAI,,1.5910440000000001,"Stølevegen 39, 4715 Øvrebø, Norway",,,,,
ai,epoch,Stream Phoenix,Stream Phoenix,,US,33.419491,-112.359988,exact,64.0,46134,H100,,,2.424448,2950 S. Litchfield Road,,,,,
ai,epoch,CoreWeave Dalton 1 & 2,CoreWeave Dalton 1 & 2,CoreWeave,US,34.713443,-84.952151,exact,28.0,32238,B300,OpenAI,,1.060696,"2205 Industrial South Rd, Dalton, GA, 30721",,,,,
ai,epoch,Start Campus Sines Data Campus,Start Campus Sines Data Campus,Nscale,PT,37.956549,-8.868964,town,33.0,31834,B300,Microsoft,,1.2501060000000002,"Start Campus - Sustainable Data Center Services, Sines, Portugal",,,,,
ai,epoch,CoreWeave Muskogee OK,CoreWeave Muskogee OK,CoreWeave,US,35.696785,-95.495165,exact,,,,OpenAI,,,"1525 W 43rd St S, Muskogee, OK 74401, USA",,,,,
ai,epoch,Crusoe Abilene Expansion,Crusoe Abilene Expansion,Microsoft,US,32.494232,-99.800907,exact,,,,Microsoft,,,"5502 Spinks Rd, Abilene, TX 79601",,,,,
ai,epoch,Goodnight,Goodnight,Google,US,35.10811,-101.362741,town,,,,Google DeepMind,Serena,,"10001 Lima Rd, Claude, TX 79019",,,,,
ai,epoch,Google Cedar Rapids,Google Cedar Rapids,Google,US,41.922176,-91.715667,exact,,,,Google DeepMind,,,"5800 EDGEWOOD RD SW CEDAR RAPIDS, IA 52404",,,,,
ai,epoch,Google Fort Wayne,Google Fort Wayne,Google,US,41.030929,-85.053626,exact,,,,Google DeepMind,,,"6015 Adams Center Road, Fort Wayne, IN 46806",,,,,
ai,epoch,Meta Hyperion,Meta Hyperion,Meta,US,32.467642,-91.626788,exact,,,,Meta,Entergy,,"Holly Ridge, LA 71269",,,,,
ai,epoch,OpenAI Stargate Lordstown,OpenAI Stargate Lordstown,Softbank,US,41.236795,-80.819042,town,,,,OpenAI,,,"2300 Hallock Young Rd, Warren, OH 44481",,,,,
ai,epoch,OpenAI Stargate UAE,OpenAI Stargate UAE,G42,AE,24.479292,52.313949,town,,,,OpenAI,,,"Nexus L&T Project Office, Al Bihouth, Al Dhafrah, Abu Dhabi, United Arab Emirates",,,,,
ai,epoch,QTS Cedar Rapids,QTS Cedar Rapids,,US,41.90562,-91.750987,exact,,,,,Alliant Energy,,"6200 76th Ave SW, Fairfax, IA 52228",,,,,
ai,epoch,QTS Eagle Mountain,QTS Eagle Mountain,,US,40.268886,-112.034294,exact,,,,Meta,,,"652 E Hyperscale Way, Eagle Mountain, UT 84013",,,,,
traditional,manual,,,,US,47.234367,-119.853505,town,,,,,,,"1515 Port Industrial Way, Quincy, WA, USA",,,,,
ai,manual,OpenAI Project Camellia,,OpenAI,US,32.251000,-81.236000,exact,3210,,,,,,"Savannah Gateway Industrial Hub, Rincon, GA, USA",,,,,
ai,manual,Google Project Tembo,,Google,US,41.033000,-104.755000,exact,2700,,,,,,"Switchgrass Industrial Park, Cheyenne, WY, USA",,,,,
ai,manual,Meta El Paso (BlackRock JV),,Meta,US,31.848000,-106.430000,exact,1000,,,,,,"El Paso, TX, USA",,,,,
ai,manual,Meta Sturgeon County,,Meta,CA,53.800000,-113.450000,exact,1000,,,,,,"Sturgeon County, Alberta, Canada",,,,,
ai,manual,Justified Data Campus,,TeraWulf,US,37.899000,-86.754000,exact,401,,,,,,"Hawesville, KY, USA",,,,,
ai,manual,Crusoe Childress (with Lancium),,Crusoe,US,34.426500,-100.204000,exact,1000,,,,,,"Childress, TX, USA",,,,,
ai,manual,Treetop East Fishkill Data Center,,Treetop Companies,US,41.522500,-73.812300,exact,,,,,,,"Donovan Drive, Lime Kiln Corporate Park",NYISO #1738,Hopewell Junction,,,
ai,manual,Arconic Massena Data Center,,Arconic (Apollo Global Management),US,44.952400,-74.887500,exact,,,,,,,45 County Route 42,NYISO #1728/#1729/#1730,Massena,,,
ai,manual,NCCS Massena,,North Country Colocation Services (NYDIG),US,44.981600,-74.751200,exact,,,,,,,182-194 County Road 45,NYISO #0979,Massena,,,
ai,manual,WNY STAMP Data Center,,Stream US Data Centers (GCEDC STAMP),US,43.085900,-78.397500,exact,,,,,,,"STAMP, Route 77",NYISO #0580/#1484,Alabama,,,
ai,manual,Riverview Innovation & Technology Campus,,Riverview Innovation & Technology Campus Inc.,US,42.983000,-78.926400,exact,,,,,,,River Road (former Tonawanda Coke site),NYISO #1726,Tonawanda,,,
ai,manual,ZeroC Massena Data Center,,ZeroC Data Centers (Petawatt Holdings),US,44.949100,-74.862700,exact,,,,,,,417 County Route 42,NYISO #1731/#1213,Massena,,,
ai,manual,Ranalli SuperDC,,Ranalli Super DC LLC,US,43.184900,-76.351200,exact,,,,,,,Hencle Blvd & Oswego Rd,NYISO #1736,Lysander,,,
ai,manual,Pontoon Bridge Road Data Center,,American Data Center Partners LLC,US,44.959000,-74.911000,exact,,,,,,,466 Pontoon Bridge Road,NYISO #1745,Massena,,,
ai,manual,Holtec HI-CLOUD Indian Point,,Holtec International,US,41.261000,-73.953000,exact,,,,,,,450 Broadway,NYISO #1717,Buchanan,,,
ai,manual,Globe Digital Holdings Niagara Falls,,Globe DH LLC,US,43.123500,-79.042900,exact,,,,,,,3801 Highland Ave / 2201 College Ave / 5950 Packard Rd,NYISO #1747/#1748/#1749,Niagara Falls,,,
ai,manual,Kenwood Tech Center,,EKG Group / Guild Ventures,US,42.628000,-73.771000,exact,,,,,,,"former Kenwood convent, Doane Stuart Rd",NYISO #1754,Albany,,,
ai,manual,Brookhaven Digital Infrastructure Facility,,Wildflower Ltd.,US,40.831500,-72.939500,exact,,,,,,,Wildflower industrial park,NYISO #1721,Brookhaven,,,
ai,manual,TeraWulf Cayuga (Lake Hawkeye),,TeraWulf,US,42.602500,-76.636000,exact,,,,,,,"Milliken Station, Cayuga Operating Company site",NYISO #1733,Lansing,,,
