{"type":"FeatureCollection","features":[{"type":"Feature","geometry":{"type":"Polygon","coordinates":[[[-76.5083374,3.4473967],[-76.5085049,3.4473469],[-76.5084581,3.4471904],[-76.508432,3.4471982],[-76.5084133,3.4471358],[-76.5083607,3.4471515],[-76.5084013,3.4472876],[-76.5083472,3.4473038],[-76.5083383,3.4472742],[-76.5082669,3.4472955],[-76.5082801,3.4473398],[-76.5083171,3.4473288],[-76.5083374,3.4473967]]]},"properties":{"id":"fp-ovt-0008c070-d833-43","gers":"0008c070-d833-43ba-b764-de16c29c6722","kind":"building","src":"overture","bbox":[-76.508505,3.447136,-76.508267,3.447397],"m2":345,"sites":["site-e2f29a0c98"]}},{"type":"Feature","geometry":{"type":"Polygon","coordinates":[[[88.1357701,25.000416],[88.1358249,25.0004163],[88.1358242,25.0005113],[88.1357694,25.000511],[88.1357701,25.000416]]]},"properties":{"id":"fp-ovt-005d59f5-581e-40","gers":"005d59f5-581e-40a5-a1fa-344cab642a5c","kind":"building","src":"overture","bbox":[88.135769,25.000416,88.135825,25.000511],"m2":58,"sites":["site-332d8ddcc5"]}},{"type":"Feature","geometry":{"type":"Polygon","coordinates":[[[106.7324974,-6.2975495],[106.7324131,-6.2975681],[106.7324361,-6.2976714],[106.7325205,-6.2976528],[106.7324974,-6.2975495]]]},"properties":{"id":"fp-ovt-007f78bd-0568-45","gers":"007f78bd-0568-4583-b912-d0695735d614","kind":"building","src":"overture","bbox":[106.732413,-6.297671,106.732521,-6.297549],"m2":113,"sites":["site-f442a615ce"]}},{"type":"Feature","geometry":{"type":"Polygon","coordinates":[[[-58.4253416,-34.7890342],[-58.4252313,-34.789111],[-58.4251358,-34.7892432],[-58.4250847,-34.7892182],[-58.4250481,-34.7891828],[-58.4249995,-34.7891591],[-58.4249513,-34.7891124],[-58.4249719,-34.789084],[-58.4250433,-34.7891188],[-58.4250987,-34.7890422],[-58.4251436,-34.7890641],[-58.4252233,-34.7890087],[-58.4252457,-34.7889777],[-58.4252565,-34.7889701],[-58.4253064,-34.7889011],[-58.4253189,-34.7889073],[-58.4253862,-34.7889725],[-58.4253416,-34.7890342]]]},"properties":{"id":"fp-ovt-00f9cb21-abd3-4e","gers":"00f9cb21-abd3-4ef0-8f60-03b6e8aa14b8","kind":"building","src":"overture","bbox":[-58.425386,-34.789243,-58.424951,-34.788901],"m2":498,"sites":["site-0e24ee90d5"]}},{"type":"Feature","geometry":{"type":"Polygon","coordinates":[[[73.2725346,5.6634374],[73.2724214,5.663467],[73.2723874,5.6633571],[73.2725006,5.6633346],[73.2725346,5.6634374]]]},"properties":{"id":"fp-ovt-01354b4b-a791-42","gers":"01354b4b-a791-42c6-b8ef-17738b834074","kind":"building","src":"overture","bbox":[73.272387,5.663335,73.272535,5.663467],"m2":159,"sites":["site-55fb2c9a40"]}},{"type":"Feature","geometry":{"type":"Polygon","coordinates":[[[13.1973997,-8.9584963],[13.1972904,-8.9584513],[13.1972757,-8.9584838],[13.1972395,-8.9584698],[13.1972144,-8.9585261],[13.1973635,-8.9585891],[13.1973997,-8.9584963]]]},"properties":{"id":"fp-ovt-023f4c72-deba-43","gers":"023f4c72-deba-433e-8838-94bd622402de","kind":"building","src":"overture","bbox":[13.197214,-8.958589,13.1974,-8.958451],"m2":176,"sites":["site-573205be7d"]}},{"type":"Feature","geometry":{"type":"Polygon","coordinates":[[[115.2759115,-8.6401405],[115.2758422,-8.640157],[115.2758711,-8.640275],[115.2759403,-8.6402585],[115.2759115,-8.6401405]]]},"properties":{"id":"fp-ovt-02b1f734-aeb3-42","gers":"02b1f734-aeb3-426f-8161-a4b0ac1e5bbb","kind":"building","src":"overture","bbox":[115.275842,-8.640275,115.27594,-8.64014],"m2":106,"sites":["site-151e3c2672"]}},{"type":"Feature","geometry":{"type":"Polygon","coordinates":[[[110.4155818,-6.9867917],[110.4156072,-6.9867021],[110.4155562,-6.9866877],[110.4155308,-6.9867773],[110.4155818,-6.9867917]]]},"properties":{"id":"fp-ovt-0354fb1a-efec-4b","gers":"0354fb1a-efec-4ba9-ad54-e995c50dd1be","kind":"building","src":"overture","bbox":[110.415531,-6.986792,110.415607,-6.986688],"m2":61,"sites":["site-76506f45be"]}},{"type":"Feature","geometry":{"type":"Polygon","coordinates":[[[70.790888,22.2932321],[70.7909128,22.293438],[70.7904929,22.2934813],[70.7904681,22.2932754],[70.790888,22.2932321]]]},"properties":{"id":"fp-ovt-038a046a-e420-4c","gers":"038a046a-e420-4c8b-a503-43986c5d8be2","kind":"building","src":"overture","bbox":[70.790468,22.293232,70.790913,22.293481],"m2":1004,"sites":["site-552fee7a87"]}},{"type":"Feature","geometry":{"type":"Polygon","coordinates":[[[-1.3153496,54.551769],[-1.3153623,54.5513513],[-1.3150662,54.5513483],[-1.3150536,54.5517659],[-1.3153496,54.551769]]]},"properties":{"id":"fp-ovt-03b03f46-9ea3-48","gers":"03b03f46-9ea3-4833-b45b-ce4342c8ae75","kind":"building","src":"overture","bbox":[-1.315362,54.551348,-1.315054,54.551769],"m2":889,"sites":["site-53ace6d874"]}},{"type":"Feature","geometry":{"type":"Polygon","coordinates":[[[81.0189288,26.7927745],[81.018955,26.7927534],[81.0190197,26.7928184],[81.0189935,26.7928395],[81.0189288,26.7927745]]]},"properties":{"id":"fp-ovt-03c38863-e183-44","gers":"03c38863-e183-44ea-a840-7c6c3f256ca2","kind":"building","src":"overture","bbox":[81.018929,26.792753,81.01902,26.792839],"m2":34,"sites":["site-254dd8b443"]}},{"type":"Feature","geometry":{"type":"Polygon","coordinates":[[[-47.451349,-23.4847499],[-47.4513083,-23.4847346],[-47.4513216,-23.4847046],[-47.4513623,-23.4847199],[-47.451349,-23.4847499]]]},"properties":{"id":"fp-ovt-03cc4ff7-d3d5-4b","gers":"03cc4ff7-d3d5-4b1b-8f27-2d272a9a7e99","kind":"building","src":"overture","bbox":[-47.451362,-23.48475,-47.451308,-23.484705],"m2":16,"sites":["site-bd01860be9"]}},{"type":"Feature","geometry":{"type":"Polygon","coordinates":[[[19.10756,47.4491111],[19.1075392,47.4490895],[19.107587,47.4490684],[19.1076079,47.44909],[19.10756,47.4491111]]]},"properties":{"id":"fp-ovt-03fed2e0-fc6d-4c","gers":"03fed2e0-fc6d-4cc1-aecc-8f4425653d03","kind":"building","src":"overture","bbox":[19.107539,47.449068,19.107608,47.449111],"m2":12,"sites":["site-6f20e5b44b"]}},{"type":"Feature","geometry":{"type":"Polygon","coordinates":[[[-35.8762131,-7.2245954],[-35.8762528,-7.2246123],[-35.8761894,-7.2247591],[-35.8761497,-7.2247422],[-35.8762131,-7.2245954]]]},"properties":{"id":"fp-ovt-0430a96c-ad78-4a","gers":"0430a96c-ad78-4a8b-9905-569de2a788b6","kind":"building","src":"overture","bbox":[-35.876253,-7.224759,-35.87615,-7.224595],"m2":85,"sites":["site-e05ec4585f"]}},{"type":"Feature","geometry":{"type":"Polygon","coordinates":[[[55.6741371,58.0184852],[55.6741632,58.0185617],[55.6737464,58.0186015],[55.67372,58.018524],[55.6738643,58.0185102],[55.6738574,58.0184898],[55.6738846,58.0184872],[55.6738754,58.01846],[55.6739148,58.0184562],[55.6739016,58.0184175],[55.6741073,58.0183978],[55.6741253,58.0184506],[55.6741699,58.0184463],[55.6741817,58.018481],[55.6741371,58.0184852]]]},"properties":{"id":"fp-ovt-045c6827-3f68-46","gers":"045c6827-3f68-46d7-99ca-6b16a2c74692","kind":"building","src":"overture","bbox":[55.67372,58.018398,55.674182,58.018602],"m2":366,"sites":["site-3ef7680b95"]}},{"type":"Feature","geometry":{"type":"Polygon","coordinates":[[[-76.9736324,-12.0946599],[-76.9735933,-12.0949391],[-76.9733903,-12.0949119],[-76.9734282,-12.0946293],[-76.9736324,-12.0946599]]]},"properties":{"id":"fp-ovt-04a0b5b6-14cd-4a","gers":"04a0b5b6-14cd-4a40-b32e-309f96173d77","kind":"building","src":"overture","bbox":[-76.973632,-12.094939,-76.97339,-12.094629],"m2":706,"sites":["site-b76e985a41"]}},{"type":"Feature","geometry":{"type":"Polygon","coordinates":[[[-72.9530905,-40.5922674],[-72.9529861,-40.5922447],[-72.9530399,-40.5921009],[-72.9531442,-40.5921236],[-72.9530905,-40.5922674]]]},"properties":{"id":"fp-ovt-04b42514-564c-42","gers":"04b42514-564c-42b7-afa9-f55390b44a14","kind":"building","src":"overture","bbox":[-72.953144,-40.592267,-72.952986,-40.592101],"m2":153,"sites":["site-9e567e8e22"]}},{"type":"Feature","geometry":{"type":"Polygon","coordinates":[[[25.619277,45.6487778],[25.619385,45.6486888],[25.6196479,45.6488448],[25.619616,45.6488711],[25.6199204,45.6490517],[25.6198125,45.6491406],[25.6195546,45.6489877],[25.6195865,45.6489613],[25.619277,45.6487778]]]},"properties":{"id":"fp-ovt-04b706e2-be30-46","gers":"04b706e2-be30-4668-972c-62e6775aa32e","kind":"building","src":"overture","bbox":[25.619277,45.648689,25.61992,45.649141],"m2":734,"sites":["site-f770653c5e"]}},{"type":"Feature","geometry":{"type":"Polygon","coordinates":[[[-60.7036289,-31.6345951],[-60.7036245,-31.6345537],[-60.7036783,-31.6345495],[-60.7036827,-31.6345909],[-60.7036289,-31.6345951]]]},"properties":{"id":"fp-ovt-051e309e-a9cd-46","gers":"051e309e-a9cd-4611-a227-85e511c9c28a","kind":"building","src":"overture","bbox":[-60.703683,-31.634595,-60.703624,-31.634549],"m2":24,"sites":["site-ccf36d53f9"]}},{"type":"Feature","geometry":{"type":"Polygon","coordinates":[[[4.197984,43.690848],[4.197977,43.690897],[4.19786,43.690887],[4.197876,43.690778],[4.198044,43.690791],[4.198035,43.690852],[4.197984,43.690848]]]},"properties":{"id":"fp-ovt-052548ed-7cf5-46","gers":"052548ed-7cf5-46f2-a78e-334dc35ac90b","kind":"building","src":"overture","bbox":[4.19786,43.690778,4.198044,43.690897],"m2":144,"sites":["site-b2431345a2"]}},{"type":"Feature","geometry":{"type":"Polygon","coordinates":[[[76.7779886,30.3678814],[76.77808,30.367984],[76.778011,30.3680303],[76.7779195,30.3679277],[76.7779886,30.3678814]]]},"properties":{"id":"fp-ovt-0529dd9d-7d7b-4c","gers":"0529dd9d-7d7b-4c8a-b517-6287d6b116a7","kind":"building","src":"overture","bbox":[76.777919,30.367881,76.77808,30.36803],"m2":121,"sites":["site-63087586ba"]}},{"type":"Feature","geometry":{"type":"Polygon","coordinates":[[[51.5969538,25.0910738],[51.5969112,25.0909579],[51.5970029,25.0909302],[51.5970455,25.0910461],[51.5969538,25.0910738]]]},"properties":{"id":"fp-ovt-05324d2b-c59e-49","gers":"05324d2b-c59e-490e-81d3-d6bcae827b1d","kind":"building","src":"overture","bbox":[51.596911,25.09093,51.597046,25.091074],"m2":133,"sites":["site-08ee4a778d"]}},{"type":"Feature","geometry":{"type":"Polygon","coordinates":[[[44.4828819,40.1511301],[44.4830523,40.1509904],[44.4830896,40.151017],[44.4829192,40.1511567],[44.4828819,40.1511301]]]},"properties":{"id":"fp-ovt-0613beb0-167e-43","gers":"0613beb0-167e-4387-b094-ea16f17e7df6","kind":"building","src":"overture","bbox":[44.482882,40.15099,44.48309,40.151157],"m2":92,"sites":["site-c973134d7f"]}},{"type":"Feature","geometry":{"type":"Polygon","coordinates":[[[9.4672938,0.4161188],[9.4673377,0.4161179],[9.4673391,0.4161876],[9.4672952,0.4161885],[9.4672938,0.4161188]]]},"properties":{"id":"fp-ovt-06998dd9-9270-4d","gers":"06998dd9-9270-4d26-8514-b92be977aae6","kind":"building","src":"overture","bbox":[9.467294,0.416118,9.467339,0.416189],"m2":38,"sites":["site-430113ca36"]}},{"type":"Feature","geometry":{"type":"Polygon","coordinates":[[[48.3925537,54.3120403],[48.3924086,54.3120282],[48.3924298,54.3119327],[48.3926134,54.3119476],[48.392592,54.3120434],[48.3925622,54.312041],[48.3925612,54.3120453],[48.3925526,54.3120445],[48.3925537,54.3120403]]]},"properties":{"id":"fp-ovt-06c69596-77a5-4f","gers":"06c69596-77a5-4fc4-b8e2-c4b44a89b726","kind":"building","src":"overture","bbox":[48.392409,54.311933,48.392613,54.312045],"m2":130,"sites":["site-3859003019"]}},{"type":"Feature","geometry":{"type":"Polygon","coordinates":[[[-44.082447,-19.7767576],[-44.0824215,-19.776752],[-44.0824387,-19.7766815],[-44.0824643,-19.7766871],[-44.082447,-19.7767576]]]},"properties":{"id":"fp-ovt-0789be65-8c0f-47","gers":"0789be65-8c0f-4744-9692-c35c2ed86d77","kind":"building","src":"overture","bbox":[-44.082464,-19.776758,-44.082422,-19.776681],"m2":22,"sites":["site-83747cc81b"]}},{"type":"Feature","geometry":{"type":"Polygon","coordinates":[[[-46.6402324,-23.5740763],[-46.6403334,-23.5744496],[-46.6401927,-23.5744816],[-46.6400917,-23.5741083],[-46.6402324,-23.5740763]]]},"properties":{"id":"fp-ovt-07a4e216-ff6b-47","gers":"07a4e216-ff6b-479b-8d3e-5306d16d2cc5","kind":"building","src":"overture","bbox":[-46.640333,-23.574482,-46.640092,-23.574076],"m2":633,"sites":["site-bd1eea0e3d"]}},{"type":"Feature","geometry":{"type":"Polygon","coordinates":[[[39.2017612,-6.7040767],[39.2017206,-6.704113],[39.2017712,-6.7041687],[39.2018117,-6.7041323],[39.2017612,-6.7040767]]]},"properties":{"id":"fp-ovt-07c1128f-3661-4b","gers":"07c1128f-3661-4b37-a4d3-36799c7541f7","kind":"building","src":"overture","bbox":[39.201721,-6.704169,39.201812,-6.704077],"m2":50,"sites":["site-bf10b77dbe"]}},{"type":"Feature","geometry":{"type":"Polygon","coordinates":[[[67.0671071,24.8022481],[67.0672953,24.8024327],[67.0671906,24.8025207],[67.0670024,24.8023361],[67.0671071,24.8022481]]]},"properties":{"id":"fp-ovt-07ee6582-81ff-48","gers":"07ee6582-81ff-489a-950d-bbc90064b885","kind":"building","src":"overture","bbox":[67.067002,24.802248,67.067295,24.802521],"m2":404,"sites":["site-24eac81df9"]}},{"type":"Feature","geometry":{"type":"Polygon","coordinates":[[[-70.5699788,-33.4074192],[-70.5699254,-33.4072578],[-70.5704025,-33.4071479],[-70.5704559,-33.4073093],[-70.5699788,-33.4074192]]]},"properties":{"id":"fp-ovt-0860be25-2216-4b","gers":"0860be25-2216-4b3a-bd41-9e348d43b345","kind":"building","src":"overture","bbox":[-70.570456,-33.407419,-70.569925,-33.407148],"m2":857,"sites":["site-5fe480db49"]}},{"type":"Feature","geometry":{"type":"Polygon","coordinates":[[[-74.7920095,10.9593434],[-74.7920788,10.9593737],[-74.7921397,10.9592393],[-74.7920705,10.959209],[-74.7920095,10.9593434]]]},"properties":{"id":"fp-ovt-0905aa10-3c5c-44","gers":"0905aa10-3c5c-440f-ad36-d1226a1fda60","kind":"building","src":"overture","bbox":[-74.79214,10.959209,-74.79201,10.959374],"m2":136,"sites":["site-8d4ddb0d84"]}},{"type":"Feature","geometry":{"type":"Polygon","coordinates":[[[30.2973116,59.9135416],[30.2969272,59.9135389],[30.2969289,59.9133951],[30.2969568,59.9133954],[30.2969631,59.9131798],[30.2968892,59.9131795],[30.2968892,59.9131412],[30.2968742,59.913139],[30.2968784,59.9129632],[30.2972316,59.9129679],[30.2972845,59.9129945],[30.2973311,59.9130179],[30.2973116,59.9135416]]]},"properties":{"id":"fp-ovt-09107afa-0efd-41","gers":"09107afa-0efd-41c3-b75e-e9ba155e82ad","kind":"building","src":"overture","bbox":[30.296874,59.912963,30.297331,59.913542],"m2":1413,"sites":["site-559afecc65"]}},{"type":"Feature","geometry":{"type":"Polygon","coordinates":[[[-21.9626687,64.1434015],[-21.9627717,64.1433041],[-21.9621698,64.1431831],[-21.9620668,64.1432805],[-21.9626687,64.1434015]]]},"properties":{"id":"fp-ovt-0925144e-8915-47","gers":"0925144e-8915-47ae-962a-19bf80d46b41","kind":"building","src":"overture","bbox":[-21.962772,64.143183,-21.962067,64.143401],"m2":384,"sites":["site-2db93b60a7"]}},{"type":"Feature","geometry":{"type":"Polygon","coordinates":[[[30.511594,50.4454151],[30.5115774,50.4454178],[30.5115953,50.4454626],[30.5114717,50.4454827],[30.511466,50.4454684],[30.5112521,50.4455031],[30.5112543,50.4455086],[30.5111545,50.4455248],[30.5111265,50.4454546],[30.5112286,50.4454381],[30.511223,50.4454241],[30.5113405,50.445405],[30.5113443,50.4454148],[30.5115787,50.4453768],[30.511594,50.4454151]]]},"properties":{"id":"fp-ovt-0938153f-b6a0-46","gers":"0938153f-b6a0-4610-8aa2-bbbe0f36458d","kind":"building","src":"overture","bbox":[30.511126,50.445377,30.511595,50.445525],"m2":284,"sites":["site-ea2f8b77b1"]}},{"type":"Feature","geometry":{"type":"Polygon","coordinates":[[[28.0446145,45.4263983],[28.0442305,45.4268102],[28.0440912,45.4267445],[28.0444832,45.4263326],[28.0446145,45.4263983]]]},"properties":{"id":"fp-ovt-09dca66f-aa98-4a","gers":"09dca66f-aa98-4a7f-98d8-50d73121abf6","kind":"building","src":"overture","bbox":[28.044091,45.426333,28.044615,45.42681],"m2":706,"sites":["site-063df01e40"]}},{"type":"Feature","geometry":{"type":"Polygon","coordinates":[[[-58.6303179,-26.2400123],[-58.6302606,-26.2400076],[-58.6302639,-26.2399753],[-58.6303211,-26.23998],[-58.6303179,-26.2400123]]]},"properties":{"id":"fp-ovt-0a4afec9-826b-49","gers":"0a4afec9-826b-4912-a81e-136c30e7db56","kind":"building","src":"overture","bbox":[-58.630321,-26.240012,-58.630261,-26.239975],"m2":21,"sites":["site-8dd6680d7a"]}},{"type":"Feature","geometry":{"type":"Polygon","coordinates":[[[-111.1898905,45.6739646],[-111.1901136,45.6739641],[-111.1901124,45.6736773],[-111.1898892,45.6736778],[-111.1898905,45.6739646]]]},"properties":{"id":"fp-ovt-0a64b9c7-9c86-49","gers":"0a64b9c7-9c86-496b-9591-ea33719f920c","kind":"building","src":"overture","bbox":[-111.190114,45.673677,-111.189889,45.673965],"m2":554,"sites":["site-b2a606819d"]}},{"type":"Feature","geometry":{"type":"Polygon","coordinates":[[[9.6529586,52.9069493],[9.6529622,52.9069551],[9.6533451,52.906868],[9.6533751,52.9069158],[9.6533599,52.9069192],[9.6533717,52.9069382],[9.6533887,52.9069343],[9.6534142,52.906975],[9.6530343,52.9070615],[9.6530412,52.9070726],[9.6530543,52.9070696],[9.6530829,52.9071154],[9.6525376,52.9072395],[9.65251,52.9071953],[9.6525245,52.907192],[9.6525126,52.9071729],[9.6524979,52.9071763],[9.6524722,52.9071352],[9.6528724,52.9070441],[9.6528632,52.9070294],[9.6528351,52.9070358],[9.6528092,52.9069943],[9.652824,52.906991],[9.6528179,52.9069813],[9.6529586,52.9069493]]]},"properties":{"id":"fp-ovt-0ab11fca-2337-4c","gers":"0ab11fca-2337-4cd8-8417-dd69ea081a9a","kind":"building","src":"overture","bbox":[9.652472,52.906868,9.653414,52.90724],"m2":907,"sites":["site-5fc40e8de4"]}},{"type":"Feature","geometry":{"type":"Polygon","coordinates":[[[-51.1431492,-30.0131406],[-51.1430359,-30.0131464],[-51.1429974,-30.0131486],[-51.1429964,-30.0131345],[-51.1430013,-30.0131342],[-51.1430008,-30.0131275],[-51.1429866,-30.0131283],[-51.1429882,-30.0131491],[-51.1429421,-30.0131517],[-51.1428733,-30.0131557],[-51.1428665,-30.0130712],[-51.1429201,-30.0130682],[-51.1429196,-30.0130619],[-51.1429993,-30.0130575],[-51.1430013,-30.0130837],[-51.1431274,-30.0130764],[-51.1431331,-30.0131052],[-51.1431465,-30.0131044],[-51.1431492,-30.0131406]]]},"properties":{"id":"fp-ovt-0af75a78-64bb-49","gers":"0af75a78-64bb-49e0-993a-7a2913b041c9","kind":"building","src":"overture","bbox":[-51.143149,-30.013156,-51.142866,-30.013057],"m2":219,"sites":["site-d95b826d4a"]}},{"type":"Feature","geometry":{"type":"Polygon","coordinates":[[[77.7362208,8.7269918],[77.7362238,8.7269393],[77.7362886,8.726943],[77.7362856,8.7269955],[77.7362208,8.7269918]]]},"properties":{"id":"fp-ovt-0b2a2213-a514-42","gers":"0b2a2213-a514-42fe-bea5-898992085ed4","kind":"building","src":"overture","bbox":[77.736221,8.726939,77.736289,8.726995],"m2":42,"sites":["site-e3611ffa09"]}},{"type":"Feature","geometry":{"type":"Polygon","coordinates":[[[76.544109,9.7549795],[76.5440881,9.7550601],[76.5440604,9.7550531],[76.5440813,9.7549724],[76.544109,9.7549795]]]},"properties":{"id":"fp-ovt-0b97636c-25a6-4b","gers":"0b97636c-25a6-4bbe-a927-98716cb12dfc","kind":"building","src":"overture","bbox":[76.54406,9.754972,76.544109,9.75506],"m2":29,"sites":["site-802eb2143a"]}},{"type":"Feature","geometry":{"type":"Polygon","coordinates":[[[77.3617026,23.3011007],[77.3617506,23.3011027],[77.3617492,23.3011319],[77.3617012,23.3011299],[77.3617026,23.3011007]]]},"properties":{"id":"fp-ovt-0bbbdb4e-7dd8-4c","gers":"0bbbdb4e-7dd8-4ca4-9b5a-e6ff3ecfdacf","kind":"building","src":"overture","bbox":[77.361701,23.301101,77.361751,23.301132],"m2":16,"sites":["site-ea7d3670fb"]}},{"type":"Feature","geometry":{"type":"Polygon","coordinates":[[[13.7231394,51.053318],[13.7229289,51.0532697],[13.7230457,51.0530559],[13.7232084,51.0530924],[13.7232563,51.0531014],[13.7231394,51.053318]]]},"properties":{"id":"fp-ovt-0c48c62e-9311-4d","gers":"0c48c62e-9311-4dd6-8497-aa7c995743fb","kind":"building","src":"overture","bbox":[13.722929,51.053056,13.723256,51.053318],"m2":395,"sites":["site-a41e2f1f15"]}},{"type":"Feature","geometry":{"type":"Polygon","coordinates":[[[115.1836862,-8.6365748],[115.1836884,-8.6366277],[115.1837296,-8.6366261],[115.1837274,-8.6365731],[115.1836862,-8.6365748]]]},"properties":{"id":"fp-ovt-0cb68493-857e-4b","gers":"0cb68493-857e-4b93-b693-6ef48eb49c9e","kind":"building","src":"overture","bbox":[115.183686,-8.636628,115.18373,-8.636573],"m2":27,"sites":["site-dcd7871b91"]}},{"type":"Feature","geometry":{"type":"Polygon","coordinates":[[[8.398613,55.4178579],[8.3985402,55.4178776],[8.3984769,55.4178016],[8.3985498,55.4177821],[8.398613,55.4178579]]]},"properties":{"id":"fp-ovt-0d1e3410-02d6-4b","gers":"0d1e3410-02d6-4be1-a95c-73063837ab06","kind":"building","src":"overture","bbox":[8.398477,55.417782,8.398613,55.417878],"m2":48,"sites":["site-d6a849e6cd"]}},{"type":"Feature","geometry":{"type":"Polygon","coordinates":[[[29.0617634,40.2591714],[29.0618217,40.2591887],[29.0617856,40.2592596],[29.061676,40.2594751],[29.0616462,40.2594662],[29.0616462,40.2594314],[29.0615947,40.2594162],[29.0616596,40.2594162],[29.0616596,40.2593833],[29.0616623,40.2593781],[29.0616623,40.2592991],[29.0616016,40.2592811],[29.0615711,40.2592811],[29.0615711,40.2592413],[29.0615325,40.2592299],[29.0615617,40.2591726],[29.0616301,40.2591726],[29.0616301,40.2592033],[29.0616539,40.2592033],[29.0617022,40.2592176],[29.0617399,40.2592176],[29.0617634,40.2591714]]]},"properties":{"id":"fp-ovt-0d4e8f97-2fb3-43","gers":"0d4e8f97-2fb3-4385-9d13-7535e70c9e62","kind":"building","src":"overture","bbox":[29.061532,40.259171,29.061822,40.259475],"m2":336,"sites":["site-5a237f5935"]}},{"type":"Feature","geometry":{"type":"Polygon","coordinates":[[[114.4993626,-2.8558131],[114.4994406,-2.8558374],[114.4994945,-2.8556648],[114.4994165,-2.8556405],[114.4993626,-2.8558131]]]},"properties":{"id":"fp-ovt-0df0485a-009a-4c","gers":"0df0485a-009a-4c01-b925-17ef93e3aef3","kind":"building","src":"overture","bbox":[114.499363,-2.855837,114.499494,-2.85564],"m2":183,"sites":["site-650c5a3a4a"]}},{"type":"Feature","geometry":{"type":"Polygon","coordinates":[[[-21.8750681,64.1362157],[-21.8752679,64.1363308],[-21.8758064,64.136153],[-21.8757662,64.1361298],[-21.8758576,64.1360997],[-21.8760872,64.136232],[-21.8761568,64.136209],[-21.8761707,64.1362171],[-21.8762527,64.13619],[-21.8762318,64.1361779],[-21.8763104,64.1361519],[-21.876116,64.1360399],[-21.8759852,64.1359645],[-21.8759383,64.1359375],[-21.8758654,64.1359616],[-21.8758445,64.1359496],[-21.8757556,64.135979],[-21.8757674,64.1359858],[-21.8756952,64.1360096],[-21.8757232,64.1360258],[-21.8756247,64.1360583],[-21.8755955,64.1360415],[-21.8750681,64.1362157]]]},"properties":{"id":"fp-ovt-0e60be00-5914-46","gers":"0e60be00-5914-4605-96a8-456cfcaac606","kind":"building","src":"overture","bbox":[-21.87631,64.135937,-21.875068,64.136331],"m2":1027,"sites":["site-38bf236884"]}},{"type":"Feature","geometry":{"type":"Polygon","coordinates":[[[-53.4416714,-24.939463],[-53.4415644,-24.9394368],[-53.4415715,-24.9394128],[-53.4415397,-24.939405],[-53.4415884,-24.9392402],[-53.4417271,-24.9392742],[-53.4416714,-24.939463]]]},"properties":{"id":"fp-ovt-0e68cbe9-e99f-42","gers":"0e68cbe9-e99f-423c-9fd5-463edaa30ed2","kind":"building","src":"overture","bbox":[-53.441727,-24.939463,-53.44154,-24.93924],"m2":306,"sites":["site-0fe4a0e637"]}},{"type":"Feature","geometry":{"type":"Polygon","coordinates":[[[22.6702684,44.6440027],[22.6702494,44.6440844],[22.6701737,44.6440756],[22.6701927,44.6439938],[22.6702684,44.6440027]]]},"properties":{"id":"fp-ovt-0ed411e2-1a2f-40","gers":"0ed411e2-1a2f-403e-a906-614fadecff8a","kind":"building","src":"overture","bbox":[22.670174,44.643994,22.670268,44.644084],"m2":56,"sites":["site-a2ce911b26"]}},{"type":"Feature","geometry":{"type":"Polygon","coordinates":[[[106.8428696,-6.4722515],[106.8428411,-6.4721455],[106.8428016,-6.4721562],[106.84283,-6.4722622],[106.8428696,-6.4722515]]]},"properties":{"id":"fp-ovt-0f1fde83-5c39-4d","gers":"0f1fde83-5c39-4d17-bc6a-a73d9245fbfb","kind":"building","src":"overture","bbox":[106.842802,-6.472262,106.84287,-6.472145],"m2":55,"sites":["site-6a15d8aada"]}},{"type":"Feature","geometry":{"type":"Polygon","coordinates":[[[-51.1675084,-27.0020219],[-51.167493,-27.0018747],[-51.1675994,-27.0018657],[-51.1676149,-27.0020129],[-51.1675084,-27.0020219]]]},"properties":{"id":"fp-ovt-0f6c7a63-08fd-45","gers":"0f6c7a63-08fd-459c-9fc5-67747820666d","kind":"building","src":"overture","bbox":[-51.167615,-27.002022,-51.167493,-27.001866],"m2":175,"sites":["site-28214e2964"]}},{"type":"Feature","geometry":{"type":"Polygon","coordinates":[[[-73.2893771,41.4513292],[-73.2891839,41.4513659],[-73.2892952,41.4516953],[-73.2891201,41.4517286],[-73.2891681,41.4518708],[-73.2895213,41.4518037],[-73.2894768,41.4516721],[-73.2894853,41.4516664],[-73.2894746,41.4516347],[-73.2897555,41.4515814],[-73.2897194,41.4514745],[-73.2895027,41.4515157],[-73.2895309,41.4515993],[-73.2894647,41.4516119],[-73.2894084,41.4514454],[-73.2895061,41.4514269],[-73.2894991,41.4514061],[-73.2895393,41.4513984],[-73.2895141,41.4513236],[-73.2894058,41.4513442],[-73.2894295,41.4514144],[-73.2894073,41.4514186],[-73.2893771,41.4513292]]]},"properties":{"id":"fp-ovt-0faa9cd9-39ec-49","gers":"0faa9cd9-39ec-4961-8ed4-c2fdf08951ee","kind":"building","src":"overture","bbox":[-73.289755,41.451324,-73.28912,41.451871],"m2":1455,"sites":["site-47f1286aed"]}},{"type":"Feature","geometry":{"type":"Polygon","coordinates":[[[10.1831917,36.8211972],[10.1833599,36.8213455],[10.1832511,36.8214245],[10.1833005,36.8214681],[10.183227,36.8215215],[10.1831394,36.8214443],[10.183174,36.8214191],[10.1831459,36.8213944],[10.1832128,36.8213458],[10.1831968,36.8213317],[10.1831637,36.8213557],[10.1830076,36.821218],[10.1830274,36.8212036],[10.182998,36.8211777],[10.183062,36.8211312],[10.1831162,36.821179],[10.1831257,36.8211721],[10.1831711,36.8212121],[10.1831917,36.8211972]]]},"properties":{"id":"fp-ovt-0fc53f26-af0e-46","gers":"0fc53f26-af0e-467f-afa8-a6db08f114eb","kind":"building","src":"overture","bbox":[10.182998,36.821131,10.18336,36.821522],"m2":543,"sites":["site-5e3c88ca51"]}},{"type":"Feature","geometry":{"type":"Polygon","coordinates":[[[121.6200855,31.2483022],[121.6201324,31.2483716],[121.6199972,31.2488101],[121.6199435,31.2488369],[121.619709,31.2484903],[121.6200855,31.2483022]]]},"properties":{"id":"fp-ovt-109aa2ff-7832-48","gers":"109aa2ff-7832-488b-a07b-6c82f69429f3","kind":"building","src":"overture","bbox":[121.619709,31.248302,121.620132,31.248837],"m2":1215,"sites":["site-0ed9a5e331"]}},{"type":"Feature","geometry":{"type":"Polygon","coordinates":[[[23.3597278,42.9559476],[23.3597913,42.9559751],[23.3597532,42.9560222],[23.3597902,42.9560383],[23.3597984,42.9560281],[23.359815,42.9560353],[23.359788,42.9560687],[23.3596708,42.9560179],[23.3597278,42.9559476]]]},"properties":{"id":"fp-ovt-1186ca2c-ea96-4b","gers":"1186ca2c-ea96-4bb9-bea9-940a693c4c83","kind":"building","src":"overture","bbox":[23.359671,42.955948,23.359815,42.956069],"m2":72,"sites":["site-c56521aae4"]}},{"type":"Feature","geometry":{"type":"Polygon","coordinates":[[[74.2099315,32.1356523],[74.2100248,32.1356503],[74.2100311,32.1358698],[74.2099378,32.1358717],[74.2099315,32.1356523]]]},"properties":{"id":"fp-ovt-119615de-8a83-4b","gers":"119615de-8a83-4b0f-9d4b-cc3f12f0a8dc","kind":"building","src":"overture","bbox":[74.209931,32.13565,74.210031,32.135872],"m2":215,"sites":["site-d554353122"]}},{"type":"Feature","geometry":{"type":"Polygon","coordinates":[[[74.9416827,32.6424166],[74.9417034,32.6425636],[74.9416161,32.6425723],[74.941621,32.6426067],[74.9414993,32.6426189],[74.9414929,32.6425733],[74.9413909,32.6425835],[74.9413829,32.6425266],[74.9413406,32.6425308],[74.941318,32.6423704],[74.9413339,32.6423688],[74.9413263,32.6423154],[74.9414812,32.6422999],[74.9414869,32.64234],[74.9416124,32.6423275],[74.9416257,32.6424223],[74.9416827,32.6424166]]]},"properties":{"id":"fp-ovt-11aafb53-9079-47","gers":"11aafb53-9079-478d-9782-014a40db7263","kind":"building","src":"overture","bbox":[74.941318,32.6423,74.941703,32.642619],"m2":912,"sites":["site-4c23aefbd1"]}},{"type":"Feature","geometry":{"type":"Polygon","coordinates":[[[3.4175088,6.4266404],[3.4174863,6.4266404],[3.4174863,6.426619],[3.4174865,6.4265625],[3.417597,6.4265625],[3.417597,6.4266401],[3.4175088,6.4266404]]]},"properties":{"id":"fp-ovt-11e34832-e418-4f","gers":"11e34832-e418-4fb5-948a-45b8079ab9a9","kind":"building","src":"overture","bbox":[3.417486,6.426563,3.417597,6.42664],"m2":106,"sites":["site-05b928f1b8"]}},{"type":"Feature","geometry":{"type":"Polygon","coordinates":[[[80.2723699,13.0266844],[80.2722546,13.0266845],[80.2722543,13.0264709],[80.2723696,13.0264708],[80.2723699,13.0266844]]]},"properties":{"id":"fp-ovt-11f9550d-234b-49","gers":"11f9550d-234b-4996-8ded-315f08441e3f","kind":"building","src":"overture","bbox":[80.272254,13.026471,80.27237,13.026684],"m2":297,"sites":["site-3735df9941"]}},{"type":"Feature","geometry":{"type":"Polygon","coordinates":[[[-70.6166246,-33.3871454],[-70.6166592,-33.387377],[-70.6162509,-33.3874196],[-70.6162163,-33.387188],[-70.6166246,-33.3871454]]]},"properties":{"id":"fp-ovt-123227bd-bb82-47","gers":"123227bd-bb82-4781-902b-38e8cda027c1","kind":"building","src":"overture","bbox":[-70.616659,-33.38742,-70.616216,-33.387145],"m2":994,"sites":["site-6e0f75571b"]}},{"type":"Feature","geometry":{"type":"Polygon","coordinates":[[[96.2455562,16.9054916],[96.2455162,16.9054196],[96.2455684,16.905393],[96.2456085,16.905465],[96.2455562,16.9054916]]]},"properties":{"id":"fp-ovt-127fbda9-8bbd-4c","gers":"127fbda9-8bbd-4c07-8984-2b8c96c92388","kind":"building","src":"overture","bbox":[96.245516,16.905393,96.245609,16.905492],"m2":57,"sites":["site-3246109070"]}},{"type":"Feature","geometry":{"type":"Polygon","coordinates":[[[-8.0319685,12.5976641],[-8.0320868,12.5975839],[-8.0320295,12.597506],[-8.0319892,12.5975279],[-8.0319578,12.5974856],[-8.0319151,12.5975118],[-8.0319473,12.5975572],[-8.0319101,12.5975824],[-8.0318793,12.5975406],[-8.0318062,12.5975895],[-8.0319128,12.5977388],[-8.0319851,12.5976882],[-8.0319685,12.5976641]]]},"properties":{"id":"fp-ovt-12dc9294-c0e6-41","gers":"12dc9294-c0e6-412f-96af-b16d40d443b6","kind":"building","src":"overture","bbox":[-8.032087,12.597486,-8.031806,12.597739],"m2":401,"sites":["site-3636fcabcb"]}},{"type":"Feature","geometry":{"type":"Polygon","coordinates":[[[77.2685846,28.5515227],[77.2685572,28.5517922],[77.2683089,28.5517727],[77.2683307,28.551558],[77.2683744,28.5515614],[77.26838,28.5515066],[77.2685846,28.5515227]]]},"properties":{"id":"fp-ovt-132e65bd-6f53-46","gers":"132e65bd-6f53-46d3-88ac-3930c0e2d2da","kind":"building","src":"overture","bbox":[77.268309,28.551507,77.268585,28.551792],"m2":708,"sites":["site-61db0801f6"]}},{"type":"Feature","geometry":{"type":"Polygon","coordinates":[[[-70.6060151,-33.4305237],[-70.6061047,-33.4305439],[-70.6060844,-33.4306066],[-70.6059948,-33.4305864],[-70.6060151,-33.4305237]]]},"properties":{"id":"fp-ovt-138985af-c517-49","gers":"138985af-c517-49d6-b186-7c22e812dbd3","kind":"building","src":"overture","bbox":[-70.606105,-33.430607,-70.605995,-33.430524],"m2":62,"sites":["site-ad87731e85"]}},{"type":"Feature","geometry":{"type":"Polygon","coordinates":[[[20.490741,53.7412497],[20.4910094,53.7412499],[20.4910092,53.7413624],[20.4910712,53.7413625],[20.4910711,53.7414344],[20.4905263,53.741434],[20.4905266,53.7413101],[20.4906305,53.7413101],[20.4906306,53.7412511],[20.4905869,53.7412511],[20.4905869,53.741222],[20.4904963,53.7412219],[20.4904965,53.7411105],[20.4905289,53.7411105],[20.4905294,53.7408406],[20.4905935,53.7408407],[20.4906461,53.7408407],[20.4906831,53.7408407],[20.490683,53.7408711],[20.4907417,53.7408712],[20.490741,53.7412497]]]},"properties":{"id":"fp-ovt-13d36be0-6593-4f","gers":"13d36be0-6593-4f86-9808-cc7c1edda2a8","kind":"building","src":"overture","bbox":[20.490496,53.740841,20.491071,53.741434],"m2":1278,"sites":["site-b835ee871d"]}},{"type":"Feature","geometry":{"type":"Polygon","coordinates":[[[-46.3309204,-23.9497602],[-46.330861,-23.9497606],[-46.3308602,-23.9496766],[-46.3309197,-23.9496762],[-46.3309204,-23.9497602]]]},"properties":{"id":"fp-ovt-13f7b3fb-c194-4f","gers":"13f7b3fb-c194-4f12-9924-a2b2ae271e35","kind":"building","src":"overture","bbox":[-46.33092,-23.949761,-46.33086,-23.949676],"m2":57,"sites":["site-e80ff8b799"]}},{"type":"Feature","geometry":{"type":"Polygon","coordinates":[[[103.6046332,-1.6126352],[103.6046211,-1.6124563],[103.60444,-1.6124685],[103.6044481,-1.6125876],[103.6044996,-1.6125842],[103.6045037,-1.6126439],[103.6046332,-1.6126352]]]},"properties":{"id":"fp-ovt-1479619d-8d9a-46","gers":"1479619d-8d9a-469c-b17e-971caf66a3d1","kind":"building","src":"overture","bbox":[103.60444,-1.612644,103.604633,-1.612456],"m2":365,"sites":["site-aab13b753e"]}},{"type":"Feature","geometry":{"type":"Polygon","coordinates":[[[113.6255906,24.7939416],[113.6255422,24.7939415],[113.6255423,24.7938596],[113.6255424,24.7937468],[113.6258509,24.7937472],[113.6258508,24.7937616],[113.6258798,24.7937616],[113.6258797,24.7938212],[113.6258796,24.7938588],[113.6258796,24.7938994],[113.6258795,24.7939556],[113.6255906,24.7939552],[113.6255906,24.7939416]]]},"properties":{"id":"fp-ovt-151b3ff2-88f3-43","gers":"151b3ff2-88f3-434b-b58b-47f50800df57","kind":"building","src":"overture","bbox":[113.625542,24.793747,113.62588,24.793956],"m2":779,"sites":["site-e0e2b64fd4"]}},{"type":"Feature","geometry":{"type":"Polygon","coordinates":[[[11.1076283,47.9070399],[11.107669,47.9074945],[11.107311,47.9075089],[11.1072703,47.9070543],[11.1076283,47.9070399]]]},"properties":{"id":"fp-ovt-153b54e1-63d6-4f","gers":"153b54e1-63d6-4fde-8e2c-9ba061c0357b","kind":"building","src":"overture","bbox":[11.10727,47.90704,11.107669,47.907509],"m2":1357,"sites":["site-ea771b5971"]}},{"type":"Feature","geometry":{"type":"Polygon","coordinates":[[[132.7776761,33.821565],[132.7774015,33.8215682],[132.7773986,33.8213919],[132.7776732,33.8213887],[132.7776761,33.821565]]]},"properties":{"id":"fp-ovt-1576682d-e006-4c","gers":"1576682d-e006-4c2b-8314-b79b6b839b7f","kind":"building","src":"overture","bbox":[132.777399,33.821389,132.777676,33.821568],"m2":499,"sites":["site-5f363c0e04"]}},{"type":"Feature","geometry":{"type":"Polygon","coordinates":[[[115.1833954,-8.6364084],[115.1832877,-8.6364156],[115.183298,-8.6365654],[115.183314,-8.6365643],[115.1833153,-8.6365844],[115.1834071,-8.6365783],[115.1833954,-8.6364084]]]},"properties":{"id":"fp-ovt-15a9a8b5-40cd-41","gers":"15a9a8b5-40cd-41e9-9f3d-75f715650161","kind":"building","src":"overture","bbox":[115.183288,-8.636584,115.183407,-8.636408],"m2":221,"sites":["site-caf7a83445"]}},{"type":"Feature","geometry":{"type":"Polygon","coordinates":[[[10.974821,43.8386768],[10.974639,43.8386756],[10.9746404,43.8385691],[10.9748224,43.8385703],[10.974821,43.8386768]]]},"properties":{"id":"fp-ovt-15da8d78-be18-48","gers":"15da8d78-be18-4808-869a-0e3b3570d811","kind":"building","src":"overture","bbox":[10.974639,43.838569,10.974822,43.838677],"m2":173,"sites":["site-a695705a5f"]}},{"type":"Feature","geometry":{"type":"Polygon","coordinates":[[[-4.999951,34.0374914],[-4.9999718,34.0375988],[-5.0001741,34.0375979],[-5.0001327,34.0374639],[-4.999951,34.0374914]]]},"properties":{"id":"fp-ovt-15de7460-04e8-46","gers":"15de7460-04e8-46d5-adbe-f4cf7df0545b","kind":"building","src":"overture","bbox":[-5.000174,34.037464,-4.999951,34.037599],"m2":243,"sites":["site-c503408c0d"]}},{"type":"Feature","geometry":{"type":"Polygon","coordinates":[[[2.2194429,48.8809173],[2.2194961,48.8809512],[2.2194707,48.8809688],[2.219412,48.8809323],[2.2193644,48.8809027],[2.2193149,48.8809391],[2.2191802,48.8808629],[2.2191421,48.8808927],[2.2190125,48.8808248],[2.2189768,48.8808061],[2.2189365,48.8807844],[2.2189185,48.8807747],[2.2190491,48.8806703],[2.2189896,48.8806272],[2.2190185,48.8806064],[2.2190307,48.8805978],[2.2191447,48.8805292],[2.2192925,48.8806274],[2.219188,48.8806952],[2.2192527,48.8807379],[2.2193414,48.8807964],[2.2193564,48.8808059],[2.2193139,48.8808356],[2.2193752,48.8808737],[2.2194429,48.8809173]]]},"properties":{"id":"fp-ovt-15eeb6e8-9b4d-4a","gers":"15eeb6e8-9b4d-4aab-b056-f9c0daf35cd9","kind":"building","src":"overture","bbox":[2.218919,48.880529,2.219496,48.880969],"m2":774,"sites":["site-18de962f53"]}},{"type":"Feature","geometry":{"type":"Polygon","coordinates":[[[107.6158227,-6.9201456],[107.6157792,-6.9203508],[107.6157327,-6.9205537],[107.6156497,-6.9205376],[107.6156284,-6.920637],[107.61633,-6.9208095],[107.6163465,-6.920734],[107.6164338,-6.9203009],[107.6165181,-6.9203186],[107.6166335,-6.9199911],[107.6164645,-6.9199325],[107.6163867,-6.9201535],[107.6161802,-6.9201056],[107.6161399,-6.9201935],[107.6158227,-6.9201456]]]},"properties":{"id":"fp-ovt-163f53f4-32a4-4e","gers":"163f53f4-32a4-4ec7-846f-16d544bb099e","kind":"building","src":"overture","bbox":[107.615628,-6.920809,107.616634,-6.919932],"m2":5367,"sites":["site-51cc115bea","site-c2b48bbb60"]}},{"type":"Feature","geometry":{"type":"Polygon","coordinates":[[[104.8932513,11.5749231],[104.89329,11.5749068],[104.8933147,11.5749638],[104.8932761,11.5749801],[104.8932513,11.5749231]]]},"properties":{"id":"fp-ovt-167081b0-91c0-4a","gers":"167081b0-91c0-4a1d-9263-ed739a4914fa","kind":"building","src":"overture","bbox":[104.893251,11.574907,104.893315,11.57498],"m2":32,"sites":["site-28488fbc09"]}},{"type":"Feature","geometry":{"type":"Polygon","coordinates":[[[-59.3632916,-26.1841049],[-59.3632526,-26.1841117],[-59.3632432,-26.1840675],[-59.3632822,-26.1840607],[-59.3632916,-26.1841049]]]},"properties":{"id":"fp-ovt-167b3bd9-0ce4-48","gers":"167b3bd9-0ce4-4810-8bff-3eacc4489793","kind":"building","src":"overture","bbox":[-59.363292,-26.184112,-59.363243,-26.184061],"m2":20,"sites":["site-998fbe0ae4"]}},{"type":"Feature","geometry":{"type":"Polygon","coordinates":[[[-49.078735,-26.9058618],[-49.0786955,-26.9057701],[-49.0786574,-26.9056819],[-49.0786321,-26.9056231],[-49.0789976,-26.9054978],[-49.0790271,-26.9055662],[-49.0789458,-26.9055941],[-49.0789578,-26.9056218],[-49.0790391,-26.9055939],[-49.0790556,-26.9056323],[-49.0789669,-26.9056627],[-49.0789811,-26.9056957],[-49.0790698,-26.9056652],[-49.0791005,-26.9057365],[-49.078735,-26.9058618]],[[-49.0789537,-26.9057047],[-49.0789144,-26.9056161],[-49.0788204,-26.9056493],[-49.0788596,-26.9057379],[-49.0789537,-26.9057047]]]},"properties":{"id":"fp-ovt-169ca260-70e6-4d","gers":"169ca260-70e6-4ddb-9fd2-f05affa9afe2","kind":"building","src":"overture","bbox":[-49.079101,-26.905862,-49.078632,-26.905498],"m2":935,"sites":["site-c06017f262"]}},{"type":"Feature","geometry":{"type":"Polygon","coordinates":[[[129.1967799,35.1780579],[129.1968227,35.1780311],[129.19688,35.1780924],[129.1968372,35.1781191],[129.1967799,35.1780579]]]},"properties":{"id":"fp-ovt-16bd79d9-1417-4a","gers":"16bd79d9-1417-4ad8-9f08-513bc41963a1","kind":"building","src":"overture","bbox":[129.19678,35.178031,129.19688,35.178119],"m2":42,"sites":["site-1ebe60ecf9"]}},{"type":"Feature","geometry":{"type":"Polygon","coordinates":[[[-58.6307294,-26.6592459],[-58.6306544,-26.6592473],[-58.6306533,-26.6592004],[-58.6307284,-26.6591991],[-58.6307294,-26.6592459]]]},"properties":{"id":"fp-ovt-17e162a0-8d75-48","gers":"17e162a0-8d75-4878-98c8-6f90774edd92","kind":"building","src":"overture","bbox":[-58.630729,-26.659247,-58.630653,-26.659199],"m2":39,"sites":["site-767ac3bce6"]}},{"type":"Feature","geometry":{"type":"Polygon","coordinates":[[[89.5574177,22.8122878],[89.5573644,22.812195],[89.5574342,22.812161],[89.5574874,22.8122538],[89.5574177,22.8122878]]]},"properties":{"id":"fp-ovt-1822811e-7b4e-4b","gers":"1822811e-7b4e-4b13-b827-001e94700f23","kind":"building","src":"overture","bbox":[89.557364,22.812161,89.557487,22.812288],"m2":95,"sites":["site-fda4055681"]}},{"type":"Feature","geometry":{"type":"Polygon","coordinates":[[[110.4197571,-7.0191606],[110.4195506,-7.019283],[110.4196188,-7.0193964],[110.4198254,-7.0192739],[110.4197571,-7.0191606]]]},"properties":{"id":"fp-ovt-18557f23-e2a3-44","gers":"18557f23-e2a3-4472-895d-ce25250dd96d","kind":"building","src":"overture","bbox":[110.419551,-7.019396,110.419825,-7.019161],"m2":391,"sites":["site-2b4fcada57"]}},{"type":"Feature","geometry":{"type":"Polygon","coordinates":[[[51.4765128,51.2837376],[51.4766389,51.2837191],[51.4766818,51.2838533],[51.4765745,51.2838667],[51.4765491,51.2839833],[51.4758557,51.2839238],[51.4759174,51.2836788],[51.4765128,51.2837376]]]},"properties":{"id":"fp-ovt-186bb251-17fc-4f","gers":"186bb251-17fc-4f9b-b202-9e4fde094d40","kind":"building","src":"overture","bbox":[51.475856,51.283679,51.476682,51.283983],"m2":1397,"sites":["site-dc9735e5b5"]}},{"type":"Feature","geometry":{"type":"Polygon","coordinates":[[[110.4271303,-7.0214353],[110.4270748,-7.0214386],[110.427081,-7.0215405],[110.4271365,-7.0215371],[110.4271303,-7.0214353]]]},"properties":{"id":"fp-ovt-18c95e8c-0e25-42","gers":"18c95e8c-0e25-4208-baa6-e69034d4452c","kind":"building","src":"overture","bbox":[110.427075,-7.021541,110.427137,-7.021435],"m2":70,"sites":["site-efd5da4fe1"]}},{"type":"Feature","geometry":{"type":"Polygon","coordinates":[[[13.1949458,38.1575617],[13.1949554,38.1576098],[13.1949228,38.1576138],[13.1949376,38.1576879],[13.1948446,38.1576994],[13.1948201,38.1575773],[13.1949458,38.1575617]]]},"properties":{"id":"fp-ovt-18e2570f-846b-4d","gers":"18e2570f-846b-4d69-815a-e8781a8a5178","kind":"building","src":"overture","bbox":[13.19482,38.157562,13.194955,38.157699],"m2":129,"sites":["site-7dae22ee49"]}},{"type":"Feature","geometry":{"type":"Polygon","coordinates":[[[25.2886621,54.6917041],[25.2884471,54.6917506],[25.288547,54.6919051],[25.2882632,54.6919664],[25.2881673,54.6918181],[25.2880325,54.6918473],[25.2879757,54.6917596],[25.2878778,54.6917808],[25.2878719,54.6917716],[25.2875489,54.6918414],[25.28752,54.6918477],[25.2874647,54.6917623],[25.2873688,54.691783],[25.2873618,54.6917722],[25.2870993,54.6918289],[25.2870681,54.6917808],[25.2869815,54.6917995],[25.286909,54.6916874],[25.28699,54.6916699],[25.2868679,54.6914812],[25.2869658,54.69146],[25.2870178,54.6915404],[25.2871785,54.6915057],[25.287104,54.6913905],[25.2872058,54.6913685],[25.2872269,54.6914012],[25.2872787,54.69139],[25.2877509,54.6912879],[25.2877399,54.691271],[25.2878099,54.6912559],[25.287868,54.6913458],[25.2880472,54.6913071],[25.2882164,54.6915686],[25.2881367,54.6915858],[25.2881956,54.691677],[25.2884563,54.6916207],[25.2884892,54.6916715],[25.2886224,54.6916427],[25.2886621,54.6917041]],[[25.2875453,54.6915475],[25.2876448,54.691691],[25.2879842,54.6916123],[25.2878847,54.6914688],[25.2875453,54.6915475]]]},"properties":{"id":"fp-ovt-1a07ad18-e8a1-44","gers":"1a07ad18-e8a1-4494-b8b3-09145852c84d","kind":"building","src":"overture","bbox":[25.286868,54.691256,25.288662,54.691966],"m2":4130,"sites":["site-1e577e7ce0","site-b951eacd16"]}},{"type":"Feature","geometry":{"type":"Polygon","coordinates":[[[-66.1591515,-17.3832638],[-66.1591901,-17.3832904],[-66.1591801,-17.3833036],[-66.1591244,-17.3833773],[-66.1591123,-17.3833933],[-66.1590737,-17.3833667],[-66.1591515,-17.3832638]]]},"properties":{"id":"fp-ovt-1a318f3a-6593-42","gers":"1a318f3a-6593-42a4-8ab7-b680e7074d8d","kind":"building","src":"overture","bbox":[-66.15919,-17.383393,-66.159074,-17.383264],"m2":71,"sites":["site-c6c3722273"]}},{"type":"Feature","geometry":{"type":"Polygon","coordinates":[[[100.7775168,13.609077],[100.7775496,13.6090783],[100.7775495,13.6090803],[100.7776369,13.6090836],[100.7776334,13.6091688],[100.7777731,13.6091742],[100.7777739,13.6091535],[100.777949,13.6091602],[100.7779481,13.6091809],[100.7780216,13.6091838],[100.7780225,13.6091631],[100.7784624,13.6091801],[100.7784616,13.6092008],[100.7785171,13.6092029],[100.7785207,13.6091158],[100.7786394,13.6091204],[100.7786147,13.6097314],[100.7774922,13.609688],[100.7775168,13.609077]]]},"properties":{"id":"fp-ovt-1a65a0fa-65da-4b","gers":"1a65a0fa-65da-4bcf-811e-a9793b33a1d7","kind":"building","src":"overture","bbox":[100.777492,13.609077,100.778639,13.609731],"m2":7496,"sites":["site-4294cf683d"]}},{"type":"Feature","geometry":{"type":"Polygon","coordinates":[[[13.2319212,-8.8200721],[13.2319384,-8.8200832],[13.2319448,-8.8200735],[13.2319275,-8.8200624],[13.2319389,-8.8200449],[13.2316325,-8.8198469],[13.2315438,-8.8199826],[13.2318243,-8.8201639],[13.2318524,-8.8201207],[13.2318784,-8.8201375],[13.2319212,-8.8200721]]]},"properties":{"id":"fp-ovt-1aba3db2-f152-4f","gers":"1aba3db2-f152-4f47-9f86-a434ff09fbbb","kind":"building","src":"overture","bbox":[13.231544,-8.820164,13.231945,-8.819847],"m2":708,"sites":["site-996088f5a6"]}},{"type":"Feature","geometry":{"type":"Polygon","coordinates":[[[31.2468594,30.1460535],[31.246862,30.1459816],[31.2469682,30.1459845],[31.2469683,30.1459808],[31.2470604,30.1459834],[31.2470582,30.146045],[31.2469821,30.1460429],[31.2469816,30.1460568],[31.2468594,30.1460535]]]},"properties":{"id":"fp-ovt-1aed64fc-aea7-42","gers":"1aed64fc-aea7-4207-9309-49edf68362dd","kind":"building","src":"overture","bbox":[31.246859,30.145981,31.24706,30.146057],"m2":145,"sites":["site-84dd06d25f"]}},{"type":"Feature","geometry":{"type":"Polygon","coordinates":[[[-100.4186146,20.5874736],[-100.4186245,20.5874006],[-100.4185559,20.5873924],[-100.418546,20.5874654],[-100.4186146,20.5874736]]]},"properties":{"id":"fp-ovt-1b05bfa4-369d-4d","gers":"1b05bfa4-369d-4d5d-8109-c180c0902656","kind":"building","src":"overture","bbox":[-100.418625,20.587392,-100.418546,20.587474],"m2":59,"sites":["site-2057cb1b8b"]}},{"type":"Feature","geometry":{"type":"Polygon","coordinates":[[[-44.0243909,-19.9292111],[-44.024331,-19.9290999],[-44.0246948,-19.9289247],[-44.0247547,-19.9290359],[-44.0243909,-19.9292111]]]},"properties":{"id":"fp-ovt-1b32b1d5-3d7e-4b","gers":"1b32b1d5-3d7e-4bf9-851b-7eb8db3450e3","kind":"building","src":"overture","bbox":[-44.024755,-19.929211,-44.024331,-19.928925],"m2":594,"sites":["site-721ff987ec"]}},{"type":"Feature","geometry":{"type":"Polygon","coordinates":[[[106.8381462,-6.3599299],[106.83814,-6.3598716],[106.8380855,-6.3598774],[106.8380917,-6.3599357],[106.8381462,-6.3599299]]]},"properties":{"id":"fp-ovt-1b67d39e-28c3-48","gers":"1b67d39e-28c3-4811-8f15-1a3be1f51e8a","kind":"building","src":"overture","bbox":[106.838086,-6.359936,106.838146,-6.359872],"m2":40,"sites":["site-68ba4054c9"]}},{"type":"Feature","geometry":{"type":"Polygon","coordinates":[[[-17.4465089,14.6755682],[-17.4464564,14.6755081],[-17.4463529,14.6755867],[-17.4464412,14.6756794],[-17.4464906,14.6756375],[-17.4464644,14.6755944],[-17.4465089,14.6755682]]]},"properties":{"id":"fp-ovt-1b8a8f7a-0d73-45","gers":"1b8a8f7a-0d73-454c-918c-d2d5822f99f3","kind":"building","src":"overture","bbox":[-17.446509,14.675508,-17.446353,14.675679],"m2":159,"sites":["site-ad8ec74de2"]}},{"type":"Feature","geometry":{"type":"Polygon","coordinates":[[[37.6523918,55.7706529],[37.6523937,55.7705443],[37.6527583,55.7705462],[37.6527564,55.7706549],[37.6523918,55.7706529]]]},"properties":{"id":"fp-ovt-1bff9710-377d-4a","gers":"1bff9710-377d-4adc-bbea-c7b5550052d6","kind":"building","src":"overture","bbox":[37.652392,55.770544,37.652758,55.770655],"m2":276,"sites":["site-0cd47112da"]}},{"type":"Feature","geometry":{"type":"Polygon","coordinates":[[[88.3549312,22.540031],[88.3548942,22.5398331],[88.3551632,22.5397902],[88.3551834,22.5398981],[88.3551985,22.5398957],[88.355213,22.5399734],[88.3551979,22.5399758],[88.3552078,22.5400286],[88.3549851,22.5400641],[88.3549312,22.540031]]]},"properties":{"id":"fp-ovt-1dcefea8-7b97-49","gers":"1dcefea8-7b97-4912-bf3b-ef1e66272b3a","kind":"building","src":"overture","bbox":[88.354894,22.53979,88.355213,22.540064],"m2":759,"sites":["site-c4fe6e84c8"]}},{"type":"Feature","geometry":{"type":"Polygon","coordinates":[[[-70.8734153,-53.0473557],[-70.8733334,-53.0472872],[-70.8736376,-53.0471558],[-70.8737195,-53.0472242],[-70.8734153,-53.0473557]]]},"properties":{"id":"fp-ovt-1dd7534d-bb27-40","gers":"1dd7534d-bb27-4082-bc05-dedd130c1ec7","kind":"building","src":"overture","bbox":[-70.87372,-53.047356,-70.873333,-53.047156],"m2":235,"sites":["site-daeba11c09"]}},{"type":"Feature","geometry":{"type":"Polygon","coordinates":[[[35.1255619,47.8458597],[35.1257499,47.8457628],[35.1269736,47.8451246],[35.1268396,47.8450089],[35.1273323,47.844752],[35.1272836,47.84471],[35.1274079,47.8446452],[35.1276047,47.8447895],[35.1271292,47.8450347],[35.1272615,47.845149],[35.1262204,47.8456919],[35.1256851,47.8459711],[35.1255619,47.8458597]]]},"properties":{"id":"fp-ovt-1e15e681-d973-4f","gers":"1e15e681-d973-4f55-8450-e103eeef88c3","kind":"building","src":"overture","bbox":[35.125562,47.844645,35.127605,47.845971],"m2":3299,"sites":["site-6177e0fa91"]}},{"type":"Feature","geometry":{"type":"Polygon","coordinates":[[[-54.5854217,-25.4469452],[-54.5853406,-25.4469386],[-54.5853468,-25.4468761],[-54.5854279,-25.4468827],[-54.5854217,-25.4469452]]]},"properties":{"id":"fp-ovt-1e52b264-8780-4e","gers":"1e52b264-8780-4e36-b529-9346d0ea7a06","kind":"building","src":"overture","bbox":[-54.585428,-25.446945,-54.585341,-25.446876],"m2":57,"sites":["site-4f0fe35dab"]}},{"type":"Feature","geometry":{"type":"Polygon","coordinates":[[[116.8618373,-1.2204064],[116.8618016,-1.2204295],[116.8618284,-1.220471],[116.8618642,-1.220448],[116.8618373,-1.2204064]]]},"properties":{"id":"fp-ovt-1e5703f8-c73b-46","gers":"1e5703f8-c73b-463c-9973-c206e17db274","kind":"building","src":"overture","bbox":[116.861802,-1.220471,116.861864,-1.220406],"m2":26,"sites":["site-ad3d420bab"]}},{"type":"Feature","geometry":{"type":"Polygon","coordinates":[[[153.0309566,-27.4594393],[153.0309605,-27.4595369],[153.0311189,-27.4593766],[153.0310901,-27.4593564],[153.0310196,-27.4594315],[153.0310061,-27.4594389],[153.0309566,-27.4594393]]]},"properties":{"id":"fp-ovt-1e64f0ad-994a-46","gers":"1e64f0ad-994a-46d2-b353-1958743aae46","kind":"building","src":"overture","bbox":[153.030957,-27.459537,153.031119,-27.459356],"m2":91,"sites":["site-db78c12719"]}},{"type":"Feature","geometry":{"type":"Polygon","coordinates":[[[117.9585871,40.925173],[117.9585911,40.9252034],[117.9584167,40.9252164],[117.9584088,40.9251556],[117.9587441,40.9251307],[117.958748,40.9251611],[117.9585871,40.925173]]]},"properties":{"id":"fp-ovt-1e8ba0d8-5309-4c","gers":"1e8ba0d8-5309-4c8a-851e-393eb81ef1d9","kind":"building","src":"overture","bbox":[117.958409,40.925131,117.958748,40.925216],"m2":146,"sites":["site-14e2d8a8a0"]}},{"type":"Feature","geometry":{"type":"Polygon","coordinates":[[[28.8609387,40.9825935],[28.8608296,40.9826475],[28.8606264,40.9824139],[28.8609736,40.9822418],[28.8610545,40.9823349],[28.8611,40.9823124],[28.8611336,40.9823511],[28.8611746,40.9823309],[28.8612156,40.9823783],[28.8612599,40.9823565],[28.8613032,40.9824067],[28.8613504,40.9823836],[28.8613902,40.98243],[28.8614454,40.982403],[28.8614857,40.9824501],[28.8613633,40.9825098],[28.8613271,40.9824675],[28.8612254,40.9825171],[28.8611981,40.9824851],[28.8609557,40.9826031],[28.8609387,40.9825935]]]},"properties":{"id":"fp-ovt-1ec44310-70ad-40","gers":"1ec44310-70ad-40a8-b205-e96861e7f2eb","kind":"building","src":"overture","bbox":[28.860626,40.982242,28.861486,40.982647],"m2":1482,"sites":["site-30fab87e25"]}},{"type":"Feature","geometry":{"type":"Polygon","coordinates":[[[-47.91439,-15.708768],[-47.914405,-15.708787],[-47.91433,-15.708841],[-47.9143,-15.708803],[-47.914279,-15.708776],[-47.914231,-15.708714],[-47.914227,-15.708709],[-47.914228,-15.708709],[-47.914275,-15.708675],[-47.914278,-15.708679],[-47.914301,-15.70871],[-47.914328,-15.70869],[-47.914357,-15.708727],[-47.91436,-15.708731],[-47.914355,-15.708735],[-47.914385,-15.708772],[-47.91439,-15.708768]]]},"properties":{"id":"fp-ovt-1ef06f97-851c-4d","gers":"1ef06f97-851c-4d9e-95b7-62ab9adb5112","kind":"building","src":"overture","bbox":[-47.914405,-15.708841,-47.914227,-15.708675],"m2":162,"sites":["site-0d606f7317"]}},{"type":"Feature","geometry":{"type":"Polygon","coordinates":[[[-111.9468189,40.7997466],[-111.9469028,40.7997466],[-111.9469028,40.7997133],[-111.9468189,40.7997133],[-111.9468189,40.7997466]]]},"properties":{"id":"fp-ovt-1fae0158-7666-42","gers":"1fae0158-7666-42dd-a413-6c3457b63f5e","kind":"building","src":"overture","bbox":[-111.946903,40.799713,-111.946819,40.799747],"m2":26,"sites":["site-25cad56da6"]}},{"type":"Feature","geometry":{"type":"Polygon","coordinates":[[[-51.2045322,-30.029598],[-51.2044142,-30.029592],[-51.2044355,-30.0292706],[-51.2045522,-30.0292765],[-51.2045511,-30.0292922],[-51.2045497,-30.0293132],[-51.2045475,-30.0293473],[-51.2045461,-30.0293683],[-51.2045495,-30.0293684],[-51.2045405,-30.0295049],[-51.2045384,-30.0295047],[-51.204537,-30.0295256],[-51.2045347,-30.0295601],[-51.2045333,-30.0295813],[-51.2045322,-30.029598]]]},"properties":{"id":"fp-ovt-1fbf1a1a-65db-45","gers":"1fbf1a1a-65db-45e4-9765-148213b63694","kind":"building","src":"overture","bbox":[-51.204552,-30.029598,-51.204414,-30.029271],"m2":410,"sites":["site-225a1323e9"]}},{"type":"Feature","geometry":{"type":"Polygon","coordinates":[[[106.7224796,-6.2296891],[106.7224721,-6.2297479],[106.7225397,-6.2297564],[106.7225472,-6.2296976],[106.7224796,-6.2296891]]]},"properties":{"id":"fp-ovt-1ff85720-7c99-4a","gers":"1ff85720-7c99-4a18-848d-a27273c1faa4","kind":"building","src":"overture","bbox":[106.722472,-6.229756,106.722547,-6.229689],"m2":50,"sites":["site-b7f8018b5d"]}},{"type":"Feature","geometry":{"type":"Polygon","coordinates":[[[67.0742859,24.8640928],[67.0742293,24.8642881],[67.0741866,24.8642778],[67.0742433,24.8640825],[67.0742859,24.8640928]]]},"properties":{"id":"fp-ovt-20069ee7-078e-4f","gers":"20069ee7-078e-4feb-a884-06aa21abcba0","kind":"building","src":"overture","bbox":[67.074187,24.864082,67.074286,24.864288],"m2":100,"sites":["site-e4f1610ec1"]}},{"type":"Feature","geometry":{"type":"Polygon","coordinates":[[[90.4400624,23.7511492],[90.4400606,23.7510365],[90.4401545,23.7510353],[90.4401563,23.751148],[90.4400624,23.7511492]]]},"properties":{"id":"fp-ovt-207f05a6-5c83-4a","gers":"207f05a6-5c83-4ae4-92db-5c9cac19e973","kind":"building","src":"overture","bbox":[90.440061,23.751035,90.440156,23.751149],"m2":120,"sites":["site-1938998816"]}},{"type":"Feature","geometry":{"type":"Polygon","coordinates":[[[152.9381544,-27.5102177],[152.9383125,-27.5102629],[152.93836,-27.510042],[152.9383119,-27.510028],[152.9382444,-27.5100092],[152.9381544,-27.5102177]]]},"properties":{"id":"fp-ovt-2097e6ac-65f2-44","gers":"2097e6ac-65f2-4482-8596-2261e93ff1b5","kind":"building","src":"overture","bbox":[152.938154,-27.510263,152.93836,-27.510009],"m2":353,"sites":["site-705715a217"]}},{"type":"Feature","geometry":{"type":"Polygon","coordinates":[[[79.4134736,28.3543519],[79.413534,28.3543295],[79.4135729,28.3544118],[79.4135126,28.3544341],[79.4134736,28.3543519]]]},"properties":{"id":"fp-ovt-20aa1a47-07e0-41","gers":"20aa1a47-07e0-4196-8c1e-1e12b9cfe6d0","kind":"building","src":"overture","bbox":[79.413474,28.354329,79.413573,28.354434],"m2":64,"sites":["site-cdd27814e8"]}},{"type":"Feature","geometry":{"type":"Polygon","coordinates":[[[32.5249307,37.9631022],[32.5249368,37.9631557],[32.5248862,37.9631593],[32.5248801,37.9631058],[32.5249307,37.9631022]]]},"properties":{"id":"fp-ovt-219130d0-9b7a-47","gers":"219130d0-9b7a-476d-9a10-29c56cbdc707","kind":"building","src":"overture","bbox":[32.52488,37.963102,32.524937,37.963159],"m2":27,"sites":["site-a02b0ee323"]}},{"type":"Feature","geometry":{"type":"Polygon","coordinates":[[[-75.797092,45.335771],[-75.797418,45.335869],[-75.797526,45.335838],[-75.797543,45.335809],[-75.797611,45.335802],[-75.797595,45.335718],[-75.797661,45.335605],[-75.797615,45.335531],[-75.797287,45.335436],[-75.797183,45.335467],[-75.797048,45.335697],[-75.797092,45.335771]]]},"properties":{"id":"fp-ovt-21b5f6c6-f969-40","gers":"21b5f6c6-f969-408c-b9df-31053455f327","kind":"building","src":"overture","bbox":[-75.797661,45.335436,-75.797048,45.335869],"m2":1584,"sites":["site-fa9fb315fc"]}},{"type":"Feature","geometry":{"type":"Polygon","coordinates":[[[-54.4756066,-27.8510364],[-54.4755372,-27.8510325],[-54.4755398,-27.8509959],[-54.4756093,-27.8509998],[-54.4756066,-27.8510364]]]},"properties":{"id":"fp-ovt-21b81503-ce5e-42","gers":"21b81503-ce5e-42da-bf58-d342abf86a51","kind":"building","src":"overture","bbox":[-54.475609,-27.851036,-54.475537,-27.850996],"m2":28,"sites":["site-db75002619"]}},{"type":"Feature","geometry":{"type":"Polygon","coordinates":[[[77.2356805,28.541282],[77.2357164,28.5412867],[77.2357058,28.5413491],[77.2356699,28.5413443],[77.2356805,28.541282]]]},"properties":{"id":"fp-ovt-22024795-4ed3-4b","gers":"22024795-4ed3-4b7f-9c40-cc092ba9066a","kind":"building","src":"overture","bbox":[77.23567,28.541282,77.235716,28.541349],"m2":25,"sites":["site-babe11ac80"]}},{"type":"Feature","geometry":{"type":"Polygon","coordinates":[[[-21.8868341,64.1398544],[-21.8859392,64.1398597],[-21.8859419,64.1399463],[-21.8859432,64.1399896],[-21.8868381,64.1399843],[-21.8868341,64.1398544]]]},"properties":{"id":"fp-ovt-228d1d25-4afe-4e","gers":"228d1d25-4afe-4ea5-9150-2ee8a225fff8","kind":"building","src":"overture","bbox":[-21.886838,64.139854,-21.885939,64.13999],"m2":628,"sites":["site-50fe903120"]}},{"type":"Feature","geometry":{"type":"Polygon","coordinates":[[[60.797534,56.8698345],[60.7971996,56.8697558],[60.7972453,56.8696978],[60.7975797,56.8697765],[60.797534,56.8698345]]]},"properties":{"id":"fp-ovt-22c016d9-3a53-40","gers":"22c016d9-3a53-401b-b8f1-0f1a74f31e77","kind":"building","src":"overture","bbox":[60.7972,56.869698,60.79758,56.869835],"m2":156,"sites":["site-d5f77e05de"]}},{"type":"Feature","geometry":{"type":"Polygon","coordinates":[[[-51.1293627,-29.6868301],[-51.1293273,-29.6868252],[-51.1293332,-29.686793],[-51.1292976,-29.6867881],[-51.1292917,-29.6868202],[-51.1291287,-29.6867974],[-51.1291572,-29.6866422],[-51.1293911,-29.6866749],[-51.1293627,-29.6868301]]]},"properties":{"id":"fp-ovt-22daf4eb-c744-46","gers":"22daf4eb-c744-4611-ae8c-44dd8e731458","kind":"building","src":"overture","bbox":[-51.129391,-29.68683,-51.129129,-29.686642],"m2":388,"sites":["site-dd14b701b7"]}},{"type":"Feature","geometry":{"type":"Polygon","coordinates":[[[112.0664771,-6.8946402],[112.0664009,-6.8949374],[112.0666462,-6.8949995],[112.0666769,-6.8948797],[112.0665505,-6.8948477],[112.0665668,-6.894784],[112.0670259,-6.8949001],[112.0670551,-6.8947863],[112.0664771,-6.8946402]]]},"properties":{"id":"fp-ovt-22eb80b8-1e84-4f","gers":"22eb80b8-1e84-4f5e-8524-03e1c078a1d0","kind":"building","src":"overture","bbox":[112.066401,-6.894999,112.067055,-6.89464],"m2":1346,"sites":["site-8008127d19"]}},{"type":"Feature","geometry":{"type":"Polygon","coordinates":[[[141.6035124,42.6347327],[141.6034048,42.6349034],[141.6031285,42.6348092],[141.6032361,42.6346385],[141.6035124,42.6347327]]]},"properties":{"id":"fp-ovt-2362677c-30d8-45","gers":"2362677c-30d8-452f-96a2-0aff0998762e","kind":"building","src":"overture","bbox":[141.603128,42.634639,141.603512,42.634903],"m2":522,"sites":["site-2e87a8713d"]}},{"type":"Feature","geometry":{"type":"Polygon","coordinates":[[[-3.9734063,5.3556898],[-3.9733614,5.3556929],[-3.9733654,5.3557551],[-3.9734106,5.355752],[-3.9734063,5.3556898]]]},"properties":{"id":"fp-ovt-24c7cdd4-d781-4a","gers":"24c7cdd4-d781-4a91-b714-8d44dc860a38","kind":"building","src":"overture","bbox":[-3.973411,5.35569,-3.973361,5.355755],"m2":35,"sites":["site-80e4e6435e"]}},{"type":"Feature","geometry":{"type":"Polygon","coordinates":[[[3.3973902,6.4462692],[3.3977048,6.446063],[3.3977942,6.4461978],[3.3974795,6.4464039],[3.3973902,6.4462692]]]},"properties":{"id":"fp-ovt-2516942e-2042-45","gers":"2516942e-2042-45df-82ab-1dc8cd7a1ffd","kind":"building","src":"overture","bbox":[3.39739,6.446063,3.397794,6.446404],"m2":749,"sites":["site-c237417f44"]}},{"type":"Feature","geometry":{"type":"Polygon","coordinates":[[[107.0760385,-6.3115577],[107.0760275,-6.3116382],[107.0761764,-6.3116582],[107.0761873,-6.3115777],[107.0760385,-6.3115577]]]},"properties":{"id":"fp-ovt-2516ac14-c601-4b","gers":"2516ac14-c601-4ba2-97ec-6ceafef82bb6","kind":"building","src":"overture","bbox":[107.076027,-6.311658,107.076187,-6.311558],"m2":150,"sites":["site-105e91c2f6"]}},{"type":"Feature","geometry":{"type":"Polygon","coordinates":[[[106.7562188,-6.217729],[106.7565723,-6.2176937],[106.7565549,-6.2175186],[106.7565906,-6.217515],[106.7565734,-6.2173433],[106.7561842,-6.2173822],[106.7562188,-6.217729]]]},"properties":{"id":"fp-ovt-251db8b0-faa4-42","gers":"251db8b0-faa4-429c-abb9-1102cea5bc64","kind":"building","src":"overture","bbox":[106.756184,-6.217729,106.756591,-6.217343],"m2":1602,"sites":["site-e4c974924e"]}},{"type":"Feature","geometry":{"type":"Polygon","coordinates":[[[-80.0060737,40.4508962],[-80.0060698,40.4508891],[-80.005178,40.4510582],[-80.0051785,40.4510616],[-80.005153,40.4510701],[-80.0051467,40.4510739],[-80.0051428,40.4510775],[-80.0051409,40.4510829],[-80.0051425,40.4510928],[-80.0051834,40.4512221],[-80.0055467,40.4511549],[-80.0055395,40.4511291],[-80.0056649,40.4511099],[-80.0057052,40.4511208],[-80.006123,40.4510508],[-80.0061305,40.4510487],[-80.0061372,40.4510463],[-80.0061404,40.4510421],[-80.0061425,40.4510365],[-80.0061413,40.4510293],[-80.006102,40.4509053],[-80.0060952,40.4508987],[-80.0060882,40.4508959],[-80.0060803,40.4508952],[-80.0060737,40.4508962]]]},"properties":{"id":"fp-ovt-25691baf-a75c-43","gers":"25691baf-a75c-438c-847c-c87d4aac91f6","kind":"building","src":"overture","bbox":[-80.006142,40.450889,-80.005141,40.451222],"m2":1471,"sites":["site-d29df9bdf4","site-d60fc1d301"]}},{"type":"Feature","geometry":{"type":"Polygon","coordinates":[[[-89.5954095,21.0359249],[-89.59536,21.03617],[-89.5954002,21.0361772],[-89.5953925,21.0362151],[-89.5955718,21.0362471],[-89.5956291,21.035964],[-89.5954095,21.0359249]]]},"properties":{"id":"fp-ovt-25a87175-7d62-49","gers":"25a87175-7d62-492f-a1cf-1671eff7912d","kind":"building","src":"overture","bbox":[-89.595629,21.035925,-89.59536,21.036247],"m2":726,"sites":["site-9dea7a05f9"]}},{"type":"Feature","geometry":{"type":"Polygon","coordinates":[[[-70.6161279,-33.3867431],[-70.6165259,-33.3866932],[-70.616576,-33.3869722],[-70.616178,-33.3870221],[-70.6161279,-33.3867431]]]},"properties":{"id":"fp-ovt-25b0995e-2c9f-49","gers":"25b0995e-2c9f-4994-aad8-6a44299cbcd7","kind":"building","src":"overture","bbox":[-70.616576,-33.387022,-70.616128,-33.386693],"m2":1175,"sites":["site-5b6a2a011c"]}},{"type":"Feature","geometry":{"type":"Polygon","coordinates":[[[77.7834253,12.8525326],[77.7833256,12.8525373],[77.7833215,12.8524771],[77.7834253,12.8524764],[77.7834253,12.8525326]]]},"properties":{"id":"fp-ovt-26159eb9-8185-49","gers":"26159eb9-8185-492a-90d7-82bb034c0ee4","kind":"building","src":"overture","bbox":[77.783321,12.852476,77.783425,12.852537],"m2":72,"sites":["site-abbdff5db0"]}},{"type":"Feature","geometry":{"type":"Polygon","coordinates":[[[135.5132362,34.7358429],[135.5132157,34.7358175],[135.5133398,34.7357498],[135.5133603,34.7357752],[135.5132362,34.7358429]]]},"properties":{"id":"fp-ovt-2657525b-36e1-47","gers":"2657525b-36e1-47fb-96dd-d7187f5b6dff","kind":"building","src":"overture","bbox":[135.513216,34.73575,135.51336,34.735843],"m2":46,"sites":["site-3ae41ed2fb"]}},{"type":"Feature","geometry":{"type":"Polygon","coordinates":[[[-43.9372592,-19.9201325],[-43.9372139,-19.9199454],[-43.9372536,-19.9199368],[-43.9372399,-19.9198802],[-43.9373223,-19.9198623],[-43.9373814,-19.920106],[-43.9372592,-19.9201325]]]},"properties":{"id":"fp-ovt-2678aa0d-284c-48","gers":"2678aa0d-284c-4833-b7b6-ac81161b193b","kind":"building","src":"overture","bbox":[-43.937381,-19.920133,-43.937214,-19.919862],"m2":337,"sites":["site-2934e98e84"]}},{"type":"Feature","geometry":{"type":"Polygon","coordinates":[[[141.1425196,39.7176118],[141.142103,39.7174634],[141.1423297,39.7170867],[141.1426823,39.7172123],[141.1424934,39.7175262],[141.1425574,39.717549],[141.1425196,39.7176118]]]},"properties":{"id":"fp-ovt-26db2dbf-aab6-48","gers":"26db2dbf-aab6-486a-a6e7-96caf05cc5ff","kind":"building","src":"overture","bbox":[141.142103,39.717087,141.142682,39.717612],"m2":1584,"sites":["site-90c4e94ec2"]}},{"type":"Feature","geometry":{"type":"Polygon","coordinates":[[[72.8353714,19.0668244],[72.8353897,19.0665875],[72.8354704,19.0665931],[72.8354521,19.06683],[72.8353714,19.0668244]]]},"properties":{"id":"fp-ovt-27514c07-4ae3-40","gers":"27514c07-4ae3-402c-8311-6903c23ab9ab","kind":"building","src":"overture","bbox":[72.835371,19.066588,72.83547,19.06683],"m2":225,"sites":["site-2049935892"]}},{"type":"Feature","geometry":{"type":"Polygon","coordinates":[[[98.6865955,3.5700459],[98.6866722,3.5698687],[98.6867645,3.5699084],[98.6866877,3.5700857],[98.6865955,3.5700459]]]},"properties":{"id":"fp-ovt-277217af-e56e-4c","gers":"277217af-e56e-4cfa-a07c-f96df95c7483","kind":"building","src":"overture","bbox":[98.686595,3.569869,98.686764,3.570086],"m2":240,"sites":["site-17664c3176"]}},{"type":"Feature","geometry":{"type":"Polygon","coordinates":[[[-55.2846252,5.7483524],[-55.2847297,5.7483518],[-55.2847294,5.7483091],[-55.2846949,5.7483093],[-55.2846947,5.7482912],[-55.2846248,5.7482917],[-55.2846252,5.7483524]]]},"properties":{"id":"fp-ovt-2777a79c-6ec7-40","gers":"2777a79c-6ec7-4099-8234-fc986a300328","kind":"building","src":"overture","bbox":[-55.28473,5.748291,-55.284625,5.748352],"m2":71,"sites":["site-8595a2aa7b"]}},{"type":"Feature","geometry":{"type":"Polygon","coordinates":[[[80.2188628,12.8451751],[80.2189803,12.8451683],[80.2189854,12.8452535],[80.2188679,12.8452603],[80.2188628,12.8451751]]]},"properties":{"id":"fp-ovt-279535e4-a803-4f","gers":"279535e4-a803-4f65-b5de-e1a948183049","kind":"building","src":"overture","bbox":[80.218863,12.845168,80.218985,12.84526],"m2":121,"sites":["site-cbbb61a6bd"]}},{"type":"Feature","geometry":{"type":"Polygon","coordinates":[[[8.121145,47.1859263],[8.1209886,47.1860078],[8.1208968,47.1859264],[8.1209761,47.1858851],[8.1208856,47.1858049],[8.1210134,47.1857383],[8.1211384,47.1858491],[8.1210877,47.1858756],[8.121145,47.1859263]]]},"properties":{"id":"fp-ovt-27d071f3-d15b-44","gers":"27d071f3-d15b-44be-ba7d-fdd2f4bfc64e","kind":"building","src":"overture","bbox":[8.120886,47.185738,8.121145,47.186008],"m2":328,"sites":["site-afe47cd8f0"]}},{"type":"Feature","geometry":{"type":"Polygon","coordinates":[[[-70.917776,-17.2052567],[-70.9178774,-17.2052182],[-70.9179026,-17.2052794],[-70.9178016,-17.2053183],[-70.917776,-17.2052567]]]},"properties":{"id":"fp-ovt-2895bc9b-92cf-40","gers":"2895bc9b-92cf-40ca-9864-2960cb55e3fd","kind":"building","src":"overture","bbox":[-70.917903,-17.205318,-70.917776,-17.205218],"m2":85,"sites":["site-f9f696ea05"]}},{"type":"Feature","geometry":{"type":"Polygon","coordinates":[[[-46.6849363,-23.5992359],[-46.6848545,-23.5990821],[-46.6852728,-23.5988934],[-46.6853546,-23.5990472],[-46.6849363,-23.5992359]]]},"properties":{"id":"fp-ovt-28e6e410-52a8-43","gers":"28e6e410-52a8-43c3-a9e9-1138a66d0949","kind":"building","src":"overture","bbox":[-46.685355,-23.599236,-46.684855,-23.598893],"m2":906,"sites":["site-5d5a8c47c0"]}},{"type":"Feature","geometry":{"type":"Polygon","coordinates":[[[22.9428887,40.6329533],[22.9430011,40.6330657],[22.943108,40.6331725],[22.9431281,40.6331949],[22.9431621,40.6331753],[22.9433386,40.6333513],[22.9434546,40.6332843],[22.9436,40.6334293],[22.943438,40.6335228],[22.943255,40.6336285],[22.9429198,40.6338172],[22.942835,40.6337276],[22.9428113,40.6337025],[22.9427217,40.6336146],[22.942756,40.6335962],[22.9428367,40.6335478],[22.9428677,40.6335787],[22.9429223,40.6335456],[22.9428756,40.6334927],[22.9428102,40.6335277],[22.9427748,40.6334896],[22.9428415,40.6334541],[22.9427921,40.6333982],[22.94272,40.6334398],[22.9426393,40.6333571],[22.9426106,40.6333282],[22.9424744,40.633192],[22.942699,40.6330626],[22.9428887,40.6329533]],[[22.9428098,40.6332453],[22.9428695,40.6333049],[22.9427844,40.6333539],[22.9428156,40.6333863],[22.9429458,40.6335336],[22.943089,40.6334508],[22.9431759,40.6334007],[22.943005,40.6332302],[22.943018,40.6332244],[22.9429551,40.6331615],[22.942855,40.6332193],[22.9428098,40.6332453]]]},"properties":{"id":"fp-ovt-294826f2-134f-43","gers":"294826f2-134f-4366-976c-b5b78830d9a4","kind":"building","src":"overture","bbox":[22.942474,40.632953,22.9436,40.633817],"m2":3387,"sites":["site-65801745e6"]}},{"type":"Feature","geometry":{"type":"Polygon","coordinates":[[[-0.6870487,37.9791007],[-0.6870463,37.9791007],[-0.6870175,37.9791047],[-0.6869598,37.9791124],[-0.686937,37.9791161],[-0.6869248,37.9791176],[-0.6869262,37.9791224],[-0.6869125,37.9791258],[-0.6869229,37.9791602],[-0.6869441,37.9792323],[-0.6869799,37.979249],[-0.6870494,37.9792347],[-0.6870782,37.9792292],[-0.6870757,37.9792208],[-0.6870825,37.9792195],[-0.6870785,37.9792075],[-0.6870735,37.9791893],[-0.6870631,37.9791515],[-0.6870312,37.9791578],[-0.6870296,37.9791576],[-0.6870265,37.979148],[-0.6870215,37.9791314],[-0.6870554,37.9791248],[-0.6870554,37.9791237],[-0.6870487,37.9791007]]]},"properties":{"id":"fp-ovt-2a053a28-f12d-45","gers":"2a053a28-f12d-4541-8494-24fc29c91d60","kind":"building","src":"overture","bbox":[-0.687083,37.979101,-0.686913,37.979249],"m2":169,"sites":["site-8b7527b000"]}},{"type":"Feature","geometry":{"type":"Polygon","coordinates":[[[139.7862712,35.6911468],[139.7859943,35.6909655],[139.7860606,35.6908987],[139.7860744,35.6909077],[139.7860872,35.6908949],[139.7862463,35.6909991],[139.786294,35.6909511],[139.7863862,35.6910115],[139.7863707,35.691027],[139.7863783,35.691032],[139.7863407,35.6910699],[139.7863449,35.6910726],[139.7862712,35.6911468]]]},"properties":{"id":"fp-ovt-2a756745-1a61-4b","gers":"2a756745-1a61-4baf-b001-b52b69a1680c","kind":"building","src":"overture","bbox":[139.785994,35.690895,139.786386,35.691147],"m2":441,"sites":["site-4a303cb920"]}},{"type":"Feature","geometry":{"type":"Polygon","coordinates":[[[109.3330229,-0.0338466],[109.332922,-0.0337402],[109.332803,-0.033853],[109.3329039,-0.0339594],[109.3330229,-0.0338466]]]},"properties":{"id":"fp-ovt-2a9423cd-f862-40","gers":"2a9423cd-f862-4094-827a-7aa0209b96f2","kind":"building","src":"overture","bbox":[109.332803,-0.033959,109.333023,-0.03374],"m2":298,"sites":["site-b0d8b0ac3f"]}},{"type":"Feature","geometry":{"type":"Polygon","coordinates":[[[36.8974164,-1.3404359],[36.8974519,-1.3404202],[36.897441,-1.3403954],[36.8974055,-1.3404111],[36.8974164,-1.3404359]]]},"properties":{"id":"fp-ovt-2aabb45d-5c46-45","gers":"2aabb45d-5c46-45cc-a4d8-277dc574330a","kind":"building","src":"overture","bbox":[36.897405,-1.340436,36.897452,-1.340395],"m2":13,"sites":["site-a3c6cd1e1d"]}},{"type":"Feature","geometry":{"type":"Polygon","coordinates":[[[-51.1910432,-30.0343361],[-51.1910438,-30.0343065],[-51.1911755,-30.0343087],[-51.1911759,-30.0342928],[-51.1911761,-30.0342848],[-51.1911762,-30.0342768],[-51.1913211,-30.0342792],[-51.191319,-30.0343769],[-51.1913181,-30.0344158],[-51.1913157,-30.0345243],[-51.1911789,-30.034522],[-51.1911782,-30.0345528],[-51.1910355,-30.0345536],[-51.1910357,-30.0345461],[-51.1910358,-30.0345385],[-51.1909837,-30.0345377],[-51.1909827,-30.0345835],[-51.1908359,-30.0345811],[-51.1908405,-30.0343718],[-51.1908407,-30.0343634],[-51.1908409,-30.034355],[-51.1908413,-30.0343382],[-51.1909038,-30.0343392],[-51.1909715,-30.0343404],[-51.1909717,-30.0343323],[-51.1910432,-30.0343361]]]},"properties":{"id":"fp-ovt-2acf464d-bd5a-4f","gers":"2acf464d-bd5a-4fa1-9fa9-97ee6891e50d","kind":"building","src":"overture","bbox":[-51.191321,-30.034584,-51.190836,-30.034277],"m2":1236,"sites":["site-2751ecac89"]}},{"type":"Feature","geometry":{"type":"Polygon","coordinates":[[[-70.6200805,-33.4478669],[-70.6200489,-33.4479752],[-70.6198655,-33.447938],[-70.6198971,-33.4478296],[-70.6200805,-33.4478669]]]},"properties":{"id":"fp-ovt-2b07bbca-62b7-4f","gers":"2b07bbca-62b7-4ffa-9abd-fa7bfc3c625d","kind":"building","src":"overture","bbox":[-70.620081,-33.447975,-70.619866,-33.44783],"m2":218,"sites":["site-a7b69fcfe1"]}},{"type":"Feature","geometry":{"type":"Polygon","coordinates":[[[78.3807977,17.5056389],[78.3807381,17.5056413],[78.3807337,17.505539],[78.3807933,17.5055367],[78.3807977,17.5056389]]]},"properties":{"id":"fp-ovt-2b956586-26f1-47","gers":"2b956586-26f1-47a1-9764-737c41aa582d","kind":"building","src":"overture","bbox":[78.380734,17.505537,78.380798,17.505641],"m2":72,"sites":["site-2123549fbf"]}},{"type":"Feature","geometry":{"type":"Polygon","coordinates":[[[90.4159283,23.7766675],[90.4157871,23.7766742],[90.4157758,23.7764741],[90.4159171,23.7764674],[90.4159283,23.7766675]]]},"properties":{"id":"fp-ovt-2bbff61e-bbdb-43","gers":"2bbff61e-bbdb-434d-ab52-88e3c5713d1f","kind":"building","src":"overture","bbox":[90.415776,23.776467,90.415928,23.776674],"m2":321,"sites":["site-907885f913"]}},{"type":"Feature","geometry":{"type":"Polygon","coordinates":[[[-72.9924427,43.6603294],[-72.9929354,43.660371],[-72.992974,43.6601318],[-72.9926055,43.660099],[-72.9924813,43.6600902],[-72.9924427,43.6603294]]]},"properties":{"id":"fp-ovt-2bece423-fb94-4d","gers":"2bece423-fb94-4d15-a740-00808e856f4d","kind":"building","src":"overture","bbox":[-72.992974,43.66009,-72.992443,43.660371],"m2":1075,"sites":["site-3fc385f22d"]}},{"type":"Feature","geometry":{"type":"Polygon","coordinates":[[[-61.4495677,-11.4338158],[-61.4494063,-11.4338117],[-61.4494087,-11.4337205],[-61.44957,-11.4337246],[-61.4495677,-11.4338158]]]},"properties":{"id":"fp-ovt-2cb4d363-c104-4d","gers":"2cb4d363-c104-4da2-8d7e-faf9434391fb","kind":"building","src":"overture","bbox":[-61.44957,-11.433816,-61.449406,-11.43372],"m2":179,"sites":["site-33ce52b373"]}},{"type":"Feature","geometry":{"type":"Polygon","coordinates":[[[44.3518969,33.3093372],[44.3518945,33.309288],[44.3519615,33.3092858],[44.3519596,33.3092477],[44.3520453,33.3092448],[44.3520436,33.3092098],[44.352116,33.3092074],[44.3521218,33.3093297],[44.3518969,33.3093372]]]},"properties":{"id":"fp-ovt-2ccd8ae2-abbd-4d","gers":"2ccd8ae2-abbd-4dfa-a198-131139a517d0","kind":"building","src":"overture","bbox":[44.351895,33.309207,44.352122,33.309337],"m2":204,"sites":["site-0fa19c0a55"]}},{"type":"Feature","geometry":{"type":"Polygon","coordinates":[[[8.7648302,53.1108762],[8.7647598,53.1109075],[8.7646737,53.1108376],[8.7647441,53.1108063],[8.7648302,53.1108762]]]},"properties":{"id":"fp-ovt-2cdf079b-edad-46","gers":"2cdf079b-edad-46e4-812c-ffecfab2decd","kind":"building","src":"overture","bbox":[8.764674,53.110806,8.76483,53.110908],"m2":57,"sites":["site-649933077b"]}},{"type":"Feature","geometry":{"type":"Polygon","coordinates":[[[-0.1964629,5.6069322],[-0.1963836,5.60706],[-0.1965003,5.6071437],[-0.1965867,5.6070182],[-0.1964629,5.6069322]]]},"properties":{"id":"fp-ovt-2d21816a-eb7f-4c","gers":"2d21816a-eb7f-4cf1-95ba-30af244d7f75","kind":"building","src":"overture","bbox":[-0.196587,5.606932,-0.196384,5.607144],"m2":275,"sites":["site-e88026e377"]}},{"type":"Feature","geometry":{"type":"Polygon","coordinates":[[[24.0246486,49.8597135],[24.0238388,49.8598242],[24.0237734,49.8596256],[24.0238728,49.859612],[24.0240051,49.8595939],[24.0241044,49.8595803],[24.024132,49.8596642],[24.0244227,49.8596244],[24.0243126,49.8592898],[24.0245007,49.8592641],[24.0246486,49.8597135]]]},"properties":{"id":"fp-ovt-2d27e096-7318-42","gers":"2d27e096-7318-42f9-9234-971d600d39fa","kind":"building","src":"overture","bbox":[24.023773,49.859264,24.024649,49.859824],"m2":1533,"sites":["site-6de4a8ac11"]}},{"type":"Feature","geometry":{"type":"Polygon","coordinates":[[[-34.8536715,-7.1177991],[-34.8534372,-7.1177916],[-34.8534405,-7.1176886],[-34.8536748,-7.1176961],[-34.8536715,-7.1177991]]]},"properties":{"id":"fp-ovt-2d395a9b-80ee-42","gers":"2d395a9b-80ee-4228-b4d2-3e9380cf72fc","kind":"building","src":"overture","bbox":[-34.853675,-7.117799,-34.853437,-7.117689],"m2":297,"sites":["site-cd80eb3dde"]}},{"type":"Feature","geometry":{"type":"Polygon","coordinates":[[[11.0859341,46.2992813],[11.0864248,46.2992378],[11.0864524,46.2995659],[11.0862608,46.2995846],[11.0862366,46.2993592],[11.0859496,46.2993933],[11.0859341,46.2992813]]]},"properties":{"id":"fp-ovt-2d39b2fd-f6e5-4f","gers":"2d39b2fd-f6e5-4f12-8feb-8d97346a4972","kind":"building","src":"overture","bbox":[11.085934,46.299238,11.086452,46.299585],"m2":825,"sites":["site-5ad69bc09b"]}},{"type":"Feature","geometry":{"type":"Polygon","coordinates":[[[78.1318712,9.9363037],[78.131901,9.936473],[78.1317994,9.9364903],[78.1317696,9.936321],[78.1318712,9.9363037]]]},"properties":{"id":"fp-ovt-2db86203-cda1-47","gers":"2db86203-cda1-4759-9314-8e1ff752cae6","kind":"building","src":"overture","bbox":[78.13177,9.936304,78.131901,9.93649],"m2":216,"sites":["site-5c6f397372"]}},{"type":"Feature","geometry":{"type":"Polygon","coordinates":[[[10.9031248,48.3550924],[10.9031332,48.3550417],[10.9030184,48.3550694],[10.9029601,48.3549629],[10.9031538,48.354916],[10.9031595,48.354881],[10.9032644,48.3548886],[10.9037671,48.3547681],[10.9038253,48.3548745],[10.903652,48.3549166],[10.9037114,48.3549207],[10.9037572,48.3549242],[10.9037154,48.3551796],[10.9037123,48.3551987],[10.9038943,48.355278],[10.9038836,48.3553488],[10.9038796,48.3553749],[10.9038576,48.3553759],[10.9038474,48.3554339],[10.9034951,48.3554085],[10.9035053,48.3553531],[10.9035513,48.3553564],[10.9035593,48.3553109],[10.9032864,48.3552912],[10.9030947,48.3552773],[10.9031169,48.3551415],[10.9031248,48.3550924]],[[10.9033824,48.355017],[10.9033213,48.355012],[10.9033169,48.3550362],[10.9032946,48.3551566],[10.9032929,48.3551655],[10.9033078,48.3551667],[10.9035339,48.3551851],[10.9035431,48.3551354],[10.9035623,48.3550317],[10.9033824,48.355017]]]},"properties":{"id":"fp-ovt-2dfb6e53-14bd-4d","gers":"2dfb6e53-14bd-4de9-a451-66da6c8eecbc","kind":"building","src":"overture","bbox":[10.90296,48.354768,10.903894,48.355434],"m2":2584,"sites":["site-57e6d8d7f6"]}},{"type":"Feature","geometry":{"type":"Polygon","coordinates":[[[12.5043233,41.6687669],[12.5036803,41.6685639],[12.5038098,41.668335],[12.5044968,41.6685521],[12.5043673,41.6687808],[12.5043233,41.6687669]]]},"properties":{"id":"fp-ovt-2e185c0d-ef72-48","gers":"2e185c0d-ef72-4838-9304-44cb606f5b6f","kind":"building","src":"overture","bbox":[12.50368,41.668335,12.504497,41.668781],"m2":1715,"sites":["site-2120b068c3"]}},{"type":"Feature","geometry":{"type":"Polygon","coordinates":[[[-58.6706271,-26.6213735],[-58.6706918,-26.6213413],[-58.6707148,-26.6213786],[-58.67065,-26.6214108],[-58.6706271,-26.6213735]]]},"properties":{"id":"fp-ovt-2e32b391-960a-49","gers":"2e32b391-960a-49d3-987b-5d56a19a6739","kind":"building","src":"overture","bbox":[-58.670715,-26.621411,-58.670627,-26.621341],"m2":35,"sites":["site-28e7b4c192"]}},{"type":"Feature","geometry":{"type":"Polygon","coordinates":[[[-51.9151569,-23.4555412],[-51.9151007,-23.4554316],[-51.9152668,-23.4553591],[-51.915323,-23.4554687],[-51.9151569,-23.4555412]]]},"properties":{"id":"fp-ovt-2eb185d5-5697-4d","gers":"2eb185d5-5697-4ded-8fcf-f1f4878a65cd","kind":"building","src":"overture","bbox":[-51.915323,-23.455541,-51.915101,-23.455359],"m2":253,"sites":["site-877a73408c"]}},{"type":"Feature","geometry":{"type":"Polygon","coordinates":[[[77.4831111,28.5533657],[77.4831769,28.5535132],[77.4830034,28.5535735],[77.4829376,28.553426],[77.4831111,28.5533657]]]},"properties":{"id":"fp-ovt-2f0429c1-cb61-41","gers":"2f0429c1-cb61-4145-82a1-943dd90ce03b","kind":"building","src":"overture","bbox":[77.482938,28.553366,77.483177,28.553573],"m2":322,"sites":["site-d5ea7a303d"]}},{"type":"Feature","geometry":{"type":"Polygon","coordinates":[[[112.414146,-7.432135],[112.4141534,-7.4320452],[112.4140992,-7.4320407],[112.4140918,-7.4321306],[112.414146,-7.432135]]]},"properties":{"id":"fp-ovt-2f521a29-5280-43","gers":"2f521a29-5280-43ee-8466-401bd5e8d65a","kind":"building","src":"overture","bbox":[112.414092,-7.432135,112.414153,-7.432041],"m2":60,"sites":["site-c2e4f74e03"]}},{"type":"Feature","geometry":{"type":"Polygon","coordinates":[[[115.2255245,-8.6082027],[115.2255441,-8.6082966],[115.2255616,-8.6083801],[115.2256362,-8.6083649],[115.2256187,-8.6082814],[115.2255991,-8.6081875],[115.2255245,-8.6082027]]]},"properties":{"id":"fp-ovt-2fb8825e-a5bc-4e","gers":"2fb8825e-a5bc-4e58-9c1d-57d5ca063423","kind":"building","src":"overture","bbox":[115.225525,-8.60838,115.225636,-8.608187],"m2":169,"sites":["site-7c3ff0e135"]}},{"type":"Feature","geometry":{"type":"Polygon","coordinates":[[[39.1388449,21.746591],[39.1384084,21.7464996],[39.1385028,21.7461108],[39.1384901,21.7461081],[39.138581,21.7457335],[39.1389818,21.7458175],[39.1389524,21.7459384],[39.1390009,21.7459485],[39.1388449,21.746591]]]},"properties":{"id":"fp-ovt-2ff0679b-9e16-47","gers":"2ff0679b-9e16-475c-87a9-b45c5cad366c","kind":"building","src":"overture","bbox":[39.138408,21.745734,39.139001,21.746591],"m2":4017,"sites":["site-65735990b9"]}},{"type":"Feature","geometry":{"type":"Polygon","coordinates":[[[-70.5872283,-33.5230487],[-70.5872205,-33.5229104],[-70.5873061,-33.522907],[-70.5873076,-33.522933],[-70.5873976,-33.5229295],[-70.5874018,-33.5230039],[-70.5873081,-33.5230076],[-70.5873103,-33.5230455],[-70.5872283,-33.5230487]]]},"properties":{"id":"fp-ovt-305ef603-c5fd-4e","gers":"305ef603-c5fd-4e24-b58a-463e6042593c","kind":"building","src":"overture","bbox":[-70.587402,-33.523049,-70.587221,-33.522907],"m2":191,"sites":["site-e0facec4f3"]}},{"type":"Feature","geometry":{"type":"Polygon","coordinates":[[[130.8830522,-12.4293426],[130.8830531,-12.4296191],[130.8831643,-12.4296187],[130.883163,-12.4292322],[130.8825273,-12.4292343],[130.8825277,-12.4293443],[130.8830522,-12.4293426]]]},"properties":{"id":"fp-ovt-307066fb-914b-43","gers":"307066fb-914b-43d0-b30d-4ec96225ea8c","kind":"building","src":"overture","bbox":[130.882527,-12.429619,130.883164,-12.429232],"m2":1218,"sites":["site-efbcc40cab"]}},{"type":"Feature","geometry":{"type":"Polygon","coordinates":[[[24.753879,42.1360606],[24.7538006,42.1360178],[24.7538012,42.1361162],[24.7535343,42.1361172],[24.7535335,42.1359868],[24.7537637,42.135986],[24.7537006,42.1359392],[24.753812,42.1358666],[24.7538321,42.1358815],[24.7541727,42.1356468],[24.7541942,42.1356667],[24.7543336,42.1355623],[24.7543955,42.1356031],[24.7544302,42.135626],[24.7543913,42.1356558],[24.7542854,42.1357373],[24.7542532,42.1357115],[24.7542317,42.1357741],[24.7542559,42.13579],[24.7542183,42.1358159],[24.7542344,42.1358318],[24.754158,42.1358766],[24.7541499,42.1358517],[24.7541003,42.1358696],[24.7540922,42.1358587],[24.7540466,42.1358835],[24.7540949,42.1359472],[24.7542693,42.1358994],[24.754343,42.1360228],[24.7543135,42.1360357],[24.7542384,42.1360625],[24.7541311,42.1360844],[24.7540399,42.1360884],[24.7539568,42.1360785],[24.753879,42.1360606]]]},"properties":{"id":"fp-ovt-3074fe1f-5910-4a","gers":"3074fe1f-5910-4a2f-bab9-567074af8625","kind":"building","src":"overture","bbox":[24.753533,42.135562,24.75443,42.136117],"m2":1802,"sites":["site-5586db371e"]}},{"type":"Feature","geometry":{"type":"Polygon","coordinates":[[[118.3739671,35.1973329],[118.3737712,35.1973355],[118.3737707,35.1972673],[118.3737706,35.1972542],[118.3737703,35.1972161],[118.3737701,35.1971971],[118.37377,35.1971774],[118.3737698,35.1971505],[118.3737696,35.1971266],[118.3737691,35.1970695],[118.3737691,35.1970571],[118.3737688,35.1970188],[118.3737687,35.1970072],[118.3737686,35.1969918],[118.3737684,35.1969667],[118.3737681,35.1969292],[118.3737679,35.1969063],[118.3739391,35.1969053],[118.3739369,35.1968798],[118.3739366,35.1968381],[118.3739373,35.1968183],[118.3737672,35.1968153],[118.373767,35.196793],[118.3737669,35.1967755],[118.3737666,35.1967343],[118.373766,35.1966661],[118.3737659,35.196648],[118.3737655,35.1965974],[118.3737653,35.1965757],[118.373765,35.1965372],[118.3737646,35.1964736],[118.3737644,35.1964552],[118.3737642,35.1964273],[118.3738018,35.1963889],[118.3740388,35.1963786],[118.3740487,35.196306],[118.3734568,35.1963083],[118.3732438,35.1963387],[118.3728981,35.1963502],[118.3726741,35.1963347],[118.3725506,35.1962971],[118.3724516,35.1962465],[118.3724246,35.1961689],[118.3724416,35.1960797],[118.3725212,35.1960087],[118.3726079,35.1959657],[118.3727846,35.1959228],[118.3730089,35.1958878],[118.3731933,35.1958776],[118.3734188,35.1959038],[118.3735679,35.1959556],[118.3741409,35.1960141],[118.37422,35.1958708],[118.3743463,35.1956981],[118.3745362,35.1955704],[118.3746628,35.1955324],[118.3748189,35.1955196],[118.3749487,35.1955237],[118.3750367,35.1955514],[118.3752107,35.195644],[118.3753305,35.1957468],[118.3754436,35.1958565],[118.3754639,35.1958961],[118.3755089,35.1959953],[118.376031,35.1959699],[118.3761001,35.1959235],[118.3762554,35.1958838],[118.3764625,35.1958738],[118.3766763,35.1958896],[118.3768497,35.1959165],[118.3769664,35.1959522],[118.3770715,35.196023],[118.3771253,35.1960839],[118.3771212,35.1961561],[118.3770655,35.1962394],[118.3769677,35.1962955],[118.3767607,35.1963343],[118.3765355,35.1963404],[118.3763101,35.196321],[118.3761406,35.1963015],[118.3756297,35.1963155],[118.3756433,35.1963852],[118.3759278,35.1963893],[118.3759537,35.1964132],[118.3759537,35.1964572],[118.3759537,35.1964722],[118.3759537,35.1964989],[118.3759537,35.196567],[118.3759537,35.1966003],[118.3759537,35.1966308],[118.3759537,35.1966545],[118.3759537,35.1966924],[118.3759537,35.1967697],[118.3759537,35.1967892],[118.3759537,35.196823],[118.3757042,35.1968292],[118.3757042,35.196846],[118.3757042,35.1968837],[118.3757021,35.1969097],[118.3759538,35.196915],[118.3759538,35.1969285],[118.3759538,35.1969477],[118.3759538,35.196983],[118.3759538,35.1970571],[118.3759538,35.1971157],[118.3759538,35.1971533],[118.3759538,35.1971851],[118.3759538,35.1972525],[118.3759538,35.1973355],[118.3756907,35.1973386],[118.3756894,35.1973953],[118.3739664,35.1973953],[118.3739671,35.1973329]]]},"properties":{"id":"fp-ovt-30b3f64f-2115-4e","gers":"30b3f64f-2115-4e39-baaa-910a7eed65d2","kind":"building","src":"overture","bbox":[118.372425,35.19552,118.377125,35.197395],"m2":44516,"sites":["site-75d3c8ac15"]}},{"type":"Feature","geometry":{"type":"Polygon","coordinates":[[[106.8013691,10.8591954],[106.8011831,10.8595033],[106.8011245,10.8594692],[106.8013104,10.8591613],[106.8013691,10.8591954]]]},"properties":{"id":"fp-ovt-30bf85d2-50a6-4f","gers":"30bf85d2-50a6-4f8b-82cf-fa1129cabd8f","kind":"building","src":"overture","bbox":[106.801125,10.859161,106.801369,10.859503],"m2":297,"sites":["site-d7033d53d1"]}},{"type":"Feature","geometry":{"type":"Polygon","coordinates":[[[-49.2643503,-16.7145579],[-49.2641826,-16.7145507],[-49.2641923,-16.7143391],[-49.2643601,-16.7143462],[-49.2643503,-16.7145579]]]},"properties":{"id":"fp-ovt-311bbdd5-4dbd-44","gers":"311bbdd5-4dbd-447c-a839-96dc9116ce29","kind":"building","src":"overture","bbox":[-49.26436,-16.714558,-49.264183,-16.714339],"m2":422,"sites":["site-9984597a75"]}},{"type":"Feature","geometry":{"type":"Polygon","coordinates":[[[125.7352064,11.0186432],[125.7351914,11.018658],[125.7351379,11.0186062],[125.7351732,11.0185711],[125.7352016,11.0185987],[125.7351813,11.0186189],[125.7352064,11.0186432]]]},"properties":{"id":"fp-ovt-3158b386-cd8c-46","gers":"3158b386-cd8c-4643-b007-5c229bc553ba","kind":"building","src":"overture","bbox":[125.735138,11.018571,125.735206,11.018658],"m2":33,"sites":["site-93bff34573"]}},{"type":"Feature","geometry":{"type":"Polygon","coordinates":[[[-85.2112592,41.1328018],[-85.2112647,41.1325575],[-85.2108276,41.1325519],[-85.2108221,41.1327962],[-85.2112592,41.1328018]]]},"properties":{"id":"fp-ovt-31721a42-cc07-45","gers":"31721a42-cc07-45ae-9193-b0da99e2a9f6","kind":"building","src":"overture","bbox":[-85.211265,41.132552,-85.210822,41.132802],"m2":997,"sites":["site-abfeba9056"]}},{"type":"Feature","geometry":{"type":"Polygon","coordinates":[[[74.3422741,31.4757482],[74.34236,31.4756608],[74.3424418,31.4756189],[74.3425426,31.475583],[74.3426604,31.4755646],[74.3427771,31.4755642],[74.342926,31.4756049],[74.3428114,31.4757537],[74.3427257,31.4758127],[74.3426447,31.4758547],[74.3425497,31.475885],[74.3424461,31.4758956],[74.3423573,31.4758909],[74.3422092,31.4758621],[74.3422741,31.4757482]]]},"properties":{"id":"fp-ovt-32001a8c-2314-44","gers":"32001a8c-2314-44d9-9b1e-23b86a83b94d","kind":"building","src":"overture","bbox":[74.342209,31.475564,74.342926,31.475896],"m2":1589,"sites":["site-4f0bf6370c"]}},{"type":"Feature","geometry":{"type":"Polygon","coordinates":[[[-70.697091,19.4433462],[-70.697172,19.4433884],[-70.6972152,19.4433146],[-70.6971342,19.4432724],[-70.697091,19.4433462]]]},"properties":{"id":"fp-ovt-321235fe-8dd4-4e","gers":"321235fe-8dd4-4e5c-a304-58ad8e64b121","kind":"building","src":"overture","bbox":[-70.697215,19.443272,-70.697091,19.443388],"m2":91,"sites":["site-3a4f323a3e"]}},{"type":"Feature","geometry":{"type":"Polygon","coordinates":[[[-74.9278138,11.0228046],[-74.9278414,11.0227183],[-74.9277584,11.0226927],[-74.9277308,11.022779],[-74.9278138,11.0228046]]]},"properties":{"id":"fp-ovt-32261de8-3c3d-45","gers":"32261de8-3c3d-45e5-afd2-b240f6642ab1","kind":"building","src":"overture","bbox":[-74.927841,11.022693,-74.927731,11.022805],"m2":96,"sites":["site-1e4bf7c6e0"]}},{"type":"Feature","geometry":{"type":"Polygon","coordinates":[[[-39.5886912,-16.3785125],[-39.5888094,-16.3784953],[-39.5888198,-16.3785612],[-39.5887017,-16.3785783],[-39.5886912,-16.3785125]]]},"properties":{"id":"fp-ovt-3257eb6a-dcd5-48","gers":"3257eb6a-dcd5-48cf-b3b3-73c015181d5d","kind":"building","src":"overture","bbox":[-39.58882,-16.378578,-39.588691,-16.378495],"m2":95,"sites":["site-7bf3e2157a"]}},{"type":"Feature","geometry":{"type":"Polygon","coordinates":[[[13.181196,-8.9147433],[13.1811835,-8.9149463],[13.181345,-8.914956],[13.1813575,-8.9147522],[13.181317,-8.9147498],[13.1813198,-8.9147053],[13.1812393,-8.9147005],[13.1812366,-8.9147457],[13.181196,-8.9147433]]]},"properties":{"id":"fp-ovt-32680626-231f-4e","gers":"32680626-231f-4ed2-b734-61e5856de8ad","kind":"building","src":"overture","bbox":[13.181183,-8.914956,13.181358,-8.914701],"m2":448,"sites":["site-21c66ca330"]}},{"type":"Feature","geometry":{"type":"Polygon","coordinates":[[[-46.7001415,-23.6248468],[-46.7001168,-23.6248921],[-46.6997558,-23.625049],[-46.6995094,-23.6249067],[-46.6994334,-23.624753],[-46.6993771,-23.6246392],[-46.6994018,-23.6245809],[-46.6991718,-23.6244933],[-46.6990161,-23.6241982],[-46.6988851,-23.6242501],[-46.6988179,-23.6241172],[-46.69874,-23.6241496],[-46.6985405,-23.6240868],[-46.6985023,-23.6240097],[-46.6983605,-23.624071],[-46.6982566,-23.6238674],[-46.6982268,-23.6238091],[-46.6980357,-23.6238869],[-46.6978906,-23.6235757],[-46.6979118,-23.6235076],[-46.6976712,-23.623005],[-46.6978694,-23.6229239],[-46.697788,-23.6227423],[-46.6980039,-23.622658],[-46.6979897,-23.6226321],[-46.6980676,-23.6226061],[-46.6979649,-23.6223824],[-46.6980994,-23.622204],[-46.6984993,-23.6220382],[-46.6987329,-23.6219414],[-46.698847,-23.6221714],[-46.6990818,-23.622677],[-46.699685,-23.6239356],[-46.699593,-23.6239713],[-46.6997574,-23.6243207],[-46.6997699,-23.6243474],[-46.6999221,-23.6243895],[-46.7001415,-23.6248468]]]},"properties":{"id":"fp-ovt-32b73738-d78f-4a","gers":"32b73738-d78f-4aff-b2fb-18f90e67e1b3","kind":"building","src":"overture","bbox":[-46.700142,-23.625049,-46.697671,-23.621941],"m2":37200,"sites":["site-440fa7d09a"]}},{"type":"Feature","geometry":{"type":"Polygon","coordinates":[[[114.2468058,22.2662716],[114.2467979,22.2665489],[114.2462578,22.2665338],[114.2462679,22.2662668],[114.2468058,22.2662716]]]},"properties":{"id":"fp-ovt-32bf89e1-c18f-4f","gers":"32bf89e1-c18f-4fa5-a918-e3efd26f571e","kind":"building","src":"overture","bbox":[114.246258,22.266267,114.246806,22.266549],"m2":1683,"sites":["site-c3aca7fc96"]}},{"type":"Feature","geometry":{"type":"Polygon","coordinates":[[[101.7293863,3.1744338],[101.7293289,3.1745108],[101.7292302,3.1744375],[101.7292802,3.1743703],[101.7292146,3.1743216],[101.7292165,3.1743067],[101.7293922,3.1742124],[101.7294655,3.1743138],[101.7294357,3.1743538],[101.7294854,3.1743907],[101.7294294,3.1744658],[101.7293863,3.1744338]]]},"properties":{"id":"fp-ovt-336a0871-84a5-4d","gers":"336a0871-84a5-4dbc-99b2-84a2c059cea1","kind":"building","src":"overture","bbox":[101.729215,3.174212,101.729485,3.174511],"m2":566,"sites":["site-7d0c675f2f"]}},{"type":"Feature","geometry":{"type":"Polygon","coordinates":[[[77.2847293,28.6389811],[77.2848267,28.638994],[77.2848077,28.6391053],[77.2847104,28.6390924],[77.2847293,28.6389811]]]},"properties":{"id":"fp-ovt-3395de58-3907-4b","gers":"3395de58-3907-4b5f-8a9e-a282a95181c1","kind":"building","src":"overture","bbox":[77.28471,28.638981,77.284827,28.639105],"m2":120,"sites":["site-66e33524dc"]}},{"type":"Feature","geometry":{"type":"Polygon","coordinates":[[[-46.5698714,-23.6777731],[-46.5699101,-23.6777041],[-46.5699659,-23.6777307],[-46.5699273,-23.6777997],[-46.5698714,-23.6777731]]]},"properties":{"id":"fp-ovt-33abe77f-133e-4e","gers":"33abe77f-133e-4e8f-a5f6-a2cca5800b97","kind":"building","src":"overture","bbox":[-46.569966,-23.6778,-46.569871,-23.677704],"m2":55,"sites":["site-3a2d9a98d6"]}},{"type":"Feature","geometry":{"type":"Polygon","coordinates":[[[38.7794491,8.9976265],[38.7794681,8.9976704],[38.7793778,8.9977092],[38.7793587,8.9976653],[38.7794491,8.9976265]]]},"properties":{"id":"fp-ovt-33e29952-1157-48","gers":"33e29952-1157-48c7-91f2-ee5d571a9030","kind":"building","src":"overture","bbox":[38.779359,8.997627,38.779468,8.997709],"m2":58,"sites":["site-d8d436354e"]}},{"type":"Feature","geometry":{"type":"Polygon","coordinates":[[[28.1844396,-25.8823067],[28.1842842,-25.8824327],[28.1844069,-25.8825552],[28.1845082,-25.8824731],[28.1845396,-25.8825044],[28.1845937,-25.8824605],[28.1844396,-25.8823067]]]},"properties":{"id":"fp-ovt-349329d6-8e46-4e","gers":"349329d6-8e46-4ea6-9d56-a458482b9a1f","kind":"building","src":"overture","bbox":[28.184284,-25.882555,28.184594,-25.882307],"m2":419,"sites":["site-916e743bdd"]}},{"type":"Feature","geometry":{"type":"Polygon","coordinates":[[[-71.6514952,10.7222954],[-71.6515409,10.7222885],[-71.6515344,10.7222473],[-71.6514887,10.7222543],[-71.6514952,10.7222954]]]},"properties":{"id":"fp-ovt-349ca9bf-90a0-49","gers":"349ca9bf-90a0-498d-a018-4331f625a07c","kind":"building","src":"overture","bbox":[-71.651541,10.722247,-71.651489,10.722295],"m2":23,"sites":["site-3b5b5c4538"]}},{"type":"Feature","geometry":{"type":"Polygon","coordinates":[[[106.8715971,-6.4446086],[106.8716657,-6.4445319],[106.8716248,-6.4444953],[106.8715562,-6.444572],[106.8715971,-6.4446086]]]},"properties":{"id":"fp-ovt-34a85b36-b19d-46","gers":"34a85b36-b19d-464d-9edf-33ceb9c5b4a4","kind":"building","src":"overture","bbox":[106.871556,-6.444609,106.871666,-6.444495],"m2":70,"sites":["site-f0aaf7d97c"]}},{"type":"Feature","geometry":{"type":"Polygon","coordinates":[[[13.0403926,47.8227338],[13.0402855,47.8226973],[13.0402767,47.8226612],[13.0404124,47.8227076],[13.0403926,47.8227338]]]},"properties":{"id":"fp-ovt-34aa765c-d269-4e","gers":"34aa765c-d269-4ef4-b6a5-557a082be0a6","kind":"building","src":"overture","bbox":[13.040277,47.822661,13.040412,47.822734],"m2":33,"sites":["site-3ed745b175"]}},{"type":"Feature","geometry":{"type":"Polygon","coordinates":[[[71.4630574,51.1466402],[71.4630467,51.1463521],[71.4632589,51.146349],[71.4632696,51.1466371],[71.4630574,51.1466402]]]},"properties":{"id":"fp-ovt-3503b856-f9c0-47","gers":"3503b856-f9c0-474b-94fd-eba90448627e","kind":"building","src":"overture","bbox":[71.463047,51.146349,71.46327,51.14664],"m2":476,"sites":["site-32db9ddb81"]}},{"type":"Feature","geometry":{"type":"Polygon","coordinates":[[[-58.3785612,-34.5994873],[-58.3783022,-34.5994742],[-58.3783073,-34.5994043],[-58.3785663,-34.5994174],[-58.3785612,-34.5994873]]]},"properties":{"id":"fp-ovt-3505b93e-f680-46","gers":"3505b93e-f680-4650-9061-479b71e4db92","kind":"building","src":"overture","bbox":[-58.378566,-34.599487,-58.378302,-34.599404],"m2":185,"sites":["site-ac72984b19"]}},{"type":"Feature","geometry":{"type":"Polygon","coordinates":[[[24.7091801,59.4371047],[24.7092011,59.4371111],[24.7091079,59.4371897],[24.7090909,59.4371845],[24.7087896,59.437092],[24.7088828,59.4370134],[24.7091532,59.4370964],[24.7091801,59.4371047]]]},"properties":{"id":"fp-ovt-35250e44-0d9c-45","gers":"35250e44-0d9c-452b-89e5-080519cfacef","kind":"building","src":"overture","bbox":[24.70879,59.437013,24.709201,59.43719],"m2":215,"sites":["site-f46f86a733"]}},{"type":"Feature","geometry":{"type":"Polygon","coordinates":[[[74.8757959,12.8834847],[74.8757472,12.8836739],[74.8756858,12.8836587],[74.8757345,12.8834695],[74.8757959,12.8834847]]]},"properties":{"id":"fp-ovt-35324bda-8ddf-49","gers":"35324bda-8ddf-493e-b12b-57bfef5d4440","kind":"building","src":"overture","bbox":[74.875686,12.88347,74.875796,12.883674],"m2":149,"sites":["site-3b6b61b3c9"]}},{"type":"Feature","geometry":{"type":"Polygon","coordinates":[[[105.7908812,21.0406341],[105.7912338,21.0406369],[105.7912297,21.0410946],[105.7908771,21.0410918],[105.7908812,21.0406341]]]},"properties":{"id":"fp-ovt-35724fc8-d87a-4b","gers":"35724fc8-d87a-4bc6-b523-1f262c1d201c","kind":"building","src":"overture","bbox":[105.790877,21.040634,105.791234,21.041095],"m2":1867,"sites":["site-6295d69c39"]}},{"type":"Feature","geometry":{"type":"Polygon","coordinates":[[[101.4478412,0.5250836],[101.4478324,0.5247533],[101.4482208,0.5247429],[101.4482296,0.5250732],[101.4478412,0.5250836]]]},"properties":{"id":"fp-ovt-3583545e-b750-40","gers":"3583545e-b750-4018-842c-be5f75044170","kind":"building","src":"overture","bbox":[101.447832,0.524743,101.44823,0.525084],"m2":1591,"sites":["site-d742e26b30"]}},{"type":"Feature","geometry":{"type":"Polygon","coordinates":[[[101.6554721,2.9126804],[101.6554126,2.9125729],[101.6556759,2.9124742],[101.6556852,2.9124925],[101.6557093,2.9124822],[101.6558744,2.9128492],[101.6558905,2.9128438],[101.6559254,2.9129054],[101.6556759,2.9130742],[101.6554345,2.9126992],[101.6554721,2.9126804]]]},"properties":{"id":"fp-ovt-3596c125-b956-46","gers":"3596c125-b956-463b-9db2-8a9cf4c5435c","kind":"building","src":"overture","bbox":[101.655413,2.912474,101.655925,2.913074],"m2":2032,"sites":["site-5d817a20bf"]}},{"type":"Feature","geometry":{"type":"Polygon","coordinates":[[[57.6092271,-20.4200878],[57.6092442,-20.4201264],[57.6092913,-20.4201081],[57.6092742,-20.4200695],[57.6092271,-20.4200878]]]},"properties":{"id":"fp-ovt-35b35d8f-a7b9-4c","gers":"35b35d8f-a7b9-4c35-80de-f4f457d3ff4e","kind":"building","src":"overture","bbox":[57.609227,-20.420126,57.609291,-20.42007],"m2":25,"sites":["site-9e3ca5dff0"]}},{"type":"Feature","geometry":{"type":"Polygon","coordinates":[[[-79.0314916,-8.1156479],[-79.031575,-8.1157475],[-79.031447,-8.1158524],[-79.0313637,-8.1157528],[-79.0314916,-8.1156479]]]},"properties":{"id":"fp-ovt-35f9eadc-088b-49","gers":"35f9eadc-088b-4916-90d2-7def4e530b1e","kind":"building","src":"overture","bbox":[-79.031575,-8.115852,-79.031364,-8.115648],"m2":264,"sites":["site-8efcf755de"]}},{"type":"Feature","geometry":{"type":"Polygon","coordinates":[[[8.4402422,49.0195907],[8.4401194,49.0196444],[8.4400862,49.0196589],[8.4400679,49.019641],[8.4400478,49.0196468],[8.4400289,49.0196541],[8.4400095,49.0196637],[8.4399921,49.0196749],[8.4400098,49.0196923],[8.4399802,49.0197053],[8.4398602,49.0197578],[8.4398549,49.0197526],[8.4397636,49.0196629],[8.439767,49.0196614],[8.4397488,49.0196435],[8.4397455,49.019645],[8.4396622,49.0195631],[8.4398146,49.0194965],[8.4398182,49.0194949],[8.4398259,49.0195025],[8.4398452,49.019494],[8.4398527,49.0195014],[8.4398673,49.0194951],[8.4398818,49.0194887],[8.4398743,49.0194814],[8.4398936,49.0194729],[8.4398858,49.0194653],[8.4398941,49.0194617],[8.4399639,49.0194312],[8.4400045,49.0194134],[8.4400442,49.019396],[8.4401274,49.0194778],[8.4401243,49.0194791],[8.4401426,49.0194971],[8.4401457,49.0194958],[8.4402422,49.0195907]]]},"properties":{"id":"fp-ovt-360f28f5-6726-45","gers":"360f28f5-6726-4576-b87f-b4cd5e382d1c","kind":"building","src":"overture","bbox":[8.439662,49.019396,8.440242,49.019758],"m2":846,"sites":["site-bb321c02b2"]}},{"type":"Feature","geometry":{"type":"Polygon","coordinates":[[[-44.5377391,-23.0038633],[-44.5376738,-23.0039308],[-44.537602,-23.0038719],[-44.5376673,-23.0038045],[-44.5377391,-23.0038633]]]},"properties":{"id":"fp-ovt-361aaf55-54aa-4d","gers":"361aaf55-54aa-4df1-8ec2-c12b0dd34cee","kind":"building","src":"overture","bbox":[-44.537739,-23.003931,-44.537602,-23.003805],"m2":99,"sites":["site-42be9ae5f1"]}},{"type":"Feature","geometry":{"type":"Polygon","coordinates":[[[101.7962819,2.9775091],[101.7962218,2.9775088],[101.7962226,2.9773009],[101.7962827,2.9773012],[101.7962819,2.9775091]]]},"properties":{"id":"fp-ovt-36a33b33-56c8-4e","gers":"36a33b33-56c8-4e84-99f5-14bf3ab3cac0","kind":"building","src":"overture","bbox":[101.796222,2.977301,101.796283,2.977509],"m2":155,"sites":["site-b95989cfc2"]}},{"type":"Feature","geometry":{"type":"Polygon","coordinates":[[[127.1097087,37.3028182],[127.1097049,37.3027647],[127.1099067,37.3027558],[127.1099097,37.3027986],[127.1098559,37.302801],[127.1098596,37.3028545],[127.1103036,37.302835],[127.1103103,37.3029313],[127.1095165,37.3029662],[127.1095068,37.3028271],[127.1097087,37.3028182]]]},"properties":{"id":"fp-ovt-36f32b82-9636-44","gers":"36f32b82-9636-44a1-9bff-acbb07bd171e","kind":"building","src":"overture","bbox":[127.109507,37.302756,127.11031,37.302966],"m2":1005,"sites":["site-8a9ef27098"]}},{"type":"Feature","geometry":{"type":"Polygon","coordinates":[[[-58.3799677,-34.606863],[-58.379348,-34.606847],[-58.3793561,-34.6067058],[-58.3799664,-34.606719],[-58.3799677,-34.606863]]]},"properties":{"id":"fp-ovt-375eff5d-d1ac-41","gers":"375eff5d-d1ac-4113-a675-7fd9a23126b0","kind":"building","src":"overture","bbox":[-58.379968,-34.606863,-58.379348,-34.606706],"m2":895,"sites":["site-1cee4d8dab","site-1cfef040d0","site-b0fb66c8ea"]}},{"type":"Feature","geometry":{"type":"Polygon","coordinates":[[[16.3536006,48.1930173],[16.3533243,48.1930641],[16.3533142,48.193038],[16.3532589,48.19291],[16.3532476,48.192885],[16.3531711,48.1927731],[16.3533998,48.1926759],[16.3534367,48.1927403],[16.3534525,48.1927683],[16.3534654,48.1927919],[16.3535047,48.1928656],[16.3534465,48.1928784],[16.3534302,48.1928734],[16.3534064,48.1928364],[16.3533196,48.1928618],[16.3533483,48.1929418],[16.3533719,48.1929259],[16.3533744,48.1929018],[16.3534174,48.192893],[16.3534455,48.1929153],[16.3534761,48.1929197],[16.3535308,48.1929082],[16.3536006,48.1930173]]]},"properties":{"id":"fp-ovt-376d615b-8ac5-47","gers":"376d615b-8ac5-4795-8eb4-4f7ee6843581","kind":"building","src":"overture","bbox":[16.353171,48.192676,16.353601,48.193064],"m2":651,"sites":["site-91cfb15a25"]}},{"type":"Feature","geometry":{"type":"Polygon","coordinates":[[[-38.3629153,-12.904024],[-38.3627651,-12.9040264],[-38.3627634,-12.9039297],[-38.3629136,-12.9039273],[-38.3629153,-12.904024]]]},"properties":{"id":"fp-ovt-3795b04d-9209-47","gers":"3795b04d-9209-4706-8bf0-a2212664c5bd","kind":"building","src":"overture","bbox":[-38.362915,-12.904026,-38.362763,-12.903927],"m2":175,"sites":["site-a4c64dbfd5"]}},{"type":"Feature","geometry":{"type":"Polygon","coordinates":[[[-60.0143382,-3.1203974],[-60.0144026,-3.1203974],[-60.0144026,-3.1204697],[-60.0144026,-3.1205045],[-60.0143382,-3.1205045],[-60.0143382,-3.1203974]]]},"properties":{"id":"fp-ovt-3796637f-d969-48","gers":"3796637f-d969-48d2-bba7-faf15cb43890","kind":"building","src":"overture","bbox":[-60.014403,-3.120505,-60.014338,-3.120397],"m2":85,"sites":["site-65ad9ac188"]}},{"type":"Feature","geometry":{"type":"Polygon","coordinates":[[[-70.6139574,-33.3929376],[-70.6141006,-33.3930992],[-70.6139056,-33.3932196],[-70.6137624,-33.3930581],[-70.6139574,-33.3929376]]]},"properties":{"id":"fp-ovt-37bb88ae-0890-48","gers":"37bb88ae-0890-487b-abd5-77004e1ebaad","kind":"building","src":"overture","bbox":[-70.614101,-33.39322,-70.613762,-33.392938],"m2":504,"sites":["site-4b3d93a51d"]}},{"type":"Feature","geometry":{"type":"Polygon","coordinates":[[[77.207707,28.6309413],[77.2076681,28.6309421],[77.207664,28.6308009],[77.2077004,28.6308001],[77.2076993,28.6307617],[77.2078533,28.6307583],[77.2078514,28.6306908],[77.2079759,28.6306881],[77.2079778,28.6307555],[77.2080507,28.6307539],[77.2080566,28.6309642],[77.2080046,28.6309654],[77.2080058,28.6310072],[77.2078355,28.6310109],[77.2078343,28.6309691],[77.2077079,28.6309719],[77.207707,28.6309413]]]},"properties":{"id":"fp-ovt-383bce0c-dbae-4a","gers":"383bce0c-dbae-4ac3-8cf2-c078f755f4d1","kind":"building","src":"overture","bbox":[77.207664,28.630688,77.208057,28.631011],"m2":1028,"sites":["site-07fbfd0e1e"]}},{"type":"Feature","geometry":{"type":"Polygon","coordinates":[[[-83.6275883,41.8073499],[-83.6277471,41.8073495],[-83.6277465,41.8072302],[-83.6276532,41.8072305],[-83.6275877,41.8072307],[-83.6275879,41.8072858],[-83.6275883,41.8073499]]]},"properties":{"id":"fp-ovt-385c751b-7fc1-4f","gers":"385c751b-7fc1-4f81-9595-814a83656b15","kind":"building","src":"overture","bbox":[-83.627747,41.80723,-83.627588,41.80735],"m2":175,"sites":["site-ad094d697b"]}},{"type":"Feature","geometry":{"type":"Polygon","coordinates":[[[77.238911,28.541384],[77.2387021,28.5413056],[77.2387846,28.5411359],[77.2389936,28.5412142],[77.2389439,28.5413163],[77.2389063,28.5413022],[77.2388952,28.5413251],[77.2389328,28.5413392],[77.238911,28.541384]]]},"properties":{"id":"fp-ovt-3885c6be-aec8-47","gers":"3885c6be-aec8-47b0-9e47-8b285b948b90","kind":"building","src":"overture","bbox":[77.238702,28.541136,77.238994,28.541384],"m2":445,"sites":["site-96c3a76ead"]}},{"type":"Feature","geometry":{"type":"Polygon","coordinates":[[[30.5100047,50.4453539],[30.5100336,50.4453492],[30.5101976,50.4453227],[30.5102331,50.4454117],[30.5103016,50.4454006],[30.5103293,50.4454699],[30.510249,50.4454829],[30.5102791,50.4455581],[30.5102896,50.4455844],[30.5102081,50.4455976],[30.5101085,50.4456137],[30.5101001,50.4455927],[30.5100668,50.4455095],[30.5100468,50.4454593],[30.5100301,50.4454174],[30.5100047,50.4453539]]]},"properties":{"id":"fp-ovt-38c1f09a-d088-4c","gers":"38c1f09a-d088-4c42-9deb-e23a52d090e3","kind":"building","src":"overture","bbox":[30.510005,50.445323,30.510329,50.445614],"m2":451,"sites":["site-3c896c4752"]}},{"type":"Feature","geometry":{"type":"Polygon","coordinates":[[[-90.7680479,35.03986],[-90.7680475,35.0398411],[-90.7679483,35.0398424],[-90.767953,35.0400795],[-90.7681852,35.0400765],[-90.7681836,35.0399966],[-90.7681552,35.039997],[-90.7681525,35.0398587],[-90.7680479,35.03986]]]},"properties":{"id":"fp-ovt-394499f5-b23c-48","gers":"394499f5-b23c-486b-8706-4e082a8c2fe9","kind":"building","src":"overture","bbox":[-90.768185,35.039841,-90.767948,35.040079],"m2":493,"sites":["site-3d442303c9"]}},{"type":"Feature","geometry":{"type":"Polygon","coordinates":[[[76.9057494,8.5452811],[76.9058502,8.5451467],[76.9061047,8.5453332],[76.9059678,8.5455184],[76.9061288,8.545642],[76.9062331,8.545722],[76.9062919,8.5456471],[76.9064169,8.5457431],[76.9063663,8.5458076],[76.9064978,8.5459086],[76.906637,8.5460154],[76.9067925,8.5458409],[76.9068499,8.5458846],[76.9068323,8.5459086],[76.9070245,8.5460506],[76.9070087,8.5460688],[76.9069184,8.5461729],[76.9068572,8.5461292],[76.9068765,8.5461074],[76.9067947,8.5460484],[76.9067372,8.5461175],[76.9067108,8.5461511],[76.9068345,8.546245],[76.9068012,8.5462879],[76.9067324,8.5462341],[76.9067324,8.5462725],[76.906773,8.5462715],[76.9067712,8.5463196],[76.9067612,8.5463202],[76.9067619,8.5463834],[76.906665,8.5463849],[76.9066622,8.5463171],[76.9066302,8.5463164],[76.906629,8.5462823],[76.906678,8.5462805],[76.9066792,8.5462334],[76.9065491,8.5461273],[76.9062974,8.5459341],[76.9062793,8.5459572],[76.9062209,8.5459124],[76.9061584,8.5458644],[76.9061755,8.5458426],[76.9058871,8.5456213],[76.9058256,8.5455763],[76.9057628,8.5456601],[76.9057172,8.5456267],[76.9056891,8.5456643],[76.9056198,8.5456135],[76.9056459,8.5455787],[76.9056081,8.545551],[76.905678,8.5454577],[76.9056545,8.5454404],[76.9056998,8.54538],[76.9057569,8.5454218],[76.905815,8.5454644],[76.9058378,8.545434],[76.9058962,8.5453561],[76.9058221,8.5453017],[76.9058063,8.5453228],[76.9057494,8.5452811]]]},"properties":{"id":"fp-ovt-398992cd-55aa-41","gers":"398992cd-55aa-41f8-8275-d3d22de6e676","kind":"building","src":"overture","bbox":[76.905608,8.545147,76.907025,8.546385],"m2":4283,"sites":["site-186a8866f0"]}},{"type":"Feature","geometry":{"type":"Polygon","coordinates":[[[82.1820286,29.2718095],[82.1819025,29.2718024],[82.1819074,29.2717365],[82.1820334,29.2717435],[82.1820286,29.2718095]]]},"properties":{"id":"fp-ovt-39c6d463-91bd-43","gers":"39c6d463-91bd-4384-9aa9-1be9855fe651","kind":"building","src":"overture","bbox":[82.181903,29.271736,82.182033,29.271809],"m2":90,"sites":["site-ebc53e165b"]}},{"type":"Feature","geometry":{"type":"Polygon","coordinates":[[[9.4431892,54.9867882],[9.4432573,54.9867751],[9.4432776,54.9868098],[9.4434521,54.9867761],[9.4434964,54.9868519],[9.4434284,54.986865],[9.4434253,54.9868598],[9.4433029,54.9868784],[9.443248,54.986889],[9.4431892,54.9867882]]]},"properties":{"id":"fp-ovt-39eed614-1e09-4c","gers":"39eed614-1e09-4c16-8667-52ee8ff0c3a1","kind":"building","src":"overture","bbox":[9.443189,54.986775,9.443496,54.986889],"m2":153,"sites":["site-855455002f"]}},{"type":"Feature","geometry":{"type":"Polygon","coordinates":[[[85.8404237,19.815764],[85.8406991,19.8158016],[85.8406886,19.8158702],[85.8404132,19.8158325],[85.8404237,19.815764]]]},"properties":{"id":"fp-ovt-3a190108-c08f-47","gers":"3a190108-c08f-4758-b026-0ca9ec7df83f","kind":"building","src":"overture","bbox":[85.840413,19.815764,85.840699,19.81587],"m2":225,"sites":["site-011c774e20"]}},{"type":"Feature","geometry":{"type":"Polygon","coordinates":[[[-38.2172371,-11.3049328],[-38.2172197,-11.3048898],[-38.2172735,-11.3048686],[-38.2172909,-11.3049116],[-38.2172371,-11.3049328]]]},"properties":{"id":"fp-ovt-3b505483-b29c-40","gers":"3b505483-b29c-40f4-a5be-e9c61563a91b","kind":"building","src":"overture","bbox":[-38.217291,-11.304933,-38.21722,-11.304869],"m2":33,"sites":["site-b03b7068c0"]}},{"type":"Feature","geometry":{"type":"Polygon","coordinates":[[[101.3967214,0.4700705],[101.3967292,0.4702203],[101.3965981,0.4702271],[101.396596,0.470187],[101.3965494,0.4701894],[101.3965466,0.4701344],[101.3965744,0.470133],[101.3965716,0.4700783],[101.3967214,0.4700705]]]},"properties":{"id":"fp-ovt-3b77c3a9-5360-48","gers":"3b77c3a9-5360-48d7-8b95-be3caae14bcd","kind":"building","src":"overture","bbox":[101.396547,0.470071,101.396729,0.470227],"m2":289,"sites":["site-90fd099a5b"]}},{"type":"Feature","geometry":{"type":"Polygon","coordinates":[[[113.9384612,22.6268528],[113.938506,22.6268925],[113.9384347,22.6269617],[113.93839,22.626922],[113.9384612,22.6268528]]]},"properties":{"id":"fp-ovt-3bbc34dd-c38e-4d","gers":"3bbc34dd-c38e-4df5-8093-ee85466b5ced","kind":"building","src":"overture","bbox":[113.93839,22.626853,113.938506,22.626962],"m2":68,"sites":["site-081050df7c"]}},{"type":"Feature","geometry":{"type":"Polygon","coordinates":[[[-78.5022386,-0.2440084],[-78.5022679,-0.2439777],[-78.5022855,-0.2439593],[-78.5023141,-0.2439868],[-78.5022664,-0.2440157],[-78.5022386,-0.2440084]]]},"properties":{"id":"fp-ovt-3c1519c2-726e-40","gers":"3c1519c2-726e-4082-8f83-e86529cbe331","kind":"building","src":"overture","bbox":[-78.502314,-0.244016,-78.502239,-0.243959],"m2":24,"sites":["site-50d58b3d70"]}},{"type":"Feature","geometry":{"type":"Polygon","coordinates":[[[-85.0535722,41.0309904],[-85.0536998,41.0309812],[-85.0536854,41.0308681],[-85.0535579,41.0308773],[-85.0535722,41.0309904]]]},"properties":{"id":"fp-ovt-3c643b1c-44c3-4c","gers":"3c643b1c-44c3-4c83-8e63-18ab8f1907d1","kind":"building","src":"overture","bbox":[-85.0537,41.030868,-85.053558,41.03099],"m2":136,"sites":["site-42a1b86a6e"]}},{"type":"Feature","geometry":{"type":"Polygon","coordinates":[[[87.3459501,23.5181676],[87.3460164,23.5182732],[87.3458765,23.5183478],[87.3458407,23.5182907],[87.3458141,23.5183049],[87.3457836,23.5182564],[87.3459501,23.5181676]]]},"properties":{"id":"fp-ovt-3c6e11cd-5948-45","gers":"3c6e11cd-5948-45b5-a1a3-eb4cff65cf13","kind":"building","src":"overture","bbox":[87.345784,23.518168,87.346016,23.518348],"m2":244,"sites":["site-cbe2dbe20c"]}},{"type":"Feature","geometry":{"type":"Polygon","coordinates":[[[90.4011994,23.7448693],[90.4011196,23.7448483],[90.4011538,23.7447392],[90.401233,23.7447638],[90.4011994,23.7448693]]]},"properties":{"id":"fp-ovt-3ce6bc28-e40e-4e","gers":"3ce6bc28-e40e-4eb1-880e-4e61c6e67d2a","kind":"building","src":"overture","bbox":[90.40112,23.744739,90.401233,23.744869],"m2":106,"sites":["site-56c1636072"]}},{"type":"Feature","geometry":{"type":"Polygon","coordinates":[[[-99.2071134,19.725698],[-99.2061255,19.725862],[-99.2061929,19.7262263],[-99.2060275,19.7262537],[-99.2060638,19.7264504],[-99.2072172,19.726259],[-99.2071134,19.725698]]]},"properties":{"id":"fp-ovt-3d2de2c6-bb2c-40","gers":"3d2de2c6-bb2c-4070-bf3a-1a4321df06ff","kind":"building","src":"overture","bbox":[-99.207217,19.725698,-99.206028,19.72645],"m2":7054,"sites":["site-b46ebe4b07"]}},{"type":"Feature","geometry":{"type":"Polygon","coordinates":[[[-149.8903102,61.2090862],[-149.8911943,61.2090986],[-149.8911943,61.2087885],[-149.8903016,61.2087885],[-149.8903102,61.2090862]]]},"properties":{"id":"fp-ovt-3d318be0-0adf-41","gers":"3d318be0-0adf-412c-aaa6-282cf4fba2fc","kind":"building","src":"overture","bbox":[-149.891194,61.208788,-149.890302,61.209099],"m2":1611,"sites":["site-1519cac542"]}},{"type":"Feature","geometry":{"type":"Polygon","coordinates":[[[-4.5328934,50.8208002],[-4.5326519,50.8207519],[-4.5326675,50.8207207],[-4.532349,50.820657],[-4.532232,50.8208901],[-4.5325563,50.820955],[-4.5325665,50.8209347],[-4.5328023,50.8209819],[-4.5328934,50.8208002]]]},"properties":{"id":"fp-ovt-3d6f1aed-4bd7-49","gers":"3d6f1aed-4bd7-4901-b55b-3cf0d86f6aae","kind":"building","src":"overture","bbox":[-4.532893,50.820657,-4.532232,50.820982],"m2":1019,"sites":["site-372e1c945b"]}},{"type":"Feature","geometry":{"type":"Polygon","coordinates":[[[-100.2452007,20.530612],[-100.2451988,20.5306346],[-100.2453392,20.5306451],[-100.2453411,20.5306225],[-100.2452007,20.530612]]]},"properties":{"id":"fp-ovt-3d8bb3f7-90ce-45","gers":"3d8bb3f7-90ce-4569-aa27-70a1d0bcfd8b","kind":"building","src":"overture","bbox":[-100.245341,20.530612,-100.245199,20.530645],"m2":37,"sites":["site-286d6faa2c"]}},{"type":"Feature","geometry":{"type":"Polygon","coordinates":[[[-74.0663451,4.6596112],[-74.0663059,4.6596726],[-74.0663635,4.6597084],[-74.0664289,4.6597491],[-74.0664355,4.6597532],[-74.0664399,4.6597559],[-74.066504,4.6597958],[-74.066505,4.6597964],[-74.0665439,4.6597355],[-74.0665431,4.659735],[-74.0665398,4.6597329],[-74.0665393,4.6597326],[-74.0664237,4.6596604],[-74.0664068,4.6596498],[-74.0663451,4.6596112]]]},"properties":{"id":"fp-ovt-3d9a0ef0-75fe-49","gers":"3d9a0ef0-75fe-49a8-8300-eeb3ef1eea86","kind":"building","src":"overture","bbox":[-74.066544,4.659611,-74.066306,4.659796],"m2":210,"sites":["site-038e6fc67e"]}},{"type":"Feature","geometry":{"type":"Polygon","coordinates":[[[11.4159584,47.2899667],[11.4159181,47.2899077],[11.4160505,47.2898656],[11.4160936,47.2899272],[11.4160431,47.2899427],[11.4160576,47.2899669],[11.4160058,47.289984],[11.4159584,47.2899667]]]},"properties":{"id":"fp-ovt-3db1c982-1886-43","gers":"3db1c982-1886-43be-addb-a39a07ed5804","kind":"building","src":"overture","bbox":[11.415918,47.289866,11.416094,47.289984],"m2":100,"sites":["site-68ce459457"]}},{"type":"Feature","geometry":{"type":"Polygon","coordinates":[[[113.5636897,23.209012],[113.5636844,23.2092034],[113.5637051,23.2092039],[113.5637065,23.209156],[113.5637893,23.209158],[113.5637869,23.2092441],[113.5632796,23.2092322],[113.5632859,23.2090025],[113.5636897,23.209012]]]},"properties":{"id":"fp-ovt-3dbe475b-84a0-4f","gers":"3dbe475b-84a0-4fb7-b10d-79b3bcbeecfc","kind":"building","src":"overture","bbox":[113.56328,23.209003,113.563789,23.209244],"m2":1147,"sites":["site-3a5c289b43"]}},{"type":"Feature","geometry":{"type":"Polygon","coordinates":[[[111.9985278,-7.779553],[111.9985155,-7.7795873],[111.9986418,-7.7796317],[111.9986426,-7.7796293],[111.9986974,-7.7796486],[111.9987325,-7.7795505],[111.9985953,-7.7795023],[111.9986135,-7.7794517],[111.9985147,-7.779417],[111.9984974,-7.7794653],[111.9984736,-7.7794569],[111.9984491,-7.7795254],[111.9985278,-7.779553]]]},"properties":{"id":"fp-ovt-3e2b0073-604e-4c","gers":"3e2b0073-604e-4c3b-8a01-e2412bd229b8","kind":"building","src":"overture","bbox":[111.998449,-7.779649,111.998733,-7.779417],"m2":391,"sites":["site-26ace310b3"]}},{"type":"Feature","geometry":{"type":"Polygon","coordinates":[[[76.3097825,10.0201186],[76.3098351,10.0201294],[76.3098219,10.0201925],[76.3097693,10.0201817],[76.3097825,10.0201186]]]},"properties":{"id":"fp-ovt-3e3d4ccf-0c97-4c","gers":"3e3d4ccf-0c97-4ccb-9296-478bb2046c8d","kind":"building","src":"overture","bbox":[76.309769,10.020119,76.309835,10.020193],"m2":42,"sites":["site-f63354b3c8"]}},{"type":"Feature","geometry":{"type":"Polygon","coordinates":[[[-60.9503466,-34.5851871],[-60.950205,-34.5854173],[-60.9498724,-34.5852803],[-60.9500069,-34.5850501],[-60.9503466,-34.5851871]]]},"properties":{"id":"fp-ovt-3e5819d2-5108-44","gers":"3e5819d2-5108-44a9-92cd-f10d103b3975","kind":"building","src":"overture","bbox":[-60.950347,-34.585417,-60.949872,-34.58505],"m2":982,"sites":["site-1bf3f86b05"]}},{"type":"Feature","geometry":{"type":"Polygon","coordinates":[[[-99.5594475,19.306071],[-99.5595598,19.3064109],[-99.5596635,19.30638],[-99.5595512,19.3060401],[-99.5594475,19.306071]]]},"properties":{"id":"fp-ovt-3e7a18ca-e5ca-48","gers":"3e7a18ca-e5ca-4815-9bc5-d1b8607544af","kind":"building","src":"overture","bbox":[-99.559663,19.30604,-99.559448,19.306411],"m2":453,"sites":["site-465bf74244"]}},{"type":"Feature","geometry":{"type":"Polygon","coordinates":[[[73.0546201,33.6735181],[73.0546542,33.6735239],[73.054646,33.6735579],[73.0546119,33.6735521],[73.0546201,33.6735181]]]},"properties":{"id":"fp-ovt-3e80329c-e260-4b","gers":"3e80329c-e260-4b4f-b259-c121f6cfd86a","kind":"building","src":"overture","bbox":[73.054612,33.673518,73.054654,33.673558],"m2":12,"sites":["site-fac134f203"]}},{"type":"Feature","geometry":{"type":"Polygon","coordinates":[[[32.5405954,0.2799003],[32.5404575,0.2798424],[32.5405237,0.2797431],[32.540623,0.2797955],[32.5405954,0.2799003]]]},"properties":{"id":"fp-ovt-3ec05952-848e-45","gers":"3ec05952-848e-458b-adfb-72aa49730565","kind":"building","src":"overture","bbox":[32.540458,0.279743,32.540623,0.2799],"m2":182,"sites":["site-461dfdbba8"]}},{"type":"Feature","geometry":{"type":"Polygon","coordinates":[[[44.4454535,33.3088411],[44.4455082,33.3088919],[44.4454043,33.3089699],[44.4453497,33.3089191],[44.4454535,33.3088411]]]},"properties":{"id":"fp-ovt-3ec9d945-6c1f-43","gers":"3ec9d945-6c1f-433b-ba30-d5487275fb05","kind":"building","src":"overture","bbox":[44.44535,33.308841,44.445508,33.30897],"m2":99,"sites":["site-52150ae9be"]}},{"type":"Feature","geometry":{"type":"Polygon","coordinates":[[[121.4384128,30.9416896],[121.4381174,30.9416173],[121.4382553,30.941199],[121.4385507,30.9412713],[121.4384128,30.9416896]]]},"properties":{"id":"fp-ovt-3ef7ab8b-4088-4e","gers":"3ef7ab8b-4088-4e3c-9450-99bcce6aeab0","kind":"building","src":"overture","bbox":[121.438117,30.941199,121.438551,30.94169],"m2":1419,"sites":["site-713d715f40"]}},{"type":"Feature","geometry":{"type":"Polygon","coordinates":[[[80.1827234,28.9540514],[80.1825075,28.9540455],[80.1825101,28.9539708],[80.182726,28.9539767],[80.1827234,28.9540514]]]},"properties":{"id":"fp-ovt-3f3bf3aa-0fc8-4c","gers":"3f3bf3aa-0fc8-4cba-a226-750bac97c46f","kind":"building","src":"overture","bbox":[80.182507,28.953971,80.182726,28.954051],"m2":175,"sites":["site-52da14fa0d"]}},{"type":"Feature","geometry":{"type":"Polygon","coordinates":[[[110.3947809,-7.7788464],[110.3946533,-7.7788184],[110.3946297,-7.7789235],[110.3947574,-7.7789516],[110.3947809,-7.7788464]]]},"properties":{"id":"fp-ovt-3f5014f5-7c90-46","gers":"3f5014f5-7c90-4634-905b-d1093d3cc105","kind":"building","src":"overture","bbox":[110.39463,-7.778952,110.394781,-7.778818],"m2":173,"sites":["site-4da92d949d"]}},{"type":"Feature","geometry":{"type":"Polygon","coordinates":[[[37.5385442,-2.8002128],[37.5386444,-2.7999894],[37.5385203,-2.7999331],[37.53841,-2.8001789],[37.5384556,-2.8001996],[37.53854,-2.8000114],[37.5385724,-2.8000261],[37.5384981,-2.8001918],[37.5385442,-2.8002128]]]},"properties":{"id":"fp-ovt-3f6071a5-5f4d-4f","gers":"3f6071a5-5f4d-4f76-8b7c-2f9ff4f2f023","kind":"building","src":"overture","bbox":[37.53841,-2.800213,37.538644,-2.799933],"m2":348,"sites":["site-eaa5fa94a9"]}},{"type":"Feature","geometry":{"type":"Polygon","coordinates":[[[-2.4673877,52.7076432],[-2.4677461,52.7073995],[-2.4676041,52.7073228],[-2.4672457,52.7075665],[-2.4673877,52.7076432]]]},"properties":{"id":"fp-ovt-3fad2015-d4aa-44","gers":"3fad2015-d4aa-442e-a0ff-b9292aa7f2a1","kind":"building","src":"overture","bbox":[-2.467746,52.707323,-2.467246,52.707643],"m2":466,"sites":["site-21df412c40"]}},{"type":"Feature","geometry":{"type":"Polygon","coordinates":[[[-85.4263805,41.6409786],[-85.4263784,41.6412893],[-85.4265152,41.6412898],[-85.4265186,41.6407847],[-85.4264086,41.6407843],[-85.4264082,41.6408395],[-85.4263412,41.6408393],[-85.4263403,41.6409785],[-85.4263805,41.6409786]]]},"properties":{"id":"fp-ovt-40078aa5-b402-47","gers":"40078aa5-b402-47b0-94d8-da26e6c7b0f6","kind":"building","src":"overture","bbox":[-85.426519,41.640784,-85.42634,41.64129],"m2":678,"sites":["site-0d53aa8ade"]}},{"type":"Feature","geometry":{"type":"Polygon","coordinates":[[[30.4523932,50.4711116],[30.4523847,50.4710883],[30.452281,50.4709639],[30.4519932,50.4709739],[30.4519457,50.4704199],[30.4523072,50.4704074],[30.4523547,50.4709613],[30.4524599,50.4710876],[30.4525023,50.4712102],[30.4524308,50.4712202],[30.4523932,50.4711116]]]},"properties":{"id":"fp-ovt-401ea7b3-d78c-48","gers":"401ea7b3-d78c-48eb-a61f-6513d0acd315","kind":"building","src":"overture","bbox":[30.451946,50.470407,30.452502,50.47122],"m2":1734,"sites":["site-d956349a24"]}},{"type":"Feature","geometry":{"type":"Polygon","coordinates":[[[-71.2416912,-41.1248019],[-71.241806,-41.1249597],[-71.2417068,-41.1250003],[-71.2415955,-41.1248453],[-71.2416136,-41.1248381],[-71.2415664,-41.124808],[-71.2416197,-41.1247697],[-71.2416705,-41.1248098],[-71.2416912,-41.1248019]]]},"properties":{"id":"fp-ovt-40465357-4328-4e","gers":"40465357-4328-4e2b-ba13-4c89e41622c8","kind":"building","src":"overture","bbox":[-71.241806,-41.125,-71.241566,-41.12477],"m2":220,"sites":["site-9aa4c2eed2"]}},{"type":"Feature","geometry":{"type":"Polygon","coordinates":[[[26.3236738,41.7210157],[26.3237113,41.7210168],[26.3237069,41.7210987],[26.3236694,41.7210976],[26.3236738,41.7210157]]]},"properties":{"id":"fp-ovt-4058506b-fd18-45","gers":"4058506b-fd18-454f-977e-770f1c36d84d","kind":"building","src":"overture","bbox":[26.323669,41.721016,26.323711,41.721099],"m2":28,"sites":["site-7d122fbc1d"]}},{"type":"Feature","geometry":{"type":"Polygon","coordinates":[[[23.3063154,42.7028158],[23.3061733,42.7028383],[23.3061672,42.7028174],[23.3061169,42.7026453],[23.3061126,42.7026306],[23.3061756,42.7026207],[23.3062871,42.7026031],[23.3063103,42.7026825],[23.3062779,42.7026876],[23.3063093,42.7027949],[23.3063154,42.7028158]]]},"properties":{"id":"fp-ovt-405e758c-814f-47","gers":"405e758c-814f-4795-a4bb-f4a230d3aae8","kind":"building","src":"overture","bbox":[23.306113,42.702603,23.306315,42.702838],"m2":306,"sites":["site-f6aac0674f"]}},{"type":"Feature","geometry":{"type":"Polygon","coordinates":[[[2.2728391,48.8813838],[2.2727194,48.8812219],[2.2728133,48.8811922],[2.2729076,48.8811623],[2.27301,48.8813017],[2.2730266,48.8813242],[2.2728391,48.8813838]]]},"properties":{"id":"fp-ovt-408d9c0f-c3e7-46","gers":"408d9c0f-c3e7-4695-9bf8-b9ae72fc2814","kind":"building","src":"overture","bbox":[2.272719,48.881162,2.273027,48.881384],"m2":306,"sites":["site-45a7ba53d7"]}},{"type":"Feature","geometry":{"type":"Polygon","coordinates":[[[101.4337328,0.5141961],[101.4337306,0.5141115],[101.4338057,0.5141096],[101.4338078,0.5141942],[101.4337328,0.5141961]]]},"properties":{"id":"fp-ovt-409f35ef-2f0b-45","gers":"409f35ef-2f0b-452b-b904-9acd34418478","kind":"building","src":"overture","bbox":[101.433731,0.51411,101.433808,0.514196],"m2":79,"sites":["site-c742752e6e"]}},{"type":"Feature","geometry":{"type":"Polygon","coordinates":[[[35.0102938,29.5320897],[35.010377,29.5320215],[35.0105342,29.5321667],[35.0104511,29.5322349],[35.0102938,29.5320897]]]},"properties":{"id":"fp-ovt-40caf446-9808-49","gers":"40caf446-9808-4983-8345-ff5465e09b04","kind":"building","src":"overture","bbox":[35.010294,29.532021,35.010534,29.532235],"m2":246,"sites":["site-3478637d34"]}},{"type":"Feature","geometry":{"type":"Polygon","coordinates":[[[30.4382553,50.462555],[30.4382029,50.4627895],[30.4372436,50.4627026],[30.437296,50.4624681],[30.4382553,50.462555]]]},"properties":{"id":"fp-ovt-414f6d16-cc1c-46","gers":"414f6d16-cc1c-46a0-98c0-c1fb33a9e084","kind":"building","src":"overture","bbox":[30.437244,50.462468,30.438255,50.462789],"m2":1811,"sites":["site-77eb89e796"]}},{"type":"Feature","geometry":{"type":"Polygon","coordinates":[[[-53.4449031,-24.9453869],[-53.4448067,-24.9453321],[-53.4448342,-24.9452918],[-53.4447954,-24.9452698],[-53.4448228,-24.9452296],[-53.444958,-24.9453064],[-53.4449031,-24.9453869]]]},"properties":{"id":"fp-ovt-41829a92-ea77-4c","gers":"41829a92-ea77-4c9f-82f0-f0e50b38fc4f","kind":"building","src":"overture","bbox":[-53.444958,-24.945387,-53.444795,-24.94523],"m2":145,"sites":["site-a1e146a2c3"]}},{"type":"Feature","geometry":{"type":"Polygon","coordinates":[[[-43.3522566,-22.8773638],[-43.3522493,-22.8773238],[-43.3522858,-22.8773181],[-43.3522931,-22.8773581],[-43.3522566,-22.8773638]]]},"properties":{"id":"fp-ovt-4195e2be-9371-4d","gers":"4195e2be-9371-4d9b-a065-82b6d2a97acb","kind":"building","src":"overture","bbox":[-43.352293,-22.877364,-43.352249,-22.877318],"m2":17,"sites":["site-8060feb249"]}},{"type":"Feature","geometry":{"type":"Polygon","coordinates":[[[-90.1682621,44.6325544],[-90.1682624,44.6326861],[-90.1683402,44.632686],[-90.1683403,44.6327222],[-90.1684824,44.6327221],[-90.1684827,44.6328442],[-90.168768,44.6328439],[-90.1687913,44.6327959],[-90.1687305,44.6327809],[-90.1687221,44.6327809],[-90.1687332,44.632758],[-90.1687669,44.632758],[-90.1687756,44.6327399],[-90.1688231,44.6327398],[-90.168823,44.6327026],[-90.1686996,44.6326722],[-90.1688113,44.632672],[-90.1688318,44.63263],[-90.1687933,44.6326301],[-90.1687932,44.6325824],[-90.168799,44.6325707],[-90.1687744,44.6325646],[-90.1687742,44.6324994],[-90.168734,44.6324995],[-90.168734,44.6324917],[-90.1687599,44.6324383],[-90.1684925,44.6324387],[-90.1684927,44.6325541],[-90.1682621,44.6325544]]]},"properties":{"id":"fp-ovt-4249549c-b835-43","gers":"4249549c-b835-433f-a967-838be823204b","kind":"building","src":"overture","bbox":[-90.168832,44.632438,-90.168262,44.632844],"m2":1350,"sites":["site-09dd8a9971"]}},{"type":"Feature","geometry":{"type":"Polygon","coordinates":[[[14.3431388,50.1019077],[14.3431039,50.1016071],[14.343473,50.1015895],[14.3442193,50.1015538],[14.3442542,50.1018544],[14.3431388,50.1019077]],[[14.3440791,50.1016435],[14.3439291,50.1016488],[14.3439413,50.1017921],[14.3440912,50.1017869],[14.3440791,50.1016435]]]},"properties":{"id":"fp-ovt-42f8eb1d-c146-40","gers":"42f8eb1d-c146-4013-804c-046ecb3abca3","kind":"building","src":"overture","bbox":[14.343104,50.101554,14.344254,50.101908],"m2":2508,"sites":["site-c7c3e4e7c4"]}},{"type":"Feature","geometry":{"type":"Polygon","coordinates":[[[140.1045303,35.8005467],[140.1046036,35.8004305],[140.1050005,35.800595],[140.1049095,35.8007396],[140.1047955,35.8006923],[140.1048134,35.800664],[140.1045303,35.8005467]]]},"properties":{"id":"fp-ovt-431977f6-ec1e-46","gers":"431977f6-ec1e-4620-8c7e-85e5bb2e68fe","kind":"building","src":"overture","bbox":[140.10453,35.80043,140.105,35.80074],"m2":626,"sites":["site-9623934b7d"]}},{"type":"Feature","geometry":{"type":"Polygon","coordinates":[[[-58.311447,-26.4885197],[-58.311409,-26.488528],[-58.3113988,-26.4884908],[-58.3114367,-26.4884824],[-58.311447,-26.4885197]]]},"properties":{"id":"fp-ovt-4369b7bd-dab1-44","gers":"4369b7bd-dab1-4471-8ca3-51a217672dde","kind":"building","src":"overture","bbox":[-58.311447,-26.488528,-58.311399,-26.488482],"m2":17,"sites":["site-6f1639b121"]}},{"type":"Feature","geometry":{"type":"Polygon","coordinates":[[[45.3668531,35.5774332],[45.3667653,35.5775252],[45.3665588,35.5774063],[45.3665449,35.5774212],[45.3664738,35.5773797],[45.3664497,35.5773827],[45.3664296,35.5772849],[45.3663922,35.5772896],[45.3663806,35.5772269],[45.3664167,35.577222],[45.3663923,35.5771032],[45.3663775,35.5770309],[45.3663418,35.577036],[45.3663301,35.5769742],[45.3663649,35.5769696],[45.3663443,35.5768689],[45.3663615,35.5768693],[45.3664112,35.5768154],[45.366427,35.5768244],[45.3665285,35.5767115],[45.3666528,35.5767881],[45.3665515,35.5769002],[45.366534,35.5768895],[45.3665101,35.5769179],[45.3665457,35.5770708],[45.3665645,35.5770681],[45.3665682,35.5770829],[45.3665739,35.5771059],[45.3665545,35.5771088],[45.3666046,35.5772321],[45.3665994,35.5773019],[45.3666339,35.5773257],[45.3666538,35.5773073],[45.3668531,35.5774332]]]},"properties":{"id":"fp-ovt-43e7123a-b879-40","gers":"43e7123a-b879-40e5-99fd-860425321e8b","kind":"building","src":"overture","bbox":[45.36633,35.576712,45.366853,35.577525],"m2":1505,"sites":["site-a1f387ce22"]}},{"type":"Feature","geometry":{"type":"Polygon","coordinates":[[[112.241476,-7.5352711],[112.2413979,-7.5352529],[112.2413875,-7.5352968],[112.2414656,-7.535315],[112.241476,-7.5352711]]]},"properties":{"id":"fp-ovt-445c8ce3-07a9-44","gers":"445c8ce3-07a9-442d-8cfd-61848acb5d3f","kind":"building","src":"overture","bbox":[112.241388,-7.535315,112.241476,-7.535253],"m2":44,"sites":["site-fa3251aff9"]}},{"type":"Feature","geometry":{"type":"Polygon","coordinates":[[[-112.8003723,49.7357238],[-112.8000427,49.7357259],[-112.8000448,49.7358603],[-112.8001287,49.7358598],[-112.8003685,49.7358582],[-112.8003697,49.7359359],[-112.8003707,49.7360084],[-112.8003711,49.7360293],[-112.8006487,49.7360276],[-112.8006438,49.735706],[-112.8003894,49.7357076],[-112.8003721,49.7357077],[-112.8003723,49.7357238]]]},"properties":{"id":"fp-ovt-449add26-6575-46","gers":"449add26-6575-46fd-a70c-c0e9be652082","kind":"building","src":"overture","bbox":[-112.800649,49.735706,-112.800043,49.736029],"m2":1063,"sites":["site-50f86fb68b"]}},{"type":"Feature","geometry":{"type":"Polygon","coordinates":[[[12.5457013,55.6764615],[12.5457401,55.6765158],[12.5457647,55.6765104],[12.5457944,55.6765533],[12.5457694,55.6765588],[12.5457817,55.6765766],[12.5457154,55.6765912],[12.5456244,55.6766113],[12.5456014,55.6765783],[12.5455821,55.6765826],[12.5455543,55.6765427],[12.5455717,55.6765389],[12.5455489,55.6765062],[12.5455309,55.6765103],[12.5455012,55.6764678],[12.5455189,55.6764639],[12.5454835,55.6764134],[12.5454653,55.6764175],[12.545435,55.6763744],[12.5454531,55.6763704],[12.5454312,55.6763393],[12.545413,55.6763434],[12.5453831,55.6763012],[12.5454038,55.6762965],[12.5453808,55.6762641],[12.5454758,55.6762427],[12.5455389,55.6762281],[12.5455558,55.6762512],[12.5455836,55.6762447],[12.5455973,55.6762635],[12.5456131,55.6762856],[12.5455823,55.6762926],[12.545621,55.6763466],[12.5456471,55.6763407],[12.5456786,55.6763847],[12.5456546,55.6763902],[12.545673,55.676416],[12.5456912,55.6764119],[12.5457232,55.6764565],[12.5457013,55.6764615]]]},"properties":{"id":"fp-ovt-4512d6f9-baa0-41","gers":"4512d6f9-baa0-418e-8a2a-0cc360339647","kind":"building","src":"overture","bbox":[12.545381,55.676228,12.545794,55.676611],"m2":507,"sites":["site-2e1f62c279"]}},{"type":"Feature","geometry":{"type":"Polygon","coordinates":[[[-89.6405448,20.9533483],[-89.640333,20.953237],[-89.6402436,20.9533853],[-89.6404554,20.9534967],[-89.6405448,20.9533483]]]},"properties":{"id":"fp-ovt-452e8c2b-e724-48","gers":"452e8c2b-e724-48d2-889c-f4d3ba9781fe","kind":"building","src":"overture","bbox":[-89.640545,20.953237,-89.640244,20.953497],"m2":479,"sites":["site-f1722a98a9"]}},{"type":"Feature","geometry":{"type":"Polygon","coordinates":[[[-49.2542123,-25.4346017],[-49.2544515,-25.4345809],[-49.2544605,-25.4347717],[-49.2542243,-25.4347888],[-49.2542123,-25.4346017]]]},"properties":{"id":"fp-ovt-45a51621-49d3-4a","gers":"45a51621-49d3-4a30-812d-ad8286fec847","kind":"building","src":"overture","bbox":[-49.254461,-25.434789,-49.254212,-25.434581],"m2":505,"sites":["site-1e34497e44"]}},{"type":"Feature","geometry":{"type":"Polygon","coordinates":[[[90.4263633,23.7673991],[90.4262509,23.7674554],[90.4261674,23.7673156],[90.4262799,23.7672594],[90.4263633,23.7673991]]]},"properties":{"id":"fp-ovt-45cee558-f8ca-42","gers":"45cee558-f8ca-424a-9865-ce06855cc54e","kind":"building","src":"overture","bbox":[90.426167,23.767259,90.426363,23.767455],"m2":231,"sites":["site-b06b4f8a40"]}},{"type":"Feature","geometry":{"type":"Polygon","coordinates":[[[30.3472716,59.9148976],[30.3472043,59.9147939],[30.3473598,59.9147687],[30.3474095,59.9147606],[30.3474998,59.914746],[30.34756,59.9148372],[30.3475722,59.9148557],[30.347583,59.9148721],[30.3476128,59.9149173],[30.3476454,59.9149667],[30.3491051,59.9147293],[30.3489593,59.9144905],[30.3490313,59.9144213],[30.3490599,59.9144292],[30.3491543,59.9143511],[30.3491364,59.9143454],[30.3492254,59.9143339],[30.349313,59.9143346],[30.3493868,59.9143478],[30.3494567,59.9143653],[30.3495178,59.9143904],[30.3495447,59.9144039],[30.3495597,59.9144024],[30.3495512,59.9143854],[30.3496323,59.9143745],[30.3497247,59.9145209],[30.349832,59.9146839],[30.3498506,59.9147123],[30.3498691,59.9147403],[30.3498999,59.9147871],[30.3499321,59.914836],[30.3498313,59.9148532],[30.3497064,59.9148747],[30.3495919,59.9148935],[30.3489881,59.9149924],[30.348545,59.9150647],[30.3484368,59.9150824],[30.3484068,59.9150873],[30.3477021,59.9152023],[30.3476865,59.9151787],[30.3475381,59.9152022],[30.3475309,59.9151924],[30.3475146,59.9151701],[30.3474561,59.9151803],[30.3474186,59.9151232],[30.3473588,59.9150321],[30.3473257,59.914981],[30.3472716,59.9148976]]]},"properties":{"id":"fp-ovt-45f5ba6b-cf2f-4f","gers":"45f5ba6b-cf2f-4f28-b382-c4eb5dc084b2","kind":"building","src":"overture","bbox":[30.347204,59.914334,30.349932,59.915202],"m2":5465,"sites":["site-e9732686a8"]}},{"type":"Feature","geometry":{"type":"Polygon","coordinates":[[[54.8116914,24.432182],[54.8121741,24.4321767],[54.8121761,24.432328],[54.8116934,24.4323334],[54.8116914,24.432182]]]},"properties":{"id":"fp-ovt-464a8fd3-9f8c-47","gers":"464a8fd3-9f8c-47b3-9891-cf1f4fd653b8","kind":"building","src":"overture","bbox":[54.811691,24.432177,54.812176,24.432333],"m2":824,"sites":["site-b43f00176d"]}},{"type":"Feature","geometry":{"type":"Polygon","coordinates":[[[-158.0903811,21.336607],[-158.0903789,21.3364846],[-158.0902743,21.3364863],[-158.0902765,21.3366087],[-158.0903811,21.336607]]]},"properties":{"id":"fp-ovt-4681c1fc-4c3c-4f","gers":"4681c1fc-4c3c-4f98-9840-e90624ee4310","kind":"building","src":"overture","bbox":[-158.090381,21.336485,-158.090274,21.336609],"m2":148,"sites":["site-a62a89826b"]}},{"type":"Feature","geometry":{"type":"Polygon","coordinates":[[[76.7005249,29.1353502],[76.7003875,29.1352938],[76.7004381,29.1351998],[76.7005755,29.1352563],[76.7005249,29.1353502]]]},"properties":{"id":"fp-ovt-472b1f46-08ac-4b","gers":"472b1f46-08ac-4b76-be06-7aaa8f13e2d2","kind":"building","src":"overture","bbox":[76.700388,29.1352,76.700575,29.13535],"m2":171,"sites":["site-5242657cc0"]}},{"type":"Feature","geometry":{"type":"Polygon","coordinates":[[[36.1430111,49.9811756],[36.1428671,49.9811877],[36.1428491,49.9810977],[36.1429921,49.9810857],[36.1430111,49.9811756]]]},"properties":{"id":"fp-ovt-474c5141-fe7f-46","gers":"474c5141-fe7f-46c9-ae4f-fce8449deae5","kind":"building","src":"overture","bbox":[36.142849,49.981086,36.143011,49.981188],"m2":105,"sites":["site-3bfd18dc7e"]}},{"type":"Feature","geometry":{"type":"Polygon","coordinates":[[[-82.4586178,27.9496026],[-82.458635,27.9495955],[-82.4585791,27.9494699],[-82.4585113,27.9494934],[-82.4584962,27.9494594],[-82.4582603,27.949541],[-82.4583137,27.9496626],[-82.458331,27.9497012],[-82.4586178,27.9496026]]]},"properties":{"id":"fp-ovt-476a43c9-d317-4b","gers":"476a43c9-d317-4bb7-b858-293c9f8abbdc","kind":"building","src":"overture","bbox":[-82.458635,27.949459,-82.45826,27.949701],"m2":586,"sites":["site-7f8f7ae812","site-c2806e69a1"]}},{"type":"Feature","geometry":{"type":"Polygon","coordinates":[[[-79.9223765,-2.0760808],[-79.9223261,-2.0760779],[-79.9223281,-2.0760442],[-79.9223785,-2.0760472],[-79.9223765,-2.0760808]]]},"properties":{"id":"fp-ovt-479a711f-4bcd-41","gers":"479a711f-4bcd-41bf-9492-d77a5124d5a0","kind":"building","src":"overture","bbox":[-79.922378,-2.076081,-79.922326,-2.076044],"m2":21,"sites":["site-9bc770c515"]}},{"type":"Feature","geometry":{"type":"Polygon","coordinates":[[[30.3996742,50.4327376],[30.3994913,50.4326855],[30.3996182,50.4325048],[30.3998011,50.432557],[30.3996742,50.4327376]]]},"properties":{"id":"fp-ovt-47f87c16-2e91-4e","gers":"47f87c16-2e91-4efa-bd08-b5aa8d1e04dd","kind":"building","src":"overture","bbox":[30.399491,50.432505,30.399801,50.432738],"m2":313,"sites":["site-f90c40b180"]}},{"type":"Feature","geometry":{"type":"Polygon","coordinates":[[[-54.598388,-20.4478431],[-54.5982825,-20.4478272],[-54.598314,-20.4476414],[-54.598358,-20.447648],[-54.5983437,-20.4477325],[-54.5984052,-20.4477418],[-54.598388,-20.4478431]]]},"properties":{"id":"fp-ovt-4820ee3d-3fed-45","gers":"4820ee3d-3fed-4584-8d68-990687fbdcd0","kind":"building","src":"overture","bbox":[-54.598405,-20.447843,-54.598283,-20.447641],"m2":172,"sites":["site-d4206e030f"]}},{"type":"Feature","geometry":{"type":"Polygon","coordinates":[[[47.9749284,29.3682672],[47.9749222,29.3682446],[47.974925,29.3682192],[47.9749375,29.3681962],[47.9749582,29.3681782],[47.9749847,29.3681674],[47.9750138,29.368165],[47.9750421,29.3681714],[47.9750663,29.3681857],[47.9750835,29.3682063],[47.9750917,29.3682307],[47.9750899,29.3682561],[47.9750797,29.3682776],[47.9750624,29.3682953],[47.9750397,29.3683075],[47.9750137,29.3683129],[47.9749871,29.3683111],[47.9749625,29.3683022],[47.9749422,29.3682871],[47.9749284,29.3682672]]]},"properties":{"id":"fp-ovt-4830b0d3-630e-40","gers":"4830b0d3-630e-40f5-9e56-1c25d836dbb5","kind":"building","src":"overture","bbox":[47.974922,29.368165,47.975092,29.368313],"m2":210,"sites":["site-33d8bc2f38"]}},{"type":"Feature","geometry":{"type":"Polygon","coordinates":[[[9.0694241,48.5181447],[9.069431,48.5182429],[9.0692571,48.5182483],[9.0692501,48.5181501],[9.0693076,48.5181483],[9.0693283,48.5181477],[9.0693395,48.5181473],[9.0693878,48.5181458],[9.0694241,48.5181447]]]},"properties":{"id":"fp-ovt-484229a1-3235-44","gers":"484229a1-3235-44a9-9ac4-f3e06c49927c","kind":"building","src":"overture","bbox":[9.06925,48.518145,9.069431,48.518248],"m2":141,"sites":["site-103226a5ee"]}},{"type":"Feature","geometry":{"type":"Polygon","coordinates":[[[-85.5881486,41.4620845],[-85.5876724,41.4620906],[-85.5876736,41.4621438],[-85.5877547,41.4621428],[-85.5877575,41.4622657],[-85.5879299,41.4622635],[-85.5879341,41.4624487],[-85.5880916,41.4624467],[-85.5880911,41.4624286],[-85.5882502,41.4624266],[-85.5882463,41.4622595],[-85.5881527,41.4622607],[-85.5881486,41.4620845]]]},"properties":{"id":"fp-ovt-48db2e84-2ea8-49","gers":"48db2e84-2ea8-4957-b996-deb7a123c17c","kind":"building","src":"overture","bbox":[-85.58825,41.462085,-85.587672,41.462449],"m2":1204,"sites":["site-a3cd52d8ed"]}},{"type":"Feature","geometry":{"type":"Polygon","coordinates":[[[44.7871707,41.7233475],[44.7869558,41.7232659],[44.7869991,41.7232025],[44.7870253,41.7232124],[44.7870709,41.7231456],[44.7871172,41.7231632],[44.7871446,41.7231229],[44.7874434,41.7232364],[44.7873732,41.7233395],[44.7872167,41.72328],[44.7871707,41.7233475]]]},"properties":{"id":"fp-ovt-493f3513-c9c1-42","gers":"493f3513-c9c1-4228-9a75-de8fa4f05ac1","kind":"building","src":"overture","bbox":[44.786956,41.723123,44.787443,41.723348],"m2":560,"sites":["site-93255980c6"]}},{"type":"Feature","geometry":{"type":"Polygon","coordinates":[[[23.8489365,56.9752659],[23.8488048,56.9752281],[23.8488692,56.975161],[23.8488489,56.9751515],[23.8488839,56.9751154],[23.8489122,56.9751154],[23.8490446,56.9751534],[23.8489365,56.9752659]]]},"properties":{"id":"fp-ovt-49c5c533-b92c-43","gers":"49c5c533-b92c-4339-bf00-bcd1174ceddd","kind":"building","src":"overture","bbox":[23.848805,56.975115,23.849045,56.975266],"m2":136,"sites":["site-e4ef0edbd6"]}},{"type":"Feature","geometry":{"type":"Polygon","coordinates":[[[-34.9191628,-8.1085207],[-34.91926,-8.1085945],[-34.9192062,-8.1086639],[-34.9191102,-8.1085884],[-34.9191628,-8.1085207]]]},"properties":{"id":"fp-ovt-4a0646b1-e93d-41","gers":"4a0646b1-e93d-41b0-a720-c706ee7c5439","kind":"building","src":"overture","bbox":[-34.91926,-8.108664,-34.91911,-8.108521],"m2":130,"sites":["site-c427b20572"]}},{"type":"Feature","geometry":{"type":"Polygon","coordinates":[[[81.3294531,21.2063755],[81.3295428,21.2064],[81.3295188,21.2064776],[81.3294291,21.2064532],[81.3294531,21.2063755]]]},"properties":{"id":"fp-ovt-4a366240-2cf6-4a","gers":"4a366240-2cf6-4acd-a9e8-3dbfb37fc345","kind":"building","src":"overture","bbox":[81.329429,21.206376,81.329543,21.206478],"m2":87,"sites":["site-fabe2d7f23"]}},{"type":"Feature","geometry":{"type":"Polygon","coordinates":[[[-95.1350923,35.9308987],[-95.1347814,35.9311495],[-95.1350067,35.9313326],[-95.1352186,35.9311616],[-95.1354513,35.9313507],[-95.135518,35.9312969],[-95.1354764,35.9312631],[-95.1357671,35.9310285],[-95.1358288,35.9310787],[-95.1359082,35.9310146],[-95.1358572,35.9309732],[-95.1358982,35.9309401],[-95.1357547,35.9308235],[-95.1357191,35.9308522],[-95.1355555,35.9307193],[-95.1352742,35.9309463],[-95.1353842,35.9310356],[-95.1353223,35.9310856],[-95.1350923,35.9308987]]]},"properties":{"id":"fp-ovt-4a43548b-efd1-4a","gers":"4a43548b-efd1-4af8-a1c3-f7251d828b7c","kind":"building","src":"overture","bbox":[-95.135908,35.930719,-95.134781,35.931351],"m2":3196,"sites":["site-7f8e341089"]}},{"type":"Feature","geometry":{"type":"Polygon","coordinates":[[[77.6062475,12.9672963],[77.6061423,12.9672682],[77.6061322,12.9673077],[77.6061259,12.967316],[77.6061126,12.9673193],[77.6060503,12.9673025],[77.6060404,12.9673372],[77.6059582,12.967315],[77.6059448,12.9672944],[77.6059799,12.96715],[77.6060017,12.9671409],[77.6060868,12.9671626],[77.6060907,12.9671481],[77.6061566,12.9671649],[77.6061695,12.967117],[77.6061861,12.9671019],[77.606291,12.9671304],[77.6063101,12.9671561],[77.6062819,12.9672807],[77.6062475,12.9672963]]]},"properties":{"id":"fp-ovt-4a4aa533-1690-4d","gers":"4a4aa533-1690-4d76-bff7-8aae54ab9b76","kind":"building","src":"overture","bbox":[77.605945,12.967102,77.60631,12.967337],"m2":663,"sites":["site-04ac85ea16"]}},{"type":"Feature","geometry":{"type":"Polygon","coordinates":[[[67.0998095,24.8279226],[67.0997672,24.8280907],[67.0992455,24.8279826],[67.0991916,24.828197],[67.0991239,24.828183],[67.0991188,24.8282033],[67.0987332,24.8281236],[67.0987419,24.828089],[67.0985498,24.8280493],[67.0985616,24.8280024],[67.0986167,24.8280138],[67.0986342,24.8279442],[67.0985959,24.8279363],[67.0986183,24.827847],[67.0987898,24.8278825],[67.0988274,24.8277327],[67.0995854,24.8278895],[67.0995738,24.8279358],[67.0996433,24.8279502],[67.0996581,24.8278912],[67.0998095,24.8279226]],[[67.0990427,24.827942],[67.0989154,24.8279171],[67.0988833,24.8280526],[67.0990106,24.8280775],[67.0990427,24.827942]]]},"properties":{"id":"fp-ovt-4ab635a5-2bd9-48","gers":"4ab635a5-2bd9-4863-a924-450d260b8f47","kind":"building","src":"overture","bbox":[67.09855,24.827733,67.09981,24.828203],"m2":3228,"sites":["site-07a629627d"]}},{"type":"Feature","geometry":{"type":"Polygon","coordinates":[[[134.0467871,34.3382852],[134.0467587,34.3381361],[134.0468477,34.3381246],[134.0468412,34.33809],[134.0469433,34.3380768],[134.0469782,34.3382605],[134.0467871,34.3382852]]]},"properties":{"id":"fp-ovt-4ae89897-a5a3-4f","gers":"4ae89897-a5a3-4ffd-b390-4eca933f5710","kind":"building","src":"overture","bbox":[134.046759,34.338077,134.046978,34.338285],"m2":336,"sites":["site-5a23670f2f"]}},{"type":"Feature","geometry":{"type":"Polygon","coordinates":[[[-50.1497713,-29.9977579],[-50.1497493,-29.9977369],[-50.149776,-29.9977158],[-50.1497726,-29.9977126],[-50.1497826,-29.9977047],[-50.1496833,-29.9976095],[-50.1497489,-29.9975576],[-50.1498735,-29.9976771],[-50.1497713,-29.9977579]]]},"properties":{"id":"fp-ovt-4aef7d57-12ee-41","gers":"4aef7d57-12ee-416f-a774-0495a1712a1e","kind":"building","src":"overture","bbox":[-50.149873,-29.997758,-50.149683,-29.997558],"m2":169,"sites":["site-27caea61ea"]}},{"type":"Feature","geometry":{"type":"Polygon","coordinates":[[[103.6883452,1.3458093],[103.6883144,1.3457876],[103.6880976,1.345737],[103.6881183,1.345623],[103.6883444,1.3456608],[103.6883754,1.3456442],[103.6884784,1.345499],[103.6885766,1.3455775],[103.6884481,1.3457271],[103.6884495,1.3457654],[103.6885161,1.3459239],[103.6884022,1.3459654],[103.6883452,1.3458093]]]},"properties":{"id":"fp-ovt-4b96843d-6577-4a","gers":"4b96843d-6577-4a9c-be45-a9ccee05c102","kind":"building","src":"overture","bbox":[103.688098,1.345499,103.688577,1.345965],"m2":1033,"sites":["site-d02dedd2bb"]}},{"type":"Feature","geometry":{"type":"Polygon","coordinates":[[[-48.4058174,-27.4395066],[-48.4058114,-27.4396221],[-48.4057391,-27.4396191],[-48.4057451,-27.4395036],[-48.4058174,-27.4395066]]]},"properties":{"id":"fp-ovt-4b993b15-3356-4b","gers":"4b993b15-3356-4b2e-ab4a-1060574b7fde","kind":"building","src":"overture","bbox":[-48.405817,-27.439622,-48.405739,-27.439504],"m2":92,"sites":["site-0af41570ce"]}},{"type":"Feature","geometry":{"type":"Polygon","coordinates":[[[3.4979723,6.4242841],[3.4980125,6.4242857],[3.4980077,6.4244019],[3.4979675,6.4244002],[3.4979723,6.4242841]]]},"properties":{"id":"fp-ovt-4bc5a410-3582-49","gers":"4bc5a410-3582-499c-9db8-2c69909d22ee","kind":"building","src":"overture","bbox":[3.497968,6.424284,3.498013,6.424402],"m2":58,"sites":["site-3fbff3bc39"]}},{"type":"Feature","geometry":{"type":"Polygon","coordinates":[[[28.9427384,47.0617241],[28.9426977,47.0615345],[28.9428421,47.0615201],[28.9428828,47.0617097],[28.9427384,47.0617241]]]},"properties":{"id":"fp-ovt-4c19712d-31c5-47","gers":"4c19712d-31c5-47bb-8205-ff9de37281d1","kind":"building","src":"overture","bbox":[28.942698,47.06152,28.942883,47.061724],"m2":236,"sites":["site-56db89fde7"]}},{"type":"Feature","geometry":{"type":"Polygon","coordinates":[[[110.3370816,-7.8075107],[110.3370291,-7.8074989],[110.3370076,-7.8075933],[110.3370602,-7.807605],[110.3370816,-7.8075107]]]},"properties":{"id":"fp-ovt-4c8e2bdc-e393-4b","gers":"4c8e2bdc-e393-4b12-b12d-d946923741e6","kind":"building","src":"overture","bbox":[110.337008,-7.807605,110.337082,-7.807499],"m2":64,"sites":["site-c8ac7a6074"]}},{"type":"Feature","geometry":{"type":"Polygon","coordinates":[[[11.5409112,48.0589457],[11.5411267,48.0589198],[11.5411747,48.0590981],[11.5409592,48.059124],[11.5409112,48.0589457]]]},"properties":{"id":"fp-ovt-4d327c5a-f06b-4d","gers":"4d327c5a-f06b-4d12-b87a-ddb3d104436f","kind":"building","src":"overture","bbox":[11.540911,48.05892,11.541175,48.059124],"m2":329,"sites":["site-2720cdd71c"]}},{"type":"Feature","geometry":{"type":"Polygon","coordinates":[[[83.760187,25.6257604],[83.7602116,25.6258224],[83.7601042,25.6258574],[83.7600796,25.6257955],[83.760187,25.6257604]]]},"properties":{"id":"fp-ovt-4d367413-fd42-41","gers":"4d367413-fd42-4139-bba1-8e33a7afb66c","kind":"building","src":"overture","bbox":[83.76008,25.62576,83.760212,25.625857],"m2":84,"sites":["site-b2306c060c"]}},{"type":"Feature","geometry":{"type":"Polygon","coordinates":[[[14.718296,49.1916629],[14.7183485,49.1916612],[14.7183353,49.1914297],[14.7185411,49.191423],[14.7185545,49.1916555],[14.7185471,49.1916556],[14.7185517,49.1917371],[14.7183014,49.1917434],[14.718296,49.1916629]]]},"properties":{"id":"fp-ovt-4d4f24b3-bfc9-4f","gers":"4d4f24b3-bfc9-4f82-ba19-bac8897c1c56","kind":"building","src":"overture","bbox":[14.718296,49.191423,14.718554,49.191743],"m2":552,"sites":["site-d7dfbaed81"]}},{"type":"Feature","geometry":{"type":"Polygon","coordinates":[[[-42.5773193,-19.5282657],[-42.5772268,-19.528262],[-42.5772315,-19.5281562],[-42.577324,-19.5281599],[-42.5773193,-19.5282657]]]},"properties":{"id":"fp-ovt-4e05297d-1c95-4f","gers":"4e05297d-1c95-4f9d-b473-7279e4917693","kind":"building","src":"overture","bbox":[-42.577324,-19.528266,-42.577227,-19.528156],"m2":115,"sites":["site-edfb068df1"]}},{"type":"Feature","geometry":{"type":"Polygon","coordinates":[[[88.3910662,22.5894142],[88.3909318,22.5894412],[88.3908912,22.5892691],[88.3910256,22.5892421],[88.3910662,22.5894142]]]},"properties":{"id":"fp-ovt-4e31a37f-e6a2-43","gers":"4e31a37f-e6a2-433c-942e-3c6fe51a835f","kind":"building","src":"overture","bbox":[88.390891,22.589242,88.391066,22.589441],"m2":277,"sites":["site-7a354bb8fb"]}},{"type":"Feature","geometry":{"type":"Polygon","coordinates":[[[125.5467848,7.0560014],[125.5468854,7.056093],[125.5468383,7.056144],[125.5467912,7.0561949],[125.5466906,7.0561032],[125.5467377,7.0560523],[125.5467848,7.0560014]]]},"properties":{"id":"fp-ovt-4ed02e4f-d763-45","gers":"4ed02e4f-d763-454e-b736-64a96a856b28","kind":"building","src":"overture","bbox":[125.546691,7.056001,125.546885,7.056195],"m2":232,"sites":["site-6008dfe15a"]}},{"type":"Feature","geometry":{"type":"Polygon","coordinates":[[[106.8773188,-6.4411645],[106.8772021,-6.4411045],[106.877157,-6.4411911],[106.8772737,-6.441251],[106.8773188,-6.4411645]]]},"properties":{"id":"fp-ovt-4f075a3c-1546-43","gers":"4f075a3c-1546-43b8-a59c-2a71087171ac","kind":"building","src":"overture","bbox":[106.877157,-6.441251,106.877319,-6.441104],"m2":158,"sites":["site-4faaeef97f"]}},{"type":"Feature","geometry":{"type":"Polygon","coordinates":[[[-77.4047611,25.050154],[-77.4044708,25.0500604],[-77.4042944,25.0505098],[-77.4045847,25.0506034],[-77.4047611,25.050154]]]},"properties":{"id":"fp-ovt-4f19dcb8-5c4f-4f","gers":"4f19dcb8-5c4f-4f52-a0c9-f8efede14f4e","kind":"building","src":"overture","bbox":[-77.404761,25.05006,-77.404294,25.050603],"m2":1650,"sites":["site-067d835db8"]}},{"type":"Feature","geometry":{"type":"Polygon","coordinates":[[[-88.633874,37.094085],[-88.633908,37.093946],[-88.633806,37.09393],[-88.633772,37.094069],[-88.633874,37.094085]]]},"properties":{"id":"fp-ovt-5010382f-6854-4a","gers":"5010382f-6854-4a09-b933-5638e2e6b2d1","kind":"building","src":"overture","bbox":[-88.633908,37.09393,-88.633772,37.094085],"m2":146,"sites":["site-e4ffdaae0c"]}},{"type":"Feature","geometry":{"type":"Polygon","coordinates":[[[110.4026901,-7.8294138],[110.4026334,-7.8292256],[110.4025909,-7.8292384],[110.4026475,-7.8294265],[110.4026901,-7.8294138]]]},"properties":{"id":"fp-ovt-507f05cd-c000-42","gers":"507f05cd-c000-425f-ba56-31487dcfc166","kind":"building","src":"overture","bbox":[110.402591,-7.829427,110.40269,-7.829226],"m2":107,"sites":["site-577eadafba"]}},{"type":"Feature","geometry":{"type":"Polygon","coordinates":[[[88.4624461,22.614506],[88.4625449,22.6145254],[88.4625325,22.6145798],[88.4624337,22.6145604],[88.4624461,22.614506]]]},"properties":{"id":"fp-ovt-5112f172-98cf-4f","gers":"5112f172-98cf-4f71-967d-5378351e8302","kind":"building","src":"overture","bbox":[88.462434,22.614506,88.462545,22.61458],"m2":64,"sites":["site-44f81c2e81"]}},{"type":"Feature","geometry":{"type":"Polygon","coordinates":[[[78.0502158,30.3241797],[78.050323,30.3241286],[78.0503596,30.3241863],[78.0503812,30.324176],[78.0504076,30.3242176],[78.0504576,30.3241938],[78.050513,30.3242813],[78.050463,30.3243051],[78.0504953,30.3243562],[78.0504235,30.3243905],[78.0503209,30.3242283],[78.0502638,30.3242555],[78.0502158,30.3241797]]]},"properties":{"id":"fp-ovt-5134694f-22d6-45","gers":"5134694f-22d6-45fb-b5aa-3dafa13ca1e2","kind":"building","src":"overture","bbox":[78.050216,30.324129,78.050513,30.32439],"m2":342,"sites":["site-ab2279d7d6"]}},{"type":"Feature","geometry":{"type":"Polygon","coordinates":[[[18.9729226,-33.8396338],[18.9729629,-33.8396192],[18.9729377,-33.8395703],[18.9728973,-33.8395849],[18.9729226,-33.8396338]]]},"properties":{"id":"fp-ovt-5138fcb1-adc2-4c","gers":"5138fcb1-adc2-4c92-850a-ff214ee2ac28","kind":"building","src":"overture","bbox":[18.972897,-33.839634,18.972963,-33.83957],"m2":24,"sites":["site-a9d917109e"]}},{"type":"Feature","geometry":{"type":"Polygon","coordinates":[[[-73.6617664,45.5086319],[-73.6616816,45.5086095],[-73.6613897,45.5086929],[-73.6613742,45.5086967],[-73.6613566,45.5087214],[-73.6612927,45.5087392],[-73.6612354,45.5088372],[-73.6611892,45.508828],[-73.6611627,45.5088295],[-73.6611438,45.5088636],[-73.6611242,45.508899],[-73.6611264,45.5089214],[-73.6611583,45.5089819],[-73.661296,45.5092425],[-73.6613687,45.5092641],[-73.6613886,45.5092587],[-73.661567,45.5089731],[-73.661556,45.5089584],[-73.6615064,45.5089415],[-73.6615692,45.508845],[-73.6616188,45.5088635],[-73.6616386,45.5088604],[-73.6617763,45.5086504],[-73.6617664,45.5086319]]]},"properties":{"id":"fp-ovt-5163bd35-eaa8-4e","gers":"5163bd35-eaa8-4eb9-b67b-2e01f1d19dcf","kind":"building","src":"overture","bbox":[-73.661776,45.508609,-73.661124,45.509264],"m2":1778,"sites":["site-55aab61518"]}},{"type":"Feature","geometry":{"type":"Polygon","coordinates":[[[12.470494,55.6433154],[12.4704753,55.6432774],[12.4703928,55.6432906],[12.470364,55.6432324],[12.4704453,55.6432195],[12.4704353,55.6431994],[12.470892,55.6431268],[12.4709498,55.6432429],[12.470494,55.6433154]]]},"properties":{"id":"fp-ovt-5182090a-32d9-44","gers":"5182090a-32d9-44d5-8e3f-aabed2c1860b","kind":"building","src":"overture","bbox":[12.470364,55.643127,12.47095,55.643315],"m2":436,"sites":["site-8bc8034aa7"]}},{"type":"Feature","geometry":{"type":"Polygon","coordinates":[[[-43.1012139,-22.9087377],[-43.1013606,-22.9085813],[-43.1014299,-22.9086371],[-43.1012832,-22.9087935],[-43.1012139,-22.9087377]]]},"properties":{"id":"fp-ovt-518ab9fc-0d60-42","gers":"518ab9fc-0d60-4288-8cac-52d8443152b6","kind":"building","src":"overture","bbox":[-43.10143,-22.908794,-43.101214,-22.908581],"m2":217,"sites":["site-1e596330f4"]}},{"type":"Feature","geometry":{"type":"Polygon","coordinates":[[[6.6307128,45.9367522],[6.6302199,45.9366695],[6.6302736,45.9364985],[6.630559,45.9365452],[6.630758,45.9365778],[6.6310195,45.9366206],[6.6309514,45.9367922],[6.6307128,45.9367522]]]},"properties":{"id":"fp-ovt-518fa515-af74-49","gers":"518fa515-af74-49b2-9fc7-fa487d604754","kind":"building","src":"overture","bbox":[6.63022,45.936498,6.631019,45.936792],"m2":1155,"sites":["site-b2401e5e73"]}},{"type":"Feature","geometry":{"type":"Polygon","coordinates":[[[88.3926769,22.5889851],[88.3924407,22.589026],[88.3924213,22.5889301],[88.3926574,22.5888892],[88.3926769,22.5889851]]]},"properties":{"id":"fp-ovt-5190c531-7067-41","gers":"5190c531-7067-41b8-bfde-a4395dfc4bd8","kind":"building","src":"overture","bbox":[88.392421,22.588889,88.392677,22.589026],"m2":268,"sites":["site-dd3b94f632"]}},{"type":"Feature","geometry":{"type":"Polygon","coordinates":[[[1.1428177,52.0193847],[1.1428605,52.019496],[1.1426473,52.0195271],[1.1426046,52.0194158],[1.1428177,52.0193847]]]},"properties":{"id":"fp-ovt-51bf91a0-0ab7-4b","gers":"51bf91a0-0ab7-4b60-a869-5e6d21aa25d9","kind":"building","src":"overture","bbox":[1.142605,52.019385,1.142861,52.019527],"m2":191,"sites":["site-2f9362855f"]}},{"type":"Feature","geometry":{"type":"Polygon","coordinates":[[[-48.3405897,-10.1820536],[-48.3404055,-10.1820507],[-48.340407,-10.1819605],[-48.3405911,-10.1819635],[-48.3405897,-10.1820536]]]},"properties":{"id":"fp-ovt-51fc2e0c-fc75-48","gers":"51fc2e0c-fc75-4884-a389-782418e6564d","kind":"building","src":"overture","bbox":[-48.340591,-10.182054,-48.340406,-10.181961],"m2":203,"sites":["site-7eb9f516f9"]}},{"type":"Feature","geometry":{"type":"Polygon","coordinates":[[[-43.2181214,-22.9050952],[-43.2181068,-22.9051642],[-43.2179307,-22.9051327],[-43.2178942,-22.9050639],[-43.2178487,-22.9050843],[-43.2177482,-22.9048948],[-43.2178012,-22.904871],[-43.2178135,-22.9048128],[-43.2178563,-22.9048204],[-43.2178983,-22.9048996],[-43.2179368,-22.9049065],[-43.218028,-22.9050785],[-43.2181214,-22.9050952]]]},"properties":{"id":"fp-ovt-52cc1dde-bbad-4f","gers":"52cc1dde-bbad-4f4d-8aa0-4cca73873101","kind":"building","src":"overture","bbox":[-43.218121,-22.905164,-43.217748,-22.904813],"m2":595,"sites":["site-4a2c3c152b"]}},{"type":"Feature","geometry":{"type":"Polygon","coordinates":[[[24.1548916,56.9580458],[24.1548187,56.9580454],[24.1548189,56.9580073],[24.1548919,56.9580054],[24.1548916,56.9580458]]]},"properties":{"id":"fp-ovt-52d5b53e-f4fa-46","gers":"52d5b53e-f4fa-46ec-8843-0aba247558c1","kind":"building","src":"overture","bbox":[24.154819,56.958005,24.154892,56.958046],"m2":19,"sites":["site-43f7bc482d"]}},{"type":"Feature","geometry":{"type":"Polygon","coordinates":[[[-68.9025707,12.100971],[-68.9026426,12.1010048],[-68.9026785,12.1009318],[-68.9026066,12.100898],[-68.9025707,12.100971]]]},"properties":{"id":"fp-ovt-53850e66-1ebc-47","gers":"53850e66-1ebc-4753-9d23-a976aaa9915a","kind":"building","src":"overture","bbox":[-68.902678,12.100898,-68.902571,12.101005],"m2":78,"sites":["site-d8af2613ca"]}},{"type":"Feature","geometry":{"type":"Polygon","coordinates":[[[-70.6330065,-33.4551984],[-70.6330262,-33.4550745],[-70.6330752,-33.45508],[-70.6330555,-33.4552039],[-70.6330065,-33.4551984]]]},"properties":{"id":"fp-ovt-53c1a737-8278-42","gers":"53c1a737-8278-4247-9b55-7377b8ba971b","kind":"building","src":"overture","bbox":[-70.633075,-33.455204,-70.633006,-33.455075],"m2":64,"sites":["site-4a8a917c35"]}},{"type":"Feature","geometry":{"type":"Polygon","coordinates":[[[37.6132177,55.7852561],[37.6130969,55.7852527],[37.6131173,55.7850238],[37.6130355,55.7850215],[37.6130556,55.7847959],[37.61314,55.7847687],[37.6134619,55.7847778],[37.6134531,55.7848765],[37.6134325,55.7848759],[37.6134038,55.7851979],[37.6134014,55.785225],[37.613221,55.7852199],[37.6132177,55.7852561]]]},"properties":{"id":"fp-ovt-544be72c-7940-4f","gers":"544be72c-7940-4f8d-97b0-d8dba31a2d7d","kind":"building","src":"overture","bbox":[37.613036,55.784769,37.613462,55.785256],"m2":1124,"sites":["site-3177de9f97"]}},{"type":"Feature","geometry":{"type":"Polygon","coordinates":[[[-58.3790915,-34.6124708],[-58.3790953,-34.6123735],[-58.3793524,-34.6123802],[-58.3794479,-34.6123827],[-58.3794441,-34.61248],[-58.3792076,-34.6124738],[-58.3790915,-34.6124708]]]},"properties":{"id":"fp-ovt-546e8094-b4e8-4f","gers":"546e8094-b4e8-4f9f-8344-5127e8e9d9aa","kind":"building","src":"overture","bbox":[-58.379448,-34.61248,-58.379092,-34.612373],"m2":350,"sites":["site-e0a313e5f9"]}},{"type":"Feature","geometry":{"type":"Polygon","coordinates":[[[26.1157315,44.41976],[26.1157047,44.4197466],[26.115651,44.4196719],[26.1156296,44.4196259],[26.1156269,44.4195991],[26.1156537,44.4195646],[26.1157519,44.4195249],[26.1157932,44.4195187],[26.1158522,44.4195397],[26.1159327,44.4196393],[26.11593,44.4196834],[26.1158924,44.4197026],[26.1159192,44.419739],[26.115953,44.419726],[26.1159943,44.419737],[26.1160265,44.41976],[26.1160952,44.419841],[26.1160882,44.419898],[26.1160587,44.4199267],[26.1159702,44.4199631],[26.1159085,44.4199612],[26.1158656,44.4199344],[26.1157851,44.4198386],[26.1157798,44.4198137],[26.1157985,44.4197945],[26.1158323,44.4197816],[26.1158066,44.4197485],[26.115769,44.4197639],[26.1157315,44.41976]]]},"properties":{"id":"fp-ovt-549ed60e-3fd2-4a","gers":"549ed60e-3fd2-4a3b-8663-4b1e2477546e","kind":"building","src":"overture","bbox":[26.115627,44.419519,26.116095,44.419963],"m2":941,"sites":["site-11a02f7af1"]}},{"type":"Feature","geometry":{"type":"Polygon","coordinates":[[[-53.4596006,-24.9543848],[-53.4596857,-24.9543804],[-53.4596895,-24.9544424],[-53.4596753,-24.9544432],[-53.4596768,-24.9544675],[-53.4596918,-24.9544668],[-53.4596969,-24.9545491],[-53.4596787,-24.95455],[-53.4596793,-24.9545607],[-53.4597017,-24.9545596],[-53.4597051,-24.9546145],[-53.4596151,-24.9546191],[-53.4596006,-24.9543848]]]},"properties":{"id":"fp-ovt-54cf496f-d1e6-4c","gers":"54cf496f-d1e6-4c75-9bcd-912db1b96af5","kind":"building","src":"overture","bbox":[-53.459705,-24.954619,-53.459601,-24.95438],"m2":222,"sites":["site-30e44a4aad"]}},{"type":"Feature","geometry":{"type":"Polygon","coordinates":[[[-35.9221139,-7.2702961],[-35.92208,-7.270347],[-35.9221389,-7.2703855],[-35.9220465,-7.2705246],[-35.9219829,-7.270483],[-35.9220261,-7.2704181],[-35.9219719,-7.2703826],[-35.922055,-7.2702576],[-35.9221139,-7.2702961]]]},"properties":{"id":"fp-ovt-54e40b91-50c8-4c","gers":"54e40b91-50c8-4c14-b7c2-82e09cfedbd7","kind":"building","src":"overture","bbox":[-35.922139,-7.270525,-35.921972,-7.270258],"m2":280,"sites":["site-21fa887b4c"]}},{"type":"Feature","geometry":{"type":"Polygon","coordinates":[[[12.5123356,41.8988896],[12.5122581,41.8990073],[12.5121901,41.8989834],[12.5121294,41.898962],[12.5121337,41.8989515],[12.5121142,41.8989446],[12.5120567,41.8989242],[12.5122135,41.8986877],[12.5122418,41.8986872],[12.5122715,41.8986929],[12.5123352,41.898714],[12.5123727,41.8987409],[12.5123805,41.8987566],[12.512413,41.8987719],[12.5123356,41.8988896]]]},"properties":{"id":"fp-ovt-5574b9b9-94ad-4e","gers":"5574b9b9-94ad-4e44-89a2-6d9a0624a072","kind":"building","src":"overture","bbox":[12.512057,41.898687,12.512413,41.899007],"m2":586,"sites":["site-fdc7986f7a"]}},{"type":"Feature","geometry":{"type":"Polygon","coordinates":[[[32.8975712,-2.5197712],[32.8974813,-2.5199252],[32.8975403,-2.5199634],[32.8976208,-2.5198234],[32.8977301,-2.5197812],[32.8977006,-2.5197229],[32.8975712,-2.5197712]]]},"properties":{"id":"fp-ovt-557c3043-72e6-49","gers":"557c3043-72e6-49b5-a96b-0ed2e252faa5","kind":"building","src":"overture","bbox":[32.897481,-2.519963,32.89773,-2.519723],"m2":250,"sites":["site-1b49762f55"]}},{"type":"Feature","geometry":{"type":"Polygon","coordinates":[[[116.8540272,-1.217253],[116.8538945,-1.2172666],[116.8539031,-1.2173504],[116.8540358,-1.2173369],[116.8540272,-1.217253]]]},"properties":{"id":"fp-ovt-55a2b15c-2e58-4f","gers":"55a2b15c-2e58-4f8d-98b4-3872b5187210","kind":"building","src":"overture","bbox":[116.853894,-1.21735,116.854036,-1.217253],"m2":139,"sites":["site-920dc983fb"]}},{"type":"Feature","geometry":{"type":"Polygon","coordinates":[[[13.617519,52.5140482],[13.617319,52.5140272],[13.6173317,52.5139821],[13.6173389,52.5139568],[13.6174156,52.5136853],[13.6174496,52.513565],[13.6176496,52.513586],[13.6176291,52.5136586],[13.6176211,52.5136867],[13.617519,52.5140482]]]},"properties":{"id":"fp-ovt-55d0fdb3-99b3-45","gers":"55d0fdb3-99b3-45a9-82c1-2e8fd318ed50","kind":"building","src":"overture","bbox":[13.617319,52.513565,13.61765,52.514048],"m2":718,"sites":["site-a3cabbf707","site-afca64d3b4"]}},{"type":"Feature","geometry":{"type":"Polygon","coordinates":[[[-47.5617418,-22.3997896],[-47.5616361,-22.3997569],[-47.5616659,-22.3996736],[-47.5617716,-22.3997063],[-47.5617418,-22.3997896]]]},"properties":{"id":"fp-ovt-55d113a0-b4c4-44","gers":"55d113a0-b4c4-44e4-bb1c-030a5411e59c","kind":"building","src":"overture","bbox":[-47.561772,-22.39979,-47.561636,-22.399674],"m2":112,"sites":["site-0adf849806"]}},{"type":"Feature","geometry":{"type":"Polygon","coordinates":[[[3.5885446,6.4496887],[3.5880704,6.4496427],[3.5880949,6.449393],[3.5885692,6.449439],[3.5885446,6.4496887]]]},"properties":{"id":"fp-ovt-55d74fcf-0504-4e","gers":"55d74fcf-0504-4ef1-b593-aeb047435810","kind":"building","src":"overture","bbox":[3.58807,6.449393,3.588569,6.449689],"m2":1472,"sites":["site-9de82cc921"]}},{"type":"Feature","geometry":{"type":"Polygon","coordinates":[[[-87.4645578,36.8480911],[-87.4642583,36.8483497],[-87.4645994,36.8486027],[-87.464899,36.8483441],[-87.464829,36.8482923],[-87.4649488,36.8481889],[-87.464881,36.8481386],[-87.4650295,36.8480104],[-87.4650763,36.8480452],[-87.4651338,36.8479956],[-87.4651958,36.8480416],[-87.465355,36.8479042],[-87.4652915,36.8478571],[-87.465349,36.8478075],[-87.4651781,36.8476807],[-87.4651172,36.8477333],[-87.4650572,36.8476889],[-87.4649042,36.847821],[-87.4649648,36.8478659],[-87.4649046,36.8479178],[-87.4648657,36.847889],[-87.4647253,36.8480102],[-87.4647758,36.8480476],[-87.464648,36.8481579],[-87.4645578,36.8480911]]]},"properties":{"id":"fp-ovt-56094709-66cd-41","gers":"56094709-66cd-4189-8e43-dc3771e52e58","kind":"building","src":"overture","bbox":[-87.465355,36.847681,-87.464258,36.848603],"m2":3405,"sites":["site-123a053b77"]}},{"type":"Feature","geometry":{"type":"Polygon","coordinates":[[[80.2781244,13.0692074],[80.2779516,13.0693181],[80.2779215,13.0692736],[80.2780943,13.0691629],[80.2781244,13.0692074]]]},"properties":{"id":"fp-ovt-560a86c3-6e80-4e","gers":"560a86c3-6e80-4e2f-b530-ffaa86ae8fbb","kind":"building","src":"overture","bbox":[80.277922,13.069163,80.278124,13.069318],"m2":133,"sites":["site-8410c896d7"]}},{"type":"Feature","geometry":{"type":"Polygon","coordinates":[[[-58.7905966,-34.6329783],[-58.7904883,-34.6329065],[-58.7905972,-34.6327943],[-58.7907055,-34.6328661],[-58.7905966,-34.6329783]]]},"properties":{"id":"fp-ovt-5614d48b-a0b2-48","gers":"5614d48b-a0b2-48d5-8195-98c2434a5260","kind":"building","src":"overture","bbox":[-58.790706,-34.632978,-58.790488,-34.632794],"m2":204,"sites":["site-e5f02f53de"]}},{"type":"Feature","geometry":{"type":"Polygon","coordinates":[[[-86.7543985,37.899795],[-86.7544976,37.8997451],[-86.7543359,37.899545],[-86.7542368,37.8995949],[-86.7543985,37.899795]]]},"properties":{"id":"fp-ovt-56a6646c-acc4-43","gers":"56a6646c-acc4-4375-ad09-9e42518149d6","kind":"building","src":"overture","bbox":[-86.754498,37.899545,-86.754237,37.899795],"m2":273,"sites":["site-f3e3864878"]}},{"type":"Feature","geometry":{"type":"Polygon","coordinates":[[[-90.5382164,14.6638974],[-90.5379845,14.6640213],[-90.5381986,14.6644012],[-90.5383273,14.6643324],[-90.538291,14.664268],[-90.5383942,14.6642129],[-90.5382164,14.6638974]]]},"properties":{"id":"fp-ovt-56aa66de-ed98-49","gers":"56aa66de-ed98-4965-99ab-40b0f7e26358","kind":"building","src":"overture","bbox":[-90.538394,14.663897,-90.537984,14.664401],"m2":1270,"sites":["site-371c7d4985"]}},{"type":"Feature","geometry":{"type":"Polygon","coordinates":[[[8.0931882,47.0585598],[8.0930883,47.0586281],[8.0928632,47.0584763],[8.0929162,47.0584394],[8.0928046,47.0583695],[8.0929195,47.0582814],[8.0930388,47.0583567],[8.093058,47.0583432],[8.093064,47.058339],[8.0931003,47.0583135],[8.0932326,47.0582208],[8.0933628,47.0583092],[8.0931364,47.058464],[8.0930919,47.0584944],[8.0931882,47.0585598]]]},"properties":{"id":"fp-ovt-56e5acad-87a0-45","gers":"56e5acad-87a0-45cb-bb26-c1c283648dea","kind":"building","src":"overture","bbox":[8.092805,47.058221,8.093363,47.058628],"m2":816,"sites":["site-4fdeed129d"]}},{"type":"Feature","geometry":{"type":"Polygon","coordinates":[[[125.5469042,7.055408],[125.5469843,7.0554799],[125.547,7.0554625],[125.5470515,7.0555087],[125.546932,7.0556417],[125.5468003,7.0555235],[125.5469042,7.055408]]]},"properties":{"id":"fp-ovt-572d2f93-88f6-4c","gers":"572d2f93-88f6-4c08-b45c-f75ac1f53c76","kind":"building","src":"overture","bbox":[125.5468,7.055408,125.547051,7.055642],"m2":358,"sites":["site-dc9f1864a1"]}},{"type":"Feature","geometry":{"type":"Polygon","coordinates":[[[117.3172579,35.8692843],[117.3170039,35.869317],[117.3169586,35.8691084],[117.3173335,35.8690606],[117.3173764,35.8692691],[117.3172579,35.8692843]]]},"properties":{"id":"fp-ovt-575173f8-d515-43","gers":"575173f8-d515-435b-a83e-46a9986a40cf","kind":"building","src":"overture","bbox":[117.316959,35.869061,117.317376,35.869317],"m2":804,"sites":["site-28d98b386b"]}},{"type":"Feature","geometry":{"type":"Polygon","coordinates":[[[30.8677377,30.8420017],[30.8677514,30.8419665],[30.8676597,30.8419402],[30.8677198,30.8417857],[30.8678429,30.841821],[30.8678106,30.8419039],[30.8678576,30.8419174],[30.8678161,30.8420241],[30.8677377,30.8420017]]]},"properties":{"id":"fp-ovt-576872c8-158e-45","gers":"576872c8-158e-45aa-9ca9-42058d5994d2","kind":"building","src":"overture","bbox":[30.86766,30.841786,30.867858,30.842024],"m2":297,"sites":["site-5c630e18a1"]}},{"type":"Feature","geometry":{"type":"Polygon","coordinates":[[[36.8052796,-1.2901045],[36.8052062,-1.2900905],[36.8052136,-1.290229],[36.8053335,-1.2902258],[36.8054647,-1.2901546],[36.8055515,-1.2901426],[36.8055401,-1.2900249],[36.8054863,-1.290021],[36.8054325,-1.29002],[36.8053645,-1.2900576],[36.8052796,-1.2901045]]]},"properties":{"id":"fp-ovt-57870ec8-3344-4f","gers":"57870ec8-3344-4fff-b560-740e129a6384","kind":"building","src":"overture","bbox":[36.805206,-1.290229,36.805551,-1.29002],"m2":574,"sites":["site-a0bf4e2692"]}},{"type":"Feature","geometry":{"type":"Polygon","coordinates":[[[11.6145917,49.5838487],[11.6141909,49.583765],[11.6142643,49.5836173],[11.6145979,49.583687],[11.6146089,49.5836651],[11.6147752,49.5836999],[11.614741,49.5837688],[11.6146417,49.5837481],[11.6145917,49.5838487]]]},"properties":{"id":"fp-ovt-57f502af-1e90-4c","gers":"57f502af-1e90-4c16-adf9-8f91cf86adac","kind":"building","src":"overture","bbox":[11.614191,49.583617,11.614775,49.583849],"m2":599,"sites":["site-f2c1b7846b"]}},{"type":"Feature","geometry":{"type":"Polygon","coordinates":[[[-93.7782299,44.6239061],[-93.7782287,44.6239576],[-93.7783387,44.6239589],[-93.7783418,44.6238253],[-93.7781472,44.623823],[-93.7781453,44.6239051],[-93.7782299,44.6239061]]]},"properties":{"id":"fp-ovt-590cf17e-c6e3-40","gers":"590cf17e-c6e3-4058-a909-e03a1963e6ab","kind":"building","src":"overture","bbox":[-93.778342,44.623823,-93.778145,44.623959],"m2":191,"sites":["site-c2fb283cc1"]}},{"type":"Feature","geometry":{"type":"Polygon","coordinates":[[[-63.5796684,44.644631],[-63.5798671,44.6445814],[-63.5796332,44.6441065],[-63.5792814,44.6441942],[-63.5793994,44.6444338],[-63.5794735,44.6444153],[-63.579549,44.6445687],[-63.5795821,44.6445605],[-63.5795967,44.6445901],[-63.5796426,44.6445786],[-63.5796684,44.644631]]]},"properties":{"id":"fp-ovt-597203f7-50c3-44","gers":"597203f7-50c3-44b9-80c0-a6e4bb2c69d0","kind":"building","src":"overture","bbox":[-63.579867,44.644106,-63.579281,44.644631],"m2":1431,"sites":["site-0ae988c05b"]}},{"type":"Feature","geometry":{"type":"Polygon","coordinates":[[[121.638721,29.8885057],[121.6387151,29.8884525],[121.6387456,29.8884499],[121.6387515,29.8885031],[121.638721,29.8885057]]]},"properties":{"id":"fp-ovt-59b15e5b-1e92-4e","gers":"59b15e5b-1e92-4e78-8d3c-ed6f4f868a0e","kind":"building","src":"overture","bbox":[121.638715,29.88845,121.638751,29.888506],"m2":18,"sites":["site-ad4e785f00"]}},{"type":"Feature","geometry":{"type":"Polygon","coordinates":[[[-34.8915988,-8.0637389],[-34.8915251,-8.0636243],[-34.891645,-8.063591],[-34.8916694,-8.0636288],[-34.8917505,-8.0635768],[-34.8917802,-8.0636229],[-34.8915988,-8.0637389]]]},"properties":{"id":"fp-ovt-59c5ba41-0df8-49","gers":"59c5ba41-0df8-495a-aacd-0211b186b342","kind":"building","src":"overture","bbox":[-34.89178,-8.063739,-34.891525,-8.063577],"m2":237,"sites":["site-bd3d77bb83"]}},{"type":"Feature","geometry":{"type":"Polygon","coordinates":[[[85.1283632,25.5959262],[85.1283793,25.5960197],[85.1282361,25.5960401],[85.1282199,25.5959466],[85.1283632,25.5959262]]]},"properties":{"id":"fp-ovt-59e8def1-a617-49","gers":"59e8def1-a617-49ff-8fb9-97ced55fce09","kind":"building","src":"overture","bbox":[85.12822,25.595926,85.128379,25.59604],"m2":153,"sites":["site-dc9d1a2e3c"]}},{"type":"Feature","geometry":{"type":"Polygon","coordinates":[[[24.123771,56.9519265],[24.1239218,56.9517748],[24.1244754,56.9519387],[24.1247564,56.9520224],[24.1248053,56.951975],[24.1249049,56.9520051],[24.1246507,56.9522586],[24.1244686,56.9522059],[24.1244583,56.9522004],[24.1244697,56.9521902],[24.1244545,56.9521867],[24.1244967,56.9521446],[24.1244693,56.9521356],[24.1244533,56.9521499],[24.1237792,56.9519293],[24.1237777,56.9519307],[24.1237695,56.9519282],[24.123771,56.9519265]]]},"properties":{"id":"fp-ovt-5a5142c4-7723-45","gers":"5a5142c4-7723-4504-8efd-de2de8d3649d","kind":"building","src":"overture","bbox":[24.12377,56.951775,24.124905,56.952259],"m2":1434,"sites":["site-61b9f4e4fc"]}},{"type":"Feature","geometry":{"type":"Polygon","coordinates":[[[114.1989934,22.336799],[114.198874,22.3368746],[114.1987337,22.336685],[114.1986927,22.3366296],[114.1987247,22.3366093],[114.1988835,22.3365087],[114.1989058,22.3364946],[114.1990394,22.3366751],[114.1990872,22.3367396],[114.1989934,22.336799]]]},"properties":{"id":"fp-ovt-5a76f67b-8a7f-43","gers":"5a76f67b-8a7f-432e-aa8e-d792a6b93619","kind":"building","src":"overture","bbox":[114.198693,22.336495,114.199087,22.336875],"m2":879,"sites":["site-2f73aa274a"]}},{"type":"Feature","geometry":{"type":"Polygon","coordinates":[[[-58.1645915,-26.1827502],[-58.1646751,-26.1827752],[-58.1646524,-26.1828361],[-58.1645688,-26.1828111],[-58.1645915,-26.1827502]]]},"properties":{"id":"fp-ovt-5aa2f281-6841-44","gers":"5aa2f281-6841-4448-a5b5-fd3857083689","kind":"building","src":"overture","bbox":[-58.164675,-26.182836,-58.164569,-26.18275],"m2":63,"sites":["site-8c7ac53220"]}},{"type":"Feature","geometry":{"type":"Polygon","coordinates":[[[-85.9740802,41.919033],[-85.9742689,41.9190314],[-85.9742708,41.9191481],[-85.9743528,41.9191473],[-85.974338,41.9191574],[-85.9743383,41.9191791],[-85.9744005,41.919137],[-85.9745817,41.9191354],[-85.9745837,41.9192631],[-85.9746427,41.9192626],[-85.9746342,41.9187258],[-85.9747441,41.9187248],[-85.9747427,41.918631],[-85.9746354,41.9186319],[-85.9746325,41.9184484],[-85.9742587,41.9184516],[-85.9742626,41.9186961],[-85.9740624,41.9186979],[-85.9740642,41.9188086],[-85.9737545,41.9188113],[-85.9736145,41.9186971],[-85.9736158,41.9187766],[-85.9733922,41.9187786],[-85.9733996,41.9192465],[-85.97376,41.9192434],[-85.9737567,41.9190348],[-85.9740275,41.9190325],[-85.9740283,41.9190804],[-85.9740809,41.9190799],[-85.9740802,41.919033]]]},"properties":{"id":"fp-ovt-5aeee913-b6a2-42","gers":"5aeee913-b6a2-4288-95a6-afe96fc58088","kind":"building","src":"overture","bbox":[-85.974744,41.918448,-85.973392,41.919263],"m2":5402,"sites":["site-5103f60b0d"]}},{"type":"Feature","geometry":{"type":"Polygon","coordinates":[[[114.2467775,22.2659765],[114.2467978,22.2662256],[114.24624,22.2662181],[114.2462476,22.2659734],[114.2465926,22.2658688],[114.2466795,22.2658715],[114.2467487,22.2659082],[114.2467775,22.2659765]]]},"properties":{"id":"fp-ovt-5af57a9b-b36b-4a","gers":"5af57a9b-b36b-4a2b-84b9-288aa1667db4","kind":"building","src":"overture","bbox":[114.24624,22.265869,114.246798,22.266226],"m2":1935,"sites":["site-a29c0c8b0a"]}},{"type":"Feature","geometry":{"type":"Polygon","coordinates":[[[100.3822383,-0.8774061],[100.3821237,-0.8774725],[100.3821809,-0.8775713],[100.3822955,-0.8775049],[100.3822383,-0.8774061]]]},"properties":{"id":"fp-ovt-5afe81f6-a53b-42","gers":"5afe81f6-a53b-4271-9fdb-46bd94da6e98","kind":"building","src":"overture","bbox":[100.382124,-0.877571,100.382295,-0.877406],"m2":187,"sites":["site-d7ae5a02cc"]}},{"type":"Feature","geometry":{"type":"Polygon","coordinates":[[[131.921744,43.1308272],[131.9215415,43.1304604],[131.9216773,43.1304205],[131.9217364,43.1305276],[131.9218036,43.1306493],[131.921874,43.1307769],[131.9219468,43.1309087],[131.9220216,43.1310441],[131.9220874,43.1311632],[131.9221028,43.1311912],[131.9220472,43.1312076],[131.921967,43.1312312],[131.9217766,43.1308863],[131.921744,43.1308272]]]},"properties":{"id":"fp-ovt-5b55befe-0638-43","gers":"5b55befe-0638-43d5-85d6-8923714de698","kind":"building","src":"overture","bbox":[131.921541,43.13042,131.922103,43.131231],"m2":1100,"sites":["site-c50d5aeea5"]}},{"type":"Feature","geometry":{"type":"Polygon","coordinates":[[[86.9493306,25.2475169],[86.9496298,25.247495],[86.9496471,25.2476901],[86.9495354,25.2476983],[86.9495372,25.2477178],[86.9493796,25.2477294],[86.9493743,25.2476697],[86.9493443,25.2476719],[86.9493306,25.2475169]]]},"properties":{"id":"fp-ovt-5bace8b2-40fa-40","gers":"5bace8b2-40fa-409e-a305-7e2a2f4ea0ab","kind":"building","src":"overture","bbox":[86.949331,25.247495,86.949647,25.247729],"m2":680,"sites":["site-109885338d"]}},{"type":"Feature","geometry":{"type":"Polygon","coordinates":[[[36.6952056,-3.3716707],[36.6953183,-3.3714739],[36.6951856,-3.3713982],[36.6950729,-3.371595],[36.6952056,-3.3716707]]]},"properties":{"id":"fp-ovt-5bede2a3-cfe2-45","gers":"5bede2a3-cfe2-450a-ba1d-63159bfe1129","kind":"building","src":"overture","bbox":[36.695073,-3.371671,36.695318,-3.371398],"m2":429,"sites":["site-ffacb1eaa2"]}},{"type":"Feature","geometry":{"type":"Polygon","coordinates":[[[-34.9106452,-8.0552511],[-34.9104941,-8.0552767],[-34.9104838,-8.0552173],[-34.9104422,-8.0552244],[-34.9104186,-8.0550876],[-34.9106114,-8.055055],[-34.9106452,-8.0552511]]]},"properties":{"id":"fp-ovt-5c0b3dfd-4c8c-49","gers":"5c0b3dfd-4c8c-4941-a6d1-c6182e0daff2","kind":"building","src":"overture","bbox":[-34.910645,-8.055277,-34.910419,-8.055055],"m2":446,"sites":["site-c1dff03d5a"]}},{"type":"Feature","geometry":{"type":"Polygon","coordinates":[[[-68.0849563,-16.544884],[-68.0851448,-16.5449304],[-68.0851016,-16.5450916],[-68.0849131,-16.5450453],[-68.0849563,-16.544884]]]},"properties":{"id":"fp-ovt-5c1c5147-6e90-47","gers":"5c1c5147-6e90-4722-854b-1169495fc258","kind":"building","src":"overture","bbox":[-68.085145,-16.545092,-68.084913,-16.544884],"m2":385,"sites":["site-d04374ae0b"]}},{"type":"Feature","geometry":{"type":"Polygon","coordinates":[[[118.8211869,28.4185845],[118.8212635,28.4184274],[118.8214314,28.4184914],[118.821376,28.4186049],[118.8214254,28.4186237],[118.8212934,28.4188943],[118.8209676,28.4187701],[118.8210783,28.4185431],[118.8211869,28.4185845]]]},"properties":{"id":"fp-ovt-5c37a93c-0ba6-4e","gers":"5c37a93c-0ba6-4e98-87f5-e73ec21f80b1","kind":"building","src":"overture","bbox":[118.820968,28.418427,118.821431,28.418894],"m2":1325,"sites":["site-e9f4d7fc64"]}},{"type":"Feature","geometry":{"type":"Polygon","coordinates":[[[-81.6952576,38.3662371],[-81.6952939,38.3662857],[-81.6951068,38.3663713],[-81.6951331,38.3664066],[-81.6951147,38.3664151],[-81.6951309,38.3664369],[-81.6951494,38.3664285],[-81.6951962,38.3664914],[-81.6954802,38.3663615],[-81.6953908,38.3662414],[-81.6953334,38.3661643],[-81.6952489,38.3662029],[-81.6951899,38.3661235],[-81.6950966,38.3661662],[-81.6950799,38.3661438],[-81.6950219,38.3661704],[-81.6950385,38.3661928],[-81.694994,38.3662132],[-81.6950197,38.3662476],[-81.6950114,38.3662514],[-81.6950385,38.3662878],[-81.6950468,38.366284],[-81.6950743,38.366321],[-81.6952576,38.3662371]]]},"properties":{"id":"fp-ovt-5c5d65fd-e05e-4c","gers":"5c5d65fd-e05e-4c9a-a734-c2ab74c1b562","kind":"building","src":"overture","bbox":[-81.69548,38.366124,-81.694994,38.366491],"m2":838,"sites":["site-64bc5621cf"]}},{"type":"Feature","geometry":{"type":"Polygon","coordinates":[[[-54.8061797,-22.224846],[-54.8061556,-22.2248438],[-54.8061547,-22.2248532],[-54.8059741,-22.2248372],[-54.8060023,-22.2245619],[-54.806207,-22.2245801],[-54.8061797,-22.224846]]]},"properties":{"id":"fp-ovt-5c938fdd-1307-4f","gers":"5c938fdd-1307-4f27-b7ea-4c598a41bfc0","kind":"building","src":"overture","bbox":[-54.806207,-22.224853,-54.805974,-22.224562],"m2":650,"sites":["site-b1db7584c6"]}},{"type":"Feature","geometry":{"type":"Polygon","coordinates":[[[24.7005838,59.4015322],[24.7004803,59.4015949],[24.7004434,59.401617],[24.7002829,59.4015477],[24.7002498,59.4015676],[24.7001706,59.4015335],[24.7001351,59.401555],[24.6999861,59.4014908],[24.6998902,59.4014494],[24.6998531,59.4014334],[24.6996905,59.4013633],[24.699579,59.4013154],[24.6996143,59.401294],[24.6996019,59.4012886],[24.699534,59.4012593],[24.6995406,59.4012553],[24.6995584,59.4012447],[24.6996292,59.401202],[24.6997139,59.4012385],[24.6997586,59.4012117],[24.69989,59.4011326],[24.6999716,59.4011678],[24.7002646,59.4012941],[24.7002962,59.4013078],[24.7002721,59.4013223],[24.7006952,59.4015044],[24.7006219,59.4015486],[24.7005838,59.4015322]]]},"properties":{"id":"fp-ovt-5ceba351-af7a-42","gers":"5ceba351-af7a-429d-8a92-3be6dbb1a322","kind":"building","src":"overture","bbox":[24.699534,59.401133,24.700695,59.401617],"m2":1502,"sites":["site-c10e40ef0f"]}},{"type":"Feature","geometry":{"type":"Polygon","coordinates":[[[20.3758195,44.8044878],[20.375523,44.8043682],[20.3756214,44.8042453],[20.3759179,44.8043648],[20.3758195,44.8044878]]]},"properties":{"id":"fp-ovt-5cec7457-505b-40","gers":"5cec7457-505b-409a-8873-678a049644bb","kind":"building","src":"overture","bbox":[20.375523,44.804245,20.375918,44.804488],"m2":424,"sites":["site-9e3b48ded8"]}},{"type":"Feature","geometry":{"type":"Polygon","coordinates":[[[-106.6966367,44.3547139],[-106.6966443,44.3544715],[-106.6966309,44.3544713],[-106.6966331,44.3543993],[-106.6964696,44.3543967],[-106.6964598,44.354711],[-106.6966367,44.3547139]]]},"properties":{"id":"fp-ovt-5d0397f6-5c49-41","gers":"5d0397f6-5c49-410f-b62f-422c0a2039f0","kind":"building","src":"overture","bbox":[-106.696644,44.354397,-106.69646,44.354714],"m2":484,"sites":["site-91e0ba29bf"]}},{"type":"Feature","geometry":{"type":"Polygon","coordinates":[[[38.8405419,8.9659612],[38.8406008,8.9659585],[38.840604,8.9660272],[38.8405452,8.9660299],[38.8405419,8.9659612]]]},"properties":{"id":"fp-ovt-5d23a27f-2555-49","gers":"5d23a27f-2555-4991-8011-9fb1c037519c","kind":"building","src":"overture","bbox":[38.840542,8.965958,38.840604,8.96603],"m2":50,"sites":["site-503fbca785"]}},{"type":"Feature","geometry":{"type":"Polygon","coordinates":[[[-47.914449,-15.708708],[-47.914454,-15.708704],[-47.914477,-15.708734],[-47.914475,-15.708736],[-47.914431,-15.708768],[-47.914405,-15.708787],[-47.91439,-15.708768],[-47.91439,-15.708767],[-47.914396,-15.708762],[-47.914364,-15.708721],[-47.914357,-15.708727],[-47.914328,-15.70869],[-47.914304,-15.70866],[-47.914299,-15.708655],[-47.914374,-15.7086],[-47.914379,-15.708606],[-47.914404,-15.708639],[-47.914399,-15.708642],[-47.914449,-15.708708]]]},"properties":{"id":"fp-ovt-5ee9e856-b55e-4b","gers":"5ee9e856-b55e-4b9e-b0b4-19f29018e814","kind":"building","src":"overture","bbox":[-47.914477,-15.708787,-47.914299,-15.7086],"m2":172,"sites":["site-4ae9faae06"]}},{"type":"Feature","geometry":{"type":"Polygon","coordinates":[[[-117.0377683,32.4932546],[-117.037815,32.4933561],[-117.0378719,32.4933376],[-117.0378262,32.4932364],[-117.0377683,32.4932546]]]},"properties":{"id":"fp-ovt-5f293ca0-f1c1-4c","gers":"5f293ca0-f1c1-4ca3-9d9d-acedf668cce7","kind":"building","src":"overture","bbox":[-117.037872,32.493236,-117.037768,32.493356],"m2":70,"sites":["site-999a080cf4"]}},{"type":"Feature","geometry":{"type":"Polygon","coordinates":[[[29.0883461,40.2677987],[29.0884425,40.2679642],[29.0881198,40.2680736],[29.0880235,40.267908],[29.0883461,40.2677987]]]},"properties":{"id":"fp-ovt-5f5496d7-8973-4e","gers":"5f5496d7-8973-4e8d-ac48-b59a810b29b5","kind":"building","src":"overture","bbox":[29.088023,40.267799,29.088442,40.268074],"m2":605,"sites":["site-7be860a33e"]}},{"type":"Feature","geometry":{"type":"Polygon","coordinates":[[[106.8551854,-6.2256716],[106.8552672,-6.2253204],[106.8551029,-6.2252825],[106.855021,-6.2256337],[106.8551854,-6.2256716]]]},"properties":{"id":"fp-ovt-5f83b567-d737-48","gers":"5f83b567-d737-48c6-8765-e8912cd57722","kind":"building","src":"overture","bbox":[106.855021,-6.225672,106.855267,-6.225282],"m2":749,"sites":["site-8895e4b5b1"]}},{"type":"Feature","geometry":{"type":"Polygon","coordinates":[[[76.9774036,43.2409074],[76.9774167,43.2408017],[76.9777478,43.2408236],[76.9777346,43.2409292],[76.9774036,43.2409074]]]},"properties":{"id":"fp-ovt-5fae2557-e6f5-46","gers":"5fae2557-e6f5-46b0-9e82-4dae0aaadb11","kind":"building","src":"overture","bbox":[76.977404,43.240802,76.977748,43.240929],"m2":318,"sites":["site-fd11562555"]}},{"type":"Feature","geometry":{"type":"Polygon","coordinates":[[[72.8965319,19.114475],[72.8964212,19.114492],[72.8963983,19.1143586],[72.8965838,19.1143302],[72.8965961,19.1144018],[72.8965213,19.1144133],[72.8965319,19.114475]]]},"properties":{"id":"fp-ovt-5fe77edd-2840-4b","gers":"5fe77edd-2840-4b06-92d2-59b4b430d9a5","kind":"building","src":"overture","bbox":[72.896398,19.11433,72.896596,19.114492],"m2":242,"sites":["site-958b8f77a8"]}},{"type":"Feature","geometry":{"type":"Polygon","coordinates":[[[-44.247932,-19.4682865],[-44.2478578,-19.468102],[-44.2479462,-19.46807],[-44.2480205,-19.4682545],[-44.247932,-19.4682865]]]},"properties":{"id":"fp-ovt-60055352-90bb-40","gers":"60055352-90bb-4078-88b7-5dfefab916db","kind":"building","src":"overture","bbox":[-44.248021,-19.468287,-44.247858,-19.46807],"m2":218,"sites":["site-00aa5bff82"]}},{"type":"Feature","geometry":{"type":"Polygon","coordinates":[[[-71.567424,-33.0291808],[-71.5674219,-33.029147],[-71.5676847,-33.0291355],[-71.567689,-33.0292052],[-71.5676638,-33.0292063],[-71.5676657,-33.0292364],[-71.5674069,-33.0292477],[-71.5674028,-33.0291818],[-71.567424,-33.0291808]]]},"properties":{"id":"fp-ovt-6058893b-9fad-47","gers":"6058893b-9fad-4721-8849-dfa1f9e31115","kind":"building","src":"overture","bbox":[-71.567689,-33.029248,-71.567403,-33.029136],"m2":280,"sites":["site-9cfe93b7f8"]}},{"type":"Feature","geometry":{"type":"Polygon","coordinates":[[[-46.6374342,-23.574118],[-46.6375452,-23.5740837],[-46.6376045,-23.5742385],[-46.6374795,-23.5742787],[-46.6374857,-23.5742947],[-46.6371838,-23.5743919],[-46.6371196,-23.5742153],[-46.6372684,-23.5741707],[-46.6373858,-23.5741178],[-46.6374163,-23.5741133],[-46.6374342,-23.574118]]]},"properties":{"id":"fp-ovt-60f5d200-1b8d-46","gers":"60f5d200-1b8d-46f0-a37b-15b4b3240060","kind":"building","src":"overture","bbox":[-46.637605,-23.574392,-46.63712,-23.574084],"m2":928,"sites":["site-7ca7131324"]}},{"type":"Feature","geometry":{"type":"Polygon","coordinates":[[[5.3747707,43.3126308],[5.3745834,43.3124648],[5.374697,43.3123929],[5.3748108,43.3123196],[5.3750604,43.312499],[5.3748101,43.3126667],[5.3747707,43.3126308]]]},"properties":{"id":"fp-ovt-610da5a8-51fc-41","gers":"610da5a8-51fc-4178-aea7-44e63af84220","kind":"building","src":"overture","bbox":[5.374583,43.31232,5.37506,43.312667],"m2":745,"sites":["site-8f4811c71e"]}},{"type":"Feature","geometry":{"type":"Polygon","coordinates":[[[6.368842,45.267328],[6.3685745,45.2673623],[6.3685409,45.2672271],[6.368804,45.267192],[6.368842,45.267328]]]},"properties":{"id":"fp-ovt-619bfe46-2418-45","gers":"619bfe46-2418-456b-9b58-5305cb567a9c","kind":"building","src":"overture","bbox":[6.368541,45.267192,6.368842,45.267362],"m2":325,"sites":["site-7ef5e3676e"]}},{"type":"Feature","geometry":{"type":"Polygon","coordinates":[[[-46.7126575,-23.6332766],[-46.7125922,-23.6332083],[-46.7126744,-23.6331417],[-46.7127396,-23.6332101],[-46.7126575,-23.6332766]]]},"properties":{"id":"fp-ovt-61dafdb6-9e45-4c","gers":"61dafdb6-9e45-4c8b-ae03-19e8289ae1a0","kind":"building","src":"overture","bbox":[-46.71274,-23.633277,-46.712592,-23.633142],"m2":113,"sites":["site-f8a041cdb0"]}},{"type":"Feature","geometry":{"type":"Polygon","coordinates":[[[24.1382943,45.7995131],[24.1382047,45.7996036],[24.1380038,45.7995179],[24.1382909,45.799337],[24.1384229,45.7994387],[24.1383609,45.7994811],[24.1382955,45.7994339],[24.1382254,45.7994803],[24.1382943,45.7995131]]]},"properties":{"id":"fp-ovt-6239309b-76c5-43","gers":"6239309b-76c5-43eb-86d2-2e3714045d05","kind":"building","src":"overture","bbox":[24.138004,45.799337,24.138423,45.799604],"m2":389,"sites":["site-ec539b2dbd"]}},{"type":"Feature","geometry":{"type":"Polygon","coordinates":[[[-60.0120176,-3.1150908],[-60.011959,-3.1150939],[-60.0119524,-3.1149649],[-60.012011,-3.1149619],[-60.0120176,-3.1150908]]]},"properties":{"id":"fp-ovt-62555f2d-1a61-44","gers":"62555f2d-1a61-445c-857d-7ea7df49b278","kind":"building","src":"overture","bbox":[-60.012018,-3.115094,-60.011952,-3.114962],"m2":94,"sites":["site-23dbcca951"]}},{"type":"Feature","geometry":{"type":"Polygon","coordinates":[[[39.2404248,-6.771507],[39.2399664,-6.7711598],[39.2399118,-6.7712308],[39.2403702,-6.7715781],[39.2404248,-6.771507]]]},"properties":{"id":"fp-ovt-626b9469-5a24-4f","gers":"626b9469-5a24-4f39-acb1-d1b67b637583","kind":"building","src":"overture","bbox":[39.239912,-6.771578,39.240425,-6.77116],"m2":634,"sites":["site-2e55ec8791"]}},{"type":"Feature","geometry":{"type":"Polygon","coordinates":[[[110.4399014,-7.0721009],[110.4398315,-7.0720621],[110.439771,-7.0721694],[110.4398409,-7.0722082],[110.4399014,-7.0721009]]]},"properties":{"id":"fp-ovt-6304ad46-928a-4f","gers":"6304ad46-928a-4f0d-aea3-a22c4273a677","kind":"building","src":"overture","bbox":[110.439771,-7.072208,110.439901,-7.072062],"m2":121,"sites":["site-6b52d9afae"]}},{"type":"Feature","geometry":{"type":"Polygon","coordinates":[[[28.2934015,-15.4077572],[28.2936873,-15.4077118],[28.2936429,-15.4074525],[28.2934837,-15.4074778],[28.2935114,-15.4076403],[28.2933849,-15.4076604],[28.2934015,-15.4077572]]]},"properties":{"id":"fp-ovt-6307670f-0d3c-4b","gers":"6307670f-0d3c-4b07-b2c7-7172038d0764","kind":"building","src":"overture","bbox":[28.293385,-15.407757,28.293687,-15.407452],"m2":657,"sites":["site-fe00810ba7"]}},{"type":"Feature","geometry":{"type":"Polygon","coordinates":[[[121.433776,30.9899011],[121.434026,30.9899724],[121.4339984,30.9900442],[121.4337484,30.9899729],[121.433776,30.9899011]]]},"properties":{"id":"fp-ovt-630e2356-a147-48","gers":"630e2356-a147-48cb-af44-5a41bafce788","kind":"building","src":"overture","bbox":[121.433748,30.989901,121.434026,30.990044],"m2":212,"sites":["site-24cec1df76"]}},{"type":"Feature","geometry":{"type":"Polygon","coordinates":[[[76.639739,9.5699376],[76.6396967,9.5698064],[76.6397591,9.5697869],[76.6398014,9.5699181],[76.639739,9.5699376]]]},"properties":{"id":"fp-ovt-6331f618-9a9f-43","gers":"6331f618-9a9f-4365-a6d5-6cf681273f37","kind":"building","src":"overture","bbox":[76.639697,9.569787,76.639801,9.569938],"m2":110,"sites":["site-5e9437afd1"]}},{"type":"Feature","geometry":{"type":"Polygon","coordinates":[[[8.7903417,53.0939364],[8.7902896,53.0939136],[8.7904987,53.0937408],[8.7905501,53.0937633],[8.7907383,53.0938455],[8.7907578,53.0938294],[8.7908412,53.0938658],[8.7908222,53.0938815],[8.790613,53.0940543],[8.7905951,53.094069],[8.7905117,53.0940326],[8.7905292,53.0940182],[8.7903417,53.0939364]]]},"properties":{"id":"fp-ovt-6367dc61-2495-43","gers":"6367dc61-2495-43e0-8388-2cd481c10288","kind":"building","src":"overture","bbox":[8.79029,53.093741,8.790841,53.094069],"m2":664,"sites":["site-06d34eef9d"]}},{"type":"Feature","geometry":{"type":"Polygon","coordinates":[[[-61.5141302,10.6581706],[-61.5142646,10.6582856],[-61.5144477,10.6580652],[-61.5143135,10.6579542],[-61.5142597,10.6580201],[-61.5141302,10.6581706]]]},"properties":{"id":"fp-ovt-6379f012-a4e3-4a","gers":"6379f012-a4e3-4ae3-9a58-621bd9da8d8f","kind":"building","src":"overture","bbox":[-61.514448,10.657954,-61.51413,10.658286],"m2":607,"sites":["site-d1b0cda3ff"]}},{"type":"Feature","geometry":{"type":"Polygon","coordinates":[[[76.6709537,9.2450726],[76.6708806,9.2449903],[76.6710493,9.2448499],[76.6711174,9.2449392],[76.6709537,9.2450726]]]},"properties":{"id":"fp-ovt-638b8a73-4536-4c","gers":"638b8a73-4536-4cee-9abc-8a0d81fd37b4","kind":"building","src":"overture","bbox":[76.670881,9.24485,76.671117,9.245073],"m2":293,"sites":["site-1dea8c0885"]}},{"type":"Feature","geometry":{"type":"Polygon","coordinates":[[[-38.6185608,-3.739906],[-38.6185253,-3.7397399],[-38.6186019,-3.7397234],[-38.6186374,-3.7398895],[-38.6185608,-3.739906]]]},"properties":{"id":"fp-ovt-63cb41cd-bc8a-44","gers":"63cb41cd-bc8a-44d4-a766-5d03c6e7359e","kind":"building","src":"overture","bbox":[-38.618637,-3.739906,-38.618525,-3.739723],"m2":165,"sites":["site-09d82dcacc"]}},{"type":"Feature","geometry":{"type":"Polygon","coordinates":[[[11.5813368,50.9319298],[11.5816872,50.9319431],[11.5816723,50.9320985],[11.5817123,50.9321],[11.5817137,50.9320849],[11.5817356,50.9320857],[11.5817597,50.9320866],[11.5817585,50.9320996],[11.5818083,50.9321015],[11.5818229,50.9319494],[11.5821561,50.9319621],[11.5821299,50.9322353],[11.5818005,50.9322228],[11.5818078,50.9321459],[11.5816688,50.9321406],[11.5816617,50.9322144],[11.5813108,50.932201],[11.5813368,50.9319298]]]},"properties":{"id":"fp-ovt-63eaa11f-5838-4b","gers":"63eaa11f-5838-4bb3-ab87-e3172af70605","kind":"building","src":"overture","bbox":[11.581311,50.93193,11.582156,50.932235],"m2":1508,"sites":["site-dcdd2f4549"]}},{"type":"Feature","geometry":{"type":"Polygon","coordinates":[[[-0.3911095,52.5545614],[-0.3911095,52.5540721],[-0.3906481,52.5540787],[-0.3906503,52.5545539],[-0.3911095,52.5545614]]]},"properties":{"id":"fp-ovt-64463c10-12a0-4f","gers":"64463c10-12a0-4fe9-945f-1e1bfbaf0298","kind":"building","src":"overture","bbox":[-0.391109,52.554072,-0.390648,52.554561],"m2":1673,"sites":["site-1c620136b0"]}},{"type":"Feature","geometry":{"type":"Polygon","coordinates":[[[126.7110707,37.5181818],[126.7110645,37.5181178],[126.7103659,37.5181604],[126.7103545,37.5180432],[126.7110263,37.5180022],[126.7110201,37.5179383],[126.7103484,37.5179793],[126.710338,37.5178727],[126.7110367,37.5178301],[126.7110294,37.5177555],[126.7103308,37.5177981],[126.7103225,37.5177128],[126.7109809,37.5176727],[126.7109747,37.5176088],[126.7104373,37.5176415],[126.7104063,37.5173218],[126.7112393,37.5172711],[126.7112692,37.5175801],[126.7112423,37.5175817],[126.7112785,37.5179547],[126.7112516,37.5179564],[126.7112888,37.51834],[126.7109395,37.5183613],[126.7109426,37.5183932],[126.7110903,37.5183842],[126.71111,37.5185867],[126.7104113,37.5186293],[126.7103721,37.5182243],[126.7110707,37.5181818]]]},"properties":{"id":"fp-ovt-64dba719-10f3-4b","gers":"64dba719-10f3-4bcc-923b-a622694aa744","kind":"building","src":"overture","bbox":[126.710323,37.517271,126.711289,37.518629],"m2":9141,"sites":["site-aabacb0f44"]}},{"type":"Feature","geometry":{"type":"Polygon","coordinates":[[[90.3881176,23.7187674],[90.388237,23.718772],[90.3882321,23.7188799],[90.3881127,23.7188753],[90.3881176,23.7187674]]]},"properties":{"id":"fp-ovt-64f6553b-ca0d-40","gers":"64f6553b-ca0d-40d9-ae55-ddb71e83775f","kind":"building","src":"overture","bbox":[90.388113,23.718767,90.388237,23.71888],"m2":146,"sites":["site-4a166ea0aa"]}},{"type":"Feature","geometry":{"type":"Polygon","coordinates":[[[123.1981038,13.629679],[123.1980296,13.6297647],[123.1979554,13.6297041],[123.1980296,13.6296183],[123.1981038,13.629679]]]},"properties":{"id":"fp-ovt-66332e6c-a48c-43","gers":"66332e6c-a48c-4338-9a02-6871e1fc65cc","kind":"building","src":"overture","bbox":[123.197955,13.629618,123.198104,13.629765],"m2":131,"sites":["site-809079f444"]}},{"type":"Feature","geometry":{"type":"Polygon","coordinates":[[[104.8875271,11.5774829],[104.8875529,11.5774845],[104.8875504,11.5775233],[104.8875246,11.5775217],[104.8875271,11.5774829]]]},"properties":{"id":"fp-ovt-66522138-e785-47","gers":"66522138-e785-4704-9ac6-c29657a95ef6","kind":"building","src":"overture","bbox":[104.887525,11.577483,104.887553,11.577523],"m2":12,"sites":["site-639d7b3f2c"]}},{"type":"Feature","geometry":{"type":"Polygon","coordinates":[[[32.6185418,39.9783267],[32.61851,39.9782716],[32.6179032,39.9783979],[32.6176394,39.9779105],[32.6176691,39.9777847],[32.6185654,39.9778676],[32.6187853,39.9782981],[32.6185418,39.9783267]]]},"properties":{"id":"fp-ovt-6793d643-e43a-49","gers":"6793d643-e43a-49d8-85aa-33cff467a958","kind":"building","src":"overture","bbox":[32.617639,39.977785,32.618785,39.978398],"m2":4477,"sites":["site-c07128dbc6"]}},{"type":"Feature","geometry":{"type":"Polygon","coordinates":[[[-38.3265336,-12.9312285],[-38.3265805,-12.9311863],[-38.3266037,-12.9312112],[-38.3265568,-12.9312533],[-38.3265336,-12.9312285]]]},"properties":{"id":"fp-ovt-67f38122-010b-4f","gers":"67f38122-010b-4fea-89da-62606c7df9da","kind":"building","src":"overture","bbox":[-38.326604,-12.931253,-38.326534,-12.931186],"m2":26,"sites":["site-9465a6d160"]}},{"type":"Feature","geometry":{"type":"Polygon","coordinates":[[[-58.31252,-34.6883641],[-58.3124831,-34.6883322],[-58.312538,-34.6882893],[-58.3125749,-34.6883212],[-58.31252,-34.6883641]]]},"properties":{"id":"fp-ovt-6800e608-e76b-43","gers":"6800e608-e76b-4318-809c-7e4346c92248","kind":"building","src":"overture","bbox":[-58.312575,-34.688364,-58.312483,-34.688289],"m2":34,"sites":["site-1fb8e7a9eb","site-2ee354c1f9"]}},{"type":"Feature","geometry":{"type":"Polygon","coordinates":[[[98.6879452,3.5922762],[98.6878514,3.5925199],[98.6877749,3.5924906],[98.6878688,3.5922469],[98.6879452,3.5922762]]]},"properties":{"id":"fp-ovt-68076b2c-180d-4d","gers":"68076b2c-180d-4d8f-96c0-f0af7d8e3a69","kind":"building","src":"overture","bbox":[98.687775,3.592247,98.687945,3.59252],"m2":264,"sites":["site-02a75e9959"]}},{"type":"Feature","geometry":{"type":"Polygon","coordinates":[[[-40.2709741,-20.2216077],[-40.2708349,-20.2216025],[-40.2708403,-20.2214764],[-40.2708088,-20.2214752],[-40.2708154,-20.2213188],[-40.2709861,-20.2213253],[-40.2709741,-20.2216077]]]},"properties":{"id":"fp-ovt-686c0de7-306e-47","gers":"686c0de7-306e-47b1-a63b-444039c02e06","kind":"building","src":"overture","bbox":[-40.270986,-20.221608,-40.270809,-20.221319],"m2":515,"sites":["site-56ca161c6a"]}},{"type":"Feature","geometry":{"type":"Polygon","coordinates":[[[138.1993998,36.644948],[138.1994296,36.645417],[138.1991789,36.6454273],[138.1991491,36.6449582],[138.1993998,36.644948]]]},"properties":{"id":"fp-ovt-68c60402-93e4-42","gers":"68c60402-93e4-4204-9b60-b406981448de","kind":"building","src":"overture","bbox":[138.199149,36.644948,138.19943,36.645427],"m2":1172,"sites":["site-e06be3fb03"]}},{"type":"Feature","geometry":{"type":"Polygon","coordinates":[[[106.3422215,-6.2136311],[106.3421948,-6.2135851],[106.3421436,-6.2136145],[106.3421703,-6.2136605],[106.3422215,-6.2136311]]]},"properties":{"id":"fp-ovt-68dac918-c613-46","gers":"68dac918-c613-46ae-9a74-a914ee983548","kind":"building","src":"overture","bbox":[106.342144,-6.21366,106.342221,-6.213585],"m2":39,"sites":["site-b9a7b26b87"]}},{"type":"Feature","geometry":{"type":"Polygon","coordinates":[[[87.8696279,23.2494517],[87.8695505,23.249403],[87.8695942,23.2493443],[87.8696717,23.249393],[87.8696279,23.2494517]]]},"properties":{"id":"fp-ovt-68e51fab-21a0-40","gers":"68e51fab-21a0-4034-a928-7856491ab4ca","kind":"building","src":"overture","bbox":[87.869551,23.249344,87.869672,23.249452],"m2":76,"sites":["site-bf6525b180"]}},{"type":"Feature","geometry":{"type":"Polygon","coordinates":[[[101.6518273,2.9043477],[101.6518338,2.9043478],[101.6518334,2.9043654],[101.6519048,2.9043669],[101.651904,2.9044073],[101.6518261,2.9044056],[101.6518273,2.9043477]]]},"properties":{"id":"fp-ovt-69539cc5-98b6-44","gers":"69539cc5-98b6-44eb-9cdb-43a75b35b67f","kind":"building","src":"overture","bbox":[101.651826,2.904348,101.651905,2.904407],"m2":40,"sites":["site-ad168aac77"]}},{"type":"Feature","geometry":{"type":"Polygon","coordinates":[[[24.0123701,49.8290733],[24.0125932,49.8289416],[24.0126228,49.8289625],[24.0129112,49.8291657],[24.0132342,49.8293934],[24.0130171,49.8295216],[24.0128947,49.8294353],[24.0129887,49.8293798],[24.0125972,49.8291037],[24.0124971,49.8291628],[24.0123701,49.8290733]]]},"properties":{"id":"fp-ovt-69ca6417-7498-48","gers":"69ca6417-7498-4893-b507-1019950dc236","kind":"building","src":"overture","bbox":[24.01237,49.828942,24.013234,49.829522],"m2":1067,"sites":["site-27cbacff01"]}},{"type":"Feature","geometry":{"type":"Polygon","coordinates":[[[-76.8521456,-12.2948279],[-76.8520765,-12.2947204],[-76.852156,-12.2946709],[-76.8522252,-12.2947784],[-76.8521456,-12.2948279]]]},"properties":{"id":"fp-ovt-69f7c288-829a-4f","gers":"69f7c288-829a-4f5e-850c-3edf365a4ee7","kind":"building","src":"overture","bbox":[-76.852225,-12.294828,-76.852076,-12.294671],"m2":145,"sites":["site-44b79b6942"]}},{"type":"Feature","geometry":{"type":"Polygon","coordinates":[[[-73.3982011,41.1105752],[-73.398111,41.1105846],[-73.3981444,41.1107664],[-73.3982556,41.1107548],[-73.3982533,41.1107424],[-73.3982705,41.1107406],[-73.398253,41.1106449],[-73.398236,41.1106467],[-73.3982334,41.1106327],[-73.3982121,41.1106349],[-73.3982011,41.1105752]]]},"properties":{"id":"fp-ovt-6a16860c-629d-4f","gers":"6a16860c-629d-4fb8-8a86-6a828ba23056","kind":"building","src":"overture","bbox":[-73.39827,41.110575,-73.398111,41.110766],"m2":196,"sites":["site-f8eec2271f"]}},{"type":"Feature","geometry":{"type":"Polygon","coordinates":[[[-60.6405902,-32.9490277],[-60.6406052,-32.9490942],[-60.6404033,-32.9491317],[-60.6403894,-32.9490617],[-60.6405902,-32.9490277]]]},"properties":{"id":"fp-ovt-6a6f9f68-89f0-4d","gers":"6a6f9f68-89f0-4d40-8ec8-cb4771a47b08","kind":"building","src":"overture","bbox":[-60.640605,-32.949132,-60.640389,-32.949028],"m2":148,"sites":["site-95bd10acb7"]}},{"type":"Feature","geometry":{"type":"Polygon","coordinates":[[[-58.3445608,-26.3936538],[-58.3445624,-26.3936946],[-58.3445126,-26.3936962],[-58.344511,-26.3936554],[-58.3445608,-26.3936538]]]},"properties":{"id":"fp-ovt-6ac07df2-294f-46","gers":"6ac07df2-294f-46e2-9c55-5f86e72d1b7a","kind":"building","src":"overture","bbox":[-58.344562,-26.393696,-58.344511,-26.393654],"m2":23,"sites":["site-95d0f303ab"]}},{"type":"Feature","geometry":{"type":"Polygon","coordinates":[[[104.7482593,-2.9515216],[104.7480773,-2.9515979],[104.7481207,-2.951701],[104.7483026,-2.9516247],[104.7482593,-2.9515216]]]},"properties":{"id":"fp-ovt-6aec8ea1-ec47-4a","gers":"6aec8ea1-ec47-4ac2-9280-92312dd1fcfb","kind":"building","src":"overture","bbox":[104.748077,-2.951701,104.748303,-2.951522],"m2":273,"sites":["site-61fc5d35d5"]}},{"type":"Feature","geometry":{"type":"Polygon","coordinates":[[[20.3536057,44.8605548],[20.3536488,44.860569],[20.3536175,44.8606166],[20.3535744,44.8606024],[20.3536057,44.8605548]]]},"properties":{"id":"fp-ovt-6b0bb500-b883-48","gers":"6b0bb500-b883-48a3-a5b2-67cedf980ee8","kind":"building","src":"overture","bbox":[20.353574,44.860555,20.353649,44.860617],"m2":22,"sites":["site-f8aea8e0e0"]}},{"type":"Feature","geometry":{"type":"Polygon","coordinates":[[[80.5931086,16.5353478],[80.5929773,16.5353922],[80.5929569,16.5353368],[80.5930882,16.5352925],[80.5931086,16.5353478]]]},"properties":{"id":"fp-ovt-6b13f50c-1328-45","gers":"6b13f50c-1328-4519-930d-351e0535c1bb","kind":"building","src":"overture","bbox":[80.592957,16.535293,80.593109,16.535392],"m2":97,"sites":["site-224e2f9538"]}},{"type":"Feature","geometry":{"type":"Polygon","coordinates":[[[25.3322111,54.7346588],[25.3323387,54.7345934],[25.3324701,54.7346789],[25.3325012,54.7346629],[25.3325887,54.7347198],[25.33243,54.7348012],[25.3322111,54.7346588]]]},"properties":{"id":"fp-ovt-6b570fcd-b146-4a","gers":"6b570fcd-b146-4a73-8c61-50b31d6f2213","kind":"building","src":"overture","bbox":[25.332211,54.734593,25.332589,54.734801],"m2":255,"sites":["site-6021a47b55"]}},{"type":"Feature","geometry":{"type":"Polygon","coordinates":[[[76.5216441,9.2525674],[76.5216427,9.2526273],[76.5215866,9.2526259],[76.5215881,9.252566],[76.5216441,9.2525674]]]},"properties":{"id":"fp-ovt-6b851ee7-7393-46","gers":"6b851ee7-7393-46f0-8a25-9e660aa3567d","kind":"building","src":"overture","bbox":[76.521587,9.252566,76.521644,9.252627],"m2":41,"sites":["site-1c9cfb2b0b"]}},{"type":"Feature","geometry":{"type":"Polygon","coordinates":[[[77.2752777,28.5249178],[77.2754005,28.5249662],[77.2753645,28.5250368],[77.2752417,28.5249885],[77.2752777,28.5249178]]]},"properties":{"id":"fp-ovt-6bfb14ee-dea3-4f","gers":"6bfb14ee-dea3-4fba-96a0-de2393576434","kind":"building","src":"overture","bbox":[77.275242,28.524918,77.275401,28.525037],"m2":113,"sites":["site-cac0f5304c"]}},{"type":"Feature","geometry":{"type":"Polygon","coordinates":[[[-60.5655765,-33.8969352],[-60.5654534,-33.8969752],[-60.5654058,-33.896878],[-60.5655527,-33.8968298],[-60.5655619,-33.8968497],[-60.5655001,-33.8968696],[-60.5655001,-33.8968697],[-60.5655072,-33.8968845],[-60.5655074,-33.8968845],[-60.5655616,-33.8968671],[-60.5655617,-33.896867],[-60.5655568,-33.8968561],[-60.5656187,-33.8968364],[-60.5656538,-33.8969094],[-60.5655765,-33.8969352]]]},"properties":{"id":"fp-ovt-6cfccb5d-cdc8-42","gers":"6cfccb5d-cdc8-422b-8d54-35e157d96131","kind":"building","src":"overture","bbox":[-60.565654,-33.896975,-60.565406,-33.89683],"m2":208,"sites":["site-0e99c15b3a"]}},{"type":"Feature","geometry":{"type":"Polygon","coordinates":[[[90.3850909,23.752722],[90.3848382,23.7528006],[90.3847839,23.752676],[90.3850313,23.7525839],[90.3850909,23.752722]]]},"properties":{"id":"fp-ovt-6d3e017b-6297-43","gers":"6d3e017b-6297-439b-8a94-f96ae1da0ba6","kind":"building","src":"overture","bbox":[90.384784,23.752584,90.385091,23.752801],"m2":428,"sites":["site-37fc6fd8f0"]}},{"type":"Feature","geometry":{"type":"Polygon","coordinates":[[[21.4495999,41.9897928],[21.4494629,41.989676],[21.4501677,41.9892246],[21.4503521,41.9893801],[21.4502614,41.9894382],[21.4503328,41.9894999],[21.4498551,41.9898054],[21.4497814,41.9897417],[21.4496937,41.9897978],[21.4496504,41.9897605],[21.4495999,41.9897928]]]},"properties":{"id":"fp-ovt-6d4b2835-8992-40","gers":"6d4b2835-8992-40f2-a9ab-efaaa4c63219","kind":"building","src":"overture","bbox":[21.449463,41.989225,21.450352,41.989805],"m2":2214,"sites":["site-deb08df34f"]}},{"type":"Feature","geometry":{"type":"Polygon","coordinates":[[[-37.0495556,-10.916218],[-37.0495521,-10.9163517],[-37.0492477,-10.9163581],[-37.0492447,-10.9162205],[-37.0495556,-10.916218]]]},"properties":{"id":"fp-ovt-6db9ac24-b7ed-4d","gers":"6db9ac24-b7ed-4dec-8868-dbdc05790723","kind":"building","src":"overture","bbox":[-37.049556,-10.916358,-37.049245,-10.916218],"m2":508,"sites":["site-1d88f372c9","site-3ec2a8543e"]}},{"type":"Feature","geometry":{"type":"Polygon","coordinates":[[[-48.91874,-27.1078459],[-48.9186138,-27.1077886],[-48.9186642,-27.1076996],[-48.9187905,-27.107757],[-48.91874,-27.1078459]]]},"properties":{"id":"fp-ovt-6e091c80-5bb2-4c","gers":"6e091c80-5bb2-4c88-aa49-9fee9fc9c77e","kind":"building","src":"overture","bbox":[-48.918791,-27.107846,-48.918614,-27.1077],"m2":156,"sites":["site-81cd93d634"]}},{"type":"Feature","geometry":{"type":"Polygon","coordinates":[[[-46.6945943,-23.6071558],[-46.6945316,-23.6071727],[-46.6945118,-23.6071109],[-46.6945746,-23.6070939],[-46.6945943,-23.6071558]]]},"properties":{"id":"fp-ovt-6e270656-df65-45","gers":"6e270656-df65-45f4-b4c6-7224a44af97c","kind":"building","src":"overture","bbox":[-46.694594,-23.607173,-46.694512,-23.607094],"m2":48,"sites":["site-dc948aa486"]}},{"type":"Feature","geometry":{"type":"Polygon","coordinates":[[[84.2647673,25.2236337],[84.2649316,25.2238309],[84.2648472,25.223889],[84.2646829,25.2236919],[84.2647673,25.2236337]]]},"properties":{"id":"fp-ovt-6eb2c677-a1f6-46","gers":"6eb2c677-a1f6-46d9-9229-0fb176190243","kind":"building","src":"overture","bbox":[84.264683,25.223634,84.264932,25.223889],"m2":294,"sites":["site-28408a878e"]}},{"type":"Feature","geometry":{"type":"Polygon","coordinates":[[[37.6441314,55.8193184],[37.6442794,55.8192806],[37.6444459,55.8194861],[37.6433476,55.819767],[37.643179,55.8195589],[37.6433287,55.8195206],[37.6434035,55.8196129],[37.6437146,55.8195334],[37.6436807,55.8194915],[37.6438343,55.8194522],[37.6438726,55.8194993],[37.6442085,55.8194135],[37.6441314,55.8193184]]]},"properties":{"id":"fp-ovt-6f575020-b5e5-41","gers":"6f575020-b5e5-4188-80fd-2215db581d9e","kind":"building","src":"overture","bbox":[37.643179,55.819281,37.644446,55.819767],"m2":1336,"sites":["site-dbb9279760"]}},{"type":"Feature","geometry":{"type":"Polygon","coordinates":[[[19.9155541,50.0735101],[19.9155573,50.0735151],[19.9154784,50.073536],[19.9154749,50.0735303],[19.9154622,50.0735335],[19.9154543,50.0735211],[19.9154,50.0734347],[19.9153895,50.0734181],[19.9153298,50.0734346],[19.9153196,50.0734373],[19.9153078,50.0734403],[19.9152701,50.0733817],[19.9152806,50.0733788],[19.9152923,50.0733759],[19.9153569,50.0733596],[19.9153249,50.0733133],[19.9153275,50.0733127],[19.9153256,50.0733096],[19.9153418,50.0733054],[19.9153429,50.0733071],[19.9153999,50.0732922],[19.9153989,50.0732905],[19.9154146,50.0732863],[19.9154158,50.0732881],[19.915473,50.0732731],[19.9154719,50.0732713],[19.9154867,50.0732675],[19.9154914,50.0732748],[19.9154877,50.0732758],[19.9155149,50.0733187],[19.9155185,50.0733177],[19.9155228,50.0733246],[19.9155192,50.0733255],[19.9155466,50.0733688],[19.9155503,50.0733679],[19.9155547,50.0733748],[19.9155511,50.0733757],[19.9155783,50.0734188],[19.915582,50.0734178],[19.9155863,50.0734247],[19.9155827,50.0734256],[19.9156101,50.0734688],[19.9156138,50.0734678],[19.915618,50.0734745],[19.9156143,50.0734753],[19.9156248,50.0734917],[19.9155541,50.0735101]]]},"properties":{"id":"fp-ovt-6f839b6a-5bde-48","gers":"6f839b6a-5bde-486b-89a3-a0a6806e24ec","kind":"building","src":"overture","bbox":[19.91527,50.073268,19.915625,50.073536],"m2":381,"sites":["site-3316f67ac1"]}},{"type":"Feature","geometry":{"type":"Polygon","coordinates":[[[-58.4036434,-34.6408431],[-58.4036093,-34.6408333],[-58.4036341,-34.6407745],[-58.4036067,-34.6407666],[-58.4036215,-34.6407314],[-58.4036829,-34.6407493],[-58.4036434,-34.6408431]]]},"properties":{"id":"fp-ovt-6f8f298d-4dbc-41","gers":"6f8f298d-4dbc-4167-9311-33e5f60539d5","kind":"building","src":"overture","bbox":[-58.403683,-34.640843,-58.403607,-34.640731],"m2":48,"sites":["site-3d966222e5"]}},{"type":"Feature","geometry":{"type":"Polygon","coordinates":[[[140.0390806,35.6909071],[140.038735,35.6909467],[140.0386212,35.6903391],[140.0390481,35.690283],[140.0390725,35.6904745],[140.0388529,35.6904976],[140.0389342,35.6908575],[140.0390725,35.690841],[140.0390806,35.6909071]]]},"properties":{"id":"fp-ovt-6fb8a12e-40ad-45","gers":"6fb8a12e-40ad-4574-b01b-1e6511e03a60","kind":"building","src":"overture","bbox":[140.038621,35.690283,140.039081,35.690947],"m2":1797,"sites":["site-783c89f4f4"]}},{"type":"Feature","geometry":{"type":"Polygon","coordinates":[[[-68.8447725,-32.8842662],[-68.8448203,-32.8844454],[-68.8447462,-32.8844593],[-68.8447322,-32.8844067],[-68.8447654,-32.8844004],[-68.844756,-32.8843651],[-68.8446998,-32.8843756],[-68.8446901,-32.8843392],[-68.8446415,-32.8843483],[-68.8446269,-32.8842935],[-68.8447725,-32.8842662]]]},"properties":{"id":"fp-ovt-6fd39862-5762-41","gers":"6fd39862-5762-419b-92e0-59b25cb6e676","kind":"building","src":"overture","bbox":[-68.84482,-32.884459,-68.844627,-32.884266],"m2":184,"sites":["site-6269d0d7ba"]}},{"type":"Feature","geometry":{"type":"Polygon","coordinates":[[[-64.2012883,-31.4622423],[-64.2012295,-31.4620177],[-64.2015346,-31.461959],[-64.2015595,-31.4620541],[-64.2016014,-31.462046],[-64.2016269,-31.4621437],[-64.2013959,-31.4621881],[-64.2014042,-31.46222],[-64.2012883,-31.4622423]]]},"properties":{"id":"fp-ovt-70220ded-a30f-4e","gers":"70220ded-a30f-4ed4-aa40-2659485fbd6f","kind":"building","src":"overture","bbox":[-64.201627,-31.462242,-64.201229,-31.461959],"m2":739,"sites":["site-d6f1ec3cf1"]}},{"type":"Feature","geometry":{"type":"Polygon","coordinates":[[[-149.9121376,61.1887922],[-149.912138,61.188946],[-149.9124434,61.1889473],[-149.9124465,61.1887928],[-149.9124013,61.1887913],[-149.9121376,61.1887922]]]},"properties":{"id":"fp-ovt-70b3de40-762c-40","gers":"70b3de40-762c-4059-acb7-c597a2275e44","kind":"building","src":"overture","bbox":[-149.912446,61.188791,-149.912138,61.188947],"m2":284,"sites":["site-bcfc301f48"]}},{"type":"Feature","geometry":{"type":"Polygon","coordinates":[[[11.4572943,3.8814015],[11.457156,3.8814042],[11.457153,3.8813089],[11.4572927,3.8813078],[11.4572943,3.8814015]]]},"properties":{"id":"fp-ovt-70caf945-c050-48","gers":"70caf945-c050-4837-9978-097d2d77714e","kind":"building","src":"overture","bbox":[11.457153,3.881308,11.457294,3.881404],"m2":162,"sites":["site-29b5b909eb"]}},{"type":"Feature","geometry":{"type":"Polygon","coordinates":[[[-62.8231585,17.9067979],[-62.8232473,17.9067642],[-62.8231854,17.9066165],[-62.8230966,17.9066502],[-62.8231585,17.9067979]]]},"properties":{"id":"fp-ovt-70ddb27c-cde8-48","gers":"70ddb27c-cde8-4835-86aa-d7517f92729b","kind":"building","src":"overture","bbox":[-62.823247,17.906616,-62.823097,17.906798],"m2":179,"sites":["site-faeacf826a"]}},{"type":"Feature","geometry":{"type":"Polygon","coordinates":[[[-97.8019494,19.4257819],[-97.8018342,19.4257775],[-97.8018287,19.4259063],[-97.8018957,19.4259088],[-97.8018956,19.4259114],[-97.8019438,19.4259132],[-97.8019494,19.4257819]]]},"properties":{"id":"fp-ovt-716d660d-c1df-48","gers":"716d660d-c1df-48b0-87dd-b781e9d2bd4e","kind":"building","src":"overture","bbox":[-97.801949,19.425777,-97.801829,19.425913],"m2":175,"sites":["site-2cd3579d10"]}},{"type":"Feature","geometry":{"type":"Polygon","coordinates":[[[119.125239,36.6700388],[119.1250803,36.670027],[119.1250656,36.6700084],[119.1250693,36.6699868],[119.1250888,36.6699731],[119.1251413,36.6695999],[119.1251633,36.6696029],[119.1251633,36.6695823],[119.1251829,36.6695666],[119.1252183,36.6695696],[119.1252342,36.6695921],[119.1252342,36.6696078],[119.1253111,36.6696097],[119.1252469,36.6699917],[119.125239,36.6700388]]]},"properties":{"id":"fp-ovt-71c3268e-003e-4e","gers":"71c3268e-003e-4e10-b0a7-f22f93d70a04","kind":"building","src":"overture","bbox":[119.125066,36.669567,119.125311,36.670039],"m2":731,"sites":["site-26842d35e4"]}},{"type":"Feature","geometry":{"type":"Polygon","coordinates":[[[75.5829389,31.3210198],[75.5826157,31.3209891],[75.5826301,31.3208782],[75.5826911,31.320884],[75.582694,31.3208614],[75.5828821,31.3208792],[75.5828862,31.3208476],[75.5829604,31.3208546],[75.5829389,31.3210198]]]},"properties":{"id":"fp-ovt-721e57f8-85c3-45","gers":"721e57f8-85c3-45fa-ba67-9f74226f5f39","kind":"building","src":"overture","bbox":[75.582616,31.320848,75.58296,31.32102],"m2":473,"sites":["site-50d84fe1d4"]}},{"type":"Feature","geometry":{"type":"Polygon","coordinates":[[[144.8337959,13.515756],[144.8337556,13.5157078],[144.8338483,13.5156346],[144.8338886,13.5156828],[144.8337959,13.515756]]]},"properties":{"id":"fp-ovt-72d0a929-8766-47","gers":"72d0a929-8766-47a2-a519-4f3665532385","kind":"building","src":"overture","bbox":[144.833756,13.515635,144.833889,13.515756],"m2":89,"sites":["site-f7dc6eb359"]}},{"type":"Feature","geometry":{"type":"Polygon","coordinates":[[[-62.2754617,-38.6939305],[-62.2753706,-38.6938574],[-62.2754558,-38.6937922],[-62.2755469,-38.6938653],[-62.2754617,-38.6939305]]]},"properties":{"id":"fp-ovt-73325969-8ac5-4f","gers":"73325969-8ac5-4f49-a8f3-4ef01e6e80a2","kind":"building","src":"overture","bbox":[-62.275547,-38.693931,-62.275371,-38.693792],"m2":118,"sites":["site-2833f897c6"]}},{"type":"Feature","geometry":{"type":"Polygon","coordinates":[[[79.9092714,23.1825912],[79.9093385,23.1825998],[79.9093176,23.1827392],[79.9092504,23.1827306],[79.9092714,23.1825912]]]},"properties":{"id":"fp-ovt-733fb315-2898-43","gers":"733fb315-2898-4303-9eea-3a3f8815d7c3","kind":"building","src":"overture","bbox":[79.90925,23.182591,79.909339,23.182739],"m2":109,"sites":["site-bf0bcfa303"]}},{"type":"Feature","geometry":{"type":"Polygon","coordinates":[[[100.5390285,13.7252024],[100.5388237,13.7251444],[100.538953,13.7247138],[100.5391577,13.7247718],[100.5390285,13.7252024]]]},"properties":{"id":"fp-ovt-7390c5ec-53e6-43","gers":"7390c5ec-53e6-4334-95bf-fc6905620a58","kind":"building","src":"overture","bbox":[100.538824,13.724714,100.539158,13.725202],"m2":1152,"sites":["site-6c3eb4da3d"]}},{"type":"Feature","geometry":{"type":"Polygon","coordinates":[[[29.0025592,41.0699724],[29.0024015,41.069984],[29.002386,41.0698652],[29.0025437,41.0698535],[29.0025592,41.0699724]]]},"properties":{"id":"fp-ovt-73accdb2-be29-49","gers":"73accdb2-be29-49cb-9da1-1028cfe94e59","kind":"building","src":"overture","bbox":[29.002386,41.069854,29.002559,41.069984],"m2":177,"sites":["site-16eddb17fd"]}},{"type":"Feature","geometry":{"type":"Polygon","coordinates":[[[24.731343,59.4293267],[24.7312791,59.4293161],[24.7311883,59.4293003],[24.7312431,59.429219],[24.7312941,59.4292282],[24.7313332,59.4291719],[24.7313794,59.4291044],[24.731364,59.4291022],[24.7313819,59.4290785],[24.7317068,59.4291357],[24.7316008,59.4292851],[24.7315776,59.4293177],[24.7313776,59.4292815],[24.731343,59.4293267]]]},"properties":{"id":"fp-ovt-73b14868-9a6d-4c","gers":"73b14868-9a6d-4cae-bb93-5d29cdbabdb5","kind":"building","src":"overture","bbox":[24.731188,59.429079,24.731707,59.429327],"m2":464,"sites":["site-b232742bb2"]}},{"type":"Feature","geometry":{"type":"Polygon","coordinates":[[[30.5018736,50.4455513],[30.5022043,50.4454968],[30.5022677,50.4456554],[30.5019482,50.4457085],[30.5019355,50.4457105],[30.5018736,50.4455513]]]},"properties":{"id":"fp-ovt-73bd979f-2f3c-4b","gers":"73bd979f-2f3c-4bc8-bebf-29d5ba3e1180","kind":"building","src":"overture","bbox":[30.501874,50.445497,30.502268,50.44571],"m2":443,"sites":["site-e921e50ced"]}},{"type":"Feature","geometry":{"type":"Polygon","coordinates":[[[-35.2138658,-5.8372805],[-35.2138598,-5.8373332],[-35.2138121,-5.8373278],[-35.2138182,-5.8372751],[-35.2138658,-5.8372805]]]},"properties":{"id":"fp-ovt-73e13a24-844d-41","gers":"73e13a24-844d-41f9-a306-29f0d3812b85","kind":"building","src":"overture","bbox":[-35.213866,-5.837333,-35.213812,-5.837275],"m2":31,"sites":["site-f483ff1959"]}},{"type":"Feature","geometry":{"type":"Polygon","coordinates":[[[-51.1907098,-30.0172761],[-51.1906184,-30.017272],[-51.190619,-30.0172643],[-51.1906242,-30.0172644],[-51.190625,-30.01725],[-51.1906042,-30.0172494],[-51.1906057,-30.017223],[-51.1906445,-30.0172252],[-51.1906445,-30.0172164],[-51.1906383,-30.0172165],[-51.1906407,-30.017187],[-51.190647,-30.0171879],[-51.1906592,-30.0170752],[-51.1908132,-30.0170861],[-51.1908037,-30.0171875],[-51.190811,-30.017188],[-51.1908087,-30.0172135],[-51.190801,-30.017213],[-51.1907986,-30.017239],[-51.1907864,-30.0172386],[-51.1907434,-30.0172368],[-51.1907147,-30.0172591],[-51.1907103,-30.0172599],[-51.1907098,-30.0172761]]]},"properties":{"id":"fp-ovt-74159a93-f2fd-41","gers":"74159a93-f2fd-4132-a3b9-336ac205812d","kind":"building","src":"overture","bbox":[-51.190813,-30.017276,-51.190604,-30.017075],"m2":313,"sites":["site-744a4325ab"]}},{"type":"Feature","geometry":{"type":"Polygon","coordinates":[[[107.2540076,-6.4039505],[107.2539263,-6.4038263],[107.2538743,-6.4038603],[107.2539556,-6.4039846],[107.2540076,-6.4039505]]]},"properties":{"id":"fp-ovt-74592c9d-5a81-40","gers":"74592c9d-5a81-40b0-a9dd-9b5cb67dd69b","kind":"building","src":"overture","bbox":[107.253874,-6.403985,107.254008,-6.403826],"m2":114,"sites":["site-a5aff07f41"]}},{"type":"Feature","geometry":{"type":"Polygon","coordinates":[[[-81.3857356,28.614401],[-81.3855452,28.614402],[-81.3855469,28.6146501],[-81.3850132,28.614653],[-81.3850147,28.614879],[-81.3855179,28.6148763],[-81.3855181,28.6148966],[-81.3857648,28.6148953],[-81.3857638,28.6147479],[-81.385738,28.614748],[-81.3857356,28.614401]]]},"properties":{"id":"fp-ovt-7495a64e-9d91-49","gers":"7495a64e-9d91-4904-9a9f-81506b1efbaf","kind":"building","src":"overture","bbox":[-81.385765,28.614401,-81.385013,28.614897],"m2":2385,"sites":["site-6f1f2ae365"]}},{"type":"Feature","geometry":{"type":"Polygon","coordinates":[[[-47.920824,-15.825466],[-47.920802,-15.82545],[-47.921271,-15.824839],[-47.92136,-15.824903],[-47.921255,-15.825038],[-47.921275,-15.825052],[-47.92125,-15.825085],[-47.921229,-15.825071],[-47.92102,-15.825342],[-47.921039,-15.825356],[-47.921014,-15.82539],[-47.920994,-15.825376],[-47.920888,-15.825512],[-47.920824,-15.825466]]]},"properties":{"id":"fp-ovt-74a4d28a-0412-47","gers":"74a4d28a-0412-47ed-945d-b9b5afe376c4","kind":"building","src":"overture","bbox":[-47.92136,-15.825512,-47.920802,-15.824839],"m2":1014,"sites":["site-6b42041245"]}},{"type":"Feature","geometry":{"type":"Polygon","coordinates":[[[-47.892359,-15.786704],[-47.892431,-15.787029],[-47.892216,-15.787071],[-47.892115,-15.787091],[-47.892045,-15.786767],[-47.892057,-15.786765],[-47.892359,-15.786704]],[[-47.892182,-15.786924],[-47.892187,-15.786945],[-47.892318,-15.78692],[-47.892303,-15.786847],[-47.892191,-15.786868],[-47.892192,-15.786873],[-47.892192,-15.786872],[-47.892195,-15.78689],[-47.892218,-15.786885],[-47.892224,-15.786916],[-47.892182,-15.786924]]]},"properties":{"id":"fp-ovt-752a2bd1-4158-43","gers":"752a2bd1-4158-4379-a111-49433fc5263b","kind":"building","src":"overture","bbox":[-47.892431,-15.787091,-47.892045,-15.786704],"m2":1173,"sites":["site-c104fefae0"]}},{"type":"Feature","geometry":{"type":"Polygon","coordinates":[[[110.4997623,-7.3409628],[110.4995957,-7.3409431],[110.4995815,-7.3410618],[110.499748,-7.3410815],[110.4997623,-7.3409628]]]},"properties":{"id":"fp-ovt-759483cd-2466-49","gers":"759483cd-2466-493a-ac87-aafae91cd6a7","kind":"building","src":"overture","bbox":[110.499582,-7.341081,110.499762,-7.340943],"m2":246,"sites":["site-0372946e22"]}},{"type":"Feature","geometry":{"type":"Polygon","coordinates":[[[69.3130285,41.3249895],[69.3128556,41.32503],[69.3127631,41.3248071],[69.312936,41.3247666],[69.3130285,41.3249895]]]},"properties":{"id":"fp-ovt-76b6a510-3759-4a","gers":"76b6a510-3759-4a6a-b0c5-583ed81e93fa","kind":"building","src":"overture","bbox":[69.312763,41.324767,69.313029,41.32503],"m2":394,"sites":["site-dd3ea3470d"]}},{"type":"Feature","geometry":{"type":"Polygon","coordinates":[[[31.2544323,30.0914786],[31.254285,30.0914739],[31.254289,30.0913788],[31.2544363,30.0913835],[31.2544323,30.0914786]]]},"properties":{"id":"fp-ovt-76cb8a7a-f4df-46","gers":"76cb8a7a-f4df-4685-9223-595bd4b459d8","kind":"building","src":"overture","bbox":[31.254285,30.091379,31.254436,30.091479],"m2":150,"sites":["site-5b8dcbe560"]}},{"type":"Feature","geometry":{"type":"Polygon","coordinates":[[[-69.3332943,10.0801231],[-69.333218,10.0801407],[-69.3332388,10.0802268],[-69.3333146,10.0802093],[-69.3332943,10.0801231]]]},"properties":{"id":"fp-ovt-76e1060b-ab17-43","gers":"76e1060b-ab17-43af-84cb-498c4f633d1e","kind":"building","src":"overture","bbox":[-69.333315,10.080123,-69.333218,10.080227],"m2":84,"sites":["site-b9cef15341"]}},{"type":"Feature","geometry":{"type":"Polygon","coordinates":[[[80.6781333,16.506095],[80.677794,16.5062429],[80.6777394,16.5061279],[80.6780787,16.50598],[80.6781333,16.506095]]]},"properties":{"id":"fp-ovt-76e2f7b7-6c74-4c","gers":"76e2f7b7-6c74-4c7a-932e-2688a6ef2243","kind":"building","src":"overture","bbox":[80.677739,16.50598,80.678133,16.506243],"m2":560,"sites":["site-372e331a01"]}},{"type":"Feature","geometry":{"type":"Polygon","coordinates":[[[24.1708939,56.9912433],[24.1713008,56.9913932],[24.1710767,56.9915932],[24.17097,56.9916885],[24.1706741,56.9919526],[24.1701203,56.9916335],[24.1696608,56.9914084],[24.1695359,56.9913473],[24.1693315,56.9911302],[24.1692525,56.9910463],[24.1696718,56.9909394],[24.1703267,56.9907707],[24.1704451,56.9908693],[24.1708939,56.9912433]],[[24.1701023,56.9909439],[24.1696616,56.9910569],[24.1698463,56.991237],[24.1698968,56.9912641],[24.1702908,56.991095],[24.1701023,56.9909439]],[[24.1705425,56.9912968],[24.170379,56.9911657],[24.1700113,56.9913234],[24.1702735,56.9914664],[24.1705425,56.9912968]],[[24.1709506,56.9914944],[24.1706922,56.9913902],[24.1704388,56.9915573],[24.1707018,56.9917039],[24.1709506,56.9914944]]]},"properties":{"id":"fp-ovt-7707af8b-8000-42","gers":"7707af8b-8000-42c3-ae83-2f6691b2aad1","kind":"building","src":"overture","bbox":[24.169252,56.990771,24.171301,56.991953],"m2":6089,"sites":["site-f82564af98"]}},{"type":"Feature","geometry":{"type":"Polygon","coordinates":[[[135.4953088,34.67562],[135.4953403,34.6755952],[135.4958694,34.6755621],[135.4959042,34.6755891],[135.4959016,34.6758394],[135.495862,34.6758687],[135.4953423,34.6759023],[135.4953034,34.6758747],[135.4953088,34.67562]]]},"properties":{"id":"fp-ovt-77221e87-0d56-45","gers":"77221e87-0d56-4502-9c8f-b4fab74033f6","kind":"building","src":"overture","bbox":[135.495303,34.675562,135.495904,34.675902],"m2":1845,"sites":["site-2a02f7731c"]}},{"type":"Feature","geometry":{"type":"Polygon","coordinates":[[[-2.0587718,51.8943003],[-2.0593333,51.89454],[-2.0595372,51.8943581],[-2.059323,51.8942667],[-2.059316,51.8942729],[-2.059133,51.8941948],[-2.0590961,51.8942277],[-2.0589317,51.8941576],[-2.0587718,51.8943003]]]},"properties":{"id":"fp-ovt-77cdbcca-3fcd-47","gers":"77cdbcca-3fcd-4738-aa18-edf5fb696f4c","kind":"building","src":"overture","bbox":[-2.059537,51.894158,-2.058772,51.89454],"m2":1069,"sites":["site-8da43e2d53","site-ecca0823fb"]}},{"type":"Feature","geometry":{"type":"Polygon","coordinates":[[[26.534516,55.8722005],[26.5342186,55.872371],[26.5340703,55.8722896],[26.5343677,55.8721191],[26.534516,55.8722005]]]},"properties":{"id":"fp-ovt-784d8493-37a6-49","gers":"784d8493-37a6-49f9-81a8-24140fd9954c","kind":"building","src":"overture","bbox":[26.53407,55.872119,26.534516,55.872371],"m2":344,"sites":["site-0501de7516"]}},{"type":"Feature","geometry":{"type":"Polygon","coordinates":[[[88.4563591,22.6131038],[88.4563912,22.6131091],[88.4563853,22.6131398],[88.4563532,22.6131345],[88.4563591,22.6131038]]]},"properties":{"id":"fp-ovt-787cd9bd-a233-4d","gers":"787cd9bd-a233-4d5f-b4bf-47ee045ff5eb","kind":"building","src":"overture","bbox":[88.456353,22.613104,88.456391,22.61314],"m2":12,"sites":["site-9a391a8897"]}},{"type":"Feature","geometry":{"type":"Polygon","coordinates":[[[-0.1962462,5.5520144],[-0.1960398,5.5519294],[-0.1960104,5.5519901],[-0.1962187,5.5520771],[-0.1962462,5.5520144]]]},"properties":{"id":"fp-ovt-7883aa92-4702-49","gers":"7883aa92-4702-4923-91c0-e61a29ffb61c","kind":"building","src":"overture","bbox":[-0.196246,5.551929,-0.19601,5.552077],"m2":188,"sites":["site-38ff640777"]}},{"type":"Feature","geometry":{"type":"Polygon","coordinates":[[[15.3886455,40.0199651],[15.3886867,40.0199829],[15.3886615,40.0200172],[15.3886203,40.0199995],[15.3886455,40.0199651]]]},"properties":{"id":"fp-ovt-789a94fd-0226-4d","gers":"789a94fd-0226-4d00-9919-6a539e6a2c09","kind":"building","src":"overture","bbox":[15.38862,40.019965,15.388687,40.020017],"m2":18,"sites":["site-85b1b9d152"]}},{"type":"Feature","geometry":{"type":"Polygon","coordinates":[[[-43.3058314,-22.7913564],[-43.3058291,-22.791353],[-43.3058495,-22.7913406],[-43.3057837,-22.7912472],[-43.3059306,-22.7911583],[-43.3059987,-22.7912551],[-43.3058314,-22.7913564]]]},"properties":{"id":"fp-ovt-78dacd96-0b7e-42","gers":"78dacd96-0b7e-4296-9469-ab70d02c2bc2","kind":"building","src":"overture","bbox":[-43.305999,-22.791356,-43.305784,-22.791158],"m2":233,"sites":["site-a86e7a1782"]}},{"type":"Feature","geometry":{"type":"Polygon","coordinates":[[[-119.8116688,39.5231833],[-119.811481,39.5227198],[-119.8108788,39.5228706],[-119.8109185,39.5229617],[-119.8110812,39.5230241],[-119.8111625,39.5230014],[-119.8115837,39.5231834],[-119.8116688,39.5231833]]]},"properties":{"id":"fp-ovt-790663fc-d94d-4f","gers":"790663fc-d94d-4f0d-bad7-b1da204fdf47","kind":"building","src":"overture","bbox":[-119.811669,39.52272,-119.810879,39.523183],"m2":1754,"sites":["site-7710a76dca"]}},{"type":"Feature","geometry":{"type":"Polygon","coordinates":[[[7.499807,51.491094],[7.4996605,51.4910588],[7.4996983,51.4909965],[7.4996853,51.4909933],[7.4997174,51.4909375],[7.4997463,51.4908872],[7.4999169,51.4909295],[7.4999312,51.4909309],[7.4999089,51.4909643],[7.4998887,51.4909594],[7.499807,51.491094]]]},"properties":{"id":"fp-ovt-7937bfa7-a7ac-43","gers":"7937bfa7-a7ac-43a3-aeb2-79847b04e997","kind":"building","src":"overture","bbox":[7.499661,51.490887,7.499931,51.491094],"m2":236,"sites":["site-8160859424"]}},{"type":"Feature","geometry":{"type":"Polygon","coordinates":[[[9.3171153,40.3129792],[9.3172788,40.3129356],[9.3173453,40.3130823],[9.3171695,40.3131291],[9.3171427,40.3130701],[9.3171551,40.3130667],[9.3171153,40.3129792]]]},"properties":{"id":"fp-ovt-79641afc-7c09-4d","gers":"79641afc-7c09-4d43-910a-8ad8ef58464e","kind":"building","src":"overture","bbox":[9.317115,40.312936,9.317345,40.313129],"m2":262,"sites":["site-2c2d4a7a83"]}},{"type":"Feature","geometry":{"type":"Polygon","coordinates":[[[-86.803385,36.1890398],[-86.8038165,36.1889804],[-86.8037233,36.1885394],[-86.8032918,36.1885988],[-86.803385,36.1890398]]]},"properties":{"id":"fp-ovt-798f3c85-72a0-43","gers":"798f3c85-72a0-431a-82cf-b8872d27d805","kind":"building","src":"overture","bbox":[-86.803816,36.188539,-86.803292,36.18904],"m2":1959,"sites":["site-2ca765ad43"]}},{"type":"Feature","geometry":{"type":"Polygon","coordinates":[[[8.3119501,47.0788649],[8.3119221,47.0788346],[8.3118545,47.0788611],[8.311786,47.0788189],[8.311804,47.0787376],[8.3118993,47.0786958],[8.3120205,47.0787111],[8.3120196,47.0787444],[8.3121205,47.0786959],[8.312338,47.0789079],[8.3122315,47.0789578],[8.3122828,47.0789705],[8.3122592,47.0790499],[8.3121642,47.0790957],[8.3120741,47.0790832],[8.3120128,47.0790181],[8.3120755,47.0789912],[8.3120443,47.0789606],[8.312023,47.0789677],[8.3119744,47.0789181],[8.311934,47.0788699],[8.3119501,47.0788649]]]},"properties":{"id":"fp-ovt-7a0f7885-e48b-44","gers":"7a0f7885-e48b-4471-8536-69787c21bd0c","kind":"building","src":"overture","bbox":[8.311786,47.078696,8.312338,47.079096],"m2":1003,"sites":["site-86b2687d0c"]}},{"type":"Feature","geometry":{"type":"Polygon","coordinates":[[[-0.0892265,52.3015424],[-0.0891986,52.3016237],[-0.0894119,52.3016511],[-0.0894399,52.3015698],[-0.0892265,52.3015424]]]},"properties":{"id":"fp-ovt-7a6614f1-db47-4d","gers":"7a6614f1-db47-4de4-9e40-f7862c7f3957","kind":"building","src":"overture","bbox":[-0.08944,52.301542,-0.089199,52.301651],"m2":137,"sites":["site-eb7b4809b2"]}},{"type":"Feature","geometry":{"type":"Polygon","coordinates":[[[-8.1137851,38.0593623],[-8.1137779,38.0593679],[-8.1137192,38.0593213],[-8.1136342,38.0593877],[-8.1138166,38.0595326],[-8.1139089,38.0594606],[-8.1137851,38.0593623]]]},"properties":{"id":"fp-ovt-7aef2355-ca11-4e","gers":"7aef2355-ca11-4e89-8312-296260113df3","kind":"building","src":"overture","bbox":[-8.113909,38.059321,-8.113634,38.059533],"m2":252,"sites":["site-aa18f467e9"]}},{"type":"Feature","geometry":{"type":"Polygon","coordinates":[[[23.6017252,46.7944898],[23.6015055,46.7943913],[23.6015284,46.7943674],[23.6015593,46.7943812],[23.6015798,46.7943598],[23.6017686,46.7944445],[23.6017252,46.7944898]]]},"properties":{"id":"fp-ovt-7af06751-8fc6-45","gers":"7af06751-8fc6-45ed-be5d-0dae4b399fe5","kind":"building","src":"overture","bbox":[23.601505,46.79436,23.601769,46.79449],"m2":113,"sites":["site-f9a7f0bea2"]}},{"type":"Feature","geometry":{"type":"Polygon","coordinates":[[[10.0160709,53.6376719],[10.0160124,53.6377667],[10.0158259,53.6377236],[10.0158741,53.63764],[10.0154345,53.6375445],[10.0153531,53.6376638],[10.0151417,53.6376177],[10.0149303,53.6375716],[10.0150031,53.6374613],[10.0150514,53.6374732],[10.0150748,53.6374361],[10.0150967,53.637441],[10.0152849,53.6374826],[10.015321,53.6374245],[10.0155636,53.6370387],[10.0156351,53.6369239],[10.0157517,53.6367385],[10.0158105,53.6367536],[10.0159679,53.6364966],[10.0166719,53.6366555],[10.0165789,53.6367002],[10.0165628,53.6367297],[10.0165467,53.6367592],[10.0163876,53.6367238],[10.0162571,53.6369202],[10.0164171,53.6369563],[10.0163364,53.637082],[10.0163421,53.637108],[10.0163325,53.6371236],[10.0163228,53.6371393],[10.0162932,53.6371595],[10.0162211,53.6372806],[10.0160656,53.6372456],[10.0159702,53.6373842],[10.0162142,53.6374399],[10.0161067,53.6376139],[10.0161255,53.637618],[10.0161076,53.637647],[10.0160897,53.637676],[10.0160709,53.6376719]],[[10.0161921,53.6370197],[10.0159799,53.6369712],[10.0159005,53.6370932],[10.0161127,53.6371417],[10.0161921,53.6370197]]]},"properties":{"id":"fp-ovt-7bb84c33-2212-43","gers":"7bb84c33-2212-438d-9731-0c83bce70215","kind":"building","src":"overture","bbox":[10.01493,53.636497,10.016672,53.637767],"m2":6058,"sites":["site-7ba8b14f48"]}},{"type":"Feature","geometry":{"type":"Polygon","coordinates":[[[-70.6111106,19.340263],[-70.611187,19.3403063],[-70.6112542,19.340214],[-70.611171,19.3401641],[-70.6111106,19.340263]]]},"properties":{"id":"fp-ovt-7c6d4a25-7cdf-46","gers":"7c6d4a25-7cdf-4614-947b-733dfe36ce71","kind":"building","src":"overture","bbox":[-70.611254,19.340164,-70.611111,19.340306],"m2":124,"sites":["site-5da79c5660"]}},{"type":"Feature","geometry":{"type":"Polygon","coordinates":[[[-64.2700744,-36.6261517],[-64.270234,-36.6261509],[-64.2702355,-36.6263299],[-64.2700758,-36.6263307],[-64.2700744,-36.6261517]]]},"properties":{"id":"fp-ovt-7c80ba3a-8338-4a","gers":"7c80ba3a-8338-4a5d-a68e-64c54f48bd76","kind":"building","src":"overture","bbox":[-64.270235,-36.626331,-64.270074,-36.626151],"m2":284,"sites":["site-c016df5f6d"]}},{"type":"Feature","geometry":{"type":"Polygon","coordinates":[[[100.6518126,13.6633983],[100.651824,13.6634517],[100.6517418,13.6634685],[100.6517304,13.6634151],[100.6518126,13.6633983]]]},"properties":{"id":"fp-ovt-7ca93781-b083-46","gers":"7ca93781-b083-46ab-b413-e3a135a857b3","kind":"building","src":"overture","bbox":[100.65173,13.663398,100.651824,13.663469],"m2":55,"sites":["site-ebac89bfd0"]}},{"type":"Feature","geometry":{"type":"Polygon","coordinates":[[[81.012792,26.8672969],[81.0129458,26.8677464],[81.0126812,26.8678192],[81.0126674,26.8677788],[81.0125523,26.8678105],[81.0124688,26.8675665],[81.012449,26.867572],[81.0124307,26.8675185],[81.0124505,26.867513],[81.0124123,26.8674015],[81.012792,26.8672969]]]},"properties":{"id":"fp-ovt-7cc6a7a7-0c1b-49","gers":"7cc6a7a7-0c1b-49a4-b502-c849f1942c3e","kind":"building","src":"overture","bbox":[81.012412,26.867297,81.012946,26.867819],"m2":2021,"sites":["site-85e7b0393b","site-b757c9ba73"]}},{"type":"Feature","geometry":{"type":"Polygon","coordinates":[[[23.2249887,43.4061519],[23.2251374,43.4060687],[23.2251698,43.4060518],[23.22521,43.4060908],[23.2252303,43.4060854],[23.2252973,43.4061507],[23.2252902,43.4061546],[23.2253397,43.4062028],[23.2253337,43.406206],[23.2253609,43.4062324],[23.2253117,43.4062592],[23.2251769,43.4063325],[23.2249887,43.4061519]]]},"properties":{"id":"fp-ovt-7d07415c-aa9f-4e","gers":"7d07415c-aa9f-4ec4-85f4-38a4016f9888","kind":"building","src":"overture","bbox":[23.224989,43.406052,23.225361,43.406332],"m2":487,"sites":["site-f9dea266d1"]}},{"type":"Feature","geometry":{"type":"Polygon","coordinates":[[[85.1101609,25.6280964],[85.1101628,25.6281244],[85.1100655,25.6281299],[85.1100636,25.6281019],[85.1101609,25.6280964]]]},"properties":{"id":"fp-ovt-7d155f0b-bf17-40","gers":"7d155f0b-bf17-40fa-bcef-ccd763422ac9","kind":"building","src":"overture","bbox":[85.110064,25.628096,85.110163,25.62813],"m2":31,"sites":["site-ae06499cfb"]}},{"type":"Feature","geometry":{"type":"Polygon","coordinates":[[[67.0465799,24.8873538],[67.0466317,24.887339],[67.046633,24.887343],[67.0466603,24.8873352],[67.0466869,24.8874131],[67.0466078,24.8874356],[67.0465799,24.8873538]]]},"properties":{"id":"fp-ovt-7d2fa638-6efe-46","gers":"7d2fa638-6efe-4642-a822-1a998455e395","kind":"building","src":"overture","bbox":[67.04658,24.887335,67.046687,24.887436],"m2":78,"sites":["site-d336199d69"]}},{"type":"Feature","geometry":{"type":"Polygon","coordinates":[[[76.8428065,9.3870027],[76.8428607,9.3870091],[76.842844,9.3871463],[76.8427899,9.3871399],[76.8428065,9.3870027]]]},"properties":{"id":"fp-ovt-7d6ca962-27cf-47","gers":"7d6ca962-27cf-471a-8a87-a8549b17a162","kind":"building","src":"overture","bbox":[76.84279,9.387003,76.842861,9.387146],"m2":92,"sites":["site-ffc2fed297"]}},{"type":"Feature","geometry":{"type":"Polygon","coordinates":[[[-43.2213541,-22.9084236],[-43.2213083,-22.9083167],[-43.2214214,-22.9082752],[-43.2214671,-22.9083821],[-43.2213541,-22.9084236]]]},"properties":{"id":"fp-ovt-7d8c2f8b-d070-43","gers":"7d8c2f8b-d070-4389-a9d6-0a822989e630","kind":"building","src":"overture","bbox":[-43.221467,-22.908424,-43.221308,-22.908275],"m2":160,"sites":["site-cfa1af4bc0"]}},{"type":"Feature","geometry":{"type":"Polygon","coordinates":[[[-4.1751494,51.5792247],[-4.175034,51.5794695],[-4.1751996,51.5794996],[-4.1752463,51.5794006],[-4.1753174,51.5794135],[-4.1753862,51.5792678],[-4.1751494,51.5792247]]]},"properties":{"id":"fp-ovt-7db50fca-5198-49","gers":"7db50fca-5198-49b9-870b-313621f34e1b","kind":"building","src":"overture","bbox":[-4.175386,51.579225,-4.175034,51.5795],"m2":426,"sites":["site-3568be580b"]}},{"type":"Feature","geometry":{"type":"Polygon","coordinates":[[[8.3731541,50.0631818],[8.3730142,50.0631417],[8.3730401,50.0630924],[8.3731862,50.0631243],[8.37318,50.0631359],[8.3733035,50.0631621],[8.3732728,50.0632069],[8.3731663,50.0631852],[8.3731541,50.0631818]]]},"properties":{"id":"fp-ovt-7dbe3821-fd77-4a","gers":"7dbe3821-fd77-4aa3-ba46-cabbb0c64408","kind":"building","src":"overture","bbox":[8.373014,50.063092,8.373304,50.063207],"m2":119,"sites":["site-c71522d75c"]}},{"type":"Feature","geometry":{"type":"Polygon","coordinates":[[[138.3822037,34.9704846],[138.3820996,34.9705289],[138.3818496,34.970134],[138.3820276,34.9700583],[138.3821267,34.9702148],[138.3821484,34.9702056],[138.3822795,34.9704128],[138.3821839,34.9704535],[138.3822037,34.9704846]]]},"properties":{"id":"fp-ovt-7fe7c04b-0e36-40","gers":"7fe7c04b-0e36-40cd-91d9-7f6edf857045","kind":"building","src":"overture","bbox":[138.38185,34.970058,138.38228,34.970529],"m2":934,"sites":["site-86eadb7b4f"]}},{"type":"Feature","geometry":{"type":"Polygon","coordinates":[[[2.241636,48.907039],[2.2419435,48.907003],[2.2419746,48.9071093],[2.2415755,48.9071605],[2.2412634,48.9072005],[2.2411951,48.9072092],[2.2412301,48.9071434],[2.2412344,48.9071152],[2.2412381,48.907091],[2.24124,48.9070788],[2.241242,48.907083],[2.24147,48.907062],[2.241425,48.906911],[2.241596,48.90689],[2.241636,48.907039]]]},"properties":{"id":"fp-ovt-80b6d1df-0eac-45","gers":"80b6d1df-0eac-45a8-a0a7-6c6c745240e5","kind":"building","src":"overture","bbox":[2.241195,48.90689,2.241975,48.907209],"m2":895,"sites":["site-34f5e6913d"]}},{"type":"Feature","geometry":{"type":"Polygon","coordinates":[[[106.1717346,-6.1175285],[106.1716469,-6.1175103],[106.1716307,-6.1175876],[106.1717184,-6.1176058],[106.1717346,-6.1175285]]]},"properties":{"id":"fp-ovt-81169c88-9075-41","gers":"81169c88-9075-41e3-8f84-1abaabca53e3","kind":"building","src":"overture","bbox":[106.171631,-6.117606,106.171735,-6.11751],"m2":87,"sites":["site-22411980f9"]}},{"type":"Feature","geometry":{"type":"Polygon","coordinates":[[[7.6316116,47.899548],[7.6312511,47.8993557],[7.6315194,47.8991207],[7.6315841,47.8991548],[7.6315874,47.8991519],[7.6316352,47.8991744],[7.6316126,47.8991949],[7.6317677,47.8992765],[7.6318267,47.8992268],[7.6319284,47.8992811],[7.6316116,47.899548]]]},"properties":{"id":"fp-ovt-8123a7a1-886a-47","gers":"8123a7a1-886a-47bf-88cb-0b3fdce6828b","kind":"building","src":"overture","bbox":[7.631251,47.899121,7.631928,47.899548],"m2":1163,"sites":["site-532e2984c3"]}},{"type":"Feature","geometry":{"type":"Polygon","coordinates":[[[-0.2026532,5.5724831],[-0.2026643,5.5725348],[-0.2028702,5.5724908],[-0.2028499,5.5723966],[-0.2027397,5.5724202],[-0.2027375,5.5724098],[-0.2026325,5.5724322],[-0.2026439,5.5724851],[-0.2026532,5.5724831]]]},"properties":{"id":"fp-ovt-8131fa00-8429-4d","gers":"8131fa00-8429-4d35-8808-622b90d9e9b1","kind":"building","src":"overture","bbox":[-0.20287,5.572397,-0.202632,5.572535],"m2":269,"sites":["site-5819d5f75b"]}},{"type":"Feature","geometry":{"type":"Polygon","coordinates":[[[106.7428293,10.7559734],[106.7428885,10.7560508],[106.7428457,10.7560825],[106.7427864,10.756005],[106.7428293,10.7559734]]]},"properties":{"id":"fp-ovt-814b79c0-4ce3-45","gers":"814b79c0-4ce3-45e5-ad33-5eb35d331b09","kind":"building","src":"overture","bbox":[106.742786,10.755973,106.742889,10.756082],"m2":63,"sites":["site-a592405490","site-f3d6f0777a"]}},{"type":"Feature","geometry":{"type":"Polygon","coordinates":[[[151.8171523,-27.5514818],[151.817141,-27.5514353],[151.8170807,-27.5514469],[151.817092,-27.5514933],[151.8171523,-27.5514818]]]},"properties":{"id":"fp-ovt-816b0509-cad5-4c","gers":"816b0509-cad5-4c0a-ba49-c9c2f7d197ba","kind":"building","src":"overture","bbox":[151.817081,-27.551493,151.817152,-27.551435],"m2":32,"sites":["site-0270ed3b34"]}},{"type":"Feature","geometry":{"type":"Polygon","coordinates":[[[-88.0501829,44.4285783],[-88.0502678,44.4285893],[-88.0502793,44.4285908],[-88.050316,44.4284468],[-88.0503147,44.4284467],[-88.0502663,44.4284404],[-88.0502023,44.428432],[-88.050117,44.4284208],[-88.0501121,44.42844],[-88.0500717,44.4284348],[-88.0500484,44.4285261],[-88.0500938,44.428532],[-88.0500905,44.4285451],[-88.0501111,44.4285478],[-88.0501237,44.4285494],[-88.050166,44.428555],[-88.0501608,44.4285754],[-88.0501829,44.4285783]]]},"properties":{"id":"fp-ovt-81ceae54-e31f-42","gers":"81ceae54-e31f-4205-90f8-d4826d60a5e8","kind":"building","src":"overture","bbox":[-88.050316,44.428421,-88.050048,44.428591],"m2":280,"sites":["site-086d0e78c1"]}},{"type":"Feature","geometry":{"type":"Polygon","coordinates":[[[29.9130344,31.192949],[29.9130709,31.1929855],[29.9129523,31.1930733],[29.9129158,31.1930368],[29.9130344,31.192949]]]},"properties":{"id":"fp-ovt-81fb7b2a-8247-43","gers":"81fb7b2a-8247-434d-b721-749edab08c41","kind":"building","src":"overture","bbox":[29.912916,31.192949,29.913071,31.193073],"m2":80,"sites":["site-80ae02e6cb"]}},{"type":"Feature","geometry":{"type":"Polygon","coordinates":[[[139.345566,35.5981308],[139.3454998,35.5980456],[139.3458168,35.5978826],[139.3458831,35.5979679],[139.345566,35.5981308]]]},"properties":{"id":"fp-ovt-8219b388-040c-4c","gers":"8219b388-040c-4c0f-859c-016f3a2eae97","kind":"building","src":"overture","bbox":[139.3455,35.597883,139.345883,35.598131],"m2":381,"sites":["site-f15a2dd1de"]}},{"type":"Feature","geometry":{"type":"Polygon","coordinates":[[[37.5779877,55.7113998],[37.5780122,55.7113812],[37.5783027,55.7111609],[37.5786327,55.7109106],[37.5786598,55.7108901],[37.5785019,55.710824],[37.5783045,55.7107414],[37.5772119,55.7102841],[37.5770648,55.7102225],[37.5776449,55.7097827],[37.5788971,55.7103068],[37.5796955,55.710641],[37.5791283,55.7110711],[37.5790458,55.7110366],[37.5789339,55.7109897],[37.5789022,55.7110137],[37.5785613,55.7112722],[37.5782738,55.7114902],[37.5782468,55.7115107],[37.5783473,55.7115528],[37.5784593,55.7115997],[37.5781857,55.7118071],[37.5773364,55.7114517],[37.576146,55.7109535],[37.5764218,55.7107443],[37.5765344,55.7107937],[37.5776177,55.7112449],[37.5779877,55.7113998]],[[37.5780716,55.7103807],[37.5779488,55.7104807],[37.5784074,55.7106659],[37.5784484,55.710682],[37.5786009,55.7105659],[37.5788045,55.7104094],[37.5787741,55.7103969],[37.5782996,55.7102058],[37.5780716,55.7103807]]]},"properties":{"id":"fp-ovt-8283725b-721e-47","gers":"8283725b-721e-476a-bfed-43e7393073a8","kind":"building","src":"overture","bbox":[37.576146,55.709783,37.579695,55.711807],"m2":14337,"sites":["site-6b5e80f075"]}},{"type":"Feature","geometry":{"type":"Polygon","coordinates":[[[107.6168847,-6.9218997],[107.6164811,-6.9218544],[107.6164469,-6.9221373],[107.6165507,-6.9220642],[107.6166077,-6.922138],[107.6168517,-6.9221654],[107.6168847,-6.9218997]]]},"properties":{"id":"fp-ovt-832bd5e3-8984-42","gers":"832bd5e3-8984-4286-bf70-d6255412901d","kind":"building","src":"overture","bbox":[107.616447,-6.922165,107.616885,-6.921854],"m2":1280,"sites":["site-e1360becd0"]}},{"type":"Feature","geometry":{"type":"Polygon","coordinates":[[[-70.2995606,43.6582355],[-70.2996372,43.6582061],[-70.2996027,43.6581592],[-70.2995262,43.6581885],[-70.2995606,43.6582355]]]},"properties":{"id":"fp-ovt-8341fd69-c042-4b","gers":"8341fd69-c042-4b9b-b779-d1a4109e9789","kind":"building","src":"overture","bbox":[-70.299637,43.658159,-70.299526,43.658236],"m2":41,"sites":["site-d68550f285"]}},{"type":"Feature","geometry":{"type":"Polygon","coordinates":[[[14.4883236,46.0426431],[14.4881928,46.0425995],[14.4883224,46.0424121],[14.4883346,46.0423946],[14.4883816,46.0423267],[14.4883958,46.0423062],[14.4885319,46.0421098],[14.4886792,46.0421589],[14.4887117,46.0421706],[14.4886755,46.0422218],[14.4887073,46.0422321],[14.4887233,46.0422372],[14.4887418,46.0422108],[14.4887293,46.0422065],[14.4887366,46.0421961],[14.4887422,46.042188],[14.4887542,46.0421921],[14.4887709,46.0421682],[14.4888742,46.0422026],[14.4888666,46.0422151],[14.4889131,46.0422307],[14.488901,46.0422481],[14.4888895,46.0422646],[14.4888701,46.0422581],[14.4888547,46.0422797],[14.4890826,46.0423532],[14.4890663,46.0423796],[14.4890612,46.0424072],[14.4889992,46.0424987],[14.4889328,46.0424778],[14.4889215,46.0424743],[14.4886225,46.0423802],[14.4886088,46.0423759],[14.4885849,46.0423684],[14.4885797,46.0423758],[14.4885634,46.0423711],[14.4885439,46.042399],[14.4885643,46.0424069],[14.4885849,46.0424209],[14.4885894,46.0424371],[14.488587,46.0424556],[14.4885443,46.0425171],[14.4884035,46.04272],[14.4882949,46.0426844],[14.4883236,46.0426431]]]},"properties":{"id":"fp-ovt-83a00a91-a06e-4d","gers":"83a00a91-a06e-4d58-8b90-777c9d371fe8","kind":"building","src":"overture","bbox":[14.488193,46.04211,14.489083,46.04272],"m2":1861,"sites":["site-2672572ba2"]}},{"type":"Feature","geometry":{"type":"Polygon","coordinates":[[[39.1047526,-5.0695299],[39.1043869,-5.0695117],[39.1043796,-5.0696557],[39.1044215,-5.0696578],[39.1044233,-5.0696204],[39.1045303,-5.0696258],[39.1045261,-5.0697091],[39.1047431,-5.06972],[39.1047526,-5.0695299]]]},"properties":{"id":"fp-ovt-83dc6132-406a-49","gers":"83dc6132-406a-49b0-beea-6ce0d887bb7b","kind":"building","src":"overture","bbox":[39.10438,-5.06972,39.104753,-5.069512],"m2":726,"sites":["site-5035edcb57"]}},{"type":"Feature","geometry":{"type":"Polygon","coordinates":[[[17.273903,49.59242],[17.273826,49.592401],[17.27381,49.592429],[17.2735892,49.5923762],[17.2736729,49.5922376],[17.274078,49.592336],[17.274101,49.592361],[17.273903,49.59242]]]},"properties":{"id":"fp-ovt-8440f46c-ec9c-41","gers":"8440f46c-ec9c-416a-a735-1d1ba1246c67","kind":"building","src":"overture","bbox":[17.273589,49.592238,17.274101,49.592429],"m2":438,"sites":["site-0421cd9957"]}},{"type":"Feature","geometry":{"type":"Polygon","coordinates":[[[113.5321242,23.2152101],[113.5320597,23.2152582],[113.5320142,23.2152061],[113.5319497,23.2152543],[113.5318064,23.2150906],[113.5317903,23.2151026],[113.5317643,23.2150728],[113.5321669,23.2147718],[113.5325252,23.2151812],[113.5322192,23.21541],[113.5321475,23.2153281],[113.5322522,23.2152498],[113.5322196,23.2152126],[113.5321633,23.2152547],[113.5321242,23.2152101]]]},"properties":{"id":"fp-ovt-84cab519-cc96-4a","gers":"84cab519-cc96-4a59-b691-f2e921c70e61","kind":"building","src":"overture","bbox":[113.531764,23.214772,113.532525,23.21541],"m2":2565,"sites":["site-a8c7d05d67"]}},{"type":"Feature","geometry":{"type":"Polygon","coordinates":[[[90.4013236,23.7808093],[90.4013085,23.7805734],[90.4015319,23.7805615],[90.401547,23.7807973],[90.4013236,23.7808093]]]},"properties":{"id":"fp-ovt-84cc9622-bda3-4d","gers":"84cc9622-bda3-4de6-8d48-2c209ee41cba","kind":"building","src":"overture","bbox":[90.401308,23.780562,90.401547,23.780809],"m2":600,"sites":["site-f0fc309cb6"]}},{"type":"Feature","geometry":{"type":"Polygon","coordinates":[[[8.2731872,47.0570342],[8.2726366,47.0567705],[8.2727658,47.0566453],[8.2733164,47.056909],[8.2731872,47.0570342]]]},"properties":{"id":"fp-ovt-84e1bbd5-98ba-49","gers":"84e1bbd5-98ba-4903-8ab0-88a947cf5ffa","kind":"building","src":"overture","bbox":[8.272637,47.056645,8.273316,47.057034],"m2":870,"sites":["site-e1dbe9f4d5"]}},{"type":"Feature","geometry":{"type":"Polygon","coordinates":[[[110.4352115,-7.0047057],[110.4351443,-7.0046933],[110.4351224,-7.0048106],[110.4351896,-7.004823],[110.4352115,-7.0047057]]]},"properties":{"id":"fp-ovt-85205988-7350-49","gers":"85205988-7350-495c-8066-e7537abbab73","kind":"building","src":"overture","bbox":[110.435122,-7.004823,110.435211,-7.004693],"m2":100,"sites":["site-45d76fbf70"]}},{"type":"Feature","geometry":{"type":"Polygon","coordinates":[[[100.5479823,13.7316391],[100.5478037,13.7316344],[100.5478073,13.7315061],[100.5479858,13.7315107],[100.5479823,13.7316391]]]},"properties":{"id":"fp-ovt-85f0f758-d3db-4b","gers":"85f0f758-d3db-4b8d-b93e-8ea7464c5b3f","kind":"building","src":"overture","bbox":[100.547804,13.731506,100.547986,13.731639],"m2":276,"sites":["site-72de3b8267"]}},{"type":"Feature","geometry":{"type":"Polygon","coordinates":[[[16.0319648,45.7853473],[16.0312238,45.7857965],[16.0311735,45.7855792],[16.0317744,45.7852126],[16.0319648,45.7853473]]]},"properties":{"id":"fp-ovt-860723cc-b3c6-4a","gers":"860723cc-b3c6-4a4c-b8e1-feb78550a1be","kind":"building","src":"overture","bbox":[16.031174,45.785213,16.031965,45.785796],"m2":1445,"sites":["site-e986b34dd9"]}},{"type":"Feature","geometry":{"type":"Polygon","coordinates":[[[-47.768586,-15.645785],[-47.768656,-15.645645],[-47.768659,-15.645639],[-47.76876,-15.645687],[-47.768757,-15.645691],[-47.768744,-15.645717],[-47.768686,-15.645833],[-47.768585,-15.645786],[-47.768586,-15.645785]]]},"properties":{"id":"fp-ovt-864cdc07-8115-4d","gers":"864cdc07-8115-4d29-b6bb-5e7f963f2539","kind":"building","src":"overture","bbox":[-47.76876,-15.645833,-47.768585,-15.645639],"m2":217,"sites":["site-0aae2b53e6"]}},{"type":"Feature","geometry":{"type":"Polygon","coordinates":[[[96.1128698,16.8427325],[96.1128694,16.8428634],[96.1126575,16.8428629],[96.112658,16.842696],[96.1128135,16.8426964],[96.1128134,16.8427323],[96.1128698,16.8427325]]]},"properties":{"id":"fp-ovt-86501c5d-5c0d-41","gers":"86501c5d-5c0d-41a4-a96a-06aaddecfb06","kind":"building","src":"overture","bbox":[96.112657,16.842696,96.11287,16.842863],"m2":395,"sites":["site-96aa49103e"]}},{"type":"Feature","geometry":{"type":"Polygon","coordinates":[[[90.4381136,23.7655185],[90.4380113,23.7655231],[90.4380094,23.7654887],[90.4381117,23.765484],[90.4381136,23.7655185]]]},"properties":{"id":"fp-ovt-86540635-eee8-40","gers":"86540635-eee8-4065-a92b-ae3d1da1cdd2","kind":"building","src":"overture","bbox":[90.438009,23.765484,90.438114,23.765523],"m2":40,"sites":["site-372cac2221"]}},{"type":"Feature","geometry":{"type":"Polygon","coordinates":[[[-91.116344,30.4522429],[-91.1163378,30.4520743],[-91.1157743,30.4520897],[-91.1157805,30.4522584],[-91.116344,30.4522429]]]},"properties":{"id":"fp-ovt-8657ee97-9e23-42","gers":"8657ee97-9e23-42a6-b6f4-c0c49d8edda3","kind":"building","src":"overture","bbox":[-91.116344,30.452074,-91.115774,30.452258],"m2":1016,"sites":["site-707a9de54c"]}},{"type":"Feature","geometry":{"type":"Polygon","coordinates":[[[80.577088,16.4227731],[80.5766233,16.4228702],[80.5765703,16.4226367],[80.5770349,16.4225396],[80.577088,16.4227731]]]},"properties":{"id":"fp-ovt-867b6756-7660-4a","gers":"867b6756-7660-4a58-b963-ea3508008d59","kind":"building","src":"overture","bbox":[80.57657,16.42254,80.577088,16.42287],"m2":1351,"sites":["site-cdf3eb8201"]}},{"type":"Feature","geometry":{"type":"Polygon","coordinates":[[[34.7913513,32.11123],[34.7910823,32.1112705],[34.7910557,32.1111274],[34.7913265,32.1110906],[34.7913513,32.11123]]]},"properties":{"id":"fp-ovt-873a9eeb-ff13-48","gers":"873a9eeb-ff13-480d-8500-8ddf6d590a0b","kind":"building","src":"overture","bbox":[34.791056,32.111091,34.791351,32.111271],"m2":411,"sites":["site-316037c961"]}},{"type":"Feature","geometry":{"type":"Polygon","coordinates":[[[-49.2543347,-25.3799462],[-49.25427,-25.3798748],[-49.254339,-25.3798231],[-49.2544038,-25.3798945],[-49.2543347,-25.3799462]]]},"properties":{"id":"fp-ovt-874937be-9901-42","gers":"874937be-9901-42ea-be84-c30270f25345","kind":"building","src":"overture","bbox":[-49.254404,-25.379946,-49.25427,-25.379823],"m2":93,"sites":["site-95c7e84159"]}},{"type":"Feature","geometry":{"type":"Polygon","coordinates":[[[37.5021573,55.6972563],[37.5023954,55.6971221],[37.5029082,55.6974111],[37.5026701,55.6975453],[37.5021573,55.6972563]]]},"properties":{"id":"fp-ovt-87af4504-1d71-4c","gers":"87af4504-1d71-4c8d-8c6e-a046ac75f1ae","kind":"building","src":"overture","bbox":[37.502157,55.697122,37.502908,55.697545],"m2":961,"sites":["site-e2aa2ecf1d"]}},{"type":"Feature","geometry":{"type":"Polygon","coordinates":[[[12.0866571,49.0369723],[12.0866058,49.0370056],[12.0865909,49.0369956],[12.0864867,49.0369267],[12.0865381,49.0368934],[12.0866571,49.0369723]]]},"properties":{"id":"fp-ovt-88a0d7ef-e489-4c","gers":"88a0d7ef-e489-4cad-bcc8-6d12867a4e16","kind":"building","src":"overture","bbox":[12.086487,49.036893,12.086657,49.037006],"m2":65,"sites":["site-f416020269"]}},{"type":"Feature","geometry":{"type":"Polygon","coordinates":[[[0.5337466,51.6561218],[0.5338138,51.6561299],[0.533786,51.6562181],[0.5336878,51.6562062],[0.533704,51.6561549],[0.533735,51.6561586],[0.5337466,51.6561218]]]},"properties":{"id":"fp-ovt-88e1a9ed-fd62-43","gers":"88e1a9ed-fd62-43c2-b9f8-afacb843db08","kind":"building","src":"overture","bbox":[0.533688,51.656122,0.533814,51.656218],"m2":60,"sites":["site-26f5fd0b17"]}},{"type":"Feature","geometry":{"type":"Polygon","coordinates":[[[-34.9072572,-8.1150006],[-34.9071935,-8.115011],[-34.9071088,-8.1148286],[-34.9072075,-8.1147837],[-34.9072572,-8.1150006]]]},"properties":{"id":"fp-ovt-89285738-1dfd-42","gers":"89285738-1dfd-4291-984b-054b459b232b","kind":"building","src":"overture","bbox":[-34.907257,-8.115011,-34.907109,-8.114784],"m2":222,"sites":["site-5e23fe075a"]}},{"type":"Feature","geometry":{"type":"Polygon","coordinates":[[[24.887202,59.4714032],[24.8871167,59.4713677],[24.8870512,59.4713227],[24.8870094,59.4712708],[24.886994,59.4712153],[24.8870059,59.4711596],[24.8870444,59.4711071],[24.887107,59.471061],[24.88719,59.4710242],[24.8872883,59.4709988],[24.8873959,59.4709864],[24.8875062,59.4709879],[24.8876123,59.471003],[24.8877079,59.4710309],[24.8877871,59.4710699],[24.887845,59.4711176],[24.887878,59.4711711],[24.8878843,59.471227],[24.8878632,59.471282],[24.8878163,59.4713327],[24.8877463,59.471376],[24.8876575,59.4714092],[24.8875553,59.4714303],[24.8874871,59.4714368],[24.8874337,59.471438],[24.8873898,59.4714364],[24.8873792,59.471436],[24.8873256,59.4714305],[24.887262,59.4714193],[24.887202,59.4714032]]]},"properties":{"id":"fp-ovt-8979faf8-216c-4e","gers":"8979faf8-216c-4e24-b445-7eaa50535a83","kind":"building","src":"overture","bbox":[24.886994,59.470986,24.887884,59.471438],"m2":1977,"sites":["site-4aba251d20"]}},{"type":"Feature","geometry":{"type":"Polygon","coordinates":[[[-42.7923375,-5.0690797],[-42.7925571,-5.0691018],[-42.7925304,-5.0693652],[-42.7923107,-5.0693431],[-42.7923375,-5.0690797]]]},"properties":{"id":"fp-ovt-89b8fe94-78d3-47","gers":"89b8fe94-78d3-47c7-bbf8-64f87b0b9424","kind":"building","src":"overture","bbox":[-42.792557,-5.069365,-42.792311,-5.06908],"m2":721,"sites":["site-4d63e68753"]}},{"type":"Feature","geometry":{"type":"Polygon","coordinates":[[[26.1292761,44.4569922],[26.1289481,44.4573121],[26.1288379,44.4572524],[26.1288246,44.4572452],[26.1291516,44.4569247],[26.1291795,44.4569392],[26.129232,44.4568888],[26.1292803,44.456934],[26.1292357,44.4569713],[26.1292761,44.4569922]]]},"properties":{"id":"fp-ovt-89da1c07-9844-4f","gers":"89da1c07-9844-4fc7-aa62-50b74e19db70","kind":"building","src":"overture","bbox":[26.128825,44.456889,26.12928,44.457312],"m2":583,"sites":["site-e3afa650d1"]}},{"type":"Feature","geometry":{"type":"Polygon","coordinates":[[[35.571396,33.8846365],[35.5713974,33.8848944],[35.571215,33.8848951],[35.5712146,33.8848077],[35.5711921,33.8848078],[35.5711915,33.8847071],[35.5712753,33.884637],[35.571396,33.8846365]]]},"properties":{"id":"fp-ovt-8a01c932-f777-4d","gers":"8a01c932-f777-4dc6-aaf4-b27e0c7b65aa","kind":"building","src":"overture","bbox":[35.571191,33.884636,35.571397,33.884895],"m2":493,"sites":["site-4d1bda8cbe"]}},{"type":"Feature","geometry":{"type":"Polygon","coordinates":[[[135.5104301,34.66985],[135.5102667,34.6698607],[135.5102609,34.6697717],[135.5104243,34.669761],[135.5104301,34.66985]]]},"properties":{"id":"fp-ovt-8a1ff492-7a55-4c","gers":"8a1ff492-7a55-4ce0-9583-50da2502f355","kind":"building","src":"overture","bbox":[135.510261,34.669761,135.51043,34.669861],"m2":149,"sites":["site-e0d8b55961"]}},{"type":"Feature","geometry":{"type":"Polygon","coordinates":[[[-42.3576147,-21.1270257],[-42.3575135,-21.1268572],[-42.3576078,-21.1268073],[-42.357709,-21.1269758],[-42.3576147,-21.1270257]]]},"properties":{"id":"fp-ovt-8a206e83-1f82-4a","gers":"8a206e83-1f82-4afc-8589-a7d7ebfbba8f","kind":"building","src":"overture","bbox":[-42.357709,-21.127026,-42.357514,-21.126807],"m2":242,"sites":["site-4137158412"]}},{"type":"Feature","geometry":{"type":"Polygon","coordinates":[[[-59.9760293,-3.0042529],[-59.9759973,-3.0042524],[-59.9759979,-3.0042136],[-59.97603,-3.0042141],[-59.9760293,-3.0042529]]]},"properties":{"id":"fp-ovt-8a3830bd-fc7e-48","gers":"8a3830bd-fc7e-483c-a163-51d7a3c4b076","kind":"building","src":"overture","bbox":[-59.97603,-3.004253,-59.975997,-3.004214],"m2":15,"sites":["site-80e890c9e7"]}},{"type":"Feature","geometry":{"type":"Polygon","coordinates":[[[26.0582305,44.4839805],[26.0584147,44.4840508],[26.0581926,44.4842625],[26.0579367,44.4841809],[26.0582305,44.4839805]]]},"properties":{"id":"fp-ovt-8a78b899-335a-4e","gers":"8a78b899-335a-4e54-ba56-59b9b460141a","kind":"building","src":"overture","bbox":[26.057937,44.483981,26.058415,44.484262],"m2":574,"sites":["site-d1271d4601"]}},{"type":"Feature","geometry":{"type":"Polygon","coordinates":[[[-51.1610502,-23.3136835],[-51.1610466,-23.3134334],[-51.1614081,-23.3134289],[-51.1614118,-23.313679],[-51.1613504,-23.3136798],[-51.1610502,-23.3136835]]]},"properties":{"id":"fp-ovt-8abf6ace-901f-4c","gers":"8abf6ace-901f-4c08-a21d-9d2394f1a263","kind":"building","src":"overture","bbox":[-51.161412,-23.313683,-51.161047,-23.313429],"m2":1029,"sites":["site-1311c4bb72"]}},{"type":"Feature","geometry":{"type":"Polygon","coordinates":[[[3.362199,6.6360818],[3.3622074,6.6361277],[3.3621732,6.6361339],[3.3621648,6.636088],[3.362199,6.6360818]]]},"properties":{"id":"fp-ovt-8ae64e75-0ac2-41","gers":"8ae64e75-0ac2-41c0-8567-30ef885e569c","kind":"building","src":"overture","bbox":[3.362165,6.636082,3.362207,6.636134],"m2":20,"sites":["site-bcbdfe3331"]}},{"type":"Feature","geometry":{"type":"Polygon","coordinates":[[[-43.9236817,-19.9421872],[-43.9236032,-19.9421444],[-43.9236137,-19.9421271],[-43.9235934,-19.942116],[-43.9236535,-19.9420173],[-43.9237523,-19.9420711],[-43.9236817,-19.9421872]]]},"properties":{"id":"fp-ovt-8ae652e3-93ad-4f","gers":"8ae652e3-93ad-4f7e-806a-55629f4f7a2c","kind":"building","src":"overture","bbox":[-43.923752,-19.942187,-43.923593,-19.942017],"m2":172,"sites":["site-9507008a69"]}},{"type":"Feature","geometry":{"type":"Polygon","coordinates":[[[-74.0653447,4.6757185],[-74.0654136,4.6756785],[-74.0653707,4.675605],[-74.0653018,4.6756449],[-74.0653447,4.6757185]]]},"properties":{"id":"fp-ovt-8b07a1b1-6214-4d","gers":"8b07a1b1-6214-4df1-9c2e-3bfeb0af122c","kind":"building","src":"overture","bbox":[-74.065414,4.675605,-74.065302,4.675719],"m2":84,"sites":["site-0ff229e587"]}},{"type":"Feature","geometry":{"type":"Polygon","coordinates":[[[10.7884082,53.5838599],[10.7879588,53.5838094],[10.7879878,53.5837184],[10.7884372,53.5837689],[10.7884082,53.5838599]]]},"properties":{"id":"fp-ovt-8b33e69d-e18b-48","gers":"8b33e69d-e18b-4851-a8c0-492c282ca30f","kind":"building","src":"overture","bbox":[10.787959,53.583718,10.788437,53.58386],"m2":312,"sites":["site-67e866df8e"]}},{"type":"Feature","geometry":{"type":"Polygon","coordinates":[[[89.069156,22.7202984],[89.0690773,22.7202777],[89.0691161,22.7201521],[89.0691948,22.7201728],[89.069156,22.7202984]]]},"properties":{"id":"fp-ovt-8b448e24-ad43-43","gers":"8b448e24-ad43-43eb-99a9-b17a871c0c6a","kind":"building","src":"overture","bbox":[89.069077,22.720152,89.069195,22.720298],"m2":122,"sites":["site-c0da54f645"]}},{"type":"Feature","geometry":{"type":"Polygon","coordinates":[[[-58.6886293,-34.4570316],[-58.6885988,-34.4570607],[-58.6885526,-34.4570279],[-58.688619,-34.4569645],[-58.6886913,-34.4570159],[-58.6886554,-34.4570502],[-58.6886293,-34.4570316]]]},"properties":{"id":"fp-ovt-8b7a0cf6-5e65-41","gers":"8b7a0cf6-5e65-4138-8118-aa90ca72504d","kind":"building","src":"overture","bbox":[-58.688691,-34.457061,-58.688553,-34.456964],"m2":68,"sites":["site-34a05e91a7"]}},{"type":"Feature","geometry":{"type":"Polygon","coordinates":[[[72.9048937,32.268475],[72.9049735,32.2685615],[72.9048747,32.2686273],[72.9047949,32.2685407],[72.9048937,32.268475]]]},"properties":{"id":"fp-ovt-8b84ed98-670b-42","gers":"8b84ed98-670b-4212-8c26-ac2ed107e289","kind":"building","src":"overture","bbox":[72.904795,32.268475,72.904973,32.268627],"m2":145,"sites":["site-caec6fe6a6"]}},{"type":"Feature","geometry":{"type":"Polygon","coordinates":[[[-71.8572687,45.3697192],[-71.8577084,45.3695903],[-71.8576906,45.3695603],[-71.8577563,45.369541],[-71.8577225,45.3694841],[-71.857658,45.369503],[-71.8576281,45.3694526],[-71.8575393,45.3694786],[-71.8575319,45.3694661],[-71.857467,45.3694852],[-71.857456,45.3694668],[-71.8573716,45.3694915],[-71.8573824,45.3695097],[-71.8571795,45.3695692],[-71.8572687,45.3697192]]]},"properties":{"id":"fp-ovt-8b8c26b7-c412-41","gers":"8b8c26b7-c412-411d-a4df-7c54daef5086","kind":"building","src":"overture","bbox":[-71.857756,45.369453,-71.85718,45.369719],"m2":717,"sites":["site-2d6bc86d3e"]}},{"type":"Feature","geometry":{"type":"Polygon","coordinates":[[[8.8512893,48.2768977],[8.8513026,48.2768046],[8.8514308,48.2768127],[8.8514175,48.2769058],[8.8512893,48.2768977]]]},"properties":{"id":"fp-ovt-8bc67b52-3d13-49","gers":"8bc67b52-3d13-491b-b646-9e0de238315d","kind":"building","src":"overture","bbox":[8.851289,48.276805,8.851431,48.276906],"m2":99,"sites":["site-75a42a503e"]}},{"type":"Feature","geometry":{"type":"Polygon","coordinates":[[[74.3475402,31.514777],[74.347378,31.5148486],[74.3471436,31.5144631],[74.347306,31.5143914],[74.3475402,31.514777]]]},"properties":{"id":"fp-ovt-8c141fc2-c391-4d","gers":"8c141fc2-c391-4db4-af70-a10b84772c93","kind":"building","src":"overture","bbox":[74.347144,31.514391,74.34754,31.514849],"m2":838,"sites":["site-d1f53642f8"]}},{"type":"Feature","geometry":{"type":"Polygon","coordinates":[[[73.0042735,19.1895748],[73.0041411,19.1895839],[73.0041331,19.18948],[73.0042654,19.1894709],[73.0042735,19.1895748]]]},"properties":{"id":"fp-ovt-8d6d309c-36a8-43","gers":"8d6d309c-36a8-4332-88e5-9cb6f2325b53","kind":"building","src":"overture","bbox":[73.004133,19.189471,73.004273,19.189584],"m2":162,"sites":["site-793aea11ca"]}},{"type":"Feature","geometry":{"type":"Polygon","coordinates":[[[-46.9635505,-23.0135985],[-46.9634934,-23.0135799],[-46.9635033,-23.0135539],[-46.9633876,-23.013516],[-46.9633777,-23.0135419],[-46.9633215,-23.0135235],[-46.9633552,-23.0134353],[-46.9635842,-23.0135104],[-46.9635505,-23.0135985]]]},"properties":{"id":"fp-ovt-8e9dc665-cca4-4b","gers":"8e9dc665-cca4-4bdf-ae37-15626f49ab9b","kind":"building","src":"overture","bbox":[-46.963584,-23.013599,-46.963321,-23.013435],"m2":221,"sites":["site-187343c903"]}},{"type":"Feature","geometry":{"type":"Polygon","coordinates":[[[27.659052,62.8943291],[27.6585156,62.8943755],[27.6584619,62.8942607],[27.6589528,62.8942167],[27.6589501,62.8942069],[27.6591701,62.8941849],[27.6591084,62.8940419],[27.6592827,62.8940285],[27.6594141,62.894279],[27.6590494,62.8943144],[27.659052,62.8943291]]]},"properties":{"id":"fp-ovt-8eb2977c-edab-40","gers":"8eb2977c-edab-401b-a21e-fc0ded706f02","kind":"building","src":"overture","bbox":[27.658462,62.894028,27.659414,62.894376],"m2":759,"sites":["site-b475d09952"]}},{"type":"Feature","geometry":{"type":"Polygon","coordinates":[[[8.2993983,47.1536403],[8.299627,47.1535146],[8.2997667,47.1536321],[8.2995379,47.1537578],[8.2993983,47.1536403]]]},"properties":{"id":"fp-ovt-8eb65a86-2f9d-43","gers":"8eb65a86-2f9d-4353-824e-0540a0b40201","kind":"building","src":"overture","bbox":[8.299398,47.153515,8.299767,47.153758],"m2":374,"sites":["site-090ca75509"]}},{"type":"Feature","geometry":{"type":"Polygon","coordinates":[[[120.250514,23.0235722],[120.2505194,23.023487],[120.2504172,23.0234814],[120.2504239,23.0233774],[120.2505874,23.0233864],[120.2505753,23.0235755],[120.250514,23.0235722]]]},"properties":{"id":"fp-ovt-8ee8b46d-1508-42","gers":"8ee8b46d-1508-4256-af87-9f8cef76a075","kind":"building","src":"overture","bbox":[120.250417,23.023377,120.250587,23.023575],"m2":254,"sites":["site-04328e77f0"]}},{"type":"Feature","geometry":{"type":"Polygon","coordinates":[[[-5.6770067,50.0698141],[-5.6770988,50.0698583],[-5.6772007,50.069771],[-5.6771087,50.0697267],[-5.6770067,50.0698141]]]},"properties":{"id":"fp-ovt-8efaee9a-f59e-46","gers":"8efaee9a-f59e-466f-aff3-61802b0d0238","kind":"building","src":"overture","bbox":[-5.677201,50.069727,-5.677007,50.069858],"m2":100,"sites":["site-458c6c5886"]}},{"type":"Feature","geometry":{"type":"Polygon","coordinates":[[[-49.3826537,-20.8096904],[-49.3826251,-20.8096641],[-49.3827021,-20.8095901],[-49.3827307,-20.8096164],[-49.3826537,-20.8096904]]]},"properties":{"id":"fp-ovt-8f471419-4831-49","gers":"8f471419-4831-49fd-b928-9cf3c76539c1","kind":"building","src":"overture","bbox":[-49.382731,-20.80969,-49.382625,-20.80959],"m2":48,"sites":["site-ac6e44c775"]}},{"type":"Feature","geometry":{"type":"Polygon","coordinates":[[[76.5769427,9.5623653],[76.5769946,9.5623561],[76.5770131,9.5624571],[76.5769611,9.5624663],[76.5769427,9.5623653]]]},"properties":{"id":"fp-ovt-8f50155d-692b-41","gers":"8f50155d-692b-41e6-825d-7f75b54ffaba","kind":"building","src":"overture","bbox":[76.576943,9.562356,76.577013,9.562466],"m2":66,"sites":["site-085790465e"]}},{"type":"Feature","geometry":{"type":"Polygon","coordinates":[[[17.8341595,48.5884852],[17.8341624,48.5885599],[17.8341646,48.5886198],[17.8341658,48.5886549],[17.8341175,48.5886587],[17.8340057,48.5886677],[17.8339962,48.5885836],[17.8339894,48.5885087],[17.8341595,48.5884852]]]},"properties":{"id":"fp-ovt-8f95f225-e3ff-42","gers":"8f95f225-e3ff-420e-a0d2-490933c79e29","kind":"building","src":"overture","bbox":[17.833989,48.588485,17.834166,48.588668],"m2":225,"sites":["site-3e970b4df3"]}},{"type":"Feature","geometry":{"type":"Polygon","coordinates":[[[30.5268504,37.7661348],[30.5268776,37.7661636],[30.5267471,37.7662417],[30.5267193,37.7662122],[30.5267909,37.7661699],[30.5268504,37.7661348]]]},"properties":{"id":"fp-ovt-90499bd0-8821-49","gers":"90499bd0-8821-496e-9228-7d8142bfbd68","kind":"building","src":"overture","bbox":[30.526719,37.766135,30.526878,37.766242],"m2":58,"sites":["site-a3adac004d"]}},{"type":"Feature","geometry":{"type":"Polygon","coordinates":[[[75.5723087,11.6404977],[75.5723814,11.640486],[75.5723943,11.6405634],[75.5723216,11.6405751],[75.5723087,11.6404977]]]},"properties":{"id":"fp-ovt-9058689c-5e19-4d","gers":"9058689c-5e19-4d1e-a1e2-b78109cfb7f5","kind":"building","src":"overture","bbox":[75.572309,11.640486,75.572394,11.640575],"m2":70,"sites":["site-67c5dd2730"]}},{"type":"Feature","geometry":{"type":"Polygon","coordinates":[[[74.4273095,31.574968],[74.4273488,31.5749713],[74.427345,31.5750041],[74.4273057,31.5750008],[74.4273095,31.574968]]]},"properties":{"id":"fp-ovt-9096080a-fc42-42","gers":"9096080a-fc42-42a5-b4d7-66360471f198","kind":"building","src":"overture","bbox":[74.427306,31.574968,74.427349,31.575004],"m2":14,"sites":["site-e510fd02e9"]}},{"type":"Feature","geometry":{"type":"Polygon","coordinates":[[[28.035432,-26.1342504],[28.0354723,-26.134262],[28.0355131,-26.1341462],[28.0354727,-26.1341346],[28.035432,-26.1342504]]]},"properties":{"id":"fp-ovt-911d3154-d3e8-4b","gers":"911d3154-d3e8-4b49-a7e3-d4429af08df8","kind":"building","src":"overture","bbox":[28.035432,-26.134262,28.035513,-26.134135],"m2":57,"sites":["site-5cda9933f1"]}},{"type":"Feature","geometry":{"type":"Polygon","coordinates":[[[71.4792314,30.2288916],[71.4791634,30.2286869],[71.4791956,30.2286789],[71.4793202,30.22869],[71.4793233,30.2286634],[71.4793854,30.228669],[71.4794083,30.2287379],[71.4793993,30.2288139],[71.4793382,30.2288085],[71.4793339,30.2288448],[71.4793491,30.2288905],[71.4793028,30.2288864],[71.4792684,30.2288949],[71.4792314,30.2288916]]]},"properties":{"id":"fp-ovt-920ad048-e3d0-49","gers":"920ad048-e3d0-494e-aaeb-bebe5d8876cd","kind":"building","src":"overture","bbox":[71.479163,30.228663,71.479408,30.228895],"m2":413,"sites":["site-b5af7b4d25"]}},{"type":"Feature","geometry":{"type":"Polygon","coordinates":[[[-80.94932,-2.2194081],[-80.949043,-2.2190338],[-80.9491107,-2.2189838],[-80.9493876,-2.2193582],[-80.94932,-2.2194081]]]},"properties":{"id":"fp-ovt-928e3796-fbc6-41","gers":"928e3796-fbc6-4160-8e8f-aefea4f9bd79","kind":"building","src":"overture","bbox":[-80.949388,-2.219408,-80.949043,-2.218984],"m2":485,"sites":["site-b90a689ec6"]}},{"type":"Feature","geometry":{"type":"Polygon","coordinates":[[[-56.034103,-25.4670817],[-56.0341034,-25.4670236],[-56.0342995,-25.4670248],[-56.034299,-25.4670829],[-56.034103,-25.4670817]]]},"properties":{"id":"fp-ovt-9299f592-a0ad-4c","gers":"9299f592-a0ad-4c95-975c-4c0855be8a21","kind":"building","src":"overture","bbox":[-56.0343,-25.467083,-56.034103,-25.467024],"m2":127,"sites":["site-a371549ee8"]}},{"type":"Feature","geometry":{"type":"Polygon","coordinates":[[[9.29959,61.8101754],[9.2994679,61.8100571],[9.2995294,61.8100429],[9.2996515,61.8101612],[9.29959,61.8101754]]]},"properties":{"id":"fp-ovt-92dcc1be-3483-42","gers":"92dcc1be-3483-425d-beff-f1e39f077033","kind":"building","src":"overture","bbox":[9.299468,61.810043,9.299651,61.810175],"m2":53,"sites":["site-200582aae5"]}},{"type":"Feature","geometry":{"type":"Polygon","coordinates":[[[5.9342442,51.9869184],[5.9342227,51.9871334],[5.9342449,51.9871341],[5.9342418,51.9871684],[5.9342194,51.9871681],[5.9342174,51.9871921],[5.9337988,51.9871762],[5.9338028,51.9871319],[5.9336382,51.987126],[5.9336407,51.9871009],[5.9338053,51.9871066],[5.9338257,51.9869025],[5.9338296,51.9868673],[5.934248,51.9868837],[5.9342442,51.9869184]]]},"properties":{"id":"fp-ovt-930f49b9-b5ac-47","gers":"930f49b9-b5ac-47f5-af53-115c564c5c59","kind":"building","src":"overture","bbox":[5.933638,51.986867,5.934248,51.987192],"m2":1027,"sites":["site-6e4b36fa27"]}},{"type":"Feature","geometry":{"type":"Polygon","coordinates":[[[130.6596498,33.4229625],[130.6601218,33.4227163],[130.6603639,33.4230396],[130.6601795,33.4231358],[130.6601592,33.4231087],[130.6601168,33.4231308],[130.6600492,33.4230406],[130.659804,33.4231685],[130.6596498,33.4229625]]]},"properties":{"id":"fp-ovt-9341c3b5-53b6-41","gers":"9341c3b5-53b6-4162-8347-79e130e435c5","kind":"building","src":"overture","bbox":[130.65965,33.422716,130.660364,33.423169],"m2":1765,"sites":["site-a4b0271229"]}},{"type":"Feature","geometry":{"type":"Polygon","coordinates":[[[32.5893269,-25.9435559],[32.5893982,-25.94358],[32.5894696,-25.9434074],[32.5893984,-25.9433833],[32.5893269,-25.9435559]]]},"properties":{"id":"fp-ovt-9370928c-e66f-4c","gers":"9370928c-e66f-4c7d-9845-c30591139f45","kind":"building","src":"overture","bbox":[32.589327,-25.94358,32.58947,-25.943383],"m2":156,"sites":["site-e077c7b14b"]}},{"type":"Feature","geometry":{"type":"Polygon","coordinates":[[[-69.7071874,18.4615219],[-69.7071308,18.4615226],[-69.7071315,18.461579],[-69.7071881,18.4615784],[-69.7071874,18.4615219]]]},"properties":{"id":"fp-ovt-938dcde2-fe8b-4e","gers":"938dcde2-fe8b-4ee9-b2fb-04681f93ce5c","kind":"building","src":"overture","bbox":[-69.707188,18.461522,-69.707131,18.461579],"m2":38,"sites":["site-9095f90fa4"]}},{"type":"Feature","geometry":{"type":"Polygon","coordinates":[[[101.4447532,0.5364305],[101.4447814,0.5365164],[101.4446984,0.5365437],[101.4446705,0.5364577],[101.4447532,0.5364305]]]},"properties":{"id":"fp-ovt-93cc6cbf-426d-47","gers":"93cc6cbf-426d-4744-9337-f1ca7040e079","kind":"building","src":"overture","bbox":[101.444671,0.536431,101.444781,0.536544],"m2":98,"sites":["site-6b99a9cf29"]}},{"type":"Feature","geometry":{"type":"Polygon","coordinates":[[[17.0680947,-22.4144957],[17.0681199,-22.4143599],[17.0679427,-22.4143314],[17.0679175,-22.4144672],[17.0680947,-22.4144957]]]},"properties":{"id":"fp-ovt-94689cc9-a3f1-4a","gers":"94689cc9-a3f1-4a12-9951-8ff1e45a9862","kind":"building","src":"overture","bbox":[17.067918,-22.414496,17.06812,-22.414331],"m2":284,"sites":["site-2e1c901cb1"]}},{"type":"Feature","geometry":{"type":"Polygon","coordinates":[[[37.695002,55.7364214],[37.6949129,55.7360999],[37.6951592,55.7360783],[37.6952935,55.7365271],[37.6953103,55.7366114],[37.6953179,55.7366326],[37.69489,55.7366768],[37.6948533,55.7365523],[37.6950336,55.7365352],[37.695002,55.7364214]]]},"properties":{"id":"fp-ovt-94859448-0108-43","gers":"94859448-0108-43c5-8db3-167c3a85d7eb","kind":"building","src":"overture","bbox":[37.694853,55.736078,37.695318,55.736677],"m2":1159,"sites":["site-0284ef7bff"]}},{"type":"Feature","geometry":{"type":"Polygon","coordinates":[[[29.1801445,41.0256187],[29.1803769,41.0256994],[29.1803454,41.0257512],[29.1802967,41.0257343],[29.1802651,41.025786],[29.1803603,41.0258191],[29.1803247,41.0258775],[29.1798907,41.025727],[29.1799325,41.0256585],[29.1799458,41.0256631],[29.1799733,41.025618],[29.1801149,41.0256672],[29.1801445,41.0256187]]]},"properties":{"id":"fp-ovt-949e62b5-42fc-44","gers":"949e62b5-42fc-44eb-98d4-6dfb9f48f77b","kind":"building","src":"overture","bbox":[29.179891,41.025618,29.180377,41.025877],"m2":621,"sites":["site-69f47ca3ea"]}},{"type":"Feature","geometry":{"type":"Polygon","coordinates":[[[-96.9477272,18.8832033],[-96.947788,18.8831685],[-96.9477161,18.8830562],[-96.9476553,18.8830911],[-96.9477272,18.8832033]]]},"properties":{"id":"fp-ovt-9511dceb-8bc1-4b","gers":"9511dceb-8bc1-4b41-82ef-842dbe02e4f0","kind":"building","src":"overture","bbox":[-96.947788,18.883056,-96.947655,18.883203],"m2":109,"sites":["site-01a57e729e"]}},{"type":"Feature","geometry":{"type":"Polygon","coordinates":[[[73.0248013,19.1717571],[73.024226,19.1719363],[73.0241897,19.1718323],[73.024765,19.1716531],[73.0248013,19.1717571]]]},"properties":{"id":"fp-ovt-95138da7-9f9e-41","gers":"95138da7-9f9e-4156-becc-bbb584e81243","kind":"building","src":"overture","bbox":[73.02419,19.171653,73.024801,19.171936],"m2":776,"sites":["site-fa7ab6a731"]}},{"type":"Feature","geometry":{"type":"Polygon","coordinates":[[[-49.3503497,-25.4703311],[-49.3501585,-25.4702435],[-49.350257,-25.4700663],[-49.3502973,-25.4700848],[-49.3502753,-25.4701243],[-49.3503797,-25.4701721],[-49.3503212,-25.4702775],[-49.3503676,-25.4702987],[-49.3503497,-25.4703311]]]},"properties":{"id":"fp-ovt-956bbd08-971b-40","gers":"956bbd08-971b-4037-b336-0f9d8d36149c","kind":"building","src":"overture","bbox":[-49.35038,-25.470331,-49.350158,-25.470066],"m2":323,"sites":["site-34fa794844"]}},{"type":"Feature","geometry":{"type":"Polygon","coordinates":[[[-70.627984,-33.4500838],[-70.6278788,-33.4500778],[-70.6278812,-33.4500475],[-70.6279865,-33.4500534],[-70.627984,-33.4500838]]]},"properties":{"id":"fp-ovt-963d5d5d-fd0e-40","gers":"963d5d5d-fd0e-406e-a49a-a8598aa4f074","kind":"building","src":"overture","bbox":[-70.627987,-33.450084,-70.627879,-33.450047],"m2":33,"sites":["site-8b3142defc"]}},{"type":"Feature","geometry":{"type":"Polygon","coordinates":[[[24.5051363,43.7752753],[24.5043451,43.7752259],[24.5043618,43.7750859],[24.5051531,43.7751353],[24.5051363,43.7752753]]]},"properties":{"id":"fp-ovt-96a0ab3f-3f31-43","gers":"96a0ab3f-3f31-43db-b00e-7b11ea467eee","kind":"building","src":"overture","bbox":[24.504345,43.775086,24.505153,43.775275],"m2":999,"sites":["site-160a72bc94"]}},{"type":"Feature","geometry":{"type":"Polygon","coordinates":[[[27.4589837,42.5173032],[27.458854,42.5172433],[27.4589232,42.517164],[27.4589152,42.5171602],[27.4589824,42.5170832],[27.4589879,42.5170858],[27.4590281,42.5170397],[27.4590238,42.5170376],[27.4590825,42.5169704],[27.4590976,42.5169775],[27.4591406,42.5169283],[27.4591682,42.5169413],[27.4592286,42.5168722],[27.459201,42.5168591],[27.4592447,42.516809],[27.45923,42.516802],[27.4592891,42.5167342],[27.4593038,42.5167412],[27.4593478,42.5166907],[27.4593748,42.5167035],[27.4594344,42.5166351],[27.4594075,42.5166223],[27.4594755,42.5165443],[27.4594594,42.5165367],[27.4594936,42.5164975],[27.4595072,42.5165039],[27.4595503,42.5164544],[27.4595778,42.5164674],[27.4596396,42.5163966],[27.4596139,42.5163844],[27.459657,42.5163349],[27.45964,42.5163268],[27.4596995,42.5162586],[27.4597152,42.516266],[27.4597584,42.5162165],[27.4597839,42.5162286],[27.459843,42.5161609],[27.4598157,42.516148],[27.4598584,42.5160991],[27.4598431,42.5160918],[27.4599031,42.516023],[27.4599183,42.5160302],[27.4599605,42.5159818],[27.4599872,42.5159944],[27.4600491,42.5159234],[27.4600224,42.5159107],[27.4600642,42.5158627],[27.4600507,42.5158563],[27.4601108,42.5157874],[27.4601252,42.5157942],[27.4601673,42.5157459],[27.4601923,42.5157577],[27.4602519,42.5156894],[27.4602248,42.5156765],[27.4602674,42.5156278],[27.4602513,42.5156201],[27.4603134,42.5155489],[27.4603204,42.5155522],[27.4603589,42.515508],[27.4603514,42.5155045],[27.4604196,42.5154263],[27.4604246,42.5154287],[27.4604945,42.5153485],[27.4606217,42.5154097],[27.4589837,42.5173032]]]},"properties":{"id":"fp-ovt-96efdb59-a4f5-42","gers":"96efdb59-a4f5-42f7-8aa7-0844b30964bf","kind":"building","src":"overture","bbox":[27.458854,42.515349,27.460622,42.517303],"m2":2886,"sites":["site-e2b3006990"]}},{"type":"Feature","geometry":{"type":"Polygon","coordinates":[[[2.2492398,48.8972672],[2.2493145,48.8971614],[2.2493287,48.8971407],[2.2494584,48.8971843],[2.2494723,48.89719],[2.249483,48.8971957],[2.2496897,48.8973066],[2.2497103,48.8973202],[2.2497223,48.8973312],[2.2497293,48.8973404],[2.2497342,48.8973506],[2.2497358,48.8973609],[2.249736,48.8973699],[2.249733,48.8973845],[2.2496682,48.8974757],[2.249557,48.8974403],[2.2493717,48.8973814],[2.249269,48.8973489],[2.2493122,48.8972884],[2.2492398,48.8972672]]]},"properties":{"id":"fp-ovt-9719a408-5b4c-43","gers":"9719a408-5b4c-4366-af50-8003cc267e93","kind":"building","src":"overture","bbox":[2.24924,48.897141,2.249736,48.897476],"m2":725,"sites":["site-2d37731b08"]}},{"type":"Feature","geometry":{"type":"Polygon","coordinates":[[[76.9798958,10.9962129],[76.9797895,10.9961936],[76.9798312,10.9959721],[76.9799375,10.9959914],[76.9798958,10.9962129]]]},"properties":{"id":"fp-ovt-9727d88b-35e8-42","gers":"9727d88b-35e8-427d-92b6-607535e2066c","kind":"building","src":"overture","bbox":[76.979789,10.995972,76.979938,10.996213],"m2":296,"sites":["site-0c4fb739b9"]}},{"type":"Feature","geometry":{"type":"Polygon","coordinates":[[[-81.965477,27.9583054],[-81.9654698,27.9582735],[-81.9649848,27.9583589],[-81.9650457,27.958629],[-81.9649709,27.9586421],[-81.9649969,27.9587571],[-81.965131,27.9587335],[-81.9651408,27.9587768],[-81.9653858,27.9587337],[-81.9653961,27.9587793],[-81.9656051,27.9587425],[-81.9655753,27.9586103],[-81.9656398,27.958599],[-81.9655699,27.9582891],[-81.965477,27.9583054]]]},"properties":{"id":"fp-ovt-9756f1e9-ed0d-44","gers":"9756f1e9-ed0d-44b0-8793-002de5a5e4ab","kind":"building","src":"overture","bbox":[-81.96564,27.958274,-81.964971,27.958779],"m2":2897,"sites":["site-107f221bd0"]}},{"type":"Feature","geometry":{"type":"Polygon","coordinates":[[[112.7452725,-7.2762556],[112.7452843,-7.2761843],[112.7451405,-7.2761609],[112.7451287,-7.2762322],[112.7452725,-7.2762556]]]},"properties":{"id":"fp-ovt-9776861f-bdee-45","gers":"9776861f-bdee-45cc-bdde-8c646d7f6aa2","kind":"building","src":"overture","bbox":[112.745129,-7.276256,112.745284,-7.276161],"m2":129,"sites":["site-15f7efa01c"]}},{"type":"Feature","geometry":{"type":"Polygon","coordinates":[[[-1.9365389,52.3110369],[-1.936598,52.3110631],[-1.9371827,52.3105925],[-1.9371398,52.3105679],[-1.9371854,52.3105334],[-1.9370298,52.3104629],[-1.9369834,52.3104946],[-1.9369432,52.3104814],[-1.9363611,52.3109554],[-1.9363887,52.3109696],[-1.9363431,52.3110073],[-1.9364925,52.3110702],[-1.9365389,52.3110369]]]},"properties":{"id":"fp-ovt-97be7f92-8d38-40","gers":"97be7f92-8d38-40cd-a9d1-79df1931c176","kind":"building","src":"overture","bbox":[-1.937185,52.310463,-1.936343,52.31107],"m2":1472,"sites":["site-07c0a5c600"]}},{"type":"Feature","geometry":{"type":"Polygon","coordinates":[[[-48.2066452,-7.1805541],[-48.2065244,-7.1805919],[-48.2064409,-7.1803261],[-48.2065617,-7.1802883],[-48.2066452,-7.1805541]]]},"properties":{"id":"fp-ovt-98098ea6-95c0-4c","gers":"98098ea6-95c0-4c8f-9082-ced7a41fffe7","kind":"building","src":"overture","bbox":[-48.206645,-7.180592,-48.206441,-7.180288],"m2":434,"sites":["site-997f865fb7"]}},{"type":"Feature","geometry":{"type":"Polygon","coordinates":[[[30.4933307,50.4922582],[30.4933709,50.4922588],[30.4933672,50.4923543],[30.493327,50.4923537],[30.4933307,50.4922582]]]},"properties":{"id":"fp-ovt-9812f704-9742-4e","gers":"9812f704-9742-4ed9-acfc-26642976ca33","kind":"building","src":"overture","bbox":[30.493327,50.492258,30.493371,50.492354],"m2":30,"sites":["site-bed83bb983"]}},{"type":"Feature","geometry":{"type":"Polygon","coordinates":[[[77.0810751,28.4941307],[77.0810735,28.4940049],[77.0814817,28.494001],[77.0814832,28.4941268],[77.0810751,28.4941307]]]},"properties":{"id":"fp-ovt-9812feff-fd23-44","gers":"9812feff-fd23-44fc-959c-e0f3c62a46d9","kind":"building","src":"overture","bbox":[77.081074,28.494001,77.081483,28.494131],"m2":559,"sites":["site-1781ad844b"]}},{"type":"Feature","geometry":{"type":"Polygon","coordinates":[[[-103.244322,44.0476014],[-103.2442232,44.0475566],[-103.2440146,44.0477938],[-103.2441134,44.0478387],[-103.244322,44.0476014]]]},"properties":{"id":"fp-ovt-9881d8f9-46b8-42","gers":"9881d8f9-46b8-4287-bbe3-5657784f43ea","kind":"building","src":"overture","bbox":[-103.244322,44.047557,-103.244015,44.047839],"m2":292,"sites":["site-bbd27f6ecd"]}},{"type":"Feature","geometry":{"type":"Polygon","coordinates":[[[37.204197,19.6509892],[37.204138,19.6509109],[37.2042492,19.6508366],[37.2043082,19.6509149],[37.204197,19.6509892]]]},"properties":{"id":"fp-ovt-998839d4-25c6-49","gers":"998839d4-25c6-491a-863f-701bd40cc138","kind":"building","src":"overture","bbox":[37.204138,19.650837,37.204308,19.650989],"m2":153,"sites":["site-c50c72324f"]}},{"type":"Feature","geometry":{"type":"Polygon","coordinates":[[[5.1124777,61.9347657],[5.112356,61.934658],[5.1123596,61.9346571],[5.1122283,61.9345408],[5.1124989,61.9344732],[5.1125041,61.9344778],[5.1125757,61.93446],[5.1126764,61.9345491],[5.1126651,61.934552],[5.1126899,61.934574],[5.1127021,61.934571],[5.1128042,61.9346613],[5.1125627,61.9347217],[5.112598,61.934753],[5.1125703,61.9347599],[5.112555,61.9347464],[5.1124777,61.9347657]]]},"properties":{"id":"fp-ovt-9addcd5f-bd49-43","gers":"9addcd5f-bd49-4336-be07-fd861785f729","kind":"building","src":"overture","bbox":[5.112228,61.93446,5.112804,61.934766],"m2":543,"sites":["site-72d4b03038"]}},{"type":"Feature","geometry":{"type":"Polygon","coordinates":[[[106.8161737,-6.2025096],[106.8161093,-6.2025123],[106.8161115,-6.2025631],[106.8161758,-6.2025604],[106.8161737,-6.2025096]]]},"properties":{"id":"fp-ovt-9af19454-e97c-42","gers":"9af19454-e97c-4272-9cb9-a55bea6f52c4","kind":"building","src":"overture","bbox":[106.816109,-6.202563,106.816176,-6.20251],"m2":40,"sites":["site-a0a6461ef2"]}},{"type":"Feature","geometry":{"type":"Polygon","coordinates":[[[9.1803463,45.496901],[9.1803395,45.4969596],[9.1798947,45.4969374],[9.1798977,45.4969193],[9.1798326,45.4969134],[9.1799236,45.4966293],[9.1799942,45.4966446],[9.1799926,45.4966489],[9.1799526,45.4967583],[9.1802625,45.4967766],[9.1802772,45.4967073],[9.1804059,45.4967354],[9.180385,45.4969005],[9.1803463,45.496901]]]},"properties":{"id":"fp-ovt-9b19ad07-23a7-4f","gers":"9b19ad07-23a7-4f26-a211-c85504528915","kind":"building","src":"overture","bbox":[9.179833,45.496629,9.180406,45.49696],"m2":951,"sites":["site-98f47853ca"]}},{"type":"Feature","geometry":{"type":"Polygon","coordinates":[[[-60.6457451,-32.9530332],[-60.6457122,-32.9528902],[-60.645909,-32.9528581],[-60.6459182,-32.9528982],[-60.6458696,-32.9529061],[-60.6458843,-32.9529701],[-60.6458305,-32.9529789],[-60.6458394,-32.9530178],[-60.6457451,-32.9530332]]]},"properties":{"id":"fp-ovt-9b9ac4b1-42b1-4d","gers":"9b9ac4b1-42b1-4d98-81b2-818352e8ca81","kind":"building","src":"overture","bbox":[-60.645918,-32.953033,-60.645712,-32.952858],"m2":227,"sites":["site-99b10290a2"]}},{"type":"Feature","geometry":{"type":"Polygon","coordinates":[[[-83.238411,42.4716386],[-83.238001,42.4713709],[-83.2376725,42.4716447],[-83.2380826,42.4719123],[-83.238411,42.4716386]]]},"properties":{"id":"fp-ovt-9bffeaae-2efb-47","gers":"9bffeaae-2efb-47af-8fef-8d3c7dc7f502","kind":"building","src":"overture","bbox":[-83.238411,42.471371,-83.237673,42.471912],"m2":1830,"sites":["site-457c790e5f","site-bf6ef103fc"]}},{"type":"Feature","geometry":{"type":"Polygon","coordinates":[[[-78.4753059,-0.2732878],[-78.4752912,-0.27325],[-78.4753644,-0.273221],[-78.4753257,-0.2731219],[-78.4754083,-0.2730891],[-78.475447,-0.2731883],[-78.4753877,-0.2732118],[-78.4754025,-0.2732495],[-78.4753059,-0.2732878]]]},"properties":{"id":"fp-ovt-9c749aec-ca79-46","gers":"9c749aec-ca79-469f-b722-c5532a664982","kind":"building","src":"overture","bbox":[-78.475447,-0.273288,-78.475291,-0.273089],"m2":169,"sites":["site-9ceedd7962"]}},{"type":"Feature","geometry":{"type":"Polygon","coordinates":[[[-46.8743907,-23.1985909],[-46.8743215,-23.1985148],[-46.8744826,-23.1983897],[-46.8745517,-23.1984658],[-46.8743907,-23.1985909]]]},"properties":{"id":"fp-ovt-9c76b4ad-2a75-40","gers":"9c76b4ad-2a75-4005-9242-44e9675db04a","kind":"building","src":"overture","bbox":[-46.874552,-23.198591,-46.874322,-23.19839],"m2":238,"sites":["site-ee63f7f67d"]}},{"type":"Feature","geometry":{"type":"Polygon","coordinates":[[[13.7881177,43.1968589],[13.7880748,43.1969819],[13.787843,43.196939],[13.7878266,43.196986],[13.7876763,43.1969582],[13.7877357,43.196788],[13.7881177,43.1968589]]]},"properties":{"id":"fp-ovt-9c79315d-a3f2-44","gers":"9c79315d-a3f2-44de-9074-16bf74f510e3","kind":"building","src":"overture","bbox":[13.787676,43.196788,13.788118,43.196986],"m2":520,"sites":["site-ec0796618c"]}},{"type":"Feature","geometry":{"type":"Polygon","coordinates":[[[12.4725677,51.3724706],[12.4732114,51.372705],[12.4730397,51.3729026],[12.4723906,51.3726614],[12.4725677,51.3724706]]]},"properties":{"id":"fp-ovt-9cd9afea-c52c-4e","gers":"9cd9afea-c52c-4e00-97dc-33795162845f","kind":"building","src":"overture","bbox":[12.472391,51.372471,12.473211,51.372903],"m2":1292,"sites":["site-d541f5673d"]}},{"type":"Feature","geometry":{"type":"Polygon","coordinates":[[[-56.1027684,-15.5947021],[-56.1028626,-15.5946338],[-56.102911,-15.5946958],[-56.102901,-15.594703],[-56.1030299,-15.5948684],[-56.1029457,-15.5949293],[-56.1027684,-15.5947021]]]},"properties":{"id":"fp-ovt-9cfc11b1-3611-42","gers":"9cfc11b1-3611-42ad-8d9a-2b1aaefbb3ad","kind":"building","src":"overture","bbox":[-56.10303,-15.594929,-56.102768,-15.594634],"m2":369,"sites":["site-c4f970bc70"]}},{"type":"Feature","geometry":{"type":"Polygon","coordinates":[[[18.0291577,53.1322316],[18.0289984,53.1322509],[18.0289458,53.1322573],[18.0288332,53.1319467],[18.0289378,53.1319161],[18.0290317,53.1319016],[18.0291014,53.1319],[18.0291953,53.1319032],[18.0292596,53.1321285],[18.0291416,53.1321543],[18.0291577,53.1322316]]]},"properties":{"id":"fp-ovt-9d095787-63a0-40","gers":"9d095787-63a0-40d0-8a49-f3dfa56eb50b","kind":"building","src":"overture","bbox":[18.028833,53.1319,18.02926,53.132257],"m2":801,"sites":["site-ca6c28390f"]}},{"type":"Feature","geometry":{"type":"Polygon","coordinates":[[[-46.3151836,-23.6411777],[-46.3150313,-23.6412474],[-46.3149583,-23.6411138],[-46.3151107,-23.641044],[-46.3151836,-23.6411777]]]},"properties":{"id":"fp-ovt-9d188529-6030-4f","gers":"9d188529-6030-4f48-89e9-a8e6290a8a5a","kind":"building","src":"overture","bbox":[-46.315184,-23.641247,-46.314958,-23.641044],"m2":289,"sites":["site-ed6a8d2121"]}},{"type":"Feature","geometry":{"type":"Polygon","coordinates":[[[90.3569981,23.7596265],[90.3569161,23.7596228],[90.3569233,23.7594868],[90.3570054,23.7594904],[90.3569981,23.7596265]]]},"properties":{"id":"fp-ovt-9db95a94-b50b-4d","gers":"9db95a94-b50b-4d8d-98f8-dc9e6ab913bb","kind":"building","src":"overture","bbox":[90.356916,23.759487,90.357005,23.759626],"m2":127,"sites":["site-71073ef0e4"]}},{"type":"Feature","geometry":{"type":"Polygon","coordinates":[[[90.4028645,23.7988887],[90.4028325,23.7986387],[90.4030245,23.7986181],[90.4030565,23.7988681],[90.4028645,23.7988887]]]},"properties":{"id":"fp-ovt-9dea1815-8da3-49","gers":"9dea1815-8da3-496c-a59b-5a1e9e861060","kind":"building","src":"overture","bbox":[90.402833,23.798618,90.403057,23.798889],"m2":552,"sites":["site-422317365e"]}},{"type":"Feature","geometry":{"type":"Polygon","coordinates":[[[-82.1579342,33.4387979],[-82.1580052,33.4387663],[-82.1579713,33.4387133],[-82.1579003,33.438745],[-82.1579342,33.4387979]]]},"properties":{"id":"fp-ovt-9e0f7d42-fd7f-44","gers":"9e0f7d42-fd7f-4465-ba4e-a366da7b90d8","kind":"building","src":"overture","bbox":[-82.158005,33.438713,-82.1579,33.438798],"m2":50,"sites":["site-800b380f87"]}},{"type":"Feature","geometry":{"type":"Polygon","coordinates":[[[11.5998497,60.8297446],[11.5997954,60.8297098],[11.5998379,60.8296941],[11.5998922,60.8297289],[11.5998497,60.8297446]]]},"properties":{"id":"fp-ovt-9e4c0f54-0503-4e","gers":"9e4c0f54-0503-4e7d-b706-ded70aee6aae","kind":"building","src":"overture","bbox":[11.599795,60.829694,11.599892,60.829745],"m2":14,"sites":["site-c0977e3fc8"]}},{"type":"Feature","geometry":{"type":"Polygon","coordinates":[[[96.1293321,16.8499289],[96.1291565,16.8499247],[96.1291624,16.8497388],[96.1291233,16.8497388],[96.1291228,16.8497056],[96.129093,16.8496778],[96.1290961,16.8496096],[96.1291346,16.8495778],[96.1291372,16.8495502],[96.1291724,16.849551],[96.1291754,16.8494191],[96.1291767,16.8493631],[96.1293478,16.8493673],[96.1293398,16.8495615],[96.1294451,16.8495647],[96.1294449,16.8496722],[96.1293398,16.849672],[96.1293321,16.8499289]]]},"properties":{"id":"fp-ovt-9f159cb9-ce83-4a","gers":"9f159cb9-ce83-4adb-a029-9865810403b1","kind":"building","src":"overture","bbox":[96.129093,16.849363,96.129445,16.849929],"m2":1410,"sites":["site-4e15a1ebf9","site-f5d2779849"]}},{"type":"Feature","geometry":{"type":"Polygon","coordinates":[[[-51.1472322,-29.8238264],[-51.146988,-29.823718],[-51.1470987,-29.8235283],[-51.147343,-29.8236367],[-51.1472322,-29.8238264]]]},"properties":{"id":"fp-ovt-9f2b38c3-2180-47","gers":"9f2b38c3-2180-477e-b08c-31098bd0cbe4","kind":"building","src":"overture","bbox":[-51.147343,-29.823826,-51.146988,-29.823528],"m2":627,"sites":["site-d5912d6c72"]}},{"type":"Feature","geometry":{"type":"Polygon","coordinates":[[[23.5985093,46.7805178],[23.5980774,46.7804942],[23.5980903,46.7803838],[23.5985222,46.7804074],[23.5985093,46.7805178]]]},"properties":{"id":"fp-ovt-9f68ff24-098f-47","gers":"9f68ff24-098f-477f-a14a-6f5a773e8b74","kind":"building","src":"overture","bbox":[23.598077,46.780384,23.598522,46.780518],"m2":407,"sites":["site-7679549f19"]}},{"type":"Feature","geometry":{"type":"Polygon","coordinates":[[[3.5218,50.369946],[3.521797,50.369948],[3.52178,50.369931],[3.521782,50.36993],[3.5218,50.369946]]]},"properties":{"id":"fp-ovt-9f6f16b8-69ce-47","gers":"9f6f16b8-69ce-476d-89cb-c49fce38d718","kind":"building","src":"overture","bbox":[3.52178,50.36993,3.5218,50.369948],"m2":1,"sites":["site-f3da403575"]}},{"type":"Feature","geometry":{"type":"Polygon","coordinates":[[[-90.2119435,38.6211549],[-90.2119582,38.6211113],[-90.2118146,38.6210818],[-90.2117668,38.621224],[-90.2117545,38.6212607],[-90.2122039,38.6213529],[-90.2122493,38.6212178],[-90.2119435,38.6211549]]]},"properties":{"id":"fp-ovt-a0316b63-fd01-4d","gers":"a0316b63-fd01-4d64-a7c7-51558ffa8ad2","kind":"building","src":"overture","bbox":[-90.212249,38.621082,-90.211754,38.621353],"m2":694,"sites":["site-9a0610c093"]}},{"type":"Feature","geometry":{"type":"Polygon","coordinates":[[[35.5142777,33.8923066],[35.5143625,33.8921327],[35.5145802,33.8921481],[35.5145685,33.8921717],[35.5146049,33.8921841],[35.5144915,33.8924134],[35.5144138,33.892387],[35.5144183,33.8923779],[35.5142953,33.8923363],[35.5143053,33.8923159],[35.5142777,33.8923066]]]},"properties":{"id":"fp-ovt-a08e2396-dfe9-4f","gers":"a08e2396-dfe9-4f0f-83ff-19cc23b33bbf","kind":"building","src":"overture","bbox":[35.514278,33.892133,35.514605,33.892413],"m2":604,"sites":["site-03a3184843"]}},{"type":"Feature","geometry":{"type":"Polygon","coordinates":[[[66.8331203,24.8751989],[66.8331747,24.8752211],[66.8331375,24.8752969],[66.8330831,24.8752746],[66.8331203,24.8751989]]]},"properties":{"id":"fp-ovt-a0de27b6-6951-4d","gers":"a0de27b6-6951-4df1-a652-2b7c3c26d42a","kind":"building","src":"overture","bbox":[66.833083,24.875199,66.833175,24.875297],"m2":56,"sites":["site-197b69eee3"]}},{"type":"Feature","geometry":{"type":"Polygon","coordinates":[[[28.1629539,-25.9148783],[28.1629456,-25.9150396],[28.1630527,-25.915044],[28.1630634,-25.9148358],[28.1629924,-25.9148329],[28.162994,-25.9148004],[28.1628376,-25.9147938],[28.1628335,-25.9148733],[28.1629539,-25.9148783]]]},"properties":{"id":"fp-ovt-a100937d-4103-4d","gers":"a100937d-4103-4ded-bfab-dcd4a75e90c2","kind":"building","src":"overture","bbox":[28.162834,-25.915044,28.163063,-25.914794],"m2":369,"sites":["site-9919b83598"]}},{"type":"Feature","geometry":{"type":"Polygon","coordinates":[[[-59.1389908,-37.3287987],[-59.1386559,-37.3286747],[-59.1387034,-37.3285929],[-59.1390382,-37.328717],[-59.1389908,-37.3287987]]]},"properties":{"id":"fp-ovt-a109196c-f68f-44","gers":"a109196c-f68f-44a6-8e79-ab20d75993ce","kind":"building","src":"overture","bbox":[-59.139038,-37.328799,-59.138656,-37.328593],"m2":328,"sites":["site-5dff99d0d6"]}},{"type":"Feature","geometry":{"type":"Polygon","coordinates":[[[-59.3708574,-26.3084588],[-59.3708136,-26.3084518],[-59.3708236,-26.3084009],[-59.3708674,-26.3084079],[-59.3708574,-26.3084588]]]},"properties":{"id":"fp-ovt-a11743df-be01-4f","gers":"a11743df-be01-4f20-85cc-008a9501cd21","kind":"building","src":"overture","bbox":[-59.370867,-26.308459,-59.370814,-26.308401],"m2":26,"sites":["site-163e78704f"]}},{"type":"Feature","geometry":{"type":"Polygon","coordinates":[[[106.6498405,10.7965873],[106.649803,10.7965393],[106.6498519,10.7965023],[106.6498894,10.7965504],[106.6498405,10.7965873]]]},"properties":{"id":"fp-ovt-a1525633-100c-4c","gers":"a1525633-100c-4cc7-b612-c64bec7dcd40","kind":"building","src":"overture","bbox":[106.649803,10.796502,106.649889,10.796587],"m2":45,"sites":["site-f0e8d83735"]}},{"type":"Feature","geometry":{"type":"Polygon","coordinates":[[[106.8625709,-6.2153309],[106.8626326,-6.2152702],[106.8625925,-6.2152299],[106.8625308,-6.2152906],[106.8625709,-6.2153309]]]},"properties":{"id":"fp-ovt-a1b21f97-3082-4e","gers":"a1b21f97-3082-4e78-93ab-d3a846cf39b6","kind":"building","src":"overture","bbox":[106.862531,-6.215331,106.862633,-6.21523],"m2":61,"sites":["site-6580f7d750"]}},{"type":"Feature","geometry":{"type":"Polygon","coordinates":[[[51.6382743,32.6294973],[51.6383762,32.629346],[51.6385049,32.6293301],[51.6385478,32.6294996],[51.6384647,32.6295131],[51.6384862,32.6295922],[51.6385595,32.6295872],[51.6385851,32.6297137],[51.6383952,32.6297207],[51.6383333,32.629678],[51.6382743,32.6294973]]]},"properties":{"id":"fp-ovt-a1c8312b-0639-4b","gers":"a1c8312b-0639-4b22-bc31-005f206fa977","kind":"building","src":"overture","bbox":[51.638274,32.62933,51.638585,32.629721],"m2":837,"sites":["site-6c7f5f43e0"]}},{"type":"Feature","geometry":{"type":"Polygon","coordinates":[[[111.8933682,-8.0233602],[111.8934214,-8.0232179],[111.8933533,-8.0231926],[111.8933001,-8.0233349],[111.8933682,-8.0233602]]]},"properties":{"id":"fp-ovt-a1cd91c0-eae6-46","gers":"a1cd91c0-eae6-4619-a950-65610463bc9b","kind":"building","src":"overture","bbox":[111.8933,-8.02336,111.893421,-8.023193],"m2":135,"sites":["site-8b66ca20aa"]}},{"type":"Feature","geometry":{"type":"Polygon","coordinates":[[[9.9092639,2.9426277],[9.9090774,2.9426044],[9.9090945,2.942468],[9.909281,2.9424913],[9.9092639,2.9426277]]]},"properties":{"id":"fp-ovt-a1d0124c-7d8b-42","gers":"a1d0124c-7d8b-4223-951b-cfce968f6539","kind":"building","src":"overture","bbox":[9.909077,2.942468,9.909281,2.942628],"m2":320,"sites":["site-1a468beb17"]}},{"type":"Feature","geometry":{"type":"Polygon","coordinates":[[[-104.96388,42.045661],[-104.963997,42.045594],[-104.963935,42.045534],[-104.964007,42.045493],[-104.963954,42.045442],[-104.963765,42.045551],[-104.96388,42.045661]]]},"properties":{"id":"fp-ovt-a1e65417-4faf-44","gers":"a1e65417-4faf-444a-8955-d01176f2ef7b","kind":"building","src":"overture","bbox":[-104.964007,42.045442,-104.963765,42.045661],"m2":244,"sites":["site-f621b97d40"]}},{"type":"Feature","geometry":{"type":"Polygon","coordinates":[[[35.214538,31.9174468],[35.2135022,31.9177619],[35.2134361,31.9177633],[35.213409,31.9176895],[35.213408,31.9176548],[35.2143125,31.9174001],[35.2143114,31.9173624],[35.2143485,31.9173616],[35.2144232,31.9173418],[35.2144931,31.9173404],[35.214538,31.9174468]]]},"properties":{"id":"fp-ovt-a1fab415-741a-47","gers":"a1fab415-741a-47dd-aa94-162b9b4758f5","kind":"building","src":"overture","bbox":[35.213408,31.91734,35.214538,31.917763],"m2":1461,"sites":["site-3d69919e57"]}},{"type":"Feature","geometry":{"type":"Polygon","coordinates":[[[67.0722653,24.8305565],[67.0724155,24.8305942],[67.0723632,24.8307208],[67.0722224,24.8306855],[67.0722653,24.8305565]]]},"properties":{"id":"fp-ovt-a217e1e6-9312-42","gers":"a217e1e6-9312-427a-90c2-309ece128e2d","kind":"building","src":"overture","bbox":[67.072222,24.830557,67.072416,24.830721],"m2":229,"sites":["site-8969c7ac35"]}},{"type":"Feature","geometry":{"type":"Polygon","coordinates":[[[1.6920144,52.7181334],[1.6919164,52.7183142],[1.6916152,52.7182543],[1.6917132,52.7180735],[1.6920144,52.7181334]]]},"properties":{"id":"fp-ovt-a2658dfb-b6e0-4d","gers":"a2658dfb-b6e0-4d49-9ed5-1ec54240c862","kind":"building","src":"overture","bbox":[1.691615,52.718074,1.692014,52.718314],"m2":453,"sites":["site-a87d9f39cf"]}},{"type":"Feature","geometry":{"type":"Polygon","coordinates":[[[26.0241102,44.9368396],[26.0239143,44.936965],[26.0237286,44.9368162],[26.0237085,44.9368302],[26.0236243,44.9367552],[26.0236398,44.9367451],[26.0233461,44.9365097],[26.0233812,44.9364884],[26.0232745,44.9364024],[26.0233761,44.9363294],[26.0234145,44.9363018],[26.0234626,44.9363406],[26.0238887,44.9366689],[26.0241102,44.9368396]]]},"properties":{"id":"fp-ovt-a2672b86-f217-4d","gers":"a2672b86-f217-4dbe-aa4d-779b40ee3783","kind":"building","src":"overture","bbox":[26.023274,44.936302,26.02411,44.936965],"m2":1590,"sites":["site-d5e5f2c42c"]}},{"type":"Feature","geometry":{"type":"Polygon","coordinates":[[[6.798385,51.2587201],[6.7983223,51.2586804],[6.7982651,51.2586432],[6.7986406,51.2584143],[6.799184,51.2587659],[6.7991825,51.258767],[6.7988179,51.2589905],[6.798816,51.2589914],[6.798385,51.2587201]]]},"properties":{"id":"fp-ovt-a399b6b9-7e30-46","gers":"a399b6b9-7e30-46b3-b999-2ccc14d5c1ea","kind":"building","src":"overture","bbox":[6.798265,51.258414,6.799184,51.258991],"m2":1976,"sites":["site-65062b2d93","site-97005536d8"]}},{"type":"Feature","geometry":{"type":"Polygon","coordinates":[[[67.8334817,40.1791513],[67.8334296,40.179154],[67.8334262,40.1791153],[67.8334782,40.1791126],[67.8334817,40.1791513]]]},"properties":{"id":"fp-ovt-a43f7496-8192-45","gers":"a43f7496-8192-454b-93c5-1da0540aa062","kind":"building","src":"overture","bbox":[67.833426,40.179113,67.833482,40.179154],"m2":19,"sites":["site-1ed01d258c"]}},{"type":"Feature","geometry":{"type":"Polygon","coordinates":[[[33.3826457,34.8613179],[33.3825677,34.861319],[33.3825665,34.8612601],[33.3826445,34.861259],[33.3826457,34.8613179]]]},"properties":{"id":"fp-ovt-a4713661-5b81-40","gers":"a4713661-5b81-401c-92ad-bfb8931047bc","kind":"building","src":"overture","bbox":[33.382567,34.861259,33.382646,34.861319],"m2":47,"sites":["site-386e6e7f43"]}},{"type":"Feature","geometry":{"type":"Polygon","coordinates":[[[-76.974681,-12.1792432],[-76.974555,-12.1792399],[-76.9745572,-12.1791613],[-76.9746832,-12.1791646],[-76.974681,-12.1792432]]]},"properties":{"id":"fp-ovt-a49e3488-3ede-49","gers":"a49e3488-3ede-4982-9ae7-c0d6b68e37b9","kind":"building","src":"overture","bbox":[-76.974683,-12.179243,-76.974555,-12.179161],"m2":120,"sites":["site-51e41252e6"]}},{"type":"Feature","geometry":{"type":"Polygon","coordinates":[[[106.8694082,-6.2434844],[106.8692693,-6.2434333],[106.869071,-6.2439657],[106.8691383,-6.2439905],[106.8692375,-6.244027],[106.8692234,-6.2440648],[106.8694331,-6.244142],[106.8695607,-6.2437994],[106.8696455,-6.2435717],[106.8694861,-6.2435131],[106.8694082,-6.2434844]]]},"properties":{"id":"fp-ovt-a54b676c-05ff-4c","gers":"a54b676c-05ff-4c6e-bf9f-ca2ee71e7b94","kind":"building","src":"overture","bbox":[106.869071,-6.244142,106.869646,-6.243433],"m2":2917,"sites":["site-21be8aa2e3"]}},{"type":"Feature","geometry":{"type":"Polygon","coordinates":[[[79.8237119,11.9393313],[79.823703,11.9393012],[79.8238132,11.9392699],[79.8238592,11.9394248],[79.8237306,11.9394613],[79.8236935,11.9393365],[79.8237119,11.9393313]]]},"properties":{"id":"fp-ovt-a557a4ac-c7b2-40","gers":"a557a4ac-c7b2-4008-ab27-addcac819b2f","kind":"building","src":"overture","bbox":[79.823694,11.93927,79.823859,11.939461],"m2":255,"sites":["site-c1110a6347"]}},{"type":"Feature","geometry":{"type":"Polygon","coordinates":[[[121.6377556,31.2133684],[121.6378028,31.2133965],[121.6376662,31.2135649],[121.6376201,31.2135358],[121.6377556,31.2133684]]]},"properties":{"id":"fp-ovt-a5ebcc10-4402-49","gers":"a5ebcc10-4402-4924-816d-5db033f44541","kind":"building","src":"overture","bbox":[121.63762,31.213368,121.637803,31.213565],"m2":124,"sites":["site-ce5a37fd58"]}},{"type":"Feature","geometry":{"type":"Polygon","coordinates":[[[60.5834864,56.8390372],[60.5838352,56.8390796],[60.583786,56.8392004],[60.583943,56.8392195],[60.5837845,56.8396094],[60.5835295,56.8395784],[60.5835768,56.8394622],[60.58344,56.8394456],[60.5834649,56.8393845],[60.5833508,56.8393706],[60.5834864,56.8390372]]]},"properties":{"id":"fp-ovt-a60adcd0-7a45-4b","gers":"a60adcd0-7a45-4b1c-bbd7-9a024df61c43","kind":"building","src":"overture","bbox":[60.583351,56.839037,60.583943,56.839609],"m2":1446,"sites":["site-949a32887e"]}},{"type":"Feature","geometry":{"type":"Polygon","coordinates":[[[-75.5415462,10.416773],[-75.5416742,10.4168161],[-75.5417047,10.4167283],[-75.5415768,10.4166852],[-75.5415462,10.416773]]]},"properties":{"id":"fp-ovt-a63a666d-e0ee-43","gers":"a63a666d-e0ee-43df-a658-ff909c0b50d5","kind":"building","src":"overture","bbox":[-75.541705,10.416685,-75.541546,10.416816],"m2":153,"sites":["site-dbbd4af695"]}},{"type":"Feature","geometry":{"type":"Polygon","coordinates":[[[23.3952322,42.6687277],[23.395082,42.6687993],[23.3949484,42.6686478],[23.3955201,42.6683752],[23.3956289,42.6684985],[23.3952073,42.6686995],[23.3952322,42.6687277]]]},"properties":{"id":"fp-ovt-a686ab45-c3dc-47","gers":"a686ab45-c3dc-47bd-9613-9941305dcf05","kind":"building","src":"overture","bbox":[23.394948,42.668375,23.395629,42.668799],"m2":967,"sites":["site-6bf6a53556"]}},{"type":"Feature","geometry":{"type":"Polygon","coordinates":[[[-71.5268878,-16.3877073],[-71.5268677,-16.3876655],[-71.5269182,-16.3876429],[-71.5269383,-16.3876846],[-71.5268878,-16.3877073]]]},"properties":{"id":"fp-ovt-a6bb66b0-3a0c-41","gers":"a6bb66b0-3a0c-41a8-ad73-a64ce043c95f","kind":"building","src":"overture","bbox":[-71.526938,-16.387707,-71.526868,-16.387643],"m2":30,"sites":["site-48f913766e"]}},{"type":"Feature","geometry":{"type":"Polygon","coordinates":[[[69.2717554,41.3156494],[69.2709748,41.315853],[69.2707621,41.3153931],[69.2715427,41.3151894],[69.2717554,41.3156494]]]},"properties":{"id":"fp-ovt-a7139360-b84e-4e","gers":"a7139360-b84e-4ed7-84d3-73cb67d7d1bd","kind":"building","src":"overture","bbox":[69.270762,41.315189,69.271755,41.315853],"m2":3745,"sites":["site-79772d5b2a"]}},{"type":"Feature","geometry":{"type":"Polygon","coordinates":[[[19.0552835,47.5178062],[19.0554067,47.5179776],[19.0556373,47.5179256],[19.055765,47.5178963],[19.0559637,47.5178511],[19.055942,47.5178213],[19.0561842,47.517741],[19.0562728,47.5178787],[19.0560676,47.5179273],[19.0554567,47.518072],[19.0551322,47.5181488],[19.054961,47.5179129],[19.0552835,47.5178062]]]},"properties":{"id":"fp-ovt-a716d7eb-2eb2-47","gers":"a716d7eb-2eb2-474b-8745-3eb33eb0a577","kind":"building","src":"overture","bbox":[19.054961,47.517741,19.056273,47.518149],"m2":1620,"sites":["site-238b3f6792"]}},{"type":"Feature","geometry":{"type":"Polygon","coordinates":[[[-46.7201814,-23.6503685],[-46.7201874,-23.6503685],[-46.7203176,-23.6501523],[-46.7209709,-23.6504863],[-46.7208099,-23.6507535],[-46.7208173,-23.6507534],[-46.7206871,-23.6509573],[-46.7204795,-23.6513019],[-46.7203605,-23.651241],[-46.7203218,-23.6513052],[-46.7203198,-23.6513042],[-46.7203185,-23.6513064],[-46.7202224,-23.6512544],[-46.7200449,-23.6511636],[-46.7200473,-23.6511596],[-46.7199979,-23.6511328],[-46.7200377,-23.6510704],[-46.7200135,-23.6510573],[-46.7201185,-23.6508928],[-46.7200808,-23.6508724],[-46.7201288,-23.6507972],[-46.7201181,-23.6507914],[-46.7201252,-23.6507802],[-46.7200959,-23.6507652],[-46.7201486,-23.6506778],[-46.7200999,-23.6506529],[-46.7201686,-23.6505389],[-46.720145,-23.6505391],[-46.7201449,-23.6505296],[-46.7201743,-23.6505294],[-46.7201828,-23.6505153],[-46.7201483,-23.6504976],[-46.7201821,-23.6504415],[-46.7201814,-23.6503685]]]},"properties":{"id":"fp-ovt-a7bc0187-6ce3-4f","gers":"a7bc0187-6ce3-4f05-97c3-dd626c036255","kind":"building","src":"overture","bbox":[-46.720971,-23.651306,-46.719998,-23.650152],"m2":7243,"sites":["site-c399e08b5b"]}},{"type":"Feature","geometry":{"type":"Polygon","coordinates":[[[-38.9615629,-12.2690995],[-38.9615252,-12.2690899],[-38.9615442,-12.2690188],[-38.9615819,-12.2690284],[-38.9615629,-12.2690995]]]},"properties":{"id":"fp-ovt-a7c7ac2c-3c7e-4b","gers":"a7c7ac2c-3c7e-4bc0-8bca-ea76d976059d","kind":"building","src":"overture","bbox":[-38.961582,-12.269099,-38.961525,-12.269019],"m2":35,"sites":["site-a0b01d7d42"]}},{"type":"Feature","geometry":{"type":"Polygon","coordinates":[[[14.7713686,41.1219892],[14.7715294,41.1218104],[14.7717653,41.1219307],[14.7716046,41.1221096],[14.7713686,41.1219892]]]},"properties":{"id":"fp-ovt-a8a8db49-0e81-4d","gers":"a8a8db49-0e81-4d22-b8f6-424ce5860981","kind":"building","src":"overture","bbox":[14.771369,41.12181,14.771765,41.12211],"m2":575,"sites":["site-e7584b7a5c"]}},{"type":"Feature","geometry":{"type":"Polygon","coordinates":[[[13.1818351,-8.9014382],[13.1820485,-8.9014097],[13.1820343,-8.9013056],[13.1818209,-8.9013341],[13.1818351,-8.9014382]]]},"properties":{"id":"fp-ovt-a9c2a1d6-1f1b-43","gers":"a9c2a1d6-1f1b-43a2-9dba-aef4b0f6500a","kind":"building","src":"overture","bbox":[13.181821,-8.901438,13.182049,-8.901306],"m2":277,"sites":["site-86b4917d12"]}},{"type":"Feature","geometry":{"type":"Polygon","coordinates":[[[31.2139248,-29.535532],[31.213993,-29.5354719],[31.2138992,-29.5353905],[31.2139168,-29.5353749],[31.2138431,-29.5353109],[31.2137794,-29.535367],[31.2138258,-29.5354073],[31.2138036,-29.5354269],[31.2138309,-29.5354506],[31.2137843,-29.5354916],[31.2138498,-29.5355484],[31.2138964,-29.5355074],[31.2139248,-29.535532]]]},"properties":{"id":"fp-ovt-a9e83408-3182-46","gers":"a9e83408-3182-4659-b3b2-dad72f5416fe","kind":"building","src":"overture","bbox":[31.213779,-29.535548,31.213993,-29.535311],"m2":278,"sites":["site-e220093740"]}},{"type":"Feature","geometry":{"type":"Polygon","coordinates":[[[112.917996,27.8231981],[112.9180529,27.8232253],[112.9180121,27.8232927],[112.9179552,27.8232655],[112.917996,27.8231981]]]},"properties":{"id":"fp-ovt-aa04b89a-1cae-4d","gers":"aa04b89a-1cae-4d73-9878-7632c62d18ad","kind":"building","src":"overture","bbox":[112.917955,27.823198,112.918053,27.823293],"m2":54,"sites":["site-c790ca4a52"]}},{"type":"Feature","geometry":{"type":"Polygon","coordinates":[[[-1.5000044,12.304743],[-1.5000251,12.3047356],[-1.5000212,12.3047307],[-1.5000192,12.3047247],[-1.5000194,12.3047184],[-1.4999989,12.3047279],[-1.5000044,12.304743]]]},"properties":{"id":"fp-ovt-aa2dc930-fa75-43","gers":"aa2dc930-fa75-437a-9192-fc6121371a93","kind":"building","src":"overture","bbox":[-1.500025,12.304718,-1.499999,12.304743],"m2":4,"sites":["site-122f18ef01"]}},{"type":"Feature","geometry":{"type":"Polygon","coordinates":[[[-61.1625273,-32.5899703],[-61.162414,-32.589915],[-61.1624843,-32.5898119],[-61.1625976,-32.5898672],[-61.1625273,-32.5899703]]]},"properties":{"id":"fp-ovt-aa2e09e1-b6c7-47","gers":"aa2e09e1-b6c7-47da-96b5-81c63525ee78","kind":"building","src":"overture","bbox":[-61.162598,-32.58997,-61.162414,-32.589812],"m2":163,"sites":["site-2e6268af72"]}},{"type":"Feature","geometry":{"type":"Polygon","coordinates":[[[115.1883305,-8.6812118],[115.1882004,-8.6813526],[115.1882701,-8.6814156],[115.1884002,-8.6812748],[115.1883305,-8.6812118]]]},"properties":{"id":"fp-ovt-aa75780f-9743-41","gers":"aa75780f-9743-4189-bd93-411212e0fe94","kind":"building","src":"overture","bbox":[115.1882,-8.681416,115.1884,-8.681212],"m2":221,"sites":["site-bd80c6918e"]}},{"type":"Feature","geometry":{"type":"Polygon","coordinates":[[[-55.7214157,-22.5365739],[-55.7213897,-22.5366088],[-55.7213395,-22.5365768],[-55.7212146,-22.5364973],[-55.7212636,-22.5364317],[-55.7213884,-22.5365113],[-55.7213655,-22.5365419],[-55.7214157,-22.5365739]]]},"properties":{"id":"fp-ovt-aa7bbeed-fb40-45","gers":"aa7bbeed-fb40-454a-b453-6d9204dd03df","kind":"building","src":"overture","bbox":[-55.721416,-22.536609,-55.721215,-22.536432],"m2":168,"sites":["site-6a7239f866"]}},{"type":"Feature","geometry":{"type":"Polygon","coordinates":[[[73.1733829,22.310607],[73.1731758,22.3106207],[73.173129,22.3102923],[73.1733287,22.3102627],[73.1733829,22.310607]]]},"properties":{"id":"fp-ovt-aac06893-26f7-48","gers":"aac06893-26f7-4883-848e-9530f6a4623c","kind":"building","src":"overture","bbox":[73.173129,22.310263,73.173383,22.310621],"m2":797,"sites":["site-3ddd432940"]}},{"type":"Feature","geometry":{"type":"Polygon","coordinates":[[[10.16079,36.6982724],[10.1607333,36.6983107],[10.1606289,36.6981745],[10.160712,36.6981268],[10.1607935,36.6982171],[10.1607581,36.6982384],[10.16079,36.6982724]]]},"properties":{"id":"fp-ovt-aaf5008a-e265-4d","gers":"aaf5008a-e265-4db7-bc28-714f485f9cd9","kind":"building","src":"overture","bbox":[10.160629,36.698127,10.160794,36.698311],"m2":151,"sites":["site-cc69633b02"]}},{"type":"Feature","geometry":{"type":"Polygon","coordinates":[[[105.5516362,20.9892337],[105.55165,20.9894689],[105.5515112,20.9894761],[105.5514973,20.9892409],[105.5516362,20.9892337]]]},"properties":{"id":"fp-ovt-ab0614a2-a53f-48","gers":"ab0614a2-a53f-487e-9213-6e9cff8c4e0f","kind":"building","src":"overture","bbox":[105.551497,20.989234,105.55165,20.989476],"m2":379,"sites":["site-2f16ca9994"]}},{"type":"Feature","geometry":{"type":"Polygon","coordinates":[[[-78.5508092,-0.3226444],[-78.5506517,-0.322672],[-78.5506385,-0.3225965],[-78.5507283,-0.3225808],[-78.5507183,-0.3225235],[-78.550786,-0.3225117],[-78.5508092,-0.3226444]]]},"properties":{"id":"fp-ovt-ab16794e-a3ab-48","gers":"ab16794e-a3ab-48bc-9d4d-7799534b156b","kind":"building","src":"overture","bbox":[-78.550809,-0.322672,-78.550639,-0.322512],"m2":201,"sites":["site-e753756257"]}},{"type":"Feature","geometry":{"type":"Polygon","coordinates":[[[-105.3377278,42.7329787],[-105.3375873,42.7331754],[-105.3382981,42.7334493],[-105.3384386,42.7332525],[-105.3377278,42.7329787]]]},"properties":{"id":"fp-ovt-ab35e54b-ceb3-4e","gers":"ab35e54b-ceb3-4eb2-b587-4c1ab99d1ad7","kind":"building","src":"overture","bbox":[-105.338439,42.732979,-105.337587,42.733449],"m2":1623,"sites":["site-6c217a1231"]}},{"type":"Feature","geometry":{"type":"Polygon","coordinates":[[[-56.6255046,-16.264897],[-56.6253172,-16.2647641],[-56.6254239,-16.2646237],[-56.6254933,-16.2646729],[-56.6254814,-16.2646885],[-56.6255994,-16.2647722],[-56.6255046,-16.264897]]]},"properties":{"id":"fp-ovt-ab93a05c-cc63-42","gers":"ab93a05c-cc63-42a5-a761-f5561f95eed1","kind":"building","src":"overture","bbox":[-56.625599,-16.264897,-56.625317,-16.264624],"m2":448,"sites":["site-dd6651e7b4"]}},{"type":"Feature","geometry":{"type":"Polygon","coordinates":[[[9.0055719,44.9932622],[9.0055374,44.9932513],[9.005561,44.9932145],[9.005502,44.9931956],[9.0055141,44.9931636],[9.0057944,44.9932617],[9.0057078,44.9933885],[9.005563,44.9935748],[9.0054143,44.9935306],[9.0053784,44.9935199],[9.0054008,44.9934694],[9.0054162,44.9934372],[9.0055013,44.9934699],[9.0055649,44.9933765],[9.0056047,44.993389],[9.0056241,44.9933582],[9.0056501,44.9933167],[9.0055987,44.9933006],[9.0056235,44.9932611],[9.005581,44.9932477],[9.0055719,44.9932622]]]},"properties":{"id":"fp-ovt-ac440290-911e-40","gers":"ac440290-911e-406b-aa25-95d06ed3eb1c","kind":"building","src":"overture","bbox":[9.005378,44.993164,9.005794,44.993575],"m2":524,"sites":["site-c86a576a8d"]}},{"type":"Feature","geometry":{"type":"Polygon","coordinates":[[[14.6197764,48.2458896],[14.6195805,48.2458717],[14.6196428,48.2455684],[14.6203097,48.2456292],[14.6202474,48.2459325],[14.619844,48.2458957],[14.6197764,48.2458896]]]},"properties":{"id":"fp-ovt-aced77ec-7928-47","gers":"aced77ec-7928-4794-b43f-b769437fff48","kind":"building","src":"overture","bbox":[14.61958,48.245568,14.62031,48.245933],"m2":1700,"sites":["site-b9cfc746ec"]}},{"type":"Feature","geometry":{"type":"Polygon","coordinates":[[[107.4726117,-6.8456104],[107.4726091,-6.8455689],[107.4725059,-6.845577],[107.4725065,-6.8456169],[107.4726117,-6.8456104]]]},"properties":{"id":"fp-ovt-ad03074f-73b2-4c","gers":"ad03074f-73b2-4c61-946c-cee1baa2d5f0","kind":"building","src":"overture","bbox":[107.472506,-6.845617,107.472612,-6.845569],"m2":52,"sites":["site-b976315062"]}},{"type":"Feature","geometry":{"type":"Polygon","coordinates":[[[6.1101506,49.5796715],[6.1105027,49.5798247],[6.110432,49.5798931],[6.1100799,49.5797398],[6.1101506,49.5796715]]]},"properties":{"id":"fp-ovt-ad23ae9f-b913-4c","gers":"ad23ae9f-b913-4c6e-8fdd-36f92f518759","kind":"building","src":"overture","bbox":[6.11008,49.579672,6.110503,49.579893],"m2":280,"sites":["site-847e4e522d"]}},{"type":"Feature","geometry":{"type":"Polygon","coordinates":[[[-69.2518823,-51.6221147],[-69.2519856,-51.6220829],[-69.2519557,-51.6220455],[-69.2520471,-51.6220173],[-69.252117,-51.6221048],[-69.2518201,-51.6221963],[-69.2517817,-51.6221483],[-69.2517386,-51.6221615],[-69.2517103,-51.6221261],[-69.2518136,-51.6220943],[-69.2518269,-51.622111],[-69.251869,-51.622098],[-69.2518823,-51.6221147]]]},"properties":{"id":"fp-ovt-adedac91-7b1e-42","gers":"adedac91-7b1e-4249-b1c5-1ec4dc16ed2c","kind":"building","src":"overture","bbox":[-69.252117,-51.622196,-69.25171,-51.622017],"m2":216,"sites":["site-f477a7f6e4"]}},{"type":"Feature","geometry":{"type":"Polygon","coordinates":[[[26.7996105,46.2917812],[26.7995206,46.2917371],[26.7995529,46.2917056],[26.7996429,46.2917498],[26.7996105,46.2917812]]]},"properties":{"id":"fp-ovt-ae4f373c-7c03-47","gers":"ae4f373c-7c03-4719-b85d-eabd83f92da6","kind":"building","src":"overture","bbox":[26.799521,46.291706,26.799643,46.291781],"m2":36,"sites":["site-abb8e43546"]}},{"type":"Feature","geometry":{"type":"Polygon","coordinates":[[[-93.2658161,45.0005899],[-93.2657936,45.0005898],[-93.2657914,45.0008005],[-93.2660308,45.0008017],[-93.2660312,45.0007644],[-93.2660134,45.0007644],[-93.2660167,45.0004506],[-93.2658176,45.0004496],[-93.2658161,45.0005899]]]},"properties":{"id":"fp-ovt-aec40267-0f55-4d","gers":"aec40267-0f55-4db5-8c91-57fc55725843","kind":"building","src":"overture","bbox":[-93.266031,45.00045,-93.265791,45.000802],"m2":660,"sites":["site-d74ddb6052"]}},{"type":"Feature","geometry":{"type":"Polygon","coordinates":[[[29.156596,41.0086437],[29.1567233,41.0085906],[29.1567563,41.0086355],[29.1566289,41.0086887],[29.156596,41.0086437]]]},"properties":{"id":"fp-ovt-aedb33fa-11b1-40","gers":"aedb33fa-11b1-40a9-8657-3b0510f4fc60","kind":"building","src":"overture","bbox":[29.156596,41.008591,29.156756,41.008689],"m2":70,"sites":["site-6d1ab47f23"]}},{"type":"Feature","geometry":{"type":"Polygon","coordinates":[[[-51.1714263,-29.1660287],[-51.1713306,-29.1660263],[-51.1713366,-29.1658419],[-51.1714323,-29.1658443],[-51.1714263,-29.1660287]]]},"properties":{"id":"fp-ovt-af128595-4226-41","gers":"af128595-4226-41af-a216-efd32d89057b","kind":"building","src":"overture","bbox":[-51.171432,-29.166029,-51.171331,-29.165842],"m2":191,"sites":["site-3348e2c3ee"]}},{"type":"Feature","geometry":{"type":"Polygon","coordinates":[[[-46.4138552,-24.0079561],[-46.4138377,-24.007739],[-46.41396,-24.0077307],[-46.4139624,-24.0077614],[-46.4139941,-24.0077593],[-46.4140025,-24.0078632],[-46.4141243,-24.0078549],[-46.4141159,-24.007751],[-46.4141966,-24.0077455],[-46.4142094,-24.0079048],[-46.4140522,-24.0079154],[-46.4140543,-24.0079426],[-46.4138552,-24.0079561]]]},"properties":{"id":"fp-ovt-af28e24d-6155-49","gers":"af28e24d-6155-49df-a9e9-2857d8e403aa","kind":"building","src":"overture","bbox":[-46.414209,-24.007956,-46.413838,-24.007731],"m2":606,"sites":["site-11456903c2"]}},{"type":"Feature","geometry":{"type":"Polygon","coordinates":[[[30.0897368,-1.9444321],[30.0898253,-1.9443034],[30.0897207,-1.9442337],[30.0896268,-1.9443516],[30.0896188,-1.9444079],[30.0895437,-1.9444347],[30.0895007,-1.9444026],[30.0893076,-1.9443865],[30.0892969,-1.9444696],[30.0893237,-1.9444723],[30.0893184,-1.9445313],[30.0894847,-1.9445473],[30.0895222,-1.9445286],[30.0895946,-1.9445849],[30.0895946,-1.9446304],[30.0896617,-1.9447752],[30.0897797,-1.9447189],[30.0897126,-1.9445715],[30.0896778,-1.9445339],[30.0896885,-1.9444562],[30.0897368,-1.9444321]]]},"properties":{"id":"fp-ovt-af39cd9d-6836-4d","gers":"af39cd9d-6836-4d30-917b-bbc2446e48c0","kind":"building","src":"overture","bbox":[30.089297,-1.944775,30.089825,-1.944234],"m2":1278,"sites":["site-e799fccf81"]}},{"type":"Feature","geometry":{"type":"Polygon","coordinates":[[[5.598392,58.8602622],[5.598205,58.8602488],[5.598283,58.8599568],[5.59847,58.8599702],[5.598392,58.8602622]]]},"properties":{"id":"fp-ovt-af962ee2-2fa4-42","gers":"af962ee2-2fa4-4299-b431-3609f3770551","kind":"building","src":"overture","bbox":[5.598205,58.859957,5.59847,58.860262],"m2":357,"sites":["site-6e8a3e9cde"]}},{"type":"Feature","geometry":{"type":"Polygon","coordinates":[[[24.0239082,49.8601057],[24.0239218,49.8599783],[24.0240263,49.859983],[24.0240127,49.8601103],[24.0239082,49.8601057]]]},"properties":{"id":"fp-ovt-af984196-6867-41","gers":"af984196-6867-41d9-af5c-f81a9c73e059","kind":"building","src":"overture","bbox":[24.023908,49.859978,24.024026,49.86011],"m2":107,"sites":["site-4f76bb974b"]}},{"type":"Feature","geometry":{"type":"Polygon","coordinates":[[[90.4014957,23.7933379],[90.4013094,23.7933567],[90.4012998,23.7932768],[90.4014861,23.7932581],[90.4014957,23.7933379]]]},"properties":{"id":"fp-ovt-b0357c1e-74f7-4e","gers":"b0357c1e-74f7-4e2c-b27f-2e228e434c80","kind":"building","src":"overture","bbox":[90.4013,23.793258,90.401496,23.793357],"m2":171,"sites":["site-b04d3c53b6"]}},{"type":"Feature","geometry":{"type":"Polygon","coordinates":[[[19.2942118,48.0743571],[19.2942236,48.0744931],[19.2939474,48.0745038],[19.2939367,48.0743804],[19.2939851,48.0743785],[19.2939797,48.0743164],[19.2941455,48.07431],[19.2941498,48.0743595],[19.2942118,48.0743571]]]},"properties":{"id":"fp-ovt-b0422b58-4113-4e","gers":"b0422b58-4113-4e67-9a45-671da4406d29","kind":"building","src":"overture","bbox":[19.293937,48.07431,19.294224,48.074504],"m2":375,"sites":["site-94ba2f1bd6"]}},{"type":"Feature","geometry":{"type":"Polygon","coordinates":[[[16.3852136,48.2411351],[16.3852306,48.2411192],[16.3851765,48.2410936],[16.3851516,48.2411171],[16.3851341,48.241109],[16.3844601,48.2407922],[16.385399,48.239906],[16.3860905,48.240231],[16.3859904,48.2403254],[16.3860189,48.2403388],[16.3860134,48.240344],[16.3861258,48.2403626],[16.3862514,48.2403833],[16.3862708,48.2403652],[16.3862883,48.2403735],[16.3863141,48.2403494],[16.3862971,48.2403413],[16.3863823,48.2402618],[16.3864418,48.2402063],[16.3871393,48.2395558],[16.3875114,48.2397349],[16.3877477,48.2398487],[16.3877564,48.2398528],[16.3873044,48.240274],[16.3872682,48.2402399],[16.3872289,48.2402172],[16.3871726,48.2402006],[16.3871232,48.240192],[16.3870742,48.2401948],[16.3870613,48.2401441],[16.3869159,48.2401604],[16.386929,48.2402123],[16.3868688,48.2402205],[16.3868142,48.240244],[16.3867776,48.2402714],[16.3867508,48.2403047],[16.3867427,48.2403404],[16.3867463,48.2403744],[16.3867695,48.2404131],[16.3868017,48.240441],[16.3868437,48.2404613],[16.3868964,48.2404726],[16.3869469,48.2404735],[16.3870102,48.2404633],[16.3870602,48.2404448],[16.3870874,48.2404504],[16.3871135,48.2404519],[16.387016,48.2405427],[16.3869681,48.2405873],[16.3869422,48.2406115],[16.3869193,48.2406328],[16.3869054,48.2406457],[16.3869244,48.240655],[16.3867702,48.2407987],[16.3867555,48.240791],[16.3866342,48.2409049],[16.3866495,48.2409124],[16.386492,48.2410578],[16.3864789,48.2410508],[16.3863627,48.2411593],[16.3863781,48.2411671],[16.3862186,48.2413157],[16.3862038,48.2413083],[16.3860833,48.2414202],[16.3860959,48.2414265],[16.3859396,48.2415744],[16.3858886,48.2415508],[16.3859045,48.2415357],[16.3854488,48.2413183],[16.3853146,48.2412543],[16.3853821,48.2411916],[16.385344,48.2411735],[16.3853279,48.2411886],[16.3852695,48.2411613],[16.3852136,48.2411351]],[[16.3854064,48.2411143],[16.3853952,48.2411248],[16.3854341,48.2411432],[16.3855935,48.240995],[16.3855813,48.2409892],[16.3857038,48.2408754],[16.3857159,48.2408812],[16.3858713,48.2407367],[16.3858588,48.2407307],[16.3859808,48.2406174],[16.3859932,48.2406233],[16.3861482,48.2404792],[16.3861361,48.2404734],[16.3861724,48.2404397],[16.3861845,48.2404454],[16.3862078,48.2404238],[16.3860816,48.2404038],[16.385969,48.240386],[16.3859612,48.2403933],[16.385969,48.240397],[16.3859522,48.2404128],[16.3858872,48.2404741],[16.385851,48.2404571],[16.385228,48.241045],[16.3852817,48.2410704],[16.3852921,48.2410607],[16.3853483,48.2410871],[16.3854064,48.2411143]]]},"properties":{"id":"fp-ovt-b05b8ba0-0f1a-46","gers":"b05b8ba0-0f1a-46bf-b530-e20793000a4e","kind":"building","src":"overture","bbox":[16.38446,48.239556,16.387756,48.241574],"m2":20217,"sites":["site-b4a23ea708"]}},{"type":"Feature","geometry":{"type":"Polygon","coordinates":[[[25.9859855,44.4423376],[25.9857315,44.4423318],[25.9857371,44.4421574],[25.9862457,44.4421686],[25.9862371,44.4423433],[25.9859855,44.4423376]]]},"properties":{"id":"fp-ovt-b05c3127-c034-4a","gers":"b05c3127-c034-4a02-bde7-ac97c60aa22b","kind":"building","src":"overture","bbox":[25.985731,44.442157,25.986246,44.442343],"m2":784,"sites":["site-91d691f9da"]}},{"type":"Feature","geometry":{"type":"Polygon","coordinates":[[[80.2780313,26.4973281],[80.2781184,26.4975646],[80.2781375,26.4975589],[80.2781517,26.4975975],[80.2779964,26.4976438],[80.277976,26.4975885],[80.2779977,26.497582],[80.2779647,26.4974924],[80.2778992,26.4975119],[80.2779254,26.4975832],[80.2779129,26.4975869],[80.2779279,26.4976276],[80.2778105,26.4976626],[80.2777214,26.4974206],[80.2780313,26.4973281]]]},"properties":{"id":"fp-ovt-b0c38b23-adff-45","gers":"b0c38b23-adff-45df-a39d-a3f3b15fe69d","kind":"building","src":"overture","bbox":[80.277721,26.497328,80.278152,26.497663],"m2":897,"sites":["site-d494e53da8"]}},{"type":"Feature","geometry":{"type":"Polygon","coordinates":[[[-89.737596,30.2875913],[-89.7375962,30.286688],[-89.7372689,30.286688],[-89.7372689,30.286769],[-89.7371912,30.286769],[-89.7371911,30.2871628],[-89.7373198,30.2871628],[-89.7373198,30.2872647],[-89.737352,30.2872647],[-89.737352,30.2875913],[-89.737596,30.2875913]]]},"properties":{"id":"fp-ovt-b0c50694-fc12-43","gers":"b0c50694-fc12-4342-9d55-ca398e4e7fed","kind":"building","src":"overture","bbox":[-89.737596,30.286688,-89.737191,30.287591],"m2":3144,"sites":["site-17e09449c5"]}},{"type":"Feature","geometry":{"type":"Polygon","coordinates":[[[-71.5079242,-32.9962892],[-71.5079634,-32.9963093],[-71.5079198,-32.9963691],[-71.5078806,-32.9963491],[-71.5079242,-32.9962892]]]},"properties":{"id":"fp-ovt-b0cde057-9ace-43","gers":"b0cde057-9ace-43c8-ab41-b0710e407477","kind":"building","src":"overture","bbox":[-71.507963,-32.996369,-71.507881,-32.996289],"m2":33,"sites":["site-1ac6d03068"]}},{"type":"Feature","geometry":{"type":"Polygon","coordinates":[[[37.6099667,55.8630836],[37.6091951,55.8633243],[37.6090562,55.863184],[37.6098278,55.8629433],[37.6099667,55.8630836]]]},"properties":{"id":"fp-ovt-b18c475d-dc55-4f","gers":"b18c475d-dc55-4ffb-93bc-6646f0c80f88","kind":"building","src":"overture","bbox":[37.609056,55.862943,37.609967,55.863324],"m2":985,"sites":["site-bb538fd00b"]}},{"type":"Feature","geometry":{"type":"Polygon","coordinates":[[[27.4733218,42.4931142],[27.4731103,42.493065],[27.4731924,42.492862],[27.4732195,42.4928006],[27.4732638,42.4926981],[27.4733396,42.4927154],[27.4733474,42.4926969],[27.4734772,42.4927241],[27.4734835,42.4927047],[27.4736154,42.4927292],[27.4736204,42.4927117],[27.4736903,42.4927255],[27.4737336,42.4927355],[27.4739812,42.492793],[27.4738596,42.4930907],[27.4737746,42.4930714],[27.4737295,42.4931812],[27.4737389,42.4931996],[27.4737139,42.4932085],[27.4734165,42.4931394],[27.4733856,42.4931313],[27.4733549,42.4931229],[27.4733218,42.4931142]]]},"properties":{"id":"fp-ovt-b29c79aa-e7a1-43","gers":"b29c79aa-e7a1-4376-b388-5e019e3358b2","kind":"building","src":"overture","bbox":[27.47311,42.492697,27.473981,42.493209],"m2":2764,"sites":["site-24ae335afe"]}},{"type":"Feature","geometry":{"type":"Polygon","coordinates":[[[-66.0970079,18.4649836],[-66.0970134,18.4649847],[-66.0970444,18.4648286],[-66.097055,18.4647748],[-66.0970199,18.4647681],[-66.0970115,18.4648151],[-66.0969973,18.4648146],[-66.0969928,18.4648474],[-66.0968552,18.4648233],[-66.0968389,18.4649081],[-66.0968498,18.4649116],[-66.0968449,18.4649361],[-66.0968415,18.4649513],[-66.0970079,18.4649836]]]},"properties":{"id":"fp-ovt-b2ae4327-9d8c-4a","gers":"b2ae4327-9d8c-4a32-a39d-33b2769c7dcc","kind":"building","src":"overture","bbox":[-66.097055,18.464768,-66.096839,18.464985],"m2":318,"sites":["site-c47e6268ea"]}},{"type":"Feature","geometry":{"type":"Polygon","coordinates":[[[104.055205,1.1309716],[104.0551515,1.1309664],[104.0550956,1.1309611],[104.0550633,1.1309563],[104.0549761,1.1307487],[104.0549578,1.1306983],[104.0550102,1.1306292],[104.0550908,1.130523],[104.0551253,1.130491],[104.0551534,1.1304927],[104.0552682,1.1305059],[104.0554016,1.1305212],[104.0554351,1.1305742],[104.0555109,1.1307307],[104.0555176,1.1307743],[104.0553565,1.1309917],[104.055205,1.1309716]],[[104.0553278,1.130617],[104.0551795,1.1305946],[104.0550918,1.1307142],[104.0551492,1.130845],[104.0552895,1.1308641],[104.055382,1.1307445],[104.0553278,1.130617]]]},"properties":{"id":"fp-ovt-b2cc9286-17ec-4a","gers":"b2cc9286-17ec-4aa5-8930-c60f9a6dc242","kind":"building","src":"overture","bbox":[104.054958,1.130491,104.055518,1.130992],"m2":1848,"sites":["site-96e1fbb2be"]}},{"type":"Feature","geometry":{"type":"Polygon","coordinates":[[[100.5410141,13.7586104],[100.5408917,13.758668],[100.5406821,13.7582475],[100.5408045,13.7581899],[100.5410141,13.7586104]]]},"properties":{"id":"fp-ovt-b3192059-da63-48","gers":"b3192059-da63-4871-b056-afc55ffbc5be","kind":"building","src":"overture","bbox":[100.540682,13.75819,100.541014,13.758668],"m2":765,"sites":["site-5d30f4d32e"]}},{"type":"Feature","geometry":{"type":"Polygon","coordinates":[[[16.2855334,38.9553991],[16.2854301,38.9553638],[16.2854895,38.9552504],[16.2855561,38.9552548],[16.2857005,38.9553407],[16.2856014,38.9554376],[16.2855334,38.9553991]]]},"properties":{"id":"fp-ovt-b334b2c5-6eeb-44","gers":"b334b2c5-6eeb-44eb-ac70-42eb494ccd4b","kind":"building","src":"overture","bbox":[16.28543,38.95525,16.285701,38.955438],"m2":273,"sites":["site-3432bbb92c"]}},{"type":"Feature","geometry":{"type":"Polygon","coordinates":[[[12.5199664,55.7844574],[12.5191845,55.7845916],[12.5190321,55.7843277],[12.5192286,55.7842948],[12.5193325,55.7842753],[12.5199289,55.7841916],[12.5200639,55.7844407],[12.5199664,55.7844574]]]},"properties":{"id":"fp-ovt-b38fa973-aaf3-4e","gers":"b38fa973-aaf3-4ec7-9cbd-ac013f037ba4","kind":"building","src":"overture","bbox":[12.519032,55.784192,12.520064,55.784592],"m2":1751,"sites":["site-25edd230cc"]}},{"type":"Feature","geometry":{"type":"Polygon","coordinates":[[[-86.1713587,39.7598097],[-86.1716256,39.7598112],[-86.171633,39.7590463],[-86.1713661,39.7590448],[-86.1713587,39.7598097]]]},"properties":{"id":"fp-ovt-b3a54963-531f-4a","gers":"b3a54963-531f-4aaa-a899-b3507b80fa87","kind":"building","src":"overture","bbox":[-86.171633,39.759045,-86.171359,39.759811],"m2":1945,"sites":["site-47593f20fd"]}},{"type":"Feature","geometry":{"type":"Polygon","coordinates":[[[-58.8333474,-26.1754044],[-58.8332749,-26.1754021],[-58.8332809,-26.175247],[-58.8333533,-26.1752493],[-58.8333474,-26.1754044]]]},"properties":{"id":"fp-ovt-b3c399fa-989b-40","gers":"b3c399fa-989b-40d6-b7db-72eaba837cd0","kind":"building","src":"overture","bbox":[-58.833353,-26.175404,-58.833275,-26.175247],"m2":125,"sites":["site-e0e40e7c59"]}},{"type":"Feature","geometry":{"type":"Polygon","coordinates":[[[104.8991912,11.5641727],[104.8993242,11.5641847],[104.8993138,11.5642974],[104.8991808,11.5642854],[104.8991912,11.5641727]]]},"properties":{"id":"fp-ovt-b4010d72-6715-4a","gers":"b4010d72-6715-4aa8-a509-9cec9e2d70f6","kind":"building","src":"overture","bbox":[104.899181,11.564173,104.899324,11.564297],"m2":183,"sites":["site-e4c1af8fea"]}},{"type":"Feature","geometry":{"type":"Polygon","coordinates":[[[26.1248672,44.462089],[26.1247319,44.4620412],[26.1248481,44.4618739],[26.1249833,44.4619217],[26.1248672,44.462089]]]},"properties":{"id":"fp-ovt-b4fee567-b610-48","gers":"b4fee567-b610-487c-aa94-6f2842f88dba","kind":"building","src":"overture","bbox":[26.124732,44.461874,26.124983,44.462089],"m2":249,"sites":["site-fc64470c2d"]}},{"type":"Feature","geometry":{"type":"Polygon","coordinates":[[[124.0229899,10.5229006],[124.0230361,10.5229619],[124.0230077,10.5229826],[124.0229615,10.5229214],[124.0229899,10.5229006]]]},"properties":{"id":"fp-ovt-b592a0d0-6821-40","gers":"b592a0d0-6821-40cc-8481-14343b2794b2","kind":"building","src":"overture","bbox":[124.022961,10.522901,124.023036,10.522983],"m2":33,"sites":["site-636a531874"]}},{"type":"Feature","geometry":{"type":"Polygon","coordinates":[[[-80.1302931,26.2900277],[-80.130371,26.2898374],[-80.1299448,26.2896982],[-80.1296814,26.289581],[-80.1296407,26.2896445],[-80.1295559,26.2895962],[-80.129482,26.2897181],[-80.1298352,26.2898813],[-80.1302931,26.2900277]]]},"properties":{"id":"fp-ovt-b6267209-2497-46","gers":"b6267209-2497-4654-8595-521e6117caef","kind":"building","src":"overture","bbox":[-80.130371,26.289581,-80.129482,26.290028],"m2":1893,"sites":["site-0605a6d8a6"]}},{"type":"Feature","geometry":{"type":"Polygon","coordinates":[[[-43.3352951,-22.8050558],[-43.3348144,-22.8050244],[-43.3348322,-22.8047898],[-43.3353129,-22.8048211],[-43.3352951,-22.8050558]]]},"properties":{"id":"fp-ovt-b630099d-eb2e-41","gers":"b630099d-eb2e-4150-9d67-021e87cdb288","kind":"building","src":"overture","bbox":[-43.335313,-22.805056,-43.334814,-22.80479],"m2":1295,"sites":["site-7fc7f49a27"]}},{"type":"Feature","geometry":{"type":"Polygon","coordinates":[[[-48.5937613,-27.6008666],[-48.5935935,-27.6008362],[-48.5936174,-27.6007321],[-48.5937852,-27.6007625],[-48.5937613,-27.6008666]]]},"properties":{"id":"fp-ovt-b6788066-9250-4f","gers":"b6788066-9250-4f34-add4-d8045b7ed741","kind":"building","src":"overture","bbox":[-48.593785,-27.600867,-48.593593,-27.600732],"m2":200,"sites":["site-c77df51995"]}},{"type":"Feature","geometry":{"type":"Polygon","coordinates":[[[-73.0483952,-36.8159108],[-73.0482772,-36.815867],[-73.0483385,-36.8157609],[-73.0484566,-36.8158047],[-73.0483952,-36.8159108]]]},"properties":{"id":"fp-ovt-b6999ef2-1b34-48","gers":"b6999ef2-1b34-48b5-b45f-d72b0d7c6e98","kind":"building","src":"overture","bbox":[-73.048457,-36.815911,-73.048277,-36.815761],"m2":151,"sites":["site-4487257934"]}},{"type":"Feature","geometry":{"type":"Polygon","coordinates":[[[78.4689148,17.4400448],[78.4689298,17.4402021],[78.4687658,17.4402162],[78.4687509,17.440059],[78.4689148,17.4400448]]]},"properties":{"id":"fp-ovt-b6f0b6c0-5aa5-46","gers":"b6f0b6c0-5aa5-4673-958b-1bfb3c8eb708","kind":"building","src":"overture","bbox":[78.468751,17.440045,78.46893,17.440216],"m2":307,"sites":["site-581e5de2dc"]}},{"type":"Feature","geometry":{"type":"Polygon","coordinates":[[[-80.2702701,39.2765517],[-80.2700092,39.2766288],[-80.2701437,39.2769015],[-80.2704045,39.2768244],[-80.2702701,39.2765517]]]},"properties":{"id":"fp-ovt-b7006b73-4f53-40","gers":"b7006b73-4f53-4060-b658-df726f93001d","kind":"building","src":"overture","bbox":[-80.270404,39.276552,-80.270009,39.276902],"m2":782,"sites":["site-5debc37a9e"]}},{"type":"Feature","geometry":{"type":"Polygon","coordinates":[[[107.6789449,-6.9372161],[107.6786694,-6.9371484],[107.6785335,-6.9376934],[107.6788445,-6.9376188],[107.6789449,-6.9372161]]]},"properties":{"id":"fp-ovt-b70db588-a575-4d","gers":"b70db588-a575-4d57-8085-fd7d9b30e2ca","kind":"building","src":"overture","bbox":[107.678534,-6.937693,107.678945,-6.937148],"m2":1704,"sites":["site-50718c2614","site-e895da06a9"]}},{"type":"Feature","geometry":{"type":"Polygon","coordinates":[[[79.8099156,12.9004591],[79.8099061,12.9005165],[79.8098821,12.9005126],[79.8098916,12.9004553],[79.8099156,12.9004591]]]},"properties":{"id":"fp-ovt-b71457d6-2fe0-4d","gers":"b71457d6-2fe0-4dc5-8b44-00aee53eaf4e","kind":"building","src":"overture","bbox":[79.809882,12.900455,79.809916,12.900517],"m2":17,"sites":["site-b61b4e78d2"]}},{"type":"Feature","geometry":{"type":"Polygon","coordinates":[[[75.8275198,11.3120069],[75.8275173,11.3119717],[75.8275275,11.3119415],[75.8275403,11.3119189],[75.827566,11.3118912],[75.8275685,11.3118485],[75.8276249,11.3118787],[75.8276506,11.3119038],[75.8276121,11.3119491],[75.8275788,11.3120144],[75.8275198,11.3120069]]]},"properties":{"id":"fp-ovt-b7166728-96dc-4c","gers":"b7166728-96dc-4cf4-88ae-0791b0b4caa4","kind":"building","src":"overture","bbox":[75.827517,11.311848,75.827651,11.312014],"m2":143,"sites":["site-0fc81bd96d"]}},{"type":"Feature","geometry":{"type":"Polygon","coordinates":[[[7.5820227,47.5462089],[7.5821094,47.5461835],[7.5821702,47.546279],[7.582117,47.5462945],[7.5821232,47.5463041],[7.58206,47.5463227],[7.5820381,47.5462881],[7.5820268,47.5462914],[7.5820041,47.5462549],[7.582015,47.5462517],[7.5819934,47.5462175],[7.5820227,47.5462089]]]},"properties":{"id":"fp-ovt-b7187620-6211-47","gers":"b7187620-6211-4702-8c8c-9f14d0d51039","kind":"building","src":"overture","bbox":[7.581993,47.546183,7.58217,47.546323],"m2":120,"sites":["site-16feea4976"]}},{"type":"Feature","geometry":{"type":"Polygon","coordinates":[[[-0.2798411,51.6538829],[-0.2800175,51.6541583],[-0.2801552,51.6541243],[-0.2802456,51.654102],[-0.2801445,51.6539441],[-0.2801097,51.6539527],[-0.2800896,51.6539214],[-0.2801247,51.6539127],[-0.2802007,51.653894],[-0.2801075,51.6537484],[-0.2800315,51.6537672],[-0.2799199,51.6537947],[-0.2798793,51.6538047],[-0.2799173,51.6538641],[-0.2798411,51.6538829]]]},"properties":{"id":"fp-ovt-b71ab120-b18d-46","gers":"b71ab120-b18d-46b0-809e-b9228a633ceb","kind":"building","src":"overture","bbox":[-0.280246,51.653748,-0.279841,51.654158],"m2":729,"sites":["site-b4cebd7750"]}},{"type":"Feature","geometry":{"type":"Polygon","coordinates":[[[89.0311672,26.5315254],[89.0312507,26.5315547],[89.0312266,26.5316104],[89.031143,26.5315811],[89.0311672,26.5315254]]]},"properties":{"id":"fp-ovt-b75a4d4a-2ab5-41","gers":"b75a4d4a-2ab5-4171-b4d1-4704f97ff954","kind":"building","src":"overture","bbox":[89.031143,26.531525,89.031251,26.53161],"m2":59,"sites":["site-39dd65ab70"]}},{"type":"Feature","geometry":{"type":"Polygon","coordinates":[[[168.3147158,-17.7551575],[168.3147224,-17.75521],[168.3147632,-17.7552054],[168.3147566,-17.7551529],[168.3147158,-17.7551575]]]},"properties":{"id":"fp-ovt-b79f6b7d-d5dd-4c","gers":"b79f6b7d-d5dd-4c82-a7f6-649c042b5446","kind":"building","src":"overture","bbox":[168.314716,-17.75521,168.314763,-17.755153],"m2":26,"sites":["site-c6d1ce1b84"]}},{"type":"Feature","geometry":{"type":"Polygon","coordinates":[[[-58.3885464,-34.6139104],[-58.3884511,-34.6139084],[-58.3884546,-34.6137884],[-58.3885499,-34.6137903],[-58.3885464,-34.6139104]]]},"properties":{"id":"fp-ovt-b7d7fcea-8b8d-44","gers":"b7d7fcea-8b8d-444d-92f8-8379752fc6dd","kind":"building","src":"overture","bbox":[-58.38855,-34.61391,-58.388451,-34.613788],"m2":117,"sites":["site-82b41ed3f6","site-d553466e52"]}},{"type":"Feature","geometry":{"type":"Polygon","coordinates":[[[25.9113417,62.2373583],[25.9113232,62.2373014],[25.911872,62.2372626],[25.9118905,62.2373195],[25.9113417,62.2373583]]]},"properties":{"id":"fp-ovt-b7e241a1-9525-4d","gers":"b7e241a1-9525-4d06-b9a7-8720d11f97ee","kind":"building","src":"overture","bbox":[25.911323,62.237263,25.91189,62.237358],"m2":184,"sites":["site-c1c8f92601"]}},{"type":"Feature","geometry":{"type":"Polygon","coordinates":[[[-71.5438427,-33.0199295],[-71.5438306,-33.0198548],[-71.5439899,-33.0198365],[-71.5440021,-33.0199111],[-71.5438427,-33.0199295]]]},"properties":{"id":"fp-ovt-b862b852-d1cf-42","gers":"b862b852-d1cf-423f-bd05-3744eb377600","kind":"building","src":"overture","bbox":[-71.544002,-33.01993,-71.543831,-33.019836],"m2":126,"sites":["site-d17799318d"]}},{"type":"Feature","geometry":{"type":"Polygon","coordinates":[[[106.8110569,-6.6100204],[106.8109513,-6.6100844],[106.8111898,-6.6104722],[106.8112953,-6.6104081],[106.8110569,-6.6100204]]]},"properties":{"id":"fp-ovt-b8e8219b-9b4f-47","gers":"b8e8219b-9b4f-476f-a81a-a2453e78b102","kind":"building","src":"overture","bbox":[106.810951,-6.610472,106.811295,-6.61002],"m2":692,"sites":["site-c260db181a"]}},{"type":"Feature","geometry":{"type":"Polygon","coordinates":[[[6.0113581,49.2232817],[6.0112726,49.2234259],[6.0112018,49.2234079],[6.0111004,49.2233823],[6.011186,49.2232381],[6.0113581,49.2232817]]]},"properties":{"id":"fp-ovt-b92e708e-740b-48","gers":"b92e708e-740b-48ce-8766-2f6499306bc5","kind":"building","src":"overture","bbox":[6.0111,49.223238,6.011358,49.223426],"m2":231,"sites":["site-33dfffa279"]}},{"type":"Feature","geometry":{"type":"Polygon","coordinates":[[[47.976635,34.0688361],[47.9766463,34.0688056],[47.9763193,34.0687224],[47.9763489,34.0686425],[47.9767165,34.068736],[47.9766756,34.0688464],[47.976635,34.0688361]]]},"properties":{"id":"fp-ovt-b9dbeb64-9a3d-4a","gers":"b9dbeb64-9a3d-4abf-9499-0db3be544911","kind":"building","src":"overture","bbox":[47.976319,34.068643,47.976717,34.068846],"m2":344,"sites":["site-e007a2cbb4"]}},{"type":"Feature","geometry":{"type":"Polygon","coordinates":[[[76.1384989,10.9464493],[76.1382801,10.9464071],[76.1382935,10.9463401],[76.1385123,10.9463823],[76.1384989,10.9464493]]]},"properties":{"id":"fp-ovt-b9f80b69-b293-45","gers":"b9f80b69-b293-4506-b3be-1105e34d0ffa","kind":"building","src":"overture","bbox":[76.13828,10.94634,76.138512,10.946449],"m2":185,"sites":["site-57e7591528"]}},{"type":"Feature","geometry":{"type":"Polygon","coordinates":[[[-46.8489096,-23.5980075],[-46.8488279,-23.597987],[-46.8488354,-23.5979616],[-46.8487241,-23.5979337],[-46.8486952,-23.5980318],[-46.8486241,-23.5980141],[-46.8486084,-23.5980675],[-46.848408,-23.5980174],[-46.8485575,-23.5975099],[-46.8486384,-23.5975302],[-46.8485677,-23.5977703],[-46.8487084,-23.5978055],[-46.8486969,-23.5978447],[-46.8489396,-23.5979054],[-46.8489096,-23.5980075]]]},"properties":{"id":"fp-ovt-ba7a3fa0-a20c-47","gers":"ba7a3fa0-a20c-4793-9a9b-00f69302db3e","kind":"building","src":"overture","bbox":[-46.84894,-23.598067,-46.848408,-23.59751],"m2":1257,"sites":["site-3f28f6cf47"]}},{"type":"Feature","geometry":{"type":"Polygon","coordinates":[[[-88.494264,43.8338725],[-88.4943351,43.8338997],[-88.4943623,43.8338628],[-88.4942912,43.8338356],[-88.494264,43.8338725]]]},"properties":{"id":"fp-ovt-bab0cc95-bf8b-45","gers":"bab0cc95-bf8b-454d-9b91-1d832cba8ceb","kind":"building","src":"overture","bbox":[-88.494362,43.833836,-88.494264,43.8339],"m2":30,"sites":["site-5d7acca239"]}},{"type":"Feature","geometry":{"type":"Polygon","coordinates":[[[51.8434767,35.7350542],[51.8434847,35.7350172],[51.8439192,35.7350085],[51.8439273,35.7352763],[51.8438414,35.7352806],[51.8438092,35.7352785],[51.843769,35.7352676],[51.8437315,35.7352349],[51.8437154,35.7351979],[51.8436725,35.7351609],[51.8436081,35.7351217],[51.8435598,35.7350825],[51.8434767,35.7350542]]]},"properties":{"id":"fp-ovt-bae35907-ba21-4e","gers":"bae35907-ba21-4efe-9bc6-a999c0d6e933","kind":"building","src":"overture","bbox":[51.843477,35.735008,51.843927,35.735281],"m2":776,"sites":["site-c012e6e840"]}},{"type":"Feature","geometry":{"type":"Polygon","coordinates":[[[35.0525467,48.4572491],[35.0528935,48.4570722],[35.0530318,48.4571915],[35.0527582,48.4573311],[35.0527039,48.4572843],[35.0525754,48.4573498],[35.052484,48.4573964],[35.0524531,48.4573698],[35.0525999,48.4572949],[35.0525467,48.4572491]]]},"properties":{"id":"fp-ovt-bb11f09f-81e4-4d","gers":"bb11f09f-81e4-4d71-9379-c257424653c9","kind":"building","src":"overture","bbox":[35.052453,48.457072,35.053032,48.457396],"m2":547,"sites":["site-3715a4f1e6"]}},{"type":"Feature","geometry":{"type":"Polygon","coordinates":[[[-0.1919267,5.5992682],[-0.1917595,5.5993093],[-0.1918062,5.5994997],[-0.1919733,5.5994586],[-0.1919267,5.5992682]]]},"properties":{"id":"fp-ovt-bb8d6f8c-245a-45","gers":"bb8d6f8c-245a-4520-aec6-c3d658a00adc","kind":"building","src":"overture","bbox":[-0.191973,5.599268,-0.191759,5.5995],"m2":416,"sites":["site-4d2e78afd0"]}},{"type":"Feature","geometry":{"type":"Polygon","coordinates":[[[-5.6848654,50.0748096],[-5.6849925,50.074756],[-5.6848714,50.0746377],[-5.6845856,50.0747583],[-5.6847045,50.0748744],[-5.6848194,50.0748259],[-5.6847774,50.0747849],[-5.6848212,50.0747664],[-5.6848654,50.0748096]]]},"properties":{"id":"fp-ovt-bb9fcf47-67d2-43","gers":"bb9fcf47-67d2-4325-8958-c235afa2f634","kind":"building","src":"overture","bbox":[-5.684992,50.074638,-5.684586,50.074874],"m2":361,"sites":["site-f4b5ee0184"]}},{"type":"Feature","geometry":{"type":"Polygon","coordinates":[[[100.7608636,13.5756098],[100.7609303,13.5755694],[100.7609664,13.5756257],[100.7608997,13.5756661],[100.7608636,13.5756098]]]},"properties":{"id":"fp-ovt-bbc79b1c-d15a-4d","gers":"bbc79b1c-d15a-4de1-b920-2c52d3ee5cec","kind":"building","src":"overture","bbox":[100.760864,13.575569,100.760966,13.575666],"m2":63,"sites":["site-a122ca5cc5"]}},{"type":"Feature","geometry":{"type":"Polygon","coordinates":[[[-51.051236,-29.9925872],[-51.0511349,-29.9925989],[-51.0511133,-29.9924597],[-51.0511565,-29.9924547],[-51.0511448,-29.9923794],[-51.0513899,-29.9923509],[-51.0514008,-29.9924217],[-51.0515131,-29.9924086],[-51.0515333,-29.9925387],[-51.0514262,-29.9925511],[-51.0514156,-29.9924827],[-51.0513155,-29.9924943],[-51.0513279,-29.9925742],[-51.0512857,-29.9925791],[-51.0512738,-29.9925024],[-51.0512238,-29.9925083],[-51.051236,-29.9925872]]]},"properties":{"id":"fp-ovt-bbf3f49c-11a4-44","gers":"bbf3f49c-11a4-44c7-966e-b4b88b9c176a","kind":"building","src":"overture","bbox":[-51.051533,-29.992599,-51.051113,-29.992351],"m2":666,"sites":["site-17ba01369d"]}},{"type":"Feature","geometry":{"type":"Polygon","coordinates":[[[88.2617097,24.1105431],[88.2617033,24.1106338],[88.2615974,24.1106309],[88.2616087,24.1105358],[88.2617097,24.1105431]]]},"properties":{"id":"fp-ovt-bbfb0fdd-5006-40","gers":"bbfb0fdd-5006-40a2-9dc0-b73bf09eef0c","kind":"building","src":"overture","bbox":[88.261597,24.110536,88.26171,24.110634],"m2":109,"sites":["site-83f553014f"]}},{"type":"Feature","geometry":{"type":"Polygon","coordinates":[[[9.9440956,51.5480326],[9.9439657,51.5480222],[9.9439899,51.5479049],[9.9441198,51.5479152],[9.9440956,51.5480326]]]},"properties":{"id":"fp-ovt-bc136aa0-a3ba-49","gers":"bc136aa0-a3ba-494f-9c57-099a3a610d5d","kind":"building","src":"overture","bbox":[9.943966,51.547905,9.94412,51.548033],"m2":119,"sites":["site-5643df9d0a"]}},{"type":"Feature","geometry":{"type":"MultiPolygon","coordinates":[[[[-47.0631637,-22.8174098],[-47.0632844,-22.8174025],[-47.0632967,-22.8175761],[-47.0633877,-22.8175706],[-47.0633935,-22.8176524],[-47.0633047,-22.8176578],[-47.0633175,-22.8178365],[-47.0629944,-22.8178561],[-47.062986,-22.8177384],[-47.0629282,-22.8177419],[-47.0629366,-22.8178596],[-47.0627967,-22.817868],[-47.0627658,-22.8174339],[-47.0628792,-22.817427],[-47.0628881,-22.8175526],[-47.0629797,-22.8175471],[-47.0629708,-22.8174215],[-47.06308,-22.8174149],[-47.0630843,-22.8174748],[-47.063168,-22.8174697],[-47.0631637,-22.8174098]]],[[[-47.0634873,-22.8173872],[-47.063497,-22.8175389],[-47.063386,-22.8175449],[-47.0633763,-22.8173933],[-47.0634873,-22.8173872]]]]},"properties":{"id":"fp-ovt-bc13f456-e7dc-45","gers":"bc13f456-e7dc-45e6-8716-2f54ffc4a7b3","kind":"building","src":"overture","bbox":[-47.063497,-22.817868,-47.062766,-22.817387],"m2":2598,"sites":["site-ba2f3dff70"]}},{"type":"Feature","geometry":{"type":"Polygon","coordinates":[[[28.7608519,47.0423564],[28.7608358,47.0423422],[28.7606933,47.0422155],[28.7607292,47.0421471],[28.7607489,47.0421097],[28.7607044,47.0420692],[28.7607357,47.0420593],[28.7608378,47.0420035],[28.7608791,47.041981],[28.7608977,47.0419993],[28.7609843,47.0420185],[28.7610614,47.0420912],[28.7610585,47.0421563],[28.7610544,47.0422506],[28.7608519,47.0423564]]]},"properties":{"id":"fp-ovt-bc29c3ff-572b-41","gers":"bc29c3ff-572b-41ad-b3b8-d25d0cbcdcad","kind":"building","src":"overture","bbox":[28.760693,47.041981,28.761061,47.042356],"m2":787,"sites":["site-07c45ca376"]}},{"type":"Feature","geometry":{"type":"Polygon","coordinates":[[[67.0757947,24.8364025],[67.0758055,24.83651],[67.0756934,24.8365195],[67.0756825,24.8364119],[67.0757947,24.8364025]]]},"properties":{"id":"fp-ovt-bc817485-b8f3-42","gers":"bc817485-b8f3-4279-b6ad-48c8ebd3ab38","kind":"building","src":"overture","bbox":[67.075682,24.836402,67.075806,24.83652],"m2":137,"sites":["site-94a0844df4"]}},{"type":"Feature","geometry":{"type":"Polygon","coordinates":[[[32.5827101,-25.9613932],[32.5828167,-25.9614463],[32.5828638,-25.9613698],[32.5827571,-25.9613168],[32.5827101,-25.9613932]]]},"properties":{"id":"fp-ovt-bc8ea3af-d85e-49","gers":"bc8ea3af-d85e-49d0-b3a4-bb19884fdf4a","kind":"building","src":"overture","bbox":[32.58271,-25.961446,32.582864,-25.961317],"m2":119,"sites":["site-1ccd8fd54f"]}},{"type":"Feature","geometry":{"type":"Polygon","coordinates":[[[104.7342601,-2.9518072],[104.7342296,-2.951809],[104.7342328,-2.9518651],[104.7342634,-2.9518633],[104.7342601,-2.9518072]]]},"properties":{"id":"fp-ovt-bc9bfefb-8138-47","gers":"bc9bfefb-8138-479b-afc8-031e797bada5","kind":"building","src":"overture","bbox":[104.73423,-2.951865,104.734263,-2.951807],"m2":21,"sites":["site-2a09dcfc62"]}},{"type":"Feature","geometry":{"type":"Polygon","coordinates":[[[-43.6903925,-22.9326818],[-43.6903225,-22.9326408],[-43.6903422,-22.9326119],[-43.6904122,-22.9326528],[-43.6903925,-22.9326818]]]},"properties":{"id":"fp-ovt-bd8b9a5d-1d71-47","gers":"bd8b9a5d-1d71-47ee-a0d9-690dc6b25974","kind":"building","src":"overture","bbox":[-43.690412,-22.932682,-43.690323,-22.932612],"m2":32,"sites":["site-bd777f890e"]}},{"type":"Feature","geometry":{"type":"Polygon","coordinates":[[[12.2374651,55.7167402],[12.237528,55.7166338],[12.2373578,55.7165997],[12.237373,55.7165756],[12.2375443,55.71661],[12.2376065,55.7165113],[12.2377052,55.7165311],[12.2377111,55.7165217],[12.2375313,55.7164855],[12.2375454,55.7164631],[12.2377253,55.7164993],[12.2377371,55.7164804],[12.2378581,55.7165047],[12.2378295,55.7165501],[12.2379075,55.7165658],[12.2377602,55.7167994],[12.2374651,55.7167402]]]},"properties":{"id":"fp-ovt-bdda3183-66ad-4f","gers":"bdda3183-66ad-4f43-80e3-f8cfc743950c","kind":"building","src":"overture","bbox":[12.237358,55.716463,12.237908,55.716799],"m2":650,"sites":["site-afbb93b306"]}},{"type":"Feature","geometry":{"type":"Polygon","coordinates":[[[-86.8295482,21.1613095],[-86.8293603,21.1613239],[-86.8293885,21.1616431],[-86.8295764,21.1616286],[-86.8295482,21.1613095]]]},"properties":{"id":"fp-ovt-be50511d-7ee4-4a","gers":"be50511d-7ee4-4aaa-bc78-3d59c8d6a7dc","kind":"building","src":"overture","bbox":[-86.829576,21.16131,-86.82936,21.161643],"m2":698,"sites":["site-c3ea39afe8"]}},{"type":"Feature","geometry":{"type":"Polygon","coordinates":[[[78.8031082,23.8658248],[78.8030673,23.8657782],[78.8031197,23.8657342],[78.8032211,23.8656632],[78.8032243,23.8656739],[78.8032606,23.8657208],[78.8032111,23.8657546],[78.8031082,23.8658248]]]},"properties":{"id":"fp-ovt-be513a23-52e6-49","gers":"be513a23-52e6-49ec-b523-78de9d976aeb","kind":"building","src":"overture","bbox":[78.803067,23.865663,78.803261,23.865825],"m2":143,"sites":["site-62ea4e04a9"]}},{"type":"Feature","geometry":{"type":"Polygon","coordinates":[[[77.0383404,28.4686484],[77.0382677,28.4686935],[77.0381976,28.4686062],[77.0382703,28.4685611],[77.0383404,28.4686484]]]},"properties":{"id":"fp-ovt-be6dadf9-903b-42","gers":"be6dadf9-903b-427f-b5c5-c2a9f4416b9d","kind":"building","src":"overture","bbox":[77.038198,28.468561,77.03834,28.468694],"m2":104,"sites":["site-e26d84a85b"]}},{"type":"Feature","geometry":{"type":"Polygon","coordinates":[[[74.503324,15.8313467],[74.5033769,15.8313526],[74.5033732,15.8313831],[74.5033203,15.8313772],[74.503324,15.8313467]]]},"properties":{"id":"fp-ovt-be8e77df-2949-44","gers":"be8e77df-2949-44ac-8b93-57a941c96582","kind":"building","src":"overture","bbox":[74.50332,15.831347,74.503377,15.831383],"m2":19,"sites":["site-4f2379a858"]}},{"type":"Feature","geometry":{"type":"Polygon","coordinates":[[[35.0358566,-15.7957196],[35.0357797,-15.7957301],[35.0358412,-15.796062],[35.0360697,-15.7960219],[35.0360543,-15.7959352],[35.0359005,-15.7959584],[35.0358566,-15.7957196]]]},"properties":{"id":"fp-ovt-beb2eb47-e9d4-4b","gers":"beb2eb47-e9d4-4ba0-9082-c3ed87abafe9","kind":"building","src":"overture","bbox":[35.03578,-15.796062,35.03607,-15.79572],"m2":476,"sites":["site-2c3bd6eea0"]}},{"type":"Feature","geometry":{"type":"Polygon","coordinates":[[[110.3750225,1.5143894],[110.3749662,1.5143759],[110.3745263,1.5137458],[110.3746242,1.5137273],[110.374761,1.5137676],[110.3751298,1.514266],[110.3750225,1.5143894]]]},"properties":{"id":"fp-ovt-bf306a4e-9b97-40","gers":"bf306a4e-9b97-40b5-bd69-e8fe460893fc","kind":"building","src":"overture","bbox":[110.374526,1.513727,110.37513,1.514389],"m2":1705,"sites":["site-b3fb8fe370"]}},{"type":"Feature","geometry":{"type":"Polygon","coordinates":[[[141.759146,43.2033765],[141.7590478,43.2034821],[141.7584925,43.2032079],[141.7585114,43.2031876],[141.7585909,43.2031018],[141.7586175,43.2030734],[141.7586608,43.2030269],[141.7586736,43.2030332],[141.7587166,43.202987],[141.759259,43.2032549],[141.759146,43.2033765]]]},"properties":{"id":"fp-ovt-c00da1bb-1e35-49","gers":"c00da1bb-1e35-492e-b2f1-5f3df5106514","kind":"building","src":"overture","bbox":[141.758492,43.202987,141.759259,43.203482],"m2":1655,"sites":["site-62e8b486a6"]}},{"type":"Feature","geometry":{"type":"Polygon","coordinates":[[[76.5248366,9.2877046],[76.524511,9.287626],[76.5245535,9.2875055],[76.5248508,9.2875491],[76.5248366,9.2877046]]]},"properties":{"id":"fp-ovt-c08475a8-5f77-44","gers":"c08475a8-5f77-44f8-8a9b-b5d54d29dfc3","kind":"building","src":"overture","bbox":[76.524511,9.287505,76.524851,9.287705],"m2":547,"sites":["site-33be17000a"]}},{"type":"Feature","geometry":{"type":"Polygon","coordinates":[[[20.0482368,49.9825753],[20.0479664,49.9826259],[20.0478151,49.9822916],[20.0480855,49.9822411],[20.0482368,49.9825753]]]},"properties":{"id":"fp-ovt-c10314e7-c6bc-42","gers":"c10314e7-c6bc-4268-80aa-14e6efc3eecd","kind":"building","src":"overture","bbox":[20.047815,49.982241,20.048237,49.982626],"m2":781,"sites":["site-b4b0cee5d1"]}},{"type":"Feature","geometry":{"type":"Polygon","coordinates":[[[67.0272937,24.8748833],[67.0270824,24.8747823],[67.0272118,24.8746025],[67.0274198,24.874705],[67.0272937,24.8748833]]]},"properties":{"id":"fp-ovt-c155137f-1d8e-4e","gers":"c155137f-1d8e-4e67-974e-b638e540c8a1","kind":"building","src":"overture","bbox":[67.027082,24.874603,67.02742,24.874883],"m2":568,"sites":["site-4432443fc5"]}},{"type":"Feature","geometry":{"type":"Polygon","coordinates":[[[55.5601928,25.5781129],[55.5605564,25.5779323],[55.5607621,25.5782692],[55.5603986,25.5784498],[55.5601928,25.5781129]]]},"properties":{"id":"fp-ovt-c174290f-3e47-49","gers":"c174290f-3e47-498b-bf0d-0cf6c42cfdbe","kind":"building","src":"overture","bbox":[55.560193,25.577932,55.560762,25.57845],"m2":1784,"sites":["site-db55667a62"]}},{"type":"Feature","geometry":{"type":"Polygon","coordinates":[[[-145.7307589,64.0351841],[-145.7310742,64.0351612],[-145.7310148,64.0350046],[-145.7307246,64.0350257],[-145.7307482,64.0350879],[-145.7307231,64.0350897],[-145.7307589,64.0351841]]]},"properties":{"id":"fp-ovt-c1976996-6477-4d","gers":"c1976996-6477-4d85-85f6-112119e368a0","kind":"building","src":"overture","bbox":[-145.731074,64.035005,-145.730723,64.035184],"m2":267,"sites":["site-2a08cd1b49"]}},{"type":"Feature","geometry":{"type":"Polygon","coordinates":[[[25.9069523,-24.5887566],[25.9068836,-24.5887378],[25.9068467,-24.5888496],[25.9069154,-24.5888684],[25.9069523,-24.5887566]]]},"properties":{"id":"fp-ovt-c1d87311-61b9-49","gers":"c1d87311-61b9-4995-9cbd-0b26fb0dbf28","kind":"building","src":"overture","bbox":[25.906847,-24.588868,25.906952,-24.588738],"m2":94,"sites":["site-cf60541379"]}},{"type":"Feature","geometry":{"type":"Polygon","coordinates":[[[57.8950337,23.6632811],[57.8950433,23.6633866],[57.8948657,23.663402],[57.8948801,23.6636021],[57.8945944,23.6636482],[57.8946136,23.6637362],[57.8950265,23.6636482],[57.8951202,23.6643057],[57.8944696,23.6644332],[57.8942223,23.6634042],[57.8944768,23.6633448],[57.8950337,23.6632811]]]},"properties":{"id":"fp-ovt-c1f3da92-29c8-4e","gers":"c1f3da92-29c8-4e7a-a3d6-a1e47fc40cf1","kind":"building","src":"overture","bbox":[57.894222,23.663281,57.89512,23.664433],"m2":7901,"sites":["site-67b8f5e1cf"]}},{"type":"Feature","geometry":{"type":"Polygon","coordinates":[[[76.5470573,9.4615137],[76.5468243,9.4615877],[76.5467175,9.4612605],[76.5469505,9.4611865],[76.5470573,9.4615137]]]},"properties":{"id":"fp-ovt-c22b960a-c4ff-4f","gers":"c22b960a-c4ff-4fe4-817d-0f0c23db6f35","kind":"building","src":"overture","bbox":[76.546717,9.461187,76.547057,9.461588],"m2":1029,"sites":["site-487f9cc110"]}},{"type":"Feature","geometry":{"type":"Polygon","coordinates":[[[32.8697972,39.4873809],[32.8696144,39.4873956],[32.8696026,39.4873079],[32.8697854,39.4872932],[32.8697972,39.4873809]]]},"properties":{"id":"fp-ovt-c298f4d0-dd27-4a","gers":"c298f4d0-dd27-4a92-bb33-34a0e1ba5991","kind":"building","src":"overture","bbox":[32.869603,39.487293,32.869797,39.487396],"m2":155,"sites":["site-d173b729af","site-e6165d667a"]}},{"type":"Feature","geometry":{"type":"Polygon","coordinates":[[[-95.8393741,36.0989844],[-95.8395421,36.0989864],[-95.8395472,36.099509],[-95.8397535,36.099509],[-95.8397535,36.0996119],[-95.8396033,36.0996181],[-95.8396058,36.0998238],[-95.839807,36.0998259],[-95.8398153,36.0996148],[-95.8397947,36.0996132],[-95.8397984,36.0995089],[-95.8399014,36.0995074],[-95.8399032,36.0989856],[-95.840038,36.0989871],[-95.8400436,36.0988086],[-95.8403618,36.0988086],[-95.8403618,36.0985878],[-95.8399107,36.0985848],[-95.8399126,36.098618],[-95.8398789,36.098618],[-95.8398808,36.0987708],[-95.8399126,36.0987693],[-95.8399126,36.0987935],[-95.8400062,36.098792],[-95.8400024,36.0989538],[-95.839907,36.0989538],[-95.8399032,36.0988873],[-95.8398508,36.0988646],[-95.8398527,36.0985228],[-95.8399182,36.0984971],[-95.8399182,36.0984789],[-95.8397273,36.0984759],[-95.8396618,36.0984955],[-95.8397217,36.0985213],[-95.8397217,36.0987572],[-95.8397947,36.0987587],[-95.8397928,36.0988691],[-95.8397217,36.0988691],[-95.8396629,36.0988915],[-95.8388777,36.0988935],[-95.8388746,36.0985766],[-95.8391797,36.0985766],[-95.8391797,36.0980031],[-95.8393727,36.0980006],[-95.8393758,36.0981591],[-95.8402941,36.0981616],[-95.8402878,36.0979101],[-95.8393696,36.0979151],[-95.8393664,36.0979604],[-95.8391828,36.0979604],[-95.8391797,36.0979352],[-95.8384513,36.0979302],[-95.8384544,36.0980006],[-95.8383548,36.0980006],[-95.8383517,36.0979604],[-95.8378661,36.0979604],[-95.8378567,36.0980057],[-95.8377758,36.0980031],[-95.8377727,36.0978774],[-95.8372902,36.0978749],[-95.8372871,36.0985263],[-95.8367019,36.0985263],[-95.8367019,36.0987803],[-95.8373212,36.098782],[-95.8373181,36.0987576],[-95.8374131,36.0987552],[-95.8374146,36.098866],[-95.8380374,36.0988624],[-95.8380374,36.0988209],[-95.8381535,36.0988234],[-95.8381489,36.0991158],[-95.8378459,36.0991158],[-95.8378444,36.0998212],[-95.838057,36.0998236],[-95.838057,36.0998078],[-95.8381052,36.0998078],[-95.8381067,36.0998224],[-95.8387297,36.0998238],[-95.8387294,36.0998084],[-95.8387604,36.0998094],[-95.8387604,36.0998444],[-95.8393461,36.0998423],[-95.8393512,36.0995543],[-95.8392519,36.0995502],[-95.8392468,36.0994185],[-95.8393435,36.0994164],[-95.8393435,36.0991243],[-95.8387706,36.099116],[-95.838768,36.0989597],[-95.8393715,36.0989597],[-95.8393741,36.0989844]],[[-95.8384203,36.0984592],[-95.8381523,36.0984581],[-95.8381496,36.0986235],[-95.8380678,36.0986235],[-95.8380638,36.0986075],[-95.8374129,36.0986107],[-95.8374116,36.0986395],[-95.8373192,36.0986384],[-95.8373192,36.0985254],[-95.837339,36.0985254],[-95.8373376,36.0982523],[-95.8377747,36.0982533],[-95.837776,36.098216],[-95.8378618,36.098217],[-95.8378631,36.0983419],[-95.838349,36.0983419],[-95.8383477,36.0982992],[-95.8384242,36.0983003],[-95.8384203,36.0984592]],[[-95.8387738,36.0994134],[-95.8392066,36.0994159],[-95.8392054,36.0995477],[-95.8387726,36.0995452],[-95.8387738,36.0994134]]]},"properties":{"id":"fp-ovt-c2a9a918-a076-4e","gers":"c2a9a918-a076-4e77-b390-ee6b0e00ee74","kind":"building","src":"overture","bbox":[-95.840362,36.097875,-95.836702,36.099844],"m2":33869,"sites":["site-38f03e829c"]}},{"type":"Feature","geometry":{"type":"Polygon","coordinates":[[[49.894145,31.5247603],[49.8939643,31.5247309],[49.8939635,31.5245944],[49.8939659,31.5244787],[49.8941793,31.5245009],[49.894145,31.5247603]]]},"properties":{"id":"fp-ovt-c36cccad-a5c8-4a","gers":"c36cccad-a5c8-4a2f-9544-4d86dca2a3ab","kind":"building","src":"overture","bbox":[49.893963,31.524479,49.894179,31.52476],"m2":540,"sites":["site-6eb5793b2b"]}},{"type":"Feature","geometry":{"type":"Polygon","coordinates":[[[-58.3764514,-34.6050879],[-58.3760924,-34.6050766],[-58.3760981,-34.604968],[-58.3764553,-34.6049807],[-58.3764514,-34.6050879]]]},"properties":{"id":"fp-ovt-c38125f5-f90f-4c","gers":"c38125f5-f90f-4c1e-91cd-ed9268420445","kind":"building","src":"overture","bbox":[-58.376455,-34.605088,-58.376092,-34.604968],"m2":395,"sites":["site-acdb0d2994"]}},{"type":"Feature","geometry":{"type":"Polygon","coordinates":[[[-43.2211879,-22.9084828],[-43.2211503,-22.908419],[-43.2212552,-22.9083659],[-43.2212928,-22.9084297],[-43.2211879,-22.9084828]]]},"properties":{"id":"fp-ovt-c4523065-2100-46","gers":"c4523065-2100-4659-a3ef-4e3a880e4037","kind":"building","src":"overture","bbox":[-43.221293,-22.908483,-43.22115,-22.908366],"m2":99,"sites":["site-b6c05f623f"]}},{"type":"Feature","geometry":{"type":"Polygon","coordinates":[[[-38.192757,-12.7729091],[-38.1927245,-12.7728735],[-38.1929266,-12.772696],[-38.192959,-12.7727315],[-38.192757,-12.7729091]]]},"properties":{"id":"fp-ovt-c461ec8b-c1cb-4d","gers":"c461ec8b-c1cb-4de7-9a34-0a43bb55c155","kind":"building","src":"overture","bbox":[-38.192959,-12.772909,-38.192724,-12.772696],"m2":156,"sites":["site-035079bc0b"]}},{"type":"Feature","geometry":{"type":"Polygon","coordinates":[[[34.9690092,32.1091598],[34.968583,32.109428],[34.9683513,32.1091638],[34.9687775,32.1088957],[34.9690092,32.1091598]]]},"properties":{"id":"fp-ovt-c46ba63c-bb77-4b","gers":"c46ba63c-bb77-4b49-a20e-cb27bc804153","kind":"building","src":"overture","bbox":[34.968351,32.108896,34.969009,32.109428],"m2":1834,"sites":["site-69db7166c7"]}},{"type":"Feature","geometry":{"type":"Polygon","coordinates":[[[14.5053686,46.0575129],[14.505207,46.0575467],[14.5051,46.057289],[14.5051089,46.0572886],[14.5051172,46.05728],[14.5051143,46.0572721],[14.5052274,46.0572495],[14.5052545,46.0572441],[14.5053008,46.0573531],[14.5053686,46.0575129]]]},"properties":{"id":"fp-ovt-c4811f48-d39a-4f","gers":"c4811f48-d39a-4fe2-a603-c5d23c9cc2fc","kind":"building","src":"overture","bbox":[14.5051,46.057244,14.505369,46.057547],"m2":403,"sites":["site-c2a636eb1d"]}},{"type":"Feature","geometry":{"type":"Polygon","coordinates":[[[102.6741534,18.0767037],[102.6742426,18.0767011],[102.6742435,18.0767287],[102.6741543,18.0767314],[102.6741534,18.0767037]]]},"properties":{"id":"fp-ovt-c4cf8835-1fea-4b","gers":"c4cf8835-1fea-4b73-a9fd-cdb9203d90da","kind":"building","src":"overture","bbox":[102.674153,18.076701,102.674244,18.076731],"m2":29,"sites":["site-cf33179636"]}},{"type":"Feature","geometry":{"type":"Polygon","coordinates":[[[32.4255949,-25.9756055],[32.425635,-25.9755839],[32.4255974,-25.9755271],[32.4255574,-25.9755487],[32.4255949,-25.9756055]]]},"properties":{"id":"fp-ovt-c54e3349-d87c-43","gers":"c54e3349-d87c-43ea-936f-efaae1c5b563","kind":"building","src":"overture","bbox":[32.425557,-25.975606,32.425635,-25.975527],"m2":34,"sites":["site-c82efe32d5"]}},{"type":"Feature","geometry":{"type":"Polygon","coordinates":[[[75.9772284,11.4028976],[75.9770802,11.402964],[75.9770364,11.4028699],[75.9771897,11.4028012],[75.9772182,11.4028623],[75.977213,11.4028646],[75.9772284,11.4028976]]]},"properties":{"id":"fp-ovt-c5d9d7e4-d71e-48","gers":"c5d9d7e4-d71e-48bb-ab4f-e2defaff36b9","kind":"building","src":"overture","bbox":[75.977036,11.402801,75.977228,11.402964],"m2":209,"sites":["site-6720695853"]}},{"type":"Feature","geometry":{"type":"Polygon","coordinates":[[[78.3914591,17.4419937],[78.3913278,17.4419979],[78.3913195,17.4417577],[78.3914509,17.4417535],[78.3914591,17.4419937]]]},"properties":{"id":"fp-ovt-c6383370-9db9-4c","gers":"c6383370-9db9-4c14-8a45-54d67da58fe1","kind":"building","src":"overture","bbox":[78.391319,17.441754,78.391459,17.441998],"m2":373,"sites":["site-9434d24c13"]}},{"type":"Feature","geometry":{"type":"Polygon","coordinates":[[[-40.067772,-19.3999068],[-40.0676269,-19.3998365],[-40.0676819,-19.3997345],[-40.0678269,-19.3998049],[-40.067772,-19.3999068]]]},"properties":{"id":"fp-ovt-c671dece-7026-4d","gers":"c671dece-7026-4dd0-816e-427e7f1339c5","kind":"building","src":"overture","bbox":[-40.067827,-19.399907,-40.067627,-19.399735],"m2":218,"sites":["site-da949423ae"]}},{"type":"Feature","geometry":{"type":"Polygon","coordinates":[[[4.8154205,45.7343145],[4.8158343,45.7343563],[4.8157316,45.7348516],[4.8153178,45.7348098],[4.8154205,45.7343145]]]},"properties":{"id":"fp-ovt-c6a4b394-48bc-4e","gers":"c6a4b394-48bc-4e4e-a828-8f19e240d00b","kind":"building","src":"overture","bbox":[4.815318,45.734315,4.815834,45.734852],"m2":1810,"sites":["site-184697a270"]}},{"type":"Feature","geometry":{"type":"Polygon","coordinates":[[[105.8495194,21.0185242],[105.8495505,21.0186185],[105.849433,21.018638],[105.849383,21.018594],[105.8493817,21.0185552],[105.8493804,21.0185044],[105.8495518,21.0184672],[105.8495657,21.0185138],[105.8495194,21.0185242]]]},"properties":{"id":"fp-ovt-c6ee91da-bc79-4c","gers":"c6ee91da-bc79-4cda-bb51-8f3749c52bed","kind":"building","src":"overture","bbox":[105.84938,21.018467,105.849566,21.018638],"m2":257,"sites":["site-9d65a06864"]}},{"type":"Feature","geometry":{"type":"Polygon","coordinates":[[[77.2082038,28.6299728],[77.2082522,28.6299905],[77.2082328,28.6300319],[77.2081843,28.6300141],[77.2082038,28.6299728]]]},"properties":{"id":"fp-ovt-c7201051-002f-43","gers":"c7201051-002f-4383-bf4c-e44597cae5ec","kind":"building","src":"overture","bbox":[77.208184,28.629973,77.208252,28.630032],"m2":26,"sites":["site-272ad25672"]}},{"type":"Feature","geometry":{"type":"Polygon","coordinates":[[[-66.0825205,18.313162],[-66.0824239,18.3132553],[-66.0825327,18.313358],[-66.0826696,18.3132255],[-66.0826204,18.313179],[-66.08259,18.3132085],[-66.0825567,18.3131769],[-66.0825466,18.3131866],[-66.0825205,18.313162]]]},"properties":{"id":"fp-ovt-c72b3e67-1fc0-45","gers":"c72b3e67-1fc0-455f-83d7-dbfaba649ec3","kind":"building","src":"overture","bbox":[-66.08267,18.313162,-66.082424,18.313358],"m2":288,"sites":["site-42451aa04f"]}},{"type":"Feature","geometry":{"type":"Polygon","coordinates":[[[106.7184134,-6.2766041],[106.7181105,-6.2766825],[106.7182069,-6.2770505],[106.7183964,-6.2770014],[106.7183764,-6.2769251],[106.7184897,-6.2768958],[106.7184134,-6.2766041]]]},"properties":{"id":"fp-ovt-c72cd789-b984-41","gers":"c72cd789-b984-412c-8049-8f7785ec58b3","kind":"building","src":"overture","bbox":[106.71811,-6.27705,106.71849,-6.276604],"m2":1352,"sites":["site-77d073f6f0"]}},{"type":"Feature","geometry":{"type":"Polygon","coordinates":[[[-1.7620845,53.7950412],[-1.7626919,53.7953577],[-1.7628338,53.7952614],[-1.7623524,53.7950036],[-1.7620845,53.7950412]]]},"properties":{"id":"fp-ovt-c73bdf43-0ccc-45","gers":"c73bdf43-0ccc-452b-86bc-d431aa92bf2d","kind":"building","src":"overture","bbox":[-1.762834,53.795004,-1.762085,53.795358],"m2":697,"sites":["site-93c2c24943"]}},{"type":"Feature","geometry":{"type":"Polygon","coordinates":[[[91.7810008,26.1833778],[91.7810871,26.1833677],[91.7810973,26.1834391],[91.781011,26.1834492],[91.7810008,26.1833778]]]},"properties":{"id":"fp-ovt-c7d76131-7206-41","gers":"c7d76131-7206-41e7-9b00-8eb0ab0ee19d","kind":"building","src":"overture","bbox":[91.781001,26.183368,91.781097,26.183449],"m2":70,"sites":["site-c5a39ab51f"]}},{"type":"Feature","geometry":{"type":"Polygon","coordinates":[[[117.2103225,37.7250695],[117.2105081,37.7250542],[117.2105238,37.7251748],[117.2103382,37.7251901],[117.2103225,37.7250695]]]},"properties":{"id":"fp-ovt-c7fb5327-4353-47","gers":"c7fb5327-4353-4769-bd23-7e4412a21dc3","kind":"building","src":"overture","bbox":[117.210323,37.725054,117.210524,37.72519],"m2":222,"sites":["site-1db76669c5"]}},{"type":"Feature","geometry":{"type":"Polygon","coordinates":[[[30.5099033,50.4449842],[30.5100751,50.4449564],[30.510136,50.4451091],[30.5104827,50.445053],[30.5105311,50.4451741],[30.5101731,50.445232],[30.5102009,50.4453017],[30.5102085,50.4453209],[30.5101976,50.4453227],[30.5100336,50.4453492],[30.5100259,50.44533],[30.5100035,50.4452739],[30.5099902,50.4452406],[30.5099639,50.4452449],[30.5099427,50.4451919],[30.5099963,50.4451832],[30.5099252,50.445005],[30.5099124,50.4450071],[30.5099033,50.4449842]]]},"properties":{"id":"fp-ovt-c84994ca-3cb0-41","gers":"c84994ca-3cb0-41fa-9932-63d497b9cd7a","kind":"building","src":"overture","bbox":[30.509903,50.444956,30.510531,50.445349],"m2":880,"sites":["site-289c173889","site-69ceda04f4","site-ed8061740f"]}},{"type":"Feature","geometry":{"type":"Polygon","coordinates":[[[11.7174787,48.1093764],[11.7173721,48.1093758],[11.7173775,48.1089234],[11.7178578,48.108926],[11.7178561,48.1090639],[11.7176469,48.1090628],[11.7176431,48.1093773],[11.7174787,48.1093764]]]},"properties":{"id":"fp-ovt-c862bfca-5efd-41","gers":"c862bfca-5efd-41dd-bfea-697da2b68761","kind":"building","src":"overture","bbox":[11.717372,48.108923,11.717858,48.109377],"m2":1253,"sites":["site-3a8b7f296c"]}},{"type":"Feature","geometry":{"type":"Polygon","coordinates":[[[25.6071248,49.5520977],[25.6071119,49.5521074],[25.6070611,49.5521494],[25.6070677,49.5521527],[25.6070166,49.552195],[25.6069898,49.5521813],[25.6069539,49.552211],[25.6069357,49.5522017],[25.6068466,49.5522755],[25.606829,49.5522666],[25.6067964,49.5522936],[25.6066477,49.552218],[25.6066417,49.5522111],[25.6066449,49.5522037],[25.6067543,49.552113],[25.6067643,49.5521085],[25.6067767,49.5521085],[25.6068216,49.5521314],[25.6069129,49.5520558],[25.6069351,49.552067],[25.6069721,49.5520364],[25.6069858,49.5520291],[25.6070018,49.5520244],[25.6070211,49.5520218],[25.607041,49.5520218],[25.6070663,49.5520236],[25.6070847,49.5520285],[25.6071028,49.5520373],[25.6071208,49.55205],[25.6071293,49.5520621],[25.6071356,49.5520746],[25.6071317,49.5520881],[25.6071248,49.5520977]]]},"properties":{"id":"fp-ovt-c8ba3c90-837d-4a","gers":"c8ba3c90-837d-4a41-adf9-60064ccf6d2b","kind":"building","src":"overture","bbox":[25.606642,49.552022,25.607136,49.552294],"m2":517,"sites":["site-61975fcc97"]}},{"type":"Feature","geometry":{"type":"Polygon","coordinates":[[[127.1107151,37.335109],[127.1103048,37.3351136],[127.1102972,37.3346828],[127.1107075,37.3346782],[127.1107151,37.335109]]]},"properties":{"id":"fp-ovt-c975cdae-e476-46","gers":"c975cdae-e476-46de-b9c8-d3896f820c03","kind":"building","src":"overture","bbox":[127.110297,37.334678,127.110715,37.335114],"m2":1742,"sites":["site-919737334d"]}},{"type":"Feature","geometry":{"type":"Polygon","coordinates":[[[72.8317158,19.0204621],[72.8315256,19.0205855],[72.8314574,19.0204915],[72.8315378,19.0204394],[72.8315582,19.0204676],[72.8316067,19.0204362],[72.8315862,19.020408],[72.8316477,19.0203682],[72.8317158,19.0204621]]]},"properties":{"id":"fp-ovt-c978337f-7923-4a","gers":"c978337f-7923-4a75-8523-7aad38735afd","kind":"building","src":"overture","bbox":[72.831457,19.020368,72.831716,19.020585],"m2":284,"sites":["site-9a387547c2"]}},{"type":"Feature","geometry":{"type":"Polygon","coordinates":[[[74.3634514,31.5808979],[74.3634574,31.58096],[74.3633196,31.5809697],[74.3633136,31.5809076],[74.3634514,31.5808979]]]},"properties":{"id":"fp-ovt-c99b4763-455a-40","gers":"c99b4763-455a-40a7-ab29-0dd7afbcbb18","kind":"building","src":"overture","bbox":[74.363314,31.580898,74.363457,31.58097],"m2":91,"sites":["site-8c93d62ed5"]}},{"type":"Feature","geometry":{"type":"Polygon","coordinates":[[[100.8187648,13.5910184],[100.8188323,13.5912721],[100.8186306,13.5913234],[100.8185632,13.5910698],[100.8187648,13.5910184]]]},"properties":{"id":"fp-ovt-ca0f20bb-945e-43","gers":"ca0f20bb-945e-433c-9f96-de20d86a6748","kind":"building","src":"overture","bbox":[100.818563,13.591018,100.818832,13.591323],"m2":658,"sites":["site-32c764c7af"]}},{"type":"Feature","geometry":{"type":"Polygon","coordinates":[[[76.5881007,9.3601208],[76.5879546,9.360112],[76.5879607,9.3600136],[76.5881068,9.3600224],[76.5881007,9.3601208]]]},"properties":{"id":"fp-ovt-ca253df0-ec93-48","gers":"ca253df0-ec93-48df-b141-6ab01421ee98","kind":"building","src":"overture","bbox":[76.587955,9.360014,76.588107,9.360121],"m2":176,"sites":["site-562c0d1f38"]}},{"type":"Feature","geometry":{"type":"Polygon","coordinates":[[[13.369975,52.4657584],[13.369982,52.4658458],[13.3699206,52.4658476],[13.3699136,52.4657602],[13.369975,52.4657584]]]},"properties":{"id":"fp-ovt-ca2924db-757e-4e","gers":"ca2924db-757e-4e7e-bbfe-fa3eb9759a2d","kind":"building","src":"overture","bbox":[13.369914,52.465758,13.369982,52.465848],"m2":41,"sites":["site-6ae69003ca"]}},{"type":"Feature","geometry":{"type":"Polygon","coordinates":[[[26.2637459,50.612847],[26.2637148,50.6127153],[26.2637468,50.6127123],[26.2642144,50.6126678],[26.2642455,50.6127994],[26.2637459,50.612847]]]},"properties":{"id":"fp-ovt-ca5be4ba-ddec-4f","gers":"ca5be4ba-ddec-4fd9-b161-60f9b464f218","kind":"building","src":"overture","bbox":[26.263715,50.612668,26.264246,50.612847],"m2":529,"sites":["site-2c340ec006","site-a574b2eae4"]}},{"type":"Feature","geometry":{"type":"Polygon","coordinates":[[[85.318404,27.6910952],[85.318606,27.691022],[85.3186753,27.6911719],[85.3184733,27.6912452],[85.318404,27.6910952]]]},"properties":{"id":"fp-ovt-ca61c129-2709-40","gers":"ca61c129-2709-40a9-9505-d74dbc37e7c3","kind":"building","src":"overture","bbox":[85.318404,27.691022,85.318675,27.691245],"m2":388,"sites":["site-b9e613347a"]}},{"type":"Feature","geometry":{"type":"Polygon","coordinates":[[[78.3550063,17.4598846],[78.3549319,17.459748],[78.3551029,17.4596621],[78.3551807,17.4597956],[78.3550063,17.4598846]]]},"properties":{"id":"fp-ovt-ca972294-ca32-4b","gers":"ca972294-ca32-4b3f-b4d6-d40620758295","kind":"building","src":"overture","bbox":[78.354932,17.459662,78.355181,17.459885],"m2":354,"sites":["site-f77d0b0c48"]}},{"type":"Feature","geometry":{"type":"Polygon","coordinates":[[[100.3252719,5.4248042],[100.3252481,5.4247968],[100.3252374,5.4247792],[100.3252163,5.4247919],[100.3251702,5.4247822],[100.3251647,5.4247707],[100.3251447,5.4247658],[100.3251254,5.4247792],[100.3250725,5.4247031],[100.3250908,5.4246905],[100.3250994,5.4246761],[100.3250903,5.4246612],[100.3250958,5.4246321],[100.3252178,5.424548],[100.3252445,5.4245864],[100.3253373,5.4245225],[100.3253133,5.424488],[100.325429,5.4244083],[100.32545,5.424414],[100.3254597,5.4244305],[100.3254835,5.4244356],[100.3255023,5.4244227],[100.3255447,5.4244844],[100.3255306,5.4245004],[100.3255268,5.4245226],[100.3255383,5.4245356],[100.3255364,5.4245619],[100.3255186,5.4245737],[100.3255361,5.4245998],[100.3255297,5.4246316],[100.3252719,5.4248042]]]},"properties":{"id":"fp-ovt-cb4dfef5-9afb-41","gers":"cb4dfef5-9afb-41e4-b9ec-4ba027f83c31","kind":"building","src":"overture","bbox":[100.325073,5.424408,100.325545,5.424804],"m2":1259,"sites":["site-ffe9009b5c"]}},{"type":"Feature","geometry":{"type":"Polygon","coordinates":[[[106.8646976,-6.4724709],[106.8647505,-6.4723525],[106.8645967,-6.4722761],[106.8646027,-6.4722641],[106.8645593,-6.4722425],[106.8645255,-6.4723106],[106.8645827,-6.4723391],[106.8645524,-6.4724057],[106.8646976,-6.4724709]]]},"properties":{"id":"fp-ovt-cba6c1ce-09d6-48","gers":"cba6c1ce-09d6-4877-a2b2-37dfcb534b60","kind":"building","src":"overture","bbox":[106.864525,-6.472471,106.86475,-6.472243],"m2":316,"sites":["site-b4a0383cc2"]}},{"type":"Feature","geometry":{"type":"Polygon","coordinates":[[[-81.1044174,35.0362381],[-81.1046953,35.0362483],[-81.1047051,35.0360691],[-81.1044271,35.036059],[-81.1044174,35.0362381]]]},"properties":{"id":"fp-ovt-cd14c291-3911-4a","gers":"cd14c291-3911-4ab8-a846-a3be44ef984e","kind":"building","src":"overture","bbox":[-81.104705,35.036059,-81.104417,35.036248],"m2":506,"sites":["site-3912b9caf4"]}},{"type":"Feature","geometry":{"type":"Polygon","coordinates":[[[76.4281819,9.2835546],[76.428282,9.283557],[76.4282805,9.2836201],[76.4281804,9.2836176],[76.4281819,9.2835546]]]},"properties":{"id":"fp-ovt-cd2b0c2f-7eae-4e","gers":"cd2b0c2f-7eae-4ed6-90cf-344e0e783d36","kind":"building","src":"overture","bbox":[76.42818,9.283555,76.428282,9.28362],"m2":77,"sites":["site-aee1965e83"]}},{"type":"Feature","geometry":{"type":"Polygon","coordinates":[[[-80.1010331,32.9649901],[-80.1014089,32.9650275],[-80.1014434,32.9647403],[-80.1009553,32.9646906],[-80.10102,32.9648298],[-80.1009552,32.9648225],[-80.1010331,32.9649901]]]},"properties":{"id":"fp-ovt-cf184192-a8c5-47","gers":"cf184192-a8c5-47fa-ba18-7a4d128addea","kind":"building","src":"overture","bbox":[-80.101443,32.964691,-80.100955,32.965027],"m2":1317,"sites":["site-2a514b7f27"]}},{"type":"Feature","geometry":{"type":"Polygon","coordinates":[[[133.8784987,34.7262436],[133.878357,34.7262546],[133.8783659,34.7263325],[133.8779918,34.7263615],[133.8779831,34.7262851],[133.8779746,34.7262858],[133.8779727,34.7262695],[133.8779699,34.7262697],[133.8779542,34.7261327],[133.8780155,34.7261279],[133.878014,34.7261149],[133.8784798,34.7260788],[133.8784987,34.7262436]]]},"properties":{"id":"fp-ovt-cfe5f6ac-3fcd-46","gers":"cfe5f6ac-3fcd-4686-a6aa-568def62dcd3","kind":"building","src":"overture","bbox":[133.877954,34.726079,133.878499,34.726362],"m2":1184,"sites":["site-5d8562d429"]}},{"type":"Feature","geometry":{"type":"Polygon","coordinates":[[[72.997862,19.0635518],[72.997652,19.0634372],[72.9978371,19.0631775],[72.9977507,19.0631245],[72.9977116,19.0631708],[72.9976833,19.0631503],[72.9974291,19.0629979],[72.9975318,19.0628531],[72.9974953,19.0628312],[72.9974843,19.0628078],[72.9974882,19.0627908],[72.9974963,19.0627843],[72.9975302,19.062783],[72.997868,19.0623259],[72.9986195,19.062787],[72.9986425,19.0628012],[72.9986778,19.0628155],[72.9987444,19.062683],[72.9994442,19.062967],[72.9993847,19.0631184],[72.9994406,19.0631375],[72.9995339,19.0631723],[73.0000601,19.0633187],[72.999876,19.0638975],[73.0000948,19.0639431],[73.0000355,19.0641534],[72.9996116,19.064031],[72.9995357,19.0642566],[72.9992996,19.0641856],[72.9993747,19.0639625],[72.9990526,19.0638695],[72.9983739,19.063575],[72.9979796,19.0633573],[72.997862,19.0635518]]]},"properties":{"id":"fp-ovt-d0cf0ece-3982-47","gers":"d0cf0ece-3982-4779-9bc3-842d1c62f045","kind":"building","src":"overture","bbox":[72.997429,19.062326,73.000095,19.064257],"m2":27382,"sites":["site-4064ee85f4","site-f0d16b6d13"]}},{"type":"Feature","geometry":{"type":"Polygon","coordinates":[[[-90.412664,38.6985149],[-90.4126669,38.6984243],[-90.4118226,38.6984078],[-90.4118275,38.698253],[-90.4117244,38.6981697],[-90.41183,38.69809],[-90.4118326,38.6980079],[-90.4117042,38.6979042],[-90.4115258,38.6979007],[-90.4113944,38.6979998],[-90.4113867,38.6982401],[-90.4113688,38.6982535],[-90.4113653,38.6983649],[-90.4113849,38.6983808],[-90.4113838,38.6984139],[-90.4115983,38.6984181],[-90.4115876,38.6987507],[-90.4117475,38.6987538],[-90.411766,38.6987689],[-90.4119142,38.6987718],[-90.4119332,38.6987575],[-90.4121768,38.6987622],[-90.4121835,38.6987571],[-90.4122323,38.6987581],[-90.4123366,38.6986794],[-90.412435,38.6987589],[-90.4126574,38.6987632],[-90.4126605,38.6986654],[-90.4126825,38.6986488],[-90.4126862,38.6985328],[-90.412664,38.6985149]]]},"properties":{"id":"fp-ovt-d0d6b7c1-cc23-46","gers":"d0d6b7c1-cc23-4611-a205-19197513fb1a","kind":"building","src":"overture","bbox":[-90.412686,38.697901,-90.411365,38.698772],"m2":5505,"sites":["site-9006d42ef6"]}},{"type":"Feature","geometry":{"type":"Polygon","coordinates":[[[83.3358527,17.7395751],[83.3357986,17.7395939],[83.3357896,17.7395703],[83.3357701,17.739577],[83.3357629,17.7395581],[83.3357782,17.7395528],[83.3357574,17.7394984],[83.3358157,17.7394782],[83.3358527,17.7395751]]]},"properties":{"id":"fp-ovt-d14806e5-66be-45","gers":"d14806e5-66be-4524-b229-8b10b881f8a5","kind":"building","src":"overture","bbox":[83.335757,17.739478,83.335853,17.739594],"m2":78,"sites":["site-fc4f482dba"]}},{"type":"Feature","geometry":{"type":"Polygon","coordinates":[[[77.4831331,28.5521375],[77.4834795,28.5523541],[77.4834686,28.5523676],[77.4835091,28.5523929],[77.4833726,28.5525631],[77.4831667,28.5524344],[77.4831791,28.552419],[77.4829982,28.5523058],[77.4831331,28.5521375]]]},"properties":{"id":"fp-ovt-d179610b-84a9-46","gers":"d179610b-84a9-4647-be20-0c7f505ce958","kind":"building","src":"overture","bbox":[77.482998,28.552138,77.483509,28.552563],"m2":1107,"sites":["site-6ad9581150"]}},{"type":"Feature","geometry":{"type":"Polygon","coordinates":[[[110.3533334,1.7096171],[110.3533672,1.7096668],[110.3533299,1.7096925],[110.3532961,1.7096428],[110.3533334,1.7096171]]]},"properties":{"id":"fp-ovt-d1cc29ba-5742-45","gers":"d1cc29ba-5742-45ef-9ee9-00061dc3c2e5","kind":"building","src":"overture","bbox":[110.353296,1.709617,110.353367,1.709693],"m2":34,"sites":["site-2316b0b3a5"]}},{"type":"Feature","geometry":{"type":"Polygon","coordinates":[[[90.3813074,23.7493151],[90.3811723,23.7492909],[90.381216,23.7490918],[90.3813298,23.7491188],[90.3813074,23.7493151]]]},"properties":{"id":"fp-ovt-d2047459-7941-4e","gers":"d2047459-7941-4e2e-9e1e-d48bb23b228c","kind":"building","src":"overture","bbox":[90.381172,23.749092,90.38133,23.749315],"m2":289,"sites":["site-7fa16e0915"]}},{"type":"Feature","geometry":{"type":"Polygon","coordinates":[[[30.3164328,59.9350463],[30.3163795,59.9350464],[30.3163273,59.9350392],[30.3162901,59.9350296],[30.3161474,59.9349789],[30.3157024,59.9348232],[30.3159258,59.9346706],[30.3160308,59.9347077],[30.3162694,59.9345387],[30.3162181,59.9345201],[30.3163216,59.9344486],[30.3163729,59.9344673],[30.3167367,59.9342157],[30.3166783,59.9341801],[30.3166485,59.9341619],[30.3168417,59.9340305],[30.3168682,59.9340477],[30.3174124,59.9344035],[30.3165661,59.9350068],[30.3165276,59.9350258],[30.3164835,59.9350387],[30.3164328,59.9350463]],[[30.3170801,59.9343695],[30.3169809,59.9343036],[30.3168991,59.9343628],[30.3170292,59.9344098],[30.3170801,59.9343695]]]},"properties":{"id":"fp-ovt-d3128492-76e3-47","gers":"d3128492-76e3-4715-befc-6886b4fd76bb","kind":"building","src":"overture","bbox":[30.315702,59.93403,30.317412,59.935046],"m2":4553,"sites":["site-c29ab7a9d8"]}},{"type":"Feature","geometry":{"type":"Polygon","coordinates":[[[14.132221,48.9165481],[14.1322288,48.9165765],[14.1323001,48.9165684],[14.1323058,48.9165902],[14.1323353,48.9167022],[14.1321117,48.9167277],[14.132104,48.9166987],[14.1318057,48.9167327],[14.1317711,48.9165993],[14.132221,48.9165481]]]},"properties":{"id":"fp-ovt-d34f9c0e-4f78-48","gers":"d34f9c0e-4f78-48bc-9fff-e3b3b49133a5","kind":"building","src":"overture","bbox":[14.131771,48.916548,14.132335,48.916733],"m2":621,"sites":["site-b3e9796e4e"]}},{"type":"Feature","geometry":{"type":"Polygon","coordinates":[[[-71.5817734,-16.4022662],[-71.5818701,-16.4022402],[-71.5819397,-16.4024783],[-71.581843,-16.4025044],[-71.5817734,-16.4022662]]]},"properties":{"id":"fp-ovt-d37b8a5d-5007-4f","gers":"d37b8a5d-5007-4f3e-9ada-011813f1e533","kind":"building","src":"overture","bbox":[-71.58194,-16.402504,-71.581773,-16.40224],"m2":295,"sites":["site-cc5d84357b"]}},{"type":"Feature","geometry":{"type":"Polygon","coordinates":[[[77.0333809,8.3755386],[77.0334273,8.3755397],[77.0334255,8.3756233],[77.0333791,8.3756223],[77.0333809,8.3755386]]]},"properties":{"id":"fp-ovt-d427e503-e895-42","gers":"d427e503-e895-422d-a78f-152fd8658eab","kind":"building","src":"overture","bbox":[77.033379,8.375539,77.033427,8.375623],"m2":48,"sites":["site-7d70373f0d"]}},{"type":"Feature","geometry":{"type":"Polygon","coordinates":[[[-70.6019777,-33.4320444],[-70.6018018,-33.4320056],[-70.6018111,-33.4319759],[-70.601987,-33.4320147],[-70.6019777,-33.4320444]]]},"properties":{"id":"fp-ovt-d4711be4-57a2-40","gers":"d4711be4-57a2-405c-ba40-4108b425a7fb","kind":"building","src":"overture","bbox":[-70.601987,-33.432044,-70.601802,-33.431976],"m2":58,"sites":["site-33bad90349"]}},{"type":"Feature","geometry":{"type":"Polygon","coordinates":[[[112.1865444,-8.1006082],[112.1865804,-8.1006183],[112.1865889,-8.100588],[112.1866223,-8.1005973],[112.1866321,-8.1005627],[112.1865626,-8.1005433],[112.1865444,-8.1006082]]]},"properties":{"id":"fp-ovt-d485c496-12e1-48","gers":"d485c496-12e1-481e-b868-46df49c47e89","kind":"building","src":"overture","bbox":[112.186544,-8.100618,112.186632,-8.100543],"m2":46,"sites":["site-7de8990e2b"]}},{"type":"Feature","geometry":{"type":"Polygon","coordinates":[[[10.7792214,53.5595114],[10.7790926,53.5595385],[10.7790422,53.5594539],[10.778917,53.5594802],[10.7788869,53.5594298],[10.7791408,53.5593763],[10.7792214,53.5595114]]]},"properties":{"id":"fp-ovt-d4ac560c-acd5-4e","gers":"d4ac560c-acd5-4e09-9b29-c08290a84db6","kind":"building","src":"overture","bbox":[10.778887,53.559376,10.779221,53.559539],"m2":196,"sites":["site-24191ca3d6"]}},{"type":"Feature","geometry":{"type":"Polygon","coordinates":[[[-81.2363544,32.2516245],[-81.2365734,32.2515298],[-81.2365245,32.2514489],[-81.2363055,32.2515435],[-81.2363544,32.2516245]]]},"properties":{"id":"fp-ovt-d53fc5f3-c30f-4f","gers":"d53fc5f3-c30f-4fe6-9f93-1c9531bbe0ce","kind":"building","src":"overture","bbox":[-81.236573,32.251449,-81.236306,32.251624],"m2":234,"sites":["site-0adf271aee"]}},{"type":"Feature","geometry":{"type":"Polygon","coordinates":[[[8.9673727,48.6764462],[8.9671497,48.6763365],[8.9670984,48.6763819],[8.9666864,48.6761792],[8.9671074,48.6758063],[8.9675193,48.676009],[8.96747,48.6760528],[8.9676929,48.6761625],[8.9673727,48.6764462]]]},"properties":{"id":"fp-ovt-d56837c9-0b5d-4d","gers":"d56837c9-0b5d-4ddd-9405-52eede83a353","kind":"building","src":"overture","bbox":[8.966686,48.675806,8.967693,48.676446],"m2":2760,"sites":["site-438f12589c"]}},{"type":"Feature","geometry":{"type":"Polygon","coordinates":[[[100.5450676,13.9377542],[100.545031,13.9377038],[100.5451144,13.9376467],[100.545151,13.9376972],[100.5450676,13.9377542]]]},"properties":{"id":"fp-ovt-d5b34429-0380-46","gers":"d5b34429-0380-46ad-935d-f213d97221ea","kind":"building","src":"overture","bbox":[100.545031,13.937647,100.545151,13.937754],"m2":76,"sites":["site-9eed8a7f83"]}},{"type":"Feature","geometry":{"type":"Polygon","coordinates":[[[75.9538332,11.2460045],[75.9537958,11.2458786],[75.9540037,11.2458099],[75.954048,11.245945],[75.9538332,11.2460045]]]},"properties":{"id":"fp-ovt-d5bfc7ea-25d6-45","gers":"d5bfc7ea-25d6-4546-9989-46181da9e138","kind":"building","src":"overture","bbox":[75.953796,11.24581,75.954048,11.246004],"m2":367,"sites":["site-cc1c5a08fc"]}},{"type":"Feature","geometry":{"type":"Polygon","coordinates":[[[135.5063139,34.6579399],[135.5058831,34.6579553],[135.5058667,34.6576448],[135.505864,34.6575951],[135.5058627,34.6575699],[135.5062554,34.6575558],[135.5062689,34.6578105],[135.506307,34.6578091],[135.5063139,34.6579399]]]},"properties":{"id":"fp-ovt-d5c01af2-4ce6-4e","gers":"d5c01af2-4ce6-4e2f-9ae2-2a32877827e8","kind":"building","src":"overture","bbox":[135.505863,34.657556,135.506314,34.657955],"m2":1597,"sites":["site-9bfc86fa9d"]}},{"type":"Feature","geometry":{"type":"Polygon","coordinates":[[[-43.9928018,-19.9988681],[-43.9928102,-19.9987933],[-43.9929163,-19.9988039],[-43.9929079,-19.9988786],[-43.9928018,-19.9988681]]]},"properties":{"id":"fp-ovt-d5d9c00f-24cf-45","gers":"d5d9c00f-24cf-45ef-aee9-ecddf97ab68e","kind":"building","src":"overture","bbox":[-43.992916,-19.998879,-43.992802,-19.998793],"m2":93,"sites":["site-dbdee31712"]}},{"type":"Feature","geometry":{"type":"Polygon","coordinates":[[[16.3965372,48.2578225],[16.3965328,48.2578156],[16.396614,48.2576349],[16.3967689,48.2576294],[16.3967836,48.2576412],[16.3967942,48.2576498],[16.3966965,48.257857],[16.3965372,48.2578225]]]},"properties":{"id":"fp-ovt-d6712e39-94a4-48","gers":"d6712e39-94a4-4801-b592-f8ced00bc272","kind":"building","src":"overture","bbox":[16.396533,48.257629,16.396794,48.257857],"m2":313,"sites":["site-712e580906"]}},{"type":"Feature","geometry":{"type":"Polygon","coordinates":[[[-8.8306097,37.9949287],[-8.8305825,37.9949813],[-8.8307249,37.9950272],[-8.8307522,37.9949746],[-8.8306097,37.9949287]]]},"properties":{"id":"fp-ovt-d6d60457-12a2-4a","gers":"d6d60457-12a2-4a6a-8e9e-1f4dbd773ecf","kind":"building","src":"overture","bbox":[-8.830752,37.994929,-8.830583,37.995027],"m2":85,"sites":["site-d8c4f7512c"]}},{"type":"Feature","geometry":{"type":"Polygon","coordinates":[[[32.5695216,15.580335],[32.5694624,15.5806703],[32.5692802,15.5806405],[32.5693394,15.5803052],[32.5695216,15.580335]]]},"properties":{"id":"fp-ovt-d7152c2f-9fd4-4c","gers":"d7152c2f-9fd4-4cb6-9ad7-819bd47ff56e","kind":"building","src":"overture","bbox":[32.56928,15.580305,32.569522,15.58067],"m2":750,"sites":["site-9596c676d9"]}},{"type":"Feature","geometry":{"type":"Polygon","coordinates":[[[25.7601068,46.9576296],[25.7597244,46.9577071],[25.7596921,46.9576248],[25.7598101,46.9575961],[25.7599006,46.9575741],[25.7598698,46.9575044],[25.7598373,46.9574349],[25.7597384,46.9574566],[25.7596194,46.9574827],[25.7595646,46.9573563],[25.759642,46.9573393],[25.7596572,46.9573702],[25.7597015,46.9573609],[25.7597282,46.9573553],[25.7599362,46.9573118],[25.7599622,46.9573064],[25.7599918,46.9573725],[25.7599972,46.9573845],[25.7601068,46.9576296]]]},"properties":{"id":"fp-ovt-d759b90c-e69a-49","gers":"d759b90c-e69a-4911-9982-d8b20a634e9a","kind":"building","src":"overture","bbox":[25.759565,46.957306,25.760107,46.957707],"m2":878,"sites":["site-faf3d60e1d"]}},{"type":"Feature","geometry":{"type":"Polygon","coordinates":[[[77.733283,12.9637468],[77.7332161,12.9637538],[77.7332109,12.9637064],[77.7332779,12.9636994],[77.733283,12.9637468]]]},"properties":{"id":"fp-ovt-d7a24a65-73ba-42","gers":"d7a24a65-73ba-42f8-904b-92d6d783fca0","kind":"building","src":"overture","bbox":[77.733211,12.963699,77.733283,12.963754],"m2":39,"sites":["site-b373acfd98","site-ca25dac59c"]}},{"type":"Feature","geometry":{"type":"Polygon","coordinates":[[[-47.8012805,-21.1624967],[-47.8008648,-21.1620161],[-47.8010051,-21.1619093],[-47.8014208,-21.1623899],[-47.8012805,-21.1624967]]]},"properties":{"id":"fp-ovt-d8342e0f-44de-43","gers":"d8342e0f-44de-4389-9af2-ddd265ec56d1","kind":"building","src":"overture","bbox":[-47.801421,-21.162497,-47.800865,-21.161909],"m2":1292,"sites":["site-d5e3b7e766"]}},{"type":"Feature","geometry":{"type":"Polygon","coordinates":[[[-81.236418,32.96384],[-81.236428,32.963565],[-81.236027,32.963556],[-81.236023,32.963682],[-81.235842,32.963677],[-81.235838,32.963803],[-81.235918,32.963805],[-81.235917,32.963839],[-81.236042,32.963842],[-81.236039,32.963917],[-81.236361,32.963925],[-81.236364,32.963838],[-81.236418,32.96384]]]},"properties":{"id":"fp-ovt-d8969ee8-391d-4a","gers":"d8969ee8-391d-4abd-95a1-69e17f6fd6a4","kind":"building","src":"overture","bbox":[-81.236428,32.963556,-81.235838,32.963925],"m2":1708,"sites":["site-1ca179cb8d"]}},{"type":"Feature","geometry":{"type":"Polygon","coordinates":[[[42.7255203,42.188139],[42.7254371,42.1881212],[42.7254598,42.1880632],[42.725543,42.1880811],[42.7255203,42.188139]]]},"properties":{"id":"fp-ovt-d8b90fc1-508d-40","gers":"d8b90fc1-508d-4060-8997-28e760103079","kind":"building","src":"overture","bbox":[42.725437,42.188063,42.725543,42.188139],"m2":48,"sites":["site-c79d2654f1"]}},{"type":"Feature","geometry":{"type":"Polygon","coordinates":[[[72.690933,23.1680551],[72.6907747,23.1680446],[72.6907833,23.1679347],[72.6911723,23.1679606],[72.6911634,23.1680748],[72.6910262,23.1680657],[72.6910193,23.1680869],[72.690931,23.168081],[72.690933,23.1680551]]]},"properties":{"id":"fp-ovt-d8bd2437-1293-42","gers":"d8bd2437-1293-421d-9d46-81a4733a77f6","kind":"building","src":"overture","bbox":[72.690775,23.167935,72.691172,23.168087],"m2":523,"sites":["site-223fa47f98"]}},{"type":"Feature","geometry":{"type":"Polygon","coordinates":[[[-59.078899,-26.2038699],[-59.0788419,-26.2038694],[-59.0788424,-26.2038262],[-59.0788995,-26.2038267],[-59.078899,-26.2038699]]]},"properties":{"id":"fp-ovt-d96e4817-0dc2-45","gers":"d96e4817-0dc2-45b1-b9cb-8d46856c801a","kind":"building","src":"overture","bbox":[-59.078899,-26.20387,-59.078842,-26.203826],"m2":27,"sites":["site-1d990c1200"]}},{"type":"Feature","geometry":{"type":"Polygon","coordinates":[[[-78.6676246,-1.6562305],[-78.6675251,-1.6561204],[-78.6676094,-1.6560431],[-78.667709,-1.6561533],[-78.6676246,-1.6562305]]]},"properties":{"id":"fp-ovt-d9a7e415-d030-4b","gers":"d9a7e415-d030-4b1a-a0db-1f665846342a","kind":"building","src":"overture","bbox":[-78.667709,-1.65623,-78.667525,-1.656043],"m2":210,"sites":["site-f35a7be887"]}},{"type":"Feature","geometry":{"type":"Polygon","coordinates":[[[100.6222098,13.7362559],[100.622303,13.7362753],[100.6223196,13.7361991],[100.6224394,13.736224],[100.6224194,13.7363158],[100.6225111,13.7363349],[100.6224695,13.7365256],[100.6221648,13.7364621],[100.6222098,13.7362559]]]},"properties":{"id":"fp-ovt-d9d3440b-5c3c-49","gers":"d9d3440b-5c3c-49c3-b29e-c25ac9baa07d","kind":"building","src":"overture","bbox":[100.622165,13.736199,100.622511,13.736526],"m2":888,"sites":["site-fd206b29e4"]}},{"type":"Feature","geometry":{"type":"Polygon","coordinates":[[[-40.296409,-20.3132017],[-40.2969137,-20.313469],[-40.2968198,-20.3136278],[-40.2966067,-20.3135119],[-40.2965979,-20.31353],[-40.2964975,-20.3134766],[-40.296506,-20.313463],[-40.2963148,-20.3133605],[-40.296409,-20.3132017]]]},"properties":{"id":"fp-ovt-d9d5373c-cde2-41","gers":"d9d5373c-cde2-41b4-a8f0-dce91f7ae0ee","kind":"building","src":"overture","bbox":[-40.296914,-20.313628,-40.296315,-20.313202],"m2":1244,"sites":["site-64fc8c6f03"]}},{"type":"Feature","geometry":{"type":"Polygon","coordinates":[[[-61.4609411,10.2735114],[-61.4609029,10.2736564],[-61.4610902,10.2737041],[-61.4611284,10.2735591],[-61.4609411,10.2735114]]]},"properties":{"id":"fp-ovt-da40ab49-71ce-42","gers":"da40ab49-71ce-4242-a1ea-b0e687ad91ea","kind":"building","src":"overture","bbox":[-61.461128,10.273511,-61.460903,10.273704],"m2":353,"sites":["site-e9f79fba3b"]}},{"type":"Feature","geometry":{"type":"Polygon","coordinates":[[[16.6035865,49.2019163],[16.6035776,49.2019228],[16.603539,49.2019032],[16.6034079,49.202016],[16.6034195,49.2020211],[16.6033246,49.2021014],[16.6028683,49.2018639],[16.6030565,49.2017004],[16.6030431,49.2016938],[16.6031002,49.2016509],[16.6031078,49.2016441],[16.6031158,49.2016439],[16.6031266,49.2016341],[16.6031376,49.2016241],[16.6031332,49.2016219],[16.6031913,49.2015663],[16.6032048,49.201573],[16.6033924,49.2014117],[16.6035998,49.2015117],[16.6036025,49.2015092],[16.603617,49.201516],[16.6036141,49.2015186],[16.6036412,49.2015315],[16.6036441,49.201529],[16.6036579,49.2015356],[16.6036567,49.2015367],[16.6038631,49.2016363],[16.6037698,49.201717],[16.60376,49.201712],[16.6036371,49.2018221],[16.6036743,49.2018412],[16.6036646,49.2018504],[16.6036744,49.2018554],[16.6036639,49.2018649],[16.6036737,49.2018691],[16.6036157,49.2019186],[16.6036072,49.2019134],[16.6035971,49.2019217],[16.6035865,49.2019163]],[[16.6032378,49.2017895],[16.6031755,49.2017586],[16.6030769,49.2018464],[16.6033037,49.2019632],[16.6034335,49.2018518],[16.6033962,49.2018336],[16.6033939,49.2018249],[16.6034741,49.2017528],[16.6034862,49.2017529],[16.6035246,49.2017704],[16.6036526,49.2016608],[16.6034213,49.2015466],[16.60332,49.2016354],[16.6033797,49.2016649],[16.603345,49.2016955],[16.6033498,49.2016979],[16.6032742,49.2017633],[16.603268,49.2017604],[16.6032378,49.2017895]]]},"properties":{"id":"fp-ovt-da61802e-58cc-4f","gers":"da61802e-58cc-4faf-b0df-e8170c812f05","kind":"building","src":"overture","bbox":[16.602868,49.201412,16.603863,49.202101],"m2":2018,"sites":["site-f33aa215c8"]}},{"type":"Feature","geometry":{"type":"Polygon","coordinates":[[[9.969248,44.2084999],[9.9692283,44.2086086],[9.9689976,44.2085797],[9.9689311,44.2088412],[9.9688943,44.2088623],[9.9688744,44.2088738],[9.9687677,44.2088648],[9.9687677,44.208855],[9.9687758,44.2088162],[9.9687965,44.2087179],[9.96885,44.2085329],[9.9687607,44.2085069],[9.9687996,44.2083977],[9.9686135,44.2082449],[9.9687106,44.2081811],[9.9688107,44.20826],[9.9688283,44.208248],[9.9688471,44.2082351],[9.9687778,44.2081475],[9.9690713,44.2079962],[9.9692983,44.2082936],[9.969064,44.2084118],[9.9691105,44.2084706],[9.969248,44.2084999]]]},"properties":{"id":"fp-ovt-daaf1f9b-40a7-46","gers":"daaf1f9b-40a7-4688-a52f-35daaae28c5e","kind":"building","src":"overture","bbox":[9.968614,44.207996,9.969298,44.208874],"m2":2416,"sites":["site-622f9f52e4"]}},{"type":"Feature","geometry":{"type":"Polygon","coordinates":[[[121.740506,16.9172542],[121.7405002,16.9173073],[121.7404555,16.9173058],[121.740457,16.9172535],[121.740506,16.9172542]]]},"properties":{"id":"fp-ovt-daba8a13-20ce-47","gers":"daba8a13-20ce-4712-90b0-c7e773516296","kind":"building","src":"overture","bbox":[121.740455,16.917254,121.740506,16.917307],"m2":29,"sites":["site-fe9be1e8ef"]}},{"type":"Feature","geometry":{"type":"Polygon","coordinates":[[[44.5631734,40.0367437],[44.5630775,40.0367722],[44.5630331,40.0366844],[44.563129,40.0366559],[44.5631734,40.0367437]]]},"properties":{"id":"fp-ovt-db993a17-7b26-46","gers":"db993a17-7b26-46c4-adbd-f87b8c5df6ed","kind":"building","src":"overture","bbox":[44.563033,40.036656,44.563173,40.036772],"m2":92,"sites":["site-d1824d1236"]}},{"type":"Feature","geometry":{"type":"Polygon","coordinates":[[[-68.8454395,-32.8843719],[-68.8453118,-32.8843933],[-68.8452377,-32.8840814],[-68.8453486,-32.8840628],[-68.8453358,-32.8840086],[-68.8452996,-32.8840147],[-68.8452893,-32.8839714],[-68.8454776,-32.8839398],[-68.8455111,-32.8840806],[-68.8454801,-32.8840858],[-68.8454943,-32.8841454],[-68.8454092,-32.8841596],[-68.845428,-32.8842387],[-68.8453661,-32.8842491],[-68.8453733,-32.8842794],[-68.8454158,-32.8842723],[-68.8454395,-32.8843719]]]},"properties":{"id":"fp-ovt-dbab25ad-5062-43","gers":"dbab25ad-5062-43e2-8070-771a3f1a3fe8","kind":"building","src":"overture","bbox":[-68.845511,-32.884393,-68.845238,-32.88394],"m2":742,"sites":["site-a1668e9438"]}},{"type":"Feature","geometry":{"type":"Polygon","coordinates":[[[-48.4834704,-21.3990809],[-48.4834538,-21.3990681],[-48.4834354,-21.3990891],[-48.4833694,-21.3990385],[-48.4834243,-21.3989758],[-48.4835069,-21.3990392],[-48.4834704,-21.3990809]]]},"properties":{"id":"fp-ovt-dbd33c9d-b3f5-43","gers":"dbd33c9d-b3f5-439f-8d5a-903804eb3281","kind":"building","src":"overture","bbox":[-48.483507,-21.399089,-48.483369,-21.398976],"m2":93,"sites":["site-73a8d0a84f"]}},{"type":"Feature","geometry":{"type":"Polygon","coordinates":[[[-5.6750212,50.0811699],[-5.6752452,50.0812688],[-5.6753528,50.0811686],[-5.6751288,50.0810696],[-5.6750212,50.0811699]]]},"properties":{"id":"fp-ovt-dc0747a9-01ad-4d","gers":"dc0747a9-01ad-4dbb-b600-5d1b13b22524","kind":"building","src":"overture","bbox":[-5.675353,50.08107,-5.675021,50.081269],"m2":263,"sites":["site-ca98869c7d"]}},{"type":"Feature","geometry":{"type":"Polygon","coordinates":[[[-83.7377836,42.2417461],[-83.7377822,42.2416826],[-83.7377705,42.2416827],[-83.7376898,42.2416839],[-83.7373679,42.2416877],[-83.7373692,42.2417477],[-83.7373399,42.2417481],[-83.7373396,42.2417357],[-83.7373028,42.2417362],[-83.7373052,42.2418462],[-83.7373426,42.2418453],[-83.7373416,42.2418334],[-83.7373738,42.2418334],[-83.7373752,42.2418981],[-83.7377872,42.2418931],[-83.7377858,42.2418286],[-83.7378229,42.2418282],[-83.737824,42.2418447],[-83.7378878,42.2418433],[-83.7378848,42.2417317],[-83.7378225,42.2417329],[-83.7378227,42.2417456],[-83.7377836,42.2417461]]]},"properties":{"id":"fp-ovt-dc17bac8-21da-42","gers":"dc17bac8-21da-42ca-be34-62036210851f","kind":"building","src":"overture","bbox":[-83.737888,42.241683,-83.737303,42.241898],"m2":953,"sites":["site-e419c62580"]}},{"type":"Feature","geometry":{"type":"Polygon","coordinates":[[[26.5266575,43.53262],[26.5265398,43.5326904],[26.5263499,43.5325404],[26.5264736,43.5324725],[26.5266575,43.53262]]]},"properties":{"id":"fp-ovt-dc313f72-ecf4-44","gers":"dc313f72-ecf4-4479-a7e2-347f543e8153","kind":"building","src":"overture","bbox":[26.52635,43.532472,26.526657,43.53269],"m2":277,"sites":["site-21a1757d7a"]}},{"type":"Feature","geometry":{"type":"Polygon","coordinates":[[[-57.5219839,-25.3376855],[-57.5219329,-25.3376612],[-57.5219597,-25.3375982],[-57.5219999,-25.337557],[-57.5220643,-25.3375521],[-57.5221314,-25.3375521],[-57.5222172,-25.337574],[-57.5222628,-25.337637],[-57.5222735,-25.3377194],[-57.5222601,-25.3377703],[-57.5222172,-25.3378212],[-57.5221443,-25.3378751],[-57.5220268,-25.3378673],[-57.5220375,-25.3378067],[-57.5220536,-25.337734],[-57.5219839,-25.3376855]]]},"properties":{"id":"fp-ovt-dc437a9a-0b93-41","gers":"dc437a9a-0b93-41c3-862d-d940ea9391d1","kind":"building","src":"overture","bbox":[-57.522273,-25.337875,-57.521933,-25.337552],"m2":837,"sites":["site-6b63f9f40b"]}},{"type":"Feature","geometry":{"type":"Polygon","coordinates":[[[-48.4260226,-1.3628653],[-48.4260515,-1.3628093],[-48.4261433,-1.3628641],[-48.4261147,-1.362914],[-48.4260226,-1.3628653]]]},"properties":{"id":"fp-ovt-dc930245-e9aa-43","gers":"dc930245-e9aa-4393-a004-822b3a2fa93a","kind":"building","src":"overture","bbox":[-48.426143,-1.362914,-48.426023,-1.362809],"m2":79,"sites":["site-d11111b00f"]}},{"type":"Feature","geometry":{"type":"Polygon","coordinates":[[[-59.0228432,-34.1030425],[-59.0223184,-34.1028012],[-59.0223395,-34.1027697],[-59.0222882,-34.1027461],[-59.0223452,-34.1026612],[-59.0224702,-34.1027187],[-59.0224457,-34.1027553],[-59.0226609,-34.1028543],[-59.0226712,-34.102839],[-59.0227419,-34.1028715],[-59.0227186,-34.1029063],[-59.0228836,-34.1029822],[-59.0228432,-34.1030425]]]},"properties":{"id":"fp-ovt-dc96715d-4725-43","gers":"dc96715d-4725-43f1-bef2-3524866849c7","kind":"building","src":"overture","bbox":[-59.022884,-34.103043,-59.022288,-34.102661],"m2":628,"sites":["site-74300f494d"]}},{"type":"Feature","geometry":{"type":"Polygon","coordinates":[[[80.0416648,12.7793606],[80.0418078,12.7793613],[80.0418074,12.7794385],[80.0416644,12.7794378],[80.0416648,12.7793606]]]},"properties":{"id":"fp-ovt-dce6a3b5-c5c7-4e","gers":"dce6a3b5-c5c7-4e2a-902a-2912a7cd2467","kind":"building","src":"overture","bbox":[80.041664,12.779361,80.041808,12.779438],"m2":133,"sites":["site-128bec0cb3"]}},{"type":"Feature","geometry":{"type":"Polygon","coordinates":[[[21.0601197,52.1782411],[21.0602588,52.1782954],[21.0602159,52.1783353],[21.0601451,52.1783068],[21.0600773,52.1782797],[21.0601197,52.1782411]]]},"properties":{"id":"fp-ovt-dd291799-a1cf-47","gers":"dd291799-a1cf-4737-a9b3-ec32b128d663","kind":"building","src":"overture","bbox":[21.060077,52.178241,21.060259,52.178335],"m2":59,"sites":["site-ae4800380f"]}},{"type":"Feature","geometry":{"type":"Polygon","coordinates":[[[17.4594427,49.0650137],[17.4593603,49.0650045],[17.4593771,49.0649427],[17.4593998,49.0649315],[17.4594624,49.0649385],[17.4594646,49.0649298],[17.4598125,49.0649696],[17.4597808,49.065089],[17.4597136,49.0650813],[17.4597038,49.065118],[17.4594234,49.0650857],[17.4594427,49.0650137]]]},"properties":{"id":"fp-ovt-dd81dcad-3f95-44","gers":"dd81dcad-3f95-44cc-8992-0c25217bf0b7","kind":"building","src":"overture","bbox":[17.45936,49.06493,17.459813,49.065118],"m2":484,"sites":["site-da96260b6b"]}},{"type":"Feature","geometry":{"type":"Polygon","coordinates":[[[90.4029597,23.7927422],[90.4029517,23.7926658],[90.4031242,23.7926506],[90.4031323,23.7927269],[90.4029597,23.7927422]]]},"properties":{"id":"fp-ovt-ddee37b0-039f-41","gers":"ddee37b0-039f-413a-a3f8-417bef520021","kind":"building","src":"overture","bbox":[90.402952,23.792651,90.403132,23.792742],"m2":151,"sites":["site-62f10ee290"]}},{"type":"Feature","geometry":{"type":"Polygon","coordinates":[[[-56.6997388,-36.5099721],[-56.6997302,-36.509892],[-56.6998574,-36.5098832],[-56.6998621,-36.5099276],[-56.6998371,-36.5099293],[-56.6998409,-36.509965],[-56.6997388,-36.5099721]]]},"properties":{"id":"fp-ovt-de8a41e5-9c32-42","gers":"de8a41e5-9c32-4212-9cb2-2f6776bc8091","kind":"building","src":"overture","bbox":[-56.699862,-36.509972,-56.69973,-36.509883],"m2":93,"sites":["site-c2d9ffa760"]}},{"type":"Feature","geometry":{"type":"Polygon","coordinates":[[[-73.584152,4.0747392],[-73.5842053,4.0747301],[-73.5841972,4.074683],[-73.5841837,4.0746042],[-73.5841265,4.074614],[-73.584069,4.0746238],[-73.5840201,4.0746321],[-73.5839677,4.074641],[-73.5838857,4.074655],[-73.5838297,4.0746645],[-73.583776,4.0746737],[-73.5837871,4.0747385],[-73.5837976,4.0747996],[-73.5838555,4.0747897],[-73.5839064,4.074781],[-73.5839892,4.0747669],[-73.5840416,4.074758],[-73.584102,4.0747477],[-73.584152,4.0747392]]]},"properties":{"id":"fp-ovt-de9cd3f8-c62b-43","gers":"de9cd3f8-c62b-43ad-aec0-fcb67081e2ae","kind":"building","src":"overture","bbox":[-73.584205,4.074604,-73.583776,4.0748],"m2":653,"sites":["site-6897e37949"]}},{"type":"Feature","geometry":{"type":"Polygon","coordinates":[[[114.2065012,22.3892019],[114.2063952,22.3892958],[114.2064561,22.3893546],[114.2062516,22.3895357],[114.2061907,22.3894769],[114.2060794,22.3895786],[114.2058998,22.3894084],[114.2063204,22.3890274],[114.2065012,22.3892019]]]},"properties":{"id":"fp-ovt-df08a84c-ee23-4d","gers":"df08a84c-ee23-4d7f-9563-d55cb26eab74","kind":"building","src":"overture","bbox":[114.2059,22.389027,114.206501,22.389579],"m2":1873,"sites":["site-d205495929"]}},{"type":"Feature","geometry":{"type":"Polygon","coordinates":[[[46.8315933,24.7678308],[46.8313992,24.7677192],[46.8316218,24.7674001],[46.8317048,24.7674479],[46.8317,24.7674548],[46.831811,24.7675187],[46.8315933,24.7678308]]]},"properties":{"id":"fp-ovt-df0bc13b-de83-43","gers":"df0bc13b-de83-4314-8ec8-6f7dee4185fc","kind":"building","src":"overture","bbox":[46.831399,24.7674,46.831811,24.767831],"m2":964,"sites":["site-96abc4b73a"]}},{"type":"Feature","geometry":{"type":"Polygon","coordinates":[[[7.1674053,50.3024921],[7.1673804,50.3023983],[7.1675341,50.3023817],[7.167559,50.3024755],[7.1674053,50.3024921]]]},"properties":{"id":"fp-ovt-df12c2e3-79d7-4b","gers":"df12c2e3-79d7-4b0a-bb84-2ff93bab2f4e","kind":"building","src":"overture","bbox":[7.16738,50.302382,7.167559,50.302492],"m2":117,"sites":["site-37a0b1334e"]}},{"type":"Feature","geometry":{"type":"Polygon","coordinates":[[[20.4094332,44.8209962],[20.4093351,44.8208892],[20.4095624,44.8207843],[20.4096605,44.8208912],[20.4094332,44.8209962]]]},"properties":{"id":"fp-ovt-df2a06b6-3e12-4a","gers":"df2a06b6-3e12-4afc-9779-861b9e258f95","kind":"building","src":"overture","bbox":[20.409335,44.820784,20.409661,44.820996],"m2":304,"sites":["site-e0cde3cc0d"]}},{"type":"Feature","geometry":{"type":"Polygon","coordinates":[[[-79.4122996,43.641858],[-79.4125354,43.6418096],[-79.41239,43.641439],[-79.4118929,43.6415412],[-79.4120383,43.6419117],[-79.4121465,43.6418895],[-79.4122996,43.641858]]]},"properties":{"id":"fp-ovt-df63b4fc-76fc-48","gers":"df63b4fc-76fc-485e-8a9b-4b1ca79e95d5","kind":"building","src":"overture","bbox":[-79.412535,43.641439,-79.411893,43.641912],"m2":1785,"sites":["site-d4c5fb01ab"]}},{"type":"Feature","geometry":{"type":"Polygon","coordinates":[[[-70.734451,-33.2413505],[-70.7344618,-33.2412685],[-70.7346287,-33.2412839],[-70.7346179,-33.2413659],[-70.734451,-33.2413505]]]},"properties":{"id":"fp-ovt-df7d03a6-9076-48","gers":"df7d03a6-9076-4898-8e3d-c64c65e73955","kind":"building","src":"overture","bbox":[-70.734629,-33.241366,-70.734451,-33.241268],"m2":144,"sites":["site-5ba84bc76f"]}},{"type":"Feature","geometry":{"type":"Polygon","coordinates":[[[89.6344203,27.479094],[89.6342491,27.4789456],[89.6343365,27.4788662],[89.6344817,27.4789922],[89.6344931,27.4789818],[89.6345553,27.4790358],[89.6345408,27.4790489],[89.6345547,27.479061],[89.6344539,27.4791524],[89.6344038,27.479109],[89.6344203,27.479094]]]},"properties":{"id":"fp-ovt-df8e28ce-6bf2-41","gers":"df8e28ce-6bf2-4108-b977-3c6acc4fc159","kind":"building","src":"overture","bbox":[89.634249,27.478866,89.634555,27.479152],"m2":406,"sites":["site-ce9ed2b352"]}},{"type":"Feature","geometry":{"type":"Polygon","coordinates":[[[73.8716706,18.5007568],[73.8717131,18.5007602],[73.8717082,18.5008168],[73.8716657,18.5008135],[73.8716706,18.5007568]]]},"properties":{"id":"fp-ovt-e056961b-1e91-45","gers":"e056961b-1e91-45fe-a61c-e71bc60092c7","kind":"building","src":"overture","bbox":[73.871666,18.500757,73.871713,18.500817],"m2":28,"sites":["site-9190b67b10"]}},{"type":"Feature","geometry":{"type":"Polygon","coordinates":[[[106.761496,-6.280324],[106.7614855,-6.2803853],[106.7614841,-6.2803851],[106.7614628,-6.2805101],[106.7615416,-6.2805234],[106.761563,-6.2803989],[106.7615598,-6.2803984],[106.7615704,-6.2803365],[106.761496,-6.280324]]]},"properties":{"id":"fp-ovt-e096c063-ab2d-42","gers":"e096c063-ab2d-420e-bbf5-ea55aba112e1","kind":"building","src":"overture","bbox":[106.761463,-6.280523,106.76157,-6.280324],"m2":183,"sites":["site-1fc1e50ad0"]}},{"type":"Feature","geometry":{"type":"Polygon","coordinates":[[[-60.4395969,-26.7894029],[-60.4395874,-26.7893794],[-60.4396039,-26.7893741],[-60.4395771,-26.7893077],[-60.4397782,-26.7892423],[-60.4398145,-26.7893321],[-60.4395969,-26.7894029]]]},"properties":{"id":"fp-ovt-e0da4382-9075-4f","gers":"e0da4382-9075-4ffe-a4a2-70d244bcc31d","kind":"building","src":"overture","bbox":[-60.439814,-26.789403,-60.439577,-26.789242],"m2":231,"sites":["site-97c37167b1"]}},{"type":"Feature","geometry":{"type":"Polygon","coordinates":[[[-13.2788754,8.4601792],[-13.2787318,8.4601875],[-13.2787356,8.4602541],[-13.2788793,8.4602459],[-13.2788754,8.4601792]]]},"properties":{"id":"fp-ovt-e1298c0c-dcc5-44","gers":"e1298c0c-dcc5-444d-b06e-8c240d40ce6d","kind":"building","src":"overture","bbox":[-13.278879,8.460179,-13.278732,8.460254],"m2":118,"sites":["site-3911fa7304"]}},{"type":"Feature","geometry":{"type":"Polygon","coordinates":[[[-49.2648115,-16.7144419],[-49.2647814,-16.7143642],[-49.2648966,-16.7143228],[-49.2648867,-16.7142971],[-49.2649475,-16.7142752],[-49.2649875,-16.7143787],[-49.2648115,-16.7144419]]]},"properties":{"id":"fp-ovt-e1691e45-e496-47","gers":"e1691e45-e496-4724-9086-6939419bd009","kind":"building","src":"overture","bbox":[-49.264987,-16.714442,-49.264781,-16.714275],"m2":206,"sites":["site-a20216aa34"]}},{"type":"Feature","geometry":{"type":"Polygon","coordinates":[[[19.9127446,50.073974],[19.9127446,50.073973],[19.912738,50.0738921],[19.9128012,50.0738775],[19.9128024,50.073879],[19.9129222,50.0738513],[19.9129467,50.0738677],[19.9129482,50.07389],[19.91296,50.0740608],[19.9128076,50.0740648],[19.9128017,50.0739721],[19.9127446,50.073974]]]},"properties":{"id":"fp-ovt-e16fc490-5919-47","gers":"e16fc490-5919-4740-9ce4-c7276d665d83","kind":"building","src":"overture","bbox":[19.912738,50.073851,19.91296,50.074065],"m2":280,"sites":["site-ece91ccad9"]}},{"type":"Feature","geometry":{"type":"Polygon","coordinates":[[[96.1293028,16.8506812],[96.1288815,16.8506711],[96.1288856,16.8505026],[96.1293077,16.850512],[96.1293028,16.8506812]]]},"properties":{"id":"fp-ovt-e17e7da2-8340-44","gers":"e17e7da2-8340-441a-b5fa-fa587036f37e","kind":"building","src":"overture","bbox":[96.128882,16.850503,96.129308,16.850681],"m2":845,"sites":["site-c309f07a7f"]}},{"type":"Feature","geometry":{"type":"Polygon","coordinates":[[[56.3056612,27.1861582],[56.3056544,27.1860279],[56.3061007,27.1860095],[56.3061075,27.1861398],[56.3056612,27.1861582]]]},"properties":{"id":"fp-ovt-e1ab63e9-bc19-47","gers":"e1ab63e9-bc19-4751-b9b4-2760b7ba157f","kind":"building","src":"overture","bbox":[56.305654,27.18601,56.306108,27.186158],"m2":642,"sites":["site-7e9ca902dc"]}},{"type":"Feature","geometry":{"type":"Polygon","coordinates":[[[98.6533942,3.5852587],[98.6532469,3.5852658],[98.6532344,3.5850052],[98.6533816,3.5849981],[98.6533942,3.5852587]]]},"properties":{"id":"fp-ovt-e20e95b7-52ec-43","gers":"e20e95b7-52ec-43a8-a384-a0e298494996","kind":"building","src":"overture","bbox":[98.653234,3.584998,98.653394,3.585266],"m2":476,"sites":["site-0e9acb0ee2"]}},{"type":"Feature","geometry":{"type":"Polygon","coordinates":[[[-99.6579444,19.2511276],[-99.6579428,19.2512061],[-99.6579895,19.251207],[-99.6579911,19.2511285],[-99.6579444,19.2511276]]]},"properties":{"id":"fp-ovt-e2e9faf4-485e-46","gers":"e2e9faf4-485e-46b2-946b-2794b6f741cf","kind":"building","src":"overture","bbox":[-99.657991,19.251128,-99.657943,19.251207],"m2":43,"sites":["site-6810089089"]}},{"type":"Feature","geometry":{"type":"Polygon","coordinates":[[[-60.0086517,-3.089275],[-60.0085833,-3.0892485],[-60.0086645,-3.0890365],[-60.0087329,-3.089063],[-60.0086517,-3.089275]]]},"properties":{"id":"fp-ovt-e309b135-5fd7-45","gers":"e309b135-5fd7-45be-99d8-a4b7a37be75e","kind":"building","src":"overture","bbox":[-60.008733,-3.089275,-60.008583,-3.089037],"m2":206,"sites":["site-b5a3ee5d21"]}},{"type":"Feature","geometry":{"type":"Polygon","coordinates":[[[89.5603478,22.810395],[89.5601963,22.8104975],[89.5601257,22.8104089],[89.5602772,22.8103064],[89.5603478,22.810395]]]},"properties":{"id":"fp-ovt-e36255ad-554e-4e","gers":"e36255ad-554e-4e83-92d9-cb4f8a2a6d7c","kind":"building","src":"overture","bbox":[89.560126,22.810306,89.560348,22.810498],"m2":236,"sites":["site-6a3cc31318"]}},{"type":"Feature","geometry":{"type":"Polygon","coordinates":[[[30.3329691,50.4642918],[30.3327819,50.4643095],[30.3327634,50.4642299],[30.3329506,50.4642123],[30.3329691,50.4642918]]]},"properties":{"id":"fp-ovt-e46bec66-5f51-44","gers":"e46bec66-5f51-447e-b20c-d4452f503852","kind":"building","src":"overture","bbox":[30.332763,50.464212,30.332969,50.464309],"m2":120,"sites":["site-8a02bc8e1c"]}},{"type":"Feature","geometry":{"type":"Polygon","coordinates":[[[26.1074797,44.4341188],[26.107205,44.4344359],[26.1070625,44.4343747],[26.1071331,44.4342849],[26.1070892,44.434269],[26.1070742,44.4342897],[26.1069315,44.4342514],[26.1069358,44.4342322],[26.106954,44.4341909],[26.106984,44.4341518],[26.1070248,44.4341142],[26.1070709,44.4340851],[26.1071868,44.434161],[26.1071793,44.434174],[26.1072151,44.434193],[26.1073102,44.4340828],[26.1073477,44.4340882],[26.1073563,44.4340775],[26.1074797,44.4341188]]]},"properties":{"id":"fp-ovt-e4706abb-5aaf-4c","gers":"e4706abb-5aaf-4ce7-bd05-a8c02d40f0d0","kind":"building","src":"overture","bbox":[26.106932,44.434078,26.10748,44.434436],"m2":857,"sites":["site-c2236a5de0"]}},{"type":"Feature","geometry":{"type":"Polygon","coordinates":[[[107.1965268,-6.3675062],[107.1965991,-6.3675008],[107.1965976,-6.3674817],[107.1965254,-6.3674872],[107.1965268,-6.3675062]]]},"properties":{"id":"fp-ovt-e48dd6b8-21a0-45","gers":"e48dd6b8-21a0-456c-ac1c-49729428cbd2","kind":"building","src":"overture","bbox":[107.196525,-6.367506,107.196599,-6.367482],"m2":17,"sites":["site-3ffa6c52ea"]}},{"type":"Feature","geometry":{"type":"Polygon","coordinates":[[[22.3918534,48.4220398],[22.3917446,48.4219081],[22.3918715,48.4218619],[22.3919027,48.4218997],[22.3920009,48.421864],[22.3920785,48.4219579],[22.3918534,48.4220398]]]},"properties":{"id":"fp-ovt-e540dcbf-d5a0-45","gers":"e540dcbf-d5a0-455f-b9a4-dc23cddaab23","kind":"building","src":"overture","bbox":[22.391745,48.421862,22.392079,48.42204],"m2":277,"sites":["site-e54272b631"]}},{"type":"Feature","geometry":{"type":"Polygon","coordinates":[[[10.8066526,60.9104172],[10.8065456,60.9104742],[10.8063554,60.9103898],[10.8064624,60.9103328],[10.8066526,60.9104172]]]},"properties":{"id":"fp-ovt-e5be796c-63de-45","gers":"e5be796c-63de-45e7-b947-d64a5c31349c","kind":"building","src":"overture","bbox":[10.806355,60.910333,10.806653,60.910474],"m2":120,"sites":["site-e79dac2654"]}},{"type":"Feature","geometry":{"type":"Polygon","coordinates":[[[9.342951,45.5031357],[9.3424297,45.5030782],[9.3425039,45.5027474],[9.3426207,45.5027603],[9.342646,45.5026471],[9.3432204,45.5027104],[9.343201,45.5027968],[9.3428118,45.5027539],[9.3427918,45.5028429],[9.3430113,45.5028671],[9.342951,45.5031357]]]},"properties":{"id":"fp-ovt-e5e13345-f79b-4b","gers":"e5e13345-f79b-4bb3-85a4-49467a1be184","kind":"building","src":"overture","bbox":[9.34243,45.502647,9.34322,45.503136],"m2":1899,"sites":["site-c9f0c28e68"]}},{"type":"Feature","geometry":{"type":"Polygon","coordinates":[[[-47.0568813,-22.901444],[-47.0573776,-22.9002947],[-47.0577272,-22.9004242],[-47.0573341,-22.9013345],[-47.0572843,-22.901316],[-47.0572321,-22.9014369],[-47.0572819,-22.9014554],[-47.0572309,-22.9015736],[-47.0568813,-22.901444]]]},"properties":{"id":"fp-ovt-e5eeb90d-e1d8-4a","gers":"e5eeb90d-e1d8-4aba-91d6-4b33df88a800","kind":"building","src":"overture","bbox":[-47.057727,-22.901574,-47.056881,-22.900295],"m2":5241,"sites":["site-eaa77a011f"]}},{"type":"Feature","geometry":{"type":"Polygon","coordinates":[[[45.0289582,10.4647401],[45.0290925,10.4647939],[45.0290733,10.4648409],[45.028939,10.4647871],[45.0289582,10.4647401]]]},"properties":{"id":"fp-ovt-e67f9808-e7c9-46","gers":"e67f9808-e7c9-461e-8808-3c403d5ac972","kind":"building","src":"overture","bbox":[45.028939,10.46474,45.029092,10.464841],"m2":90,"sites":["site-6dcae90eca"]}},{"type":"Feature","geometry":{"type":"Polygon","coordinates":[[[73.7547697,20.003082],[73.7546174,20.0030936],[73.754595,20.0028343],[73.7547673,20.0028211],[73.7547725,20.0028812],[73.7547589,20.0028822],[73.7547626,20.0029253],[73.7547226,20.0029284],[73.7547236,20.0029396],[73.7547506,20.0029375],[73.7547522,20.0029555],[73.7547493,20.0029716],[73.7547054,20.002975],[73.7547073,20.0029974],[73.754762,20.0029933],[73.7547697,20.003082]]]},"properties":{"id":"fp-ovt-e68ba1d2-3e98-49","gers":"e68ba1d2-3e98-499f-9e32-c23769b3d484","kind":"building","src":"overture","bbox":[73.754595,20.002821,73.754773,20.003094],"m2":458,"sites":["site-c7beb5657a"]}},{"type":"Feature","geometry":{"type":"Polygon","coordinates":[[[-9.1464275,38.7563057],[-9.1466431,38.7562373],[-9.146628,38.7562084],[-9.1465884,38.7561324],[-9.1465757,38.7561081],[-9.1463601,38.7561765],[-9.1463813,38.7562172],[-9.1464275,38.7563057]]]},"properties":{"id":"fp-ovt-e6a039a9-8918-4b","gers":"e6a039a9-8918-4bd9-9119-39c4ac097a47","kind":"building","src":"overture","bbox":[-9.146643,38.756108,-9.14636,38.756306],"m2":314,"sites":["site-c23c67c77d"]}},{"type":"Feature","geometry":{"type":"Polygon","coordinates":[[[49.9892723,26.2545253],[49.9884018,26.2540147],[49.9886151,26.2540115],[49.9893245,26.2544275],[49.989326,26.2545053],[49.9892717,26.2544735],[49.9892727,26.2545248],[49.9892723,26.2545253]]]},"properties":{"id":"fp-ovt-e71cb49e-2634-4f","gers":"e71cb49e-2634-4f02-a418-a0f039e582d7","kind":"building","src":"overture","bbox":[49.988402,26.254012,49.989326,26.254525],"m2":1135,"sites":["site-7b2f2a565c"]}},{"type":"Feature","geometry":{"type":"Polygon","coordinates":[[[28.0094214,-26.1415166],[28.0092211,-26.141565],[28.009255,-26.1416812],[28.0099051,-26.1415222],[28.0098727,-26.141406],[28.0095107,-26.1414917],[28.0094907,-26.1414309],[28.0096802,-26.1413797],[28.0096463,-26.1412622],[28.0093181,-26.1413452],[28.0093474,-26.1414641],[28.0093998,-26.1414516],[28.0094214,-26.1415166]]]},"properties":{"id":"fp-ovt-e726f7da-41e7-4e","gers":"e726f7da-41e7-4eac-8de8-20c6cdb94faf","kind":"building","src":"overture","bbox":[28.009221,-26.141681,28.009905,-26.141262],"m2":1444,"sites":["site-f18765b41e"]}},{"type":"Feature","geometry":{"type":"Polygon","coordinates":[[[-48.9088641,-27.09085],[-48.9088597,-27.0907721],[-48.909049,-27.0907635],[-48.9090534,-27.0908414],[-48.9088641,-27.09085]]]},"properties":{"id":"fp-ovt-e7395570-5790-45","gers":"e7395570-5790-4586-97b0-3c63c3e4e213","kind":"building","src":"overture","bbox":[-48.909053,-27.09085,-48.90886,-27.090764],"m2":163,"sites":["site-26ee4bac89"]}},{"type":"Feature","geometry":{"type":"Polygon","coordinates":[[[13.4080579,52.3574496],[13.4079133,52.3574199],[13.4079386,52.3573736],[13.4079243,52.357356],[13.407953,52.3573474],[13.4079646,52.3573261],[13.4079997,52.3573334],[13.4080254,52.3573257],[13.4080385,52.3573414],[13.4081095,52.357356],[13.4080579,52.3574496]]]},"properties":{"id":"fp-ovt-e76aa3b2-1e18-44","gers":"e76aa3b2-1e18-44a3-bea7-cb3d0a90d714","kind":"building","src":"overture","bbox":[13.407913,52.357326,13.40811,52.35745],"m2":118,"sites":["site-e7fef503d7"]}},{"type":"Feature","geometry":{"type":"Polygon","coordinates":[[[-89.3926541,43.0678189],[-89.3923367,43.0675776],[-89.392192,43.0676792],[-89.3922016,43.0676866],[-89.3921818,43.0677005],[-89.3920662,43.0676126],[-89.3918921,43.0677347],[-89.3922036,43.0679716],[-89.3923726,43.067853],[-89.3924844,43.067938],[-89.3926541,43.0678189]]]},"properties":{"id":"fp-ovt-e770ebc6-5689-4a","gers":"e770ebc6-5689-4a99-9234-458a3554ff41","kind":"building","src":"overture","bbox":[-89.392654,43.067578,-89.391892,43.067972],"m2":1414,"sites":["site-84b143eb8a"]}},{"type":"Feature","geometry":{"type":"Polygon","coordinates":[[[25.9758531,44.4541573],[25.9757473,44.4542073],[25.9756762,44.4541307],[25.975782,44.4540807],[25.9758531,44.4541573]]]},"properties":{"id":"fp-ovt-e78b38cf-3cfb-45","gers":"e78b38cf-3cfb-45ce-9a80-a20278ee9a89","kind":"building","src":"overture","bbox":[25.975676,44.454081,25.975853,44.454207],"m2":103,"sites":["site-41aa269a70"]}},{"type":"Feature","geometry":{"type":"Polygon","coordinates":[[[127.3840322,36.3455887],[127.3840329,36.345191],[127.3840522,36.3451693],[127.3843611,36.3451749],[127.3843811,36.3451861],[127.3843834,36.3455844],[127.3843657,36.3456024],[127.3840576,36.3456048],[127.3840445,36.3455999],[127.3840322,36.3455887]]]},"properties":{"id":"fp-ovt-e7aa1ee8-4594-4b","gers":"e7aa1ee8-4594-4b51-8b74-c28aa4840731","kind":"building","src":"overture","bbox":[127.384032,36.345169,127.384383,36.345605],"m2":1500,"sites":["site-27c85d45aa"]}},{"type":"Feature","geometry":{"type":"Polygon","coordinates":[[[7.2077472,51.5402558],[7.2077667,51.5402468],[7.2077901,51.5402664],[7.2077706,51.5402754],[7.2077472,51.5402558]]]},"properties":{"id":"fp-ovt-e84aa621-5ada-48","gers":"e84aa621-5ada-4884-b38e-36c916de6a54","kind":"building","src":"overture","bbox":[7.207747,51.540247,7.20779,51.540275],"m2":5,"sites":["site-98061f3bd1"]}},{"type":"Feature","geometry":{"type":"Polygon","coordinates":[[[20.4649089,53.7701004],[20.4644784,53.7701225],[20.4644602,53.7699988],[20.4650229,53.76997],[20.4650413,53.7700951],[20.4650315,53.7700956],[20.4650424,53.7701702],[20.4650552,53.7701696],[20.4650944,53.7704373],[20.4649371,53.7704453],[20.4649392,53.7704595],[20.464929,53.77046],[20.4649215,53.7704091],[20.4649422,53.770408],[20.4649081,53.7701752],[20.4649198,53.7701746],[20.4649089,53.7701004]]]},"properties":{"id":"fp-ovt-e8ebad93-aab4-4e","gers":"e8ebad93-aab4-4e4b-8736-e1a856109828","kind":"building","src":"overture","bbox":[20.46446,53.76997,20.465094,53.77046],"m2":879,"sites":["site-888ddc3761"]}},{"type":"Feature","geometry":{"type":"Polygon","coordinates":[[[-2.9985126,53.4120124],[-2.9987842,53.4120227],[-2.9988193,53.4116928],[-2.9985477,53.4116825],[-2.9985186,53.4119567],[-2.9985136,53.4120033],[-2.9985126,53.4120124]]]},"properties":{"id":"fp-ovt-e9043500-bd2d-45","gers":"e9043500-bd2d-45d5-8200-3b4aa5c3488f","kind":"building","src":"overture","bbox":[-2.998819,53.411682,-2.998513,53.412023],"m2":664,"sites":["site-5c06eb3c19"]}},{"type":"Feature","geometry":{"type":"Polygon","coordinates":[[[-59.9899885,-3.0558731],[-59.9896889,-3.0558719],[-59.98969,-3.0554821],[-59.9899946,-3.0554769],[-59.9899885,-3.0558731]]]},"properties":{"id":"fp-ovt-e9372b01-84f7-4b","gers":"e9372b01-84f7-4b88-a2af-9876cbb5b390","kind":"building","src":"overture","bbox":[-59.989995,-3.055873,-59.989689,-3.055477],"m2":1469,"sites":["site-6d4322afae"]}},{"type":"Feature","geometry":{"type":"Polygon","coordinates":[[[-47.4585577,-23.5028839],[-47.4583077,-23.5026987],[-47.4583837,-23.5026115],[-47.4585995,-23.5027714],[-47.4586123,-23.5027567],[-47.4586464,-23.502782],[-47.4585577,-23.5028839]]]},"properties":{"id":"fp-ovt-e957dabb-864c-40","gers":"e957dabb-864c-400f-8c28-1220abea48ee","kind":"building","src":"overture","bbox":[-47.458646,-23.502884,-47.458308,-23.502612],"m2":417,"sites":["site-0fc5ba4f8a"]}},{"type":"Feature","geometry":{"type":"Polygon","coordinates":[[[-46.6818572,-23.6046044],[-46.6817803,-23.6045234],[-46.6817956,-23.604511],[-46.6817702,-23.6044842],[-46.6818098,-23.6044523],[-46.6819121,-23.60456],[-46.6818572,-23.6046044]]]},"properties":{"id":"fp-ovt-e97ae7c4-b42e-41","gers":"e97ae7c4-b42e-4160-a9d8-bf30d5b172b4","kind":"building","src":"overture","bbox":[-46.681912,-23.604604,-46.68177,-23.604452],"m2":110,"sites":["site-08f6b8a777"]}},{"type":"Feature","geometry":{"type":"Polygon","coordinates":[[[73.7469668,19.9959496],[73.7472222,19.9959811],[73.7472071,19.9960904],[73.7472895,19.9961006],[73.7472839,19.9961412],[73.7472014,19.996131],[73.7471727,19.9963385],[73.7469174,19.9963069],[73.7469668,19.9959496]]]},"properties":{"id":"fp-ovt-e9bc95e8-eba7-46","gers":"e9bc95e8-eba7-4642-8d6d-23929d5caa80","kind":"building","src":"overture","bbox":[73.746917,19.99595,73.747289,19.996339],"m2":1120,"sites":["site-193e4e8a60"]}},{"type":"Feature","geometry":{"type":"Polygon","coordinates":[[[80.2190822,12.8262543],[80.2192369,12.8263866],[80.2191799,12.8264508],[80.2190252,12.8263184],[80.2190822,12.8262543]]]},"properties":{"id":"fp-ovt-e9d0b1be-6baa-42","gers":"e9d0b1be-6baa-42b3-99c6-f3ed9bb4aafa","kind":"building","src":"overture","bbox":[80.219025,12.826254,80.219237,12.826451],"m2":211,"sites":["site-27a1044178","site-b447f1fff4","site-cbb4b74f3a"]}},{"type":"Feature","geometry":{"type":"Polygon","coordinates":[[[-103.3186277,20.5775446],[-103.3186047,20.5777927],[-103.3187046,20.5778008],[-103.3187081,20.5777635],[-103.3187613,20.5777678],[-103.3187809,20.577557],[-103.3186277,20.5775446]]]},"properties":{"id":"fp-ovt-ea480679-6744-4f","gers":"ea480679-6744-4fff-8e83-3744e4efea1b","kind":"building","src":"overture","bbox":[-103.318781,20.577545,-103.318605,20.577801],"m2":421,"sites":["site-a5f187c5ac"]}},{"type":"Feature","geometry":{"type":"Polygon","coordinates":[[[-73.5657395,45.5026543],[-73.5659316,45.5024577],[-73.5653246,45.50217],[-73.5651638,45.5023306],[-73.5651509,45.5023435],[-73.5651309,45.5023635],[-73.5651947,45.5023989],[-73.5657395,45.5026543]]]},"properties":{"id":"fp-ovt-eb783e77-a474-45","gers":"eb783e77-a474-45ab-b63d-89d189af5be4","kind":"building","src":"overture","bbox":[-73.565932,45.50217,-73.565131,45.502654],"m2":1527,"sites":["site-6190260729"]}},{"type":"Feature","geometry":{"type":"Polygon","coordinates":[[[-1.1569452,37.9708461],[-1.1569336,37.9708208],[-1.1568981,37.9708309],[-1.156924,37.9708622],[-1.1569452,37.9708461]]]},"properties":{"id":"fp-ovt-ec1beb07-f369-4c","gers":"ec1beb07-f369-4ccd-a441-0628972999c4","kind":"building","src":"overture","bbox":[-1.156945,37.970821,-1.156898,37.970862],"m2":10,"sites":["site-27fe80ef50"]}},{"type":"Feature","geometry":{"type":"Polygon","coordinates":[[[90.4016903,23.7916215],[90.4015425,23.7916394],[90.4015193,23.7914793],[90.401667,23.7914613],[90.4016903,23.7916215]]]},"properties":{"id":"fp-ovt-eca282e2-9b71-40","gers":"eca282e2-9b71-403d-97ed-c08ea4f9fe10","kind":"building","src":"overture","bbox":[90.401519,23.791461,90.40169,23.791639],"m2":273,"sites":["site-8220605ff0"]}},{"type":"Feature","geometry":{"type":"Polygon","coordinates":[[[18.7837388,50.3115536],[18.7836849,50.3114373],[18.783827,50.3114109],[18.7838213,50.3113982],[18.7838914,50.3113851],[18.7838959,50.311398],[18.7840407,50.3113708],[18.7840935,50.311488],[18.7837388,50.3115536]]]},"properties":{"id":"fp-ovt-ecb8289a-f491-43","gers":"ecb8289a-f491-438f-8d43-9ffb89696c1b","kind":"building","src":"overture","bbox":[18.783685,50.311371,18.784094,50.311554],"m2":363,"sites":["site-22900ca266"]}},{"type":"Feature","geometry":{"type":"Polygon","coordinates":[[[110.3295474,1.5538686],[110.3290255,1.5538948],[110.3290039,1.5538814],[110.3289933,1.5537393],[110.3290041,1.5537205],[110.329533,1.5536924],[110.3295646,1.5537074],[110.3295719,1.5538418],[110.3295474,1.5538686]]]},"properties":{"id":"fp-ovt-ecbae717-0dad-42","gers":"ecbae717-0dad-42d4-89d6-3021452cebf2","kind":"building","src":"overture","bbox":[110.328993,1.553692,110.329572,1.553895],"m2":1234,"sites":["site-cc69d197be"]}},{"type":"Feature","geometry":{"type":"Polygon","coordinates":[[[-49.2574776,-25.4169736],[-49.2574587,-25.4171537],[-49.2573045,-25.4171404],[-49.2573184,-25.4170084],[-49.2574076,-25.4170161],[-49.2574126,-25.416968],[-49.2574776,-25.4169736]]]},"properties":{"id":"fp-ovt-ecc53b86-1d58-48","gers":"ecc53b86-1d58-483d-8f98-baacbf347d05","kind":"building","src":"overture","bbox":[-49.257478,-25.417154,-49.257304,-25.416968],"m2":265,"sites":["site-a70e163242"]}},{"type":"Feature","geometry":{"type":"Polygon","coordinates":[[[104.7308324,-2.9496826],[104.7307217,-2.9497053],[104.7307549,-2.9498662],[104.7308861,-2.9498392],[104.7308705,-2.9497631],[104.7308499,-2.9497674],[104.7308324,-2.9496826]]]},"properties":{"id":"fp-ovt-eccc9cfb-f85f-4b","gers":"eccc9cfb-f85f-4bc2-bffc-7aba58c6d184","kind":"building","src":"overture","bbox":[104.730722,-2.949866,104.730886,-2.949683],"m2":250,"sites":["site-876f57b9ec"]}},{"type":"Feature","geometry":{"type":"Polygon","coordinates":[[[9.4666643,47.674482],[9.4669319,47.6745391],[9.4669151,47.6745748],[9.4671036,47.674615],[9.4670752,47.6746754],[9.4666191,47.6745782],[9.4666643,47.674482]]]},"properties":{"id":"fp-ovt-ecee665f-5200-42","gers":"ecee665f-5200-42f3-8e59-7690f4673282","kind":"building","src":"overture","bbox":[9.466619,47.674482,9.467104,47.674675],"m2":341,"sites":["site-32a7bc1aa6"]}},{"type":"Feature","geometry":{"type":"Polygon","coordinates":[[[-58.7945509,-34.4478719],[-58.7944978,-34.4479516],[-58.7943827,-34.4478989],[-58.7943574,-34.4479369],[-58.7942515,-34.4478884],[-58.7943299,-34.4477708],[-58.7945509,-34.4478719]]]},"properties":{"id":"fp-ovt-ed3aeeb0-6cec-4b","gers":"ed3aeeb0-6cec-4b35-afce-6150a6854891","kind":"building","src":"overture","bbox":[-58.794551,-34.447952,-58.794252,-34.447771],"m2":288,"sites":["site-d718ca84b9"]}},{"type":"Feature","geometry":{"type":"Polygon","coordinates":[[[120.5204372,15.1779078],[120.5203424,15.177874],[120.5203545,15.1778425],[120.5204493,15.1778762],[120.5204372,15.1779078]]]},"properties":{"id":"fp-ovt-ed54dbef-bc15-46","gers":"ed54dbef-bc15-4616-970a-28ae379039c2","kind":"building","src":"overture","bbox":[120.520342,15.177843,120.520449,15.177908],"m2":41,"sites":["site-38404788ac"]}},{"type":"Feature","geometry":{"type":"Polygon","coordinates":[[[71.4754526,51.1471489],[71.4752893,51.1471021],[71.4755193,51.1467864],[71.4755703,51.146801],[71.4757954,51.146492],[71.4759836,51.1465459],[71.4756843,51.1469567],[71.475643,51.1469448],[71.475535,51.1470931],[71.4755005,51.1470832],[71.4754526,51.1471489]]]},"properties":{"id":"fp-ovt-edad452b-0589-44","gers":"edad452b-0589-44e0-974f-ab706f739d99","kind":"building","src":"overture","bbox":[71.475289,51.146492,71.475984,51.147149],"m2":1151,"sites":["site-0a63ce7859"]}},{"type":"Feature","geometry":{"type":"Polygon","coordinates":[[[-66.8616832,10.4811662],[-66.8615603,10.4810461],[-66.861458,10.4811473],[-66.8615809,10.4812674],[-66.8616721,10.4811652],[-66.8616832,10.4811662]]]},"properties":{"id":"fp-ovt-eed432c8-f6dc-4d","gers":"eed432c8-f6dc-4dd6-ae2b-749e7b3b37ed","kind":"building","src":"overture","bbox":[-66.861683,10.481046,-66.861458,10.481267],"m2":294,"sites":["site-90f3c789f5"]}},{"type":"Feature","geometry":{"type":"Polygon","coordinates":[[[123.9482913,10.3108657],[123.9483219,10.3108774],[123.948304,10.3109242],[123.9482734,10.3109125],[123.9482913,10.3108657]]]},"properties":{"id":"fp-ovt-eee00056-7c87-44","gers":"eee00056-7c87-4409-ba09-7159040e4759","kind":"building","src":"overture","bbox":[123.948273,10.310866,123.948322,10.310924],"m2":20,"sites":["site-08bd48673f"]}},{"type":"Feature","geometry":{"type":"Polygon","coordinates":[[[133.9185184,34.6483349],[133.9180811,34.6483828],[133.9180641,34.6482776],[133.9180485,34.6482794],[133.9180502,34.6482897],[133.9179504,34.6483007],[133.9179406,34.64824],[133.9179537,34.6482385],[133.9179361,34.6481301],[133.9180535,34.6481172],[133.9180395,34.6480314],[133.9184347,34.6479879],[133.91844,34.648021],[133.9184948,34.648015],[133.9185438,34.6483165],[133.918516,34.6483196],[133.9185184,34.6483349]]]},"properties":{"id":"fp-ovt-eefb505a-8d5f-42","gers":"eefb505a-8d5f-4281-bc2e-080fe79f6689","kind":"building","src":"overture","bbox":[133.917936,34.647988,133.918544,34.648383],"m2":1838,"sites":["site-d0e34c1b4f"]}},{"type":"Feature","geometry":{"type":"Polygon","coordinates":[[[76.7890143,19.2694162],[76.7890532,19.2694204],[76.7890574,19.2693866],[76.789115,19.2693929],[76.7891108,19.2694268],[76.7891502,19.2694311],[76.7891457,19.2694683],[76.7890097,19.2694533],[76.7890143,19.2694162]]]},"properties":{"id":"fp-ovt-ef0f3b4a-8e4b-48","gers":"ef0f3b4a-8e4b-48e8-8eed-15cf2f70544b","kind":"building","src":"overture","bbox":[76.78901,19.269387,76.78915,19.269468],"m2":83,"sites":["site-eac51331e7"]}},{"type":"Feature","geometry":{"type":"Polygon","coordinates":[[[0.5098075,51.8732905],[0.509592,51.8732663],[0.5096298,51.8731381],[0.5096895,51.8731448],[0.5096746,51.8731953],[0.5097214,51.8732006],[0.509737,51.8731477],[0.5097902,51.8731537],[0.5097822,51.8731809],[0.509838,51.8731872],[0.5098075,51.8732905]]]},"properties":{"id":"fp-ovt-ef1062f6-f39b-41","gers":"ef1062f6-f39b-4102-8aaf-b0957795852a","kind":"building","src":"overture","bbox":[0.509592,51.873138,0.509838,51.873291],"m2":190,"sites":["site-4fdf2375de"]}},{"type":"Feature","geometry":{"type":"Polygon","coordinates":[[[112.6481089,-7.9434955],[112.6481505,-7.9433946],[112.6480656,-7.9433603],[112.648024,-7.9434612],[112.6481089,-7.9434955]]]},"properties":{"id":"fp-ovt-ef3bdb39-f2cb-46","gers":"ef3bdb39-f2cb-467e-9a69-aef80da0e052","kind":"building","src":"overture","bbox":[112.648024,-7.943496,112.64815,-7.94336],"m2":123,"sites":["site-0488d7a4ba"]}},{"type":"Feature","geometry":{"type":"Polygon","coordinates":[[[-66.8674567,10.4919606],[-66.8674489,10.4920111],[-66.8673968,10.4920034],[-66.8673581,10.4922538],[-66.8674031,10.4922605],[-66.8673964,10.4923038],[-66.8676566,10.4923427],[-66.8676638,10.4922961],[-66.8677114,10.4923032],[-66.8677503,10.4920515],[-66.8677012,10.4920442],[-66.8677083,10.4919982],[-66.8674567,10.4919606]]]},"properties":{"id":"fp-ovt-efc4588d-8af8-42","gers":"efc4588d-8af8-42b2-8008-9955f4d20a36","kind":"building","src":"overture","bbox":[-66.86775,10.491961,-66.867358,10.492343],"m2":1401,"sites":["site-c0525fb6fb"]}},{"type":"Feature","geometry":{"type":"Polygon","coordinates":[[[105.2834517,-5.4024434],[105.2833728,-5.4024871],[105.2834382,-5.4026041],[105.2835171,-5.4025605],[105.2834517,-5.4024434]]]},"properties":{"id":"fp-ovt-efe923e7-82eb-44","gers":"efe923e7-82eb-4439-b0fa-dff77fa8a436","kind":"building","src":"overture","bbox":[105.283373,-5.402604,105.283517,-5.402443],"m2":149,"sites":["site-ce0ac1a136"]}},{"type":"Feature","geometry":{"type":"Polygon","coordinates":[[[51.5942967,25.2205909],[51.5943561,25.2204984],[51.5944323,25.2205385],[51.5943728,25.220631],[51.5942967,25.2205909]]]},"properties":{"id":"fp-ovt-eff2b71b-bdf1-49","gers":"eff2b71b-bdf1-4970-8fc8-321fd5df2a59","kind":"building","src":"overture","bbox":[51.594297,25.220498,51.594432,25.220631],"m2":106,"sites":["site-0f3bae5624"]}},{"type":"Feature","geometry":{"type":"Polygon","coordinates":[[[75.71191,16.8280181],[75.7118203,16.8280171],[75.711823,16.827786],[75.7119127,16.827787],[75.71191,16.8280181]]]},"properties":{"id":"fp-ovt-f088fb4a-10ab-4a","gers":"f088fb4a-10ab-4a62-8db8-f84480516a91","kind":"building","src":"overture","bbox":[75.71182,16.827786,75.711913,16.828018],"m2":246,"sites":["site-ac7b8791f9"]}},{"type":"Feature","geometry":{"type":"Polygon","coordinates":[[[-46.6937427,-23.6111864],[-46.6936713,-23.6112129],[-46.6936253,-23.6111075],[-46.6936967,-23.6110811],[-46.6937427,-23.6111864]]]},"properties":{"id":"fp-ovt-f0f2f9e9-86d6-4e","gers":"f0f2f9e9-86d6-4ec8-a33e-5b4866707039","kind":"building","src":"overture","bbox":[-46.693743,-23.611213,-46.693625,-23.611081],"m2":99,"sites":["site-91a9decafb"]}},{"type":"Feature","geometry":{"type":"Polygon","coordinates":[[[69.5851136,41.4698526],[69.5847115,41.4694335],[69.5848446,41.4693618],[69.5852467,41.4697808],[69.5851136,41.4698526]]]},"properties":{"id":"fp-ovt-f106d7a4-49eb-4f","gers":"f106d7a4-49eb-4f5e-b325-cfadb8f36bfd","kind":"building","src":"overture","bbox":[69.584711,41.469362,69.585247,41.469853],"m2":786,"sites":["site-69b28aebf8"]}},{"type":"Feature","geometry":{"type":"Polygon","coordinates":[[[-70.2715872,-37.3767384],[-70.2717477,-37.3765964],[-70.2718203,-37.3766487],[-70.2716595,-37.3767904],[-70.2715872,-37.3767384]]]},"properties":{"id":"fp-ovt-f10e066b-6a3e-46","gers":"f10e066b-6a3e-46cc-b265-1e2fe0b40279","kind":"building","src":"overture","bbox":[-70.27182,-37.37679,-70.271587,-37.376596],"m2":184,"sites":["site-b96207d556"]}},{"type":"Feature","geometry":{"type":"Polygon","coordinates":[[[144.6937452,13.462293],[144.6935537,13.4622016],[144.6934449,13.462417],[144.6933753,13.4623837],[144.6933648,13.4624045],[144.6933256,13.4623859],[144.6933399,13.4623575],[144.6932892,13.4623333],[144.6933054,13.4623011],[144.6932725,13.4622854],[144.6934139,13.4620048],[144.6934524,13.4620231],[144.6934951,13.4619386],[144.6936168,13.4619966],[144.6936235,13.4619833],[144.6937397,13.4620388],[144.6936691,13.4621786],[144.6938201,13.4622507],[144.6939326,13.4620279],[144.6940349,13.4620767],[144.6938708,13.4624015],[144.6937255,13.462332],[144.6937452,13.462293]]]},"properties":{"id":"fp-ovt-f11aa2ba-ab15-49","gers":"f11aa2ba-ab15-4986-8942-3112be6e59f9","kind":"building","src":"overture","bbox":[144.693273,13.461939,144.694035,13.462417],"m2":2028,"sites":["site-9798542919"]}},{"type":"Feature","geometry":{"type":"Polygon","coordinates":[[[26.0445723,44.468576],[26.0447641,44.4682965],[26.0448813,44.4683374],[26.0446516,44.4686722],[26.0444455,44.4686002],[26.0444835,44.4685449],[26.0445723,44.468576]]]},"properties":{"id":"fp-ovt-f15df52f-e811-47","gers":"f15df52f-e811-473c-a912-43da7714a013","kind":"building","src":"overture","bbox":[26.044445,44.468297,26.044881,44.468672],"m2":484,"sites":["site-b5d479dc52"]}},{"type":"Feature","geometry":{"type":"Polygon","coordinates":[[[35.1373666,49.454606],[35.1375471,49.454562],[35.13762,49.4546885],[35.1375736,49.4546998],[35.1376966,49.454913],[35.1375626,49.4549457],[35.1373666,49.454606]]]},"properties":{"id":"fp-ovt-f171b4d9-4a14-4a","gers":"f171b4d9-4a14-4ab0-85de-79c1e2d4c4bc","kind":"building","src":"overture","bbox":[35.137367,49.454562,35.137697,49.454946],"m2":472,"sites":["site-6a8abc91ed"]}},{"type":"Feature","geometry":{"type":"Polygon","coordinates":[[[7.0058231,4.805947],[7.0058878,4.8059009],[7.0059718,4.8060196],[7.0059071,4.8060657],[7.0058231,4.805947]]]},"properties":{"id":"fp-ovt-f1727a2c-fdf0-45","gers":"f1727a2c-fdf0-453e-bd64-2d98714772ba","kind":"building","src":"overture","bbox":[7.005823,4.805901,7.005972,4.806066],"m2":143,"sites":["site-c153f5cd5a"]}},{"type":"Feature","geometry":{"type":"Polygon","coordinates":[[[28.1546359,36.4168183],[28.1548311,36.4167762],[28.1549247,36.4170572],[28.154772,36.4170901],[28.1547207,36.416936],[28.1546781,36.4169451],[28.1546359,36.4168183]]]},"properties":{"id":"fp-ovt-f1ac44fb-88d0-41","gers":"f1ac44fb-88d0-4174-b690-b708b9610633","kind":"building","src":"overture","bbox":[28.154636,36.416776,28.154925,36.41709],"m2":516,"sites":["site-a581144ea5"]}},{"type":"Feature","geometry":{"type":"Polygon","coordinates":[[[23.5936203,46.7711892],[23.5935035,46.7711517],[23.5935672,46.7710523],[23.5936893,46.7710765],[23.5936203,46.7711892]]]},"properties":{"id":"fp-ovt-f1dffe36-26d8-4d","gers":"f1dffe36-26d8-4d1a-8ea2-3b0d3a23c3ac","kind":"building","src":"overture","bbox":[23.593504,46.771052,23.593689,46.771189],"m2":125,"sites":["site-34e2f53137"]}},{"type":"Feature","geometry":{"type":"Polygon","coordinates":[[[-70.5750494,-33.5590109],[-70.5750988,-33.5590181],[-70.5750915,-33.5590528],[-70.575128,-33.5590582],[-70.5751189,-33.5591015],[-70.575033,-33.559089],[-70.5750494,-33.5590109]]]},"properties":{"id":"fp-ovt-f1fc9207-751a-4a","gers":"f1fc9207-751a-4aca-8226-8dd3897972c1","kind":"building","src":"overture","bbox":[-70.575128,-33.559101,-70.575033,-33.559011],"m2":58,"sites":["site-5cfffe6178"]}},{"type":"Feature","geometry":{"type":"Polygon","coordinates":[[[49.9094132,40.4169544],[49.9092496,40.4171512],[49.9090035,40.4170373],[49.909024,40.4170116],[49.9089643,40.4169861],[49.9089457,40.4170118],[49.9087592,40.4169249],[49.9088288,40.4168404],[49.9088038,40.4168278],[49.9087818,40.4167584],[49.9088308,40.4167481],[49.9088829,40.4167717],[49.9092066,40.4163647],[49.9097052,40.4165894],[49.9095496,40.416773],[49.9091292,40.4165783],[49.9089876,40.4167562],[49.9094132,40.4169544]]]},"properties":{"id":"fp-ovt-f2618e54-b624-44","gers":"f2618e54-b624-4483-a686-8debb172929d","kind":"building","src":"overture","bbox":[49.908759,40.416365,49.909705,40.417151],"m2":2627,"sites":["site-ad41cee9ab"]}},{"type":"Feature","geometry":{"type":"Polygon","coordinates":[[[78.3638172,17.4365563],[78.3637603,17.4365941],[78.3637226,17.4365424],[78.3636801,17.4365707],[78.3634924,17.4363132],[78.3638235,17.4360934],[78.3637918,17.4360499],[78.3643694,17.4356667],[78.364431,17.435751],[78.364729,17.4355533],[78.3650413,17.4359816],[78.3649676,17.4360305],[78.3649978,17.436072],[78.3649279,17.4361184],[78.3649568,17.4361581],[78.364887,17.4362044],[78.3649211,17.4362511],[78.3648613,17.4362908],[78.3649173,17.4363676],[78.3648611,17.4364049],[78.3648922,17.4364476],[78.3648242,17.4364927],[78.3648405,17.436515],[78.3647871,17.4365504],[78.3648063,17.4365768],[78.3647497,17.4366144],[78.3647625,17.4366319],[78.364708,17.4366681],[78.3647257,17.4366923],[78.3646781,17.4367238],[78.3647152,17.4367747],[78.3646324,17.4368296],[78.3645993,17.4367842],[78.364543,17.4368216],[78.3645195,17.4367893],[78.364466,17.4368247],[78.364443,17.4367931],[78.3644005,17.4368212],[78.3643828,17.4367969],[78.3643271,17.4368338],[78.3643054,17.436804],[78.3642558,17.4368369],[78.3642312,17.436803],[78.3641601,17.4368502],[78.3640931,17.4367582],[78.3640306,17.4367997],[78.364007,17.4367673],[78.3639609,17.4367979],[78.3639163,17.4367367],[78.3639382,17.4367222],[78.3638172,17.4365563]],[[78.3637644,17.4363963],[78.3639528,17.4366694],[78.3642466,17.4364916],[78.3642799,17.4365319],[78.3642321,17.4365632],[78.3643311,17.4367003],[78.3643664,17.4366771],[78.3643894,17.4367088],[78.3644496,17.4366693],[78.3644698,17.4366972],[78.3646334,17.4365896],[78.3646133,17.4365617],[78.3646574,17.4365327],[78.3646344,17.4365009],[78.3646978,17.4364593],[78.3646105,17.4363384],[78.3645671,17.4363669],[78.3645582,17.4363546],[78.3649171,17.4361186],[78.3647087,17.4358298],[78.3637644,17.4363963]]]},"properties":{"id":"fp-ovt-f268f0d9-ddf9-45","gers":"f268f0d9-ddf9-45cc-94fc-75019e4bee03","kind":"building","src":"overture","bbox":[78.363492,17.435553,78.365041,17.43685],"m2":8248,"sites":["site-783966f6dc"]}},{"type":"Feature","geometry":{"type":"Polygon","coordinates":[[[76.6398099,8.8394884],[76.6397868,8.8395388],[76.6396331,8.8394988],[76.6396543,8.8394445],[76.6398099,8.8394884]]]},"properties":{"id":"fp-ovt-f2e33aad-98dc-4b","gers":"f2e33aad-98dc-4b47-a2d1-bb649878049b","kind":"building","src":"overture","bbox":[76.639633,8.839445,76.63981,8.839539],"m2":111,"sites":["site-3b94df32ff"]}},{"type":"Feature","geometry":{"type":"Polygon","coordinates":[[[85.7995743,20.3403512],[85.7996205,20.3403527],[85.7996156,20.3404885],[85.7995694,20.340487],[85.7995743,20.3403512]]]},"properties":{"id":"fp-ovt-f32afaca-9711-42","gers":"f32afaca-9711-421b-b19c-75c06e14985e","kind":"building","src":"overture","bbox":[85.799569,20.340351,85.799621,20.340488],"m2":73,"sites":["site-3811049cda"]}},{"type":"Feature","geometry":{"type":"Polygon","coordinates":[[[-38.5397353,-3.8260797],[-38.5397841,-3.8262794],[-38.539125,-3.8264419],[-38.5390762,-3.8262422],[-38.5397353,-3.8260797]]]},"properties":{"id":"fp-ovt-f47b86f1-b33d-40","gers":"f47b86f1-b33d-40a8-a987-224e6eb9c48c","kind":"building","src":"overture","bbox":[-38.539784,-3.826442,-38.539076,-3.82608],"m2":1725,"sites":["site-b66cbfa8be"]}},{"type":"Feature","geometry":{"type":"Polygon","coordinates":[[[-43.4452331,-22.9908443],[-43.445561,-22.9910225],[-43.4453347,-22.991346],[-43.4450182,-22.9911632],[-43.4452331,-22.9908443]]]},"properties":{"id":"fp-ovt-f4d905ef-9c7c-4c","gers":"f4d905ef-9c7c-4ccd-90e2-0055b6d95a6f","kind":"building","src":"overture","bbox":[-43.445561,-22.991346,-43.445018,-22.990844],"m2":1635,"sites":["site-f8c561ae3b"]}},{"type":"Feature","geometry":{"type":"Polygon","coordinates":[[[11.4357292,49.3855631],[11.435723,49.3854505],[11.4358367,49.3854479],[11.4358391,49.3854918],[11.4359266,49.3854898],[11.4359301,49.3855531],[11.4358428,49.3855551],[11.4358461,49.3856138],[11.4357675,49.3856156],[11.4357645,49.3855623],[11.4357292,49.3855631]]]},"properties":{"id":"fp-ovt-f4e96e3f-6e92-49","gers":"f4e96e3f-6e92-4999-9924-1e23a57f234c","kind":"building","src":"overture","bbox":[11.435723,49.385448,11.43593,49.385616],"m2":182,"sites":["site-4f5fc930a1"]}},{"type":"Feature","geometry":{"type":"Polygon","coordinates":[[[100.5604612,13.8669607],[100.5605769,13.8669597],[100.5605773,13.8670108],[100.5604617,13.8670118],[100.5604612,13.8669607]]]},"properties":{"id":"fp-ovt-f56e5a09-52b3-40","gers":"f56e5a09-52b3-403a-a4fc-5c031d3dc37f","kind":"building","src":"overture","bbox":[100.560461,13.86696,100.560577,13.867012],"m2":71,"sites":["site-f89e6c0d06"]}},{"type":"Feature","geometry":{"type":"Polygon","coordinates":[[[-74.1561031,4.6713473],[-74.1560813,4.6713579],[-74.156108,4.6714133],[-74.1561298,4.6714027],[-74.1561031,4.6713473]]]},"properties":{"id":"fp-ovt-f5e79bfe-c4c1-40","gers":"f5e79bfe-c4c1-4039-b1b3-9323acc34e62","kind":"building","src":"overture","bbox":[-74.15613,4.671347,-74.156081,4.671413],"m2":18,"sites":["site-43d0e7f671"]}},{"type":"Feature","geometry":{"type":"Polygon","coordinates":[[[10.79897,45.146936],[10.7988335,45.1469405],[10.7988287,45.1468691],[10.7986189,45.1468761],[10.7986021,45.1466229],[10.7988536,45.1466146],[10.7988629,45.1467547],[10.7989578,45.1467516],[10.79897,45.146936]]]},"properties":{"id":"fp-ovt-f5ff01fe-db72-4c","gers":"f5ff01fe-db72-4cea-9c43-7dc674344cba","kind":"building","src":"overture","bbox":[10.798602,45.146615,10.79897,45.14694],"m2":737,"sites":["site-3811fa8e40"]}},{"type":"Feature","geometry":{"type":"Polygon","coordinates":[[[106.7842502,-6.1130933],[106.7842965,-6.113099],[106.784306,-6.1130221],[106.7842597,-6.1130163],[106.7842502,-6.1130933]]]},"properties":{"id":"fp-ovt-f621f60c-cc82-40","gers":"f621f60c-cc82-40d4-89ca-2e066b6ca609","kind":"building","src":"overture","bbox":[106.78425,-6.113099,106.784306,-6.113016],"m2":45,"sites":["site-630198c221"]}},{"type":"Feature","geometry":{"type":"Polygon","coordinates":[[[-22.5591547,64.0041386],[-22.5591653,64.0041505],[-22.5589335,64.0041902],[-22.5590133,64.0042799],[-22.5591138,64.0042627],[-22.5591258,64.0042762],[-22.5592357,64.0042574],[-22.5592237,64.0042439],[-22.5593415,64.0042237],[-22.5593535,64.0042372],[-22.5594565,64.0042196],[-22.5594445,64.0042061],[-22.5595149,64.004194],[-22.5594351,64.0041044],[-22.5592418,64.0041374],[-22.5592312,64.0041255],[-22.5591547,64.0041386]]]},"properties":{"id":"fp-ovt-f66d041b-6e07-4b","gers":"f66d041b-6e07-4b03-ba91-dbc773854d8b","kind":"building","src":"overture","bbox":[-22.559515,64.004104,-22.558933,64.00428],"m2":305,"sites":["site-e996399382"]}},{"type":"Feature","geometry":{"type":"Polygon","coordinates":[[[35.3133957,36.9759335],[35.3134904,36.9759501],[35.3134789,36.9759921],[35.3133842,36.9759755],[35.3133957,36.9759335]]]},"properties":{"id":"fp-ovt-f67e1b3b-c2ae-48","gers":"f67e1b3b-c2ae-4836-9dfd-2725fba2ef64","kind":"building","src":"overture","bbox":[35.313384,36.975933,35.31349,36.975992],"m2":41,"sites":["site-7fb3c0cf9d"]}},{"type":"Feature","geometry":{"type":"Polygon","coordinates":[[[-79.9122129,41.0922607],[-79.9123664,41.0921294],[-79.9121438,41.0919816],[-79.9120451,41.0920661],[-79.9120219,41.0920859],[-79.9121677,41.0921827],[-79.9121361,41.0922097],[-79.9122129,41.0922607]]]},"properties":{"id":"fp-ovt-f6b900f6-ba24-4f","gers":"f6b900f6-ba24-4f06-8f2d-ecc5435acaab","kind":"building","src":"overture","bbox":[-79.912366,41.091982,-79.912022,41.092261],"m2":419,"sites":["site-b53d69a5e1"]}},{"type":"Feature","geometry":{"type":"Polygon","coordinates":[[[-38.3284698,-12.9325974],[-38.3284322,-12.9325639],[-38.3284492,-12.9325455],[-38.3284869,-12.932579],[-38.3284698,-12.9325974]]]},"properties":{"id":"fp-ovt-f83bd9b6-7d8a-4e","gers":"f83bd9b6-7d8a-4e90-ac23-51d3d3984797","kind":"building","src":"overture","bbox":[-38.328487,-12.932597,-38.328432,-12.932545],"m2":15,"sites":["site-ed93d8f1c9"]}},{"type":"Feature","geometry":{"type":"Polygon","coordinates":[[[101.460447,1.6787307],[101.4603563,1.6787321],[101.4603549,1.6786457],[101.4604456,1.6786442],[101.460447,1.6787307]]]},"properties":{"id":"fp-ovt-f8523cf5-5ba1-4c","gers":"f8523cf5-5ba1-4c28-ae23-54233682f2ae","kind":"building","src":"overture","bbox":[101.460355,1.678644,101.460447,1.678732],"m2":97,"sites":["site-c73dab6ab0"]}},{"type":"Feature","geometry":{"type":"Polygon","coordinates":[[[36.2377299,49.9894701],[36.2376897,49.9893908],[36.2378053,49.9894141],[36.2378246,49.9894545],[36.2377299,49.9894701]]]},"properties":{"id":"fp-ovt-f8900a09-156d-42","gers":"f8900a09-156d-42ab-94d3-58fd47e53885","kind":"building","src":"overture","bbox":[36.23769,49.989391,36.237825,49.98947],"m2":49,"sites":["site-81a5df1a59"]}},{"type":"Feature","geometry":{"type":"Polygon","coordinates":[[[-60.705334,2.8192321],[-60.7053381,2.8193262],[-60.7053898,2.8193239],[-60.7053948,2.8194358],[-60.7055682,2.819428],[-60.7055747,2.8195768],[-60.7056622,2.8195729],[-60.7056473,2.8192339],[-60.7054351,2.8192434],[-60.7054344,2.8192276],[-60.705334,2.8192321]]]},"properties":{"id":"fp-ovt-f8a6d880-d0b9-4f","gers":"f8a6d880-d0b9-4f6f-a09a-37d5d2c4c97f","kind":"building","src":"overture","bbox":[-60.705662,2.819228,-60.705334,2.819577],"m2":847,"sites":["site-0a9b5c43f0"]}},{"type":"Feature","geometry":{"type":"Polygon","coordinates":[[[20.145404,46.2716065],[20.1454029,46.2716211],[20.1453062,46.2716163],[20.1453029,46.2716462],[20.1452346,46.2716427],[20.1451763,46.2716395],[20.1451249,46.2716369],[20.1451281,46.2716071],[20.1450207,46.2716018],[20.1450223,46.2715852],[20.1450262,46.2715524],[20.145053,46.2713043],[20.145072,46.2712936],[20.1451457,46.2712976],[20.1451768,46.2712829],[20.1453058,46.2712871],[20.1453257,46.2713062],[20.1454144,46.2713115],[20.1454331,46.2713241],[20.1454079,46.2715749],[20.145404,46.2716065]]]},"properties":{"id":"fp-ovt-f8ad29dd-b61c-4e","gers":"f8ad29dd-b61c-4e04-bb19-0fa2355283a1","kind":"building","src":"overture","bbox":[20.145021,46.271283,20.145433,46.271646],"m2":1081,"sites":["site-74317d2115"]}},{"type":"Feature","geometry":{"type":"Polygon","coordinates":[[[43.9478283,56.3159773],[43.9473611,56.3160177],[43.9472961,56.3157868],[43.9474121,56.3157768],[43.9477549,56.3157471],[43.9479753,56.315728],[43.947996,56.3158016],[43.9480403,56.315959],[43.9478283,56.3159773]]]},"properties":{"id":"fp-ovt-f99a825b-8039-42","gers":"f99a825b-8039-42c2-a720-d5af3aeb6ed3","kind":"building","src":"overture","bbox":[43.947296,56.315728,43.94804,56.316018],"m2":1104,"sites":["site-f8d06029cd"]}},{"type":"Feature","geometry":{"type":"Polygon","coordinates":[[[90.3894764,23.7582521],[90.3892928,23.7582628],[90.3892793,23.7580689],[90.3893711,23.7580636],[90.3893678,23.7580159],[90.3894597,23.7580106],[90.3894764,23.7582521]]]},"properties":{"id":"fp-ovt-f9d5907a-3d11-46","gers":"f9d5907a-3d11-4639-854a-3622234bc4ca","kind":"building","src":"overture","bbox":[90.389279,23.758011,90.389476,23.758263],"m2":455,"sites":["site-7ce21a33f8"]}},{"type":"Feature","geometry":{"type":"Polygon","coordinates":[[[91.7860072,26.1858775],[91.7860353,26.1858485],[91.7861151,26.1859113],[91.7860869,26.1859404],[91.7860072,26.1858775]]]},"properties":{"id":"fp-ovt-fa026d64-7e80-4e","gers":"fa026d64-7e80-4e8b-80be-f81abac444a7","kind":"building","src":"overture","bbox":[91.786007,26.185848,91.786115,26.18594],"m2":45,"sites":["site-7fbbddc21a"]}},{"type":"Feature","geometry":{"type":"Polygon","coordinates":[[[-46.7032479,-23.6195456],[-46.7030167,-23.6196643],[-46.7027963,-23.6192998],[-46.7030046,-23.6191929],[-46.7030251,-23.6192269],[-46.7030746,-23.6192015],[-46.7031058,-23.619253],[-46.7030792,-23.6192666],[-46.7032479,-23.6195456]]]},"properties":{"id":"fp-ovt-fa28891c-d0bc-48","gers":"fa28891c-d0bc-4857-9f1a-f7cfc2a2fe6d","kind":"building","src":"overture","bbox":[-46.703248,-23.619664,-46.702796,-23.619193],"m2":1263,"sites":["site-f953f07ee0"]}},{"type":"Feature","geometry":{"type":"Polygon","coordinates":[[[106.8144423,-6.6141533],[106.8142623,-6.6142321],[106.8143546,-6.61444],[106.8145346,-6.6143611],[106.8144423,-6.6141533]]]},"properties":{"id":"fp-ovt-fa8d05e1-7cdb-47","gers":"fa8d05e1-7cdb-4721-bf62-322fba008d5e","kind":"building","src":"overture","bbox":[106.814262,-6.61444,106.814535,-6.614153],"m2":550,"sites":["site-727f93ef26"]}},{"type":"Feature","geometry":{"type":"Polygon","coordinates":[[[106.8640332,-6.2515753],[106.8639702,-6.2515502],[106.8639373,-6.2516317],[106.8640003,-6.2516568],[106.8640332,-6.2515753]]]},"properties":{"id":"fp-ovt-fae7d2e8-ee1f-4b","gers":"fae7d2e8-ee1f-4b21-9358-99c341d88822","kind":"building","src":"overture","bbox":[106.863937,-6.251657,106.864033,-6.25155],"m2":73,"sites":["site-b5d2d2daae"]}},{"type":"Feature","geometry":{"type":"Polygon","coordinates":[[[-54.5738698,-20.5161352],[-54.5738358,-20.5161106],[-54.5738781,-20.5160586],[-54.5739121,-20.5160832],[-54.5738698,-20.5161352]]]},"properties":{"id":"fp-ovt-faf4900d-3bc5-4a","gers":"faf4900d-3bc5-4a5f-a059-acecfea149c8","kind":"building","src":"overture","bbox":[-54.573912,-20.516135,-54.573836,-20.516059],"m2":33,"sites":["site-579454d257"]}},{"type":"Feature","geometry":{"type":"Polygon","coordinates":[[[9.1707057,48.7089887],[9.1703874,48.7088795],[9.1704696,48.7087672],[9.1706236,48.7088199],[9.1706475,48.708782],[9.1706319,48.7087755],[9.1706643,48.7087272],[9.1706866,48.7087344],[9.170789,48.7085987],[9.1709566,48.7085895],[9.1709723,48.7087154],[9.170913,48.7087175],[9.1708181,48.7088434],[9.1708318,48.7088688],[9.1708496,48.7088966],[9.1710534,48.7089617],[9.1709724,48.7090754],[9.1707745,48.7090103],[9.1707639,48.7090255],[9.1706969,48.7090043],[9.1707057,48.7089887]]]},"properties":{"id":"fp-ovt-fb55d2a5-5495-41","gers":"fb55d2a5-5495-4157-9f51-af4198c002b7","kind":"building","src":"overture","bbox":[9.170387,48.70859,9.171053,48.709075],"m2":1148,"sites":["site-0b6a0d04a3"]}},{"type":"Feature","geometry":{"type":"Polygon","coordinates":[[[26.1302298,44.4444903],[26.1300275,44.4447009],[26.1298144,44.4445976],[26.1300252,44.4443874],[26.1302298,44.4444903]]]},"properties":{"id":"fp-ovt-fbced6f2-7499-49","gers":"fbced6f2-7499-4918-bbe3-e577854809cb","kind":"building","src":"overture","bbox":[26.129814,44.444387,26.13023,44.444701],"m2":577,"sites":["site-f9cab42830"]}},{"type":"Feature","geometry":{"type":"Polygon","coordinates":[[[-52.525307,-26.9684504],[-52.5251697,-26.9683817],[-52.5252696,-26.9682213],[-52.5254069,-26.96829],[-52.525307,-26.9684504]]]},"properties":{"id":"fp-ovt-fbe4a3cc-ffd1-4a","gers":"fbe4a3cc-ffd1-4aaa-9b77-ddd539202c0b","kind":"building","src":"overture","bbox":[-52.525407,-26.96845,-52.52517,-26.968221],"m2":319,"sites":["site-61a4acd361"]}},{"type":"Feature","geometry":{"type":"Polygon","coordinates":[[[124.9993763,11.2429638],[124.9993424,11.2429951],[124.9992281,11.242927],[124.9992728,11.2428753],[124.9993763,11.2429638]]]},"properties":{"id":"fp-ovt-fc06618b-3786-4d","gers":"fc06618b-3786-4d37-9f0d-8685c60ee4ce","kind":"building","src":"overture","bbox":[124.999228,11.242875,124.999376,11.242995],"m2":92,"sites":["site-452e232405"]}},{"type":"Feature","geometry":{"type":"Polygon","coordinates":[[[7.2193478,51.4888374],[7.2192933,51.4886632],[7.2194823,51.4886403],[7.2194856,51.4886509],[7.2196565,51.4886302],[7.2196728,51.4886825],[7.2196219,51.4886886],[7.2196263,51.4887027],[7.2195064,51.4887173],[7.2195368,51.4888145],[7.2193478,51.4888374]]]},"properties":{"id":"fp-ovt-fc141b67-b36e-4c","gers":"fc141b67-b36e-4c15-ac35-d850a543fa8b","kind":"building","src":"overture","bbox":[7.219293,51.48863,7.219673,51.488837],"m2":349,"sites":["site-b7c4269f2f"]}},{"type":"Feature","geometry":{"type":"Polygon","coordinates":[[[43.152909,11.5910731],[43.152769,11.591031],[43.1527868,11.5909744],[43.1529267,11.5910165],[43.152909,11.5910731]]]},"properties":{"id":"fp-ovt-fc762f50-cd1c-43","gers":"fc762f50-cd1c-43cc-89f9-528568dcbf4e","kind":"building","src":"overture","bbox":[43.152769,11.590974,43.152927,11.591073],"m2":105,"sites":["site-1724572f0e"]}},{"type":"Feature","geometry":{"type":"Polygon","coordinates":[[[116.8949896,-1.2429766],[116.8948029,-1.242962],[116.8947928,-1.2430899],[116.8949652,-1.2431034],[116.8949623,-1.2431403],[116.8951046,-1.2431515],[116.8951071,-1.2431199],[116.8952519,-1.2431312],[116.8952627,-1.2429948],[116.8950917,-1.2429814],[116.8950942,-1.2429487],[116.8949924,-1.2429407],[116.8949896,-1.2429766]]]},"properties":{"id":"fp-ovt-fc9ec36f-3ba0-4a","gers":"fc9ec36f-3ba0-4a68-b58f-b86bd044727f","kind":"building","src":"overture","bbox":[116.894793,-1.243151,116.895263,-1.242941],"m2":860,"sites":["site-315fee049d"]}},{"type":"Feature","geometry":{"type":"Polygon","coordinates":[[[116.6411631,40.3153635],[116.6411535,40.3152972],[116.6411783,40.3152951],[116.6411878,40.3153614],[116.6411631,40.3153635]]]},"properties":{"id":"fp-ovt-fc9f02af-ab67-41","gers":"fc9f02af-ab67-41a7-8488-79eb5243faac","kind":"building","src":"overture","bbox":[116.641154,40.315295,116.641188,40.315363],"m2":16,"sites":["site-6884d8fd1f"]}},{"type":"Feature","geometry":{"type":"Polygon","coordinates":[[[39.7257251,47.2961093],[39.7256329,47.2960559],[39.7257124,47.2959927],[39.7258046,47.296046],[39.7257251,47.2961093]]]},"properties":{"id":"fp-ovt-fcc644ad-c9b4-44","gers":"fcc644ad-c9b4-4437-b186-eab06c4f20b7","kind":"building","src":"overture","bbox":[39.725633,47.295993,39.725805,47.296109],"m2":85,"sites":["site-2be411e46d"]}},{"type":"Feature","geometry":{"type":"Polygon","coordinates":[[[-51.1277447,-29.6852893],[-51.1276565,-29.6852613],[-51.1277109,-29.6851309],[-51.1277709,-29.68515],[-51.1277602,-29.6851756],[-51.1277884,-29.6851845],[-51.1277447,-29.6852893]]]},"properties":{"id":"fp-ovt-fcd2a227-ae9d-49","gers":"fcd2a227-ae9d-4916-b792-0aab0307b12f","kind":"building","src":"overture","bbox":[-51.127788,-29.685289,-51.127657,-29.685131],"m2":131,"sites":["site-c084403872"]}},{"type":"Feature","geometry":{"type":"Polygon","coordinates":[[[-46.8694025,-23.2088706],[-46.869326,-23.2087814],[-46.869444,-23.2086951],[-46.8695204,-23.2087843],[-46.8694025,-23.2088706]]]},"properties":{"id":"fp-ovt-fd309ce0-a93e-4a","gers":"fd309ce0-a93e-4a53-a74a-eac4d8bf90d0","kind":"building","src":"overture","bbox":[-46.86952,-23.208871,-46.869326,-23.208695],"m2":195,"sites":["site-03839a0493"]}},{"type":"Feature","geometry":{"type":"Polygon","coordinates":[[[-49.244886,-23.5343623],[-49.2445021,-23.5343576],[-49.2445042,-23.5342049],[-49.2448882,-23.5342096],[-49.244886,-23.5343623]]]},"properties":{"id":"fp-ovt-fe0732fe-513a-4f","gers":"fe0732fe-513a-4f0a-93ec-a36cc706e7c1","kind":"building","src":"overture","bbox":[-49.244888,-23.534362,-49.244502,-23.534205],"m2":666,"sites":["site-b343702f17"]}},{"type":"Feature","geometry":{"type":"Polygon","coordinates":[[[-0.8021906,52.4223168],[-0.8024879,52.4222456],[-0.8024277,52.4221522],[-0.8021304,52.4222234],[-0.8021906,52.4223168]]]},"properties":{"id":"fp-ovt-fe2bb2b8-2bbf-4f","gers":"fe2bb2b8-2bbf-4f70-8191-fd78a4b81632","kind":"building","src":"overture","bbox":[-0.802488,52.422152,-0.80213,52.422317],"m2":242,"sites":["site-010d087f18"]}},{"type":"Feature","geometry":{"type":"Polygon","coordinates":[[[76.6572463,9.1218504],[76.657411,9.1218653],[76.6574073,9.1219058],[76.6572426,9.1218909],[76.6572463,9.1218504]]]},"properties":{"id":"fp-ovt-fe2cf240-0446-4a","gers":"fe2cf240-0446-4a07-b8cb-61d1c9c73cae","kind":"building","src":"overture","bbox":[76.657243,9.12185,76.657411,9.121906],"m2":82,"sites":["site-8f08e861d8"]}},{"type":"Feature","geometry":{"type":"Polygon","coordinates":[[[101.3683937,0.4333279],[101.3684156,0.4332721],[101.3684784,0.4332967],[101.3684565,0.4333525],[101.3683937,0.4333279]]]},"properties":{"id":"fp-ovt-fe31472f-bfa0-48","gers":"fe31472f-bfa0-487c-8dd7-e6afac41c705","kind":"building","src":"overture","bbox":[101.368394,0.433272,101.368478,0.433352],"m2":50,"sites":["site-432dc0d73e"]}},{"type":"Feature","geometry":{"type":"Polygon","coordinates":[[[35.0438195,48.4645964],[35.0437295,48.4646441],[35.0435043,48.4644571],[35.0435906,48.4644114],[35.0439883,48.4642074],[35.044209,48.4643934],[35.0438195,48.4645964]]]},"properties":{"id":"fp-ovt-fe7703c9-b8e0-4d","gers":"fe7703c9-b8e0-4d9a-93b1-57577193c4f5","kind":"building","src":"overture","bbox":[35.043504,48.464207,35.044209,48.464644],"m2":1198,"sites":["site-e08d24f43d"]}},{"type":"Feature","geometry":{"type":"Polygon","coordinates":[[[-158.0863148,21.334229],[-158.0862845,21.3341252],[-158.0861806,21.3341516],[-158.086211,21.3342553],[-158.0863148,21.334229]]]},"properties":{"id":"fp-ovt-fe84872f-88c3-44","gers":"fe84872f-88c3-442d-8746-aba490ad190b","kind":"building","src":"overture","bbox":[-158.086315,21.334125,-158.086181,21.334255],"m2":134,"sites":["site-5fc84cd367","site-ec3dc94a1d"]}},{"type":"Feature","geometry":{"type":"Polygon","coordinates":[[[-40.3906273,-20.3362995],[-40.3905137,-20.336253],[-40.3905887,-20.3360902],[-40.3907022,-20.3361367],[-40.3906273,-20.3362995]]]},"properties":{"id":"fp-ovt-fe8d17a9-da2a-4e","gers":"fe8d17a9-da2a-4eb5-abab-6dfe6fe12e78","kind":"building","src":"overture","bbox":[-40.390702,-20.336299,-40.390514,-20.33609],"m2":255,"sites":["site-2cf6d70ec1"]}},{"type":"Feature","geometry":{"type":"Polygon","coordinates":[[[-48.3411595,-10.1876082],[-48.341115,-10.187609],[-48.3411134,-10.1875186],[-48.3412181,-10.1875168],[-48.3412193,-10.1875855],[-48.3411591,-10.1875866],[-48.3411595,-10.1876082]]]},"properties":{"id":"fp-ovt-ff3a106d-d35c-4c","gers":"ff3a106d-d35c-4cd5-80ea-55de639d3063","kind":"building","src":"overture","bbox":[-48.341219,-10.187609,-48.341113,-10.187517],"m2":100,"sites":["site-6e9b9a4521"]}},{"type":"Feature","geometry":{"type":"Polygon","coordinates":[[[-84.5252144,33.4446784],[-84.5252413,33.4446694],[-84.5252252,33.4446247],[-84.5249623,33.4447008],[-84.5249945,33.4447813],[-84.5252252,33.4447142],[-84.5252144,33.4446784]]]},"properties":{"id":"fp-ovt-ff59bfdf-c787-48","gers":"ff59bfdf-c787-4885-87ea-12a8651bfa48","kind":"building","src":"overture","bbox":[-84.525241,33.444625,-84.524962,33.444781],"m2":231,"sites":["site-9364e38e2c"]}},{"type":"Feature","geometry":{"type":"Polygon","coordinates":[[[52.3464369,36.4640897],[52.3465706,36.4640627],[52.3466254,36.4642382],[52.3464916,36.4642651],[52.3464369,36.4640897]]]},"properties":{"id":"fp-ovt-ff6d823c-9cf1-42","gers":"ff6d823c-9cf1-427e-9449-72a538b1dd4e","kind":"building","src":"overture","bbox":[52.346437,36.464063,52.346625,36.464265],"m2":249,"sites":["site-33d1b9cd48"]}},{"type":"Feature","geometry":{"type":"Polygon","coordinates":[[[-0.5892237,38.2939142],[-0.5893219,38.2938899],[-0.5892885,38.293804],[-0.5891957,38.2938264],[-0.5891887,38.2938281],[-0.5891935,38.2938398],[-0.5892237,38.2939142]]]},"properties":{"id":"fp-ovt-ff707417-a3ee-4b","gers":"ff707417-a3ee-4b3a-8798-c5dc402275b4","kind":"building","src":"overture","bbox":[-0.589322,38.293804,-0.589189,38.293914],"m2":91,"sites":["site-a5fa842850"]}},{"type":"Feature","geometry":{"type":"Polygon","coordinates":[[[-51.1842488,-30.023558],[-51.1841126,-30.023836],[-51.1839135,-30.0237629],[-51.1840496,-30.0234849],[-51.1842488,-30.023558]]]},"properties":{"id":"fp-ovt-ff733562-e914-45","gers":"ff733562-e914-452c-a248-441724e70b90","kind":"building","src":"overture","bbox":[-51.184249,-30.023836,-51.183914,-30.023485],"m2":701,"sites":["site-2faa7764a1"]}},{"type":"Feature","geometry":{"type":"Polygon","coordinates":[[[11.5264489,48.1395975],[11.5263374,48.1396274],[11.5265323,48.139953],[11.5266427,48.1399224],[11.5267139,48.1400369],[11.5266035,48.1400675],[11.5267032,48.140235],[11.5265323,48.1402809],[11.5264308,48.1401122],[11.5262709,48.140151],[11.5261771,48.140166],[11.5260751,48.1401823],[11.5259157,48.140196],[11.5259433,48.140376],[11.5257577,48.1403886],[11.5257306,48.1402117],[11.5256144,48.1402184],[11.5255978,48.1400896],[11.525711,48.1400831],[11.525685,48.1399134],[11.5256586,48.1397406],[11.5255424,48.1397479],[11.5255243,48.139618],[11.5256387,48.1396109],[11.5256119,48.1394355],[11.5257975,48.1394229],[11.5258247,48.1396038],[11.5259182,48.1395952],[11.5259061,48.1395648],[11.5260013,48.1395482],[11.5260167,48.1395755],[11.5260957,48.1395557],[11.5259955,48.1393893],[11.5261664,48.1393435],[11.5262669,48.1395104],[11.5263785,48.1394805],[11.5264489,48.1395975]],[[11.5263366,48.1399557],[11.5261882,48.1397092],[11.5261762,48.1397268],[11.5261352,48.1397151],[11.5260944,48.1397034],[11.5261039,48.1396867],[11.5260697,48.1396959],[11.525942,48.1397156],[11.5259116,48.139718],[11.5259324,48.1397291],[11.525904,48.1397511],[11.5258748,48.1397737],[11.525849,48.1397601],[11.5258706,48.1399009],[11.5258906,48.1400319],[11.5259137,48.1400142],[11.5259472,48.1400321],[11.5259809,48.1400502],[11.5259601,48.140068],[11.5260838,48.1400534],[11.5261372,48.1400435],[11.5262387,48.1400248],[11.5263067,48.1400093],[11.5262806,48.1400017],[11.5262964,48.1399753],[11.5263123,48.1399489],[11.5263366,48.1399557]]]},"properties":{"id":"fp-ovt-ff974c32-5175-4c","gers":"ff974c32-5175-4c5a-8d05-99d57c8abce3","kind":"building","src":"overture","bbox":[11.525524,48.139344,11.526714,48.140389],"m2":4396,"sites":["site-9730b6a086"]}},{"type":"Feature","geometry":{"type":"Polygon","coordinates":[[[-0.0942371,5.8021009],[-0.0941909,5.8021744],[-0.094227,5.8021971],[-0.0942731,5.8021237],[-0.0942371,5.8021009]]]},"properties":{"id":"fp-ovt-ffe057c4-948f-42","gers":"ffe057c4-948f-4232-b5f5-2dadcc7f01ad","kind":"building","src":"overture","bbox":[-0.094273,5.802101,-0.094191,5.802197],"m2":46,"sites":["site-3764ea2daf"]}},{"type":"Feature","geometry":{"type":"Polygon","coordinates":[[[9.3061245,52.9095246],[9.3061352,52.9095604],[9.306074,52.9095672],[9.3060632,52.9095314],[9.3061245,52.9095246]]]},"properties":{"id":"fp-ovt-fffaed77-49c2-4c","gers":"fffaed77-49c2-4cbf-bed8-d31193861d7a","kind":"building","src":"overture","bbox":[9.306063,52.909525,9.306135,52.909567],"m2":17,"sites":["site-5cc428bec2"]}}]}