{"type":"FeatureCollection","features":[{"type":"Feature","geometry":{"type":"Polygon","coordinates":[[[37.1935609,56.0139873],[37.1933392,56.0137291],[37.1938224,56.0135995],[37.1940439,56.0138575],[37.194621,56.0145299],[37.1941379,56.0146595],[37.1935609,56.0139873]]]},"properties":{"id":"fp-ovt-009d2dee-440a-4b","gers":"009d2dee-440a-4b5f-98c6-47b73faabff9","kind":"building","src":"overture","bbox":[37.193339,56.013599,37.194621,56.01466],"m2":3831,"sites":["f198"]}},{"type":"Feature","geometry":{"type":"Polygon","coordinates":[[[120.3114414,22.7100244],[120.3095385,22.708868],[120.3107479,22.7071745],[120.3126508,22.708331],[120.3114414,22.7100244]]]},"properties":{"id":"fp-ovt-03b4a532-f468-41","gers":"03b4a532-f468-41cd-bf50-1d2ac3e8d677","kind":"building","src":"overture","bbox":[120.309539,22.707175,120.312651,22.710024],"m2":52826,"sites":["f017"]}},{"type":"Feature","geometry":{"type":"Polygon","coordinates":[[[-70.9099081,42.5789663],[-70.9099801,42.5790498],[-70.9100198,42.5790311],[-70.9103747,42.5794429],[-70.9108015,42.5792453],[-70.9104527,42.5788639],[-70.9104906,42.5788492],[-70.9103779,42.5787108],[-70.91034,42.5787269],[-70.9100302,42.5783394],[-70.9096005,42.5785417],[-70.9099496,42.5789467],[-70.9099081,42.5789663]]]},"properties":{"id":"fp-ovt-0430aea0-8ce3-47","gers":"0430aea0-8ce3-47de-a972-569771fbdc9a","kind":"building","src":"overture","bbox":[-70.910802,42.578339,-70.9096,42.579443],"m2":4943,"sites":["f169"]}},{"type":"Feature","geometry":{"type":"Polygon","coordinates":[[[-97.6617665,30.2733059],[-97.6628677,30.274222],[-97.6633641,30.2737768],[-97.6633438,30.2737452],[-97.6635837,30.2735346],[-97.6635959,30.2734714],[-97.6640308,30.2730813],[-97.6633103,30.272482],[-97.6631846,30.2725947],[-97.6627986,30.2722737],[-97.6623029,30.2727183],[-97.6619738,30.2724446],[-97.6613063,30.2730432],[-97.6616971,30.2733681],[-97.6617665,30.2733059]]]},"properties":{"id":"fp-ovt-059232ce-c67d-4d","gers":"059232ce-c67d-4dea-98bd-80aebaa24b3c","kind":"building","src":"overture","bbox":[-97.664031,30.272274,-97.661306,30.274222],"m2":28872,"sites":["f102"]}},{"type":"Feature","geometry":{"type":"Polygon","coordinates":[[[-0.36276,49.204212],[-0.362809,49.20444],[-0.362898,49.204432],[-0.36285,49.204204],[-0.36276,49.204212]]]},"properties":{"id":"fp-ovt-0627dc84-f587-48","gers":"0627dc84-f587-485c-88f7-d6dafd9c5914","kind":"building","src":"overture","bbox":[-0.362898,49.204204,-0.36276,49.20444],"m2":168,"sites":["f097"]}},{"type":"Feature","geometry":{"type":"Polygon","coordinates":[[[140.9805383,37.6171091],[140.9811104,37.6191919],[140.9802203,37.6193453],[140.9796482,37.6172625],[140.9805383,37.6171091]]]},"properties":{"id":"fp-ovt-06a5bb46-8e42-4f","gers":"06a5bb46-8e42-4ff9-abb3-1b5b8b53076f","kind":"building","src":"overture","bbox":[140.979648,37.617109,140.98111,37.619345],"m2":19059,"sites":["f123"]}},{"type":"Feature","geometry":{"type":"Polygon","coordinates":[[[136.5706954,36.444627],[136.5695119,36.4444866],[136.5696409,36.4437238],[136.5708471,36.4438824],[136.5706954,36.444627]]]},"properties":{"id":"fp-ovt-0b5cb962-b0bc-44","gers":"0b5cb962-b0bc-443c-8688-6f08952a37ba","kind":"building","src":"overture","bbox":[136.569512,36.443724,136.570847,36.444627],"m2":9187,"sites":["f121"]}},{"type":"Feature","geometry":{"type":"Polygon","coordinates":[[[126.775772,37.515891],[126.7755676,37.5158127],[126.7756864,37.5156127],[126.7757029,37.5156117],[126.7757177,37.5155841],[126.7762577,37.5157828],[126.776156,37.5159664],[126.7760827,37.5159383],[126.7760715,37.5159528],[126.7757886,37.5158591],[126.775772,37.515891]]]},"properties":{"id":"fp-ovt-0bda7f63-0856-41","gers":"0bda7f63-0856-417d-b307-f0c74eeec72a","kind":"building","src":"overture","bbox":[126.775568,37.515584,126.776258,37.515966],"m2":1392,"sites":["f197"]}},{"type":"Feature","geometry":{"type":"Polygon","coordinates":[[[-119.0134174,34.2296264],[-119.0134421,34.2296162],[-119.0134421,34.2295704],[-119.0132942,34.2294455],[-119.0129584,34.229229],[-119.0126718,34.229499],[-119.0126472,34.2295525],[-119.0125455,34.229629],[-119.012601,34.2296621],[-119.0126564,34.2296646],[-119.0126842,34.2296977],[-119.0126934,34.2297359],[-119.01302,34.2299754],[-119.0130693,34.2299703],[-119.013248,34.2297945],[-119.0133835,34.2296595],[-119.0134174,34.2296264]]]},"properties":{"id":"fp-ovt-0c735f7a-3635-4d","gers":"0c735f7a-3635-4db0-b4c5-4cc5c06cbe26","kind":"building","src":"overture","bbox":[-119.013442,34.229229,-119.012546,34.229975],"m2":3618,"sites":["f178"]}},{"type":"Feature","geometry":{"type":"Polygon","coordinates":[[[127.0605935,37.0393607],[127.0547414,37.0393451],[127.054761,37.0374921],[127.0606521,37.0374766],[127.0605935,37.0393607]]]},"properties":{"id":"fp-ovt-0e30f70a-0610-46","gers":"0e30f70a-0610-460f-aaf0-9a7b05fc430c","kind":"building","src":"overture","bbox":[127.054741,37.037477,127.060652,37.039361],"m2":108526,"sites":["f073"]}},{"type":"Feature","geometry":{"type":"Polygon","coordinates":[[[120.6155294,24.2100807],[120.6158093,24.2108136],[120.6161472,24.2116869],[120.6162194,24.2118895],[120.6144019,24.2124662],[120.6137119,24.2106574],[120.6155294,24.2100807]]]},"properties":{"id":"fp-ovt-0edf5940-7f1a-4c","gers":"0edf5940-7f1a-4ca7-8958-b50cd3aed131","kind":"building","src":"overture","bbox":[120.613712,24.210081,120.616219,24.212466],"m2":41687,"sites":["f013"]}},{"type":"Feature","geometry":{"type":"Polygon","coordinates":[[[121.7812077,30.8686546],[121.7814221,30.8686267],[121.7814844,30.8689834],[121.78127,30.8690113],[121.7812077,30.8686546]]]},"properties":{"id":"fp-ovt-11cb4ae1-dd33-40","gers":"11cb4ae1-dd33-4048-b9bb-8e8d80644f95","kind":"building","src":"overture","bbox":[121.781208,30.868627,121.781484,30.869011],"m2":832,"sites":["f210"]}},{"type":"Feature","geometry":{"type":"Polygon","coordinates":[[[5.8204186,51.8244038],[5.8196823,51.8247095],[5.8196179,51.8247363],[5.8193123,51.8244537],[5.8201131,51.8241212],[5.8204186,51.8244038]]]},"properties":{"id":"fp-ovt-123b2086-9cbc-49","gers":"123b2086-9cbc-49e1-b2eb-7d0587ff26d1","kind":"building","src":"overture","bbox":[5.819312,51.824121,5.820419,51.824736],"m2":2511,"sites":["f101"]}},{"type":"Feature","geometry":{"type":"Polygon","coordinates":[[[139.4104432,35.420364],[139.4090362,35.420264],[139.4090135,35.4204756],[139.4087729,35.4204585],[139.4087955,35.4202477],[139.4086662,35.4202385],[139.4087262,35.4196777],[139.409361,35.4197228],[139.4094056,35.419726],[139.4105031,35.419804],[139.4104432,35.420364]]]},"properties":{"id":"fp-ovt-17978e84-1a0b-46","gers":"17978e84-1a0b-4696-b3eb-8eb908a55b9e","kind":"building","src":"overture","bbox":[139.408666,35.419678,139.410503,35.420476],"m2":10644,"sites":["f119"]}},{"type":"Feature","geometry":{"type":"Polygon","coordinates":[[[117.0204602,31.9685829],[117.0196187,31.9685856],[117.0196051,31.9655238],[117.020446,31.9655211],[117.0204602,31.9685829]]]},"properties":{"id":"fp-ovt-1815fb0a-9683-4c","gers":"1815fb0a-9683-4c09-ab9c-55b733cc9774","kind":"building","src":"overture","bbox":[117.019605,31.965521,117.02046,31.968586],"m2":27077,"sites":["f067"]}},{"type":"Feature","geometry":{"type":"Polygon","coordinates":[[[130.7546227,32.8962167],[130.7547193,32.8967805],[130.7536204,32.896894],[130.7535432,32.8963364],[130.7546227,32.8962167]]]},"properties":{"id":"fp-ovt-18a602a3-fde3-47","gers":"18a602a3-fde3-4790-97aa-d628c004431a","kind":"building","src":"overture","bbox":[130.753543,32.896217,130.754719,32.896894],"m2":6460,"sites":["f125"]}},{"type":"Feature","geometry":{"type":"Polygon","coordinates":[[[127.0625904,37.033894],[127.062562,37.0357134],[127.0563811,37.0357139],[127.0564888,37.033894],[127.0625904,37.033894]]]},"properties":{"id":"fp-ovt-1978a3cf-9084-43","gers":"1978a3cf-9084-43fd-9293-ea68258355e8","kind":"building","src":"overture","bbox":[127.056381,37.033894,127.06259,37.035714],"m2":110546,"sites":["f075"]}},{"type":"Feature","geometry":{"type":"Polygon","coordinates":[[[-51.13259,-30.0829764],[-51.1328351,-30.0829195],[-51.1329215,-30.083196],[-51.1326297,-30.0832649],[-51.1326076,-30.0832702],[-51.132526,-30.0832894],[-51.1325234,-30.083281],[-51.1323928,-30.0833118],[-51.1323296,-30.0831097],[-51.1323404,-30.0831072],[-51.132321,-30.0830451],[-51.1322553,-30.083032],[-51.1322819,-30.0829274],[-51.1324466,-30.0829581],[-51.1324433,-30.0829703],[-51.1325649,-30.0829407],[-51.1325688,-30.0829557],[-51.1325847,-30.0829521],[-51.13259,-30.0829764]]]},"properties":{"id":"fp-ovt-19e29e19-564d-42","gers":"19e29e19-564d-425e-a5ca-c92c4807bf58","kind":"building","src":"overture","bbox":[-51.132922,-30.083312,-51.132255,-30.082919],"m2":1885,"sites":["f204"]}},{"type":"Feature","geometry":{"type":"Polygon","coordinates":[[[-97.6168997,30.2251144],[-97.6168843,30.2257056],[-97.6175333,30.2263048],[-97.6177418,30.2263083],[-97.618612,30.2263229],[-97.6197593,30.2263422],[-97.6204623,30.22576],[-97.6205273,30.2233084],[-97.6206004,30.2205558],[-97.6206123,30.220106],[-97.6206601,30.2188296],[-97.6207492,30.216451],[-97.6205273,30.2162493],[-97.6200817,30.2158442],[-97.6200736,30.2158369],[-97.6196936,30.2158241],[-97.6193744,30.2158174],[-97.6190408,30.2158104],[-97.6178242,30.215785],[-97.6171281,30.2163607],[-97.6170871,30.2179316],[-97.6170498,30.2193617],[-97.6170252,30.2203046],[-97.6169379,30.2236506],[-97.6169131,30.2245568],[-97.6169039,30.225016],[-97.6168997,30.2251144]]]},"properties":{"id":"fp-ovt-1a65f0f0-35de-47","gers":"1a65f0f0-35de-47b6-add5-71bca9788f0b","kind":"building","src":"overture","bbox":[-97.620749,30.215785,-97.616884,30.226342],"m2":395620,"sites":["f080"]}},{"type":"Feature","geometry":{"type":"Polygon","coordinates":[[[103.766292,1.4350677],[103.7663308,1.4351065],[103.7663979,1.4350406],[103.7664505,1.4349873],[103.7664602,1.4349976],[103.7668789,1.4345908],[103.7669125,1.4345582],[103.7668589,1.434506],[103.7668292,1.4344725],[103.7669823,1.4343239],[103.7670074,1.4343475],[103.7671075,1.4344527],[103.7671989,1.4343638],[103.7673466,1.4345158],[103.7672996,1.4345616],[103.7680548,1.4353385],[103.7680258,1.4353667],[103.7681779,1.4355232],[103.7679281,1.4357658],[103.767895,1.4357317],[103.7677736,1.4358496],[103.7679922,1.4360746],[103.7678958,1.4361683],[103.7679304,1.436206],[103.7679704,1.436245],[103.7679552,1.4362598],[103.7679873,1.4362928],[103.7679432,1.4363358],[103.7679219,1.4363139],[103.7678245,1.4364084],[103.7677805,1.4363636],[103.7673231,1.4358926],[103.7672914,1.4359233],[103.7672769,1.4359084],[103.7665862,1.4351979],[103.7666104,1.4351744],[103.7665651,1.4351277],[103.7665256,1.4351657],[103.7664556,1.4352316],[103.7664858,1.4352619],[103.7663562,1.4353911],[103.7663783,1.4354133],[103.7659514,1.4358391],[103.7659168,1.4358045],[103.7658406,1.4358805],[103.7658757,1.4359156],[103.7655723,1.4362182],[103.7656546,1.4363007],[103.7654233,1.4365315],[103.7646408,1.4357474],[103.7651771,1.4352125],[103.76522,1.4352555],[103.7653019,1.4351738],[103.7652694,1.4351413],[103.7656907,1.4347211],[103.7657125,1.4347429],[103.7658487,1.4346071],[103.7663002,1.4350595],[103.766292,1.4350677]]]},"properties":{"id":"fp-ovt-1b0cf403-1ba6-40","gers":"1b0cf403-1ba6-4074-89a4-ddc27e0644dc","kind":"building","src":"overture","bbox":[103.764641,1.434324,103.768178,1.436532],"m2":40801,"sites":["f057"]}},{"type":"Feature","geometry":{"type":"Polygon","coordinates":[[[-106.6563161,35.2241641],[-106.6555943,35.2266572],[-106.656024,35.2267402],[-106.6561639,35.2262572],[-106.6564733,35.226317],[-106.65652,35.226326],[-106.6571807,35.2264536],[-106.6572413,35.2264653],[-106.6574287,35.2258178],[-106.6571204,35.2257583],[-106.6575149,35.2243957],[-106.6564608,35.2241921],[-106.6563161,35.2241641]]]},"properties":{"id":"fp-ovt-1d64bcb2-56d5-42","gers":"1d64bcb2-56d5-4226-958a-9816e3f04d2b","kind":"building","src":"overture","bbox":[-106.657515,35.224164,-106.655594,35.22674],"m2":30110,"sites":["f030"]}},{"type":"Feature","geometry":{"type":"Polygon","coordinates":[[[103.93424,1.3824031],[103.9341231,1.3821958],[103.9344387,1.3820228],[103.9343909,1.3819424],[103.9343424,1.3818518],[103.9338453,1.3821373],[103.933727,1.3819022],[103.9343795,1.3815264],[103.9341736,1.3811448],[103.9344428,1.3810297],[103.9348163,1.3817066],[103.9356218,1.3831006],[103.9354577,1.3832301],[103.9354134,1.3831624],[103.9353148,1.3832212],[103.9354009,1.3834008],[103.9353025,1.3834562],[103.9352777,1.3834108],[103.9352188,1.3834438],[103.9351478,1.3833115],[103.9350851,1.3833449],[103.9351256,1.3834067],[103.9348912,1.3835392],[103.9347065,1.3832209],[103.9346625,1.3832445],[103.9346101,1.3832763],[103.9346777,1.383395],[103.9342593,1.3836395],[103.9341849,1.3835093],[103.9341517,1.3834513],[103.9336928,1.3826491],[103.934112,1.3824086],[103.9341495,1.3824636],[103.9341881,1.3824337],[103.93424,1.3824031]],[[103.9345168,1.3819716],[103.9347676,1.3818267],[103.9346712,1.38166],[103.9344204,1.3818049],[103.9345168,1.3819716]],[[103.9345083,1.3828753],[103.934273,1.3824692],[103.9341759,1.3825254],[103.9344111,1.3829315],[103.9345083,1.3828753]],[[103.9344449,1.3829938],[103.9345746,1.383219],[103.9346744,1.3831615],[103.9345447,1.3829364],[103.9344449,1.3829938]]]},"properties":{"id":"fp-ovt-1d9b23d2-b935-47","gers":"1d9b23d2-b935-4717-aa43-619f64826403","kind":"building","src":"overture","bbox":[103.933693,1.38103,103.935622,1.383639],"m2":28899,"sites":["f021"]}},{"type":"Feature","geometry":{"type":"Polygon","coordinates":[[[5.4546651,51.4107687],[5.4563506,51.4110588],[5.4562462,51.4112941],[5.4562316,51.4113269],[5.456146,51.4115199],[5.4548843,51.4113018],[5.4548496,51.4112957],[5.454573,51.4112479],[5.4541556,51.4111757],[5.4543586,51.4107159],[5.4546091,51.410759],[5.4546651,51.4107687]],[[5.4547439,51.4108564],[5.454541,51.4108214],[5.4544095,51.4111197],[5.4546124,51.4111547],[5.4547439,51.4108564]],[[5.4556804,51.4112949],[5.4559915,51.4113487],[5.456105,51.4110918],[5.455794,51.4110381],[5.4556804,51.4112949]]]},"properties":{"id":"fp-ovt-1fb010ad-aa45-44","gers":"1fb010ad-aa45-4465-a125-93ec59faab8e","kind":"building","src":"overture","bbox":[5.454156,51.410716,5.456351,51.41152],"m2":6460,"sites":["f151"]}},{"type":"Feature","geometry":{"type":"Polygon","coordinates":[[[-101.8721261,33.6228277],[-101.8721262,33.6228626],[-101.8721587,33.6228625],[-101.8721602,33.6233063],[-101.872125,33.6233064],[-101.8721251,33.6233411],[-101.8722694,33.6233408],[-101.8722693,33.6233173],[-101.8723779,33.623317],[-101.872378,33.6233406],[-101.8724334,33.6233404],[-101.8724334,33.6233218],[-101.8725377,33.6233216],[-101.8725378,33.6233414],[-101.8725985,33.6233413],[-101.8725984,33.6233226],[-101.8726988,33.6233224],[-101.8726989,33.6233454],[-101.8727666,33.6233453],[-101.8727666,33.6233223],[-101.8728648,33.6233222],[-101.8728648,33.6233398],[-101.8728921,33.6233398],[-101.8728922,33.6234315],[-101.872866,33.6234315],[-101.8728661,33.6234528],[-101.8727628,33.6234528],[-101.8727628,33.623434],[-101.8727066,33.623434],[-101.8727066,33.6234569],[-101.8725993,33.6234569],[-101.8725993,33.6234334],[-101.8725396,33.6234334],[-101.8725396,33.6234579],[-101.8724299,33.6234579],[-101.8724299,33.623438],[-101.8723769,33.623438],[-101.8723769,33.6234627],[-101.8722665,33.6234629],[-101.8722665,33.6234356],[-101.8721247,33.6234358],[-101.8721248,33.6234683],[-101.8721564,33.6234683],[-101.8721577,33.6239078],[-101.8721241,33.6239078],[-101.8721242,33.623944],[-101.8722718,33.6239437],[-101.8722717,33.623923],[-101.8723763,33.6239228],[-101.8723764,33.6239427],[-101.8724368,33.6239426],[-101.8724368,33.6239244],[-101.8725418,33.6239243],[-101.8725419,33.623943],[-101.8725994,33.623943],[-101.8725994,33.623923],[-101.8727094,33.623923],[-101.8727094,33.6239416],[-101.8727646,33.6239416],[-101.8727646,33.6239269],[-101.8728627,33.623927],[-101.8728627,33.6239456],[-101.8729231,33.6239458],[-101.8729229,33.6240235],[-101.8730003,33.6240237],[-101.873,33.624107],[-101.8728093,33.6241065],[-101.8728091,33.6241685],[-101.8727794,33.6241684],[-101.8727789,33.6242689],[-101.8727633,33.6242688],[-101.8727631,33.6243058],[-101.8728144,33.624306],[-101.872814,33.6243662],[-101.8728506,33.6243663],[-101.8728506,33.6243619],[-101.8730131,33.6243628],[-101.8730124,33.624459],[-101.8729296,33.6244586],[-101.8729291,33.6245322],[-101.872872,33.6245319],[-101.8728718,33.624555],[-101.8727646,33.6245545],[-101.8727648,33.6245341],[-101.8727074,33.6245338],[-101.8727073,33.6245559],[-101.8725984,33.6245555],[-101.8725985,33.6245357],[-101.872545,33.6245355],[-101.8725449,33.6245562],[-101.8724314,33.6245559],[-101.8724315,33.6245371],[-101.87238,33.6245369],[-101.87238,33.6245576],[-101.8722722,33.6245574],[-101.8722722,33.6245321],[-101.8721259,33.6245318],[-101.8721257,33.6245667],[-101.8721598,33.6245668],[-101.8721586,33.625001],[-101.8721227,33.6250009],[-101.8721225,33.6250438],[-101.8722756,33.6250441],[-101.8722756,33.625025],[-101.872382,33.6250253],[-101.8723819,33.625044],[-101.8724374,33.6250441],[-101.8724375,33.6250229],[-101.8725437,33.6250232],[-101.8725436,33.6250435],[-101.8726027,33.6250437],[-101.8726028,33.6250231],[-101.872711,33.6250234],[-101.8727109,33.6250422],[-101.8727649,33.6250424],[-101.872765,33.6250207],[-101.8728731,33.6250211],[-101.872873,33.6250399],[-101.87293,33.6250401],[-101.8729298,33.6250823],[-101.8728697,33.625082],[-101.8728696,33.6251037],[-101.8727681,33.6251034],[-101.8727682,33.6250846],[-101.8727093,33.6250845],[-101.8727092,33.6251049],[-101.8726049,33.6251046],[-101.8726049,33.6250859],[-101.8725475,33.6250858],[-101.8725474,33.625107],[-101.8724329,33.6251069],[-101.8724329,33.6250895],[-101.8723853,33.6250895],[-101.8723853,33.625108],[-101.872269,33.625108],[-101.8722689,33.6250854],[-101.8721279,33.6250855],[-101.8721279,33.6251214],[-101.8721561,33.6251214],[-101.872157,33.6255551],[-101.8721265,33.6255552],[-101.8721266,33.6255923],[-101.8722737,33.6255921],[-101.8722736,33.6255765],[-101.8723775,33.6255763],[-101.8723776,33.6255945],[-101.872439,33.6255944],[-101.8724389,33.6255728],[-101.872546,33.6255727],[-101.8725461,33.6255912],[-101.8726026,33.6255911],[-101.8726026,33.6255729],[-101.8727092,33.6255728],[-101.8727092,33.6255927],[-101.8727679,33.6255926],[-101.8727679,33.6255744],[-101.8728737,33.6255742],[-101.8728737,33.6255908],[-101.8729322,33.6255907],[-101.8729322,33.6256385],[-101.8727858,33.6256386],[-101.8727858,33.6256316],[-101.8726837,33.6256316],[-101.8726837,33.6256405],[-101.8724875,33.6256406],[-101.8724875,33.6256347],[-101.8723943,33.6256349],[-101.8723944,33.6256457],[-101.8721911,33.6256463],[-101.872191,33.6256346],[-101.8721264,33.6256349],[-101.8721266,33.6256709],[-101.8721386,33.6256708],[-101.8721418,33.6261053],[-101.8721195,33.6261054],[-101.8721197,33.6261473],[-101.8721951,33.6261469],[-101.8721949,33.6261129],[-101.8723866,33.6261121],[-101.8723868,33.6261447],[-101.8724922,33.6261444],[-101.8724921,33.6261163],[-101.8726765,33.6261157],[-101.8726766,33.6261497],[-101.872792,33.6261494],[-101.8727919,33.6261177],[-101.8729279,33.6261175],[-101.8729281,33.6261831],[-101.8728759,33.6261832],[-101.8728759,33.6262037],[-101.8727693,33.6262038],[-101.8727693,33.6261838],[-101.8727104,33.6261838],[-101.8727104,33.6262044],[-101.8726057,33.6262044],[-101.8726058,33.6261817],[-101.8725458,33.6261817],[-101.8725458,33.6262056],[-101.8724374,33.6262055],[-101.8724375,33.6261861],[-101.8723847,33.6261861],[-101.8723847,33.626206],[-101.8722756,33.6262059],[-101.8722756,33.6261881],[-101.8721327,33.626188],[-101.8721327,33.6262187],[-101.8721628,33.6262187],[-101.8721625,33.626659],[-101.87213,33.6266589],[-101.8721299,33.6266931],[-101.8722776,33.6266931],[-101.8722776,33.6266733],[-101.8723861,33.6266733],[-101.8723861,33.6266919],[-101.8724402,33.6266919],[-101.8724402,33.6266744],[-101.872545,33.6266743],[-101.872545,33.6266961],[-101.8726066,33.6266961],[-101.8726066,33.626673],[-101.8727107,33.6266729],[-101.8727107,33.6266936],[-101.8727716,33.6266936],[-101.8727716,33.6266716],[-101.872875,33.6266715],[-101.872875,33.6266933],[-101.8729379,33.6266933],[-101.8729379,33.6266626],[-101.8730802,33.6266625],[-101.8730804,33.6267671],[-101.8731591,33.6267671],[-101.873159,33.6267128],[-101.8731245,33.6267128],[-101.8731244,33.6266589],[-101.8732695,33.6266588],[-101.8732696,33.6267824],[-101.873445,33.6267823],[-101.8734451,33.6268821],[-101.8735156,33.6268821],[-101.8735156,33.6268933],[-101.8737257,33.6268931],[-101.8737256,33.6268819],[-101.8738302,33.6268817],[-101.87383,33.6267705],[-101.8748066,33.6267693],[-101.8748067,33.6267959],[-101.8749588,33.6267957],[-101.8749586,33.6267296],[-101.8749232,33.6267297],[-101.874923,33.6266733],[-101.8750891,33.626673],[-101.8750886,33.6265012],[-101.8749218,33.6265016],[-101.874921,33.6262505],[-101.875006,33.6262503],[-101.8750056,33.626126],[-101.8749487,33.6261261],[-101.8749486,33.6261001],[-101.8742369,33.6261021],[-101.8742364,33.6259944],[-101.8737618,33.6259957],[-101.8737618,33.6259804],[-101.8737302,33.6259805],[-101.8737293,33.6257748],[-101.8736095,33.6257751],[-101.873609,33.6256655],[-101.8736356,33.6256654],[-101.8736352,33.6255624],[-101.8737756,33.625562],[-101.8737741,33.6252013],[-101.8738016,33.6252012],[-101.8738015,33.6251668],[-101.8737135,33.625167],[-101.8737136,33.6251875],[-101.8732519,33.6251886],[-101.8732518,33.6251678],[-101.8731677,33.625168],[-101.8731678,33.6251865],[-101.873083,33.6251867],[-101.8730801,33.6242342],[-101.8731192,33.6242341],[-101.8731193,33.6242439],[-101.8731419,33.6242439],[-101.8731419,33.6242356],[-101.8731657,33.6242356],[-101.8731654,33.6241828],[-101.8731773,33.6241828],[-101.8731772,33.62416],[-101.8732215,33.6241598],[-101.8732214,33.6241416],[-101.8733268,33.6241411],[-101.8733269,33.6241621],[-101.8733933,33.6241619],[-101.8733932,33.6241444],[-101.8734908,33.624144],[-101.8734909,33.6241625],[-101.8735612,33.6241622],[-101.8735607,33.6240389],[-101.8736507,33.6240387],[-101.8736508,33.6240572],[-101.8737134,33.624057],[-101.8737134,33.6240325],[-101.8738185,33.6240324],[-101.8738185,33.6240546],[-101.873972,33.6240546],[-101.873972,33.6240229],[-101.8739943,33.6240229],[-101.8739946,33.623856],[-101.8743304,33.6238564],[-101.8743301,33.6240451],[-101.8745432,33.6240453],[-101.8745433,33.6239961],[-101.8746011,33.6239962],[-101.8746011,33.6239715],[-101.8748246,33.6239719],[-101.8748245,33.6240009],[-101.8748817,33.624001],[-101.8748819,33.6239222],[-101.8748307,33.6239221],[-101.8748309,33.623857],[-101.8748848,33.6238571],[-101.8748851,33.6237446],[-101.8749274,33.6237447],[-101.874928,33.6235453],[-101.8748796,33.6235452],[-101.8748798,33.6234766],[-101.8748246,33.6234764],[-101.8748245,33.6235046],[-101.8744982,33.6235039],[-101.8744983,33.6234798],[-101.8743981,33.6234796],[-101.874398,33.6235205],[-101.8743326,33.6235204],[-101.874332,33.6237454],[-101.8742125,33.6237452],[-101.8742127,33.6236807],[-101.8742856,33.6236808],[-101.8742861,33.6234111],[-101.8742166,33.623411],[-101.8742167,33.6233395],[-101.8741123,33.6233394],[-101.8741122,33.6234102],[-101.8740718,33.6234102],[-101.8740717,33.623744],[-101.873989,33.623744],[-101.8739889,33.6235785],[-101.8739611,33.6235785],[-101.873961,33.6235162],[-101.8739341,33.6235162],[-101.873934,33.6234012],[-101.8738176,33.6234013],[-101.8738176,33.6234167],[-101.8737108,33.6234168],[-101.8737109,33.6235373],[-101.8736544,33.6235374],[-101.8736545,33.6235628],[-101.873553,33.6235628],[-101.873553,33.623542],[-101.8734874,33.6235421],[-101.8734874,33.6235638],[-101.8733887,33.6235639],[-101.8733886,33.6235413],[-101.8733256,33.6235413],[-101.8733257,33.6235631],[-101.8732221,33.6235632],[-101.8732221,33.6235432],[-101.873168,33.6235433],[-101.8731681,33.6235705],[-101.8731065,33.6235706],[-101.8731064,33.6235136],[-101.87314,33.6235135],[-101.8731395,33.6232956],[-101.8731591,33.6232956],[-101.8731588,33.6231985],[-101.873077,33.6231987],[-101.8730759,33.6228611],[-101.8729781,33.6228613],[-101.8729781,33.6228465],[-101.872922,33.6228467],[-101.8729219,33.6228241],[-101.8728673,33.6228242],[-101.8728674,33.6228469],[-101.8727608,33.6228472],[-101.8727607,33.6228258],[-101.8727002,33.6228259],[-101.8727003,33.6228486],[-101.8725939,33.6228489],[-101.8725938,33.6228275],[-101.8725346,33.6228277],[-101.8725347,33.6228471],[-101.8724308,33.6228474],[-101.8724307,33.6228258],[-101.8723715,33.622826],[-101.8723716,33.6228487],[-101.8722664,33.6228489],[-101.8722663,33.6228274],[-101.8721261,33.6228277]]]},"properties":{"id":"fp-ovt-23328aa2-c316-4c","gers":"23328aa2-c316-4c79-828a-5172e0130f0b","kind":"building","src":"overture","bbox":[-101.875089,33.622824,-101.872119,33.626893],"m2":59693,"sites":["f166"]}},{"type":"Feature","geometry":{"type":"Polygon","coordinates":[[[139.8109681,38.8827709],[139.811708,38.8826717],[139.8118976,38.8834917],[139.81193,38.8836317],[139.8118099,38.8836386],[139.811708,38.8836445],[139.8117162,38.8837309],[139.8110914,38.8838077],[139.8110791,38.8837245],[139.8111613,38.8837181],[139.8110914,38.8833501],[139.810964,38.8833629],[139.8108982,38.8829629],[139.811001,38.8829373],[139.8109681,38.8827709]]]},"properties":{"id":"fp-ovt-241825ed-8e6a-40","gers":"241825ed-8e6a-4002-b16b-b900a974c953","kind":"building","src":"overture","bbox":[139.810898,38.882672,139.81193,38.883808],"m2":8037,"sites":["f190"]}},{"type":"Feature","geometry":{"type":"Polygon","coordinates":[[[121.0202542,24.7636841],[121.0201732,24.7636952],[121.0201562,24.7636447],[121.0200835,24.7636521],[121.0200124,24.7635981],[121.0199811,24.7633328],[121.0201092,24.7633139],[121.0200791,24.7630806],[121.0209811,24.7630245],[121.0210787,24.7635441],[121.0208371,24.7635811],[121.0208705,24.7638301],[121.0203829,24.7638692],[121.0203668,24.76384],[121.0203049,24.7638472],[121.0202542,24.7636841]]]},"properties":{"id":"fp-ovt-2510f244-5820-4c","gers":"2510f244-5820-4cb8-a264-a8e62956e2dc","kind":"building","src":"overture","bbox":[121.019981,24.763025,121.021079,24.763869],"m2":7812,"sites":["f090"]}},{"type":"Feature","geometry":{"type":"Polygon","coordinates":[[[108.7951085,34.1086308],[108.7951037,34.1037414],[108.7972516,34.1037437],[108.7972289,34.1086392],[108.7951085,34.1086308]]]},"properties":{"id":"fp-ovt-2939ca9e-b924-40","gers":"2939ca9e-b924-4040-89dc-97e8870f33e4","kind":"building","src":"overture","bbox":[108.795104,34.103741,108.797252,34.108639],"m2":107134,"sites":["f042"]}},{"type":"Feature","geometry":{"type":"Polygon","coordinates":[[[136.6133809,35.0185271],[136.6133344,35.0185817],[136.6133444,35.0185875],[136.6128823,35.019128],[136.6128722,35.0191222],[136.6127781,35.0192323],[136.6103518,35.0178285],[136.6102935,35.0177947],[136.6101328,35.0177017],[136.6099144,35.0175755],[136.6097576,35.0174847],[136.6098507,35.0173758],[136.6098403,35.0173698],[136.6103023,35.0168294],[136.6103127,35.0168354],[136.6103679,35.0167709],[136.6103932,35.0167412],[136.610438,35.0166889],[136.6104994,35.0167243],[136.6105478,35.0167524],[136.6107067,35.0168444],[136.6107278,35.0168198],[136.6107905,35.016856],[136.6107694,35.0168807],[136.6108137,35.0169062],[136.6108348,35.0168816],[136.6108683,35.0169009],[136.6109562,35.0169518],[136.6110038,35.0169794],[136.6109827,35.017004],[136.6110309,35.0170319],[136.6110524,35.0170067],[136.6111656,35.0170722],[136.611144,35.0170974],[136.6111933,35.0171259],[136.6112455,35.0171561],[136.6112657,35.0171325],[136.6113805,35.0171989],[136.6113603,35.0172225],[136.6116226,35.0173743],[136.6117339,35.0174387],[136.6120062,35.0175962],[136.6120521,35.0176228],[136.6122683,35.0177479],[136.6123266,35.0177817],[136.612537,35.0179034],[136.6125588,35.0178781],[136.6126732,35.0179443],[136.6126516,35.0179697],[136.6126955,35.0179951],[136.6127176,35.0179694],[136.6128326,35.0180359],[136.6128105,35.0180616],[136.6128597,35.0180901],[136.6129185,35.0181241],[136.6129668,35.0181521],[136.6129886,35.0181266],[136.6131036,35.0181931],[136.6130818,35.0182186],[136.6131262,35.0182442],[136.6131482,35.0182184],[136.6132639,35.0182853],[136.6132418,35.0183111],[136.6134584,35.0184365],[136.6133809,35.0185271]]]},"properties":{"id":"fp-ovt-297ecef4-cc63-47","gers":"297ecef4-cc63-4797-a9a1-64b10a25e305","kind":"building","src":"overture","bbox":[136.609758,35.016689,136.613458,35.019232],"m2":36980,"sites":["f053"]}},{"type":"Feature","geometry":{"type":"Polygon","coordinates":[[[13.8579813,46.5959827],[13.857597,46.595697],[13.8576545,46.5956605],[13.8580358,46.595944],[13.8579813,46.5959827]]]},"properties":{"id":"fp-ovt-2996e7c6-d85e-43","gers":"2996e7c6-d85e-43dd-9076-6a262e7e1224","kind":"building","src":"overture","bbox":[13.857597,46.595661,13.858036,46.595983],"m2":258,"sites":["f006"]}},{"type":"Feature","geometry":{"type":"Polygon","coordinates":[[[121.6025352,31.2183601],[121.6025591,31.2183664],[121.6025291,31.218452],[121.6025062,31.2184447],[121.6025352,31.2183601]]]},"properties":{"id":"fp-ovt-2a9ba757-a96a-4d","gers":"2a9ba757-a96a-4d19-ba4b-b3111e54014a","kind":"building","src":"overture","bbox":[121.602506,31.21836,121.602559,31.218452],"m2":23,"sites":["f061"]}},{"type":"Feature","geometry":{"type":"Polygon","coordinates":[[[118.3669621,24.6363048],[118.3669353,24.6363048],[118.3669353,24.6362804],[118.3669406,24.6362756],[118.3669567,24.6362756],[118.3669621,24.6362707],[118.3669728,24.6362707],[118.3669728,24.6362951],[118.3669621,24.6363048]]]},"properties":{"id":"fp-ovt-2acc0354-cccc-44","gers":"2acc0354-cccc-4407-96d7-fb6f5b00e445","kind":"building","src":"overture","bbox":[118.366935,24.636271,118.366973,24.636305],"m2":12,"sites":["f214"]}},{"type":"Feature","geometry":{"type":"Polygon","coordinates":[[[-70.3250048,43.6408823],[-70.3248792,43.6409598],[-70.3253333,43.641326],[-70.3252342,43.6413965],[-70.3249936,43.6412108],[-70.3248715,43.6412953],[-70.3252041,43.6415296],[-70.3251723,43.6415553],[-70.3252678,43.6416295],[-70.3253475,43.6415796],[-70.3253404,43.6415591],[-70.3253085,43.6415361],[-70.3254678,43.6414298],[-70.3255227,43.6414746],[-70.3254749,43.6415104],[-70.3257669,43.6417486],[-70.3257138,43.6417794],[-70.325873,43.6418921],[-70.3267313,43.6413132],[-70.3266198,43.6412261],[-70.3266959,43.6411826],[-70.3259792,43.6405961],[-70.3260005,43.6405769],[-70.3257651,43.6403937],[-70.3259014,43.6403003],[-70.3257527,43.6401901],[-70.3257032,43.640217],[-70.3254784,43.6400556],[-70.325459,43.6400672],[-70.3254289,43.6400492],[-70.3253669,43.6400915],[-70.3253811,43.640112],[-70.3252785,43.6401863],[-70.3252218,43.6401491],[-70.3251263,43.6402196],[-70.325167,43.6402554],[-70.325059,43.6403297],[-70.3250307,43.6403131],[-70.3249688,43.6403579],[-70.3249936,43.6403797],[-70.3247741,43.6405282],[-70.3248343,43.6405666],[-70.3247511,43.6406294],[-70.3247759,43.6406345],[-70.3247529,43.6406639],[-70.3240858,43.6406665],[-70.3240238,43.6406486],[-70.3239265,43.6405846],[-70.3236062,43.6408099],[-70.3237124,43.6408868],[-70.3236734,43.6409137],[-70.3235053,43.6407907],[-70.3235531,43.6407613],[-70.3235213,43.6407382],[-70.3237159,43.6406089],[-70.3236734,43.6405743],[-70.3238699,43.6404424],[-70.3238504,43.6404232],[-70.3239867,43.6403297],[-70.3238999,43.640258],[-70.3237566,43.6403425],[-70.3234522,43.6401005],[-70.3233921,43.6400467],[-70.3220755,43.6409201],[-70.3228506,43.6415425],[-70.3229355,43.6415591],[-70.3229568,43.6415873],[-70.3229798,43.6415924],[-70.3230028,43.6415962],[-70.3230364,43.6415924],[-70.3230594,43.6415668],[-70.3231603,43.641545],[-70.3232253,43.6416131],[-70.3232934,43.6416845],[-70.3234292,43.6418267],[-70.3234045,43.6418536],[-70.3233124,43.6417858],[-70.3228262,43.6421126],[-70.3227886,43.6421379],[-70.3224276,43.6421277],[-70.3219675,43.6424299],[-70.3226612,43.6429844],[-70.3227179,43.6429498],[-70.322893,43.6430868],[-70.3229568,43.6430932],[-70.3230293,43.6431483],[-70.3241813,43.6423889],[-70.3235478,43.641878],[-70.3235743,43.6418613],[-70.3234894,43.6417999],[-70.3233719,43.641678],[-70.3232737,43.6415762],[-70.3232116,43.6415117],[-70.323769,43.6411442],[-70.3242804,43.6415476],[-70.3246308,43.6413158],[-70.3245989,43.6412927],[-70.3246173,43.6412825],[-70.3245788,43.6412547],[-70.3244741,43.641321],[-70.3244286,43.6412898],[-70.3244047,43.6413043],[-70.3241398,43.641093],[-70.3243793,43.6409314],[-70.3241097,43.6407246],[-70.3247752,43.6407151],[-70.3250048,43.6408823]]]},"properties":{"id":"fp-ovt-2bf99bde-d3d5-41","gers":"2bf99bde-d3d5-416e-b871-ae4a90595897","kind":"building","src":"overture","bbox":[-70.326731,43.640047,-70.321967,43.643148],"m2":48842,"sites":["f132","f146"]}},{"type":"Feature","geometry":{"type":"Polygon","coordinates":[[[118.5350251,31.9760101],[118.5348935,31.976415],[118.5346429,31.9767772],[118.5342903,31.977072],[118.5338598,31.9772794],[118.5333807,31.9773852],[118.5328856,31.9773822],[118.5324083,31.9772706],[118.5319813,31.9770581],[118.5316337,31.976759],[118.5313893,31.9763938],[118.5312645,31.9759874],[118.5312681,31.9755674],[118.5313996,31.9751625],[118.5316502,31.9748003],[118.5320028,31.9745055],[118.5324333,31.9742981],[118.5329124,31.9741923],[118.5334075,31.9741953],[118.5338848,31.9743069],[118.5343118,31.9745194],[118.5346594,31.9748185],[118.5349039,31.9751837],[118.5350286,31.9755902],[118.5350251,31.9760101]]]},"properties":{"id":"fp-ovt-2d7bcf0d-e565-4e","gers":"2d7bcf0d-e565-4e95-a3a7-c284d7f01517","kind":"building","src":"overture","bbox":[118.531265,31.974192,118.535029,31.977385],"m2":99613,"sites":["f020"]}},{"type":"Feature","geometry":{"type":"Polygon","coordinates":[[[121.0108528,24.7759429],[121.0102772,24.7761735],[121.0100599,24.7757264],[121.0106355,24.7754958],[121.0108528,24.7759429]]]},"properties":{"id":"fp-ovt-306c37b6-3686-47","gers":"306c37b6-3686-4746-a6b5-b9bd818f910d","kind":"building","src":"overture","bbox":[121.01006,24.775496,121.010853,24.776173],"m2":3459,"sites":["f149"]}},{"type":"Feature","geometry":{"type":"Polygon","coordinates":[[[-2.107783,51.4683486],[-2.1077144,51.468431],[-2.1074012,51.4683298],[-2.1072237,51.4685429],[-2.1084483,51.4689387],[-2.108619,51.4689938],[-2.1088874,51.4686716],[-2.1089435,51.4686897],[-2.1091053,51.4684954],[-2.1090591,51.4684805],[-2.1093336,51.4681509],[-2.1091671,51.4680971],[-2.1088696,51.4684543],[-2.1087248,51.4684075],[-2.1090228,51.4680496],[-2.1085607,51.4679003],[-2.1085986,51.4678547],[-2.1083529,51.4677753],[-2.108318,51.4678172],[-2.1082438,51.4677932],[-2.1078553,51.4682598],[-2.1077931,51.4682396],[-2.1077194,51.4683281],[-2.107783,51.4683486]],[[-2.1083453,51.4688412],[-2.1086731,51.4684566],[-2.1088182,51.4685046],[-2.1084904,51.4688892],[-2.1083453,51.4688412]]]},"properties":{"id":"fp-ovt-30746058-7434-44","gers":"30746058-7434-4480-be4a-6b0a7fe428e9","kind":"building","src":"overture","bbox":[-2.109334,51.467775,-2.107224,51.468994],"m2":8883,"sites":["f168"]}},{"type":"Feature","geometry":{"type":"Polygon","coordinates":[[[121.375471,25.0435238],[121.3747413,25.0436785],[121.3746004,25.0431329],[121.3753302,25.0429783],[121.375471,25.0435238]]]},"properties":{"id":"fp-ovt-31d78a5c-179b-40","gers":"31d78a5c-179b-40c1-af84-d6d5361857e1","kind":"building","src":"overture","bbox":[121.3746,25.042978,121.375471,25.043678],"m2":4714,"sites":["f105"]}},{"type":"Feature","geometry":{"type":"Polygon","coordinates":[[[-122.916884,45.5418944],[-122.9171759,45.5418047],[-122.9173043,45.5419131],[-122.9170631,45.5420532],[-122.9172143,45.5422919],[-122.9173295,45.5422563],[-122.9173703,45.5423212],[-122.9171879,45.5423776],[-122.9171254,45.5423969],[-122.9168876,45.5424703],[-122.9169409,45.5425549],[-122.9172412,45.5424622],[-122.917419,45.5424072],[-122.9175198,45.5425672],[-122.9173418,45.5426222],[-122.916638,45.5428396],[-122.9167057,45.5429471],[-122.9174094,45.5427297],[-122.9175759,45.5426782],[-122.9179432,45.5432615],[-122.9177764,45.543313],[-122.917073,45.5435303],[-122.917146,45.5436463],[-122.9178494,45.543429],[-122.9179267,45.5434051],[-122.9180665,45.5436272],[-122.9182182,45.5435803],[-122.9182258,45.5435924],[-122.9183338,45.5435591],[-122.9184939,45.5438133],[-122.9183579,45.5438554],[-122.9184333,45.5439751],[-122.9187389,45.5438807],[-122.9187086,45.5438326],[-122.91874,45.5438229],[-122.9187177,45.5437874],[-122.9187697,45.5437714],[-122.9187467,45.5437349],[-122.9191841,45.5435997],[-122.9192413,45.5436905],[-122.9194496,45.5436261],[-122.9193941,45.543538],[-122.9193525,45.5435508],[-122.9193024,45.5434714],[-122.9191361,45.5435227],[-122.9191177,45.5434935],[-122.9200655,45.5432007],[-122.9199894,45.54308],[-122.9204111,45.5429497],[-122.9205468,45.5431653],[-122.9211503,45.5429789],[-122.9210932,45.5428882],[-122.922137,45.5425657],[-122.9220692,45.5424581],[-122.9223305,45.5423774],[-122.9214623,45.5409986],[-122.9212959,45.5407345],[-122.9209407,45.5408442],[-122.9211068,45.541108],[-122.9192272,45.5416886],[-122.9191758,45.541607],[-122.9193553,45.5415516],[-122.9190677,45.5410948],[-122.9175355,45.5415681],[-122.9174048,45.5416085],[-122.9171957,45.5416731],[-122.917221,45.5417132],[-122.9171212,45.541744],[-122.9171433,45.5417791],[-122.9168654,45.5418649],[-122.9167601,45.5418974],[-122.9167785,45.5419268],[-122.916884,45.5418944]]]},"properties":{"id":"fp-ovt-324ea0be-b38f-4d","gers":"324ea0be-b38f-4dbf-aefc-a3363462d667","kind":"building","src":"overture","bbox":[-122.922331,45.540734,-122.916638,45.543975],"m2":79728,"sites":["f026"]}},{"type":"Feature","geometry":{"type":"Polygon","coordinates":[[[110.4137223,1.5208897],[110.413745,1.5208556],[110.4137899,1.5208857],[110.4137672,1.5209199],[110.4137223,1.5208897]]]},"properties":{"id":"fp-ovt-32a5615f-53f0-49","gers":"32a5615f-53f0-4915-b9e5-b846c430dcfd","kind":"building","src":"overture","bbox":[110.413722,1.520856,110.41379,1.52092],"m2":27,"sites":["f165"]}},{"type":"Feature","geometry":{"type":"Polygon","coordinates":[[[120.276645,23.1132102],[120.2762715,23.1130792],[120.2763005,23.1130083],[120.2766741,23.1131394],[120.2766632,23.1131659],[120.276826,23.113223],[120.2768441,23.1131787],[120.2772847,23.1133333],[120.2771649,23.1136256],[120.2771266,23.1136122],[120.2769159,23.114126],[120.2766861,23.1140454],[120.2766679,23.1140897],[120.2765242,23.1140393],[120.2765097,23.1140748],[120.2760691,23.1139202],[120.2761708,23.1136722],[120.2766976,23.1138569],[120.2767557,23.1137152],[120.2762864,23.1135506],[120.2762755,23.1135772],[120.2763521,23.113604],[120.2763376,23.1136395],[120.2762131,23.1135958],[120.2762494,23.1135072],[120.2761249,23.1134635],[120.2762629,23.1131269],[120.2766268,23.1132545],[120.276645,23.1132102]]]},"properties":{"id":"fp-ovt-34259f9a-fd32-4d","gers":"34259f9a-fd32-4dfb-b59d-cf7e47edf6b7","kind":"building","src":"overture","bbox":[120.276069,23.113008,120.277285,23.114126],"m2":8665,"sites":["f160"]}},{"type":"Feature","geometry":{"type":"Polygon","coordinates":[[[121.0219394,24.7634751],[121.0227208,24.7643224],[121.0224686,24.764517],[121.0224439,24.7644929],[121.0224136,24.7645135],[121.0220703,24.7641484],[121.0221007,24.7641226],[121.0220722,24.7640899],[121.02204,24.7641105],[121.0216872,24.7637351],[121.0217289,24.763711],[121.0216853,24.7636593],[121.0219394,24.7634751]]]},"properties":{"id":"fp-ovt-3445992a-3792-46","gers":"3445992a-3792-46e8-91cf-59572e4c429d","kind":"building","src":"overture","bbox":[121.021685,24.763475,121.022721,24.764517],"m2":4602,"sites":["f154"]}},{"type":"Feature","geometry":{"type":"Polygon","coordinates":[[[11.7735558,48.3968523],[11.7734883,48.3972343],[11.7728842,48.3971873],[11.7729516,48.3968053],[11.7735558,48.3968523]]]},"properties":{"id":"fp-ovt-35c631c8-387b-42","gers":"35c631c8-387b-42a9-8f4a-140adf7524a6","kind":"building","src":"overture","bbox":[11.772884,48.396805,11.773556,48.397234],"m2":1925,"sites":["f136"]}},{"type":"Feature","geometry":{"type":"Polygon","coordinates":[[[82.9042714,55.0692162],[82.9037594,55.0690124],[82.9039437,55.0688606],[82.9041229,55.0689319],[82.9040714,55.0689743],[82.9041009,55.068986],[82.9042871,55.0690602],[82.9044043,55.0691068],[82.9042714,55.0692162]]]},"properties":{"id":"fp-ovt-36f342a5-d870-42","gers":"36f342a5-d870-4277-8997-0fe5972f3079","kind":"building","src":"overture","bbox":[82.903759,55.068861,82.904404,55.069216],"m2":670,"sites":["f202"]}},{"type":"Feature","geometry":{"type":"Polygon","coordinates":[[[113.5082914,23.3868299],[113.508215,23.3867805],[113.5082686,23.3867099],[113.5082176,23.386677],[113.5082653,23.3866143],[113.5082228,23.3865868],[113.5082526,23.3865476],[113.50883,23.3869213],[113.5087824,23.386984],[113.5083748,23.3867202],[113.5082914,23.3868299]]]},"properties":{"id":"fp-ovt-37f3ce02-ed70-42","gers":"37f3ce02-ed70-423f-806c-940a9109d074","kind":"building","src":"overture","bbox":[113.508215,23.386548,113.50883,23.386984],"m2":773,"sites":["f069"]}},{"type":"Feature","geometry":{"type":"Polygon","coordinates":[[[-73.7557223,42.9721045],[-73.7576155,42.9720022],[-73.7573647,42.9695173],[-73.7572984,42.969521],[-73.7572786,42.9693276],[-73.7573613,42.969323],[-73.757349,42.9692038],[-73.7574707,42.969197],[-73.7574482,42.9689819],[-73.7567833,42.9690192],[-73.7566608,42.969026],[-73.7555405,42.9690888],[-73.7555326,42.9690136],[-73.7549585,42.9688662],[-73.7549757,42.9690458],[-73.7547442,42.9690576],[-73.7547739,42.9693682],[-73.7549364,42.9694754],[-73.7554542,42.9694474],[-73.7554578,42.969483],[-73.7557223,42.9721045]]]},"properties":{"id":"fp-ovt-3b6d872d-1c1c-44","gers":"3b6d872d-1c1c-44fa-8b5f-d36f6250bcb2","kind":"building","src":"overture","bbox":[-73.757615,42.968866,-73.754744,42.972105],"m2":55188,"sites":["f055"]}},{"type":"Feature","geometry":{"type":"Polygon","coordinates":[[[-6.5229479,53.3758938],[-6.5212937,53.3754167],[-6.5211406,53.3756146],[-6.5227943,53.3760856],[-6.5229479,53.3758938]]]},"properties":{"id":"fp-ovt-3bfdd033-c508-42","gers":"3bfdd033-c508-4238-a261-fada8ea09a6e","kind":"building","src":"overture","bbox":[-6.522948,53.375417,-6.521141,53.376086],"m2":2920,"sites":["f028"]}},{"type":"Feature","geometry":{"type":"Polygon","coordinates":[[[120.6195583,24.2145687],[120.6195079,24.2145866],[120.6190593,24.213536],[120.6191227,24.2135134],[120.6190632,24.213374],[120.618957,24.2131251],[120.6184509,24.2119398],[120.6195707,24.2115422],[120.6197004,24.2118458],[120.6199804,24.2117464],[120.6205174,24.213004],[120.6202307,24.2131058],[120.6207059,24.214219],[120.6204256,24.2143185],[120.6204411,24.2143549],[120.6203323,24.2143935],[120.6202986,24.2143146],[120.6199103,24.2144525],[120.6199401,24.2145225],[120.6198304,24.2145614],[120.6198139,24.2145228],[120.6195749,24.2146076],[120.6195583,24.2145687]]]},"properties":{"id":"fp-ovt-3c350c92-7ce4-43","gers":"3c350c92-7ce4-43a5-8105-a3a274ebe8ab","kind":"building","src":"overture","bbox":[120.618451,24.211542,120.620706,24.214608],"m2":44184,"sites":["f110"]}},{"type":"Feature","geometry":{"type":"Polygon","coordinates":[[[120.2785714,23.0958294],[120.2785772,23.0959097],[120.2785483,23.0959115],[120.2785425,23.0958312],[120.2785714,23.0958294]]]},"properties":{"id":"fp-ovt-3cf92fb0-750d-4f","gers":"3cf92fb0-750d-4f4b-9df8-58f5ec5f2e45","kind":"building","src":"overture","bbox":[120.278543,23.095829,120.278577,23.095911],"m2":27,"sites":["f022"]}},{"type":"Feature","geometry":{"type":"Polygon","coordinates":[[[-3.0228746,51.5650166],[-3.022969,51.5650349],[-3.0230544,51.5650094],[-3.0231402,51.5650467],[-3.0227979,51.5653623],[-3.0232734,51.5655504],[-3.0235584,51.5652679],[-3.0241147,51.5654877],[-3.024874,51.5647586],[-3.0241191,51.5644495],[-3.0240574,51.5645112],[-3.0237983,51.5644047],[-3.0232801,51.5649189],[-3.0232432,51.5649027],[-3.0232026,51.5648764],[-3.0231672,51.5648084],[-3.0231016,51.5647804],[-3.0230154,51.5647643],[-3.0229069,51.5647693],[-3.0228348,51.5648033],[-3.0227842,51.564858],[-3.0227728,51.5649261],[-3.0228079,51.5649783],[-3.0228746,51.5650166]]]},"properties":{"id":"fp-ovt-3cfb991a-28f4-49","gers":"3cfb991a-28f4-49f8-9e13-a6579a2a4a19","kind":"building","src":"overture","bbox":[-3.024874,51.564405,-3.022773,51.56555],"m2":10136,"sites":["f152"]}},{"type":"Feature","geometry":{"type":"Polygon","coordinates":[[[37.2144099,55.9816047],[37.2142669,55.9816225],[37.2142233,55.9815121],[37.2142017,55.9814581],[37.2158732,55.9812487],[37.215836,55.9811558],[37.2168081,55.981034],[37.2173398,55.9823621],[37.2171002,55.9823921],[37.2173459,55.9830059],[37.2147341,55.9833332],[37.2145606,55.9828726],[37.2149032,55.9828301],[37.2144099,55.9816047]]]},"properties":{"id":"fp-ovt-3d1fd3b3-b22b-4b","gers":"3d1fd3b3-b22b-4b83-abc4-9155facd58a5","kind":"building","src":"overture","bbox":[37.214202,55.981034,37.217346,55.983333],"m2":34570,"sites":["f187"]}},{"type":"Feature","geometry":{"type":"Polygon","coordinates":[[[7.8580156,48.0314109],[7.8578386,48.0316171],[7.8575495,48.0315062],[7.8574921,48.0315473],[7.8574861,48.031545],[7.8574668,48.0315675],[7.8574234,48.0315508],[7.8574417,48.0315294],[7.8574313,48.0315253],[7.85749,48.0314833],[7.8572522,48.0313921],[7.8571934,48.0314606],[7.8571867,48.031458],[7.8571609,48.031488],[7.8571112,48.0314689],[7.8571604,48.0314116],[7.8571958,48.0313704],[7.8569453,48.0312743],[7.8571224,48.031068],[7.8580156,48.0314109]]]},"properties":{"id":"fp-ovt-3efc8b88-4cd3-47","gers":"3efc8b88-4cd3-4782-bc3d-64d1abe8aec7","kind":"building","src":"overture","bbox":[7.856945,48.031068,7.858016,48.031617],"m2":2131,"sites":["f094"]}},{"type":"Feature","geometry":{"type":"Polygon","coordinates":[[[-122.8225673,45.5029735],[-122.8225437,45.5029674],[-122.8224355,45.5031614],[-122.8224577,45.5031672],[-122.8224551,45.5031773],[-122.8225273,45.503196],[-122.8225289,45.5031899],[-122.8225802,45.5032031],[-122.8225788,45.5032088],[-122.8226486,45.5032268],[-122.8226515,45.5032155],[-122.8226716,45.5032199],[-122.8226852,45.5031986],[-122.8226906,45.5032015],[-122.8227726,45.5030512],[-122.822761,45.5030482],[-122.8227726,45.503027],[-122.8227531,45.503022],[-122.8227579,45.503013],[-122.822572,45.5029649],[-122.8225673,45.5029735]]]},"properties":{"id":"fp-ovt-3f314e29-f225-4b","gers":"3f314e29-f225-4b3e-8a95-59321f800646","kind":"building","src":"overture","bbox":[-122.822773,45.502965,-122.822435,45.503227],"m2":492,"sites":["f040"]}},{"type":"Feature","geometry":{"type":"Polygon","coordinates":[[[2.211036,48.687359],[2.211097,48.687768],[2.2104728,48.6878088],[2.210415,48.6874008],[2.211036,48.687359]]]},"properties":{"id":"fp-ovt-415b5ad5-9e62-45","gers":"415b5ad5-9e62-45d5-a3eb-357105f98232","kind":"building","src":"overture","bbox":[2.210415,48.687359,2.211097,48.687809],"m2":2101,"sites":["f180"]}},{"type":"Feature","geometry":{"type":"Polygon","coordinates":[[[120.9969448,24.7781938],[120.9960165,24.7790289],[120.9952355,24.7783132],[120.996159,24.7774825],[120.9963102,24.777621],[120.9967621,24.7780265],[120.9969448,24.7781938]]]},"properties":{"id":"fp-ovt-4286383a-86db-4b","gers":"4286383a-86db-4bdb-9899-79fe1f4230df","kind":"building","src":"overture","bbox":[120.995236,24.777483,120.996945,24.779029],"m2":14776,"sites":["f207"]}},{"type":"Feature","geometry":{"type":"Polygon","coordinates":[[[121.6188648,31.2488465],[121.618849,31.2489112],[121.6187414,31.2488918],[121.6187572,31.2488271],[121.6188648,31.2488465]]]},"properties":{"id":"fp-ovt-42a8cc72-cbe8-41","gers":"42a8cc72-cbe8-417e-a72a-faef8b34c816","kind":"building","src":"overture","bbox":[121.618741,31.248827,121.618865,31.248911],"m2":77,"sites":["f192"]}},{"type":"Feature","geometry":{"type":"Polygon","coordinates":[[[112.8047024,28.2316308],[112.8047851,28.2315708],[112.8048917,28.2316859],[112.804809,28.231746],[112.8047024,28.2316308]]]},"properties":{"id":"fp-ovt-43446b97-013a-45","gers":"43446b97-013a-4563-9400-5e807bc128f1","kind":"building","src":"overture","bbox":[112.804702,28.231571,112.804892,28.231746],"m2":174,"sites":["f195"]}},{"type":"Feature","geometry":{"type":"Polygon","coordinates":[[[120.9994722,24.7728989],[120.998395,24.7737136],[120.9979088,24.7731836],[120.998986,24.7723689],[120.9994722,24.7728989]]]},"properties":{"id":"fp-ovt-44258519-c12d-43","gers":"44258519-c12d-439a-a734-cebfabb871ca","kind":"building","src":"overture","bbox":[120.997909,24.772369,120.999472,24.773714],"m2":10881,"sites":["f084"]}},{"type":"Feature","geometry":{"type":"Polygon","coordinates":[[[130.8417592,32.8865006],[130.8421227,32.8848355],[130.8444053,32.8851868],[130.8440418,32.886852],[130.8417592,32.8865006]]]},"properties":{"id":"fp-ovt-4435d58b-059d-42","gers":"4435d58b-059d-422f-a202-3529b4ac32ad","kind":"building","src":"overture","bbox":[130.841759,32.884836,130.844405,32.886852],"m2":40882,"sites":["f018"]}},{"type":"Feature","geometry":{"type":"Polygon","coordinates":[[[120.7543587,24.4638074],[120.7543322,24.4658946],[120.7531518,24.4658822],[120.7531784,24.463795],[120.7543587,24.4638074]]]},"properties":{"id":"fp-ovt-44362fb2-1c6e-46","gers":"44362fb2-1c6e-46ad-9f73-a3cbd2649002","kind":"building","src":"overture","bbox":[120.753152,24.463795,120.754359,24.465895],"m2":27792,"sites":["f003"]}},{"type":"Feature","geometry":{"type":"Polygon","coordinates":[[[13.7759045,51.1037746],[13.7760268,51.1039491],[13.7761615,51.1041412],[13.7762851,51.1043176],[13.7763183,51.1043649],[13.7766206,51.1047963],[13.7763148,51.1048808],[13.7763042,51.1048656],[13.7758577,51.1042287],[13.7755934,51.1043018],[13.7760501,51.1049532],[13.7758397,51.1050114],[13.7757442,51.1048751],[13.7753817,51.104358],[13.7754028,51.1043522],[13.7753544,51.1042831],[13.7753251,51.1042412],[13.7752692,51.1041615],[13.7752564,51.104165],[13.7749105,51.1036716],[13.7748826,51.1036318],[13.7747976,51.1035106],[13.774917,51.1034776],[13.7750018,51.1034541],[13.7754588,51.104106],[13.7757217,51.1040334],[13.7752626,51.1033784],[13.7755676,51.1032941],[13.7758712,51.1037272],[13.7759045,51.1037746]]]},"properties":{"id":"fp-ovt-4731ab93-9161-48","gers":"4731ab93-9161-48d9-bc1b-6acca88d6e85","kind":"building","src":"overture","bbox":[13.774798,51.103294,13.776621,51.105011],"m2":7595,"sites":["f005"]}},{"type":"Feature","geometry":{"type":"Polygon","coordinates":[[[121.0251474,24.7735936],[121.0248817,24.7735388],[121.0250698,24.7727872],[121.0253356,24.772842],[121.0251474,24.7735936]]]},"properties":{"id":"fp-ovt-47818b1e-8b1b-42","gers":"47818b1e-8b1b-426c-a853-0872f4891e51","kind":"building","src":"overture","bbox":[121.024882,24.772787,121.025336,24.773594],"m2":2363,"sites":["f153"]}},{"type":"Feature","geometry":{"type":"Polygon","coordinates":[[[120.3899028,31.5440507],[120.3899136,31.5438994],[120.3900019,31.543904],[120.3899912,31.5440554],[120.3899028,31.5440507]]]},"properties":{"id":"fp-ovt-49ebb90b-9da7-4a","gers":"49ebb90b-9da7-4a24-91a0-4b53c6c6d94a","kind":"building","src":"overture","bbox":[120.389903,31.543899,120.390002,31.544055],"m2":142,"sites":["f045"]}},{"type":"Feature","geometry":{"type":"Polygon","coordinates":[[[13.7424867,51.1291475],[13.7421738,51.1291714],[13.7421467,51.1290313],[13.7424595,51.1290075],[13.7424867,51.1291475]]]},"properties":{"id":"fp-ovt-4f60ca32-da5b-4d","gers":"4f60ca32-da5b-4d5e-8ee8-1058c1a44258","kind":"building","src":"overture","bbox":[13.742147,51.129008,13.742487,51.129171],"m2":346,"sites":["f008"]}},{"type":"Feature","geometry":{"type":"Polygon","coordinates":[[[12.1612869,48.9964399],[12.1605131,48.9963219],[12.1605788,48.9961328],[12.1605446,48.9961291],[12.1605689,48.9960582],[12.1606034,48.9960609],[12.1606903,48.9958063],[12.1614596,48.9959175],[12.1614463,48.9959577],[12.161918,48.9960263],[12.1619326,48.9959874],[12.1620475,48.9960048],[12.1620425,48.9960185],[12.1621609,48.9960397],[12.1621515,48.9960673],[12.1625836,48.9961345],[12.1625976,48.9960945],[12.1626775,48.996108],[12.1626625,48.9961474],[12.1626926,48.9961524],[12.1625469,48.9965828],[12.1618389,48.9964753],[12.1618188,48.9965258],[12.1616768,48.9965066],[12.1616918,48.9964559],[12.1613029,48.9963916],[12.1612869,48.9964399]]]},"properties":{"id":"fp-ovt-4fe7a1f9-d69e-40","gers":"4fe7a1f9-d69e-40f0-a760-2d8d67764c6b","kind":"building","src":"overture","bbox":[12.160513,48.995806,12.162693,48.996583],"m2":8230,"sites":["f109"]}},{"type":"Feature","geometry":{"type":"Polygon","coordinates":[[[120.2806001,23.1079733],[120.2799586,23.1077862],[120.2801924,23.1071081],[120.2806605,23.1072446],[120.2805804,23.107477],[120.2807538,23.1075276],[120.2806001,23.1079733]]]},"properties":{"id":"fp-ovt-517f45a8-7f9e-46","gers":"517f45a8-7f9e-46c0-99a9-01018fa432a5","kind":"building","src":"overture","bbox":[120.279959,23.107108,120.280754,23.107973],"m2":4951,"sites":["f103"]}},{"type":"Feature","geometry":{"type":"Polygon","coordinates":[[[-122.0213265,37.4140213],[-122.0214513,37.4140473],[-122.0216149,37.4135531],[-122.0206878,37.4133596],[-122.0205148,37.4138823],[-122.0204682,37.4138726],[-122.0204349,37.4139734],[-122.0208035,37.4140504],[-122.0208311,37.4139671],[-122.0213113,37.4140673],[-122.0213265,37.4140213]]]},"properties":{"id":"fp-ovt-522cd3f6-9a1e-4f","gers":"522cd3f6-9a1e-4f26-9888-8ea0e55ec5ad","kind":"building","src":"overture","bbox":[-122.021615,37.41336,-122.020435,37.414067],"m2":5542,"sites":["f179"]}},{"type":"Feature","geometry":{"type":"Polygon","coordinates":[[[77.6772304,13.0014308],[77.6771432,13.0014203],[77.6771565,13.0013155],[77.6772436,13.001326],[77.6772304,13.0014308]]]},"properties":{"id":"fp-ovt-538ec26a-fe44-43","gers":"538ec26a-fe44-4338-a833-0614ba31db36","kind":"building","src":"overture","bbox":[77.677143,13.001316,77.677244,13.001431],"m2":112,"sites":["f141"]}},{"type":"Feature","geometry":{"type":"Polygon","coordinates":[[[-112.1608562,33.7793915],[-112.1621818,33.7793858],[-112.1621684,33.7772695],[-112.160015,33.7772793],[-112.1598825,33.7772795],[-112.1595683,33.777281],[-112.1595817,33.779397],[-112.1606882,33.7793909],[-112.1608562,33.7793915]]]},"properties":{"id":"fp-ovt-548945b6-5ab6-47","gers":"548945b6-5ab6-4750-b677-cff0c528b387","kind":"building","src":"overture","bbox":[-112.162182,33.77727,-112.159568,33.779397],"m2":56664,"sites":["f016"]}},{"type":"Feature","geometry":{"type":"Polygon","coordinates":[[[-97.637781,30.373205],[-97.637602,30.373493],[-97.63797,30.373666],[-97.637928,30.373732],[-97.638493,30.373998],[-97.638536,30.373928],[-97.638726,30.374017],[-97.6387743,30.3739396],[-97.6390891,30.3734356],[-97.639155,30.37333],[-97.63803,30.372802],[-97.637809,30.373156],[-97.637685,30.373098],[-97.637737,30.373014],[-97.63766,30.372978],[-97.637743,30.372846],[-97.637652,30.372803],[-97.637431,30.373157],[-97.637539,30.373208],[-97.637596,30.373118],[-97.637781,30.373205]]]},"properties":{"id":"fp-ovt-5529db8a-9271-45","gers":"5529db8a-9271-4508-9b70-cb1d7c28c1e2","kind":"building","src":"overture","bbox":[-97.639155,30.372802,-97.637431,30.374017],"m2":11922,"sites":["f078"]}},{"type":"Feature","geometry":{"type":"Polygon","coordinates":[[[121.70183,25.1424574],[121.7020558,25.1426167],[121.7020055,25.1426731],[121.7021466,25.1427797],[121.7019294,25.1430163],[121.7015619,25.142749],[121.70183,25.1424574]]]},"properties":{"id":"fp-ovt-56444c61-1c25-49","gers":"56444c61-1c25-4980-aee4-33272404ba2d","kind":"building","src":"overture","bbox":[121.701562,25.142457,121.702147,25.143016],"m2":1866,"sites":["f148"]}},{"type":"Feature","geometry":{"type":"Polygon","coordinates":[[[116.4990885,39.7809718],[116.4978433,39.7812339],[116.497221,39.7795395],[116.4984662,39.7792692],[116.4990885,39.7809718]]]},"properties":{"id":"fp-ovt-56d521da-8538-42","gers":"56d521da-8538-4275-a618-16f631291d83","kind":"building","src":"overture","bbox":[116.497221,39.779269,116.499088,39.781234],"m2":21719,"sites":["f062"]}},{"type":"Feature","geometry":{"type":"Polygon","coordinates":[[[27.5125256,53.8426024],[27.5120039,53.8427249],[27.5111153,53.8415483],[27.513899,53.8408458],[27.5147631,53.8420377],[27.5144923,53.8421061],[27.5144793,53.8421093],[27.5144675,53.8421123],[27.5136497,53.8423187],[27.513633,53.8423229],[27.5136059,53.8423286],[27.5125834,53.8425878],[27.5125678,53.8425917],[27.5125579,53.8425942],[27.512546,53.8425972],[27.5125256,53.8426024]]]},"properties":{"id":"fp-ovt-56d598d0-ad6f-45","gers":"56d598d0-ad6f-4510-b2e5-679eb6aa0313","kind":"building","src":"overture","bbox":[27.511115,53.840846,27.514763,53.842725],"m2":28520,"sites":["f185"]}},{"type":"Feature","geometry":{"type":"Polygon","coordinates":[[[-105.0166879,40.52704],[-105.017144,40.5270448],[-105.0171457,40.5269157],[-105.0171471,40.5268457],[-105.0167693,40.5268437],[-105.0166927,40.5268416],[-105.0166879,40.52704]]]},"properties":{"id":"fp-ovt-585bdfdc-5120-49","gers":"585bdfdc-5120-49e3-859b-5276afa57e37","kind":"building","src":"overture","bbox":[-105.017147,40.526842,-105.016688,40.527045],"m2":849,"sites":["f176"]}},{"type":"Feature","geometry":{"type":"Polygon","coordinates":[[[141.7069387,42.7881456],[141.7042243,42.7874133],[141.7052291,42.7854073],[141.7079435,42.7861396],[141.7069387,42.7881456]]]},"properties":{"id":"fp-ovt-589b2530-f055-4f","gers":"589b2530-f055-4f0c-ab3e-d41ba26c2081","kind":"building","src":"overture","bbox":[141.704224,42.785407,141.707943,42.788146],"m2":56212,"sites":["f009"]}},{"type":"Feature","geometry":{"type":"Polygon","coordinates":[[[100.5906739,5.3993003],[100.5906898,5.3994033],[100.5906063,5.3994162],[100.5905905,5.3993131],[100.5906739,5.3993003]]]},"properties":{"id":"fp-ovt-59b8da61-7131-43","gers":"59b8da61-7131-4318-8048-df45f0882ab6","kind":"building","src":"overture","bbox":[100.590591,5.3993,100.59069,5.399416],"m2":109,"sites":["f007"]}},{"type":"Feature","geometry":{"type":"Polygon","coordinates":[[[117.2142947,39.0150464],[117.2143184,39.014685],[117.214733,39.0147015],[117.2147092,39.015063],[117.2142947,39.0150464]]]},"properties":{"id":"fp-ovt-5b8f4d3b-41e7-4e","gers":"5b8f4d3b-41e7-4e68-b53d-a91e9eec5ca5","kind":"building","src":"overture","bbox":[117.214295,39.014685,117.214733,39.015063],"m2":1446,"sites":["f064"]}},{"type":"Feature","geometry":{"type":"Polygon","coordinates":[[[141.1280383,39.3400177],[141.1280461,39.3401113],[141.1278713,39.3401201],[141.1278635,39.3400265],[141.1280383,39.3400177]]]},"properties":{"id":"fp-ovt-5c064f83-e849-41","gers":"5c064f83-e849-4164-9b95-63e7e293711d","kind":"building","src":"overture","bbox":[141.127863,39.340018,141.128046,39.34012],"m2":157,"sites":["f054"]}},{"type":"Feature","geometry":{"type":"Polygon","coordinates":[[[121.0245899,24.7674224],[121.0245254,24.7672587],[121.0247732,24.7671923],[121.0250474,24.7674812],[121.0251197,24.7674726],[121.0251838,24.7675132],[121.0252057,24.7675728],[121.0252039,24.7676176],[121.0253497,24.7677086],[121.0251522,24.7679179],[121.0250636,24.7680295],[121.0248997,24.7681754],[121.0247282,24.768289],[121.0245296,24.7679089],[121.024851,24.7677912],[121.0247321,24.767648],[121.0245899,24.7674224]]]},"properties":{"id":"fp-ovt-5d764621-04db-4d","gers":"5d764621-04db-4d57-9042-3dc054837a0b","kind":"building","src":"overture","bbox":[121.024525,24.767192,121.02535,24.768289],"m2":5016,"sites":["f092"]}},{"type":"Feature","geometry":{"type":"Polygon","coordinates":[[[-113.4700855,53.4500051],[-113.4699572,53.4498617],[-113.4694024,53.4500378],[-113.4694126,53.4500492],[-113.4691418,53.4501352],[-113.46912,53.4501108],[-113.4688042,53.4502112],[-113.4691721,53.4506216],[-113.4691421,53.4506311],[-113.4692247,53.4507233],[-113.469044,53.4507808],[-113.4690599,53.4507986],[-113.4691646,53.4507653],[-113.469222,53.4508294],[-113.4693217,53.4507978],[-113.4693666,53.4508479],[-113.469386,53.4508417],[-113.4692809,53.4507244],[-113.4699824,53.4505016],[-113.4700434,53.4505698],[-113.4702376,53.4505081],[-113.4700967,53.4503508],[-113.4702157,53.4503129],[-113.4701898,53.450284],[-113.4702648,53.4502602],[-113.4700746,53.4500477],[-113.4699469,53.4500883],[-113.4699196,53.4500578],[-113.4700855,53.4500051]]]},"properties":{"id":"fp-ovt-5d8b1215-639f-4a","gers":"5d8b1215-639f-4a7f-8981-679d86b8558c","kind":"building","src":"overture","bbox":[-113.470265,53.449862,-113.468804,53.450848],"m2":5383,"sites":["f126"]}},{"type":"Feature","geometry":{"type":"Polygon","coordinates":[[[-93.3403695,44.8603902],[-93.3395916,44.8603864],[-93.3395943,44.8604339],[-93.3394227,44.8604377],[-93.3394254,44.8606582],[-93.3394597,44.8606571],[-93.3394549,44.8607723],[-93.3395621,44.8607742],[-93.3395562,44.8611685],[-93.3394463,44.8611666],[-93.3394468,44.8612609],[-93.3395536,44.8612617],[-93.3395461,44.8615442],[-93.3398572,44.8615499],[-93.3398599,44.8616031],[-93.3402456,44.8616115],[-93.3402461,44.8616602],[-93.340407,44.8616621],[-93.3404124,44.8616088],[-93.3405653,44.8616107],[-93.3405653,44.8615575],[-93.3407182,44.8615613],[-93.3407235,44.8615081],[-93.3407638,44.8615081],[-93.3407638,44.8614244],[-93.341187,44.8614309],[-93.3411849,44.8617001],[-93.3410985,44.8617028],[-93.3410937,44.8618047],[-93.3415497,44.8618085],[-93.341555,44.86174],[-93.3420754,44.8617457],[-93.3420754,44.8617305],[-93.3423409,44.8617324],[-93.3423355,44.8618465],[-93.3425737,44.8618549],[-93.3425657,44.8620012],[-93.3419649,44.862007],[-93.3419627,44.8620936],[-93.3421768,44.8620982],[-93.34218,44.862413],[-93.3423538,44.8624176],[-93.3423463,44.8625043],[-93.3421424,44.8625081],[-93.3421371,44.8625461],[-93.3416135,44.8625507],[-93.341606,44.862894],[-93.3429659,44.8628921],[-93.3429712,44.8626963],[-93.3431724,44.8626982],[-93.343167,44.8628959],[-93.3436391,44.8629035],[-93.3436391,44.8625366],[-93.3435211,44.86251],[-93.3434696,44.862507],[-93.3434696,44.8620868],[-93.3431697,44.8620765],[-93.3431665,44.862007],[-93.3426494,44.8620005],[-93.342652,44.8618503],[-93.3429015,44.8618503],[-93.3429015,44.8617971],[-93.3431375,44.861799],[-93.3431402,44.8617438],[-93.3434433,44.8617495],[-93.3434401,44.8617769],[-93.3438054,44.861778],[-93.3438102,44.8617484],[-93.3446476,44.861759],[-93.3446503,44.8617134],[-93.3446846,44.8617142],[-93.3446852,44.8617552],[-93.3450017,44.861759],[-93.3450092,44.8614309],[-93.3446852,44.8614282],[-93.3446798,44.8614587],[-93.3446476,44.8614567],[-93.3446449,44.8612647],[-93.3436176,44.861259],[-93.3436144,44.8612237],[-93.3432791,44.8612161],[-93.3432791,44.8608396],[-93.3410964,44.8608294],[-93.3410856,44.8611564],[-93.3411044,44.8611564],[-93.3411039,44.861237],[-93.3405948,44.8612362],[-93.3405996,44.8610545],[-93.3405733,44.8610518],[-93.3405733,44.8610119],[-93.3406431,44.86101],[-93.3406484,44.8609396],[-93.3405707,44.8609358],[-93.3405733,44.8604472],[-93.3403749,44.8604396],[-93.3403695,44.8603902]]]},"properties":{"id":"fp-ovt-5e91e020-0d12-4f","gers":"5e91e020-0d12-4fb9-a8ba-f912b1010d55","kind":"building","src":"overture","bbox":[-93.345009,44.860386,-93.339423,44.862904],"m2":49505,"sites":["f174"]}},{"type":"Feature","geometry":{"type":"Polygon","coordinates":[[[7.0023709,47.0125072],[7.001829,47.0126623],[7.001596,47.012249],[7.0019977,47.0121426],[7.0020854,47.0121193],[7.00191,47.0118156],[7.0014151,47.0119517],[7.0011676,47.0115395],[7.0023554,47.0112174],[7.0026118,47.0116224],[7.0020854,47.0117696],[7.0021764,47.011914],[7.0024352,47.0123244],[7.0024797,47.0123096],[7.002558,47.0124536],[7.002449,47.0124848],[7.002433,47.0124894],[7.0023709,47.0125072]]]},"properties":{"id":"fp-ovt-5eaa1668-c5a9-4e","gers":"5eaa1668-c5a9-4e5d-a6ee-928da2dccac9","kind":"building","src":"overture","bbox":[7.001168,47.011217,7.002612,47.012662],"m2":8138,"sites":["f130"]}},{"type":"Feature","geometry":{"type":"Polygon","coordinates":[[[135.8996988,34.98317],[135.8996374,34.9831926],[135.8996208,34.9831625],[135.8996822,34.9831398],[135.8996988,34.98317]]]},"properties":{"id":"fp-ovt-62bba067-1d37-40","gers":"62bba067-1d37-4043-8220-5d86a9eab163","kind":"building","src":"overture","bbox":[135.899621,34.98314,135.899699,34.983193],"m2":23,"sites":["f114"]}},{"type":"Feature","geometry":{"type":"Polygon","coordinates":[[[-93.2368617,44.8474051],[-93.237188,44.8469493],[-93.2364863,44.8466851],[-93.2364555,44.8467235],[-93.2362736,44.846662],[-93.2363095,44.8466031],[-93.2362172,44.8465672],[-93.2362531,44.8465185],[-93.2359584,44.846416],[-93.2360507,44.8462648],[-93.2361711,44.8463084],[-93.2362249,44.8462213],[-93.2354818,44.8459625],[-93.234954,44.846703],[-93.2353255,44.8468414],[-93.2352371,44.8469951],[-93.2353857,44.8470515],[-93.2353204,44.8471502],[-93.2353575,44.8472347],[-93.2356766,44.84735],[-93.2357906,44.8471912],[-93.2358675,44.8472193],[-93.2361019,44.8468619],[-93.2362698,44.8469298],[-93.2359751,44.8473718],[-93.2360571,44.8474077],[-93.2361327,44.847327],[-93.2365337,44.8474756],[-93.2365158,44.8475076],[-93.2365644,44.8475294],[-93.2365965,44.8474807],[-93.236681,44.8475166],[-93.2367784,44.8473795],[-93.2368617,44.8474051]]]},"properties":{"id":"fp-ovt-6de9bc42-c033-44","gers":"6de9bc42-c033-4430-ba06-130d54f22d28","kind":"building","src":"overture","bbox":[-93.237188,44.845962,-93.234954,44.847529],"m2":14438,"sites":["f037"]}},{"type":"Feature","geometry":{"type":"Polygon","coordinates":[[[-96.7484737,32.9294538],[-96.7484724,32.9295168],[-96.7484992,32.9295172],[-96.7485005,32.9294542],[-96.7484737,32.9294538]]]},"properties":{"id":"fp-ovt-702749f8-9821-41","gers":"702749f8-9821-4163-a500-f7ba88bd5b59","kind":"building","src":"overture","bbox":[-96.748501,32.929454,-96.748472,32.929517],"m2":18,"sites":["f133"]}},{"type":"Feature","geometry":{"type":"Polygon","coordinates":[[[139.8403403,38.7431443],[139.8403241,38.7429295],[139.8404203,38.7429251],[139.8404365,38.7431399],[139.8403403,38.7431443]]]},"properties":{"id":"fp-ovt-71235e96-b36d-4d","gers":"71235e96-b36d-4da4-a76e-60ed5d5a6361","kind":"building","src":"overture","bbox":[139.840324,38.742925,139.840437,38.743144],"m2":200,"sites":["f095"]}},{"type":"Feature","geometry":{"type":"Polygon","coordinates":[[[120.2539371,22.8155348],[120.2539125,22.8154718],[120.2539396,22.8154627],[120.2539643,22.8155256],[120.2539371,22.8155348]]]},"properties":{"id":"fp-ovt-71d2bb9d-6ab9-4f","gers":"71d2bb9d-6ab9-4f62-8e57-c2c4d9bb148b","kind":"building","src":"overture","bbox":[120.253912,22.815463,120.253964,22.815535],"m2":22,"sites":["f209"]}},{"type":"Feature","geometry":{"type":"Polygon","coordinates":[[[120.2611866,23.116872],[120.2611069,23.1168365],[120.2614506,23.1161906],[120.2615302,23.1162261],[120.2611866,23.116872]]]},"properties":{"id":"fp-ovt-734dc863-9218-4b","gers":"734dc863-9218-4b38-88d1-c320da015f60","kind":"building","src":"overture","bbox":[120.261107,23.116191,120.26153,23.116872],"m2":725,"sites":["f014"]}},{"type":"Feature","geometry":{"type":"Polygon","coordinates":[[[13.7861752,51.1260914],[13.7859939,51.1261285],[13.7859653,51.1260733],[13.785931,51.1260074],[13.7861178,51.1259692],[13.786181,51.1259562],[13.786206,51.1259511],[13.7861869,51.1259143],[13.7863492,51.1258811],[13.7863822,51.1258744],[13.7866727,51.1258149],[13.7867547,51.1259728],[13.7867207,51.1259797],[13.7862134,51.1260836],[13.7861752,51.1260914]]]},"properties":{"id":"fp-ovt-7467b0d2-6bc6-47","gers":"7467b0d2-6bc6-47b3-a027-9fe812687176","kind":"building","src":"overture","bbox":[13.785931,51.125815,13.786755,51.126129],"m2":946,"sites":["f163"]}},{"type":"Feature","geometry":{"type":"Polygon","coordinates":[[[121.5984767,31.2119858],[121.5985535,31.2119892],[121.5985496,31.2120552],[121.5984728,31.2120519],[121.5984767,31.2119858]]]},"properties":{"id":"fp-ovt-79e733ac-6ec7-4a","gers":"79e733ac-6ec7-4ad2-afe0-d84eeb88c46e","kind":"building","src":"overture","bbox":[121.598473,31.211986,121.598553,31.212055],"m2":54,"sites":["f193"]}},{"type":"Feature","geometry":{"type":"Polygon","coordinates":[[[24.8402773,60.2857294],[24.8402653,60.2857244],[24.8402562,60.2857172],[24.8402565,60.2857063],[24.840275,60.285687],[24.8402159,60.2856732],[24.8405301,60.2853442],[24.8405465,60.2853488],[24.8405724,60.2853242],[24.8405804,60.2853209],[24.8405968,60.2853169],[24.8406119,60.2853156],[24.8406267,60.2853154],[24.8406421,60.2853184],[24.8406565,60.2853245],[24.8406656,60.2853319],[24.8406699,60.2853405],[24.8406683,60.2853492],[24.8406738,60.2853501],[24.8407685,60.2852512],[24.8407609,60.2852491],[24.8410923,60.2849026],[24.8411745,60.2849227],[24.8412154,60.2848793],[24.8411723,60.2848678],[24.8411603,60.2848608],[24.8411556,60.2848537],[24.8411544,60.2848474],[24.8411539,60.2848414],[24.8411588,60.2848346],[24.8411653,60.2848287],[24.8411742,60.2848241],[24.8411863,60.2848197],[24.841202,60.284817],[24.8412171,60.2848155],[24.8412359,60.2848173],[24.8413026,60.2848337],[24.8413189,60.2848177],[24.8413487,60.284825],[24.8413782,60.284832],[24.8413654,60.2848475],[24.8413955,60.2848559],[24.8413029,60.2849533],[24.8419032,60.2850975],[24.8420093,60.2849881],[24.8419217,60.2849661],[24.841949,60.2849395],[24.8418451,60.2849125],[24.842038,60.284721],[24.8419571,60.2847024],[24.8421195,60.2845224],[24.8421806,60.2844575],[24.8431408,60.2846844],[24.8431141,60.2847132],[24.8429878,60.2846852],[24.8429561,60.2847095],[24.8432003,60.2847677],[24.8427894,60.2852022],[24.8425972,60.2851619],[24.8426706,60.2850862],[24.8425719,60.2850625],[24.842542,60.2850939],[24.8422042,60.2850057],[24.8420791,60.2851369],[24.8423818,60.2852124],[24.8423906,60.2852185],[24.8423936,60.2852258],[24.8423939,60.2852338],[24.8423879,60.2852391],[24.8423768,60.2852451],[24.8423671,60.2852478],[24.842355,60.2852483],[24.8423423,60.2852479],[24.8423027,60.285238],[24.8422665,60.2852719],[24.842347,60.2852911],[24.8421552,60.2854911],[24.8420741,60.2854718],[24.8420436,60.2855057],[24.8420918,60.2855172],[24.8420992,60.2855226],[24.8421026,60.2855301],[24.8421029,60.2855356],[24.8420965,60.2855424],[24.8420902,60.2855474],[24.8420797,60.285551],[24.8420628,60.2855526],[24.8420519,60.2855522],[24.8420087,60.2855411],[24.8420053,60.2855449],[24.8418276,60.2855037],[24.8418132,60.2855188],[24.8415779,60.285463],[24.8415913,60.285448],[24.8414686,60.2854174],[24.8413747,60.2855185],[24.8413827,60.2855201],[24.8413924,60.2855168],[24.8414069,60.2855147],[24.8414233,60.2855145],[24.841437,60.2855193],[24.8414454,60.2855233],[24.8414498,60.2855295],[24.8414484,60.2855361],[24.8414235,60.2855609],[24.8416228,60.2856079],[24.8412788,60.285798],[24.8412131,60.2857827],[24.8411148,60.2858851],[24.8411021,60.2858831],[24.8410838,60.2859013],[24.8410337,60.2858909],[24.8410226,60.2858964],[24.8410122,60.2858981],[24.8409998,60.2858983],[24.8409863,60.2858966],[24.840972,60.2858919],[24.8409638,60.2858852],[24.8409618,60.2858783],[24.840963,60.2858738],[24.8409793,60.2858536],[24.8403444,60.2857031],[24.8403259,60.2857216],[24.8403135,60.2857282],[24.8402961,60.2857314],[24.8402773,60.2857294]],[[24.8407933,60.2852858],[24.8406981,60.2853845],[24.841252,60.2855155],[24.8413158,60.2854491],[24.8413693,60.2853935],[24.8408872,60.2852788],[24.8408644,60.2853014],[24.8408577,60.2853041],[24.8408456,60.2853074],[24.8408289,60.2853068],[24.8408161,60.2853044],[24.8408027,60.2853004],[24.840796,60.2852941],[24.8407933,60.2852858]]]},"properties":{"id":"fp-ovt-7a2b16fd-798a-40","gers":"7a2b16fd-798a-40d3-a005-0179e4066a5b","kind":"building","src":"overture","bbox":[24.840216,60.284458,24.8432,60.285901],"m2":9856,"sites":["f096"]}},{"type":"Feature","geometry":{"type":"Polygon","coordinates":[[[-122.9366115,45.5404666],[-122.9368654,45.5404424],[-122.9368439,45.5403501],[-122.936972,45.5403378],[-122.9369028,45.5399842],[-122.9361567,45.5400543],[-122.9361419,45.5399492],[-122.9365658,45.53991],[-122.9365481,45.5398038],[-122.9367203,45.5397904],[-122.9366335,45.5393245],[-122.9358623,45.5393967],[-122.935852,45.5393585],[-122.9356401,45.5393771],[-122.9356651,45.5394998],[-122.935877,45.5394812],[-122.9359182,45.5397049],[-122.935565,45.539743],[-122.9355901,45.5398945],[-122.9359521,45.5398616],[-122.935958,45.5398935],[-122.9360168,45.5398894],[-122.9360198,45.5399152],[-122.9360742,45.53991],[-122.9360993,45.5400595],[-122.9351317,45.5401552],[-122.9346738,45.5405824],[-122.9351754,45.5408535],[-122.9354834,45.5405692],[-122.9354688,45.5404861],[-122.9355958,45.540473],[-122.9356104,45.5405619],[-122.9364899,45.5404782],[-122.9366115,45.5404666]]]},"properties":{"id":"fp-ovt-7a351c1f-0ba3-42","gers":"7a351c1f-0ba3-425c-9265-9b5f24ac924e","kind":"building","src":"overture","bbox":[-122.936972,45.539324,-122.934674,45.540853],"m2":13146,"sites":["f143"]}},{"type":"Feature","geometry":{"type":"Polygon","coordinates":[[[-4.0932272,55.7793071],[-4.0941422,55.7791614],[-4.0940635,55.779005],[-4.0939209,55.7790278],[-4.093819,55.7788254],[-4.0931302,55.7789351],[-4.0932322,55.7791377],[-4.0931486,55.779151],[-4.0932272,55.7793071]]]},"properties":{"id":"fp-ovt-7b568b49-ec47-47","gers":"7b568b49-ec47-47aa-80e6-95bc93b80f2c","kind":"building","src":"overture","bbox":[-4.094142,55.778825,-4.09313,55.779307],"m2":2126,"sites":["f184"]}},{"type":"Feature","geometry":{"type":"Polygon","coordinates":[[[103.9138884,30.7791163],[103.9137233,30.7792395],[103.9138966,30.7794126],[103.9140853,30.7792718],[103.9141668,30.7793532],[103.9139309,30.7795292],[103.9136252,30.7792237],[103.9138375,30.7790653],[103.9138884,30.7791163]]]},"properties":{"id":"fp-ovt-7cfc525f-da05-45","gers":"7cfc525f-da05-4576-9625-86fd2323aae3","kind":"building","src":"overture","bbox":[103.913625,30.779065,103.914167,30.779529],"m2":710,"sites":["f137"]}},{"type":"Feature","geometry":{"type":"Polygon","coordinates":[[[7.4051005,51.4940164],[7.4051305,51.4942108],[7.4049394,51.4942222],[7.4049314,51.4941704],[7.4049773,51.4941677],[7.4049705,51.4941233],[7.4049068,51.4941271],[7.4049001,51.4940837],[7.4048833,51.4940847],[7.4048978,51.494179],[7.4048584,51.4941814],[7.4048441,51.4940888],[7.4048063,51.4940911],[7.4048222,51.4941945],[7.4047827,51.4941969],[7.4047671,51.4940954],[7.4047397,51.4940971],[7.4047522,51.4941782],[7.4046412,51.4941848],[7.404618,51.4940341],[7.4047143,51.4940283],[7.4047202,51.4940664],[7.4047386,51.4940653],[7.4047417,51.4940855],[7.4047647,51.4940841],[7.404764,51.4940792],[7.4047929,51.4940775],[7.4047802,51.4939948],[7.4046792,51.4940008],[7.4046737,51.4939649],[7.4047867,51.4939582],[7.404782,51.4939277],[7.4047612,51.493929],[7.4047583,51.4939098],[7.4047004,51.4939133],[7.404689,51.4938393],[7.4048492,51.4938297],[7.4048479,51.4938211],[7.4046799,51.4938311],[7.4046758,51.4938046],[7.4047816,51.4937983],[7.4047767,51.4937663],[7.4046752,51.4937724],[7.404671,51.4937456],[7.4048333,51.493736],[7.4048316,51.4937249],[7.4051266,51.4937072],[7.4050857,51.4934416],[7.4051888,51.4934355],[7.4051992,51.493503],[7.405315,51.4934961],[7.405308,51.4934505],[7.405418,51.4934649],[7.4054329,51.4935618],[7.4055513,51.493555],[7.4056655,51.4935474],[7.4057274,51.4939458],[7.4058363,51.4939393],[7.405861,51.4940997],[7.4057551,51.494106],[7.4057805,51.494309],[7.4058212,51.4946345],[7.4056678,51.4946432],[7.405531,51.4946509],[7.4052078,51.4946692],[7.4051613,51.4943664],[7.4052398,51.4943617],[7.4051818,51.4939854],[7.4051229,51.4939889],[7.4051269,51.4940148],[7.4051005,51.4940164]]]},"properties":{"id":"fp-ovt-7ddd5b21-6feb-47","gers":"7ddd5b21-6feb-4756-aeef-a0bf2b0ffe72","kind":"building","src":"overture","bbox":[7.404618,51.493435,7.405861,51.494669],"m2":6733,"sites":["f191"]}},{"type":"Feature","geometry":{"type":"Polygon","coordinates":[[[120.2880913,23.1084256],[120.2876255,23.1082973],[120.2880435,23.1070141],[120.2885093,23.1071425],[120.2880913,23.1084256]]]},"properties":{"id":"fp-ovt-7e949afd-9a93-4d","gers":"7e949afd-9a93-4dea-b613-00c23916c436","kind":"building","src":"overture","bbox":[120.287626,23.107014,120.288509,23.108426],"m2":7424,"sites":["f159"]}},{"type":"Feature","geometry":{"type":"Polygon","coordinates":[[[131.7062321,33.2284193],[131.70539,33.2280694],[131.706079,33.2269091],[131.7069213,33.2272591],[131.7062321,33.2284193]]]},"properties":{"id":"fp-ovt-7fd14105-4930-43","gers":"7fd14105-4930-433d-8b26-a889000e1ee7","kind":"building","src":"overture","bbox":[131.70539,33.226909,131.706921,33.228419],"m2":12629,"sites":["f117"]}},{"type":"Feature","geometry":{"type":"Polygon","coordinates":[[[137.9895026,36.2238085],[137.9889045,36.2237627],[137.9889685,36.2232185],[137.9895666,36.2232643],[137.9895026,36.2238085]]]},"properties":{"id":"fp-ovt-7fed5018-a42c-42","gers":"7fed5018-a42c-423e-ac16-8c11cc854df6","kind":"building","src":"overture","bbox":[137.988904,36.223219,137.989567,36.223808],"m2":3283,"sites":["f115"]}},{"type":"Feature","geometry":{"type":"Polygon","coordinates":[[[18.1295874,49.4612798],[18.1295869,49.4612965],[18.129479,49.4612949],[18.1294168,49.461294],[18.1294177,49.461265],[18.1294213,49.4611537],[18.1294281,49.4609383],[18.1295229,49.4609396],[18.1295209,49.4610025],[18.1296323,49.461004],[18.1296239,49.461268],[18.1295878,49.4612675],[18.1295874,49.4612798]]]},"properties":{"id":"fp-ovt-80abdce2-3f8e-40","gers":"80abdce2-3f8e-407f-9bb1-87eb91bcc481","kind":"building","src":"overture","bbox":[18.129417,49.460938,18.129632,49.461297],"m2":526,"sites":["f144"]}},{"type":"Feature","geometry":{"type":"Polygon","coordinates":[[[5.8835888,45.2678077],[5.8834851,45.267683],[5.8841134,45.2674066],[5.8843553,45.2676962],[5.8837113,45.2679549],[5.8836176,45.2678425],[5.8835888,45.2678077]]]},"properties":{"id":"fp-ovt-82e7df81-337f-4b","gers":"82e7df81-337f-4bcb-a2dd-01f567e1f8fd","kind":"building","src":"overture","bbox":[5.883485,45.267407,5.884355,45.267955],"m2":2104,"sites":["f072"]}},{"type":"Feature","geometry":{"type":"Polygon","coordinates":[[[9.190765,48.4950052],[9.1901986,48.4951288],[9.1901373,48.495004],[9.1900575,48.4950215],[9.1900438,48.4949929],[9.1900607,48.4949888],[9.1900533,48.4949738],[9.1900438,48.494976],[9.1900282,48.4949434],[9.1900913,48.4949293],[9.1900962,48.4949389],[9.1901046,48.494937],[9.1899696,48.4946637],[9.1899609,48.4946654],[9.1899658,48.4946751],[9.1899029,48.4946892],[9.1898934,48.4946709],[9.1899033,48.4946685],[9.189901,48.4946638],[9.1898842,48.4946676],[9.1898697,48.4946388],[9.1898873,48.4946349],[9.1898798,48.4946198],[9.1898621,48.4946236],[9.1898434,48.4945854],[9.1898607,48.4945815],[9.1898586,48.4945771],[9.1898491,48.4945796],[9.1898326,48.4945464],[9.189896,48.4945326],[9.1899011,48.4945426],[9.1899101,48.4945405],[9.1897744,48.4942655],[9.1897652,48.4942676],[9.1897702,48.4942774],[9.1897066,48.4942911],[9.1896906,48.4942587],[9.1896998,48.4942569],[9.1896929,48.4942417],[9.1896756,48.4942456],[9.1896619,48.4942163],[9.1897408,48.4941989],[9.1896796,48.4940753],[9.1902458,48.4939524],[9.1903064,48.4940765],[9.1907036,48.494882],[9.190765,48.4950052]]]},"properties":{"id":"fp-ovt-8363276c-2500-49","gers":"8363276c-2500-493b-b05f-d0ad69a4923e","kind":"building","src":"overture","bbox":[9.189662,48.493952,9.190765,48.495129],"m2":5608,"sites":["f039"]}},{"type":"Feature","geometry":{"type":"Polygon","coordinates":[[[-96.0823006,30.6204152],[-96.0824079,30.6204152],[-96.0824106,30.6203275],[-96.0823006,30.6203275],[-96.0823006,30.6204152]]]},"properties":{"id":"fp-ovt-8800fcf9-fec6-47","gers":"8800fcf9-fec6-47f1-83a5-6702ba1ba89e","kind":"building","src":"overture","bbox":[-96.082411,30.620327,-96.082301,30.620415],"m2":102,"sites":["f079"]}},{"type":"Feature","geometry":{"type":"Polygon","coordinates":[[[100.5918159,5.4074731],[100.5914406,5.4074324],[100.5916128,5.4058844],[100.5924185,5.4059929],[100.5923496,5.4064456],[100.5924346,5.4064545],[100.5925317,5.4064648],[100.5924224,5.4074893],[100.5923002,5.4074757],[100.5922377,5.4074686],[100.5922366,5.407479],[100.5922764,5.4074833],[100.592264,5.4075962],[100.5921623,5.4075852],[100.5921703,5.4075115],[100.5918159,5.4074731]]]},"properties":{"id":"fp-ovt-883fdb2c-898a-42","gers":"883fdb2c-898a-4267-a3d2-0a786e1804b6","kind":"building","src":"overture","bbox":[100.591441,5.405884,100.592532,5.407596],"m2":17685,"sites":["f196"]}},{"type":"Feature","geometry":{"type":"Polygon","coordinates":[[[121.3259496,24.9863725],[121.3251581,24.9858741],[121.3255457,24.9853684],[121.3263372,24.9858668],[121.3259496,24.9863725]]]},"properties":{"id":"fp-ovt-886dfe1d-a312-41","gers":"886dfe1d-a312-416d-a5be-a6233cc03f69","kind":"building","src":"overture","bbox":[121.325158,24.985368,121.326337,24.986373],"m2":6666,"sites":["f107"]}},{"type":"Feature","geometry":{"type":"Polygon","coordinates":[[[-96.7230447,32.9982538],[-96.7227704,32.9984877],[-96.7223699,32.9988352],[-96.7218138,32.9993055],[-96.721172,32.9998533],[-96.7211775,32.9990736],[-96.721178,32.9990042],[-96.7212258,32.9990044],[-96.7212255,32.998971],[-96.721719,32.9989675],[-96.7217192,32.9989829],[-96.7217793,32.9989838],[-96.7217781,32.9988915],[-96.7217596,32.9988899],[-96.7217626,32.9988158],[-96.7216469,32.9988142],[-96.7216526,32.9987648],[-96.7217174,32.9987631],[-96.7217188,32.9986916],[-96.7217404,32.998692],[-96.7217362,32.998597],[-96.7216404,32.9986008],[-96.7216417,32.9986125],[-96.7213084,32.9986104],[-96.7213086,32.9986013],[-96.7212136,32.9985687],[-96.7211076,32.9985425],[-96.7209968,32.9985318],[-96.7209947,32.9985565],[-96.7209099,32.998554],[-96.7209075,32.9985968],[-96.7208436,32.998596],[-96.7207609,32.9985935],[-96.7207633,32.9985519],[-96.720674,32.9985454],[-96.7206712,32.9985272],[-96.7205444,32.9985396],[-96.7203829,32.9985907],[-96.7203672,32.998606],[-96.7200385,32.9986065],[-96.7200388,32.9985922],[-96.719937,32.9985895],[-96.7199382,32.9986831],[-96.7199582,32.9986847],[-96.7199584,32.998751],[-96.7200263,32.998752],[-96.720025,32.9988157],[-96.7199108,32.9988154],[-96.7199095,32.998883],[-96.7198971,32.9988841],[-96.7198984,32.9989739],[-96.7199539,32.9989746],[-96.7199557,32.9989643],[-96.7201934,32.9989599],[-96.720451,32.9989635],[-96.7204503,32.9990012],[-96.7204835,32.9990014],[-96.7204842,32.9990747],[-96.7204882,32.999519],[-96.7205753,32.9995886],[-96.7203673,32.9997622],[-96.7195745,32.9991252],[-96.7196246,32.9990826],[-96.7194671,32.9989496],[-96.7193606,32.9990321],[-96.7193703,32.9990491],[-96.7193044,32.9991028],[-96.7192553,32.9990601],[-96.718484,32.999709],[-96.7185326,32.9997478],[-96.7183857,32.9998841],[-96.7184855,32.9999654],[-96.7185026,32.9999446],[-96.7197405,33.0009796],[-96.7197149,33.0010128],[-96.7199014,33.0011626],[-96.7200686,33.0010347],[-96.7206914,33.001569],[-96.7207639,33.0015077],[-96.7210202,33.0017064],[-96.7213904,33.0014185],[-96.721499,33.001509],[-96.7218564,33.0012008],[-96.721733,33.0011114],[-96.7220099,33.000887],[-96.7221374,33.0009961],[-96.7223807,33.0007939],[-96.7226657,33.000551],[-96.7234205,32.999914],[-96.7239767,32.9994489],[-96.7242201,32.999237],[-96.7241692,32.9991892],[-96.7241492,32.9992034],[-96.7240891,32.999153],[-96.7241508,32.9991117],[-96.7232033,32.9983068],[-96.7231463,32.998352],[-96.7230447,32.9982538]]]},"properties":{"id":"fp-ovt-88c63e22-f007-42","gers":"88c63e22-f007-42b9-8243-5b0e3397e602","kind":"building","src":"overture","bbox":[-96.72422,32.998254,-96.718386,33.001706],"m2":103622,"sites":["f058"]}},{"type":"Feature","geometry":{"type":"Polygon","coordinates":[[[120.6284243,24.2239162],[120.6282658,24.2237044],[120.6281147,24.2237984],[120.6278476,24.2234414],[120.6278075,24.2234663],[120.6277157,24.2233435],[120.6276738,24.2232875],[120.6278972,24.2231484],[120.6279312,24.2231939],[120.6281743,24.2230427],[120.6281012,24.222945],[120.6282896,24.2228278],[120.6283622,24.2229249],[120.6284439,24.2228741],[120.6286369,24.2231319],[120.6283838,24.2232894],[120.6285541,24.2235171],[120.6287463,24.2233975],[120.6289088,24.2236147],[120.6284243,24.2239162]]]},"properties":{"id":"fp-ovt-896ad1a0-fd20-45","gers":"896ad1a0-fd20-4510-94fb-70c773421978","kind":"building","src":"overture","bbox":[120.627674,24.222828,120.628909,24.223916],"m2":6959,"sites":["f158"]}},{"type":"Feature","geometry":{"type":"Polygon","coordinates":[[[120.9923405,24.7752984],[120.9901882,24.7764473],[120.9896144,24.7755611],[120.9909639,24.7748408],[120.9910942,24.775042],[120.9915138,24.774818],[120.9913649,24.7745978],[120.9913649,24.7744701],[120.9914424,24.7743998],[120.9915686,24.7743711],[120.9916805,24.7744206],[120.9917322,24.7745326],[120.991692,24.774629],[120.9916318,24.7746824],[120.9916698,24.7747347],[120.9918969,24.7746135],[120.9923405,24.7752984]]]},"properties":{"id":"fp-ovt-8cfa1553-1fd3-46","gers":"8cfa1553-1fd3-46c5-bd0e-4caa19cfe4ed","kind":"building","src":"overture","bbox":[120.989614,24.774371,120.99234,24.776447],"m2":27682,"sites":["f085"]}},{"type":"Feature","geometry":{"type":"Polygon","coordinates":[[[121.0051606,24.765717],[121.0045859,24.7640209],[121.0063984,24.7635148],[121.0069729,24.7652107],[121.0068062,24.7652573],[121.0061254,24.7654469],[121.0060107,24.7654788],[121.0052557,24.7656904],[121.0051606,24.765717]]]},"properties":{"id":"fp-ovt-8efd843c-6ef8-4b","gers":"8efd843c-6ef8-4b46-a2be-095a864ea62a","kind":"building","src":"overture","bbox":[121.004586,24.763515,121.006973,24.765717],"m2":37855,"sites":["f015"]}},{"type":"Feature","geometry":{"type":"Polygon","coordinates":[[[-119.84636,34.436578],[-119.846208,34.435745],[-119.845334,34.435854],[-119.84536,34.435996],[-119.845704,34.435954],[-119.845726,34.436075],[-119.845322,34.436125],[-119.845333,34.436183],[-119.845396,34.436176],[-119.845405,34.436222],[-119.845338,34.43623],[-119.845473,34.436967],[-119.846431,34.436848],[-119.84639,34.436625],[-119.846322,34.436633],[-119.846313,34.436584],[-119.84636,34.436578]]]},"properties":{"id":"fp-ovt-8f104d01-be5e-49","gers":"8f104d01-be5e-49db-8c57-5fe9bf7f339e","kind":"building","src":"overture","bbox":[-119.846431,34.435745,-119.845322,34.436967],"m2":10208,"sites":["f171"]}},{"type":"Feature","geometry":{"type":"Polygon","coordinates":[[[-93.2317611,44.8531942],[-93.2317606,44.8529747],[-93.2316751,44.8529748],[-93.2316751,44.8529446],[-93.2315379,44.8529447],[-93.2315379,44.8529695],[-93.2312094,44.8529698],[-93.2312093,44.8529395],[-93.231073,44.8529396],[-93.231073,44.8529619],[-93.2309825,44.852962],[-93.230983,44.8531762],[-93.2308091,44.8531764],[-93.2308094,44.8533243],[-93.2308098,44.8534784],[-93.2309148,44.8534783],[-93.230915,44.8535564],[-93.2309153,44.8536851],[-93.2310622,44.853685],[-93.2310622,44.8537101],[-93.231199,44.8537099],[-93.2311989,44.8536814],[-93.2312668,44.8536813],[-93.2315243,44.853681],[-93.2315244,44.8537139],[-93.2316697,44.8537137],[-93.2316696,44.8536774],[-93.2317565,44.8536773],[-93.2317561,44.8534623],[-93.2316832,44.8534624],[-93.2316832,44.8534373],[-93.2315983,44.8534374],[-93.2315984,44.853463],[-93.2315355,44.853463],[-93.2315349,44.8531949],[-93.2316019,44.8531948],[-93.231602,44.8532205],[-93.231685,44.8532204],[-93.231685,44.8531943],[-93.2317611,44.8531942]]]},"properties":{"id":"fp-ovt-9086f742-b5c5-41","gers":"9086f742-b5c5-41b3-b96c-cd15753d9c01","kind":"building","src":"overture","bbox":[-93.231761,44.852939,-93.230809,44.853714],"m2":5089,"sites":["f036"]}},{"type":"Feature","geometry":{"type":"Polygon","coordinates":[[[121.0222883,24.7741992],[121.0233088,24.7731732],[121.0241326,24.7738488],[121.023927,24.7740555],[121.0237427,24.7739043],[121.0229278,24.7747235],[121.0222883,24.7741992]]]},"properties":{"id":"fp-ovt-91e5f5da-ac6d-46","gers":"91e5f5da-ac6d-464e-adca-aa0f99f507f0","kind":"building","src":"overture","bbox":[121.022288,24.773173,121.024133,24.774724],"m2":14181,"sites":["f208"]}},{"type":"Feature","geometry":{"type":"Polygon","coordinates":[[[34.3331241,53.2492255],[34.3326376,53.2497995],[34.3325534,53.249774],[34.332396,53.2497262],[34.3322798,53.249691],[34.3327663,53.2491169],[34.3331241,53.2492255]]]},"properties":{"id":"fp-ovt-937ace45-2664-42","gers":"937ace45-2664-4206-b845-351dff2d6bea","kind":"building","src":"overture","bbox":[34.33228,53.249117,34.333124,53.2498],"m2":1914,"sites":["f201"]}},{"type":"Feature","geometry":{"type":"Polygon","coordinates":[[[131.4013503,31.8578359],[131.3994472,31.857122],[131.3998266,31.8563619],[131.4017485,31.8570775],[131.4013503,31.8578359]]]},"properties":{"id":"fp-ovt-94013e90-e1f2-45","gers":"94013e90-e1f2-459e-a7b4-1dfb94f4b2bc","kind":"building","src":"overture","bbox":[131.399447,31.856362,131.401748,31.857836],"m2":18209,"sites":["f113"]}},{"type":"Feature","geometry":{"type":"Polygon","coordinates":[[[8.4794525,49.6003789],[8.4783507,49.6001873],[8.4786174,49.599543],[8.4797192,49.5997346],[8.4794525,49.6003789]]]},"properties":{"id":"fp-ovt-94fd1494-8f5e-4a","gers":"94fd1494-8f5e-4a9e-a6b4-4764abe2d331","kind":"building","src":"overture","bbox":[8.478351,49.599543,8.479719,49.600379],"m2":6112,"sites":["f167"]}},{"type":"Feature","geometry":{"type":"Polygon","coordinates":[[[101.9823067,2.6895485],[101.9815664,2.6889671],[101.9822531,2.6878231],[101.9828432,2.6879785],[101.9831811,2.6884822],[101.9831543,2.6888519],[101.9831543,2.6889966],[101.9823067,2.6895485]]]},"properties":{"id":"fp-ovt-970534e6-d2c0-45","gers":"970534e6-d2c0-4542-a2c6-2e70b807180c","kind":"building","src":"overture","bbox":[101.981566,2.687823,101.983181,2.689548],"m2":21502,"sites":["f145"]}},{"type":"Feature","geometry":{"type":"Polygon","coordinates":[[[76.7024162,30.7041355],[76.702423,30.7041707],[76.7023187,30.7041858],[76.7023119,30.7041506],[76.7024162,30.7041355]]]},"properties":{"id":"fp-ovt-9744a0e6-0f49-48","gers":"9744a0e6-0f49-48da-b66c-9bcccf1e06be","kind":"building","src":"overture","bbox":[76.702312,30.704135,76.702423,30.704186],"m2":40,"sites":["f140"]}},{"type":"Feature","geometry":{"type":"Polygon","coordinates":[[[6.6424207,46.7641944],[6.6418748,46.7645334],[6.6415004,46.764358],[6.6420798,46.763787],[6.6425288,46.76401],[6.6424207,46.7641944]]]},"properties":{"id":"fp-ovt-97593cd7-8e4e-47","gers":"97593cd7-8e4e-47e5-896d-3b5213f17598","kind":"building","src":"overture","bbox":[6.6415,46.763787,6.642529,46.764533],"m2":3227,"sites":["f129"]}},{"type":"Feature","geometry":{"type":"Polygon","coordinates":[[[-96.748847,32.9227053],[-96.7488948,32.9226311],[-96.7488523,32.9226119],[-96.7488046,32.922686],[-96.748847,32.9227053]]]},"properties":{"id":"fp-ovt-9e4bb694-afc9-4f","gers":"9e4bb694-afc9-4f49-b5a1-9902c6d207eb","kind":"building","src":"overture","bbox":[-96.748895,32.922612,-96.748805,32.922705],"m2":42,"sites":["f134"]}},{"type":"Feature","geometry":{"type":"Polygon","coordinates":[[[-97.4513667,30.538828],[-97.453244,30.5390855],[-97.4537764,30.5359642],[-97.4519457,30.5357068],[-97.4513667,30.538828]]]},"properties":{"id":"fp-ovt-9e99c57c-79f9-49","gers":"9e99c57c-79f9-496c-9dc9-b6ae734645af","kind":"building","src":"overture","bbox":[-97.453776,30.535707,-97.451367,30.539085],"m2":63291,"sites":["f041"]}},{"type":"Feature","geometry":{"type":"Polygon","coordinates":[[[2.4776586,48.5735056],[2.4776396,48.5735373],[2.4776132,48.5735303],[2.4776322,48.5734986],[2.4776586,48.5735056]]]},"properties":{"id":"fp-ovt-9e9c504f-2fce-43","gers":"9e9c504f-2fce-43b6-be32-8c259709962c","kind":"building","src":"overture","bbox":[2.477613,48.573499,2.477659,48.573537],"m2":8,"sites":["f038"]}},{"type":"Feature","geometry":{"type":"Polygon","coordinates":[[[120.2727362,23.1119764],[120.2720606,23.1117108],[120.2727564,23.1102139],[120.2727825,23.1101579],[120.2728847,23.109938],[120.272825,23.1099145],[120.2728642,23.1098303],[120.2729276,23.1098552],[120.272954,23.1097985],[120.2732418,23.1099117],[120.2732068,23.1099869],[120.2734599,23.1100865],[120.2735047,23.1099901],[120.2736099,23.1100314],[120.2737436,23.110084],[120.2738701,23.1101338],[120.2740109,23.1101891],[120.2741995,23.1102633],[120.2741535,23.1103623],[120.2742062,23.110383],[120.2741682,23.1104648],[120.2741107,23.1104422],[120.2734316,23.1119031],[120.2733696,23.1120363],[120.2732953,23.1121963],[120.2728412,23.1120177],[120.2727362,23.1119764]]]},"properties":{"id":"fp-ovt-9f4abdc8-7703-45","gers":"9f4abdc8-7703-45cc-96ef-e84f3d9f4b36","kind":"building","src":"overture","bbox":[120.272061,23.109799,120.274206,23.112196],"m2":31929,"sites":["f087"]}},{"type":"Feature","geometry":{"type":"Polygon","coordinates":[[[-2.1422188,53.3761463],[-2.1408931,53.3760199],[-2.1406728,53.3768422],[-2.1427668,53.3770419],[-2.1429572,53.3763313],[-2.1421888,53.3762581],[-2.1422188,53.3761463]]]},"properties":{"id":"fp-ovt-a1cd5333-d3c7-40","gers":"a1cd5333-d3c7-40c4-8fa9-f8effdf6b00a","kind":"building","src":"overture","bbox":[-2.142957,53.37602,-2.140673,53.377042],"m2":12404,"sites":["f100"]}},{"type":"Feature","geometry":{"type":"Polygon","coordinates":[[[-73.8244079,41.5464445],[-73.824518,41.5464207],[-73.8244722,41.5463021],[-73.8241628,41.546369],[-73.8241993,41.5464635],[-73.8242661,41.5464491],[-73.8242808,41.546487],[-73.82436,41.5464698],[-73.8243425,41.5464245],[-73.8243958,41.546413],[-73.8244079,41.5464445]]]},"properties":{"id":"fp-ovt-a244a560-c42a-46","gers":"a244a560-c42a-4606-9a83-87fce633a4de","kind":"building","src":"overture","bbox":[-73.824518,41.546302,-73.824163,41.546487],"m2":347,"sites":["f034"]}},{"type":"Feature","geometry":{"type":"Polygon","coordinates":[[[11.15123,46.0674726],[11.1512325,46.067193],[11.1512602,46.0671931],[11.1512576,46.0674725],[11.15123,46.0674726]]]},"properties":{"id":"fp-ovt-a3c2330a-91f8-42","gers":"a3c2330a-91f8-4293-9082-d839130ab2fe","kind":"building","src":"overture","bbox":[11.15123,46.067193,11.15126,46.067473],"m2":66,"sites":["f203"]}},{"type":"Feature","geometry":{"type":"Polygon","coordinates":[[[-95.6147709,29.6366258],[-95.6153174,29.6365573],[-95.6152598,29.6362101],[-95.6149708,29.6362464],[-95.6149643,29.6362075],[-95.6148435,29.6362227],[-95.6148499,29.6362615],[-95.6147369,29.6362757],[-95.6147464,29.6363328],[-95.6145178,29.6363614],[-95.6145114,29.6363226],[-95.6143931,29.6363374],[-95.6144007,29.6363831],[-95.6142352,29.6364039],[-95.6142852,29.6367053],[-95.6144718,29.6366819],[-95.6144786,29.636723],[-95.6147808,29.6366852],[-95.6147709,29.6366258]]]},"properties":{"id":"fp-ovt-a4185489-7856-4a","gers":"a4185489-7856-4a45-858e-f946ee05d3dc","kind":"building","src":"overture","bbox":[-95.615317,29.636208,-95.614235,29.636723],"m2":3954,"sites":["f206"]}},{"type":"Feature","geometry":{"type":"Polygon","coordinates":[[[-0.6103217,53.2061172],[-0.6117701,53.2064738],[-0.6120488,53.2060678],[-0.6121809,53.2061004],[-0.6122079,53.206061],[-0.6123449,53.2060947],[-0.6126439,53.205659],[-0.6125062,53.2056251],[-0.6123137,53.2059056],[-0.6121823,53.2058732],[-0.6124468,53.2054879],[-0.6122241,53.2054331],[-0.6119912,53.2057724],[-0.6119216,53.2057552],[-0.6119619,53.2056965],[-0.6116745,53.2056257],[-0.6117798,53.2054723],[-0.6114697,53.205396],[-0.6113657,53.2055476],[-0.6112851,53.2055278],[-0.6114461,53.2052932],[-0.6112491,53.2052447],[-0.6110405,53.2055486],[-0.6107595,53.2054794],[-0.6103217,53.2061172]]]},"properties":{"id":"fp-ovt-a45322a4-6f8b-40","gers":"a45322a4-6f8b-4040-8b06-5eaabe5e4be4","kind":"building","src":"overture","bbox":[-0.612644,53.205245,-0.610322,53.206474],"m2":10766,"sites":["f116"]}},{"type":"Feature","geometry":{"type":"Polygon","coordinates":[[[34.7899428,31.5946837],[34.789945,31.5947328],[34.7899022,31.5947342],[34.7898999,31.5946851],[34.7899428,31.5946837]]]},"properties":{"id":"fp-ovt-a59a41e4-fd56-47","gers":"a59a41e4-fd56-4756-bed6-55db34194955","kind":"building","src":"overture","bbox":[34.7899,31.594684,34.789945,31.594734],"m2":22,"sites":["f027"]}},{"type":"Feature","geometry":{"type":"Polygon","coordinates":[[[-71.4472297,42.7040555],[-71.4472,42.7039662],[-71.4470861,42.7039866],[-71.4471157,42.7040759],[-71.4472297,42.7040555]]]},"properties":{"id":"fp-ovt-a75aba8a-09e7-40","gers":"a75aba8a-09e7-400c-a034-30dd6b47d42a","kind":"building","src":"overture","bbox":[-71.44723,42.703966,-71.447086,42.704076],"m2":98,"sites":["f142"]}},{"type":"Feature","geometry":{"type":"Polygon","coordinates":[[[127.2452489,37.2006775],[127.2453684,37.200661],[127.2454167,37.2008831],[127.2452973,37.2008996],[127.2452489,37.2006775]]]},"properties":{"id":"fp-ovt-aa7d69f0-6a8e-4f","gers":"aa7d69f0-6a8e-4f63-9edc-da6d28405f46","kind":"building","src":"overture","bbox":[127.245249,37.200661,127.245417,37.2009],"m2":270,"sites":["f082"]}},{"type":"Feature","geometry":{"type":"Polygon","coordinates":[[[-75.8944837,41.1435847],[-75.8949577,41.1433297],[-75.8948176,41.1431855],[-75.894904,41.1431398],[-75.8948736,41.1431134],[-75.894911,41.1430923],[-75.8945957,41.142767],[-75.8945677,41.1427846],[-75.8945304,41.142753],[-75.894444,41.1427969],[-75.894479,41.1428303],[-75.8940797,41.1430431],[-75.8940493,41.1430202],[-75.8939653,41.1430624],[-75.8938859,41.1429851],[-75.8938158,41.1430202],[-75.8937621,41.142964],[-75.8939419,41.142869],[-75.8934166,41.142287],[-75.893496,41.142243],[-75.8933465,41.1420812],[-75.8929776,41.1422835],[-75.8929566,41.1422676],[-75.8923518,41.1425859],[-75.892228,41.1424611],[-75.8919292,41.1426264],[-75.8919478,41.1426439],[-75.8912707,41.1430255],[-75.891705,41.1434686],[-75.8923611,41.1431257],[-75.8928281,41.1435671],[-75.8937621,41.1430572],[-75.8941801,41.1434915],[-75.8941498,41.1435091],[-75.8942151,41.1435759],[-75.8943062,41.1435284],[-75.8942899,41.1435091],[-75.8943762,41.1434686],[-75.8944837,41.1435847]]]},"properties":{"id":"fp-ovt-aae47e01-5c0b-41","gers":"aae47e01-5c0b-412d-8b59-d6f8b15d4c26","kind":"building","src":"overture","bbox":[-75.894958,41.142081,-75.891271,41.143585],"m2":23635,"sites":["f099"]}},{"type":"Feature","geometry":{"type":"Polygon","coordinates":[[[-116.1487699,43.527878],[-116.1487342,43.5278007],[-116.1487728,43.5277913],[-116.1486745,43.5275792],[-116.1487828,43.5275528],[-116.1486774,43.5273255],[-116.1483789,43.5273975],[-116.1482962,43.5274194],[-116.1482442,43.5274331],[-116.1483126,43.5275865],[-116.1475973,43.5277563],[-116.1478996,43.5284262],[-116.1476293,43.5284941],[-116.1476111,43.5284527],[-116.1473706,43.5285096],[-116.1474161,43.5286116],[-116.1476251,43.5285627],[-116.1476326,43.5285796],[-116.1479097,43.5285147],[-116.1479356,43.528573],[-116.1478791,43.5285862],[-116.147921,43.5286802],[-116.1480014,43.5286613],[-116.1480213,43.528706],[-116.1480997,43.5286876],[-116.1481154,43.5287228],[-116.1481165,43.5289647],[-116.1480388,43.5289649],[-116.148039,43.5290214],[-116.1474081,43.5290228],[-116.1474087,43.5291566],[-116.1475755,43.5291562],[-116.1475772,43.5295441],[-116.1475751,43.5295722],[-116.1475752,43.5295935],[-116.1475356,43.5295936],[-116.1475358,43.5296269],[-116.1475724,43.5296268],[-116.1475725,43.5296476],[-116.1480431,43.5296464],[-116.1480432,43.5296824],[-116.1485959,43.5296811],[-116.1485965,43.5298169],[-116.1482796,43.5298176],[-116.1482798,43.5298556],[-116.1478811,43.5298564],[-116.1478822,43.5301585],[-116.1477604,43.5301587],[-116.147761,43.5303309],[-116.1479468,43.5303306],[-116.147947,43.5303796],[-116.1477785,43.5303799],[-116.1477789,43.5305388],[-116.147959,43.5305385],[-116.1479595,43.5306881],[-116.1474997,43.5306888],[-116.1474995,43.5306531],[-116.1474453,43.5306532],[-116.1474451,43.5305893],[-116.1473747,43.5305871],[-116.147324,43.5305873],[-116.1471917,43.5305879],[-116.1471927,43.5306361],[-116.147133,43.5306367],[-116.1471337,43.5306803],[-116.1471152,43.5306805],[-116.1471159,43.5307351],[-116.1472459,43.5307341],[-116.1472496,43.5310192],[-116.1476132,43.5310167],[-116.1476135,43.5310443],[-116.1476537,43.5310441],[-116.147654,43.5310724],[-116.1477601,43.531072],[-116.1477599,43.5310426],[-116.1487171,43.5310395],[-116.1487157,43.5308041],[-116.1487623,43.530804],[-116.1487619,43.5307268],[-116.1487122,43.5307269],[-116.1487109,43.5304768],[-116.1489871,43.5304761],[-116.148988,43.5306699],[-116.1491964,43.5306693],[-116.1491969,43.530781],[-116.1493031,43.5307807],[-116.1493043,43.5310112],[-116.1494166,43.5310109],[-116.149416,43.5308948],[-116.1495055,43.5308937],[-116.1495055,43.5309713],[-116.1496196,43.5309707],[-116.1496182,43.5308741],[-116.1498359,43.5308735],[-116.1498351,43.530727],[-116.1503961,43.5307254],[-116.1505074,43.5306437],[-116.1503987,43.5304084],[-116.1501738,43.5304087],[-116.1501739,43.5304282],[-116.1500829,43.5304283],[-116.1500829,43.530407],[-116.1499363,43.5304072],[-116.1499356,43.5301997],[-116.1498307,43.5301999],[-116.1498299,43.530007],[-116.149729,43.5300072],[-116.1497282,43.5298115],[-116.1496205,43.5298117],[-116.1496204,43.5297826],[-116.1487139,43.5297853],[-116.1487135,43.5297119],[-116.1487547,43.5297118],[-116.1487543,43.5296517],[-116.1488406,43.5296514],[-116.1488384,43.5293377],[-116.1489812,43.5293372],[-116.1489806,43.5292583],[-116.1489253,43.5292585],[-116.1489218,43.5287943],[-116.1487708,43.5287949],[-116.1487706,43.5287611],[-116.1487193,43.5287613],[-116.1488682,43.5285882],[-116.148892,43.5285824],[-116.1488669,43.5285278],[-116.1489134,43.5285166],[-116.1489042,43.5284967],[-116.149073,43.5284558],[-116.1488029,43.52787],[-116.1487699,43.527878]],[[-116.1482044,43.5286993],[-116.1481884,43.5286677],[-116.1487606,43.5285308],[-116.1488002,43.5286081],[-116.1486761,43.5287423],[-116.1486768,43.5287918],[-116.1483925,43.5287928],[-116.1483853,43.5294873],[-116.1482853,43.5294857],[-116.1482842,43.5295645],[-116.1482725,43.5295645],[-116.1482768,43.5296386],[-116.1481682,43.5296409],[-116.1481629,43.5293692],[-116.148182,43.52937],[-116.1481799,43.5293322],[-116.1481671,43.5293314],[-116.1481597,43.5287117],[-116.1482044,43.5286993]],[[-116.1489735,43.5300003],[-116.1489503,43.5300001],[-116.1489492,43.5301117],[-116.1489825,43.5301119],[-116.1489816,43.530197],[-116.1489384,43.5301968],[-116.1489372,43.5303003],[-116.1489879,43.5303006],[-116.148986,43.530462],[-116.1487576,43.5304605],[-116.1487586,43.5303802],[-116.1487041,43.5303798],[-116.1487072,43.5301254],[-116.1487467,43.5301257],[-116.1487471,43.530094],[-116.1487594,43.5300941],[-116.1487617,43.5299161],[-116.1487836,43.5299162],[-116.1487844,43.529856],[-116.1487457,43.5298558],[-116.1487699,43.5298159],[-116.1489751,43.5298168],[-116.1489735,43.5300003]]]},"properties":{"id":"fp-ovt-ac74a3cd-8458-44","gers":"ac74a3cd-8458-44cb-a5b1-10f7e933cb4a","kind":"building","src":"overture","bbox":[-116.150507,43.527326,-116.147115,43.531072],"m2":41212,"sites":["f051"]}},{"type":"Feature","geometry":{"type":"Polygon","coordinates":[[[-71.1649787,42.4992726],[-71.1650323,42.4992445],[-71.1647893,42.4989922],[-71.1647643,42.4990053],[-71.1647236,42.498963],[-71.1647486,42.49895],[-71.164575,42.4987697],[-71.1641511,42.4989915],[-71.1641292,42.4989689],[-71.1641812,42.4989416],[-71.1641443,42.4989033],[-71.1639415,42.4988833],[-71.1636456,42.4990367],[-71.1636032,42.4992205],[-71.1638848,42.4995129],[-71.1640038,42.4995293],[-71.1640699,42.4995981],[-71.1642664,42.4994952],[-71.1643939,42.4996276],[-71.1644173,42.4996153],[-71.1651681,42.5003951],[-71.1655538,42.5001932],[-71.1655326,42.5001711],[-71.1655999,42.5001358],[-71.1655221,42.5000551],[-71.1656063,42.500011],[-71.1650417,42.4994247],[-71.1650591,42.4994156],[-71.1649632,42.499316],[-71.1650013,42.499296],[-71.1649787,42.4992726]]]},"properties":{"id":"fp-ovt-aca50674-1d83-4a","gers":"aca50674-1d83-4a74-8977-60573f1a829a","kind":"building","src":"overture","bbox":[-71.165606,42.49877,-71.163603,42.500395],"m2":12472,"sites":["f104"]}},{"type":"Feature","geometry":{"type":"Polygon","coordinates":[[[121.6018231,31.2109506],[121.6018092,31.2110444],[121.6017656,31.2110396],[121.6017795,31.2109458],[121.6018231,31.2109506]]]},"properties":{"id":"fp-ovt-ad2adf0d-df8e-4a","gers":"ad2adf0d-df8e-4a39-8972-30d8a7b02cba","kind":"building","src":"overture","bbox":[121.601766,31.210946,121.601823,31.211044],"m2":44,"sites":["f194"]}},{"type":"Feature","geometry":{"type":"Polygon","coordinates":[[[133.4545897,34.4987939],[133.4545844,34.4988056],[133.454623,34.4988175],[133.454618,34.4988286],[133.4546713,34.498845],[133.4545533,34.4991067],[133.4533581,34.4987374],[133.453476,34.4984758],[133.4545265,34.4988003],[133.4545367,34.4987776],[133.4545897,34.4987939]]]},"properties":{"id":"fp-ovt-ae0636d9-2305-43","gers":"ae0636d9-2305-43ac-be2a-aa870017d1b3","kind":"building","src":"overture","bbox":[133.453358,34.498476,133.454671,34.499107],"m2":3658,"sites":["f120"]}},{"type":"Feature","geometry":{"type":"Polygon","coordinates":[[[120.9133413,24.7112536],[120.9133413,24.7113032],[120.912855,24.7113026],[120.9128558,24.7107188],[120.9133469,24.7107193],[120.9133462,24.7112189],[120.9134824,24.7112191],[120.9134829,24.7108957],[120.914054,24.7108958],[120.9140529,24.7110454],[120.914054,24.7112946],[120.9134793,24.7112938],[120.9134793,24.7112538],[120.9133413,24.7112536]]]},"properties":{"id":"fp-ovt-ae446ce6-3821-43","gers":"ae446ce6-3821-43d5-96e2-20a99a23f967","kind":"building","src":"overture","bbox":[120.912855,24.710719,120.914054,24.711303],"m2":5840,"sites":["f156"]}},{"type":"Feature","geometry":{"type":"Polygon","coordinates":[[[-122.4564642,45.6195727],[-122.4564651,45.6196074],[-122.4566865,45.6196046],[-122.4566856,45.619569],[-122.4566652,45.6195693],[-122.456665,45.6195618],[-122.4566357,45.6195622],[-122.4566359,45.6195705],[-122.4564642,45.6195727]]]},"properties":{"id":"fp-ovt-ae86bd62-7803-47","gers":"ae86bd62-7803-47af-a7af-4363a2e66d91","kind":"building","src":"overture","bbox":[-122.456687,45.619562,-122.456464,45.619607],"m2":69,"sites":["f089"]}},{"type":"Feature","geometry":{"type":"Polygon","coordinates":[[[120.2533771,22.8364408],[120.2533465,22.8364493],[120.2533145,22.8364478],[120.2532871,22.8364377],[120.2532646,22.8364202],[120.2532491,22.8363971],[120.2532422,22.8363706],[120.2532446,22.8363435],[120.2532561,22.8363185],[120.2532755,22.836298],[120.2533009,22.8362842],[120.2533297,22.8362783],[120.253359,22.836281],[120.2533881,22.8362934],[120.2534109,22.8363141],[120.2534248,22.8363406],[120.2534281,22.83637],[120.2534205,22.8363986],[120.2534028,22.8364232],[120.2533771,22.8364408]]]},"properties":{"id":"fp-ovt-aeb89adf-e39b-4e","gers":"aeb89adf-e39b-4ede-8c1f-15f4940f3e99","kind":"building","src":"overture","bbox":[120.253242,22.836278,120.253428,22.836449],"m2":282,"sites":["f002"]}},{"type":"Feature","geometry":{"type":"Polygon","coordinates":[[[13.4264059,41.9973499],[13.4260317,41.9978394],[13.4254044,41.9975745],[13.4253283,41.9976739],[13.424692,41.9974043],[13.4250061,41.9969949],[13.4245261,41.9967914],[13.4252047,41.9959072],[13.4252737,41.9959365],[13.4256232,41.9954815],[13.4258003,41.9955704],[13.4248854,41.9968351],[13.4251071,41.9969267],[13.4260341,41.9956877],[13.4261396,41.9957314],[13.426272,41.9955556],[13.4269104,41.9958216],[13.4259448,41.9971012],[13.4261174,41.9971733],[13.4262824,41.9969555],[13.4266839,41.9971238],[13.4264865,41.9973838],[13.4264059,41.9973499]]]},"properties":{"id":"fp-ovt-b1a3796b-bb87-44","gers":"b1a3796b-bb87-4451-a5b5-e06a5dbbe1e8","kind":"building","src":"overture","bbox":[13.424526,41.995481,13.42691,41.997839],"m2":25532,"sites":["f138"]}},{"type":"Feature","geometry":{"type":"Polygon","coordinates":[[[121.0200793,24.773643],[121.0193181,24.7736345],[121.0193181,24.7724133],[121.0200933,24.7723921],[121.0200793,24.773643]]]},"properties":{"id":"fp-ovt-b1b30d52-9c1a-46","gers":"b1b30d52-9c1a-4689-bded-0005c70c6dbf","kind":"building","src":"overture","bbox":[121.019318,24.772392,121.020093,24.773643],"m2":10683,"sites":["f004"]}},{"type":"Feature","geometry":{"type":"Polygon","coordinates":[[[132.6817186,34.3866252],[132.6816226,34.3866227],[132.6816502,34.3859007],[132.6851988,34.3859929],[132.6851697,34.3867567],[132.6850155,34.3867527],[132.685018,34.3866896],[132.6833488,34.3866462],[132.6833461,34.3867156],[132.6831855,34.3867114],[132.6831883,34.3866371],[132.6817196,34.3865989],[132.6817186,34.3866252]]]},"properties":{"id":"fp-ovt-b1fbf0b8-0ba7-47","gers":"b1fbf0b8-0ba7-4723-8300-94acd72968f2","kind":"building","src":"overture","bbox":[132.681623,34.385901,132.685199,34.386757],"m2":25614,"sites":["f048"]}},{"type":"Feature","geometry":{"type":"Polygon","coordinates":[[[127.4803599,37.2500138],[127.4803584,37.2500896],[127.4797964,37.2500827],[127.4797978,37.2500069],[127.4803599,37.2500138]]]},"properties":{"id":"fp-ovt-b26668ae-e904-49","gers":"b26668ae-e904-49d2-a2e6-308dd5707cb0","kind":"building","src":"overture","bbox":[127.479796,37.250007,127.48036,37.25009],"m2":420,"sites":["f043"]}},{"type":"Feature","geometry":{"type":"Polygon","coordinates":[[[-71.176886,42.7148702],[-71.1767553,42.7146615],[-71.176494,42.7147505],[-71.1768003,42.7152396],[-71.1785188,42.7146543],[-71.1784979,42.714621],[-71.1784826,42.7146265],[-71.1783853,42.7144767],[-71.1785316,42.714425],[-71.1786067,42.7145405],[-71.1795941,42.7141917],[-71.1792656,42.7136861],[-71.1783617,42.7140046],[-71.1783414,42.7139731],[-71.1782962,42.713903],[-71.179949,42.7133225],[-71.1793594,42.7124127],[-71.1794321,42.712387],[-71.1794071,42.71235],[-71.1781164,42.7126571],[-71.1780016,42.7133111],[-71.178197,42.7136231],[-71.1773623,42.7139074],[-71.1775257,42.7141682],[-71.1782491,42.7139218],[-71.1782927,42.7139914],[-71.1783076,42.7140151],[-71.1782695,42.7140281],[-71.1783532,42.7141617],[-71.1783362,42.7141675],[-71.1784157,42.7142943],[-71.1784433,42.7142849],[-71.1784996,42.7143749],[-71.1784029,42.7144078],[-71.1783893,42.7143861],[-71.178348,42.7144002],[-71.1782549,42.7142516],[-71.1778546,42.7143879],[-71.1777788,42.7142671],[-71.1774557,42.7143771],[-71.1775349,42.7145037],[-71.1769275,42.7147106],[-71.1770026,42.7148305],[-71.176886,42.7148702]]]},"properties":{"id":"fp-ovt-b433e148-94d1-44","gers":"b433e148-94d1-447f-aff8-3e5fdb165074","kind":"building","src":"overture","bbox":[-71.179949,42.71235,-71.176494,42.71524],"m2":33268,"sites":["f205"]}},{"type":"Feature","geometry":{"type":"Polygon","coordinates":[[[-1.4519073,54.669766],[-1.4521181,54.669796],[-1.4522157,54.6695741],[-1.451823,54.6695184],[-1.4518162,54.6695321],[-1.4516152,54.6695028],[-1.451545,54.6696697],[-1.4517454,54.6696979],[-1.4517622,54.6696637],[-1.4519381,54.6696874],[-1.4519073,54.669766]]]},"properties":{"id":"fp-ovt-b5aeebc0-452b-43","gers":"b5aeebc0-452b-43bc-bdf6-400597373454","kind":"building","src":"overture","bbox":[-1.452216,54.669503,-1.451545,54.669796],"m2":811,"sites":["f182"]}},{"type":"Feature","geometry":{"type":"Polygon","coordinates":[[[121.0236397,24.7636315],[121.0238776,24.7640902],[121.0233896,24.7643033],[121.0233472,24.7642043],[121.0233697,24.7639547],[121.0234206,24.7638372],[121.0234659,24.7637748],[121.0234648,24.7637039],[121.0233729,24.7637262],[121.0232634,24.7637229],[121.0231888,24.7636744],[121.0231635,24.763578],[121.0230376,24.7636344],[121.0228959,24.7633374],[121.0232839,24.7631167],[121.0233565,24.7632454],[121.0235366,24.7632977],[121.023648,24.7632413],[121.0238007,24.7635446],[121.0236397,24.7636315]]]},"properties":{"id":"fp-ovt-b6c0683d-c010-43","gers":"b6c0683d-c010-4396-b41f-71b42fed8786","kind":"building","src":"overture","bbox":[121.022896,24.763117,121.023878,24.764303],"m2":6071,"sites":["f111"]}},{"type":"Feature","geometry":{"type":"Polygon","coordinates":[[[38.0498354,55.9665859],[38.051085,55.9660452],[38.0514663,55.9663212],[38.0502168,55.9668619],[38.0498354,55.9665859]]]},"properties":{"id":"fp-ovt-b8cc66aa-fc66-42","gers":"b8cc66aa-fc66-42ff-8d85-edcc2ad0e46a","kind":"building","src":"overture","bbox":[38.049835,55.966045,38.051466,55.966862],"m2":3822,"sites":["f199"]}},{"type":"Feature","geometry":{"type":"Polygon","coordinates":[[[35.2493487,32.6892497],[35.2491449,32.6892317],[35.2491449,32.6882745],[35.2486621,32.6882655],[35.2486406,32.6885364],[35.2484368,32.6885364],[35.2481176,32.6879201],[35.2482034,32.6878073],[35.248587,32.6878095],[35.2485769,32.6875515],[35.2486904,32.6875568],[35.248689,32.6873858],[35.2493594,32.6873987],[35.2493584,32.6873386],[35.2489088,32.6873264],[35.2488874,32.6868208],[35.2492843,32.6868478],[35.2496277,32.6872181],[35.2496169,32.6874348],[35.2501319,32.6874528],[35.2501963,32.6876425],[35.2501989,32.688261],[35.2492951,32.6882655],[35.249295,32.6883941],[35.2503427,32.6883978],[35.2503572,32.6894835],[35.2499862,32.6894718],[35.2494667,32.6894574],[35.249456,32.6893491],[35.2493487,32.6892497]]]},"properties":{"id":"fp-ovt-b97b0a42-6dd8-46","gers":"b97b0a42-6dd8-462a-a5ba-16f1e3ddecf9","kind":"building","src":"overture","bbox":[35.248118,32.686821,35.250357,32.689484],"m2":33050,"sites":["f032"]}},{"type":"Feature","geometry":{"type":"Polygon","coordinates":[[[-118.3450831,33.8164201],[-118.3451707,33.8164579],[-118.345428,33.8160421],[-118.3454216,33.8160134],[-118.3451547,33.8158976],[-118.34517,33.815873],[-118.3451255,33.8158537],[-118.3451091,33.8158802],[-118.3448183,33.815754],[-118.3447833,33.8157639],[-118.3446116,33.8160415],[-118.3447612,33.816106],[-118.3446939,33.8162148],[-118.3447204,33.8162262],[-118.3447084,33.8162455],[-118.3447941,33.8162824],[-118.3447399,33.81637],[-118.3450354,33.8164973],[-118.3450831,33.8164201]]]},"properties":{"id":"fp-ovt-baf70af8-d8f0-4d","gers":"baf70af8-d8f0-4dc9-8dea-20bee85d0ca6","kind":"building","src":"overture","bbox":[-118.345428,33.815754,-118.344612,33.816497],"m2":3681,"sites":["f161"]}},{"type":"Feature","geometry":{"type":"Polygon","coordinates":[[[120.2734128,23.1132966],[120.2731354,23.1131875],[120.2736604,23.1120582],[120.273686,23.1120031],[120.2743967,23.1104742],[120.2746736,23.1105831],[120.2747069,23.1105115],[120.2747486,23.1105279],[120.2747665,23.1104892],[120.2754007,23.1107385],[120.2753838,23.1107747],[120.275452,23.1108015],[120.2754192,23.1108722],[120.2755187,23.1109113],[120.2742572,23.113625],[120.2741612,23.1135873],[120.2741069,23.1135659],[120.2740862,23.1136106],[120.2737863,23.1134927],[120.2737329,23.1134717],[120.2734567,23.1133631],[120.2734761,23.1133215],[120.2734128,23.1132966]]]},"properties":{"id":"fp-ovt-bbfa3cba-423f-4c","gers":"bbfa3cba-423f-4c1a-8fbc-ee6928c6288f","kind":"building","src":"overture","bbox":[120.273135,23.110474,120.275519,23.113625],"m2":42384,"sites":["f012"]}},{"type":"Feature","geometry":{"type":"Polygon","coordinates":[[[120.9129004,24.7113621],[120.9128997,24.7114368],[120.9128314,24.7114363],[120.9128321,24.7113615],[120.9129004,24.7113621]]]},"properties":{"id":"fp-ovt-bc10924f-78c4-47","gers":"bc10924f-78c4-4763-9a04-14bc5fd3e42e","kind":"building","src":"overture","bbox":[120.912831,24.711361,120.9129,24.711437],"m2":57,"sites":["f157"]}},{"type":"Feature","geometry":{"type":"Polygon","coordinates":[[[117.0780564,39.0731023],[117.0794138,39.0731037],[117.0794117,39.0738018],[117.0780222,39.0738048],[117.0780251,39.0734492],[117.0781502,39.0734508],[117.0781523,39.0732758],[117.0777579,39.0732738],[117.0777601,39.0738032],[117.0765126,39.0738026],[117.0765126,39.0731039],[117.077865,39.0731041],[117.0778909,39.0731242],[117.0779189,39.0731166],[117.0779456,39.073111],[117.0779759,39.0731123],[117.0780048,39.0731145],[117.0780299,39.0731249],[117.0780564,39.0731023]]]},"properties":{"id":"fp-ovt-bc66e766-cef7-4b","gers":"bc66e766-cef7-4be8-bb59-545b3dbc34c1","kind":"building","src":"overture","bbox":[117.076513,39.073102,117.079414,39.073805],"m2":17938,"sites":["f212"]}},{"type":"Feature","geometry":{"type":"Polygon","coordinates":[[[127.4300092,36.6561529],[127.4285824,36.6560417],[127.4287751,36.65445],[127.4325109,36.6547409],[127.4323181,36.656333],[127.4310573,36.6562347],[127.4309135,36.6562235],[127.4302587,36.6561724],[127.4300092,36.6561529]]]},"properties":{"id":"fp-ovt-bfd67eee-c5b1-42","gers":"bfd67eee-c5b1-42d1-b09e-e4c3f7cda3ef","kind":"building","src":"overture","bbox":[127.428582,36.65445,127.432511,36.656333],"m2":59679,"sites":["f044"]}},{"type":"Feature","geometry":{"type":"Polygon","coordinates":[[[103.9306431,1.3790354],[103.9300083,1.3781317],[103.9317471,1.3769108],[103.9323821,1.3778146],[103.9306431,1.3790354]]]},"properties":{"id":"fp-ovt-c041c925-6fbd-4b","gers":"c041c925-6fbd-4b46-a984-b134e559e07d","kind":"building","src":"overture","bbox":[103.930008,1.376911,103.932382,1.379035],"m2":29072,"sites":["f070"]}},{"type":"Feature","geometry":{"type":"Polygon","coordinates":[[[136.6352922,35.1077539],[136.6347983,35.1091824],[136.6340778,35.1090156],[136.6345757,35.1075855],[136.6352922,35.1077539]]]},"properties":{"id":"fp-ovt-c0eb41e8-15f4-4d","gers":"c0eb41e8-15f4-4d34-aae0-66b5d4c899cc","kind":"building","src":"overture","bbox":[136.634078,35.107585,136.635292,35.109182],"m2":11253,"sites":["f071"]}},{"type":"Feature","geometry":{"type":"Polygon","coordinates":[[[-77.5042569,38.7500793],[-77.504037,38.7498785],[-77.5030768,38.7505102],[-77.5030392,38.7504725],[-77.5027227,38.7506943],[-77.5026744,38.7506483],[-77.5024008,38.7508323],[-77.5024545,38.7508784],[-77.5024116,38.7509076],[-77.5031948,38.7515979],[-77.5036196,38.7513108],[-77.5036567,38.7512857],[-77.5036776,38.7512716],[-77.5037527,38.7513385],[-77.5043964,38.7509118],[-77.5043213,38.7508407],[-77.504729,38.7505562],[-77.504729,38.750506],[-77.5048416,38.7504265],[-77.5045734,38.7501755],[-77.5045305,38.7502006],[-77.5043374,38.7500207],[-77.5042569,38.7500793]]]},"properties":{"id":"fp-ovt-c2d15ba8-1f13-41","gers":"c2d15ba8-1f13-4170-88a1-9fc314c3b908","kind":"building","src":"overture","bbox":[-77.504842,38.749879,-77.502401,38.751598],"m2":19724,"sites":["f050"]}},{"type":"Feature","geometry":{"type":"Polygon","coordinates":[[[9.4827818,53.9571036],[9.4827535,53.9570556],[9.4827351,53.9570559],[9.4827047,53.9570531],[9.4826866,53.9570493],[9.4826715,53.9570429],[9.4826601,53.957034],[9.4826505,53.9570227],[9.4826485,53.9570111],[9.4826515,53.9569991],[9.4826572,53.9569892],[9.4826644,53.9569817],[9.4826735,53.9569731],[9.4826861,53.9569667],[9.4826946,53.9569644],[9.4827164,53.9569608],[9.4827125,53.9569525],[9.4826574,53.9569642],[9.4826295,53.9569187],[9.4826883,53.9569063],[9.4826501,53.9568438],[9.4827655,53.9568194],[9.4827891,53.9568579],[9.4828483,53.9568454],[9.482799,53.9567649],[9.4829009,53.9567433],[9.4829836,53.9567939],[9.4830284,53.956834],[9.4834116,53.956759],[9.4834157,53.9567662],[9.4834508,53.9567594],[9.4834831,53.9568165],[9.4835046,53.9568123],[9.483533,53.9568626],[9.4830269,53.9569617],[9.4830391,53.9569832],[9.4830705,53.956977],[9.4830876,53.9570074],[9.483118,53.9570611],[9.4832287,53.9570394],[9.4832615,53.9571007],[9.4832777,53.9571554],[9.4832872,53.9572032],[9.4832831,53.9572364],[9.4832839,53.9572804],[9.4832814,53.9573186],[9.4832799,53.9573711],[9.4831714,53.9573932],[9.4831437,53.9573464],[9.483066,53.9573623],[9.4832258,53.9576331],[9.4830149,53.9576762],[9.482753,53.9572321],[9.4824781,53.9572882],[9.482541,53.9573948],[9.4818962,53.9575265],[9.4817951,53.9575472],[9.4817594,53.9574867],[9.4817434,53.9574596],[9.4818482,53.9574382],[9.4815269,53.9568935],[9.4814411,53.956911],[9.4813904,53.956825],[9.4817071,53.9567603],[9.4817214,53.9567847],[9.4821269,53.9567019],[9.4824087,53.9571798],[9.4827818,53.9571036]]]},"properties":{"id":"fp-ovt-c3660a55-9f2b-41","gers":"c3660a55-9f2b-413b-89e6-b143dc536ed5","kind":"building","src":"overture","bbox":[9.48139,53.956702,9.483533,53.957676],"m2":6862,"sites":["f164"]}},{"type":"Feature","geometry":{"type":"Polygon","coordinates":[[[9.3657203,45.5723678],[9.3656133,45.5727186],[9.3650551,45.5726351],[9.3648688,45.5726073],[9.3649757,45.5722566],[9.3657203,45.5723678]]]},"properties":{"id":"fp-ovt-c4e48b47-af12-48","gers":"c4e48b47-af12-4807-987d-a2fabbb48a67","kind":"building","src":"overture","bbox":[9.364869,45.572257,9.36572,45.572719],"m2":2368,"sites":["f046"]}},{"type":"Feature","geometry":{"type":"Polygon","coordinates":[[[-80.601247,28.037549],[-80.601247,28.037436],[-80.601156,28.037436],[-80.601156,28.037549],[-80.601247,28.037549]]]},"properties":{"id":"fp-ovt-c51cdb6e-82cc-45","gers":"c51cdb6e-82cc-45aa-8c93-b1bb45dd135f","kind":"building","src":"overture","bbox":[-80.601247,28.037436,-80.601156,28.037549],"m2":112,"sites":["f093"]}},{"type":"Feature","geometry":{"type":"Polygon","coordinates":[[[13.7423042,51.1307611],[13.74229,51.1306884],[13.7429758,51.1306334],[13.7429923,51.1307076],[13.7433434,51.1306804],[13.7433269,51.1306053],[13.7438432,51.1305639],[13.7442028,51.1323318],[13.7410676,51.1325828],[13.7407079,51.1308152],[13.7410612,51.1307869],[13.7410748,51.1308566],[13.7413335,51.1308365],[13.7413208,51.1307661],[13.7420222,51.1307099],[13.7420368,51.1307819],[13.7423042,51.1307611]]]},"properties":{"id":"fp-ovt-c58ad42c-292a-4d","gers":"c58ad42c-292a-4dc8-a198-057ccb93036e","kind":"building","src":"overture","bbox":[13.740708,51.130564,13.744203,51.132583],"m2":43299,"sites":["f019"]}},{"type":"Feature","geometry":{"type":"Polygon","coordinates":[[[121.0200081,24.7646972],[121.0197233,24.7650831],[121.0192049,24.7647778],[121.0192516,24.7647184],[121.0190088,24.7645615],[121.019303,24.7641841],[121.0200081,24.7646972]]]},"properties":{"id":"fp-ovt-c5903920-6003-4b","gers":"c5903920-6003-4bdd-9ab3-fe99224ff61d","kind":"building","src":"overture","bbox":[121.019009,24.764184,121.020008,24.765083],"m2":4905,"sites":["f155"]}},{"type":"Feature","geometry":{"type":"Polygon","coordinates":[[[-0.3331947,50.8204518],[-0.3335307,50.8205056],[-0.3335571,50.8204399],[-0.3335008,50.8204309],[-0.3335342,50.8203476],[-0.3335955,50.8203574],[-0.3336245,50.8202852],[-0.3332835,50.8202306],[-0.3331947,50.8204518]]]},"properties":{"id":"fp-ovt-c64cc0cc-f322-42","gers":"c64cc0cc-f322-42a2-a353-352c38812afb","kind":"building","src":"overture","bbox":[-0.333624,50.820231,-0.333195,50.820506],"m2":583,"sites":["f181"]}},{"type":"Feature","geometry":{"type":"Polygon","coordinates":[[[-122.6133565,45.6882348],[-122.6142534,45.6887622],[-122.6147317,45.6883652],[-122.6138348,45.6878378],[-122.6133565,45.6882348]]]},"properties":{"id":"fp-ovt-c92212d2-4310-47","gers":"c92212d2-4310-47a2-bdf0-06d74eb0288f","kind":"building","src":"overture","bbox":[-122.614732,45.687838,-122.613356,45.688762],"m2":5266,"sites":["f128"]}},{"type":"Feature","geometry":{"type":"Polygon","coordinates":[[[106.5549342,29.8020384],[106.5549986,29.80205],[106.5549941,29.8020687],[106.5549298,29.8020571],[106.5549342,29.8020384]]]},"properties":{"id":"fp-ovt-cc4c1002-daa3-4b","gers":"cc4c1002-daa3-4b8c-bde8-149f5d751658","kind":"building","src":"overture","bbox":[106.55493,29.802038,106.554999,29.802069],"m2":13,"sites":["f211"]}},{"type":"Feature","geometry":{"type":"Polygon","coordinates":[[[127.4398211,36.6103822],[127.4398957,36.6104298],[127.4398482,36.6104777],[127.4397736,36.6104301],[127.4398211,36.6103822]]]},"properties":{"id":"fp-ovt-cdf4601c-d613-48","gers":"cdf4601c-d613-4837-9444-326890ff7dc7","kind":"building","src":"overture","bbox":[127.439774,36.610382,127.439896,36.610478],"m2":58,"sites":["f083"]}},{"type":"Feature","geometry":{"type":"Polygon","coordinates":[[[-2.1352154,53.5406839],[-2.136592,53.5409876],[-2.1369991,53.5403655],[-2.136193,53.5401792],[-2.136222,53.5401274],[-2.1358557,53.5400409],[-2.135633,53.5400185],[-2.1354957,53.5402439],[-2.1353917,53.5402197],[-2.1352415,53.5404546],[-2.1353492,53.5404794],[-2.1352154,53.5406839]]]},"properties":{"id":"fp-ovt-cf7b32de-0936-46","gers":"cf7b32de-0936-46cb-98c8-604076be8215","kind":"building","src":"overture","bbox":[-2.136999,53.540019,-2.135215,53.540988],"m2":7755,"sites":["f147"]}},{"type":"Feature","geometry":{"type":"Polygon","coordinates":[[[84.9785659,56.4661937],[84.9784254,56.4661939],[84.9784231,56.4658273],[84.979381,56.4658255],[84.9793804,56.4657324],[84.9796968,56.4657318],[84.9796974,56.4658456],[84.9797191,56.4658456],[84.9797194,56.4659045],[84.9797766,56.4659044],[84.979777,56.4659656],[84.9797168,56.4659658],[84.9797182,56.4661817],[84.9785659,56.4661838],[84.9785659,56.4661937]]]},"properties":{"id":"fp-ovt-d041ff29-3696-49","gers":"d041ff29-3696-49fd-8a2a-b5ebb39f848c","kind":"building","src":"overture","bbox":[84.978423,56.465732,84.979777,56.466194],"m2":3393,"sites":["f200"]}},{"type":"Feature","geometry":{"type":"Polygon","coordinates":[[[121.0140415,24.772593],[121.012088,24.774219],[121.0115065,24.7736431],[121.0115548,24.7736285],[121.0114714,24.7735452],[121.0116068,24.7734334],[121.0114268,24.7732537],[121.0133039,24.771829],[121.0139785,24.7724746],[121.0139477,24.7725001],[121.0140415,24.772593]]]},"properties":{"id":"fp-ovt-d0892c35-cf48-40","gers":"d0892c35-cf48-40d0-a58c-783f239e5847","kind":"building","src":"overture","bbox":[121.011427,24.771829,121.014042,24.774219],"m2":31597,"sites":["f011"]}},{"type":"Feature","geometry":{"type":"Polygon","coordinates":[[[114.5987024,30.4660834],[114.5982028,30.4661552],[114.5977853,30.4639946],[114.5982845,30.4639229],[114.5987024,30.4660834]]]},"properties":{"id":"fp-ovt-d17fb2b3-756c-4f","gers":"d17fb2b3-756c-4f3a-b3ba-40fd337b7185","kind":"building","src":"overture","bbox":[114.597785,30.463923,114.598702,30.466155],"m2":11845,"sites":["f066"]}},{"type":"Feature","geometry":{"type":"Polygon","coordinates":[[[139.8811661,37.5446318],[139.8799152,37.5445499],[139.8799234,37.5444712],[139.8798551,37.544467],[139.8798615,37.5444022],[139.8799307,37.5444064],[139.8799746,37.5440154],[139.8798528,37.5440069],[139.8798771,37.5437872],[139.8799993,37.5437957],[139.8800804,37.5430738],[139.8800089,37.5430663],[139.8800178,37.5430126],[139.8800864,37.5430198],[139.8800902,37.5429863],[139.8799679,37.5429782],[139.8799914,37.5427562],[139.8801151,37.5427644],[139.8802189,37.5418405],[139.8801463,37.5418356],[139.8801526,37.5417768],[139.8802255,37.5417818],[139.8802309,37.5417411],[139.8814718,37.5418296],[139.881469,37.5418725],[139.8815078,37.5418718],[139.8815087,37.5419333],[139.881497,37.5419312],[139.8814952,37.5419677],[139.8814555,37.5419641],[139.8814527,37.54203],[139.8814733,37.5420298],[139.8812058,37.5445553],[139.8811727,37.5445554],[139.8811661,37.5446318]]]},"properties":{"id":"fp-ovt-d287fd0c-dd47-43","gers":"d287fd0c-dd47-437e-937f-6b8b3c256090","kind":"building","src":"overture","bbox":[139.879853,37.541741,139.881509,37.544632],"m2":36001,"sites":["f131"]}},{"type":"Feature","geometry":{"type":"Polygon","coordinates":[[[127.6580978,37.1269023],[127.6558003,37.1269293],[127.6557819,37.125935],[127.6580793,37.125908],[127.6580978,37.1269023]]]},"properties":{"id":"fp-ovt-d3610acb-4e69-40","gers":"d3610acb-4e69-4015-834f-c5914346125e","kind":"building","src":"overture","bbox":[127.655782,37.125908,127.658098,37.126929],"m2":22575,"sites":["f188"]}},{"type":"Feature","geometry":{"type":"Polygon","coordinates":[[[11.0043376,49.4415109],[11.0043205,49.4414268],[11.0040215,49.441461],[11.004108,49.4417613],[11.0040301,49.441767],[11.0040543,49.4418547],[11.0041313,49.4418446],[11.004178,49.4420094],[11.0041936,49.4420071],[11.0042126,49.4420993],[11.0041901,49.4421016],[11.0042263,49.4422598],[11.0041584,49.4422661],[11.0041902,49.4423568],[11.0043051,49.4423488],[11.0043431,49.4425111],[11.0035247,49.442593],[11.0032524,49.4415499],[11.003453,49.4415276],[11.003442,49.4414727],[11.0033869,49.4414759],[11.0033899,49.4414538],[11.0033409,49.4414555],[11.0030621,49.4414627],[11.002566,49.4414685],[11.0025637,49.4412659],[11.0032143,49.4412554],[11.0037333,49.4412007],[11.0037464,49.4412581],[11.0032951,49.4413205],[11.0032957,49.4413616],[11.0032582,49.4413617],[11.0032634,49.4413975],[11.0034131,49.4413998],[11.0036585,49.4413644],[11.0036488,49.4413293],[11.0037291,49.4413175],[11.0037323,49.4413553],[11.003938,49.441327],[11.0039291,49.4412866],[11.0040926,49.4412691],[11.0041014,49.4412962],[11.0042813,49.441278],[11.0042965,49.4413116],[11.0046913,49.4412738],[11.0048154,49.4417198],[11.0046472,49.4417357],[11.0046436,49.4417564],[11.0044375,49.4417783],[11.0044222,49.4417278],[11.0043787,49.4417166],[11.004372,49.4416844],[11.0043376,49.4415109]]]},"properties":{"id":"fp-ovt-d4757c26-7d14-49","gers":"d4757c26-7d14-495d-9aca-87be6a40a7af","kind":"building","src":"overture","bbox":[11.002564,49.441201,11.004815,49.442593],"m2":10817,"sites":["f186"]}},{"type":"Feature","geometry":{"type":"Polygon","coordinates":[[[139.934915,35.7540366],[139.9341399,35.7541825],[139.9339736,35.753623],[139.9347702,35.7534772],[139.934915,35.7540366]]]},"properties":{"id":"fp-ovt-d6a6292f-271e-47","gers":"d6a6292f-271e-4702-ae0f-336187616572","kind":"building","src":"overture","bbox":[139.933974,35.753477,139.934915,35.754182],"m2":4650,"sites":["f189"]}},{"type":"Feature","geometry":{"type":"Polygon","coordinates":[[[8.1656331,47.3957272],[8.1649193,47.3957202],[8.1649273,47.3953514],[8.1651753,47.3953539],[8.1651778,47.3952363],[8.1649277,47.3952338],[8.1649336,47.3949609],[8.1650456,47.394962],[8.1650502,47.3947498],[8.1653483,47.3947527],[8.1653457,47.3948693],[8.1658081,47.3948739],[8.1660194,47.3949207],[8.166024,47.394971],[8.1662064,47.3949634],[8.1665639,47.3950389],[8.1665625,47.395279],[8.1662513,47.3952781],[8.1662511,47.395324],[8.1662508,47.3953745],[8.1660354,47.395374],[8.1660354,47.3953843],[8.1669043,47.3953845],[8.1669042,47.3957313],[8.1660299,47.3957312],[8.1660299,47.3957649],[8.1660299,47.3957996],[8.1660088,47.3957996],[8.1659115,47.3957996],[8.1658955,47.3957878],[8.1656318,47.3957852],[8.1656331,47.3957272]]]},"properties":{"id":"fp-ovt-da70058d-866c-4b","gers":"da70058d-866c-4b89-baff-33908a465160","kind":"building","src":"overture","bbox":[8.164919,47.39475,8.166904,47.3958],"m2":12035,"sites":["f124"]}},{"type":"Feature","geometry":{"type":"Polygon","coordinates":[[[117.3386991,31.9656994],[117.3387412,31.9657718],[117.3387271,31.9657778],[117.3386849,31.9657054],[117.3386991,31.9656994]]]},"properties":{"id":"fp-ovt-db835e5d-c344-49","gers":"db835e5d-c344-4985-a275-11214952ad21","kind":"building","src":"overture","bbox":[117.338685,31.965699,117.338741,31.965778],"m2":13,"sites":["f068"]}},{"type":"Feature","geometry":{"type":"Polygon","coordinates":[[[114.3536805,22.7143171],[114.3552093,22.7149181],[114.3547507,22.7159224],[114.3531743,22.7153028],[114.3537255,22.7140959],[114.353773,22.7141145],[114.3536805,22.7143171]]]},"properties":{"id":"fp-ovt-dd37d27a-26b8-4a","gers":"dd37d27a-26b8-4a14-b257-bf02bf7955db","kind":"building","src":"overture","bbox":[114.353174,22.714096,114.355209,22.715922],"m2":21476,"sites":["f063"]}},{"type":"Feature","geometry":{"type":"Polygon","coordinates":[[[11.0850333,50.9492489],[11.0856563,50.9499037],[11.0846916,50.950268],[11.0840685,50.9496133],[11.0850333,50.9492489]]]},"properties":{"id":"fp-ovt-ddf97421-f366-44","gers":"ddf97421-f366-446c-880d-214dfc0ea49a","kind":"building","src":"overture","bbox":[11.084069,50.949249,11.085656,50.950268],"m2":6704,"sites":["f162"]}},{"type":"Feature","geometry":{"type":"Polygon","coordinates":[[[120.7282235,24.3179915],[120.7269495,24.3183037],[120.7267208,24.3175289],[120.7279948,24.3172166],[120.7282235,24.3179915]]]},"properties":{"id":"fp-ovt-df774de5-681c-4f","gers":"df774de5-681c-4f64-ab34-16df8d55b9a7","kind":"building","src":"overture","bbox":[120.726721,24.317217,120.728223,24.318304],"m2":11954,"sites":["f049"]}},{"type":"Feature","geometry":{"type":"Polygon","coordinates":[[[-111.8337434,40.4397794],[-111.8338084,40.4397692],[-111.8335864,40.4388011],[-111.8338984,40.4387634],[-111.8340504,40.4386875],[-111.8340894,40.4387225],[-111.8341794,40.4386786],[-111.8343184,40.4388409],[-111.8342304,40.4388853],[-111.8342884,40.4389492],[-111.8342074,40.4389901],[-111.8342814,40.4390625],[-111.8355154,40.4384608],[-111.8352504,40.4381433],[-111.8352884,40.4381178],[-111.8352484,40.4380677],[-111.8354034,40.4379987],[-111.8354254,40.4380228],[-111.8355504,40.4379591],[-111.8355704,40.4379859],[-111.8356804,40.4379328],[-111.8367464,40.4391461],[-111.8373934,40.4388296],[-111.8371391,40.4385433],[-111.8372372,40.4384936],[-111.8369846,40.4381894],[-111.8362958,40.4385124],[-111.8361955,40.4383922],[-111.8362936,40.4383396],[-111.8362576,40.4382942],[-111.8369598,40.4379512],[-111.8369802,40.437976],[-111.8370456,40.4379436],[-111.8366096,40.4374068],[-111.8367014,40.4373656],[-111.836661,40.4373093],[-111.8371534,40.4370783],[-111.8374449,40.4370426],[-111.8375029,40.4373112],[-111.8381774,40.4372408],[-111.8380582,40.4366861],[-111.8375668,40.4367404],[-111.8375588,40.4366937],[-111.8374282,40.4367071],[-111.837435,40.436753],[-111.8373934,40.4367575],[-111.8374229,40.4369052],[-111.8371144,40.4369385],[-111.8365694,40.4372087],[-111.8364854,40.437247],[-111.8364304,40.4371808],[-111.8363494,40.4370936],[-111.8362514,40.4371423],[-111.8360706,40.4369287],[-111.8357744,40.4370709],[-111.8357452,40.4370344],[-111.8356398,40.4370848],[-111.8356758,40.4371257],[-111.8352783,40.4373115],[-111.8354569,40.4375288],[-111.8354117,40.437553],[-111.8354731,40.4376264],[-111.8350485,40.4378308],[-111.8349269,40.437683],[-111.8348324,40.4377285],[-111.8347143,40.4375874],[-111.8345158,40.437686],[-111.8344814,40.4376459],[-111.8343771,40.4376975],[-111.8344038,40.4377311],[-111.8339271,40.4379597],[-111.8339004,40.437928],[-111.8337938,40.4379803],[-111.8338027,40.4379915],[-111.8338143,40.4380026],[-111.8338225,40.4380117],[-111.8336334,40.4381071],[-111.8336224,40.4380996],[-111.8336081,40.4380895],[-111.8335905,40.4380826],[-111.8335729,40.4380794],[-111.8335555,40.4380776],[-111.833538,40.4380794],[-111.8335149,40.4380862],[-111.8334971,40.4380952],[-111.8334805,40.4381127],[-111.8334726,40.4381332],[-111.8334724,40.4381546],[-111.8332495,40.4381841],[-111.83324,40.4381376],[-111.8331147,40.4381519],[-111.8331187,40.4381868],[-111.8330659,40.4381945],[-111.8330501,40.4381103],[-111.8330062,40.4381154],[-111.8330049,40.4381062],[-111.8325328,40.438159],[-111.8325353,40.4381687],[-111.8324942,40.4381729],[-111.8325077,40.438258],[-111.8324525,40.438266],[-111.8324441,40.4382312],[-111.8323194,40.4382443],[-111.8323267,40.4382823],[-111.8321022,40.4383096],[-111.8320981,40.4382971],[-111.8320967,40.4382903],[-111.8320845,40.4382747],[-111.8320736,40.4382654],[-111.8320595,40.4382585],[-111.8320416,40.4382532],[-111.8320213,40.4382525],[-111.8320023,40.438254],[-111.8319848,40.4382578],[-111.8319703,40.4382624],[-111.8319592,40.4382691],[-111.83195,40.4382769],[-111.8319404,40.4382843],[-111.8319386,40.4382882],[-111.8319368,40.4382958],[-111.8317132,40.4382559],[-111.8317256,40.4382145],[-111.8316138,40.4381924],[-111.8316002,40.4382298],[-111.8310564,40.4381145],[-111.8310649,40.4380786],[-111.8309428,40.4380518],[-111.8309323,40.4380855],[-111.8307049,40.4380397],[-111.8306314,40.4382037],[-111.8305384,40.4381815],[-111.8304764,40.4383462],[-111.8298184,40.4382072],[-111.8297254,40.438486],[-111.8300724,40.4385675],[-111.8300514,40.4386329],[-111.8301294,40.4386528],[-111.8300104,40.4389899],[-111.8298704,40.4390577],[-111.8299474,40.4391638],[-111.8298994,40.4393104],[-111.8298704,40.4393061],[-111.8298324,40.4394112],[-111.8308187,40.4396294],[-111.830807,40.439664],[-111.8309321,40.4396885],[-111.8308992,40.4397972],[-111.831557,40.4399372],[-111.8316311,40.4397387],[-111.8314587,40.4396967],[-111.8315547,40.4394381],[-111.8314169,40.4394031],[-111.8315782,40.4389752],[-111.8316864,40.4389923],[-111.831937,40.4390495],[-111.8319657,40.4389628],[-111.831982,40.4389615],[-111.8319977,40.4390167],[-111.8322071,40.4389935],[-111.8324024,40.4399408],[-111.8324364,40.4399359],[-111.8324454,40.4399768],[-111.8326304,40.4399529],[-111.8326244,40.4399147],[-111.8335554,40.4398147],[-111.8335694,40.4398491],[-111.8337564,40.439829],[-111.8337434,40.4397794]]]},"properties":{"id":"fp-ovt-e11ece2f-09d9-4f","gers":"e11ece2f-09d9-4ff4-b26f-b4f0d68c5d37","kind":"building","src":"overture","bbox":[-111.838177,40.436686,-111.829725,40.439977],"m2":90396,"sites":["f060"]}},{"type":"Feature","geometry":{"type":"Polygon","coordinates":[[[138.510826,35.6342688],[138.5105186,35.6342328],[138.5105262,35.6341901],[138.5108336,35.6342261],[138.510826,35.6342688]]]},"properties":{"id":"fp-ovt-e48984d4-785e-4b","gers":"e48984d4-785e-4be6-ab48-0ea954d7a466","kind":"building","src":"overture","bbox":[138.510519,35.63419,138.510834,35.634269],"m2":135,"sites":["f031"]}},{"type":"Feature","geometry":{"type":"Polygon","coordinates":[[[-121.9415057,37.4772888],[-121.9418603,37.477618],[-121.9421745,37.4774049],[-121.9422161,37.4773729],[-121.9422226,37.4772972],[-121.9419719,37.4770495],[-121.9418684,37.4770418],[-121.9415159,37.4767056],[-121.9414128,37.4766978],[-121.9410458,37.4769469],[-121.9414527,37.4773247],[-121.9415057,37.4772888]]]},"properties":{"id":"fp-ovt-e6309bcd-dd20-42","gers":"e6309bcd-dd20-42e9-a73e-cc5ac8abac5d","kind":"building","src":"overture","bbox":[-121.942223,37.476698,-121.941046,37.477618],"m2":4953,"sites":["f172"]}},{"type":"Feature","geometry":{"type":"Polygon","coordinates":[[[121.3749259,25.0416184],[121.3742814,25.0417455],[121.3742061,25.0414326],[121.3746154,25.0413518],[121.3745638,25.0411371],[121.374799,25.0410907],[121.3749259,25.0416184]]]},"properties":{"id":"fp-ovt-e66558b9-a516-41","gers":"e66558b9-a516-4124-b185-540c484fdbeb","kind":"building","src":"overture","bbox":[121.374206,25.041091,121.374926,25.041746],"m2":2966,"sites":["f106"]}},{"type":"Feature","geometry":{"type":"Polygon","coordinates":[[[127.0625369,37.0369734],[127.0567742,37.0369778],[127.0567733,37.0362379],[127.0625359,37.0362326],[127.0625369,37.0369734]]]},"properties":{"id":"fp-ovt-e7e4fbb9-6927-47","gers":"e7e4fbb9-6927-471d-880e-f847faa1ef2f","kind":"building","src":"overture","bbox":[127.056773,37.036233,127.062537,37.036978],"m2":42203,"sites":["f074"]}},{"type":"Feature","geometry":{"type":"Polygon","coordinates":[[[130.8392848,32.8924627],[130.8373456,32.8919037],[130.8376996,32.8909847],[130.8378606,32.8910208],[130.8382334,32.8900482],[130.8384292,32.8900928],[130.8384909,32.8899401],[130.8401136,32.8903991],[130.8392848,32.8924627]]]},"properties":{"id":"fp-ovt-e804ce32-ce29-45","gers":"e804ce32-ce29-4597-9e48-63cb9ae7862f","kind":"building","src":"overture","bbox":[130.837346,32.88994,130.840114,32.892463],"m2":44304,"sites":["f010"]}},{"type":"Feature","geometry":{"type":"Polygon","coordinates":[[[127.0845278,37.2282278],[127.084521,37.2282883],[127.0844735,37.2282849],[127.0844803,37.2282244],[127.0845278,37.2282278]]]},"properties":{"id":"fp-ovt-eccb4036-e5db-4f","gers":"eccb4036-e5db-4fd5-ba5d-028576998d26","kind":"building","src":"overture","bbox":[127.084474,37.228224,127.084528,37.228288],"m2":29,"sites":["f077"]}},{"type":"Feature","geometry":{"type":"Polygon","coordinates":[[[121.4149579,25.0482102],[121.4150416,25.0489229],[121.4127375,25.0491321],[121.4126153,25.0483935],[121.4149579,25.0482102]]]},"properties":{"id":"fp-ovt-edca72d6-dfcc-43","gers":"edca72d6-dfcc-431d-8ee7-fb72daadbf36","kind":"building","src":"overture","bbox":[121.412615,25.04821,121.415042,25.049132],"m2":19154,"sites":["f001"]}},{"type":"Feature","geometry":{"type":"Polygon","coordinates":[[[9.9408288,48.4237838],[9.9406687,48.42397],[9.9400195,48.4237241],[9.9401796,48.4235379],[9.9404219,48.4236297],[9.940513,48.4236642],[9.9408288,48.4237838]]]},"properties":{"id":"fp-ovt-eddef48c-d10b-46","gers":"eddef48c-d10b-46b5-b035-94763cfcea0d","kind":"building","src":"overture","bbox":[9.94002,48.423538,9.940829,48.42397],"m2":1318,"sites":["f150"]}},{"type":"Feature","geometry":{"type":"Polygon","coordinates":[[[139.3684085,35.3779452],[139.36831,35.377952],[139.3682912,35.3777705],[139.3683898,35.3777637],[139.3684085,35.3779452]]]},"properties":{"id":"fp-ovt-ef8a05cc-ee15-4a","gers":"ef8a05cc-ee15-4a0e-972f-509774b5b16d","kind":"building","src":"overture","bbox":[139.368291,35.377764,139.368408,35.377952],"m2":182,"sites":["f118"]}},{"type":"Feature","geometry":{"type":"Polygon","coordinates":[[[120.4042008,31.5243722],[120.4047969,31.5248714],[120.4046651,31.5249851],[120.404069,31.5244848],[120.4042008,31.5243722]]]},"properties":{"id":"fp-ovt-efa59444-ce6c-42","gers":"efa59444-ce6c-4233-8c05-90e48b9af478","kind":"building","src":"overture","bbox":[120.404069,31.524372,120.404797,31.524985],"m2":1408,"sites":["f065"]}},{"type":"Feature","geometry":{"type":"Polygon","coordinates":[[[140.9014285,38.4986078],[140.9001947,38.4994264],[140.8997387,38.4989898],[140.9009671,38.4981628],[140.9014285,38.4986078]]]},"properties":{"id":"fp-ovt-f01b197b-f286-4e","gers":"f01b197b-f286-4e5c-a83c-2a81d6a6d6f7","kind":"building","src":"overture","bbox":[140.899739,38.498163,140.901429,38.499426],"m2":8923,"sites":["f112"]}},{"type":"Feature","geometry":{"type":"Polygon","coordinates":[[[120.9918375,24.7804157],[120.9908208,24.7803625],[120.9908296,24.7802588],[120.9907224,24.780249],[120.9907304,24.7801029],[120.9906607,24.7800981],[120.9907036,24.7794722],[120.9908189,24.7793699],[120.9902717,24.7788122],[120.9905829,24.7785785],[120.9910084,24.7790237],[120.9912686,24.778824],[120.9915556,24.7791138],[120.9912847,24.7793111],[120.9914616,24.7795177],[120.991933,24.7795345],[120.9918375,24.7804157]]]},"properties":{"id":"fp-ovt-f0bbede7-7856-4b","gers":"f0bbede7-7856-4b39-bdbd-fa46ba982cd3","kind":"building","src":"overture","bbox":[120.990272,24.778578,120.991933,24.780416],"m2":18088,"sites":["f139"]}},{"type":"Feature","geometry":{"type":"Polygon","coordinates":[[[121.0012407,24.7733865],[121.0007425,24.7737057],[121.0004605,24.7733428],[121.0009587,24.7730236],[121.0012407,24.7733865]]]},"properties":{"id":"fp-ovt-f1122dc7-3c9f-40","gers":"f1122dc7-3c9f-40c5-809f-edfa4bde96bd","kind":"building","src":"overture","bbox":[121.000461,24.773024,121.001241,24.773706],"m2":3047,"sites":["f173"]}},{"type":"Feature","geometry":{"type":"Polygon","coordinates":[[[121.1547654,31.0420159],[121.1549208,31.0420633],[121.1548878,31.0421435],[121.1547324,31.0420961],[121.1547654,31.0420159]]]},"properties":{"id":"fp-ovt-f158109f-5cd3-40","gers":"f158109f-5cd3-402f-9b01-b0b7aac969b9","kind":"building","src":"overture","bbox":[121.154732,31.042016,121.154921,31.042144],"m2":149,"sites":["f088"]}},{"type":"Feature","geometry":{"type":"Polygon","coordinates":[[[-75.2388398,43.1416692],[-75.2386012,43.1420031],[-75.2393329,43.1422816],[-75.2394187,43.1421616],[-75.2393849,43.1421487],[-75.2394069,43.1421179],[-75.2393943,43.1421131],[-75.2394119,43.1420885],[-75.239454,43.1421046],[-75.239476,43.1420738],[-75.2394613,43.1420682],[-75.2394976,43.1420174],[-75.2394638,43.1420046],[-75.2394693,43.1419969],[-75.2394145,43.141976],[-75.239464,43.1419068],[-75.2388398,43.1416692]]]},"properties":{"id":"fp-ovt-f3e07e26-3865-4b","gers":"f3e07e26-3865-4bed-afb3-c81283a63881","kind":"building","src":"overture","bbox":[-75.239498,43.141669,-75.238601,43.142282],"m2":2682,"sites":["f033"]}},{"type":"Feature","geometry":{"type":"Polygon","coordinates":[[[13.7165965,51.1265453],[13.7159434,51.1267286],[13.7158055,51.1265543],[13.7156766,51.1265885],[13.7154153,51.1262311],[13.715536,51.126198],[13.7165674,51.1259012],[13.7168147,51.1262514],[13.7169534,51.1262126],[13.7171246,51.1261647],[13.7168517,51.1257744],[13.716386,51.1251084],[13.7162881,51.1249727],[13.7162464,51.124912],[13.7165917,51.1248147],[13.7166254,51.1248595],[13.7169625,51.1253449],[13.7172035,51.125679],[13.7172388,51.1257279],[13.7173834,51.1256869],[13.7179842,51.1255165],[13.7183981,51.1253914],[13.7198608,51.124978],[13.7199979,51.1251698],[13.719195,51.1253937],[13.718982,51.1254524],[13.7174964,51.1258638],[13.7173583,51.125902],[13.7174637,51.1260639],[13.717706,51.1259969],[13.7190942,51.1256128],[13.7195454,51.1254899],[13.7196144,51.1255905],[13.7196307,51.1256117],[13.7196762,51.1256805],[13.719311,51.1257836],[13.7183246,51.1260619],[13.7184061,51.1261781],[13.7184424,51.1262272],[13.7186066,51.1264581],[13.7186588,51.1264525],[13.7187302,51.1264492],[13.7187884,51.1264521],[13.718835,51.1264559],[13.7188748,51.1264655],[13.7189081,51.1264775],[13.718941,51.1264928],[13.7189627,51.1265079],[13.7189921,51.1265342],[13.7190164,51.1265525],[13.7190297,51.1265727],[13.719043,51.126599],[13.7190466,51.1266317],[13.7190451,51.1266718],[13.7190335,51.1267135],[13.7190163,51.1267395],[13.7189892,51.1267661],[13.7189482,51.1267966],[13.7189005,51.1268187],[13.7188585,51.1268341],[13.7187821,51.1268554],[13.7184557,51.1269466],[13.7182256,51.1266302],[13.7183065,51.1266085],[13.7179803,51.1261475],[13.7178403,51.1261895],[13.7176025,51.1262607],[13.7178132,51.1265708],[13.7174799,51.126662],[13.7172751,51.1263573],[13.7170909,51.1264077],[13.716936,51.12645],[13.7166627,51.1265273],[13.7165965,51.1265453]]]},"properties":{"id":"fp-ovt-f4958985-aae4-41","gers":"f4958985-aae4-418f-a679-d953e94cf7ee","kind":"building","src":"overture","bbox":[13.715415,51.124815,13.719998,51.126947],"m2":23443,"sites":["f056"]}},{"type":"Feature","geometry":{"type":"Polygon","coordinates":[[[120.9983285,24.7740452],[120.9979947,24.7742972],[120.9970748,24.7732926],[120.9974679,24.7729958],[120.9977433,24.7732965],[120.997827,24.7732333],[120.9983225,24.7737743],[120.9981793,24.7738824],[120.9983285,24.7740452]]]},"properties":{"id":"fp-ovt-f657a796-eb64-4b","gers":"f657a796-eb64-4b4f-a8b9-bee7c2e81711","kind":"building","src":"overture","bbox":[120.997075,24.772996,120.998328,24.774297],"m2":8194,"sites":["f086"]}},{"type":"Feature","geometry":{"type":"Polygon","coordinates":[[[-122.8776701,42.3621876],[-122.8776107,42.3621898],[-122.8776123,42.3622129],[-122.8776716,42.3622107],[-122.8776701,42.3621876]]]},"properties":{"id":"fp-ovt-f7ff1a08-aa44-4d","gers":"f7ff1a08-aa44-4d5c-b689-46b43a174364","kind":"building","src":"overture","bbox":[-122.877672,42.362188,-122.877611,42.362213],"m2":13,"sites":["f170"]}},{"type":"Feature","geometry":{"type":"Polygon","coordinates":[[[135.3981646,34.7980543],[135.3982048,34.7978617],[135.3988793,34.7979565],[135.3988391,34.7981491],[135.3981646,34.7980543]]]},"properties":{"id":"fp-ovt-f93401db-fc6d-43","gers":"f93401db-fc6d-4315-9c6f-1803cab7f961","kind":"building","src":"overture","bbox":[135.398165,34.797862,135.398879,34.798149],"m2":1361,"sites":["f091"]}},{"type":"Feature","geometry":{"type":"Polygon","coordinates":[[[-111.8859215,33.2401998],[-111.8842826,33.24023],[-111.8842975,33.2407959],[-111.8859363,33.2407657],[-111.8859215,33.2401998]]]},"properties":{"id":"fp-ovt-f9bc3728-76c1-4b","gers":"f9bc3728-76c1-4b67-81ea-42d8dbd7777b","kind":"building","src":"overture","bbox":[-111.885936,33.2402,-111.884283,33.240796],"m2":9617,"sites":["f023","f024","f025"]}},{"type":"Feature","geometry":{"type":"Polygon","coordinates":[[[-7.3399246,55.0201005],[-7.3397247,55.0199555],[-7.340671,55.0195258],[-7.3402211,55.019216],[-7.3402503,55.0191961],[-7.3400747,55.0190586],[-7.3400932,55.0190482],[-7.3400289,55.0189969],[-7.3399917,55.0189955],[-7.3399469,55.0189654],[-7.3399033,55.018938],[-7.339836,55.0189135],[-7.3397507,55.0188976],[-7.3396694,55.0189128],[-7.3396108,55.0189301],[-7.3396199,55.0189366],[-7.3394808,55.0189934],[-7.3394889,55.0190029],[-7.3390843,55.0191844],[-7.3392152,55.0192782],[-7.3389882,55.0193815],[-7.3389524,55.0193628],[-7.3388417,55.0194113],[-7.3387925,55.0194328],[-7.3388273,55.0194608],[-7.3376816,55.0200094],[-7.3378531,55.0201338],[-7.3377911,55.0201619],[-7.3376097,55.0200303],[-7.3356299,55.0209275],[-7.3364433,55.0215174],[-7.3367268,55.0213889],[-7.336641,55.0213267],[-7.3368867,55.0212152],[-7.3369925,55.0212918],[-7.3372059,55.0211949],[-7.337234,55.0212152],[-7.3379535,55.0208876],[-7.3378684,55.0208261],[-7.3380576,55.02074],[-7.3380386,55.0207263],[-7.3383664,55.0205774],[-7.3378551,55.0202076],[-7.337917,55.0201795],[-7.3380201,55.0202541],[-7.3386458,55.0199704],[-7.3390417,55.0202575],[-7.339156,55.0202085],[-7.3392511,55.0202652],[-7.3391826,55.020291],[-7.3392592,55.0203459],[-7.3393192,55.0203197],[-7.3393355,55.0203348],[-7.3394206,55.0202963],[-7.3394492,55.0203159],[-7.3399246,55.0201005]]]},"properties":{"id":"fp-ovt-f9c1ce52-ce5b-4b","gers":"f9c1ce52-ce5b-4b6b-a1de-4f0db14c7dc8","kind":"building","src":"overture","bbox":[-7.340671,55.018898,-7.33563,55.021517],"m2":27477,"sites":["f175"]}},{"type":"Feature","geometry":{"type":"Polygon","coordinates":[[[103.7936924,1.4539731],[103.79407,1.4541781],[103.7940285,1.4542545],[103.7940864,1.4542859],[103.7940511,1.4543509],[103.7940859,1.4543692],[103.7941093,1.4543825],[103.7940551,1.4544824],[103.7947016,1.4548334],[103.7946577,1.4549143],[103.7947857,1.4549838],[103.7943912,1.4557102],[103.7941256,1.455566],[103.7940452,1.455714],[103.7900269,1.4535325],[103.7905573,1.4525561],[103.7937473,1.4542879],[103.7937745,1.4542379],[103.7935739,1.454129],[103.7935789,1.4541199],[103.7932024,1.4539156],[103.7931952,1.4539289],[103.7915253,1.4530223],[103.7916158,1.4528559],[103.7917288,1.4529172],[103.7917605,1.4528588],[103.7921512,1.4530709],[103.7922004,1.4529803],[103.7926148,1.4532053],[103.7926464,1.453147],[103.7934294,1.4535721],[103.7933677,1.4536857],[103.793739,1.4538873],[103.7936924,1.4539731]],[[103.7939556,1.4543281],[103.7939243,1.4543114],[103.7938863,1.4543822],[103.7939888,1.454437],[103.7940248,1.4543699],[103.7939536,1.4543318],[103.7939556,1.4543281]]]},"properties":{"id":"fp-ovt-fc247723-b440-44","gers":"fc247723-b440-4413-8cb5-369b2bbd1b34","kind":"building","src":"overture","bbox":[103.790027,1.452556,103.794786,1.455714],"m2":77297,"sites":["f047"]}},{"type":"Feature","geometry":{"type":"Polygon","coordinates":[[[-122.4267268,45.5242134],[-122.4267245,45.5244755],[-122.426159,45.5244731],[-122.4261586,45.5245194],[-122.4256364,45.5245172],[-122.4256361,45.5245433],[-122.4251493,45.5245413],[-122.4251497,45.5244988],[-122.4250135,45.5244982],[-122.4250131,45.5245407],[-122.4248922,45.5245402],[-122.4248874,45.5250945],[-122.425388,45.5250966],[-122.4253877,45.5251371],[-122.4255279,45.5251377],[-122.4255282,45.5250972],[-122.42578,45.5250983],[-122.4257838,45.5246582],[-122.4261574,45.5246598],[-122.4261542,45.5250258],[-122.4261528,45.5251847],[-122.4266081,45.5251866],[-122.4266085,45.5251413],[-122.4266712,45.5251416],[-122.4266715,45.5250982],[-122.4267308,45.5250984],[-122.4267312,45.525053],[-122.4267972,45.5250533],[-122.4267976,45.5250084],[-122.4268629,45.5250087],[-122.4268633,45.5249629],[-122.4269216,45.5249632],[-122.4269247,45.524606],[-122.4269135,45.5246059],[-122.4269146,45.5244763],[-122.4267996,45.5244758],[-122.4268018,45.5242138],[-122.4268553,45.524214],[-122.4268556,45.524174],[-122.4272364,45.5241756],[-122.4272417,45.5235644],[-122.4267402,45.5235622],[-122.4267405,45.5235265],[-122.4266128,45.523526],[-122.4266134,45.5234648],[-122.4261681,45.5234629],[-122.4261676,45.5235241],[-122.4259691,45.5235232],[-122.4259688,45.5235575],[-122.4257238,45.5235564],[-122.4257237,45.5235713],[-122.4255359,45.5235705],[-122.4255307,45.5241684],[-122.4259785,45.5241703],[-122.4259782,45.5242103],[-122.4261609,45.524211],[-122.4261603,45.5242721],[-122.4266123,45.524274],[-122.4266128,45.524213],[-122.4267268,45.5242134]]]},"properties":{"id":"fp-ovt-fcbc4593-2a2a-48","gers":"fcbc4593-2a2a-4851-a09c-e1dae935fb08","kind":"building","src":"overture","bbox":[-122.427242,45.523463,-122.424887,45.525187],"m2":19471,"sites":["f098"]}},{"type":"Feature","geometry":{"type":"Polygon","coordinates":[[[15.3946751,46.9760875],[15.3949117,46.9761078],[15.3949593,46.9761111],[15.3950127,46.976117],[15.3949172,46.9766001],[15.3956265,46.9766694],[15.3957299,46.976679],[15.3956937,46.9768447],[15.3956866,46.9768774],[15.3956611,46.9768743],[15.3956574,46.9768893],[15.395631,46.9768869],[15.3955738,46.9768817],[15.3955805,46.9768413],[15.3948884,46.9767733],[15.3947797,46.9772513],[15.3945702,46.9772332],[15.3946717,46.9767478],[15.3944843,46.9767252],[15.394378,46.9772099],[15.3938093,46.9771504],[15.3941477,46.9756049],[15.394495,46.9756512],[15.3947218,46.9756657],[15.3946171,46.9760796],[15.3946751,46.9760875]],[[15.3948043,46.9762344],[15.3946037,46.9762132],[15.3945784,46.9763483],[15.3947753,46.9763724],[15.3948043,46.9762344]]]},"properties":{"id":"fp-ovt-fcd8bc42-3bd7-49","gers":"fcd8bc42-3bd7-4967-9225-fba84109f5c2","kind":"building","src":"overture","bbox":[15.393809,46.975605,15.39573,46.977251],"m2":11675,"sites":["f108"]}},{"type":"Feature","geometry":{"type":"Polygon","coordinates":[[[140.6199389,36.5041669],[140.6200315,36.5043294],[140.6194035,36.5045606],[140.6193109,36.5043981],[140.6199389,36.5041669]]]},"properties":{"id":"fp-ovt-fd160f19-778f-43","gers":"fd160f19-778f-43c7-afca-2323b43ae5c3","kind":"building","src":"overture","bbox":[140.619311,36.504167,140.620032,36.504561],"m2":1230,"sites":["f122"]}},{"type":"Feature","geometry":{"type":"Polygon","coordinates":[[[-1.6125484,54.7465612],[-1.6125739,54.7467394],[-1.612995,54.7467193],[-1.6129297,54.7462639],[-1.612497,54.7462846],[-1.6125297,54.746512],[-1.6125161,54.7465126],[-1.6124828,54.746282],[-1.6115047,54.746329],[-1.6115648,54.7467451],[-1.6114282,54.7467516],[-1.6114552,54.7469391],[-1.6114976,54.746937],[-1.6115026,54.7469719],[-1.6114632,54.7469738],[-1.6114751,54.7470572],[-1.6115268,54.7470547],[-1.6115328,54.7470976],[-1.6116475,54.7470922],[-1.6116835,54.7473476],[-1.6126163,54.7473037],[-1.6125118,54.746563],[-1.6125484,54.7465612]]]},"properties":{"id":"fp-ovt-ff92c8c1-2bde-43","gers":"ff92c8c1-2bde-433e-8ec6-9fbd7efdebf6","kind":"building","src":"overture","bbox":[-1.612995,54.746264,-1.611428,54.747348],"m2":8786,"sites":["f183"]}}]}