region,osm_type,osm_id,name,operator,ref,building,telecom,addr_street,addr_city,addr_country,levels,website,lon,lat
WORLD,node,599587508,Cellnex,,,,data_center,,,,,,5.896548,52.168085
WORLD,node,688791288,Telstra,Telstra,,,data_center,,,,,,115.801413,-32.06536
WORLD,node,717740190,Equinix AM7,Equinix,AM7,,data_center,Kuiperbergweg,Amsterdam,,,https://www.equinix.nl/data-centers/europe-colocation/netherlands-colocation/amsterdam-data-centers/am7,4.937939,52.303059
WORLD,node,751881301,CoreSite DC1,CoreSite,,,data_center,K Street Northwest,,,,https://www.coresite.com/data-center/dc1-washington-d-c,-77.029149,38.902888
WORLD,node,1530992851,,ATW,Dataland II.,,data_center,Victor Hugo utca,Budapest,,,,19.055096,47.517995
WORLD,node,1668495487,スーパーコンピュータ「富岳」,,,,data_center,,,,,,135.220403,34.653435
WORLD,node,1690221178,BT Games,Apple Inc.,,,data_center,,,,,,28.240977,-26.182545
WORLD,node,1825748032,"Дата-центр ""Вконтакте""",,,,data_center,,,,,,30.57781,59.911792
WORLD,node,1825907839,Southwest Cyberport,,,,data_center,Indian School Road Northeast,Albuquerque,,,https://www.swcp.com/,-106.589349,35.103293
WORLD,node,2042844290,ForHLR II,Steinbuch Centre for Computing,,,data_center,,,,,,8.433431,49.096037
WORLD,node,2117775176,,,,,data_center,,,,,,34.858558,32.092984
WORLD,node,2161096396,Association ReptiGo,,RG2,,data_center,Rue de Franchepré,,,,https://reptigo.fr,6.011147,49.223391
WORLD,node,2473922003,CGCO,UFJF,,,data_center,,,,,,-43.371444,-21.776294
WORLD,node,2556825308,SFR Netcenter Courbevoie,SFR,,,data_center,Boulevard de Verdun,Courbevoie,,,,2.257787,48.903752
WORLD,node,2607827436,SDSU Computer Room,,,,data_center,,,,,,-117.070888,32.775025
WORLD,node,2625645063,WorldStream,,,,data_center,Industriestraat,Naaldwijk,,,https://www.worldstream.nl,4.210811,52.001217
WORLD,node,2639510695,Selectel Tsvetochnaya 1,Selectel,Tsvetochnaya 1,,data_center,Цветочная улица,,,,,30.329422,59.886598
WORLD,node,2719885481,LeaseWeb AMS-01,LeaseWeb,AMS-01,,data_center,J.W. Lucasweg,Haarlem,,,,4.664735,52.391724
WORLD,node,2727100158,Eurofiber data center Arnhem 1,Eurofiber Cloud Infra,,,data_center,Tivolilaan,Arnhem,,,https://www.eurofiber.com/en-nl/data-centers-netherlands/data-center-arnhem-1,5.934036,51.987004
WORLD,node,2730020684,Interconnect Eindhoven,,,,data_center,Park Forum,Eindhoven,,,https://interconnect.nl/over-ons/onze-datacenters/,5.387453,51.441656
WORLD,node,2733736931,Equinix TR1,Equinix,TR1,,data_center,Front Street West,Toronto,,,https://www.equinix.com/data-centers/americas-colocation/canada-colocation/toronto-data-centers/tr1,-79.384389,43.644529
WORLD,node,2733775996,Eurofiber Data Center Amsterdam,Eurofiber,,,data_center,Parellaan,Hoofddorp,,,https://www.eurofibercloudinfra.com/over-ons/datacenters-nederland/datacenter-amsterdam,4.687072,52.290378
WORLD,node,2738247230,Databarn Amsterdam,Databarn Amsterdam B.V.,,,data_center,Zekeringstraat,Amsterdam,,,https://www.databarn.nl/,4.851146,52.396422
WORLD,node,2738247376,NorthC Datacenters Amsterdam,NorthC,,,data_center,Kabelweg,Amsterdam,,,https://www.northcdatacenters.com/en/northc-datacenters/amsterdam/,4.849431,52.393411
WORLD,node,2745065082,Digital Realty AMS3,Digital Realty,AMS3,,data_center,Cessnalaan,Schiphol-Rijk,,,https://www.digitalrealty.com/data-centers/emea/amsterdam/ams3,4.770914,52.284149
WORLD,node,2745065224,Digital Realty AMS5,Digital Realty,AMS5,,data_center,Tupolevlaan,Schiphol-Rijk,,,https://www.digitalrealty.com/data-centers/emea/amsterdam/ams5,4.754278,52.280066
WORLD,node,2745065709,EdgeConneX AMS01,EdgeConneX,AMS01,,data_center,Koolhovenlaan,Schiphol-Rijk,,,,4.766111,52.284056
WORLD,node,2745066611,EdgeConneX AMS03,EdgeConneX,AMS03,,data_center,Koolhovenlaan,Schiphol-Rijk,,,,4.76686,52.283679
WORLD,node,2745067310,Digital Realty AMS6,Digital Realty,AMS6,,data_center,Koolhovenlaan,Schiphol-Rijk,,,https://www.digitalrealty.com/data-centers/emea/amsterdam/ams6,4.765982,52.285322
WORLD,node,2745067837,EdgeConneX AMS04,EdgeConneX,AMS04,,data_center,Cessnalaan,Schiphol-Rijk,,,,4.767777,52.281587
WORLD,node,2745067999,Digital Realty AMS11,Digital Realty,AMS11,,data_center,Koolhovenlaan,Schiphol-Rijk,,,,4.765117,52.284487
WORLD,node,2745068942,EdgeConneX AMS02,EdgeConneX,AMS02,,data_center,Cessnalaan,Schiphol-Rijk,,,,4.767631,52.282793
WORLD,node,2745069131,EdgeConneX AMS05,EdgeConneX,AMS05,,data_center,Koolhovenlaan,Schiphol-Rijk,,,,4.767234,52.284321
WORLD,node,2749411762,Equinix Enschede,Equinix,EN1,,data_center,Auke Vleerstraat,Enschede,,,https://www.equinix.com/data-centers/europe-colocation/netherlands-colocation/enschede-data-centers/en1,6.849556,52.236986
WORLD,node,2761385262,BIT-1 Datacenter,,,,data_center,Kelvinstraat,Ede,,,,5.624974,52.030709
WORLD,node,2765259404,NorthC Datacenter Aalsmeer,NorthC,,,data_center,Lakenblekerstraat,Aalsmeer,,,https://www.northcdatacenters.com/northc-datacenters/aalsmeer/,4.773358,52.259796
WORLD,node,2775436927,Datacenter Groningen,,,,data_center,Beneluxweg,Zuidbroek,,,https://www.datacentergroningen.nl/,6.864589,53.166849
WORLD,node,2808423607,Global Switch Amsterdam,Global Switch,,,data_center,Johan Huizingalaan,Amsterdam,,,https://www.globalswitch.nl/locaties/amsterdam/,4.828865,52.34401
WORLD,node,2827483282,Colt Amsterdam Van der Madeweg,,,,data_center,Van der Madeweg,Amsterdam-Duivendrecht,,,,4.925951,52.328144
WORLD,node,2837886894,Solcon Droten,,,,data_center,Het Spaarne,Dronten,,,,5.702279,52.539205
WORLD,node,2837888139,Kolo NL1 Dronten,Kolo,NL1,,data_center,De Linge,Dronten,,,https://kolodc.com/data-centers/colocation-in-the-netherlands/dronten-data-center,5.705073,52.543723
WORLD,node,2840442643,Digital Realty,Digital Realty,,,data_center,Johann Siegerstraat,Amsterdam,,,,4.918864,52.333732
WORLD,node,2853597655,Digital Realty AMS17,Digital Realty,AMS17,,data_center,Science Park,Amsterdam,,,https://www.digitalrealty.com/data-centers/emea/amsterdam/ams17,4.95079,52.357114
WORLD,node,2853597662,Digital Realty AMS9,Digital Realty,AMS9,,data_center,Science Park,Amsterdam,,,https://www.digitalrealty.com/data-centers/emea/amsterdam/ams9,4.952727,52.356106
WORLD,node,2862652419,KPN Amsterdam,KPN,,,data_center,Paalbergweg,Amsterdam,,,,4.954959,52.300291
WORLD,node,2862656047,NorthC Amsterdam 2,NorthC,AMS-02,,data_center,Stekkenbergweg,Amsterdam,,,https://www.northcdatacenters.com/en/northc-datacenters/amsterdam-2/,4.948701,52.296314
WORLD,node,2862973887,Verizon 2,,,,data_center,Kollenbergweg,Amsterdam,,,,4.93549,52.30498
WORLD,node,2862978534,Datacenter.com AMS1,,AMS1,,data_center,Keienbergweg,Amsterdam,,,https://datacenter.com/datacenter/locations/data-center-amsterdam-ams1/,4.936012,52.309522
WORLD,node,2862978553,Equinix AM11,Equinix,AM11,,data_center,Lemelerbergweg,Amsterdam,,,https://www.equinix.nl/data-centers/europe-colocation/netherlands-colocation/amsterdam-data-centers/am11,4.939308,52.304026
WORLD,node,2862979348,Equinix AM2,Equinix,AM2,,data_center,Laarderhoogtweg,Amsterdam,,,,4.941981,52.300629
WORLD,node,2868452750,Laboratório de Programação,,,,data_center,,,,,,-38.973406,-12.199538
WORLD,node,2876408856,KPN Telefoon Centrale,KPN,02584,,data_center,Bagijnenstraat,Alkmaar,,,,4.742799,52.631967
WORLD,node,2899028980,,,,,data_center,,,,,,32.524971,37.962845
WORLD,node,2901990872,Дата-центр Миран-1,,,,data_center,,,,,https://miran.ru/,30.339517,59.965179
WORLD,node,2901990873,Дата-центр Миран-2,,,,data_center,,,,,https://miran.ru/,30.339043,59.96381
WORLD,node,2906464440,Systemec Venlo DC19,Systemec,DC19,,data_center,Marinus Dammeweg,Venlo,,,https://www.systemec.nl/nl/home/voorzieningen-dc-19,6.158863,51.378397
WORLD,node,2906464473,Systemec Venlo DC25,Systemec,DC25,,data_center,Marinus Dammeweg,Venlo,,,https://www.systemec.nl/nl/home/voorzieningen-dc-25,6.159161,51.378217
WORLD,node,2912338694,GWDG - Außenstelle,,,,data_center,Margarethe-von-Wrangell-Weg,Göttingen,DE,,,9.943988,51.547941
WORLD,node,2978103914,PLAY Centrum Danych DC1,3S Data Center S.A.,PLAY DC1,,data_center,Gospodarcza,Katowice,,,,19.063166,50.245476
WORLD,node,3014822814,Datacenter Gemert,,,,data_center,Hemelsbleekweg,De Mortel,,,https://www.alticom.nl/locaties/datacenter-gemert/,5.704129,51.526337
WORLD,node,3067037986,DataCenter Fryslân,,,,data_center,François HaverSchmidtwei,Leeuwarden,,,https://www.dcf.nl/,5.764996,53.204777
WORLD,node,3406467087,NocRoom Miami IT Services,,,,data_center,,,,,https://nocroom.com,-80.317748,25.791545
WORLD,node,3406476814,NocRoom Miami IT Services,,,,data_center,,,,,https://nocroom.com,-80.423435,25.646562
WORLD,node,3468203102,Center for Computation & Technology (CCT),,,,data_center,,,,,,-91.172545,30.407446
WORLD,node,3695259879,"ЦОД ""Компрессор""",,,,data_center,,,,,,37.731415,55.749095
WORLD,node,3732415309,The Pittock Internet Exchange,Alco Properties,,,data_center,Southwest Washington Street,Portland,,,http://www.pittock.com/,-122.680562,45.521425
WORLD,node,3761896088,VSHosting s.r.o,,,,data_center,Sodomkova,,,,https://vshosting.cz/,14.53026,50.060139
WORLD,node,3830858695,M1 StackTelecom Datacenter,,,,data_center,,,,,,37.619934,55.626783
WORLD,node,3918634315,NorthC Datacenter Eindhoven,,,,data_center,High Tech Campus,Eindhoven,,,https://www.northcdatacenters.com/en/northc-datacenters/eindhoven/,5.458767,51.407849
WORLD,node,3979838931,LyonIX 1 IN2P3,,,,data_center,,,,,,4.865745,45.782617
WORLD,node,4019998661,Informationstechnikzentrum Bund (ITZBund),,,,data_center,Wilhelm-Fay-Straße,Frankfurt am Main,,,,8.585659,50.126125
WORLD,node,4045332681,Sree Chithra Computer Centre,,,,data_center,,,,,,76.906174,8.545778
WORLD,node,4177046902,NorthC Datacenter Delft,NorthC,,,data_center,Heertjeslaan,Delft,,,https://www.northcdatacenters.com/en/northc-datacenters/delft/,4.378242,51.987652
WORLD,node,4231017085,TelemaxX IPC2,TelemaxX Telekommunikation GmbH,,,data_center,Emmy-Noether-Straße,Karlsruhe,DE,,,8.439803,49.019584
WORLD,node,4242731538,NorthC Nürnberg 1,NorthC,,,data_center,Am Tower,Nürnberg,DE,,https://www.northcdatacenters.com/de/northc-datacenters/nuernberg/,11.176628,49.389641
WORLD,node,4270037002,DEL PRADO .com.ec,DEL PRADO .com.ec,S6-170,,data_center,"DEL PRADO .com.ec, Av. Juan Bautista Aguirre S6-170, Quito, Ecuador, 170603",Quito,,,,-78.502256,-0.244032
WORLD,node,4325876836,Trabia-Network,,,,data_center,Strada Vlaicu Pârcălab,Chișinău,MD,,https://www.trabia.com,28.837317,47.023129
WORLD,node,4353923475,Digital Realty AMS15,Digital Realty,AMS15,,data_center,Jan Wijsmullerdreef,Hoofddorp,,,https://www.digitalrealty.com/data-centers/emea/amsterdam/ams15,4.677448,52.290146
WORLD,node,4370857289,,Hansestadt Rostock,,data_center,data_center,,,,,,12.139071,54.082114
WORLD,node,4370857290,,,,,data_center,,,,,,12.137104,54.084787
WORLD,node,4514285726,Eurofiber Data center Brabant,Eurofiber,,,data_center,Gragtmansstraat,Waalwijk,,,,5.03855,51.695661
WORLD,node,4530651158,Digital Realty AMS8,Digital Realty,AMS8,,data_center,Pudongweg,Rozenburg,,,https://www.digitalrealty.com/data-centers/emea/amsterdam/ams8,4.743398,52.276536
WORLD,node,4673303646,Turkcell Superonline Yenibosna Veri Merkezi,,,,data_center,,,,,,28.827026,40.993451
WORLD,node,4673303647,Verizon İstanbul Veri Merkezi,,,,data_center,,,,,,28.827091,40.993447
WORLD,node,4686763486,Vocus Data Centre,,,yes,data_center,Doody Street,,,,,151.193159,-33.914996
WORLD,node,4686764434,Interactive Data Centre,Interactive,,,data_center,Herbert Street,,,,https://www.interactive.com.au/services/data-centres/locations/sydney/,151.192489,-33.816022
WORLD,node,4753473817,Equinix AM4,Equinix,AM4,,data_center,Science Park,Amsterdam,,,https://www.equinix.com/data-centers/europe-colocation/netherlands-colocation/amsterdam-data-centers/am4,4.961089,52.354273
WORLD,node,4753473931,Equinix AM3,Equinix,AM3,,data_center,Science Park,Amsterdam,,,https://www.equinix.com/data-centers/europe-colocation/netherlands-colocation/amsterdam-data-centers/am3,4.960388,52.354611
WORLD,node,4879481820,Google Fiber,Google,,yes,data_center,,,,,,-84.366859,33.771568
WORLD,node,4922135764,Pathway Communications,,,,data_center,Apple Creek Blvd.,Markham,,,https://www.pathcom.com/,-79.356543,43.857356
WORLD,node,4975162489,,Cogent,,,data_center,Rue Jean-Marie Huchet,Rennes,,,,-1.637296,48.109867
WORLD,node,5146323411,Open Computing Facility,,,,data_center,,,,,https://www.ocf.berkeley.edu/,-122.259823,37.869852
WORLD,node,5225685660,Lumos Networks,,,,data_center,,,,,,-79.142706,37.415688
WORLD,node,5239733106,Adeo Datacenter ApS,,,data_center,,,,,,https://adeodc.dk/,12.367787,55.667729
WORLD,node,5262515319,ColocationIX,,,,data_center,,,,,,8.79056,53.093894
WORLD,node,5321056354,Servicio Televisión por Cable,,,,data_center,Pasaje Patrullero Campos,Viña del Mar,,,,-71.507912,-32.996325
WORLD,node,5322272421,Даталайн,,,,data_center,,,,,https://www.dtln.ru/,37.71577,55.770444
WORLD,node,5417338322,Central de Digitel,Digitel,,,data_center,,,,,,-68.008869,10.220046
WORLD,node,5516773584,Archivio di Stato di Caserta,Ministero dei Beni e delle Attività Culturali,,,data_center,,,,,,14.351431,41.073833
WORLD,node,5617076047,,,Banglalink Care,,data_center,,,,,,89.069116,22.720152
WORLD,node,5618980929,Data Harbour,ООО «ДатаПорт»,,,data_center,,,,,,39.292226,51.716375
WORLD,node,5618980931,Web Data Center,АО «Датацентр»,,,data_center,,,,,,37.406271,55.894375
WORLD,node,5807803485,IT- und Medienzentrum,Universität Rostock,,,data_center,,,,,https://www.itmz.uni-rostock.de/,12.106637,54.077395
WORLD,node,5812546640,Rechenzentrum Citeq,Stadt Münster,,,data_center,,,,,,7.610291,51.974692
WORLD,node,5866595614,European Business Reliance Centre (EBRC),,,,data_center,,,,,https://www.ebrc.com/,6.113533,49.584323
WORLD,node,6015635281,Telehouse Paris Voltaire,,,,data_center,Boulevard Voltaire,Paris,,,,2.383304,48.856133
WORLD,node,6015712298,Scitis-Zen DataCenter Hitachi,,,,data_center,Avenue de la Pomme de Pin,Ardon,,,,1.920141,47.82375
WORLD,node,6016440346,TelecityGroup Paris Courbevoie,,,,data_center,Boulevard de Verdun,Courbevoie,,,,2.257949,48.904632
WORLD,node,6041696788,Rechenzentrum Paulstrasse 12,AXA Winterthur,WIN,,data_center,,,,,,8.720685,47.500859
WORLD,node,6102460998,SFR Netcenter Strasbourg,SFR,,,data_center,Rue du Havre,Strasbourg,,,,7.782151,48.568636
WORLD,node,6102483146,Telehouse 1,,,,data_center,,,,,,2.344142,48.869732
WORLD,node,6102606448,Interxion PAR6,Digital Realty,,,data_center,Rue Galilée,Ivry-sur-Seine,,,,2.403038,48.81521
WORLD,node,6102739953,THD Global 1,,,,data_center,,Sallanches,,,,6.630613,45.936702
WORLD,node,6103694303,TDF ProxiCenter Bordeaux Bouliac,,,,data_center,Avenue du Domaine de Vialle,,,,,-0.505549,44.819666
WORLD,node,6110614473,TDF ProxiCenter Lille Lambersart,,,,data_center,Rue Gambetta,Lambersart,,,,3.039912,50.648598
WORLD,node,6110817631,TDF ProxiCenter de Rennes-Cesson,,,,data_center,Rue du Clos Courtel,Cesson-Sévigné,,,,-1.627644,48.124685
WORLD,node,6121864803,Colt Paris 2,,,,data_center,Boulevard Bessières,Paris,,,,2.322178,48.897272
WORLD,node,6121873072,Colt Paris 1,,,,data_center,,,,,,2.39811,48.835225
WORLD,node,6121906640,Colt Lyon,,,,data_center,,,,,,4.867561,45.758843
WORLD,node,6121968632,,,,,data_center,,,,,,4.816801,45.724276
WORLD,node,6172732200,Wiit AG DUS,Wiit AG,,,data_center,Am Gatherhof,Düsseldorf,DE,,https://www.wiit.cloud/de/,6.817259,51.2668
WORLD,node,6174610289,Bouygues Telecom Montigny-le-Bretonneux,Bouygues Telecom,,,data_center,Rue Jean-Pierre Timbaud,Montigny le Bretonneux,,,,2.03631,48.794449
WORLD,node,6174794770,Equinix PA7,Equinix,PA7,,data_center,Avenue Victor Hugo,Aubervilliers,,,,2.36953,48.902239
WORLD,node,6175277339,Cogent Nantes,,,,data_center,Boulevard Victor Hugo,Nantes,,,,-1.55044,47.20264
WORLD,node,6175333480,Cogent Paris 1,,,,data_center,Boulevard de la République,La Garenne Colombes,,,,2.241631,48.907123
WORLD,node,6175354710,Cogent Poitiers,,,,data_center,Boulevard Jeanne d’Arc,Poitiers,,,,0.340018,46.588421
WORLD,node,6175660085,"Datacenter Lund, Alfa Laval",,,,data_center,Rudeboksvägen,,SE,,,13.156178,55.723032
WORLD,node,6205137527,,,,,data_center,,,,,,2.257155,49.135971
WORLD,node,6212420800,LASOTEL PIXEL69,,,,data_center,,,,,,4.899658,45.757408
WORLD,node,6212483563,ELB Group - DATACENTER LYON 3,,,,data_center,,,,,,4.871804,45.771976
WORLD,node,6212512538,"SynAApS - SaaS, PaaS, Housing",,,,data_center,,,,,,4.888239,45.784535
WORLD,node,6213121089,Etix Vendée #2,,,,data_center,Rue Albert Einstein,Olonne-sur-Mer,,,https://www.etixeverywhere.com/fr/,-1.747913,46.515497
WORLD,node,6215733985,Colt Telecom,,,,data_center,,,,,,4.450036,50.884623
WORLD,node,6222911368,OVHcloud Paris,,,,data_center,Rue Riquet,Paris,,,,2.376468,48.888314
WORLD,node,6229455977,Scaleway Datacenter DC4,Scaleway,,,data_center,,,,,,2.295995,48.829557
WORLD,node,6289312996,Telia ROSY Villepinte,,,,data_center,Avenue des Nations,Villepinte,,,,2.510072,48.972902
WORLD,node,6289367991,Ad Valem technologies TDF,,,,data_center,Boulevard de la Libération,Saint-Denis,,,,2.341078,48.928059
WORLD,node,6289527565,Alphalink Telco Center,,,,data_center,Rue du Moulin des Bruyères,Courbevoie,,,,2.259486,48.905623
WORLD,node,6289564874,Level (3) Le Capitole Nanterre,Lumen Technologies,,yes,data_center,Avenue des Champs Pierreux,Nanterre,,,,2.214235,48.887827
WORLD,node,6289587203,Prosodie Boulogne,,,,data_center,Rue Gallieni,Boulogne-Billancourt,,,,2.235126,48.836114
WORLD,node,6289605233,KHEOPS Organisation Vélizy-Villacoublay,,,,data_center,Avenue de l'Europe,Vélizy-Villacoublay,,,,2.214803,48.77854
WORLD,node,6289632564,Cogent Paris 2,Cogentco,,,data_center,Rue Grange Dame Rose,Vélizy-Villacoublay,,,https://www.cogentco.com/cogent-france,2.206945,48.784202
WORLD,node,6289682223,KHEOPS Organisation Plessis-Robinson,,,,data_center,Rue de la Boursidière,Le Plessis-Robinson,,,,2.237982,48.774203
WORLD,node,6289753941,Acropolis Telecom Paris-Nation,,,,data_center,Rue Mousset-Robert,Paris,,,,2.404097,48.842882
WORLD,node,6289858502,Sungard AS IT,,,,data_center,Cours des Petites Écuries,Lognes,,,,2.641173,48.836919
WORLD,node,6289873866,Alionis DC1,,,,data_center,Avenue du Quebec,Villebon Sur Yvette,,,,2.213779,48.68872
WORLD,node,6345712694,Digi (RCS & RDS) Craiova,Digi România SA,,,data_center,Strada Olteț,Craiova,,,https://www.digi.ro,23.801023,44.317607
WORLD,node,6371060723,Digital Realty AMS16,Digital Realty,AMS16,,data_center,Jan Wijsmullerdreef,Hoofddorp,,,https://www.digitalrealty.com/data-centers/emea/amsterdam/ams16,4.678621,52.290766
WORLD,node,6401035673,Rack59 Data Center,,,,data_center,West Reno Avenue,Oklahoma CIty,,,,-97.649745,35.467205
WORLD,node,6412799049,Rechenzentrum Akquinet,,,,data_center,,,,,,9.99373,53.700032
WORLD,node,6518648227,DEVESOFFT S.A.,,,,data_center,,,,,https://www.devesofft.com/,-78.427668,-0.197352
WORLD,node,6519075547,Nodo FO REFSA Tel  - VILLA 213,REFSA,,,data_center,,,,,,-59.363239,-26.184087
WORLD,node,6519090391,Telekom,"Slovak Telekom, a.s.",,,data_center,,,,,https://www.telekom.sk/biznis/datove-centra,21.260204,48.698225
WORLD,node,6528034100,University Town Center,,,,data_center,,,,,,124.596836,12.070392
WORLD,node,6551211354,IPHOST Datacenter,,,,data_center,,,,,https://innovahosting.net/,28.8834,47.007945
WORLD,node,6566811047,Fundação CEPRO,,,,data_center,Avenida Miguel Rosa,Teresina,,,,-42.802385,-5.087734
WORLD,node,6578896177,earthDATAsafe,Kapsch BusinessCom AG,,,data_center,Höhkogel,Kapfenberg,,,http://www.kapsch.net/de/kbc/portfolio/solutions/business_protection/itsecurity/Pages/eDs.aspx,15.338173,47.449138
WORLD,node,6596777359,noris network AG Rechenzentrum Hof,noris network AG,,commercial,data_center,Graf-Stauffenberg-Straße,Hof,DE,,https://www.noris.de/rechenzentren/rz-hof/,11.896693,50.317625
WORLD,node,6625492701,Oso Grande,Oso Grande,OSO,,data_center,6th Street Northwest,Albuquerque,,,,-106.653671,35.092501
WORLD,node,6633118901,Crypt Logic,Crypt Logic LTD,,,data_center,,,,,,23.316826,42.694242
WORLD,node,6652520833,Data Center Kominfo Kota Dumai,Kominfo,,,data_center,Jalan Tanjung Jati,Dumai,,,https://diskominfo.dumaikota.go.id/,101.460352,1.678661
WORLD,node,6680163795,Rechenzentrum,Hochschul-IT-Zentrum,,,data_center,,,,,,7.045063,49.25724
WORLD,node,6696027683,ISS Data Centre South (DCS),,,,data_center,,,,,,-9.059757,53.280694
WORLD,node,6697593261,Data center Roma Capitale,Roma Capitale,,,data_center,Cristoforo Colombo,Roma,,,,12.469642,41.832689
WORLD,node,6726073926,The Weaver,,,,data_center,,,,,,-0.589221,38.293841
WORLD,node,6728930318,"Akshaya Center , Maikavu",,KZD188,,data_center,,,,,,75.977199,11.402835
WORLD,node,6743711262,Internet és KTV Fejállomás,DIGI Távközlési és Szolgáltató Kft.,,,data_center,,,,,https://digi.hu/,19.294082,48.074433
WORLD,node,6793837329,Morgan Wireless,,,,data_center,North Washington Street,Bath (Berkeley Springs),,,https://www.morganwireless.net,-78.22532,39.630985
WORLD,node,6835335762,Bitviking,,,,data_center,Via Leopoldo Camillo Volta,Mantova,,,https://www.bitviking.it,10.798655,45.14667
WORLD,node,6852120817,Lab 7,,,,data_center,,,,,,-5.107622,33.537992
WORLD,node,6852120823,Lab 11,,,,data_center,,,,,,-5.108301,33.539277
WORLD,node,6852120855,Lab 8b,,,,data_center,,,,,,-5.108255,33.53838
WORLD,node,6852120871,LTS Lab,,,,data_center,,,,,,-5.107329,33.538961
WORLD,node,6856057098,VIRTBIZ,,,,data_center,Canton Street,Dallas,,,https://www.virtbiz.com/,-96.782815,32.782546
WORLD,node,6898386156,Cogent,Cogent Communications,,,data_center,,,,,,-0.555451,44.862992
WORLD,node,6901177202,Equinix SO1,Equinix,,,data_center,5030,,,,https://www.equinix.com/locations/europe-colocation/bulgaria-colocation/sofia-data-centers/so1/,23.395401,42.66852
WORLD,node,6953917431,OIZ,,,,data_center,,,,,,8.564131,47.415257
WORLD,node,6986417553,مکنانت,آفاق اندیش داده پردیس,,,data_center,میدان فردوس,پردیس,,,,51.843725,35.73528
WORLD,node,7001771562,Server Room B2,,Unit Rangkaian,,data_center,,,,,,103.091325,5.405762
WORLD,node,7024322405,Yettel Budafok MSC,,,,data_center,Budafoki út,Budapest,,,,19.052587,47.458393
WORLD,node,7034694131,Nodo FO REFSA Tel - IRIGOYEN,REFSA,,,data_center,,,,,,-58.833466,-26.17532
WORLD,node,7034711942,Centro de Datos Modular REFSA Telecomunicaciones,,no,,data_center,,,,,,-58.207081,-26.205855
WORLD,node,7034714852,Shelter ARSAT FO,,,,data_center,,,,,,-58.207039,-26.205974
WORLD,node,7034737759,Centro de Datos UPSTI,,,,data_center,,,,,,-58.164591,-26.182862
WORLD,node,7034739991,Nodo FO REFSA Tel - TATANE,,,,data_center,,,,,,-58.344513,-26.393697
WORLD,node,7034742245,Nodo FO REFSA Tel  - VILLAFAÑE,REFSA,,,data_center,,,,,,-59.078957,-26.203746
WORLD,node,7034744730,Nodo FO REFSA Tel  - MANSILLA,REFSA,,,data_center,,,,,,-58.630732,-26.65936
WORLD,node,7034745400,Nodo FO REFSA Tel - HERRADURA,REFSA,,,data_center,,,,,,-58.311505,-26.488659
WORLD,node,7034746627,Nodo FO REFSA Tel - LAISHI,REFSA TELECOMUNICACIONES,,,data_center,,,,,,-58.63025,-26.240027
WORLD,node,7034747256,Nodo FO REFSA Tel  - EL COLORADO,REFSA,,,data_center,,,,,,-59.370829,-26.308449
WORLD,node,7034747705,Nodo FO - RED CAPRICORNIO FORMOSA,,,,data_center,,,,,,-58.207132,-26.205738
WORLD,node,7034753291,Nodo FO REFSA Tel  - VILLA ESCOLAR,REFSA,,,data_center,,,,,,-58.670667,-26.621454
WORLD,node,7054597423,Bramar,Bramar C.A,,,data_center,,,,,,-69.333306,10.080209
WORLD,node,7074394965,联想售后服务中心(银盆路店),,,,data_center,,,,,,112.949912,28.220524
WORLD,node,7074557136,长沙市交通事故快处快赔服务中心,,,,data_center,,,,,,112.927932,28.230916
WORLD,node,7075542867,中南大学后勤生活服务中心,,,,data_center,,,,,,112.935326,28.224854
WORLD,node,7078682214,,Delska,,,data_center,,,,,,24.231972,56.889193
WORLD,node,7080092091,CyrusOne Amsterdam I,CyrusOne,,,data_center,Linieweg,Halfweg,,,https://cyrusone.com/locations/amsterdam-one/,4.703403,52.383037
WORLD,node,7111502342,G-Tech,,,,data_center,,,,,,76.026312,10.580782
WORLD,node,7171975407,FirstLight Data Center,FirstLight,,,data_center,Cumberland Avenue,Portland,,,https://www.firstlight.net/products/data-center/portland-me-data-center/,-70.261379,43.657839
WORLD,node,7196501537,Big Data Exchange Singapore Data Center SIN1,,,,data_center,Paya Lebar Road,Singapore,,,https://www.bdxworld.com/locations/singapore,103.891607,1.323917
WORLD,node,7201149878,Data Center do Estado,,,,data_center,,,,,,-23.495967,14.926322
WORLD,node,7207404976,中国电信,,,,data_center,,,,,,118.82094,28.418843
WORLD,node,7259975451,,,,,data_center,,,,,,-122.912312,49.274393
WORLD,node,7264976228,Learning GIS!,,,,data_center,,,,,,-86.914155,40.42179
WORLD,node,7264976991,Agricultural and Biological Engineering,,,,data_center,,,,,,-86.916545,40.421854
WORLD,node,7309643867,st marys press,,,,data_center,,,,,,76.842161,9.386972
WORLD,node,7309786609,adharam writing center,,,,data_center,,,,,,76.843182,9.387181
WORLD,node,7324132050,Windstream Communications,,,,data_center,South Miami Boulevard,Durham,,,,-78.851552,35.881397
WORLD,node,7324132051,Level 3 Communications,,,,data_center,South Miami Boulevard,Durham,,,,-78.851573,35.881364
WORLD,node,7334643448,Akshaya,,KTM109,,data_center,,,,,,76.576921,9.562434
WORLD,node,7339689575,"Akshaya Centre, Thottuva, Kuravilangad",,KTM147,,data_center,,,,,https://www.akshaya.kerala.gov.in/centers/558/akshaya-centre-thottuva-kottayam,76.544135,9.755112
WORLD,node,7350460428,中佳 Zhongjia,,,,data_center,Aguinaldo Highway,Imus,,,,120.9436,14.424957
WORLD,node,7405586142,Maan Group,Privat,,,data_center,,,,,,5.59835,58.860111
WORLD,node,7427576130,REG.AM,GlobalAr LLC,,,data_center,,,,,,44.517156,40.175649
WORLD,node,7463694084,Common dervice centre,,,,data_center,,,,,,76.671007,9.244999
WORLD,node,7464548386,"Akshaya Centre, Thripperumthura",,ALP119,,data_center,,,,,,76.524649,9.287596
WORLD,node,7470528513,asianet cable,,,,data_center,,,,,,76.521714,9.252605
WORLD,node,7472880601,,,,,data_center,,,,,,76.588045,9.360079
WORLD,node,7473070617,Gtec,,,,data_center,,,,,,75.82772,11.312194
WORLD,node,7474151786,Nortech Infonet Pvt,,,,data_center,,,,,,76.30983,10.020168
WORLD,node,7475612940,Zion Communication,,,,data_center,,,,,,76.926391,9.330997
WORLD,node,7488354871,computer center,,,,data_center,,,,,,76.639761,9.569896
WORLD,node,7500843901,4ServiceSolutions,,,,data_center,Via Giovanni Pascoli,Affi,,,,10.785151,45.55331
WORLD,node,7522025783,Cogent,"Cogent Communications, Inc.",,,data_center,,,,,,5.736914,45.189635
WORLD,node,7530756786,Wayratechs,,,,data_center,,,,,,-78.667525,-1.656163
WORLD,node,7557854384,OptimumHQ,,,,data_center,South Val Vista Drive,Mesa,,,,-111.752668,33.380415
WORLD,node,7557868585,The Chatfield Group,,,,data_center,South Val Vista Drive,Mesa,,,,-111.752889,33.380601
WORLD,node,7574341006,"Piyhost - Web, Software Developer",Piyhost,,,data_center,jalan cici,South Tangerang,,,https://piyhost.com,106.732536,-6.297596
WORLD,node,7578821329,All About Serving Process Server,,,,data_center,East Ray Road,Chandler,,,,-111.809686,33.319916
WORLD,node,7683756060,Centre de données d'Hydro-Québec,Hydro-Québec,,,data_center,Rue Luneau,Drummondville,,,,-72.527888,45.883905
WORLD,node,7737996606,Emailage,,,,data_center,,,,,,-111.840539,33.302965
WORLD,node,7747327592,Open Skies One,prego. services GmbH,,,data_center,Am Halberg,Saarbrücken,DE,,https://www.prego-services.de/,7.039622,49.224955
WORLD,node,7750482363,Akshaya Centre,,MPM136,,data_center,,,,,,76.138408,10.94632
WORLD,node,7821940847,Alliance Technology,,,,data_center,East Baseline Road,Mesa,,,,-111.728405,33.379986
WORLD,node,7829977772,Redcentric Cambridge,Redcentric,,,data_center,Cambridge Business Park,Cambridge,,,https://www.redcentricplc.com/,0.150862,52.230127
WORLD,node,7852403847,,,,,data_center,East 7th Avenue,,,,,-123.103763,49.264798
WORLD,node,7873156431,,Tucha,,,data_center,проспект Степана Бандери,,,,,25.60714,49.552016
WORLD,node,7900883632,Datacenter Aqua Ray,Aqua Ray,,,data_center,Rue Jules Vanzuppe,Ivry-sur-Seine,,,https://aquaray.com,2.393401,48.819937
WORLD,node,7902341447,Salle Technique TV5MONDE,TV5MONDE,,,data_center,,,,,,2.301842,48.883627
WORLD,node,7902351616,Datacenter Orange Archives,Orange,,,data_center,,,,,,2.358393,48.86281
WORLD,node,7902360503,Salle technique TDF,TDF,,,data_center,,,,,,2.422569,48.885289
WORLD,node,7902383102,Salle technique TF1,TF1,,,data_center,,,,,,2.259753,48.833819
WORLD,node,7902383458,Salle technique TDF,TDF,,,data_center,,,,,,2.294212,48.85742
WORLD,node,7902392228,Salle Technique France Télévisions,France Télévisions,,,data_center,,,,,,2.272439,48.838315
WORLD,node,7902398865,Salle technique Eurosport,Eurosport,,,data_center,,,,,,2.264656,48.829068
WORLD,node,7902413338,Salle technique Groupe M6,Groupe M6,,,data_center,,,,,,2.273175,48.881189
WORLD,node,7902421304,Salle technique Groupe M6,Groupe M6,,,data_center,,,,,,2.272211,48.880594
WORLD,node,7902526435,Data Center Bluecom,Bluecom,,,data_center,,,,,,-4.41547,48.441301
WORLD,node,7902527604,Datacenter Thales Nungesser,THALES,,,data_center,Avenue Gay-Lussac,,,,,1.975291,48.79094
WORLD,node,7902546622,Salle technique Groupe CANAL,Groupe CANAL,,,data_center,,,,,,2.263473,48.82757
WORLD,node,7902551102,Salle technique Euronews,Euronews,,,data_center,,,,,,4.81565,45.734399
WORLD,node,7917881365,,,,,data_center,,,,,,75.953947,11.245898
WORLD,node,7959855830,GIS Data-Center,,,,data_center,,,,,,74.427397,31.575169
WORLD,node,7985753364,8100 Boone Boulevard,Digital Realty,,,data_center,Boone Boulevard,,,,,-77.225882,38.913724
WORLD,node,8017899486,HiPerGator,University of Florida,Version 3.0,,data_center,,,,,https://www.rc.ufl.edu/services/hipergator/,-82.299762,29.672819
WORLD,node,8048285522,Techcréa Solutions,Techcréa Solutions - First Heberg,,,data_center,,,,,,3.543185,50.345487
WORLD,node,8049647553,Office of the System Administrator,,,,data_center,,,,,,125.008116,11.24716
WORLD,node,8074063731,dc2scale Vélizy,dc2scale,,,data_center,Rue Grange Dame Rose,Vélizy-Villacoublay,,,https://dc2scale.fr/en/datacenters/velizy/,2.208087,48.783789
WORLD,node,8075604281,Парковий,,,,data_center,,,,,,30.541238,50.449311
WORLD,node,8087158048,MSK-IX,,,,data_center,,,,,,37.554618,55.800808
WORLD,node,8109664813,Atlanta ATL13,Digital Realty,ATL13,,data_center,Marietta Street,Atlanta,,,https://www.digitalrealty.com/data-centers/americas/atlanta/atl13,-84.391481,33.755519
WORLD,node,8148369824,NTT,NTT,,,data_center,,,,,,141.142402,39.717334
WORLD,node,8165754026,Data Holdings Data Center,,,,data_center,West Highland Boulevard,Milwaukee,,,,-87.953979,43.043941
WORLD,node,8208578899,NTT Communications Singapore Serangoon Data Center,,,,data_center,Serangoon North Avenue 4,Singapore,SG,,https://www.ntt.com/en/services/data-center/nexcenter/virtual-tours/singapore-serangoon.html,103.875154,1.376089
WORLD,node,8208578912,Singtel Bedok Data Center,,,,data_center,South Bedok Road,Singapore,SG,,,103.9298,1.319675
WORLD,node,8208578913,Inap Data Center,,,,data_center,Pioneer Walk,Singapore,SG,,https://www.inap.com/data-centers/singapore-data-centers/,103.695823,1.321513
WORLD,node,8208578914,Inap Data Center,,,,data_center,Ayer Rajah Crescent,Singapore,SG,,https://www.inap.com/data-centers/singapore-data-centers/,103.78983,1.295405
WORLD,node,8208578915,Inap Data Center,,,,data_center,Chai Chee Road,Singapore,SG,,https://www.inap.com/data-centers/singapore-data-centers/,103.921051,1.322665
WORLD,node,8208585682,Keppel DC Singapore 1,,,,data_center,Serangoon North Avenue 5,Singapore,SG,,https://www.keppeldcreit.com/en/content.aspx?sid=4838,103.875077,1.375533
WORLD,node,8208587403,Starhub Data Center @ Kaki Bukit,,,,data_center,Ubi Avenue 1,Singapore,,,,103.889512,1.321531
WORLD,node,8208587404,Ascenix,,,,data_center,Kallang Avenue,Singapore,SG,,https://www.ascenix.net/,103.865952,1.310656
WORLD,node,8208591051,Amazon SIN4,,,,data_center,Tai Seng Street,Singapore,SG,,,103.890335,1.335397
WORLD,node,8208591054,Amazon SIN2,,,,data_center,Pioneer Walk,Singapore,SG,,,103.695829,1.321652
WORLD,node,8208591112,Google Singapore DC,,,,data_center,Jurong West Street 23,Singapore,SG,,https://www.google.com/about/datacenters/locations/singapore/,103.709178,1.35115
WORLD,node,8208595600,STT Jurong,,,,data_center,International Business Park,Singapore,SG,,https://www.sttelemediagdc.com/,103.746226,1.327808
WORLD,node,8208595607,China Mobile International Singapore Data Center,,,,data_center,Tai Seng Drive,Singapore,SG,,https://www.cmi.chinamobile.com/en/data-center,103.894425,1.337178
WORLD,node,8208595608,STT Tai Seng 2,,,,data_center,Tai Seng Avenue,Singapore,SG,,https://www.sttelemediagdc.com/,103.894016,1.336574
WORLD,node,8208598239,Starhub Data Center @ Ang Mo Kio,,,,data_center,,,,,,103.869832,1.37569
WORLD,node,8208598242,Starhub Data Center @ One North,,,,data_center,Media Link,Singapore,SG,,,103.791736,1.292171
WORLD,node,8208598243,Starhub Data Center @ Loyang,,,,data_center,,,,,,103.965275,1.374594
WORLD,node,8208598244,Airtrunk SGP1 Singapore,,,,data_center,Loyang Drive,Singapore,,,https://www.airtrunk.com/location/sgp1-singapore/,103.968513,1.377233
WORLD,node,8208598258,STT Tai Seng 1,,,,data_center,Tai Seng Street,Singapore,SG,,https://www.sttelemediagdc.com/,103.890471,1.335332
WORLD,node,8208598265,STT Defu 1,,,,data_center,Defu Avenue 1,Singapore,SG,,https://www.sttelemediagdc.com/,103.891457,1.349364
WORLD,node,8208598266,STT Defu 2,,,,data_center,Defu Avenue 1,Singapore,SG,,https://www.sttelemediagdc.com/,103.891583,1.349899
WORLD,node,8208598326,Starhub Data Center @ Tai Seng,,,,data_center,Tai Seng Drive,Singapore,SG,,,103.893829,1.337823
WORLD,node,8208598418,M1 Next-Gen Data Center,,,,data_center,International Business Park,Singapore,SG,,https://www.m1.com.sg/,103.748797,1.32522
WORLD,node,8208598531,Amazon SIN3,,,,data_center,Tampines Street 92,Singapore,SG,,,103.944283,1.34053
WORLD,node,8208598545,PrincetonDG SG1 Singapore,,,,data_center,Ang Mo Kio Avenue 5,Singapore,SG,,https://princetondg.com/locations/sg1/,103.872854,1.378165
WORLD,node,8208598664,AIMS,,,,data_center,,,,,,103.893269,1.336875
WORLD,node,8208598665,Amazon SIN5,,,,data_center,,,,,,103.893767,1.336682
WORLD,node,8208598755,1-Net,,,,data_center,Riverside Road,Singapore,SG,,http://1-net.com.sg/services/1-net-north/,103.780407,1.443266
WORLD,node,8208598766,Digital Realty Data Center,,,,data_center,Loyang Way,Singapore,SG,,https://www.digitalrealty.com/data-centers/singapore/digital-loyang-2,103.968471,1.370768
WORLD,node,8208598767,Digital Realty Data Center,,,,data_center,Loyang Close,Singapore,SG,,https://www.digitalrealty.com/data-centers/singapore/digital-loyang-2,103.966435,1.371024
WORLD,node,8208598774,Digital Realty Data Center,,,,data_center,International Business Park,Singapore,SG,,https://www.digitalrealty.com/data-centers/singapore/29a-intl-business-pk-jurong-singapore,103.746027,1.327805
WORLD,node,8208598775,Telin-1 Data Centre,Telin Singapore,,,data_center,Changi North Way,Singapore,SG,,https://www.telin.sg/,103.974812,1.352943
WORLD,node,8208598776,Telin-2 Data Centre,Telin Singapore,,,data_center,Tai Seng Avenue,Singapore,SG,,https://www.telin.sg/,103.893943,1.336605
WORLD,node,8208598778,Global Switch,,,,data_center,Woodlands Height,Singapore,SG,,https://www.globalswitch.sg/locations/singapore-data-centres/,103.798506,1.429052
WORLD,node,8208598779,Global Switch,,,,data_center,Tai Seng Avenue,Singapore,SG,,https://www.globalswitch.sg/locations/singapore-data-centres/,103.893873,1.336636
WORLD,node,8208598823,Epsilon Telecommunications Singapore Data Center,,,,data_center,Lorong Chuan,Singapore,SG,,https://www.epsilontel.com/resources/datasheets/epsilon-global-hubs-new-tech-park/,103.86155,1.351451
WORLD,node,8208598824,Singtel Kim Chuan Telecommunications Centre,,,,data_center,Kim Chuan Road,Singapore,SG,,,103.889998,1.339393
WORLD,node,8208598825,Singtel Kim Chuan Telecommunications Centre,,,,data_center,Kim Chuan Road,Singapore,SG,,,103.888952,1.340278
WORLD,node,8208598917,Cyxtera Singapore Data Center Campus SIN1,,,,data_center,Tai Seng Drive,Singapore,SG,,https://www.cyxtera.com/singapore-data-centers/sin1,103.893651,1.338553
WORLD,node,8208598918,Iron Mountain Data Centers SIN-1,,,,data_center,Serangoon North Avenue 6,Singapore,SG,,https://www.ironmountain.com/digital-transformation/data-centers/locations/singapore-data-center,103.87126,1.375584
WORLD,node,8208599034,Equinix Data Center SG4,Equinix,,,data_center,Tai Seng Drive,Singapore,SG,,https://www.equinix.com/data-centers/asia-pacific-colocation/singapore-colocation/singapore-data-center/sg4,103.893166,1.338923
WORLD,node,8208599035,Equinix Data Center SG1,,,,data_center,Ayer Rajah Crescent,Singapore,SG,,https://www.equinix.sg/locations/asia-colocation/singapore-colocation/singapore-data-center/sg1/,103.789951,1.295336
WORLD,node,8208599038,Equinix Data Center SG3,,,,data_center,Ayer Rajah Crescent,Singapore,SG,,https://www.equinix.sg/locations/asia-colocation/singapore-colocation/singapore-data-center/sg3/,103.790415,1.295549
WORLD,node,8208599233,Keppel DC Singapore 3,,,,data_center,Tampines Street 92,Singapore,SG,,https://www.keppeldcreit.com/en/content.aspx?sid=6894,103.943934,1.340347
WORLD,node,8208599234,Keppel DC Singapore 2,,,,data_center,Tampines Street 92,Singapore,SG,,https://www.keppeldcreit.com/en/content.aspx?sid=4839,103.944247,1.34058
WORLD,node,8208599278,Keppel DC Singapore 4,,,,data_center,Tampines Street 92,Singapore,SG,,https://www.keppeldcreit.com/en/content.aspx?sid=9969,103.943822,1.342028
WORLD,node,8208599279,Equinix Data Center SG2,,,,data_center,Pioneer Walk,Singapore,SG,,https://www.equinix.sg/locations/asia-colocation/singapore-colocation/singapore-data-center/sg2/,103.695816,1.321341
WORLD,node,8238715059,STACK Infrastructure,"Stack Infrastructure, Incorporated",,,data_center,Trade Zone Boulevard,San Jose,,,,-121.891051,37.402745
WORLD,node,8238715061,STACK Infrastructure,"Stack Infrastructure, Incorporated",,,data_center,Trade Zone Boulevard,San Jose,,,,-121.891057,37.402634
WORLD,node,8242627702,,Bank Of America,,,data_center,,,,,,-0.766216,51.333258
WORLD,node,8254306230,Datacenter UNaM,,,,data_center,,,,,,-55.888104,-27.434639
WORLD,node,8261871164,顺兴通讯,,,,data_center,,,,,,112.917939,27.823345
WORLD,node,8273736407,,,,,data_center,,,,,,76.639694,8.839418
WORLD,node,8297362166,Datacenter RTE,RTE,,data_center,data_center,,,,,,2.339939,48.919623
WORLD,node,8297551605,Datacenter EDF,EDF,,data_center,data_center,,,,,,2.34085,48.920354
WORLD,node,8325036723,Serverhouse,Serverhouse,,,data_center,,,,,https://www.serverhouse.co.uk/datacentre/hampshire-datacentre.php,-1.245611,50.867801
WORLD,node,8390959153,DartPoints Greenville,DartPoints,GSP01,,data_center,Global Drive,Greenville,,,https://dartpoints.com/locations/gsp01-greenville-sc/,-82.343492,34.807528
WORLD,node,8465878157,Colobâle,Colobâle AG,,,data_center,,,,,https://www.colobale.ch,7.675072,47.522966
WORLD,node,8477460442,Digital West Data Center,,,,data_center,,,,,,-120.641513,35.255316
WORLD,node,8477999235,تۆمارگای گشتی,تۆمارگای گشتی,تۆمارگای گشتی,,data_center,,,,,,45.366465,35.577174
WORLD,node,8542011751,Nova Shop,,,,data_center,,,,,,28.154783,36.416786
WORLD,node,8565266003,,,,,data_center,,,,,,76.428153,9.283679
WORLD,node,8565642884,,MEO,PT,,data_center,,,,,,-8.113806,38.05943
WORLD,node,8566028198,Elektra,,,,data_center,Adem Jashari,Hani i Elezit,XK,,,21.298592,42.149829
WORLD,node,8567510232,akshaya centre,,,,data_center,,,,,,76.657247,9.121738
WORLD,node,8583885761,Microsoft Data Center,Microsoft,,,data_center,,,,,,3.610252,50.528152
WORLD,node,8641856300,Chick-fil-A Hiring Center,Dennis Sampier,,,data_center,,,,,,-82.988394,42.627942
WORLD,node,8670043375,Datacenter RTE,RTE,,data_center,data_center,,,,,,2.050016,48.791999
WORLD,node,8670065237,Datacenter RTE,RTE,,,data_center,,,,,,4.832222,45.740481
WORLD,node,8670268773,立岭驾驶人服务中心,,,,data_center,,,,,,117.210526,37.725053
WORLD,node,8699932362,宏成集团大数据中心,,,,data_center,,,,,,117.31727,35.869097
WORLD,node,8712918739,Compass Datacenters,,,,data_center,Avenue Clark-Graham,Baie-D'Urfé,,,,-73.913817,45.423592
WORLD,node,8721229187,,Internet Central,,,data_center,,,,,,-2.269941,53.003893
WORLD,node,8721446766,DC West,,,,data_center,Yung Ho Road,Singapore,SG,,https://www.singtel.com/business/products-services/cloud-data-centre/dc/data-centre-facilities/dc-west,103.72161,1.325029
WORLD,node,8730081705,ESolutionsUG,ESolutionsUG,,,data_center,,,,,,32.540459,0.279905
WORLD,node,8744063082,France Travail datacenter Orléans,France Travail DSI,,,data_center,,,,,,1.852149,47.893043
WORLD,node,8745353247,ORANGE STORE,,,,data_center,,,,,,24.5045,43.775246
WORLD,node,8766654928,شرکت فناوری رایان افزار پارسان,,,,data_center,,,,,,45.719094,36.764953
WORLD,node,8767284091,Ergonomic Group,,,,data_center,Kreiger Lane,Glastonbury,,,https://www.ergogroup.com,-72.589864,41.707078
WORLD,node,8816716058,datamena DXA Datacenter,datamena,,,data_center,Building F102 - Dubai Production City,دبي,,,https://datamena.com/,55.185234,25.028096
WORLD,node,8874103115,E79 Systems Inc.,,,,data_center,,,,,,121.029153,14.444142
WORLD,node,8883466967,,,,,data_center,,,,,,76.546943,9.461484
WORLD,node,8886930999,computer cafe,,,,data_center,,,,,,87.251208,24.268224
WORLD,node,8887386717,百度博浩机房,,,,data_center,,,,,,113.563452,23.209137
WORLD,node,8888075302,Kuzhivilakonam Resident Welfare Society,,,,data_center,,,,,,77.033342,8.375687
WORLD,node,8897151054,San Jose Colocation Center,CoreSite,SV1,,data_center,South Market Street,San Jose,,,https://www.coresite.com/data-center/sv1-san-jose-ca,-121.891646,37.334118
WORLD,node,8920088329,中国电信（科云数据中心）,,,,data_center,,,,,,113.532,23.215139
WORLD,node,8930909347,Lyon Sévigné,Orange,,,data_center,,,,,,4.84389,45.758448
WORLD,node,8930909348,Lille Boitelle,Orange,,,data_center,,,,,,3.077855,50.627302
WORLD,node,8945351837,The Deck,Ficolo,,,data_center,,,,,,23.77571,61.497896
WORLD,node,8963538640,Bunkerberget,Bahnhof,,,data_center,Batterigatan,Göteborg,SE,,,12.016801,57.731013
WORLD,node,8973042667,MT2,Equinix,,,data_center,Rue F.-X.-Tessier,Vaudreuil-Dorion,,,https://www.equinix.com/fr/fr/data-centers/americas-colocation/canada-colocation/montreal-data-centers/mt2,-74.050506,45.412619
WORLD,node,8985863063,Adhaar Seva Kendra,,,,data_center,,,,,,77.170424,28.673117
WORLD,node,9002117313,Salle Technique France Télévisions,France Télévisions,,,data_center,,,,,,2.272682,48.837809
WORLD,node,9002195217,Salle Technique France Télévisions,France Télévisions,,,data_center,,,,,,2.281685,48.840134
WORLD,node,9002203858,Salle Technique Groupe Canal,Groupe Canal,,,data_center,,,,,,2.237371,48.833196
WORLD,node,9002215626,Datacenter Bouygues Télécom,Bouygues Télécom,,,data_center,,,,,,2.47095,48.725614
WORLD,node,9006976458,Digital Realty AMS10,Digital Realty,AMS10,,data_center,Pudongweg,Rozenburg,,,https://www.digitalrealty.com/data-centers/emea/amsterdam/ams10,4.741197,52.275359
WORLD,node,9026748513,Lab Komputer,,,,data_center,,,,,,112.066943,-6.894816
WORLD,node,9045173270,Datacenter MGEN,MGEN,,,data_center,,,,,,6.130289,48.653227
WORLD,node,9045239635,,FDJ,,,data_center,,,,,,5.271286,43.43114
WORLD,node,9063450776,中華電信IDC台中黎明機房,中華電信數據通信分公司,,,data_center,黎明路二段,臺中市,TW,,,120.634731,24.157894
WORLD,node,9066692465,PANOURI SOLARE REDEA DATACENTER,,,,data_center,,,,,,24.295263,44.074474
WORLD,node,9068699148,,IFP,,,data_center,,,,,,2.174986,48.877364
WORLD,node,9068704649,,,,,data_center,,,,,,2.166359,48.878792
WORLD,node,9068705141,,Orange,,,data_center,,,,,,2.187549,48.883018
WORLD,node,9073360494,inforland.com,inforland.com,,,data_center,,,,,,-3.877379,36.748388
WORLD,node,9084091880,Akshaya E Center,,,,data_center,,,,,,76.299786,10.42963
WORLD,node,9092482804,Amazon Web Services IAD69,Amazon Web Services,IAD69,,data_center,,,,,,-77.4147,39.025485
WORLD,node,9108561392,R74n Vault,,,,data_center,,,,,,23.475382,77.475486
WORLD,node,9117956197,databyte,,,,data_center,,,,,,4.41383,51.930386
WORLD,node,9190480200,Stream Data Centers Houston,,,,data_center,Technology Forest Boulevard,The Woodlands,,,https://www.streamdatacenters.com/datacenters/houston-the-woodlands/,-95.486046,30.178137
WORLD,node,9234227182,Centro de Computación,university,,,data_center,,,,,,-69.362591,10.066669
WORLD,node,9241724638,,,,,data_center,,,,,,22.391887,48.422028
WORLD,node,9253910552,Brightsolid,brightsolid,,,data_center,Whitemyres Avenue,Aberdeen,GB,,https://brightsolid.com/,-2.160149,57.152569
WORLD,node,9258436545,Digital Reality DUS2,Digital Realty,DUS2,,data_center,In der Steele,Düsseldorf,,,https://www.digitalrealty.com/data-centers/emea/dusseldorf/dus2,6.866722,51.187765
WORLD,node,9258436546,Digital Realty DUS1,Digital Realty,DUS1,,data_center,In der Steele,Düsseldorf,,,https://www.digitalrealty.com/data-centers/emea/dusseldorf/dus1,6.867857,51.188089
WORLD,node,9260515684,Data Center TVRI,ICT,,,data_center,Jalan Gerbang Pemuda,DKI Jakarta,,,https://tvri.go.id/,106.801224,-6.212287
WORLD,node,9348059571,,,,,data_center,,,,,,106.518348,26.367538
WORLD,node,9354608740,Simtronic,,,,data_center,,,,,,150.694489,-33.752799
WORLD,node,9373660259,zColo Poissonnière,zColo France,,,data_center,Rue Poissonnière,Paris,,,,2.347689,48.869582
WORLD,node,9379430388,BIX,ISZT - BUDAPEST INTERNET EXCHANGE,Victor Hugo,,data_center,Victor Hugo utca,Budapest,,,,19.055252,47.517942
WORLD,node,9403059298,,OpenStreetMap France,osm32;osm33;osm34;osm35;osm36;osm37,,data_center,,,,,,2.077781,48.725863
WORLD,node,9403910973,BOX METER,,,,data_center,,,,,,114.499332,-2.855913
WORLD,node,9416500090,,Artec,,,data_center,,,,,,8.753293,50.355261
WORLD,node,9458930462,CityFibre Cabinets,CityFibre,,,data_center,Brunel Road,,,,,0.644776,51.570187
WORLD,node,9502451401,Equinix,Equinix,,,data_center,,,,,,139.748147,35.617461
WORLD,node,9536287665,,,,,data_center,,,,,,116.64112,40.315392
WORLD,node,9557048323,ANH DOGE,"ANH DOGE CO., LTD.",,,data_center,Banzon Street,Danao,,,https://www.anhdoge.com,124.023085,10.522906
WORLD,node,9571035654,Modernización,,,,data_center,,,,,,-65.763112,-28.459049
WORLD,node,9577661001,Pabellon 4,,,,data_center,,,,,,-65.765878,-28.459557
WORLD,node,9578033625,Rack Modernización,,,,data_center,,,,,,-65.756633,-28.447478
WORLD,node,9626439921,Easylinehost Finland Oy,,,,data_center,Niiralankatu 16,Kuopio,FI,,https://www.easylinehost.fi,27.659297,62.894175
WORLD,node,9664758614,Rack & Data,,,,data_center,Ardelt Avenue,Kitchener,,,https://rackanddata.com/,-80.472772,43.423052
WORLD,node,9665210160,DISKUS Polska,,,,data_center,Tadeusza Kościuszki,Wieliczka,,,https://www.diskus.pl/,20.04799,49.982544
WORLD,node,9669340912,Crown Castle Baltimore,Crown Castle Fiber,Baltimore,,data_center,Market Place,Baltimore,,,https://www.crowncastle.com/communities/baltimore-md.aspx,-76.606489,39.287702
WORLD,node,9669405859,AiNET One Market Center,AiNET,BW1,,data_center,West Lexington Street,Baltimore,,,https://www.ai.net/,-76.620374,39.291758
WORLD,node,9669639033,Lumen McLean,Lumen Technologies,,,data_center,Old Meadow Road,McLean,,,,-77.211571,38.920854
WORLD,node,9709502908,Tietokettu,Tietokettu,2991794-7,,data_center,Piiponraitti,Lempäälä,,,https://tietokettu.net,23.757195,61.315316
WORLD,node,9721703993,TierPoint Milwaukee,,,,data_center,West Burnham Street,Milwaukee,,,https://tierpoint.com/,-87.961093,43.009794
WORLD,node,9736262934,Frontier Science,,,,data_center,Maple Road,Amherst,,,https://www.frontierscience.org,-78.812384,42.990201
WORLD,node,9741069824,مرکز تعویض پلاک,,,,data_center,,,,,,47.977702,34.070286
WORLD,node,9741069825,فرمانداری شهرستان دلفان,,,,data_center,,,,,,47.975931,34.067273
WORLD,node,9753090080,,Magyar Telekom,Adatpark Győr,,data_center,Teleki László utca,Győr,,,,17.636875,47.686314
WORLD,node,9753103752,,Drávanet Zrt.,Váci-188 Adatközpont,,data_center,Váci út,Budapest,,,,19.074132,47.553588
WORLD,node,9753103753,Servergarden,,,,data_center,Expo tér,Budapest,,,,19.117842,47.496626
WORLD,node,9753118609,Invitech DC14,Invitech Megoldások Zrt.,DC14,,data_center,Ilka utca,Budapest,,,,19.098015,47.508798
WORLD,node,9753165506,,Drávanet Zrt.,,,data_center,,,,,,18.210464,46.075047
WORLD,node,9753169515,,Magyar Telekom,Adatpark Szeged,,data_center,,,,,,20.1452,46.271447
WORLD,node,9753176163,,ATW,Dataland I.,,data_center,Victor Hugo utca,Budapest,,,,19.058396,47.517759
WORLD,node,9768148106,Elektron,,,,data_center,,,,,https://elektron.fo/,-6.771076,62.021601
WORLD,node,9773275153,Nepustil RZ4,,,,data_center,,,,,,9.170725,48.708838
WORLD,node,9776934144,,,,,data_center,,,,,,7.167102,50.302683
WORLD,node,9779775293,Interconnect Den Bosch,Interconnect,,,data_center,Het Sterrenbeeld,'s-Hertogenbosch,,,https://interconnect.nl/over-ons/onze-datacenters/,5.353135,51.691671
WORLD,node,9782477368,Central Computer Lab,Malda College,,,data_center,,,,,,88.136038,25.000615
WORLD,node,9793666222,تربية المقدادية,,,,data_center,,,,,,44.939037,33.974653
WORLD,node,9808044830,505 Marquette,,,,data_center,Marquette Avenue Northwest,Albuquerque,,,,-106.652646,35.088629
WORLD,node,9808044840,123 Central,bigbyte.cc,,,data_center,Central Avenue Northwest,Albuquerque,,,,-106.648985,35.084449
WORLD,node,9855969151,TvMax Dpto.Tecnico,,,,data_center,,,,,,-56.441936,-25.442851
WORLD,node,9861806598,,,,,data_center,,,,,,-94.578821,39.101182
WORLD,node,9862219970,GEN01,Stack Infrastructure,,,data_center,Chemin du Pré-Fleuri,Plan-les-Ouates,,,,6.107211,46.165376
WORLD,node,9878452494,Amazon,Amazon Web Services,,,data_center,,,,,,-84.070705,9.945711
WORLD,node,9884991527,ACI Sede si Sarzana,,,,data_center,,,,,,9.959917,44.109782
WORLD,node,9903281673,Microsoft,Microsoft,,,data_center,,,,,,113.317548,23.134656
WORLD,node,9922928085,Netrality Data Centers,,,,data_center,Grand Boulevard,Kansas City,,,https://netrality.com/locations/data-center-kansas-city/,-94.581145,39.100907
WORLD,node,9956577119,forpsi DC CZ1,forpsi,,,data_center,,,,,https://dc.forpsi.com/home.aspx,14.132013,48.916612
WORLD,node,9958355135,CDL,,,,data_center,,,,,,-56.625432,-16.264687
WORLD,node,9969529152,DTC,,,,data_center,,,,,,0.837622,44.199019
WORLD,node,10014176940,Microsoft,Microsoft,,,data_center,Avenida El Caño,Guaynabo,,,"www,microsoft.com/es-pr",-66.10899,18.417436
WORLD,node,10020456958,مركز خدمات لشركة ارامكس,,,,data_center,,,,,,36.322808,33.546331
WORLD,node,10029665515,Insight Data Ltd,,,,data_center,Parkway,Weston-super-Mare,,,https://www.insightdata.co.uk/,-2.910562,51.358002
WORLD,node,10062286674,atNorth ICE01,atNorth,,,data_center,,,,,https://atnorth.com/colocation/ice01,-21.993466,64.049465
WORLD,node,10089225111,Datagrex,,,,data_center,Rue de Villeneuve,Saint-Saturnin,,,https://www.datagrex.com/,0.187134,48.053855
WORLD,node,10147406397,IPB Internet Provider in Berlin GmbH,,,,data_center,Lützowstraße,Berlin,,,https://www.ipb.de/,13.369301,52.502034
WORLD,node,10151456045,Cologix,Cologix,MTL9-H,,data_center,Rue Canadien,Drummondville,,,,-72.546429,45.879305
WORLD,node,10171383675,中国银行数据中心,,,,data_center,,,,,,116.263298,40.033906
WORLD,node,10177608934,Avalon 2,Irideos,,,data_center,Via Enrico Fermi,Settimo Milanese,,,https://irideos.it/avalon2/,9.066904,45.480306
WORLD,node,10182165798,Community Information Center,Nima Om,,,data_center,,,,,,90.944897,27.245217
WORLD,node,10206899831,ECMWF - Centro Meteo Europeo,ECMWF,,,data_center,,,,,https://www.ecmwf.int/,11.360202,44.520098
WORLD,node,10206899878,Supercalcolatore Leonardo - Rete EuroHPC,Cineca,,,data_center,,,,,https://www.cineca.it/temi-caldi/Leonardo,11.359426,44.520438
WORLD,node,10241762412,DTiX,,,,data_center,Rue de la Redoute,Saint-Apollinaire,,,https://www.dtix.fr/,5.07767,47.340051
WORLD,node,10295346393,RCAST Hosting,,,,data_center,Strada Ovidiu,Galați,,,https://www.rcast.net,28.044302,45.426602
WORLD,node,10316973933,,TIM,,,data_center,,,,,,9.005672,44.99329
WORLD,node,10435617347,Digital Realty AMS7,Digital Realty,AMS7,,data_center,Cessnalaan,Schiphol-Rijk,,,https://www.digitalrealty.com/data-centers/emea/amsterdam/ams7,4.765313,52.281445
WORLD,node,10537283366,Netrality,Netrality,,,data_center,South Wells Street,Chicago,,,,-87.63344,41.872881
WORLD,node,10566132363,24 hours fiberwork ag,,,industrial,data_center,Täschmattstrasse,Luzern,CH,,https://fiberwork.ch,8.277522,47.064375
WORLD,node,10567817971,Brandaleone Lab for Data and Visualization,Duke Libraries,,,data_center,,,,,,-78.938532,36.003099
WORLD,node,10568811919,Miejska Sieć Komputerowa CzestMAN,,,,data_center,,,,,,19.111095,50.821987
WORLD,node,10607054827,FoxNetwork,Louis Beke,,,data_center,,,,,,4.250412,50.706803
WORLD,node,10648255815,CSC – IT Center for Science,CSC,,,data_center,,,,,,27.696506,64.231635
WORLD,node,10648294221,LUMI (supercomputer),EuroHPC/CSC,,,data_center,,,,,,27.695611,64.23197
WORLD,node,10648552506,Frontier (supercomputer),Oak Ridge National Laboratory,,,data_center,,,,,,-84.310567,35.929513
WORLD,node,10648561696,Leonardo (supercomputer),CINECA,,,data_center,,,,,,11.259782,44.486329
WORLD,node,10688935368,Datacenter Thurgau,EKT AG,,,data_center,,,,,https://datacenterthurgau.ch/,8.887552,47.561965
WORLD,node,10749325391,Microsoft,Microsoft,,,data_center,Avenida 12,San José,,,,-84.098824,9.931225
WORLD,node,10750169778,Teja Services,,,,data_center,,,,,,32.425535,-25.975504
WORLD,node,10780794741,,Ntirety,,,data_center,3rd Street,,,,,-122.394001,37.779653
WORLD,node,10786634736,National Data Centre,Government of Ghana,,,data_center,,,,,,-0.195969,5.551976
WORLD,node,10796113031,VaultLogix,,,,data_center,,,,,,-111.901703,33.627367
WORLD,node,10796113033,Profit Finder Pro Software,,,,data_center,,,,,,-111.902048,33.627248
WORLD,node,10798644674,DataPro USA Web Development,,,,data_center,,,,,,-111.913983,33.611662
WORLD,node,10852549720,Studio BETA SRLS,,,,data_center,via Abruzzo,Porto San Giorgio,,,,13.787985,43.196864
WORLD,node,10853783649,,,,,data_center,,,,,https://www.tha.de/Rechenzentrum.html,10.903686,48.355006
WORLD,node,10873403420,广州长途电信线路局,,,,data_center,,,,,,113.26792,23.146047
WORLD,node,10880725408,e360,,,,data_center,Gateway Boulevard,Concord,,,https://www.e360.com/,-122.043738,37.971081
WORLD,node,10880784344,Data Center Uralsk,,,,data_center,,,,,,51.47622,51.283834
WORLD,node,10904504161,Royalè Satellite Center,,,,data_center,,,,,,124.999269,11.242896
WORLD,node,10910879064,Digital Realty ORD10,Digital Realty,ORD10,,data_center,East Cermak Road,Chicago,,,,-87.618307,41.853351
WORLD,node,10910879065,Centersquare Chicago Data Center - ORD1,Centersquare,ORD1,,data_center,East Cermak Road,Chicago,,,https://centersquaredc.com/data-centers/chicago#chicagocermak-ord1,-87.618607,41.853383
WORLD,node,10914062309,God Of Mining,,,,data_center,,,,,https://www.godofmining.net/,35.571249,33.884864
WORLD,node,10938672218,K-Motion Interactive,,,,data_center,,,,,,-111.884346,33.634484
WORLD,node,10939660647,MAF War Gaming Simulation Center,,,,data_center,,,,,,101.729392,3.174386
WORLD,node,10945121336,West Monroe,,,,data_center,,,,,,-87.635938,41.880527
WORLD,node,10993896233,中国电信宿迁分公司云计算中心,,,,data_center,,,,,,118.32513,33.951096
WORLD,node,11005419206,Arpac,Arpac,,,data_center,,,,,,14.771565,41.12198
WORLD,node,11014689116,CarrierColo Berlin K,IPB,,,data_center,Kitzingstraße,Berlin,,,https://www.carrier-colo.com/de/datacenter/location-k.html,13.373836,52.432618
WORLD,node,11018926315,Iron Mountain Data Centers AZS-1,,,,data_center,,,,,,-111.896098,33.644666
WORLD,node,11057872687,NextDC,,,,data_center,,,,,,153.033383,-27.453995
WORLD,node,11064014638,UoS IT Services,,,,data_center,,,,,,-1.485082,53.380893
WORLD,node,11073240773,中国联通奎文云计算中心,,,,data_center,,,,,,119.12525,36.669845
WORLD,node,11085093688,SWAN Datacentrum,SWAN,,,data_center,,,,,https://www.swan.sk,17.093694,48.121258
WORLD,node,11097428175,RZ CAMPUS,Bund,,,data_center,,,,,,8.888471,47.571275
WORLD,node,11098469355,CoreSite Chicago Data Center (CH1),CoreSite,CH1,,data_center,South LaSalle Street,Chicago,,,https://www.coresite.com/data-center/ch1-chicago-il,-87.631466,41.87594
WORLD,node,11113161710,Accelera Data Systems,,,,data_center,,,,,,-112.111714,33.664746
WORLD,node,11114729904,الهيكل الخاص الهدى لتقديم الدروس الخصوصية,,,,data_center,,,,,,10.160728,36.69821
WORLD,node,11119659852,AirNet,"ТОВ ""АІРНЕТ""",,,data_center,вулиця Полтавський Шлях,,,,,35.137511,49.454774
WORLD,node,11161995738,Centerprise International Newport,,,,data_center,,Newport,,,https://www.centerprisecloud.co.uk,-3.037693,51.555607
WORLD,node,11162004018,Centerprise International (Distribution),Centerprise International,,,data_center,Alder Avenue,Ystrad Mynach,,,https://www.centerprise.co.uk/contact-us,-3.229003,51.629334
WORLD,node,11167049138,Hive IT,,,,data_center,,,,,,-1.479385,53.375805
WORLD,node,11167641842,Expedient Owings Mills,Expedient,,,data_center,Red Run Boulevard,Owings Mills,,,https://www.expedient.com/data-centers/baltimore/,-76.81155,39.427318
WORLD,node,11168593074,Lumen Baltimore,Lumen Technologies,,,data_center,,,,,,-76.620402,39.291759
WORLD,node,11168593094,Expedient Tidepoint,Expedient,,,data_center,,,,,https://www.expedient.com/data-centers/baltimore/,-76.591671,39.274655
WORLD,node,11175817920,Dinfo (Provedor De Internet),,,,data_center,,,,,,-38.218119,-11.305833
WORLD,node,11175817921,Net Wireless,,,,data_center,,,,,,-38.216586,-11.303791
WORLD,node,11196801643,Colo RIve-Sud,,,,data_center,Rue Saint-Charles Ouest,Longueuil,,,,-73.520165,45.522956
WORLD,node,11197263596,Equinix AM1,Equinix,AM1,,data_center,Luttenbergweg,Amsterdam,NL,,,4.942595,52.299775
WORLD,node,11209760563,,Ate,,,data_center,,,,,,3.145635,50.639928
WORLD,node,11210951272,Netizens Digital Zone,,,,data_center,,,,,,76.545962,18.408392
WORLD,node,11221719097,Microsoft,Microsoft,,,data_center,,,,,,121.495372,31.239148
WORLD,node,11224729504,Medyabim Datacenter,,,,data_center,,,,,,29.022141,40.209534
WORLD,node,11230512768,,,,,data_center,,,,,,117.307045,38.997567
WORLD,node,11232265750,,,,,data_center,,,,,,25.7599,46.957367
WORLD,node,11273688796,Information Technology Center,,,,data_center,,,,,,81.212246,8.653883
WORLD,node,11274525973,مرکز کامپیوتر پردیس رضایی‌نژاد,K. N. Toosi University of Technology,,,data_center,,,,,,51.563831,35.750821
WORLD,node,11278586220,Equinix Data Center - ST3,Equinix,,,data_center,Pasaje Nueva Amunátegui,,,,https://www.equinix.lat/,-70.656155,-33.444186
WORLD,node,11280595231,Data Center IFX Networks,IFX Networks,,,data_center,El Bosque Central,,,,https://ifxnetworks.com/,-70.600067,-33.418763
WORLD,node,11282993748,Mozoilo AJVP,Mozoilo,,,data_center,,Galdakao,,,,-2.874273,43.242036
WORLD,node,11368507133,DataCenter Three Seven,,,,data_center,,,,,https://bs777.ru,30.328231,59.97887
WORLD,node,11374310203,Nauru Data Center,,,,data_center,,,,,,166.916248,-0.54749
WORLD,node,11381773211,LF Services,,,,data_center,,,,,,-64.482879,-31.105783
WORLD,node,11383639206,Centro de Datos Alcalá (Alcalá Data Center),Telefónica,,,data_center,,,,,https://nabiax.com/nuestros-data-centers/espana/alcala-data-center/,-3.341079,40.519436
WORLD,node,11386279191,CST Zona Cero Mx,Javier MArtinez Roemro,,,data_center,,,,,,-97.801934,19.425827
WORLD,node,11386475042,NorthC Datacenter Oude Meer,NorthC,,,data_center,Fokkerweg,Oude Meer,,,https://www.northcdatacenters.com/northc-datacenters/oude-meer/,4.787339,52.292874
WORLD,node,11400893880,Flexential - Denver - Centennial Data Center,Flexential,,,data_center,East Arapahoe Road,Centennial,,,https://www.flexential.com/data-centers/co/denver/centennial-data-center,-104.84316,39.593873
WORLD,node,11401173746,Digital Realty,Digital Realty,,,data_center,,,,,,67.833691,40.179185
WORLD,node,11411205375,数据中心,,,,data_center,,,,,,121.658481,31.241857
WORLD,node,11423466904,Internet Exchange Point,,,,data_center,,,,,https://www.ixp.ge/,42.725492,42.188099
WORLD,node,11426879977,NorthC Datacenter Eindhoven 2,,,,data_center,De Schakel,Eindhoven,,,https://www.northcdatacenters.com/northc-datacenters/eindhoven-2/,5.406353,51.475948
WORLD,node,11436652398,MasterDC Praha,,,,data_center,,,,,https://www.master.cz/,14.463893,50.069634
WORLD,node,11436652399,DC6.cz,,,,data_center,,,,,https://dc6.cz,14.343732,50.101609
WORLD,node,11436652400,DC Monaco,O2 Czech Republic a.s.,,,data_center,,,,,,17.484169,49.078311
WORLD,node,11449625487,NTT,NTT,,,data_center,,,,,,139.345689,35.598005
WORLD,node,11465648283,,山东联通青岛金家岭机房公司,,,data_center,,,,,,120.441722,36.117184
WORLD,node,11477298489,Traffic Management Center,,,,data_center,,,,,,116.895035,-1.243074
WORLD,node,11497013684,하남IDC,이지스자산운용,,,data_center,,,,,,127.194964,37.551247
WORLD,node,11497013685,IBK기업은행 하남데이터센터,,,,data_center,,,,,,127.195263,37.550497
WORLD,node,11522161405,Data Link,,,,data_center,,,,,,16.846135,45.903392
WORLD,node,11570619130,Datové centrum Zeleneč,,,,data_center,,,,,https://domaci.hn.cz/c1-66947440-v-male-vesnici-nedaleko-prahy-vzniklo-prisne-strezene-datove-centrum-schranuje-klicova-data-statu-i-informace-o-danich,14.656689,50.137991
WORLD,node,11585032609,شعبة اللجان الطبية,,,,data_center,,,,,,43.298,33.423463
WORLD,node,11620214027,MilkyUpizise,MilkyUpizise,,,data_center,Annai builders ashtalakshmi nagar gudalur marai malai nagar,chengalpattu,,,https://dev-milkyupizise.pantheonsite.io,80.041788,12.779408
WORLD,node,11622511245,eShare.ai,,Cloud,,data_center,"The Grand Building, Raj Bhavan Rd, Above KFC",Hyderabad,,,https://www.eshare.ai,78.462401,17.422919
WORLD,node,11640787539,Netwise London East,Netwise,,,data_center,,,,,,-0.000981,51.520602
WORLD,node,11654525058,Ribe Hostingcenter,Ribe Mediehus,,,data_center,,,,,https://ribemediehus.dk/hosting/,8.773977,55.345385
WORLD,node,11681955880,Hi Data,Company,,,data_center,,,,,https://hidata.org,49.221262,36.146916
WORLD,node,11691867437,Crypteo,Crypteo,,,data_center,,,,,https://www.crypteo.com/,2.055795,43.911912
WORLD,node,11698016745,DIGITAL COMPUTER CENTRE (DCC),,,,data_center,,,,,,85.128276,25.595957
WORLD,node,11698484259,Universitätsrechenzentrum,Friedrich-Schiller-Universität Jena,,,data_center,,,,,,11.581978,50.932092
WORLD,node,11698788839,Server Room,,SR,,data_center,,,,,,37.53857,-2.800132
WORLD,node,11710505073,,,,,data_center,,,,,,36.748959,-1.349869
WORLD,node,11731636038,,,,,data_center,,,,,,-63.594253,44.654981
WORLD,node,11748636180,Iron Mountain FRA-2,"Iron Mountain, Inc.",FRA-2,,data_center,Heinrich-Lanz-Allee,Frankfurt am Main,,,https://www.ironmountain.com/data-centers/locations/frankfurt-data-center,8.639788,50.195252
WORLD,node,11761004770,,Apple Inc.,,,data_center,,,,,,23.383464,49.942075
WORLD,node,11769470105,ISPTEC Telecomunicacoes,,,,data_center,Rua Paulo de Frontin,Campina Grande,,,https://www.isptec.com.br/,-35.876185,-7.224743
WORLD,node,11815482844,,,,,data_center,,,,,,-83.627629,41.807282
WORLD,node,11822939313,E. D. Accounting Siena,,,,data_center,Via dei Montanini,Siena,,,,11.328551,43.322716
WORLD,node,11878896378,Spatioworld Tracker GPS,,,,data_center,,,,,,78.803177,23.86575
WORLD,node,11902288339,AWS Bracknell Data Centre,Amazon Web Services,,,data_center,,,,,,-0.782053,51.413861
WORLD,node,11902392009,AWS Swindon Data Centre,Amazon Web Services,,,data_center,,,,,,-1.764102,51.524028
WORLD,node,11909918210,Rechenzentrum Stollen Luzern,EWL AG,,,data_center,Tribschenmoosweg,Luzern,,,https://rz-stollen.ch/datacenter/,8.324619,47.04169
WORLD,node,11920710931,NTT,NTT,,,data_center,,,,,,-5.857663,43.360839
WORLD,node,11924506303,IT,,,,data_center,,,,,,-117.503021,33.91029
WORLD,node,11936920287,InfreschiLab,Andrea,,,data_center,,,,,,15.388604,40.019937
WORLD,node,11938614120,"Alembic Computer Services, Inc.",,,,data_center,,,,,,-111.977335,33.405131
WORLD,node,11938631189,J-Curve Technologies,,,,data_center,,,,,,-111.971154,33.413186
WORLD,node,11942572541,Microsoft,Microsoft,,,data_center,,,,,,7.524864,47.752302
WORLD,node,11977700812,WinEuropa,,,,data_center,Via Alcide De Gasperi,Sansepolcro,,,,12.112473,43.554842
WORLD,node,11985791319,Centro Elab. Dati Catocci Bianciardi,Bari Bianciardi Vanni,,,data_center,Via del Paradiso,Siena,,,,11.327656,43.320644
WORLD,node,12015570907,T-Mobile,,,,data_center,,,,,,14.474814,50.077958
WORLD,node,12042899692,Rechenzentrum AtlasEdge HAM002,AtlasEdge,,,data_center,,,,,https://atlasedge.com/data-centres/hamburg/,10.271266,53.678651
WORLD,node,12043778391,AL NASR TYPING CENTER,,,,data_center,AL HAWIYAH,UMM AL QUWAIN,,,,55.560572,25.578005
WORLD,node,12068854679,NIC,Deutsche Telekom AG,,,data_center,,,,,,8.631141,49.883293
WORLD,node,12075162382,Microsoft,Microsoft,,,data_center,,,,,,9.386536,45.429128
WORLD,node,12079908266,Bahnhof Pionen,,,,data_center,,,,,,18.085473,59.31235
WORLD,node,12087705567,İnformasiya mərkəzi,,,,data_center,,,,,,46.751427,39.815638
WORLD,node,12088526370,LCL Belgium,,,,data_center,,,,,,4.455488,50.887414
WORLD,node,12088538506,AREA31,PT. Dunia Virtual Online,,,data_center,Jalan Tapos Raya,,,,,106.871701,-6.444473
WORLD,node,12097993555,Datacenter Martha,,,data_center,,,,,,,5.346572,43.338486
WORLD,node,12112201416,Flexential Cincinnati,Flexential,,,data_center,Mulhauser Road,West Chester,,,,-84.449464,39.315931
WORLD,node,12112236372,Flexential Denver - Downtown,Flexential,,,data_center,Champa Street,Denver,,,https://www.flexential.com/data-centers/co/denver/downtown-data-center,-104.994159,39.74597
WORLD,node,12112238944,Flexential Dallas - Downtown Dallas,Flexential,,,data_center,North Stemmons Freeway,Dallas,,,https://www.flexential.com/data-centers/tx/dallas/downtown-data-center,-96.819371,32.80041
WORLD,node,12112266917,Flexential Jacksonville,Flexential,,,data_center,Belfort Road,Jacksonville,,,https://www.flexential.com/data-centers/fl/jacksonville/data-center,-81.581723,30.245748
WORLD,node,12112270180,Flexential - Denver - Aurora,Flexential,,,data_center,East Cornell Avenue,Aurora,,,,-104.848832,39.661049
WORLD,node,12112295055,Flexential Nashville - Brentwood,Flexential,,,data_center,Commerce Way,Brentwood,,,https://www.flexential.com/data-centers/tn/nashville/brentwood-data-center,-86.808495,35.972729
WORLD,node,12112361725,Flexential Raleigh,Flexential,,,data_center,McCrimmon Parkway,Morrisville,,,https://www.flexential.com/data-centers/nc/raleigh/data-center,-78.829143,35.850528
WORLD,node,12112380995,Flexential Tampa - West,Flexential,,,data_center,Corporate Lake Drive,Tampa,,,,-82.539978,28.037299
WORLD,node,12112382397,Flexential Salt Lake City - Lindon,Flexential,,,data_center,South 520 West,Lindon,,,https://www.flexential.com/data-centers/ut/salt-lake-city/lindon-data-center,-111.727875,40.332648
WORLD,node,12120745596,DartPoints Columbia,DartPoints,CAE01,,data_center,Catawba Street,Columbia,,,https://dartpoints.com/locations/cae01-columbia-sc/,-81.030811,33.987312
WORLD,node,12137939426,Translation Zone,,,,data_center,,,,,,67.074546,24.864242
WORLD,node,12147608464,SSS & Company,,,,data_center,,,,,,67.027159,24.874727
WORLD,node,12150334502,31173 Service DC Malmö,31173 Services AB,mlm-sg,,data_center,,,,,https://www.31173.se/datacenter/dc-malmo-scheelegatan/,13.037807,55.598386
WORLD,node,12150464472,Telehouse THM1,Telehouse,THM1,,data_center,,,,,,5.338036,43.361073
WORLD,node,12153669042,Manoj Data Recovery services,,,,data_center,"Mithra Hills, Hyder Nagar,  Alluri Seetaramaraju Nagar",Hyderabad,,,,78.380666,17.50557
WORLD,node,12154384214,Datacenter Sud,Aix-Marseille Université,DC SUD,,data_center,,,,,,5.411936,43.335921
WORLD,node,12158409495,VisBook AS,,,,data_center,,,,,https://visbook.com/,9.689364,62.594399
WORLD,node,12160139949,M.A.F Co.,,,,data_center,,,,,,67.075616,24.836313
WORLD,node,12164505455,iZOOM.it,,,,data_center,,,,,,10.6413,44.710505
WORLD,node,12165563120,karachi massage center & Spa,,,,data_center,,,,,,67.072266,24.830675
WORLD,node,12167701341,Elisa,,,,data_center,Näsilinnankatu,Tampere,,,,23.756213,61.493969
WORLD,node,12179754315,NTT,NTT,,,data_center,,,,,,135.747002,34.960452
WORLD,node,12180873338,Alliance Broadband Fibre Optic Connection,Alliance Broadband,Sushanta,,data_center,,,,,,89.030977,26.531567
WORLD,node,12182279465,,,,,data_center,,,,,https://www.ntt-east.co.jp/,139.725341,35.63699
WORLD,node,12184236423,NTT,NTT,,,data_center,,,,,,135.199462,34.694112
WORLD,node,12189865062,QMODZ Server,John Lloyd Quijano,,,data_center,,Cauayan,,,,121.740478,16.917289
WORLD,node,12192288504,NTT,NTT,,,data_center,,,,,,140.038774,35.690531
WORLD,node,12192863704,NTT,NTT,,,data_center,,,,,,139.741996,35.63148
WORLD,node,12192863708,NTT,NTT,,,data_center,,,,,,139.703223,35.684554
WORLD,node,12194379696,NTT,NTT,,,data_center,,,,,,133.89838,34.6445
WORLD,node,12212175733,Inwi Datacenter Technopolis,,,,data_center,,,,,,-6.721967,33.988212
WORLD,node,12214044389,Digital Realty Brussels BRU4 Datacenter,Digital Realty,BRU4,data_center,data_center,,,,,,4.503209,50.873612
WORLD,node,12214044390,Digital Realty Brussels BRU3 Datacenter,Digital Realty,BRU3,data_center,data_center,,,,,,4.50231,50.873524
WORLD,node,12219427002,Gauß-IT-Zentrum,TU Braunschweig,,,data_center,,,,,,10.541727,52.276502
WORLD,node,12221811811,Digital Realty New York JFK13,Digital Realty,JFK13,,data_center,Avenue of the Americas,New York,,,https://www.digitalrealty.com/data-centers/americas/new-york/jfk13,-74.004458,40.719928
WORLD,node,12221880448,Digital Realty New York JFK12,Digital Realty,JFK12,,data_center,Hudson Street,New York,,,https://www.digitalrealty.com/data-centers/americas/new-york/jfk12,-74.008441,40.717677
WORLD,node,12227813185,Disk Masters pakistan Karachi,,,,data_center,,,,,,67.024582,24.860943
WORLD,node,12238485737,Sajjad Serves,,,,data_center,,,,,,67.046661,24.887328
WORLD,node,12258302216,Al-Ayesha Chambers,,,,data_center,,,,,,67.02412,24.858193
WORLD,node,12284933379,天河超级计算淮海分中心,,,,data_center,,,,,,118.376975,35.196122
WORLD,node,12292494768,,Lloyds Banking Group,,,data_center,,,,,,-3.293905,55.928263
WORLD,node,12300408592,DataVita DV2,DataVita,DV2,data_center,data_center,Bothwell Street,Glasgow,,,https://www.datavita.co.uk/location/glasgow,-4.265134,55.861389
WORLD,node,12303136063,Equinix MA1,Equinix,MA1,,data_center,,,,,https://www.equinix.com/data-centers/europe-colocation/united-kingdom-colocation/manchester-data-centers/ma1,-2.236321,53.464204
WORLD,node,12303136064,Equinix MA4,Equinix,MA4,,data_center,,,,,https://www.equinix.com/data-centers/europe-colocation/united-kingdom-colocation/manchester-data-centers/ma4,-2.237702,53.4615
WORLD,node,12303164157,Equinix VA1,Equinix,VA1,,data_center,Still Creek Drive,Burnaby,,,https://www.equinix.com/data-centers/americas-colocation/canada-colocation/vancouver-data-centers/va1,-123.01124,49.260569
WORLD,node,12304464632,Equinix GV1,Equinix,GV1,,data_center,Rue de la Confédération,Genève,CH,,https://www.equinix.com/data-centers/europe-colocation/switzerland-colocation/geneva-data-centers/gv1,6.144226,46.20356
WORLD,node,12314969438,Studio Delta Srl,,,,data_center,,,,,,10.64682,44.693725
WORLD,node,12331077835,Centro de Computação Avançada do Minho,Fundação para a Ciência e Tecnologia,,,data_center,,,,,,-8.391575,41.403773
WORLD,node,12331366645,CoreSite AT1,CoreSite,AT1,,data_center,Marietta Street,Atlanta,,,https://www.coresite.com/data-center/at1-atlanta-ga,-84.391171,33.755986
WORLD,node,12334997012,Tecnodati (S.R.L.),,,,data_center,,,,,,10.637701,44.709324
WORLD,node,12374924581,,Delska,,,data_center,,,,,,24.232678,56.888914
WORLD,node,12374924582,,Delska,,bunker,data_center,,,,,,24.154916,56.957886
WORLD,node,12374926942,,,,,data_center,,,,,,24.201049,56.948332
WORLD,node,12374926943,,,,,data_center,,,,,,24.155045,56.980376
WORLD,node,12378744116,کیمیا شبکه,,,,data_center,,,,,,51.638304,32.629006
WORLD,node,12387534800,UNM Data Center,UNM,UNM,,data_center,Campus Boulevard Northeast,Albuquerque,,,,-106.615348,35.086739
WORLD,node,12394771093,Servidor,UNL,,,data_center,,,,,,-79.199552,-4.030041
WORLD,node,12406588855,,,,,data_center,,,,,,80.217165,12.870095
WORLD,node,12420868035,colozüri.ch,NTS Colocation AG,,,data_center,,,,,https://nts.ch/de/Colocation/Location#tab-zueri,8.495354,47.383252
WORLD,node,12437277166,Prime Santa Clara,Prime,,,data_center,Martin Avenue,,,,https://primedatacenters.com/santa-clara-data-centers/,-121.962865,37.366662
WORLD,node,12452254071,Open Data Centers Piscataway,,,,data_center,,,,,,-74.456856,40.55035
WORLD,node,12458675570,Interoute,,,,data_center,,,,,,3.767892,50.986992
WORLD,node,12471740457,H5 Secaucus,H5,,,data_center,,,,,,-74.075012,40.785395
WORLD,node,12499195391,"ЦОД ""Гознак""",,GZ1,,data_center,,,,,,37.636263,55.814044
WORLD,node,12500332318,,KDDI,,,data_center,,,,,https://www.kddi.com/,135.534224,34.693046
WORLD,node,12500429890,,KDDI,,,data_center,,,,,,139.76445,35.687678
WORLD,node,12500429891,KDDI,,,,data_center,,,,,,139.750601,35.700241
WORLD,node,12500429892,SoftBank,,,,data_center,,,,,,139.760605,35.655191
WORLD,node,12500429894,Rakuten,,,,data_center,,,,,,139.629981,35.610534
WORLD,node,12500429895,NTT Docomo,NTT,,,data_center,,渋谷区,,,,139.702937,35.684511
WORLD,node,12500429896,NTT Docomo,NTT,,,data_center,,,,,,135.514874,34.680732
WORLD,node,12500429900,KDDI,KDDI,,,data_center,,,,,,136.893702,35.16857
WORLD,node,12500431002,NTT Docomo,NTT,,,data_center,,,,,,139.703074,35.684562
WORLD,node,12503990803,دفتر ارتباطی ایرانسل,,,,data_center,,,,,,45.97609,37.762669
WORLD,node,12504065376,KDDI,,,,data_center,,,,,,130.416022,33.600391
WORLD,node,12504065377,KDDI,,,,data_center,,,,,https://www.kddi.com/,130.388336,33.592531
WORLD,node,12504065381,,KDDI,,,data_center,,,,,https://www.au.com/,135.534294,34.693021
WORLD,node,12504065384,NTTドコモ,,,,data_center,,,,,,134.046976,34.338472
WORLD,node,12505756902,NTT,NTT,,,data_center,,,,,,135.687252,34.916869
WORLD,node,12506545229,,,,,data_center,,,,,,135.495496,34.675788
WORLD,node,12506545231,NTT,NTT,,,data_center,,,,,,135.503198,34.698557
WORLD,node,12511899058,,日立,,,data_center,,,,,,133.879097,34.728055
WORLD,node,12511899059,,TOKAIコミュニケーションズ,,,data_center,,,,,https://www.tokai-com.co.jp/index.php,133.878168,34.726202
WORLD,node,12512132704,,TIS,,,data_center,,,,,,135.499464,34.695597
WORLD,node,12512132708,netXDC,SCSK,,,data_center,,,,,https://www.scsk.jp/sp/netxdc/,135.181911,34.896221
WORLD,node,12512246491,University Shared Data Centre,University of Oxford,SDC,,data_center,,,,,,-1.252186,51.759604
WORLD,node,12512264088,,,,,data_center,,,,,,135.495725,34.675725
WORLD,node,12512287384,,株式会社アット東京,,,data_center,,,,,,139.798142,35.652306
WORLD,node,12512425601,,ＳＣＳＫ株式会社,,,data_center,,,,,,135.492697,34.811296
WORLD,node,12514280884,,IIJ,,,data_center,,,,,https://www.iij.ad.jp/biz/,133.063916,35.494395
WORLD,node,12514280890,,エネコム,,,data_center,,,,,https://www.enecom.co.jp/business/enewings/data_center/index.html,132.475874,34.400591
WORLD,node,12514316390,,富士通,,,data_center,,,,,,140.877218,38.260112
WORLD,node,12514343279,,STNet,,,data_center,,,,,,134.093687,34.335817
WORLD,node,12517655907,TasmaNet Hobart DC3,TasmaNet,,,data_center,Innovation Drive,,,,,147.304185,-42.822135
WORLD,node,12517655908,42 -24 Cambridge,42 - 24 Pty Ltd,,,data_center,Kennedy Drive,,,,,147.465242,-42.829872
WORLD,node,12517886327,,電算,,,data_center,,,,,,138.198986,36.644552
WORLD,node,12518369831,NTT,NTT,,,data_center,,,,,,135.747223,34.975805
WORLD,node,12519522767,,株式会社ＨＢＡ,,,data_center,,,,,,141.366057,43.066055
WORLD,node,12519522768,,株式会社I・TECソリューションズ,,,data_center,,,,,https://www.itecsol.jp/,141.603232,42.634793
WORLD,node,12519522771,,ほくでん情報テクノロジー株式会社,,,data_center,,,,,,141.361434,43.061758
WORLD,node,12522915153,,STNet,,,data_center,,,,,https://www.stnet.co.jp/business/dc/powerico/,132.777538,33.821475
WORLD,node,12522915154,Next-MIC DataCenter,南日本情報処理センター,,,data_center,,,,,https://www.kk-mic.jp/it_service/products/all/dc/index.html,130.535608,31.534557
WORLD,node,12524326425,Equinix Amsterdam AM5,Equinix,AM5,,data_center,Schepenbergweg,Amsterdam,,,https://www.equinix.com/data-centers/europe-colocation/netherlands-colocation/amsterdam-data-centers/am5,4.944744,52.293471
WORLD,node,12525275584,,TOKAIコミュニケーションズ,,,data_center,,,,,,138.382063,34.97018
WORLD,node,12531210892,,電算,,,data_center,,,,,,138.182037,36.653322
WORLD,node,12531210896,,東日本電信電話株式会社,,,data_center,,,,,,138.199335,36.645311
WORLD,node,12535469426,NTT Data Osaka Dojima,NTT,,,data_center,,,,,,135.491067,34.695515
WORLD,node,12536185445,TTC DC1,,,,data_center,,,,,,14.533345,50.081998
WORLD,node,12539811094,KIU Data Center,,,,data_center,,,,,,74.365264,35.924872
WORLD,node,12543164277,Light Company,DigitalOcean,LightCompany,,data_center,آفتاب ۱۸,آمل,,,,52.346584,36.464232
WORLD,node,12546664021,Phocea DC,Phocea DC,,,data_center,,,,,,5.374766,43.312446
WORLD,node,12548600146,Samaee Server,بهنام سمائی Behnam Samaee,,,data_center,,,,,https://www.samaeeco.ir/,56.305872,27.185751
WORLD,node,12550746951,"Forescout Technologies, Inc.",,,,data_center,Santana Row,San Jose,,,https://www.forescout.com/,-121.947418,37.322868
WORLD,node,12564883385,KDDI,,,,data_center,,,,,https://www.kddi.com/,130.424674,33.586315
WORLD,node,12569285672,Equinix AM6,Equinix,AM6,,data_center,Duivendrechtsekade,Amsterdam,,,,4.933173,52.337204
WORLD,node,12569285673,Digital Realty AMS18,Digital Realty,AMS18,,data_center,H.J.E. Wenckebachweg,Amsterdam,,,https://www.digitalrealty.com/data-centers/emea/amsterdam/ams18,4.93166,52.33686
WORLD,node,12569642240,,,,,data_center,,,,,,-8.642705,41.177117
WORLD,node,12569642241,,,,,data_center,,,,,,-8.638777,41.163623
WORLD,node,12578588217,Eclairion,,,,data_center,,,,,https://eclairion.com/,2.197617,48.597647
WORLD,node,12581599889,KDDI,KDDI,,,data_center,,,,,,134.047719,34.3432
WORLD,node,12596261783,royal computer and training centre,,,,data_center,,,,,,84.264835,25.223842
WORLD,node,12596690617,IT- und Data Center Linz,LINZ NETZ GmbH,,,data_center,,,,,,14.308318,48.282151
WORLD,node,12597575930,INSURENCE SURVICE CENTRE,,,,data_center,,,,,,76.700456,29.135258
WORLD,node,12603655381,Yettel Törökbálint MSC,Yettel Zrt.,ZMSS2,,data_center,,,,,,18.936511,47.430482
WORLD,node,12608729575,Maincubes AMS01,,AMS01,,data_center,Capronilaan,Schiphol-Rijk,,,https://www.maincubes.com/en/data-centers/amsterdam-01/,4.77312,52.282317
WORLD,node,12611699905,百度地图顺德数据中心,,,,data_center,,,,,,113.323993,22.775017
WORLD,node,12631221156,Chayya computers works,,,,data_center,,,,,,83.760227,25.625832
WORLD,node,12633325927,DC Mechelen,Datacenter United,,,data_center,Stationsstraat,,,,https://datacenterunited.com/datacenters/dc-mechelen,4.480427,51.016961
WORLD,node,12634611897,VAN4,Cologix,,,data_center,West Cordova Street,,,,https://cologix.com/data-centers/vancouver/van4/,-123.108711,49.28355
WORLD,node,12637347290,DC Flanders,Datacenter United,,,data_center,Noorderlaan,,,,https://www.datacenterunited.com/datacenters/datacenter-flanders,4.399391,51.264081
WORLD,node,12637347348,LCL Antwerp,LCL Belgium nv,,,data_center,,,,,https://www.lcl.be/,4.403088,51.264217
WORLD,node,12638529683,NutroCloud,7tteam,M1,,data_center,,,,,https://nutro.cloud/,30.867859,30.841898
WORLD,node,12641413062,ServerHouse,,,,data_center,,,,,https://www.serverhouse.co.uk/datacentres/fareham-colocation/,-1.166441,50.848247
WORLD,node,12673711984,Smart DC,,,,data_center,Van Nelleweg,Rotterdam,,,https://www.smartdc.net/nl/datacenters/locaties/rotterdam/,4.431618,51.92331
WORLD,node,12682482760,Lumen Albany 4,Lumen Technologies,,,data_center,Airline Drive,Albany,,,,-73.818665,42.735631
WORLD,node,12682691190,Comclark Network And Technology,,,,data_center,,,,,,121.074026,14.577508
WORLD,node,12695496267,Equinix Chicago Data Center - CH1,Equinix,CH1,,data_center,East Cermak Road,Chicago,,,https://www.equinix.com/data-centers/americas-colocation/united-states-colocation/chicago-data-centers/ch1,-87.618048,41.853558
WORLD,node,12699734832,,,,,data_center,,,,,https://spencerbuilding.com/,-123.111689,49.284509
WORLD,node,12744226747,ドコモ,NTT docomo,,,data_center,,,,,,133.918052,34.648198
WORLD,node,12750138365,Centro de Datos Monterrico,NextStream,,,data_center,Jirón Cruz del Sur,Lima,,,,-76.97233,-12.084978
WORLD,node,12754371024,Laboratório MackLeaps,,,,data_center,,,,,,-46.652392,-23.547675
WORLD,node,12760190386,Digital Realty DUB11,Digital Realty,DUB11,,data_center,,,,,,-6.216441,53.400144
WORLD,node,12762802219,G&D Tech,,,,data_center,,,,,,123.948272,10.310864
WORLD,node,12766117170,Dataverge,Dataverge,,,data_center,3rd Avenue,Brooklyn,,,,-74.004816,40.657696
WORLD,node,12793428582,TulsaConnect DC3,,,,data_center,,,,,,-95.838283,36.099474
WORLD,node,12832532089,Sala E,,,,data_center,,,,,,-73.583882,4.074744
WORLD,node,12839478539,Orange HDC Astra,Orange România,,,data_center,Strada Octavian Augustus,Brașov,,,,25.619712,45.648994
WORLD,node,12848410071,csc computer classes,,,,data_center,,,,,,86.949515,25.247678
WORLD,node,12851624968,NTT,NTT,,,data_center,,,,,,130.660037,33.42293
WORLD,node,12882797143,,,,,data_center,,,,,,103.688374,1.345729
WORLD,node,12886503841,Noovle,TIM,,,data_center,,,,,,11.406477,44.499763
WORLD,node,12887033262,Cool Ideas Victory Park Datacentre,Cool Ideas,Internet House,,data_center,,,,,,28.009341,-26.141507
WORLD,node,12969574545,Datacenter Conavicoop,,,,data_center,,,,,,-70.648169,-33.445183
WORLD,node,13006633477,Euro-Information EIP (Data Center),Euro Information,,,data_center,,,,,,5.105566,47.332934
WORLD,node,13019681063,Comarch,,,,data_center,South Ellsworth Road,Mesa,,,,-111.635236,33.356679
WORLD,node,13042311881,CoreSite - LA2,CoreSite,LA2,,data_center,North Alameda Street,Los Angeles,,,https://www.coresite.com/data-center/la2-los-angeles-ca,-118.235914,34.058479
WORLD,node,13043344574,Hedef Hosting,Hedef Global Bilişim Teknolojileri Sanayi Ticaret Limited Şirketi,,,data_center,262. Cadde,Ankara,,,https://hedefhosting.com.tr,32.617975,39.978248
WORLD,node,13065218477,Datové centrum Coolhousing,Coolhousing s.r.o.,,,data_center,Vinohradská,Praha,,,https://www.coolhousing.net/cz/,14.47371,50.077857
WORLD,node,13068243349,Берзарина,Selectel,,,data_center,,,,,,37.779871,55.931083
WORLD,node,13092390748,IT- und Data Center Linz,,,,data_center,,,,,,14.299996,48.324198
WORLD,node,13105934792,LeaseWeb AMS-02,LeaseWeb,AMS-02,,data_center,Capronilaan,Schiphol-Rijk,,,https://www.leaseweb.com/nl/why-leaseweb/platform/data-centers/ams-02,4.77286,52.282125
WORLD,node,13144664581,stoltenhoff.net,,,,data_center,,,,,,9.443291,54.986839
WORLD,node,13154826378,NTT Ashburn VA7 Data Center,NTT,VA7,,data_center,Gigabit Plaza,Ashburn,,,https://services.global.ntt/en-us/services-and-products/global-data-centers/global-locations/americas/ashburn-va7-data-center,-77.471954,39.016014
WORLD,node,13154826379,NTT VA11 Data Center,NTT,VA11,,data_center,Grove Hill Boulevard,Gainesville,,,https://services.global.ntt/en-us/services-and-products/global-data-centers/global-locations/americas/ashburn-va11-data-center,-77.609964,38.799973
WORLD,node,13179027944,Microsoft Ireland,Microsoft,,,data_center,Donegall Quay,Belfast,,,https://www.microsoft.com/en-ie/aboutireland,-5.920222,54.604708
WORLD,node,13193090605,techies,techies FiberNet,,,data_center,,,,,,125.735175,11.018611
WORLD,node,13197364001,IRIX DC,,,,data_center,"Jalan Sultan Tengah, Santubong",Kuching,MY,,,110.353414,1.709689
WORLD,node,13205407608,SIM DIGITAL - POP INGLESES,,,,data_center,,,,,,-48.405829,-27.439527
WORLD,node,13226718075,Lumen Madison 1 Data Center,Lumen Technologies,,,data_center,,,,,,-89.392279,43.067716
WORLD,node,13232462034,"Statistics Coordination Office, Jumla",,,,data_center,,,,,,82.182035,29.271748
WORLD,node,13242864904,蛇口网谷离岸数据中心,,,,data_center,,,,,,113.909502,22.495733
WORLD,node,13252574597,Hive Digital Technologies,,,,data_center,Chemin Bethany,Lachute,,,https://hivedigitaltechnologies.com,-74.287993,45.636864
WORLD,node,13277272066,ennit GmbH,TNG Group,,,data_center,Gerhard-Fröhler-Straße,Kiel,,,https://www.ennit.de,10.107609,54.366352
WORLD,node,13278797608,Kolo NL2 Meppel,Kolo,NL2,,data_center,Ketelskamp,Meppel,,,https://kolodc.com/data-centers/colocation-in-the-netherlands/meppel-data-center,6.200157,52.717803
WORLD,node,13282989028,Freedom Data Centers,,,,data_center,,,,,https://fcd.kz,51.981773,47.115225
WORLD,node,13286215475,College Of Natural & Applied Sciences Laboratory Complex,Lecturers,,,data_center,,,,,,5.403555,6.74167
WORLD,node,13296692502,Dhiraagu Data Centre,Dhiraagu,,,data_center,,,,,,73.272506,5.663411
WORLD,node,13311012216,Fiberhub LAS1,Fiberhub,LAS1,,data_center,Palms Airport Drive,Las Vegas,,,,-115.13856,36.065929
WORLD,node,13313262456,Americable Datacenter,,,,data_center,,,,,,139.433293,35.457093
WORLD,node,13320005875,DC Evere,Datacenter United,,,data_center,,,,,https://datacenterunited.com/datacenters/datacenter-evere,4.393961,50.879803
WORLD,node,13332648783,KOTOKNET MEDIA SOLUTIONS,,,,data_center,,,,,,106.342124,-6.213505
WORLD,node,13354931908,computer lab,training,csit,,data_center,,,,,,80.182525,28.954004
WORLD,node,13357674614,Okantis,,,,data_center,,,,,,0.325495,46.607104
WORLD,node,13359887193,,PDV Systeme GmbH,,,data_center,,,,,,10.431755,51.929858
WORLD,node,13392428894,NIKHEF Amsterdam,NIKHEF,,,data_center,,,,,https://www.nikhef.nl/housing/,4.950684,52.356257
WORLD,node,13392785195,NTT,NTT,,,data_center,,,,,,77.641615,13.193044
WORLD,node,13395304893,Arctur,,,,data_center,,,,,,13.663706,45.956777
WORLD,node,13396023097,Data Center EMPATEL Santa Rosa,Empresa Pampeana de Telecomunicaciones S.A.P.E.M.,,,data_center,,,,,,-64.270156,-36.626299
WORLD,node,13398669438,Equinix Genoa GN1,Equinix,Equinix Genoa GN1,,data_center,Lungobisagno Istria,Genova,,,,8.950208,44.426868
WORLD,node,13401769769,Foto Copy  kampus 2 UBH,,,,data_center,,,,,,100.382045,-0.877606
WORLD,node,13409186015,DāStor: 3400 Horizon Drive,,,,data_center,Horizon Drive,King of Prussia,,,https://dastorllc.com/locations/#horizon,-75.33972,40.087919
WORLD,node,13416882703,Linxdatacenter,,,,data_center,,,,,,30.28397,60.032356
WORLD,node,13416957557,Equinix Helsinki HE3,Equinix,HE3,,data_center,Parrukatu,Helsinki,,,https://www.equinix.com/data-centers/europe-colocation/finland-colocation/helsinki-data-centers/he3,24.968412,60.18496
WORLD,node,13416964613,Equinix Helsinki HE4,Equinix,HE4,,data_center,Myllynkivenkuja,Vantaa,,,https://www.equinix.com/data-centers/europe-colocation/finland-colocation/helsinki-data-centers/he4,24.838143,60.283906
WORLD,node,13426436638,NTT,NTT,,,data_center,,,,,,135.764446,34.741135
WORLD,node,13465438761,Rad Web Hosting,,,,data_center,South Akard Street,Dallas,,,,-96.798496,32.778447
WORLD,node,13468814937,Microsoft,Microsoft,,,data_center,,,,,,-69.941186,18.472581
WORLD,node,13469638202,Rakuten,,,,data_center,,,,,https://network.mobile.rakuten.co.jp/,139.630181,35.610473
WORLD,node,13508706521,华南师范大学广州校区石牌校园网络中心,,,,data_center,,,,,,113.344343,23.139925
WORLD,node,13509301320,Scala Datacenter,Equinix,,,data_center,,,,,,-46.814934,-23.496722
WORLD,node,13519806411,Yotta Datacenter,Yotta Datacenter Pvt Lmt,,,data_center,,,,,,73.200871,18.911859
WORLD,node,13522630906,mee computer education,,,,data_center,,,,,,91.781003,26.18353
WORLD,node,13546262077,Alpha Federal,Alpha Innovations,,,data_center,Union Carbide Drive,South Charleston,,,https://myalphainnovations.com/,-81.696182,38.353177
WORLD,node,13547468444,مدرسه یاران مهدی,,,,data_center,,,,,,49.89389,31.524433
WORLD,node,13556233002,Rechenzentrum Nürnberg Zentrum,noris network,NBG2;NBG3;NBG4,,data_center,,,,,https://www.noris.de/rechenzentren/rz-nuernberg-zentrum,11.063865,49.453733
WORLD,node,13570800604,Equinix MU1,Equinix,MU1,,data_center,Seidlstraße,,,,https://www.equinix.com/data-centers/europe-colocation/germany-colocation/munich-data-centers/mu1,11.555857,48.142709
WORLD,node,13574491231,NorthC München 1,NorthC,,,data_center,,,,,https://www.northcdatacenters.com/de/northc-datacenters/muenchen/,11.602177,48.119151
WORLD,node,13574591148,NorthC Düsseldorf 1,NorthC,,,data_center,In der Steele,,,,https://www.northcdatacenters.com/de/northc-datacenters/duesseldorf/,6.867535,51.187938
WORLD,node,13574615961,NorthC Rotterdam Zestienhoven 1&2,NorthC,,,data_center,Tempelhof,Rotterdam,,,https://www.northcdatacenters.com/northc-datacenters/rotterdam-zestienhoven/,4.447824,51.952999
WORLD,node,13574644223,NorthC Nieuwegein,NorthC,,,data_center,Frieslandhaven,Nieuwegein,,,https://www.northcdatacenters.com/northc-datacenters/nieuwegein/,5.104784,52.018355
WORLD,node,13596137356,Data Vault - Bournemouth BCP01,Dark Nebulae Ltd,,,data_center,Old Christchurch Road,Bournemouth,,,https://thedatavault.uk,-1.874945,50.721901
WORLD,node,13603878193,Parsec Data Management,,,,data_center,,,,,,-108.603014,45.743079
WORLD,node,13604079390,Wi-Fi Communication Aulla,,,,data_center,Via Apua,Aulla,,,https://www.wifi-communication.com/,9.969069,44.20802
WORLD,node,13604170383,VAN2,Cologix,,,data_center,West Pender Street,,,,https://cologix.com/data-centers/vancouver/van2/,-123.119472,49.286962
WORLD,node,13604170384,VAN1,Cologix,,,data_center,West Hastings Street,,,,https://cologix.com/data-centers/vancouver/van1/,-123.111783,49.284456
WORLD,node,13604170385,VAN5,Cologix,,,data_center,West Hastings Street,,,,https://cologix.com/data-centers/vancouver/van5/,-123.111845,49.284417
WORLD,node,13604194266,,Carrier Connect Data Solutions,,,data_center,Burrard Street,,,,https://www.carrierconnect.ca/200-burrard/,-123.115111,49.287624
WORLD,node,13608563509,CPD Gobierno de Navarra,Nasertic,,,data_center,,,,,,-1.624566,42.813918
WORLD,node,13614915734,DC Antwerp,Datacenter United,,,data_center,,,,,https://datacenterunited.com/datacenters/datacenter-antwerp,4.414468,51.263145
WORLD,node,13615091772,Centro de Datos Cirion LIM1,Cirion Technologies,LIM1,,data_center,,,,,,-76.973078,-12.089115
WORLD,node,13618251143,ASAP Telecom - Data Center,ASAP Telecom,PV01C Shopping SP Market,,data_center,Av. das Nações Unidas,São Paulo,,,https://asaptelecom.com.br/,-46.698516,-23.677978
WORLD,node,13639231258,Applied Digital,,,,data_center,County Rd 81 N,Harwood,,,,-96.87394,46.974172
WORLD,node,13655340206,,Pulsant,,,data_center,,,,,,-1.315215,54.551429
WORLD,node,13659287418,Fibrandes Nodo AQP,Fibrandes,,,data_center,,,,,https://fibrandes.com.pe,-71.58186,-16.402366
WORLD,node,13659603183,Nodo Moquegua,Fibrandes,,,data_center,,,,,https://fibrandes.com.pe,-70.917884,-17.205268
WORLD,node,13685576464,RIC1 DC1,Quality Technology Services,,,data_center,,,,,,-77.247476,37.489234
WORLD,node,13685576465,RIC1 DC2,Quality Technology Services,,,data_center,,,,,,-77.24621,37.488616
WORLD,node,13685576466,RIC1 DC3,Quality Technology Services,,,data_center,,,,,,-77.244826,37.487858
WORLD,node,13692347597,INGATE GmbH Rechenzentrum München,,,,data_center,,,,,https://www.ingate.de/rechenzentrum-muenchen/,11.592516,48.195562
WORLD,node,13704677307,Stargate AI DataCenter,,,,data_center,,,,,,54.445456,24.150968
WORLD,node,13719824868,PhoenixGroup,Servicio Tecnico Electronico,,,data_center,Legisladores,Llavallol,,,https://phoenixgroup-ar.com/,-58.425299,-34.789034
WORLD,node,13720841436,TulsaConnect,,,,data_center,,,,,,-95.989193,36.153294
WORLD,node,13720841437,Windstream,,,,data_center,,,,,,-95.990514,36.148501
WORLD,node,13720841438,TulsaConnect,,,,data_center,,,,,,-95.99082,36.148452
WORLD,node,13734287997,Server Rasendriya (Nodeast Cloud),PT Era Daya Cipta,102,,data_center,Jalan Haji Nawi Raya,Jakarta Selatan,,,https://cloud.nodeast.com,106.789288,-6.26397
WORLD,node,13734339821,Nodeast Cloud (srv03.dyaksanala),PT Era Daya Cipta,,,data_center,,,,,,110.435153,-7.004779
WORLD,node,13734355110,Nodeast Cloud (srv01.kehidupan),PT Era Daya Cipta,,,data_center,,,,,,106.838019,-6.359805
WORLD,node,13734763230,Телепоинт София Изток,Digital Realty,,,data_center,,,,,https://telepoint.bg/,23.383653,42.672898
WORLD,node,13741708048,Equinix SP4 Terremark,Equinix,,,data_center,,,,,,-46.809644,-23.493721
WORLD,node,13742756301,Datacenter de Movistar,Movistar,,,data_center,,,,,,-62.727188,8.297881
WORLD,node,13743687202,LIFO,LIFO,,,data_center,,,,,,1.939656,47.845514
WORLD,node,13746843366,Digital Fortress - Portland 1,"Digital Fortress, Inc",,,data_center,Southwest 10th Avenue,Portland,,,,-122.681754,45.521257
WORLD,node,13746843367,Digital Fortress - Portland 2,"Digital Fortress, Inc",,,data_center,Southwest Sunshine Court,Beaverton,,,,-122.776087,45.476214
WORLD,node,13746843368,Digital Fortress - Portland 3,"Digital Fortress, Inc",,,data_center,Southwest Sunshine Court,Beaverton,,,,-122.77641,45.475634
WORLD,node,13747461175,Colosseum Online Inc.,,,,data_center,Petrolia Road,Toronto,,,https://www.colosseum.com/,-79.489782,43.779373
WORLD,node,13748555787,H5 DC - Portland,H5 Data Centers,,,data_center,Northwest 12th Avenue,Portland,,,https://h5datacenters.com/portland-data-center.html,-122.683765,45.53169
WORLD,node,13748859030,Date Center West - Eugene,"Data Center West, Inc.",,,data_center,Willamette Street,Eugene,,,,-123.092978,44.050607
WORLD,node,13752762948,Podatkovni centar Hrvatskog telekoma,,,,data_center,,,,,https://www.hrvatskitelekom.hr/poslovni/ict/kolokacija,15.942875,45.797225
WORLD,node,13753535952,,Hrvatski Telekom,,,data_center,,,,,,15.982838,45.811161
WORLD,node,13765657264,Amazon Web Services,Amazon Web Services,,,data_center,,,,,,-70.606626,-33.417081
WORLD,node,13780891344,信息中心,韶关市职业综合高级中学,,,data_center,大学路,韶关市,,,,113.625671,24.793862
WORLD,node,13808344906,CSA Computer Service Agentur GmbH,,,,data_center,Hagenhausener Straße,Stöckelsberg,,,,11.43583,49.385517
WORLD,node,13809854904,Podatkovni centar HR-ZOO ZG1,Sveučilišni računski centar,,,data_center,Ulica Josipa Marohnića,,,,https://www.srce.unizg.hr/podatkovni-centri,15.969654,45.792282
WORLD,node,13809854905,Podatkovni centar HR-ZOO ZG2,Sveučilišni računski centar,,,data_center,,,,,https://www.srce.unizg.hr/podatkovni-centri,16.042654,45.815124
WORLD,node,13809854906,Podatkovni centar HR-ZOO OS,Sveučilišni računski centar,,,data_center,,,,,https://www.srce.unizg.hr/podatkovni-centri,18.705178,45.556511
WORLD,node,13809856865,Podatkovni centar HR-ZOO RI,Sveučilišni računski centar,,,data_center,,,,,https://www.srce.unizg.hr/podatkovni-centri,14.466794,45.328761
WORLD,node,13809859002,Podatkovni centar HR-ZOO ST,Sveučilišni računski centar,,,data_center,,,,,https://www.srce.unizg.hr/podatkovni-centri,16.469651,43.5116
WORLD,node,13813612108,Trung tâm dữ liệu FPT Duy Tân,FPT,,,data_center,,,,,,105.78259,21.030751
WORLD,node,13813612110,VNPT IDC Cầu Giấy,VNPT,,,data_center,,,,,,105.791005,21.040865
WORLD,node,13854865053,Gp3 Data Center,,,,data_center,,,,,,103.594436,1.488095
WORLD,node,13873419223,OCOSA,,,,data_center,,,,,,-95.989191,36.153287
WORLD,node,13891340203,Vantage VA16,,,,data_center,Pacific Boulevard,Sterling,,,,-77.440637,38.998508
WORLD,node,13908533343,Iron City No. 1 Power Generator and Compute Center,,,,data_center,Paul Hoddman Road,Karthaus,,,,-78.097405,41.141044
WORLD,node,13926884992,Data Center ENTEL,Empresa Nacional de Telecomunicaciones,,,data_center,Avenida I,Santiváñez,,,https://www.entel.bo/EmpCorporativoDataCenter,-66.25132,-17.555742
WORLD,node,13929489407,DataCenter de Google Uruguay,Google,,,data_center,,,,,,-55.995001,-34.815242
WORLD,node,13953356899,,,,,data_center,,,,,,30.518969,56.326243
WORLD,node,13964809664,euNetworks Colocation Hannover,euNetworks,,,data_center,,,,,,9.76902,52.398024
WORLD,node,13965969979,3data A35,,,,data_center,,,,,https://3data.ru/en/dc/a35,37.582515,55.864522
WORLD,node,13966013206,3data B17,3data,,,data_center,улица Бутлерова,Москва,,,https://3data.ru/dc/b17,37.540776,55.648341
WORLD,node,13977247791,Intacture,TRENTINO DATAMINE S.r.l.,,,data_center,,,,,https://www.intacture.it/,11.086089,46.299497
WORLD,node,13986130020,Institute for Micro-Credentials and Language Center,,,,data_center,,,,,,123.198027,13.629738
WORLD,node,13992855602,新型电力系统调度中心,,,,data_center,,,,,,118.204974,33.939776
WORLD,node,13996258080,Glesys,Glesys AB,,,data_center,Kanslistvägen,,,,,12.493797,56.914819
WORLD,node,13996265466,Glesys,Glesys AB,,,data_center,,,,,,18.016814,59.289556
WORLD,node,14001114873,Factory Software | AVEVA Select Italia,,,,data_center,,,,,,8.702827,45.626936
WORLD,node,14004400718,Basis Bay,,,,data_center,,,,,,101.579173,3.090599
WORLD,node,14018873132,中国移动宿迁市人工智能计算中心,,,,data_center,,,,,,118.246377,33.950508
WORLD,node,14045039387,CloudHQ LC10,CloudHQ,LC10,,data_center,,,,,,-77.472678,39.00392
WORLD,node,14045039388,CloudHQ LC9,CloudHQ,LC9,,data_center,,,,,,-77.470436,39.003503
WORLD,node,14045039389,CloudHQ LC8,CloudHQ,LC8,,data_center,,,,,,-77.468333,39.00206
WORLD,node,14045039390,CloudHQ LC14,CloudHQ,LC14,,data_center,,,,,,-77.475951,39.006121
WORLD,node,14045039391,CloudHQ LC13,CloudHQ,LC13,,data_center,,,,,,-77.476723,39.004995
WORLD,node,14045039392,CloudHQ LC1,CloudHQ,LC1,,data_center,,,,,,-77.478515,39.005445
WORLD,node,14045039393,CloudHQ LC11,CloudHQ,LC11,,data_center,,,,,,-77.477699,39.006588
WORLD,node,14045039394,CloudHQ LC5,CloudHQ,LC5,,data_center,,,,,,-77.476734,39.009805
WORLD,node,14045039395,Cologix ASH2,Cologix,,data_center,data_center,Beaumeade Circle,Ashburn,,,https://cologix.com/data-centers/ashburn/ash2,-77.457953,39.019496
WORLD,node,14045092726,Sabey Data Centers Ashburn - Building A,Sabey Data Centers,,data_center,data_center,Red Rum Drive,Ashburn,,,https://sabeydatacenters.com/locations/ashburn-data-center,-77.476938,39.013795
WORLD,node,14045092727,NTT Ashburn VA8 Data Center,NTT,VA8,,data_center,Gigabit Plaza,Ashburn,,,,-77.475672,39.018788
WORLD,node,14056398202,Asanti - Farnborough,Asanti,,,data_center,Armstrong Mall,Farnborough,,,,-0.788069,51.292936
WORLD,node,14056400574,Asanti Manchester,Asanti,,,data_center,Faulkner Street,Manchester,GB,,,-2.238602,53.478903
WORLD,node,14058270899,CustodianDC Maidstone,CustodianDC,,,data_center,,,,,,0.549357,51.279906
WORLD,node,14061667937,Microsoft Thames Valley Park Data Centre,Microsoft,,,data_center,,,,,,-0.925969,51.461472
WORLD,node,14062735949,Vision 247,Vision 247,,,data_center,,,,,,-0.27361,51.49441
WORLD,node,14065117428,Zagreb,Digital Reality,ZAG1,,data_center,,,,,,15.944289,45.803686
WORLD,node,14069978039,DATAC,Service- und Rechenzentrum Deutel GmbH,,,data_center,,,,,,11.651092,52.128471
WORLD,node,14076988553,,,,,data_center,State Street,Albany,,,,-73.752818,42.649257
WORLD,node,14081154610,Petadata,,,,data_center,,,,,,-121.980832,37.552921
WORLD,node,14085787302,4421.io,4421.io,,,data_center,,,,,,-122.19156,47.958754
WORLD,node,14086231277,,UNMH,,,data_center,,,,,,-106.619067,35.089683
WORLD,node,14091985299,Liwonde Telecentre,,,,data_center,,,,,,35.23215,-15.072082
WORLD,node,14100772327,Universitätsrechenzentrum,Universität Leipzig,,,data_center,,,,,https://www.urz.uni-leipzig.de/,12.379339,51.338714
WORLD,node,14101687012,Precision Prints Lufkin Datacenter,,,,data_center,,,,,,-94.721581,31.286166
WORLD,node,14102567399,ICE Datacenter,RISE,,,data_center,Björkskataleden,Luleå,,,https://www.ri.se/en/ice-data-center/ice-datacenter-sustainable-and-efficient-data-centre-solutions,22.132341,65.6121
WORLD,node,14103032048,"Estamp office , Stamp Paper Office",myself,,,data_center,,,,,,76.213338,10.445008
WORLD,node,14105340924,Greenhouse Datacenters DC1,Greenhouse Datacenters,,,data_center,Industriestraat,Naaldwijk,,,https://www.greenhousedatacenters.nl,4.21071,52.001145
WORLD,node,14124760832,DartPoints Baton Rouge 2,DartPoints,BTR02,,data_center,Florida Blvd,Baton Rouge,,,https://dartpoints.com/locations/btr02-baton-rouge-la/,-91.115481,30.453994
WORLD,node,14124761022,DartPoints Baton Rouge 1,DartPoints,BTR01,,data_center,Florida Blvd,Baton Rouge,,,https://dartpoints.com/locations/btr01-baton-rouge-la/,-91.116053,30.453825
WORLD,node,14124769105,DartPoints Shreveport,DartPoints,SHV01,,data_center,Milam Street,Shreveport,,,https://dartpoints.com/locations/shv01-shreveport-la/,-93.749808,32.511017
WORLD,node,14124808826,DartPoints Dublin,DartPoints,CMH01,,data_center,Metro Place South,43017,,,https://dartpoints.com/locations/cmh01-dublin-oh/,-83.133975,40.0933
WORLD,node,14124831624,DartPoints Cincinnati,DartPoints,CVG01,,data_center,West 3rd Street,Cincinnati,,,https://dartpoints.com/locations/cvg01-cincinniati-oh/,-84.51785,39.098101
WORLD,node,14124835505,DartPoints Asheville,,,,data_center,Technology Drive,Asheville,,,https://dartpoints.com/locations/avl01-asheville-nc/,-82.557536,35.488317
WORLD,node,14124891841,Kolo DK4 Viby J.,Kolo,DK4,,data_center,,,,,https://kolodc.com/data-centers/colocation-in-denmark/viby-j-data-center,10.155778,56.117579
WORLD,node,14124987624,Kolo NL4 Amsterdam,Kolo,NL4,,data_center,Capronilaan,Schiphol-Rijk,,,https://kolodc.com/data-centers/colocation-in-the-netherlands/amsterdam-data-center,4.77323,52.28192
WORLD,node,14125021341,Smartdc Heerlen,Smartdc,,,data_center,Kloosterweg,Heerlen,,,https://www.smartdc.net/data-centers/locations/heerlen/,5.971892,50.891775
WORLD,node,14125189898,Kolo DK5 Copenhagen,Kolo,DK5,,data_center,,,,,https://kolodc.com/data-centers/colocation-in-denmark/copenhagen-data-center,12.535328,55.705226
WORLD,node,14130423711,唐木田テクノロジービル,,,,data_center,,,,,,139.40032,35.613015
WORLD,node,14130432902,Karakida 1 Building,,,,data_center,,,,,,139.403931,35.613659
WORLD,node,14134180730,中国人民大学通州校区数据中心,,,,data_center,,,,,,116.741092,39.907595
WORLD,node,14141081597,Divisão de Tecnologia da Informação,,,,data_center,,,,,,-44.418056,-19.884764
WORLD,node,14152612201,EdgeCore Ashburn AS02,,,,data_center,Moran Road,Sterling,,,https://edgecore.com/locations/ashburn-data-center,-77.444001,38.994315
WORLD,node,14156477686,Equinix Ashburn DC18,Equinix,DC18,,data_center,Performance Circle,Ashburn,,,,-77.454281,39.025458
WORLD,node,14158366129,Surfplanet GmbH,Surfplanet GmbH,,,data_center,Am Springborn,Köln,,,https://surfplanet.de,7.020028,50.975955
WORLD,way,4421159,Digital Realty DUB10,Digital Realty,DUB10,yes,data_center,Blanchardstown Corporate Park,,,2,,-6.37054,53.41227
WORLD,way,13780142,Equinix Data Center HE5,Equinix,HE5,hall,data_center,Sahamyllyntie,Helsinki,,,https://www.equinix.com/data-centers/europe-colocation/finland-colocation/helsinki-data-centers/he5,24.985589,60.221372
WORLD,way,15516422,Sky Chilworth,Sky UK,,yes,data_center,,,,,,-1.427324,50.961679
WORLD,way,17663535,nLighten Bristol,,BRS1,yes,data_center,,,,,https://www.nlighten.com/en/edge-location/bristol/,-2.581748,51.540676
WORLD,way,22776917,DC Tower,"České Radiokomunikace, a.s.",,commercial,data_center,,,,4,,14.451739,50.080966
WORLD,way,23439047,Digital Realty LHR17,Digital Realty,LHR17,data_center,data_center,,,,,https://www.digitalrealty.co.uk/data-centers/emea/london/lhr17,-0.46035,51.481665
WORLD,way,23571722,Segro Croydon (Morgan Stanley),Morgan Stanley,,data_center,data_center,,,,,https://www.segro.com/countries-repository/united-kingdom/segro-park-croydon-beddington-lane,-0.135902,51.383982
WORLD,way,23571724,CapitalLand - Croyden,CapitaLand Ascendas REIT,,data_center,data_center,,,,,https://www.capitaland-ascendasreit.com/en/our-portfolio/united-kingdom---europe/data-centres/croydon.html,-0.137405,51.384557
WORLD,way,23610623,,,,data_center,data_center,,,,,,-6.359483,53.404923
WORLD,way,23674117,4D Data Centers - Gatwick,,,industrial,data_center,Kelvin Lane,Crawley,,,,-0.175841,51.132481
WORLD,way,23716846,Fujitsu North Ryde Data Centre,,,office,data_center,Waterloo Road,,,,,151.131894,-33.786708
WORLD,way,23750729,Equinix DB4,Equinix,DB4,data_center,data_center,,,,,https://www.equinix.co.uk/locations/ireland-colocation/dublin-data-centers/db4/,-6.351476,53.411985
WORLD,way,23750778,Equinix DB3,Equinix,DB3,data_center,data_center,Northwest Business Park,,,,https://www.equinix.co.uk/locations/ireland-colocation/dublin-data-centers/db3/,-6.346518,53.411148
WORLD,way,24238369,Mayoral Drive Exchange,Spark New Zealand,,office,data_center,Airedale Street,Auckland,,10,,174.76402,-36.854183
WORLD,way,25629568,Digital Realty Copenhagen CPH1,Digital Realty,CPH1,data_center,data_center,,,,,,12.377369,55.72764
WORLD,way,25706343,Cyxtera Dallas-Fort Worth Data Center,Cyxtera,,yes,data_center,Kingsport Road,,,,,-97.041028,32.83271
WORLD,way,25802546,Adeo Datacenter ApS,Adeo Datacenter ApS,,data_center,data_center,,,,,https://adeodc.dk/,12.367781,55.667726
WORLD,way,25913912,,,,data_center,,,,,,,30.577633,59.911612
WORLD,way,26113850,,,,commercial,data_center,Wendenstraße,Hamburg,DE,4,,10.048302,53.549786
WORLD,way,26176627,,GlobalConnect,,industrial,data_center,,,,,,12.300239,55.662067
WORLD,way,26225757,,,,industrial,data_center,,,,,,8.552565,50.144435
WORLD,way,26225758,Kyndryl Data Center,Kyndryl Deutschland GmbH,,industrial,data_center,Bismarckstraße,Eschborn,DE,,,8.553323,50.144263
WORLD,way,26794336,,Vantage Data Centers,,data_center,data_center,,Newport,,,https://vantage-dc-cardiff.co.uk/,-3.037394,51.555423
WORLD,way,26933574,Verne Global HELSINKI,Verne Global,,yes,data_center,Mittalinja,Vantaa,,,https://www.verneglobal.com/finland,25.101156,60.303433
WORLD,way,27100275,NorthC München 2,NorthC,,industrial,data_center,Wamslerstraße,München,DE,,https://www.northcdatacenters.com/de/northc-datacenters/muenchen-2/,11.662692,48.135665
WORLD,way,27618472,,,,industrial,data_center,,,,,,-0.273022,51.52923
WORLD,way,27618478,,,,industrial,data_center,,,,,,-0.274281,51.529043
WORLD,way,27618500,Equinix LD3,Equinix,LD3,data_center,data_center,,London,,,,-0.277821,51.528887
WORLD,way,27756169,Digital Realty LHR13,Digital Realty,LHR13,data_center,data_center,,,,,https://www.digitalrealty.co.uk/data-centers/emea/london/lhr13,-0.291123,51.368329
WORLD,way,27823396,SafeDX s.r.o.,,,service,data_center,,,,1,https://www.safedx.eu,14.495334,50.098901
WORLD,way,28073975,Astrohouse,University of Southampton,,yes,data_center,Brunel Way,,,,,-1.246002,50.867979
WORLD,way,28074414,SCC,SCC,,yes,data_center,Brunel Way,,,,https://www.scc.com,-1.247183,50.868393
WORLD,way,28093960,CustodianDC DA2,,,data_center,data_center,,,,,,0.258003,51.453381
WORLD,way,28260003,Rechenzentrum Garching,Max-Planck Computing & Data Facility,,commercial,data_center,,,,1,https://www.mpcdf.mpg.de/,11.67308,48.262745
WORLD,way,28352285,,,,data_center,,,,,,,-6.366112,53.403708
WORLD,way,28352291,Amazon Web Services,Amazon Web Services,,data_center,data_center,,,,,,-6.36259,53.403929
WORLD,way,28391447,,,,yes,data_center,Astondo bidea,Zamudio,,,,-2.868746,43.29888
WORLD,way,28544618,Equinix Infomart,Equinix,,yes,data_center,North Stemmons Freeway,Dallas,US,6,,-96.819523,32.800954
WORLD,way,28596260,Telus,,,yes,data_center,Laird Drive,East York,,,,-79.360532,43.705005
WORLD,way,28994179,Equinix FR4,Equinix,FR4,commercial,data_center,Lärchenstraße,Frankfurt am Main,,2,https://www.equinix.de/locations/germany-colocation/frankfurt-data-centers/fr4/,8.587972,50.097941
WORLD,way,29120456,,OVH,LON-1,industrial,data_center,,,,,,0.166721,51.491512
WORLD,way,29129405,,,,warehouse,data_center,вуліца Карскага,,,2,,23.882164,53.683403
WORLD,way,29417840,Brussels DC,Datacenter United,BDC,yes,data_center,,,,2,http://www.brusselsdc.be/,4.454138,50.881423
WORLD,way,29448766,Digital Realty Brussels BRU1,Digital Realty,BRU1,yes,data_center,Wezembeekstraat,Zaventem,,,https://www.digitalrealty.com/data-centers/emea/brussels/bru1,4.47611,50.870597
WORLD,way,29827954,CoreSite BO1,,BO1,yes,data_center,Inner Belt Road,Somerville,,,,-71.079758,42.376706
WORLD,way,30092556,T-Systems Magdeburg,T-Systems,,,data_center,Lübecker Straße,Magdeburg,DE,,,11.636786,52.148748
WORLD,way,30324253,,NTT Global Data Centers EMEA GmbH,BER1,data_center,data_center,Nonnendammallee,Berlin,DE,,,13.23762,52.537512
WORLD,way,30450893,COLT,,,yes,data_center,Mercuriusstraat,Zaventem,,,,4.504501,50.871947
WORLD,way,30450951,,,,data_center,,,,,,,4.502409,50.873575
WORLD,way,30666790,USPO Terminal Annex,United States Postal Service,,commercial,data_center,Alameda St,Los Angeles,,2,,-118.235394,34.058104
WORLD,way,30724580,Stack Infrastructure OSLO1A,Stack Infrastructure,,office,data_center,,,,4,,10.80956,59.924824
WORLD,way,30827429,DataBank,,,commercial,data_center,South Akard Street,Dallas,,,,-96.798436,32.778311
WORLD,way,30914305,Iron Mountain,,,yes,data_center,Europa Boulevard,Warrington,,,,-2.629759,53.414856
WORLD,way,30925979,Verizon Warrington,Verizion,,data_center,data_center,Calver Road,Warrington,,,,-2.601375,53.420525
WORLD,way,31250931,CyrusOne Cincinnati-Mason CIN3,CyrusOne,CIN3,yes,data_center,,,,,https://www.cyrusone.com/data-centers/north-america/ohio/cin3-cincinnati,-84.311613,39.303894
WORLD,way,31307046,EWE NETZ GmbH,EWE Netz GmbH,,office,data_center,Cloppenburger Straße,Oldenburg,,4,,8.209766,53.111924
WORLD,way,31800424,LightEdge SAN1,,,industrial,data_center,Lightwave Avenue,San Diego,US,,,-117.129928,32.827894
WORLD,way,31803515,EdgeConneX San Diego,EdgeConneX,,yes,data_center,Copley Drive,San Diego,,,https://www.edgeconnex.com/locations/americas/san-diego-ca/,-117.169423,32.842355
WORLD,way,31990236,Digital Realty VIE1 & VIE2,Digital Realty,VIE1;VIE2,data_center,data_center,Louis-Häfliger-Gasse,Wien,AT,,,16.410393,48.268936
WORLD,way,32295873,The Babbage Centre,Getronics,,yes,data_center,The Heath Business and Technical Park,Runcorn,,,https://www.getronics.com,-2.734066,53.322648
WORLD,way,32338593,TTC TELEPORT - DC1,,,office,data_center,,,,2,,14.533641,50.081996
WORLD,way,32560290,RagingWire CA2,NTT,CA2,yes,data_center,Striker Avenue,Sacramento,,,,-121.491946,38.6504
WORLD,way,32560292,RagingWire CA1,NTT,CA1,yes,data_center,Striker Avenue,Sacramento,,,,-121.489187,38.650432
WORLD,way,33186030,11:11 Systems,,,service,data_center,Argentia Road,Mississauga,,,,-79.750131,43.598248
WORLD,way,33503496,Verne Global London Data Centre,Verne Global,,data_center,data_center,Great Sutton Street,London,,,https://verneglobal.com/,-0.100814,51.523577
WORLD,way,33710942,11:11 Systems,,,service,data_center,Argentia Road,Mississauga,,,,-79.735382,43.603315
WORLD,way,34137508,NSA Rechenzentrum,,,yes,data_center,,,,,,8.584809,49.84403
WORLD,way,34160179,Telehouse West,Telehouse,,data_center,data_center,Coriander Avenue,London,,8,,-0.002314,51.511195
WORLD,way,34291029,Elfordstown Earthstation,National Space Centre Ltd,,,data_center,,,,,https://nationalspacecentre.eu/,-8.175627,51.953509
WORLD,way,34332155,,,,data_center,data_center,улица Подольских Курсантов,,,,,37.641494,55.603696
WORLD,way,34520874,Digital Realty LGW14,Digital Realty,LGW14,industrial,data_center,,Woking,,,https://www.digitalrealty.co.uk/data-centers/emea/london/lgw14,-0.588055,51.32384
WORLD,way,34770750,Hewlett-Packard,,,,data_center,,,,,,-84.267292,34.082058
WORLD,way,34943239,,,,office,data_center,Wendenstraße,Hamburg,DE,5,,10.038227,53.550908
WORLD,way,34959860,Verizon Luxembourg,Verizon,,yes,data_center,Rue de l'Étang,Contern,,,,6.217416,49.595278
WORLD,way,34990467,NorthC Hamburg 1,NorthC,,industrial,data_center,Süderstraße,Hamburg,DE,,https://www.northcdatacenters.com/de/northc-datacenters/hamburg/,10.043529,53.547628
WORLD,way,35130174,DC Machelen,Datacenter United,,yes,data_center,Nieuwbrugstraat,,,,https://datacenterunited.com/datacenters/dc-machelen,4.42306,50.911627
WORLD,way,35491576,Equinix SV1,Equinix,SV1,data_center,data_center,Great Oaks Boulevard,San Jose,,,https://www.equinix.co.uk/locations/united-states-colocation/silicon-valley-data-centers/sv1/,-121.783328,37.241597
WORLD,way,35603471,,Telehouse,,office,data_center,Kleyerstraße,Frankfurt am Main,,,https://www.telehouse.net/data-centre-services/germany/frankfurt/,8.62992,50.096094
WORLD,way,35604586,,Telehouse,,office,data_center,Kleyerstraße,Frankfurt am Main,,,https://www.telehouse.net/data-centre-services/germany/frankfurt/,8.630791,50.096806
WORLD,way,35973807,Verne Gagnaver,Verne Global,,data_center,data_center,Valhallarbraut,,,,https://verneglobal.com/,-22.575477,63.976989
WORLD,way,35973808,Verne Gagnaver,Verne Global,,data_center,data_center,Valhallarbraut,,,,https://verneglobal.com/,-22.575815,63.977851
WORLD,way,35973814,Þjóðbraut 838,,,data_center,,Þjóðbraut,,,,,-22.583667,63.976224
WORLD,way,36897140,,,,yes,data_center,,,,2,,-84.412113,39.294048
WORLD,way,37176481,DataPro V,DataPro,V,yes,data_center,Рябиновая улица,,,,https://en.datapro.ru/data-centers/datapro-moscow-v,37.434391,55.694999
WORLD,way,37176483,DataPro IV,DataPro,IV,yes,data_center,Рябиновая улица,Москва,,,https://en.datapro.ru/data-centers/datapro-moscow-iv,37.433424,55.694116
WORLD,way,37176485,DataPro III,DataPro,III,industrial,data_center,Рябиновая улица,Москва,,,https://en.datapro.ru/data-centers/datapro-moscow-iii,37.431637,55.693926
WORLD,way,37176486,DataPro VI,DataPro,VI,industrial,data_center,Рябиновая улица,,,,https://en.datapro.ru/data-centers/datapro-moscow-vi,37.428953,55.693649
WORLD,way,37596447,Amazon Web Services,Amazon Web Services,,data_center,data_center,,,,,,-6.349886,53.293841
WORLD,way,37596453,Amazon Web Services,Amazon Web Services,,data_center,data_center,,,,,,-6.351039,53.295115
WORLD,way,37682016,Equinix Dublin DB1,Equinix,DB1,data_center,data_center,Kingswood Road,,,,https://www.equinix.co.uk/locations/ireland-colocation/dublin-data-centers/db1/,-6.415221,53.29162
WORLD,way,37682585,Amazon Web Services,Amazon Web Services,,data_center,data_center,,,,,,-6.366875,53.295065
WORLD,way,37697561,Datacenter SNCF RESARAIL,SNCF,,data_center,data_center,,,,,,3.088382,50.622861
WORLD,way,37868350,Rackspace London 8,Rackspace,London 8,data_center,data_center,,Hayes,,,,-0.428887,51.501369
WORLD,way,37877544,Lumen Sunnyvale 1,Lumen Technologies,,commercial,data_center,Kifer Road,Sunnyvale,,1,,-121.9878,37.373469
WORLD,way,37943653,Pulsant Edinburgh South Gyle SC-1,Pulsant,SC-1,data_center,data_center,Flassches Yard,Edinburgh,,,https://www.pulsant.com/colocation-south-gyle-datacentre,-3.293808,55.929691
WORLD,way,37943663,Pulsant Edinburgh South Gyle SC-1,Pulsant,SC-1,data_center,data_center,Flassches Yard,Edinburgh,,,https://www.pulsant.com/colocation-south-gyle-datacentre,-3.292671,55.929892
WORLD,way,37947313,OpenColo,,,yes,data_center,Kenneth Street,Santa Clara,,,https://www.opencolo.com/,-121.955926,37.378829
WORLD,way,37947314,Equinix Santa Clara SV2,Equinix,SV2,equinix,data_center,Duane Avenue,Santa Clara,,,https://www.equinix.com/data-centers/americas-colocation/united-states-colocation/silicon-valley-data-centers/sv2,-121.954984,37.37847
WORLD,way,37947315,Layer42 Santa Clara,Layer42,,data_center,data_center,Raymond Street,,,,,-121.954128,37.378037
WORLD,way,37960145,Elasticity Slough,Elasticity,,data_center,data_center,,Slough,GB,,,-0.58812,51.512062
WORLD,way,38023264,IMAQLIQ Data Center,,,yes,data_center,улица Седова,Санкт-Петербург,,2,https://iqdata.center/,30.399183,59.898375
WORLD,way,38242832,LDeX 1,LDeX Group,,yes,data_center,,,,,,-0.230852,51.568191
WORLD,way,38246899,Pure DC London Brent Cross,Pure DC,LON01,data_center,data_center,,,,,,-0.237188,51.570623
WORLD,way,38305431,Digital Realty Silicon Valley SJC34,Digital Realty,,data_center,data_center,Northwestern Parkway,,,,,-121.973647,37.372408
WORLD,way,38305568,Csquare SFO1,Csquare,,data_center,data_center,Walsh Avenue,Santa Clara,,,https://www.csquare.com/data-centers/silicon-valley#santaclara-sfo1,-121.969683,37.371471
WORLD,way,38305611,,Vantage,,data_center,data_center,,,,,,-121.972778,37.373308
WORLD,way,38354559,OVHcloud Roubaix - RBX1,OVHcloud,,industrial,data_center,Rue Kellermann,,,,,3.200121,50.692697
WORLD,way,38575403,Experian,,,commercial,data_center,Mere Way,Nottingham,,,,-1.144963,52.879623
WORLD,way,38754135,,,,industrial,data_center,,,,,,8.591749,50.192918
WORLD,way,38754141,Kyndryl Data Center,Kyndryl Deutschland GmbH,,industrial,data_center,Gablonzer Straße,Oberursel (Taunus),DE,,,8.592288,50.192531
WORLD,way,39083541,Strategic Datasphere,,,yes,data_center,Union Hill Road,Alpharetta,,2,,-84.235724,34.094813
WORLD,way,39083797,Flexential Atlanta - Alpharetta Data Center,Flexential,,industrial,data_center,Edison Drive,Alpharetta,,,https://www.flexential.com/data-centers/ga/atlanta/alpharetta-data-center,-84.251818,34.086986
WORLD,way,39083830,Secure Data Center,,,yes,data_center,,,,,,-84.250875,34.09371
WORLD,way,39606866,Rechenzentrum Albis,Organisation und Informatik der Stadt Zürich,,industrial,data_center,Albisriederstrasse,Zürich,,,https://www.stadt-zuerich.ch/hbd/de/index/entwicklungsgebiete/letzi/projekte_realisiert/rechenzentrum_oiz_albis.html,8.494883,47.377533
WORLD,way,39775468,,,,office,data_center,,,,3,,11.658341,48.208466
WORLD,way,40608200,Cologix Santa Clara SV1 Data Center,Cologix,SV1,yes,data_center,Martin Avenue,,,,,-121.961673,37.365402
WORLD,way,40940603,Keel Infrastructure,,,industrial,data_center,Rue de la Pointe,,,,,-71.930889,45.392644
WORLD,way,42000820,Old Main,Clarkson University,,yes,data_center,,,,,,-74.980582,44.668106
WORLD,way,42016630,Data4 Campus Paris Saclay,Data4,Paris Marcoussis PAR1,,data_center,,,,,https://www.data4group.com/,2.229094,48.649749
WORLD,way,42031440,Visa London,,,commercial,data_center,Sheldon Square,London,GB,10,,-0.180344,51.518984
WORLD,way,42311840,,,,commercial,data_center,Kleyerstraße,Frankfurt am Main,DE,7,,8.633012,50.098802
WORLD,way,42323063,Netrality Data Centers,,,yes,data_center,North Tucker Boulevard,Saint Louis,,18,,-90.197175,38.629262
WORLD,way,42343463,,IP-Only,,industrial,data_center,,,,2,,15.554728,58.397922
WORLD,way,42742505,Equinix PA3,Equinix,PA3,industrial,data_center,Rue Ambroise Croizat,Saint-Denis,,2,https://www.equinix.com/data-centers/europe-colocation/france-colocation/paris-data-centers/pa3,2.350346,48.927139
WORLD,way,43013791,Quiri,Cogent,,industrial,data_center,,,,,,7.744225,48.600466
WORLD,way,43126267,Soverign Data Centre - Metro Point,Sovereign Business Integration Group,,data_center,data_center,Chalk Lane,Barnet,,,,-0.150356,51.651462
WORLD,way,43916956,GLB2,green.ch,,data_center,data_center,Sägereistrasse,Glattbrugg,CH,,,8.558652,47.432705
WORLD,way,43916978,Digital Realty ZUR1,Digital Realty,ZUR1,data_center,data_center,Sägereistrasse,Glattbrugg,,3,https://www.digitalrealty.com/data-centers/emea/zurich/zur1,8.557284,47.432685
WORLD,way,44065956,noris network NBG6 BA1,noris network AG,,commercial,data_center,Thomas-Mann-Straße,Nürnberg,,,https://www.noris.de/rechenzentren/nuernberg/sued/,11.132353,49.410492
WORLD,way,44107140,Stellanor London North,Stellanor Data Centers,,data_center,data_center,Goswell Road,London,,,https://www.stellanordatacenters.com/our-data-centers/london-north/,-0.100095,51.528979
WORLD,way,44610344,Morgan Stanley Data Centre,Morgan Stanley,,data_center,data_center,Heathrow Corporate Park,Hounslow,,,,-0.396383,51.466624
WORLD,way,45131691,Equinix LD9,Equinix,LD9,data_center,data_center,,,,,https://www.equinix.com/data-centers/europe-colocation/united-kingdom-colocation/london-data-centers/ld9,-0.255888,51.531431
WORLD,way,45423103,Interoute Strasbourg,Interoute,,service,data_center,,,,,,7.795121,48.593266
WORLD,way,45448535,,Verizon,,yes,data_center,North Washington Avenue,Minneapolis,,,,-93.28034,44.991442
WORLD,way,45583050,,,,data_center,,,,,,,-77.510582,38.803434
WORLD,way,45776978,Amazon IAD11,Amazon Web Services,Amazon IAD11,data_center,data_center,Mason King Court,Manassas,,,,-77.54111,38.790495
WORLD,way,45776979,Amazon IAD24,Amazon Web Services,IAD24,yes,data_center,Mason King Court,Manassas,,,,-77.54001,38.790346
WORLD,way,45776988,Amazon IAD7,Amazon Web Services,Amazon IAD-7,data_center,data_center,Mason King Court,Manassas,,,,-77.538266,38.791199
WORLD,way,45840658,Data Center Aruba IT2,Aruba s.p.a.,,yes,data_center,Via Sergio Ramelli,Arezzo,IT,,,11.850161,43.47683
WORLD,way,46128119,CyrusOne CIN2,CyrusOne,CIN2,yes,data_center,West 7th Street,Cincinnati,,14,https://www.cyrusone.com/data-centers/north-america/ohio/cin2-cincinnati,-84.5179,39.102694
WORLD,way,46831933,VA 4,Digital Realty,,data_center,data_center,Linton Hall Road,Bristow,US,,,-77.594905,38.778061
WORLD,way,47923380,Amazon Web Services DUB10/50/51,Amazon Web Services,DUB10/50/51,data_center,data_center,,,,,,-6.22049,53.400432
WORLD,way,47924345,,,,data_center,data_center,,,,,,-6.226371,53.401717
WORLD,way,47924347,,,,data_center,data_center,,,,,,-6.22551,53.401422
WORLD,way,47924356,Amazon Web Services,Amazon Web Services,,data_center,data_center,,,,,,-6.219813,53.402397
WORLD,way,48013134,Digital Realty FRA4,Digital Realty,,commercial,data_center,Weismüllerstraße,Frankfurt am Main,DE,,,8.735045,50.118973
WORLD,way,48013154,Digital Realty FRA6,Digital Realty,,data_center,,Hanauer Landstraße,Frankfurt am Main,DE,,,8.735434,50.119929
WORLD,way,48013155,Digital Realty FRA2,Digital Realty,,commercial,data_center,Hanauer Landstraße,Frankfurt am Main,DE,2,,8.735774,50.120276
WORLD,way,48013156,,,,commercial,data_center,Hanauer Landstraße,Frankfurt am Main,DE,2,,8.736685,50.120607
WORLD,way,48017514,,,,data_center,,,,,,,8.736532,50.119442
WORLD,way,48017518,Digital Realty FRA3,Digital Realty,,data_center,data_center,Weismüllerstraße,Frankfurt am Main,DE,,,8.73616,50.119289
WORLD,way,48018740,iNTERWERK Rechenzentrum,,,service,data_center,,,,,,8.745159,50.122509
WORLD,way,48018741,Interwerk Rechenzentrum,Interwerk,,commercial,data_center,Dieselstraße,Frankfurt am Main,,,https://www.interwerk.de/rechenzentrum.html,8.744776,50.122614
WORLD,way,48199846,Datadock,,,data_center,data_center,,,,,,7.78248,48.568658
WORLD,way,48242814,Amazon IAD10,Amazon Web Services,IAD10,data_center,data_center,W Severn Way,Sterling,,,,-77.432973,39.021675
WORLD,way,48242816,Amazon IAD32,Amazon Web Services,IAD32,data_center,data_center,Squire Court,Sterling,,,,-77.434794,39.021569
WORLD,way,48910297,Rostelecom Moscow-V,Rostelecom,Moscow-V,industrial,data_center,Чермянская улица,Москва,,,,37.628516,55.886181
WORLD,way,49261097,B4,Air France,,office,data_center,,,,1,,7.032541,43.627
WORLD,way,49292264,,Bouygues Télécom,,yes,data_center,,,,,,2.193173,48.902215
WORLD,way,49292266,,Bouygues Télécom,,yes,data_center,,,,,,2.192913,48.902556
WORLD,way,49548520,DC Stodůlky,O2 Czech Republic a.s.,,industrial,data_center,K zahrádkám,,,2,,14.330784,50.049557
WORLD,way,49602062,Pulsant Maidenhead,Pulsant,,data_center,data_center,Priors Way,Maidenhead,,,,-0.708252,51.500315
WORLD,way,49602063,Pulsant Maidenhead,Pulsant,,data_center,data_center,Priors Way,Maidenhead,,,,-0.708399,51.499694
WORLD,way,49695385,Spectrum House,,,data_center,data_center,Clivemont Road,Maidenhead,GB,,,-0.725407,51.528747
WORLD,way,49870693,TTC TELEPORT - DC2,,,industrial,data_center,,,,1,,14.521443,50.080469
WORLD,way,50110392,DC Vega,,,office,data_center,,,,4,https://dcvega.cz,14.485813,50.125656
WORLD,way,50210667,Green DataCenter Eolas,Orange Business,,industrial,data_center,Rue Général Mangin,Grenoble,,3,https://lafabrique.orange-business.com/12-cloud-hebergement-web.htm,5.715129,45.168499
WORLD,way,50637197,TransACT Telehouse,TransACT,,yes,data_center,Northbourne Avenue,,,,,149.134471,-35.251704
WORLD,way,51335423,Eir Hosting Services,Eir,,data_center,data_center,Kingswood Avenue,Citywest,,,,-6.415998,53.295354
WORLD,way,51336797,Amazon DUB-2,Amazon Web Services,DUB2,data_center,data_center,Citywest Avenue,Citywest,,,https://www.keppeldatacentres.com/ireland/,-6.416345,53.291533
WORLD,way,51763539,TelemaxX IPC1,TelemaxX Telekommunikation GmbH,,data_center,data_center,Am Sonnenbad,Karlsruhe,DE,,,8.347257,49.013492
WORLD,way,52059176,NTT RagingWire DC - Hillsboro,NTT,HI1,industrial,data_center,Northeast Evergreen Road,Hillsboro,,,,-122.937387,45.54968
WORLD,way,52094269,Centersquare IAD1-B,Centersquare,IAD1-B,data_center,data_center,Nokes Boulevard,Sterling,,,,-77.415209,39.023868
WORLD,way,52094270,Centersquare IAD1-A,Centersquare,IAD1-A,data_center,data_center,Nokes Boulevard,Sterling,,,,-77.413212,39.023298
WORLD,way,52094294,Centersquare IAD1-C,Centersquare,IAD1-C,data_center,data_center,Ridgetop Circle,Sterling,,,,-77.412204,39.024754
WORLD,way,52227492,Flexential Minneapolis - Chaska,Flexential,,yes,data_center,Lyman Boulevard,Chaska,,,https://www.flexential.com/data-centers/mn/minneapolis/chaska-data-center,-93.598896,44.851612
WORLD,way,52958203,Pearl Plaza Office Building,,,commercial,data_center,East 18th Avenue,Denver,,3,,-104.979332,39.74523
WORLD,way,53023722,DataHarbour,"ООО ""ДатаПорт""",,yes,data_center,улица Витрука,,,,https://dataharbour.ru,39.288336,51.717784
WORLD,way,53045250,Fujitsu Data Centre,,SDC01,yes,data_center,Weston Avenue,,,,,0.270096,51.481141
WORLD,way,53189075,Centrale TIM Trento Nord,TIM,,data_center,data_center,,,,,,11.115081,46.08465
WORLD,way,53454428,Rostelecom Novosibirsk,Rostelecom,,yes,data_center,,,,,,82.960441,55.073731
WORLD,way,54054377,,,,data_center,,Aargauerstrasse,Zürich,CH,,,8.499651,47.392958
WORLD,way,54119665,Csquare SFO2,Csquare,SFO2,yes,data_center,Old Ironsides Drive,Santa Clara,,,,-121.980963,37.397572
WORLD,way,54119667,Csquare SFO2,Csquare,SFO2,yes,data_center,Old Ironsides Drive,Santa Clara,,,,-121.981156,37.398638
WORLD,way,54121151,QTS Santa Clara 1,Quality Technology Services,,yes,data_center,Mission College Boulevard,Santa Clara,,,https://qtsdatacenters.com/data-centers/santa-clara/,-121.978321,37.393986
WORLD,way,54173383,CoreSite SV3,CoreSite,SV3,commercial,data_center,Coronado Drive,Santa Clara,,,,-121.971714,37.375158
WORLD,way,54173753,CoreSite SV6,CoreSite,SV6,yes,data_center,,,,,,-121.972084,37.376302
WORLD,way,54173755,CoreSite SV8,CoreSite,SV8,yes,data_center,,,,,,-121.97184,37.377383
WORLD,way,54244323,DARZ - Darmstädter Rechenzentrum,,,office,data_center,,,,5,https://da-rz.de/de/,8.642682,49.876894
WORLD,way,54383196,CoreSite SV5,CoreSite,SV5,commercial,data_center,,,,,,-121.970689,37.375196
WORLD,way,54383197,CoreSite SV9,CoreSite,SV9,commercial,data_center,,,,,,-121.969605,37.375555
WORLD,way,54821769,,,,industrial,data_center,Im Spähenfelde,Dortmund,DE,,,7.488183,51.520458
WORLD,way,55462937,Edgeconnex Toronto,EdgeConneX,,yes,data_center,Gordon Baker Road,North York,,,,-79.342588,43.809286
WORLD,way,55873731,Redcentric Byfleet,Redcentric,,yes,data_center,,,,,,-0.479947,51.347565
WORLD,way,56245264,,Мегафон,,data_center,,Толмачёвская улица,,,1,,82.82898,54.958742
WORLD,way,56863431,Digital Realty Toronto YYZ10,,YYZ10,yes,data_center,Gough Road,Markham,,,https://www.digitalrealty.co.uk/data-centers/americas/toronto/yyz10,-79.323474,43.838316
WORLD,way,57852902,,,AM1,data_center,,,Amsterdam,,,,4.942931,52.299959
WORLD,way,57853387,,,,data_center,,,,,,,4.939281,52.303832
WORLD,way,57853463,,,AM2,data_center,,,Amsterdam,,,,4.942457,52.300563
WORLD,way,57864798,,,,data_center,,,,,,,4.851097,52.396324
WORLD,way,57865369,,,,data_center,,Gyroscoopweg,Amsterdam,,,,4.838685,52.396654
WORLD,way,57866665,,,,data_center,,Gyroscoopweg,Amsterdam,,,,4.839006,52.397041
WORLD,way,57977045,nLighten Leeds,nLighten,LBA1,yes,data_center,,,,,https://www.nlighten.com/en/edge-location/leeds/,-1.397674,53.699316
WORLD,way,58361249,Urbacon Data Centre,,,industrial,data_center,,,,,,-79.620904,43.740701
WORLD,way,58495009,,Bouygues Télécom,,yes,data_center,,,,,,7.769247,48.633604
WORLD,way,58708529,QTS Santa Clara 2,Quality Technology Services,,yes,data_center,Mission College Boulevard,,,,https://qtsdatacenters.com/data-centers/santa-clara/,-121.978428,37.392731
WORLD,way,59191365,Lunar 1&2,Lunar Digital,,commercial,data_center,Archway,Manchester,,,,-2.247531,53.464492
WORLD,way,59203756,,Telia,,yes,data_center,Parko g.,Vilnius,,,,25.417512,54.687021
WORLD,way,59244466,Compass,Compass,,industrial,data_center,Fema Crescent,,,,,-79.528969,43.601622
WORLD,way,59294476,STACK NVA01A - Northern Virginia,Stack Infrastructure,NVA01A,data_center,data_center,,,,,https://www.stackinfra.com/locations/northern-virginia/?data_center=nva01a,-77.44174,39.004693
WORLD,way,59540985,Netcetera,,,data_center,data_center,,Ballasalla,IM,,https://netcetera.uk/,-4.629736,54.089916
WORLD,way,59541005,Domicilium,Domicilium,,data_center,data_center,,Ballasalla,IM,,https://www.domicilium.com/,-4.641019,54.087223
WORLD,way,59807454,Iron Mountain,Iron Mountain,,yes,data_center,Sheppard Street,,,,https://www.ironmountain.com/en-au,149.170102,-35.387632
WORLD,way,59807473,CDC Hume Datacentre 2,CDC,H2,yes,data_center,Sheppard Street,,,,https://cdcdc.com.au/hume-campus-one/,149.167866,-35.38902
WORLD,way,59973122,Equinix Milan ML3,Equinix,,yes,data_center,,,,,,9.147332,45.354057
WORLD,way,61091773,,Fingerprint Technologies,,yes,data_center,,,,,,5.086362,45.048619
WORLD,way,61123230,Edinburgh SC-2,Pulsant,SC-2,data_center,data_center,Bankhead Medway,Edinburgh,,,https://www.pulsant.com/colocation-medway-datacentre,-3.296223,55.925724
WORLD,way,61995368,NTT Hemel Hempstead 2,NTT,,data_center,data_center,Maylands Avenue,Hemel Hempstead,,,,-0.442784,51.764728
WORLD,way,62340941,Orange Lyon Lumière - Centrale,,,office,data_center,,,,6,,4.863721,45.755101
WORLD,way,62777045,Datacenter Société Generale,Société Generale,,yes,data_center,,,,,,2.498746,48.646336
WORLD,way,62840519,O2Switch DC2,O2Switch,,industrial,data_center,Rue des Sauzes,,,,,3.134739,45.756636
WORLD,way,63259490,Datacenter Groupe Casino,Groupe Casino,,office,data_center,,,,,,4.40043,45.440615
WORLD,way,63619642,Minnesota Gateway Data Center,,,yes,data_center,11th Avenue South,Minneapolis,,,,-93.254697,44.971288
WORLD,way,63868212,,Bouygues Télécom,,yes,data_center,,,,,,7.147171,43.655072
WORLD,way,63979423,Interxion PAR3,Digital Realty,,data_center,data_center,Avenue des Arts et Métiers,Saint-Denis,,,,2.36239,48.914728
WORLD,way,63983065,Pulsant Reading East,Pulsant,,data_center,data_center,Suttons Park Avenue,Reading,,,,-0.941415,51.456928
WORLD,way,63983178,Interxion PAR5,Digital Realty,,data_center,data_center,Avenue des Arts et Métiers,Saint-Denis,,,,2.362375,48.914184
WORLD,way,63996094,Datacenter Vega,Natixis,VEGA,data_center,data_center,,,,,,2.804027,48.844726
WORLD,way,64108260,ETIX Toulouse #1,ETIX,,service,data_center,,,,,,1.487166,43.62534
WORLD,way,64201452,,,,yes,data_center,,,,,,1.0973,49.438152
WORLD,way,65043676,Cogent Rouen,Cogent,,service,data_center,,,,,,1.075968,49.429073
WORLD,way,65551099,Sartera,Sartel,,data_center,data_center,,,,,https://sartel.fr/sartera,0.228472,47.996776
WORLD,way,66670655,Datacenter IBO,IBO,,yes,data_center,,,,,,3.130834,45.784101
WORLD,way,66911687,Datacenter IBM,IBM,,yes,data_center,Rue de Chantemerle,,,1,,3.142387,45.807719
WORLD,way,67138292,Rogers Data Center,,,service,data_center,Cochrane Drive,,,,,-79.364859,43.844291
WORLD,way,67138303,Equinix Markham TR5,Equinix,TR5,yes,data_center,,,,,,-79.333177,43.846849
WORLD,way,67893730,Hôtel des Telecoms,,,office,data_center,Rue du Village d'Entreprises,Labège,,2,,1.509726,43.542672
WORLD,way,68167898,Sota Datacentre,Sota,,data_center,data_center,,,,,,0.726175,51.313839
WORLD,way,68337029,Eir Data Centre,Eir,,data_center,data_center,,,,,https://www.eirevo.ie/,-6.216808,53.400094
WORLD,way,68337058,Verizon Data Centre,Verizon,,industrial,data_center,,,,,,-6.222629,53.407345
WORLD,way,68337079,Vodafone Data Centre,Vodafone,,data_center,data_center,Willsborough Industrial Estate,,,,https://www.vodafone.ie/,-6.222544,53.407881
WORLD,way,68337136,Amazon Web Services,Amazon Web Services,,data_center,data_center,,,,,,-6.225916,53.405982
WORLD,way,68937644,Marseille Nedelec,Orange,,,data_center,,,,3,,5.377224,43.302927
WORLD,way,68940404,Digital Realty MRS1,Digital Realty,MRS1,data_center,data_center,,,,3,https://www.digitalrealty.com/data-centers/emea/marseille/mrs1,5.373913,43.311016
WORLD,way,68947782,Marseille St-Mauront,Orange,,office,data_center,,,,,,5.374045,43.315149
WORLD,way,68996550,Cork Internet Exchange (CIX),Cork Internet Exchange (CIX),,data_center,data_center,,Cork,,2,https://www.cloudcix.com/,-8.512474,51.903627
WORLD,way,69380828,,Bouygues Télécom,,yes,data_center,,,,,,0.7033,47.436324
WORLD,way,69382833,Groupe ADISTA,ADISTA,,data_center,data_center,Rue de Suède,Tours,,,,0.695418,47.436023
WORLD,way,69428487,,Bouygues Télécom,,yes,data_center,,,,,,1.035146,49.381819
WORLD,way,69633445,Free Pro - Datacenter Marseille (MAR02),Free Pro (Ex. Jaguar Network - DCForData),MAR02,data_center,data_center,,,,,,5.337931,43.361203
WORLD,way,70206291,Datacenter Bouygues Télécom,Bouygues Télécom,,yes,data_center,,,,,,2.241927,48.776999
WORLD,way,70207931,Datacenter Bouygues Télécom,Bouygues Télécom,,yes,data_center,,,,,,2.241944,48.776735
WORLD,way,70456520,Datacenter Bouygues Télécom,Bouygues Télécom,,yes,data_center,,,,,,2.227568,48.769207
WORLD,way,70521778,Asanti - Reading,Asanti,,data_center,data_center,Basingstoke Road,Reading,,,,-0.97164,51.425627
WORLD,way,70659008,Rostelecom Ekaterinburg,Rostelecom,,yes,data_center,проспект Космонавтов,Екатеринбург,,,,60.610052,56.925235
WORLD,way,70894641,,,,yes,data_center,,,,,,5.740756,45.155331
WORLD,way,71054828,WEDOS DC 1 Masarykova,,,office,data_center,,,,,,14.434692,49.052423
WORLD,way,71187940,,Verizon Wireless,DTRT.PP2,yes,data_center,Bagley Street,Detroit,,,,-83.076977,42.326288
WORLD,way,72016873,Equinix,Equinix,HH1,data_center,data_center,Vierenkamp,Hamburg,,,,9.975203,53.64453
WORLD,way,72995274,Orange - Aubervilliers,Orange,,data_center,data_center,,,,,,2.394633,48.909318
WORLD,way,72996440,Digital Realty Paris PAR5,Digital Realty,PAR5,data_center,data_center,Rue du Sel,Aubervilliers,,,,2.371047,48.904265
WORLD,way,72996473,Datacenter Completel,Completel,,service,data_center,,,,,,2.395234,48.910148
WORLD,way,73003053,Datacenter Atos,Atos,,yes,data_center,,,,,,2.397167,48.909537
WORLD,way,73005029,Datacenter Atos,Atos,,yes,data_center,,,,,,2.396911,48.909166
WORLD,way,73005728,Interxion PAR2 - Bâtiment 501,Digital Realty,,industrial,data_center,Rue des Gardinoux,Aubervilliers,,,,2.369539,48.907206
WORLD,way,73007043,Equinix PA5,Equinix,PA5,data_center,data_center,Rue du Mimosa,Aubervilliers,,,https://www.equinix.com/data-centers/europe-colocation/france-colocation/paris-data-centers/pa5,2.369791,48.905293
WORLD,way,73008524,Equinix PA6,Equinix,PA6,data_center,data_center,Rue Waldeck Rochet,,,,https://www.equinix.com/data-centers/europe-colocation/france-colocation/paris-data-centers/pa6,2.36823,48.910188
WORLD,way,73120395,Equinix PA4,Equinix,PA4,data_center,data_center,Bis avenue du General Leclerc,Pantin,,,https://www.equinix.com/data-centers/europe-colocation/france-colocation/paris-data-centers/pa4,2.422028,48.900328
WORLD,way,73131890,SFR,SFR,,yes,data_center,Voie des Clouets,,,,,1.177535,49.253173
WORLD,way,73137489,Datacenter BNP,BNP Paribas,,yes,data_center,,,,,,1.221542,49.265222
WORLD,way,74475616,Global Switch,Global Switch,,data_center,data_center,,,,,,2.295322,48.900185
WORLD,way,74658241,Digital Realty Toronto YYZ11,Digital Realty,YYZ11,industrial,data_center,Century Place,,,,https://www.digitalrealty.co.uk/data-centers/americas/toronto/yyz11,-79.540643,43.778949
WORLD,way,74662577,Telekom-Tower,A1 / Telekom Austria,,skyscraper,data_center,Ägydigasse,Graz,AT,15,,15.430343,47.066252
WORLD,way,74704589,Oscar,Air France,,yes,data_center,,,,,,1.370482,43.593422
WORLD,way,75757106,Zayo Montpellier,Zayo,,warehouse,data_center,,,,,,3.871956,43.584662
WORLD,way,75758209,,SFR,,yes,data_center,,,,,,3.870707,43.583151
WORLD,way,75759038,Cogent Montpellier,Cogent,,service,data_center,,,,,,3.862654,43.600915
WORLD,way,76181813,,,,yes,data_center,,,,,,3.909096,43.619288
WORLD,way,76296417,Cogent Toulouse,Cogent,,service,data_center,,,,,,1.422554,43.620328
WORLD,way,76322800,,Bouygues Télécom,,yes,data_center,,,,,,1.474935,43.634364
WORLD,way,76329433,ETIX Toulouse #2,ETIX,,service,data_center,Chemin du Sang de Serp,Toulouse,,,,1.421353,43.619888
WORLD,way,76727775,OPCORE DC1,OPCORE,,industrial,data_center,,,,,,2.223665,48.925384
WORLD,way,76884301,,,,commercial,data_center,Troppauer Straße,,,,,10.431754,51.929857
WORLD,way,77626243,Canberra 1,NextDC,C1,yes,data_center,Battye Street,,,,https://www.nextdc.com/data-centres/canberra-data-centres/c1-canberra,149.096239,-35.245322
WORLD,way,79056848,,University of New Hampshire,,commercial,data_center,Leavitt Lane,,US,,,-70.952447,43.14362
WORLD,way,79145624,Colt Paris 3,Colt,,data_center,data_center,Avenue du Cap Horn,Les Ulis,,,,2.197167,48.674745
WORLD,way,79158387,VA3,Digital Realty,VA3,data_center,data_center,Business Center Drive,Reston,,5,,-77.327307,38.948494
WORLD,way,79159494,IAD1,Evocative,IAD1,yes,data_center,Michael Faraday Court,Reston,,,https://evocative.com/data-centers/reston-va-data-center-iad1/,-77.329414,38.948812
WORLD,way,79191279,Quadrivium QGEN01,Quadrivium Digital,,data_center,data_center,,,,5,,8.982696,44.401262
WORLD,way,79298926,CoreSite Reston Campus VA1,CoreSite,,office,data_center,Sunrise Valley Drive,Reston,US,,,-77.36455,38.950606
WORLD,way,79818498,CoreSite Reston VA3,CoreSite,,yes,data_center,Sunrise Valley Drive,Reston,,,https://www.coresite.com/data-center/va3-reston-va,-77.37243,38.948334
WORLD,way,79891578,,SNCF,,data_center,data_center,,,,,,4.816492,45.724285
WORLD,way,80144821,OVHcloud Roubaix - RBX6,OVHcloud,,industrial,data_center,,,,,,3.199678,50.691711
WORLD,way,80148463,OVHcloud Roubaix - RBX5,OVHcloud,,data_center,data_center,,,,,,3.199326,50.69255
WORLD,way,80150551,OVHcloud Roubaix - RBX2,OVHcloud,,industrial,data_center,,,,,,3.201572,50.691455
WORLD,way,80150630,OVHcloud Roubaix - RBX7,OVHcloud,,yes,data_center,,,,,,3.197939,50.691738
WORLD,way,80158243,Paris St Amand,Orange,,yes,data_center,,,,5,,2.307269,48.835106
WORLD,way,80330028,Comarch Data Center,Comarch ICT,,yes,data_center,,,,,,3.103612,50.614719
WORLD,way,80469752,SFR Netcenter Vénissieux,SFR,,data_center,data_center,,,,,,4.862913,45.722407
WORLD,way,80703263,,Bouygues Télécom,,yes,data_center,,,,,,-1.632189,48.096527
WORLD,way,80871917,Bulk Data Centers Oslo Internet Exchange,,,industrial,data_center,,,,,https://bulkinfrastructure.com/data-centers/locations/os-ix,10.83547,59.938695
WORLD,way,81282298,,Bouygues Télécom,,yes,data_center,,,,,,2.41593,48.916044
WORLD,way,81283176,,Bouygues Télécom,,yes,data_center,,,,,,2.41547,48.916165
WORLD,way,81307623,Equinix GV2,Equinix,GV2,data_center,data_center,,Le Lignon,,,https://www.equinix.com/data-centers/europe-colocation/switzerland-colocation/geneva-data-centers/gv2,6.098156,46.207942
WORLD,way,81617496,Orange Eastview,,,office,data_center,Avenue du Général de Gaulle,Bagnolet,,23,,2.416165,48.863388
WORLD,way,81633700,Rackspace London Slough (LON3),Rackspace,LON3,data_center,data_center,Buckingham Avenue,,,,https://www.rackspace.com/about/data-centers/london-lon3,-0.618973,51.520086
WORLD,way,81633882,Iron Mountain LON-2,Iron Mountain,LON-2,data_center,data_center,Buckingham Avenue,Slough,,,,-0.621565,51.520515
WORLD,way,81708992,,Bouygues Télécom,,yes,data_center,,,,,,3.021997,50.613533
WORLD,way,81727062,Oxya Datacenter,,,yes,data_center,,,,,,3.022294,50.616787
WORLD,way,81750727,Equinix PA7,Equinix,PA7,yes,data_center,Boulevard de Verdun,Courbevoie,,4,https://www.equinix.com/data-centers/europe-colocation/france-colocation/paris-data-centers/pa7,2.259461,48.904988
WORLD,way,81784724,SFR Netcenter Rennes,SFR,,service,data_center,,,,,,-1.613544,48.109895
WORLD,way,82894448,Datacenter IBM - Grabels,IBM,,yes,data_center,Impasse André Magnol,,,,,3.82989,43.642689
WORLD,way,82943291,BT Blue,,,yes,data_center,,,,,https://www.bt-blue.com,-1.40395,48.100667
WORLD,way,83087845,Albiréo,Albiant IT,Saphir,data_center,data_center,Avenue de la Montagne Noire,,,,,2.267889,43.564786
WORLD,way,83651931,,Allianz,,service,data_center,,,,,,1.952494,48.795358
WORLD,way,83795984,Datacenter Colt,Colt,,service,data_center,,,,,,2.302863,48.81585
WORLD,way,83943560,,Bouygues Télécom,,yes,data_center,,,,,,4.945124,45.684189
WORLD,way,83944350,,Bouygues Télécom,,yes,data_center,,,,,,4.945092,45.684499
WORLD,way,84268716,,,,data_center,,,,,,,12.337319,50.478519
WORLD,way,84607738,Euclyde DC5,Euclyde,,yes,data_center,,,,,,4.871535,45.772485
WORLD,way,84699719,,SFR,,yes,data_center,,,,,,-1.560672,47.196666
WORLD,way,84917665,ETIX Nantes #3,ETIX,,service,data_center,,,,,,-1.667616,47.238125
WORLD,way,84942310,Cogent Lille,Cogent,,service,data_center,,,,,,3.090406,50.637671
WORLD,way,85508743,Alphacloud Datacenter,Infrabel NV,,data_center,data_center,Smisstraat,,,,,4.496853,51.018159
WORLD,way,86005985,Avalon 3,Retelit,,data_center,data_center,,,,,https://www.avaloncampus.it/avalon3/,9.12062,45.448137
WORLD,way,86258178,Equinix FR7,Equinix,,commercial,data_center,,,,,,8.643191,50.09735
WORLD,way,86258184,Equinix FR7,Equinix,,commercial,data_center,,,,,,8.644312,50.097419
WORLD,way,86339088,I.T.E.N.O.S. Frankfurt - B,,,industrial,data_center,Rebstöcker Straße,Frankfurt am Main,DE,,,8.631672,50.099626
WORLD,way,86528807,Equinix LD5,Equinix,LD5,data_center,data_center,Buckingham Avenue,Slough,GB,,https://www.equinix.com/data-centers/europe-colocation/united-kingdom-colocation/london-data-centers/ld5,-0.629225,51.522001
WORLD,way,86652477,,servinga GmbH,,yes,data_center,,,,,,8.619898,50.104428
WORLD,way,87058670,,FirstLight,,yes,data_center,Aviation Avenue,Portsmouth,US,,,-70.80804,43.076129
WORLD,way,87367948,ITSMZ,,26,college,data_center,Bürgermeister-Haupt-Straße,Wismar,DE,,https://www.hs-wismar.de/hochschule/einrichtungen/it-service-und-medienzentrum/,11.446746,53.888339
WORLD,way,87682410,,Bouygues Télécom,,yes,data_center,,,,,,0.336344,46.611832
WORLD,way,87850427,,,,yes,data_center,,,,,,-0.262759,52.556204
WORLD,way,87850564,,,,yes,data_center,,,,,,-0.263938,52.55587
WORLD,way,87850741,,,,yes,data_center,,,,,,-0.264072,52.556281
WORLD,way,88239907,Data center,Ikoula Net SAS,,yes,,,,,,,4.034522,49.233679
WORLD,way,88425865,,,,industrial,data_center,,,,,,8.447532,51.883952
WORLD,way,88505134,TAS Group,TAS Group,,office,data_center,,,,,,7.051658,43.626882
WORLD,way,88763366,,Bouygues Telecom,,office,data_center,,,,3,,5.35748,43.48775
WORLD,way,88765054,TDF ProxiCenter Aix Marseille,TDF,,data_center,data_center,Route de la Tour d'Arbois,Aix-en-Provence,,,,5.324373,43.460597
WORLD,way,88875243,,,,data_center,data_center,In der Kron,Frankfurt am Main,,,,8.602599,50.128504
WORLD,way,88875247,NTT,NTT,,data_center,data_center,,,,,,8.601108,50.130126
WORLD,way,88875268,,,,data_center,data_center,Breitlacherstraße,Frankfurt am Main,,,,8.604916,50.127931
WORLD,way,88875270,NTT,NTT,,data_center,data_center,,,,,,8.600363,50.128897
WORLD,way,88875303,NTT,NTT,,data_center,data_center,,,,,,8.60092,50.129549
WORLD,way,88875337,NTT,NTT,,data_center,data_center,,,,,,8.601302,50.128785
WORLD,way,88875362,,,,data_center,data_center,Eschborner Landstraße,Frankfurt am Main,,,,8.59814,50.129128
WORLD,way,89056684,Datacenter Mutualisé Lorrain,CNRS,,data_center,data_center,,,,4,,6.150556,48.655969
WORLD,way,89784186,Insurance Exchange Building,,,commercial,data_center,15th Street,Denver,,8,,-104.995691,39.745572
WORLD,way,90326566,Microsoft Datacenter,Microsoft,,,data_center,,,,,,5.030272,52.777463
WORLD,way,90550466,Restore Records Management,,,yes,data_center,,,,,,-0.16426,51.198908
WORLD,way,91286607,Datacenter IBM,IBM,,yes,data_center,,,,,,3.137759,45.836133
WORLD,way,91288538,Datacenter IBM,IBM,,yes,data_center,,,,,,3.137801,45.836394
WORLD,way,91290220,DC Free,Illiad,,service,data_center,,,,,,3.137036,45.833225
WORLD,way,93062990,,Polkomtel,,office,data_center,Puławska,Warszawa,,3,,21.015707,52.119348
WORLD,way,93210344,Lincoln Rackhouse Maryland,Lincoln Rackhouse,,yes,data_center,Prosperity Drive,Silver Spring,,,https://rackhouse.com/portfolio/maryland-data-center/,-76.964467,39.058608
WORLD,way,93845197,Redcentric Reading,Redcentric,,commercial,data_center,Worton Drive,Reading,GB,2,https://redcentricdatacentres.co.uk/data-centres/reading-data-centre/,-0.975228,51.420679
WORLD,way,93984382,Pulsant Reading SL3,,,data_center,data_center,Smallmead Road,Reading,,2,,-0.978735,51.427423
WORLD,way,94396838,Keppel Data Centres (Vodafone) - London,Vodafone,,data_center,data_center,Longshot Lane,Bracknell,,,,-0.772372,51.416488
WORLD,way,94462720,Actis Data Center,Actis,,,data_center,Avenida Presidente Prieto,,,,https://www.act.is,-70.748865,-33.812057
WORLD,way,95349317,CyrusOne Cincinnati-Lebanon,,,yes,data_center,,,,,,-84.221853,39.38897
WORLD,way,95431893,,Bouygues Télécom,,yes,data_center,,,,,,3.995071,49.270291
WORLD,way,95770024,Rogers Calgary Data Centre 2,,Calgary_DC2,yes,data_center,10 Avenue SW,Calgary,,,,-114.09216,51.04387
WORLD,way,95782052,Equinix NY7 Data Center,Equinix,NY7,yes,data_center,West Side Avenue,North Bergen,,,https://www.equinix.com/data-centers/americas-colocation/united-states-colocation/new-york-data-centers/ny7,-74.03114,40.796863
WORLD,way,96173979,Pulsant,,,yes,data_center,,Reading,GB,,https://www.pulsant.com/,-0.975899,51.444881
WORLD,way,96258618,Equinix Data Center HE6,Equinix,HE6,yes,data_center,Sinimäentie,Espoo,,,https://www.equinix.com/data-centers/europe-colocation/finland-colocation/helsinki-data-centers/he6,24.778531,60.203124
WORLD,way,97768560,Interoute Marseille,Interoute,,service,data_center,,,,,,5.367847,43.342793
WORLD,way,97770086,Verizon Marseille,Verizon,,data_center,data_center,,,,,,5.366732,43.339276
WORLD,way,98134606,Colt London North Data Centre,Colt,,yes,data_center,Black Fan Road,Welwyn Garden City,,,https://www.coltdatacentres.net/en-GB/our-locations/data-centre-locations-europe/london-north,-0.183556,51.799948
WORLD,way,98627758,Edificio de Operaciones,,,yes,data_center,,,,,,-85.652585,10.648338
WORLD,way,98916098,Equinix FR8.1,Equinix,,yes,data_center,Lärchenstraße,Frankfurt am Main,DE,,https://www.equinix.de/data-centers/europe-colocation/germany-colocation/frankfurt-data-centers/fr8,8.585937,50.098523
WORLD,way,99813512,Equinix SV4,Equinix,SV4,data_center,data_center,Caspian Drive,Sunnyvale,,,https://www.equinix.com/data-centers/americas-colocation/united-states-colocation/silicon-valley-data-centers/sv4,-122.014556,37.414511
WORLD,way,99861735,Verizon - Bloomington Network,Verizon,,yes,data_center,Bush Lake Road,Bloomington,,,,-93.375385,44.807211
WORLD,way,100109132,DigiCo SYD1,DigiCo,SYD1,data_center,data_center,Harris Street,,,6,https://www.digi-co.com.au/location/sydney-syd1/,151.197698,-33.875602
WORLD,way,100299967,Stellanor London East,Stellanor Data Centers,,data_center,data_center,Braham Street,London,,6,https://www.stellanordatacenters.com/our-data-centers/london-east/,-0.072474,51.513946
WORLD,way,101166171,Datacenter des Douanes,Direction des douanes,,yes,data_center,,,,,,2.066814,49.054156
WORLD,way,102129663,H5 Data Centers San Antonio,H5 Data Centers,,yes,data_center,Taylor Street,San Antonio,,,https://h5datacenters.com/san-antonio-data-center.html,-98.486906,29.429371
WORLD,way,102446449,OPCORE DC6-2,OPCORE,,data_center,,,,,,,2.12014,49.030152
WORLD,way,102449117,OPCORE DC5,OPCORE,,industrial,data_center,,,,,,2.137898,49.053765
WORLD,way,102453250,OPCORE DC6-5,OPCORE,,data_center,,,,,,,2.126054,49.026492
WORLD,way,102453433,OPCORE DC6-6,OPCORE,,data_center,,,,,,,2.125192,49.028736
WORLD,way,102465235,OPCORE DC6-3,OPCORE,,data_center,,,,,,,2.123852,49.028937
WORLD,way,102467679,OPCORE DC6-6,OPCORE,,data_center,,,,,,,2.126578,49.028015
WORLD,way,103166277,,Magyar Telekom,Budaörs DC,data_center,data_center,,,,,,18.972782,47.44207
WORLD,way,103363234,Marysville Place,,,office,data_center,McGloin Street,,,2.5,,-66.58879,45.978243
WORLD,way,103443262,Visual Online,,,yes,data_center,Rue Goell,Contern,LU,,,6.223383,49.595066
WORLD,way,103482135,Datum Datacentres (MCR2),,,yes,data_center,,,,,,-2.258518,53.378636
WORLD,way,103522199,Green Datacenter Zurich City (Schlieren),Green Datacenter AG,,data_center,,Unterrohrstrasse,,,,,8.437894,47.403602
WORLD,way,103670545,Datacenter France Travail,France Travail,,yes,data_center,,,,,,3.909278,43.626267
WORLD,way,103765318,RBS Melville Gate Data Centre,Natwest Group,,data_center,data_center,,,,,,-3.086616,55.894298
WORLD,way,104082694,Aureon,,,office,data_center,10th Street,Des Moines,,2,,-93.631014,41.587993
WORLD,way,104544854,Salle Serveurs CCCM,,,yes,data_center,,,,,,6.396586,45.255279
WORLD,way,105283862,"Rechenzentrum PFALZKOM, DCRN I",Pfalzkom GmbH,,commercial,data_center,An der Fohlenweide,Mutterstadt,DE,2,,8.359395,49.426375
WORLD,way,105462159,Selectel Berzarina,Selectel,Berzarina,yes,data_center,улица Берзарина,Москва,,4,https://selectel.ru/about/data-centers,37.467023,55.791073
WORLD,way,105594096,Selectel,,,data_center,data_center,Цветочная улица,,,5,https://Selectel.ru,30.329131,59.887225
WORLD,way,105708693,,,,yes,data_center,,,,,,2.492642,48.856633
WORLD,way,106054206,Google Data Center,Google,,,data_center,,,,,https://www.google.com/about/datacenters/locations/st-ghislain/,3.864462,50.467671
WORLD,way,107293499,Data Center,Sabey Data Centers,,yes,data_center,,,,,,13.223851,52.62649
WORLD,way,107293512,,Sabey Data Centers,,yes,data_center,,,,,,13.223948,52.627452
WORLD,way,111627511,Euregiocenter,,,yes,data_center,Im Süsterfeld,Aachen,DE,,,6.056784,50.790174
WORLD,way,113167016,Datacenter IBM,IBM,,yes,data_center,Rue Graham Bell,,,,,2.692928,48.832579
WORLD,way,113172925,BNP Paribas Centre de Traitement Informatique (CTI) Marne Nord,BNP Paribas,,yes,data_center,Avenue Gutenberg,,,,,2.729466,48.830276
WORLD,way,113174337,Euroclear,Euroclear,,yes,data_center,,,,,,2.729733,48.832047
WORLD,way,113457880,Datacenter Sirius,Natixis,,yes,data_center,,,,,,2.553373,48.621372
WORLD,way,113714402,Datacenter Bouygues Télécom,Bouygues Telecom,,yes,data_center,,,,,,2.035772,48.794441
WORLD,way,114126239,Inexio,,,commercial,data_center,,,,,,6.754363,49.318723
WORLD,way,114275928,,,,yes,data_center,Коровинское шоссе,Москва,RU,,,37.514603,55.885466
WORLD,way,115238481,Telstra London Hosting Centre,Telstra International,,data_center,data_center,Greenwich View Place,London,,,,-0.018876,51.494542
WORLD,way,115238482,London Stock Exchange datacenter,,,data_center,data_center,Greenwich View Place,London,,,,-0.018308,51.495929
WORLD,way,115416148,BNP Paribas Marne Sud,BNP Paribas,,data_center,data_center,,,,,,2.642485,48.817211
WORLD,way,115424116,Datacenter Oxya,Oxya,,yes,data_center,,,,,,2.587334,48.829258
WORLD,way,115774245,,,,data_center,,,,,2,,11.638059,52.148947
WORLD,way,115774259,,,,data_center,,,,,5,,11.637336,52.148857
WORLD,way,116005354,,,,data_center,data_center,,,,,,-81.262575,35.588108
WORLD,way,116113997,Sungard AS IT,Sungard AS,,yes,data_center,,,,,,2.641013,48.837167
WORLD,way,116116518,Euclyde DC6,Euclyde,,yes,data_center,,,,,,2.630633,48.839208
WORLD,way,116118031,Sungard AS IT,Sungard AS,,yes,data_center,,,,,,2.641908,48.836979
WORLD,way,116118217,,nLighten France,,data_center,data_center,,,,,,2.628624,48.83977
WORLD,way,116137046,Datacenter Banque de France,Banque de France,,service,data_center,,,,,,2.624573,48.841393
WORLD,way,116195927,Datacenter Banque de France,Banque de France,,data_center,data_center,,,,,,2.787879,48.839061
WORLD,way,117845346,Datacenter,SOCIETE TECHNOLOGIE EXPLOITATION INFORMATIQUE,,service,data_center,Avenue Joseph Kessel,,,,,2.057093,48.76548
WORLD,way,117986093,NextDC A1,NextDC,,commercial,data_center,Frome Street,,,6,,138.607858,-34.925693
WORLD,way,118650988,,"Patmos Hosting, Inc.",,yes,data_center,McGee Street,Kansas City,,8,,-94.579442,39.094468
WORLD,way,118952238,Boreus Rechenzentrum GmbH,,,data_center,data_center,Zur Schwedenschanze,Stralsund,DE,3,https://www.boreus.de/,13.069058,54.336887
WORLD,way,120350699,,Euroclear,,yes,data_center,,,,,,2.536773,48.838905
WORLD,way,120840863,,,,yes,data_center,,,,4,,106.826776,-6.234564
WORLD,way,121785235,,Unix-Solutions BV,,data_center,data_center,Hoge Wei,,,,https://datacenters.unix-solutions.be/zaventem,4.499385,50.875341
WORLD,way,122152206,Cyber Tower,,,yes,data_center,,,,11,,106.823502,-6.237877
WORLD,way,122665255,Digital Realty New York HVN10,Digital Realty,HVN10,yes,data_center,Merritt Boulevard,Trumbull,,,https://www.digitalrealty.com/data-centers/americas/new-york/hvn10,-73.147267,41.240731
WORLD,way,122666857,NTT,NTT,,office,data_center,,,,5,,130.557668,31.587103
WORLD,way,124088810,Lincoln Rackhouse,,,yes,data_center,,,,,,-88.217082,41.772103
WORLD,way,124592519,Datacenter ArteOne,Artefact,,yes,data_center,,,,,,1.509194,45.157604
WORLD,way,125557451,Datacenter IBM,IBM,,yes,data_center,Rue de Lorival,Seclin,,,,3.030758,50.565194
WORLD,way,125563590,Worldline Dassault,Worldline,,yes,data_center,,,,,,3.040285,50.566913
WORLD,way,126029978,Cogent Dijon,Cogent,,service,data_center,,,,,,5.03047,47.308827
WORLD,way,126666046,SM4,Euro Information,,yes,data_center,,,,,,3.017136,50.677626
WORLD,way,126667399,SM3,Euro Information,,yes,data_center,,,,,,3.016791,50.678406
WORLD,way,127931842,DC Chodov,O2 Czech Republic a.s.,,commercial,data_center,,,,3,,14.503452,50.02522
WORLD,way,128487593,IBM Horsham,IBM,,yes,data_center,,,,,,-0.350469,51.021557
WORLD,way,128499684,Digital Realty CH1,Digital Realty,CH1,data_center,data_center,Busse Road,Elk Grove Village,,3,https://www.digitalrealty.com/data-centers/americas/chicago/ch1,-87.961954,41.99425
WORLD,way,128632388,Extension centre de calcul IN2P3,IN2P3,,university,data_center,,,,,,4.866069,45.782686
WORLD,way,128851542,EBRC Resilience Centre Luxembourg West,,,yes,data_center,Rue Pierre Flammang,Windhof,LU,,https://www.ebrc.com/,5.957928,49.648655
WORLD,way,129565687,,Bouygues Télécom,,yes,data_center,,,,,,-1.549702,47.275965
WORLD,way,129730212,Cologix TOR4,,TOR4,yes,data_center,Clegg Road,Markham,,5,https://cologix.com/data-centers/toronto/tor4/,-79.342653,43.850741
WORLD,way,129823651,VocaLink,,,yes,data_center,Cardale Park,Harrogate,,,,-1.569003,53.975814
WORLD,way,129919027,,GasLINE,,data_center,data_center,,,,,,7.781564,50.446693
WORLD,way,129919031,Dernbach 2,GasLINE,,data_center,data_center,,,,,,7.780976,50.446745
WORLD,way,129919032,,GasLINE,,data_center,data_center,,,,,,7.780814,50.446657
WORLD,way,129919033,Dernbach 3,GasLINE,,data_center,data_center,,,,,,7.781175,50.446892
WORLD,way,129919034,,GasLINE,,data_center,data_center,,,,,,7.781173,50.446681
WORLD,way,130064180,Dernbach 1,GasLINE,,data_center,data_center,,,,,,7.784925,50.445781
WORLD,way,130064188,Dernbach 1,GasLINE,,data_center,data_center,,,,,,7.784915,50.445927
WORLD,way,130064190,Dernbach 1,GasLINE,,data_center,data_center,,,,,,7.784918,50.445864
WORLD,way,130810461,Datacenter Groupama,Groupama,,yes,data_center,,,,,,2.356853,47.05988
WORLD,way,131474700,Ark Data Centres Meridian Park,Ark Data Centres,,yes,data_center,Ardra Road,London,,,,-0.04146,51.619525
WORLD,way,131874718,H5 Minneapolis,H5,,yes,data_center,Energy Park Drive,Saint Paul,,,https://h5datacenters.com/minneapolis-data-center.html,-93.147473,44.972195
WORLD,way,131891022,Iron Mountain Records Storage,Iron Mountain,,yes,data_center,South 18th Place,Phoenix,,,,-112.041326,33.42038
WORLD,way,132394561,Interactive 2 Data Centre,Interactive,,yes,data_center,Williamstown Road,,,,https://www.interactive.com.au/services/data-centres/locations/melbourne/,144.935513,-37.832457
WORLD,way,132394564,Interactive 2 Data Centre,Interactive,,yes,data_center,Williamstown Road,,,,https://www.interactive.com.au/services/data-centres/locations/melbourne/,144.934783,-37.832614
WORLD,way,132582436,Datacenter Bouygues Télécom,Bouygues Telecom,,yes,data_center,,,,,,2.043594,48.973248
WORLD,way,132746406,Equinix SV8,Equinix,SV8,data_center,data_center,Bryant Street,Palo Alto,,,https://www.equinix.com/data-centers/americas-colocation/united-states-colocation/silicon-valley-data-centers/sv8,-122.160786,37.445895
WORLD,way,133732266,,,,yes,data_center,Kupittaankatu,Turku,,,,22.257402,60.436554
WORLD,way,133868759,iomart Glasgow Data Centre,iomart,,data_center,data_center,Middlesex Street,,,,https://www.iomart.com/uk-data-centres/glasgow-data-centre,-4.283549,55.851135
WORLD,way,134684836,,SFR,,yes,data_center,,,,,,-1.634906,47.224287
WORLD,way,134712676,名氣通香港2號數據中心 TGT Hong Kong Data Centre 2,,,,data_center,駿昌街 Chun Cheong Street,,,,,114.274606,22.286716
WORLD,way,134874582,,,,data_center,,,,,,,12.622179,55.668093
WORLD,way,134884282,CNAF Sophia-Antipolis,CNAF,,yes,data_center,,,,,,7.038872,43.623347
WORLD,way,134915217,Tata Communications Highbridge Datacentre,Tata Communications,,data_center,data_center,,,,,,-2.963158,51.227526
WORLD,way,135187067,HKCOLO,,,,data_center,駿日街 Chun Yat Street,,,,,114.274595,22.290643
WORLD,way,135461168,Albiréo,Albiant IT,Topaze,data_center,data_center,,,,,,2.274706,43.554101
WORLD,way,136839517,Telecom HUB,,,yes,data_center,,,,,,179.193425,-8.525601
WORLD,way,137139149,Greenfield,Crédit Agricole,,yes,data_center,,,,,,1.438206,48.450919
WORLD,way,137239340,Webaxys,,,yes,data_center,,,,,https://www.webaxys.fr/,0.350572,49.518415
WORLD,way,137405897,,,,service,data_center,,,,,,15.887488,45.817951
WORLD,way,137626386,TYO3 Tokyo Data Center,Digital Edge,TYO3,yes,data_center,,,,,https://www.digitaledgedc.com/products-services/data-centers/japan/#TYO3,139.705759,35.69784
WORLD,way,138260136,NCSA Petascale Computing Facility,,,data_center,data_center,South Oak Street,Champaign,,,,-88.242031,40.095259
WORLD,way,138643160,LexisNexus Springfield,,,yes,data_center,Benjamin Drive,Springfield,,,https://www.lexisnexis.com/pdf/Litigation/MTS_Springfield_Data_Center.pdf,-83.723664,39.912797
WORLD,way,138943505,Datacenter Orange,Orange,,industrial,data_center,,,,5,,2.218598,48.786577
WORLD,way,139560714,OPCORE DC2,OPCORE,,yes,data_center,Rue Edith Cavell,Vitry-sur-Seine,,,,2.411818,48.79475
WORLD,way,139560858,OPCORE DC3,OPCORE,,industrial,data_center,,,,,,2.379269,48.77477
WORLD,way,139586790,Datacenter Oostkamp,Data Center United,DCO,yes,data_center,Zwartegatstraat,Oostkamp,,,https://datacenterunited.com/datacenters/datacenter-oostkamp-bruges,3.236175,51.166658
WORLD,way,139630697,net.DE AG,,,commercial,data_center,Büttnerstraße,Hannover,DE,,,9.727843,52.408813
WORLD,way,139706219,Interoute Bordeaux,Interoute,,yes,data_center,,,,,,-0.537427,44.78098
WORLD,way,140910921,Lumen,Lumen Technologies,,yes,data_center,,,,,,2.519291,48.982367
WORLD,way,142366497,CE Colo,CE Colo Czech s.r.o.,,commercial,data_center,Nad Elektrárnou,Praha 10,,,https://www.cecolo.com/,14.48295,50.06015
WORLD,way,143759902,Google Data Center GBL1,Google,GBL1,industrial,data_center,,,,,,3.865393,50.469213
WORLD,way,145174882,Equinix FR5,Equinix,,commercial,data_center,Kleyerstraße,Frankfurt am Main,DE,5,,8.632103,50.098801
WORLD,way,145174885,,,,office,data_center,Rebstöcker Straße,Frankfurt am Main,DE,7,,8.632728,50.099107
WORLD,way,145174886,I.T.E.N.O.S. Frankfurt - C,,,office,data_center,Rebstöcker Straße,Frankfurt am Main,DE,6,,8.63215,50.099414
WORLD,way,145174932,,,,commercial,data_center,,,,,,8.631354,50.09931
WORLD,way,146090469,DATA4 Paris Marcoussis PAR2,Data4,,yes,data_center,,,,,,2.208323,48.664295
WORLD,way,146091115,,data4,DC01,data_center,data_center,,,,,,2.224952,48.650322
WORLD,way,146091133,,data4,DC04,data_center,data_center,,,,,,2.226074,48.650395
WORLD,way,146091136,,data4,DC03,data_center,data_center,,,,,,2.225914,48.649163
WORLD,way,146091140,,data4,DC02,data_center,data_center,,,,,,2.225043,48.64962
WORLD,way,146194151,S10,,,university,data_center,,,,2,,3.712263,51.02373
WORLD,way,146664358,Equinix LS1,Equinix,LS1,data_center,data_center,Avenida Severiano Falcão,Prior Velho,,3,https://www.equinix.com/data-centers/europe-colocation/portugal-colocation/lisbon-data-centers/ls1,-9.123328,38.78791
WORLD,way,147532741,Lloyds Banking Group Copley,,,yes,data_center,,,,,,-1.884448,53.708433
WORLD,way,147616071,京阪奈データセンター,,,yes,data_center,,,,,,135.766367,34.741481
WORLD,way,147737893,,,,data_center,data_center,,,,,,12.420408,55.693321
WORLD,way,148068768,,,,data_center,,,Łódź,,,,19.507084,51.789526
WORLD,way,148845282,DC Moeskroen,Datacenter United,,industrial,data_center,Rue de l'Abattoir - Slachthuisstraat,,,,https://datacenterunited.com/datacenters/dc-moeskroen,3.228764,50.752178
WORLD,way,149066780,,,,yes,data_center,,,,,,11.359865,44.520342
WORLD,way,149133536,Equinix Tokyo TY11,,,yes,data_center,,,,5,,139.792367,35.639741
WORLD,way,149298432,,SFR,,yes,data_center,,,,,,5.031914,47.295141
WORLD,way,149301089,,Bouygues Télécom,,yes,data_center,,,,,,5.030962,47.294088
WORLD,way,149302427,,Bouygues Télécom,,yes,data_center,,,,,,5.031211,47.293983
WORLD,way,149379943,Digital Realty ORD11,Digital Realty,ORD11,commercial,data_center,South Federal Street,Chicago,,1,,-87.62994,41.874304
WORLD,way,149559197,Rostelecom Nizhny Novgorod,Rostelecom,,yes,data_center,,,,,,43.811576,56.339267
WORLD,way,149559237,Rostelecom Nizhny Novgorod,Rostelecom,,yes,data_center,улица Федосеенко,,,,,43.81103,56.339609
WORLD,way,150278436,O,,,yes,data_center,,,,,,4.383485,50.814796
WORLD,way,150378390,Zayo Velizy,Zayo,,service,data_center,,,,,,2.217041,48.780665
WORLD,way,150382252,DC2SCALE Vélizy Latécoère,dc2scale,DC2,yes,data_center,,,,,,2.209163,48.784257
WORLD,way,150652357,Equinix DU1,Equinix,,industrial,data_center,Albertstraße,Düsseldorf,DE,,https://equinix.de,6.806969,51.219844
WORLD,way,151179323,Lumen,Lumen Technologies,,yes,data_center,East Indian School Road,Phoenix,US,,,-112.070792,33.494309
WORLD,way,151883651,SCB Chaengwattana Building,,,yes,data_center,,,,,,100.510336,13.905934
WORLD,way,152163711,L3Harris Technologies Inc,,,yes,data_center,,,,,,-111.67169,33.305337
WORLD,way,152163722,AZ Labs,,,yes,data_center,,,,,,-111.671722,33.30628
WORLD,way,152449872,Serverfarm CH1,Serverfarm,CH1,office,data_center,South Canal Street,Chicago,,8,https://www.serverfarmllc.com/chicago-data-center/,-87.640141,41.870944
WORLD,way,152579228,Datenstelle der Rentenversicherung,Deutsche Rentenversicherung Bund,,office,data_center,Berner Straße,Würzburg,DE,2,https://dsrv.info,9.956305,49.745932
WORLD,way,153267622,Sungard Availability Services,,,data_center,data_center,,,,,,-3.481286,55.876281
WORLD,way,153973376,La Pointe 1,Worldline,,yes,data_center,Rue de la Pointe,Noyelles-lès-Seclin,,,,3.028383,50.566813
WORLD,way,154149196,SFR Netcenter Bordeaux,SFR,,yes,data_center,Rue du Docteur Gabriel Péri,Bordeaux,,2,,-0.556539,44.888874
WORLD,way,154377787,VAN3,Cologix,,industrial,data_center,Natal Street,,,2,https://cologix.com/data-centers/vancouver/van3/,-123.029666,49.259432
WORLD,way,154430569,Serverfarm LON1 – London Data Center,Serverfarm,,yes,data_center,,,,,https://www.serverfarmllc.com/london-data-center/,-0.454268,51.446663
WORLD,way,155528115,N2,Nabiax,,data_center,,,,,,https://nabiax.com/nuestros-data-centers/espana/julian-camarillo/,-3.629467,40.433468
WORLD,way,155528116,N1,Nabiax,,data_center,,,,,,https://nabiax.com/nuestros-data-centers/espana/julian-camarillo/,-3.629346,40.433218
WORLD,way,155655275,T‑Mobile Polska centrum danych,,,yes,data_center,,,,,,20.024467,50.039402
WORLD,way,155739337,Aligned Energy Data Center,,,commercial,data_center,West Union Hills Drive,Phoenix,US,1,https://aligneddc.com/phoenix/,-112.111159,33.659055
WORLD,way,156266896,Archivo Judicial,,,yes,data_center,,,,,,-84.1661,10.008247
WORLD,way,156468497,,,,data_center,,Boone Boulevard,,,5,,-77.225834,38.913702
WORLD,way,156520409,Lakeside Technology Center,,,office,data_center,East Cermak Road,Chicago,,14,,-87.618272,41.853692
WORLD,way,157178049,Global Switch London East,Global Switch,,data_center,data_center,Nutmeg Lane,London,,11,,-0.003425,51.51094
WORLD,way,157362579,Flexential Phoenix - Deer Valley,Flexential,,commercial,data_center,West Deer Valley Road,Phoenix,US,2,https://www.flexential.com/data-centers/az/phoenix/deer-valley-data-center,-112.09834,33.684677
WORLD,way,159862898,Digital Realty MRS2,Digital Realty,MRS2,data_center,data_center,Chemin du Littoral,Marseille,,,,5.347123,43.338645
WORLD,way,159863825,Digital Realty MRS3,Digital Realty,MRS3,data_center,data_center,,,,,,5.346458,43.338653
WORLD,way,159959672,TierPoint,,TUL,industrial,data_center,East Archer Street North,Tulsa,US,,https://www.tierpoint.com/data-centers/oklahoma/tulsa-archer/,-95.988629,36.15859
WORLD,way,160165248,,SFR,,office,data_center,,,,2,,5.766133,45.186676
WORLD,way,160165252,,SFR,,office,data_center,,,,,,5.766243,45.186977
WORLD,way,160165278,,Bouygues Télécom,,office,data_center,,,,,,5.767186,45.186777
WORLD,way,161126131,Equinix SV5,Equinix,SV5,data_center,data_center,Great Oaks Boulevard,San Jose,,,https://www.equinix.com/data-centers/americas-colocation/united-states-colocation/silicon-valley-data-centers/sv5,-121.781785,37.242072
WORLD,way,162870888,ICT Campus Bettembourg DC 1.2,LuxConnect,,industrial,data_center,Zone d'Activité Économique Wolser F,Bettembourg,LU,,https://www.luxconnect.lu/data-center-co-location-services/ict-campus-bettembourg-dc-12,6.113408,49.505141
WORLD,way,162870889,ICT Campus Bettembourg DC 1.1,LuxConnect,,industrial,data_center,Zone d'Activité Économique Wolser F,Bettembourg,LU,,https://www.luxconnect.lu/data-center-co-location-services/ict-campus-bettembourg-dc-11,6.112273,49.505006
WORLD,way,163948431,Pasha Technology Datacenter,Pasha Technology,,yes,data_center,,,,,,49.833617,40.409521
WORLD,way,164113041,,,,data_center,data_center,,,,,,-4.553586,50.884395
WORLD,way,164243077,,colt,,data_center,data_center,,,,,,-0.079315,51.524268
WORLD,way,164527297,Redcentric London City,Redcentric,,yes,data_center,Clifton Street,London,,5,https://redcentricdatacentres.co.uk/data-centres/london-city-data-centre/,-0.082881,51.522932
WORLD,way,164533894,EURaix,regioIT;synaix,,yes,data_center,Hüttenstraße,Aachen,,,,6.131393,50.777269
WORLD,way,165224274,,,,yes,data_center,,,,,,6.038529,50.777894
WORLD,way,166184193,Vodafone,,,data_center,data_center,Whitehill Way,Swindon,,,,-1.847137,51.55151
WORLD,way,166184208,Nationwide Swindon Technology Centre,Nationwide Building Society,,industrial,data_center,Marshall Road,Swindon,,,,-1.836742,51.572223
WORLD,way,166407577,Joule House,Equinix,MA3,data_center,data_center,Trafford Wharf Road,,,,https://www.equinix.co.uk/locations/europe-colocation/united-kingdom-colocation/manchester-data-centers/ma3/,-2.29342,53.468016
WORLD,way,166431620,"Union Pacific Jack Koraleski Technology, Research & Development Center",Union Pacific Railroad,,industrial,data_center,Sorensen Parkway,Omaha,,,,-96.050348,41.317986
WORLD,way,166476032,EBRC Resilience Centre Luxembourg South,,,yes,data_center,Rue de Noertzange,Kayl,LU,,,6.052177,49.497567
WORLD,way,166679654,ДатаПро,DataPro,I,yes,data_center,Авиамоторная улица,,,5,https://en.datapro.ru/data-centers/datapro-moscow-i,37.721151,55.736249
WORLD,way,168129695,DataBank Pittsburgh PIT2,,,yes,data_center,Summit Park Drive,Pittsburgh,,,https://www.databank.com/data-centers/pittsburgh/summit-park-campus/summit-park/,-80.190166,40.45137
WORLD,way,168520216,Equinix KA1,Equinix,,yes,data_center,Bunker Road,Kamloops,,,https://www.equinix.com/data-centers/americas-colocation/canada-colocation/kamloops-data-centers/ka1,-120.379876,50.675557
WORLD,way,168582094,"ЦОД ""Дубровка-1""",Selectel,,data_center,data_center,Пионерская,,,,,30.932701,59.834392
WORLD,way,168582099,"ЦОД ""Дубровка-2""",Selectel,,data_center,data_center,Пионерская,,,,,30.933825,59.834599
WORLD,way,168961561,Digital Realty FRA1,Digital Realty,FRA1,commercial,data_center,Hanauer Landstraße,Frankfurt am Main,DE,,,8.735671,50.119641
WORLD,way,168961578,,,,data_center,data_center,Hanauer Landstraße,Frankfurt am Main,,,,8.73973,50.121493
WORLD,way,169017126,Digital Realty FRA9,Digital Realty,,commercial,data_center,Weismüllerstraße,Frankfurt am Main,DE,,,8.736903,50.119595
WORLD,way,169170979,Molina Healthcare,Molina Healthcare,MHDC,yes,data_center,Turing Road Southeast,Albuquerque,,1,,-106.618033,34.995452
WORLD,way,169847218,,,,yes,data_center,,,,,,21.228239,48.74078
WORLD,way,172739950,Switch12,Switch,,warehouse,data_center,,,,,,-115.213292,36.061739
WORLD,way,172739953,Switch Las Vegas 7,Switch,,yes,data_center,South Decatur Boulevard,Enterprise,US,,,-115.210197,36.059919
WORLD,way,172856848,Vantage Data Center (FRA1),Vantage Data Centers,,data_center,data_center,Goethering,Offenbach am Main,,,https://vantage-dc.com/data-center-locations/emea/frankfurt-i-germany,8.743833,50.109119
WORLD,way,173161522,Verizon Data Centre,,,commercial,data_center,Pyrmont Bridge Road,,,10,,151.194638,-33.872338
WORLD,way,173170495,CyrusOne FRA1,CyrusOne,,data_center,data_center,Leonhard-Heißwolf-Straße,Frankfurt am Main,,,https://www.cyrusone.com/data-centers/europe/germany/fra1-frankfurt,8.582912,50.128107
WORLD,way,173975695,,,,yes,data_center,,,,5,,8.626995,49.864241
WORLD,way,174242795,EdgeConneX CHI01,EdgeConneX,CHI01,data_center,data_center,Nicholas Boulevard,Elk Grove Village,,,,-87.950769,42.000775
WORLD,way,174906464,Evolink,,,office,data_center,,,,,,23.260007,42.677282
WORLD,way,175354642,西東京データセンター 1号棟,,,,data_center,,,,4,,139.534838,35.717015
WORLD,way,176018511,,,,data_center,,,,,,,12.33624,50.478298
WORLD,way,176018513,,,,data_center,,,,,,,12.335844,50.478074
WORLD,way,176018515,,,,data_center,,,,,,,12.335445,50.477854
WORLD,way,176018516,,,,data_center,,,,,,,12.33663,50.478524
WORLD,way,176647402,Digital Realty FRA8,Digital Realty,,data_center,data_center,Weismüllerstraße,Frankfurt am Main,DE,5,,8.737615,50.119169
WORLD,way,176779630,OVHcloud Roubaix - RBX3,OVHcloud,,data_center,data_center,,,,,,3.199193,50.69289
WORLD,way,178312270,Starwood House,Tesco,,data_center,data_center,,,,,,-0.20686,51.981212
WORLD,way,178331621,,,,yes,data_center,,,,,,-77.411545,39.377778
WORLD,way,179698364,Hertfordshire Data Centre,,,yes,data_center,Mundells,Welwyn Garden City,,,https://www.capitaland-ascendasreit.com/en/our-portfolio/united-kingdom---europe/data-centres.html,-0.186427,51.807896
WORLD,way,180398402,,,,,data_center,,,,,,-46.528315,-23.648194
WORLD,way,180779572,Pulsant South London,Pulsant,,data_center,data_center,Imperial Way,,,,https://www.pulsant.com/solutions/colocation/south-london/,-0.119545,51.353586
WORLD,way,182622783,NTT,NTT,,data_center,data_center,,Hemel Hempstead,,,,-0.434512,51.764228
WORLD,way,182749973,,,,yes,data_center,,,,,,49.41359,-18.153881
WORLD,way,182828550,Data Center Aruba IT1,Aruba s.p.a.,,yes,data_center,,,,,,11.838078,43.459607
WORLD,way,184904319,SAP Building 6 / 16,,,data_center,,SAP-Allee,St. Leon-Rot,,,,8.643284,49.243181
WORLD,way,186515922,,,,yes,data_center,,,,,,-81.547464,35.898327
WORLD,way,186606978,,,,service,data_center,,,,,,174.668136,-36.432744
WORLD,way,187251460,Verizon UK4,Verizon,,data_center,data_center,,,,,,-0.409966,51.459541
WORLD,way,187344929,,Cirion Technologies,ROS1,yes,data_center,,,,,,-60.725297,-32.91041
WORLD,way,188308568,NTT DATA Business Solutions Global Managed Services,NTT,,commercial,data_center,Philipp-Reis-Straße,Bautzen,DE,,https://nttdata-solutions.com/de,14.346429,51.193955
WORLD,way,188467640,Centro de datos Triara Querétaro,Triara,,data_center,data_center,,,,,,-100.39422,20.611517
WORLD,way,189215749,,,,yes,data_center,,,,,,140.11689,35.80733
WORLD,way,190297843,Cable & Wireless Data Centre,Cable & Wireless,,data_center,data_center,,,,2,,-0.009115,51.502005
WORLD,way,190427363,,GRASS-MERKUR GmbH & Co. KG,,data_center,data_center,Rothwiese,Hannover,DE,,https://www.grass-merkur.de,9.863548,52.368458
WORLD,way,190449012,British Telecom Computer Centre,BT,,yes,data_center,,,,,,-0.483102,51.485617
WORLD,way,190845697,WRN Broadcast,,,data_center,data_center,Wyvil Road,,,,,-0.126116,51.481752
WORLD,way,190868312,RagingWire CA3,NTT,CA3,data_center,data_center,National Driveq,Sacramento,,,https://services.global.ntt/en-us/services-and-products/global-data-centers/global-locations/americas/sacramento-data-centers,-121.498763,38.644239
WORLD,way,191603111,RBS Data Centre,NatWest Group,,data_center,data_center,,,,,,-2.901176,55.945162
WORLD,way,191655977,,,,data_center,data_center,,,,,,-95.863822,41.221486
WORLD,way,191691715,,Bouygues Télécom,,yes,data_center,,,,,,-0.529798,44.724328
WORLD,way,191720187,Planet IC,,,data_center,data_center,,,,,https://www.planet-ic.de/,11.418465,53.598337
WORLD,way,191842525,Digital Realty LHR19,Digital Realty,LHR19,data_center,data_center,Millharbour,London,GB,5,https://www.digitalrealty.com/data-centers/emea/london/lhr19,-0.018814,51.496842
WORLD,way,191881072,,,,,data_center,,,,,,106.694797,10.789227
WORLD,way,192215351,Яндекс ДЦ Сасово,Yandex,Sasovo,,data_center,,,,,,41.942222,54.371929
WORLD,way,192307107,360 Spear Street Data Center,Digital Realty,,data_center,data_center,Spear Street,San Francisco,,,,-122.390137,37.788992
WORLD,way,192776581,EURaix Evolution,regioIT,,yes,data_center,,,,2,,6.113229,50.796428
WORLD,way,193317921,NOS Imopolis II,NOS,,data_center,data_center,,,,,,-9.230542,38.725119
WORLD,way,193317940,NOS Imopolis I,NOS,,data_center,data_center,,,,,,-9.230628,38.726022
WORLD,way,193611192,Equinix New York Secaucus NY5,Equinix,,yes,data_center,Secaucus Road,Secaucus,,,https://www.equinix.com/locations/united-states-colocation/new-york-data-centers/ny5/,-74.072324,40.778585
WORLD,way,193611211,Equinix New York Secaucus NY4,Equinix,NY4,yes,data_center,Secaucus Road,Secaucus,,,,-74.069776,40.776428
WORLD,way,193611216,Equinix NY3,Equinix,Equinix NY3,yes,data_center,Jefferson Avenue,Secaucus,,,,-74.068969,40.774903
WORLD,way,193611219,Equinix New York Secaucus NY2,Equinix,NY2,data_center,data_center,Hartz Way,Secaucus,,,,-74.07594,40.777291
WORLD,way,193612533,Centersquare NYC3 Data Center,Centersquare,,yes,data_center,Enterprise Avenue North,Secaucus,,,,-74.069164,40.786164
WORLD,way,193806160,Telehouse South,Telehouse,,commercial,data_center,Paul Julius Close,London,,10,,-0.003463,51.507048
WORLD,way,194023609,,,,yes,data_center,Königskamp,Jülich,DE,,,6.38482,50.914843
WORLD,way,194049551,QTS Sacramento,Quality Technology Services,,yes,data_center,North Market Boulevard,Sacramento,,,https://www.qtsdatacenters.com/data-centers/sacramento,-121.486269,38.646376
WORLD,way,194258560,Csquare: LHR2 Docklands Data Center Campus,,,data_center,data_center,Greenwich View Place,London,,,,-0.019173,51.494779
WORLD,way,194258564,Bloomberg Datacentre,,,data_center,data_center,Greenwich View Place,London,,,,-0.019063,51.495435
WORLD,way,194267471,,,,yes,data_center,Wiśniowa,Trzebinia,,4,,19.477748,50.158551
WORLD,way,194508831,BA Boadicea House Data Centre,British Airways,,data_center,data_center,,,,,,-0.42327,51.471324
WORLD,way,195165330,,,,yes,data_center,,,,,,-94.675916,39.290638
WORLD,way,195165354,,,,yes,data_center,,,,,,-94.673486,39.295555
WORLD,way,195165374,Black Rock Financial Management,,,yes,data_center,Northwest 112th Street,Kansas City,,,,-94.678011,39.295481
WORLD,way,195169261,,,,yes,data_center,,,,2,,-94.684792,39.302406
WORLD,way,195293320,NorthC Berlin 2,NorthC,,yes,data_center,,,,,https://www.northcdatacenters.com/de/northc-datacenters/berlin-2/,13.428401,52.452868
WORLD,way,195664350,Cherokee Data Center,,,industrial,data_center,North Lakewood Avenue,Tulsa,US,,,-95.910041,36.26255
WORLD,way,196301958,NEC神戸システムセンター,,,,data_center,,,,,,135.017334,34.724073
WORLD,way,196783604,Global Switch London North,Global Switch,,data_center,data_center,East India Dock Road,London,GB,3,,-0.005573,51.511119
WORLD,way,199252950,CyrusOne Chicago Aurora CME,CyrusOne,,industrial,data_center,Diehl Road,Aurora,,2,,-88.243823,41.796608
WORLD,way,200338749,R89,,,office,data_center,,Didcot,,,,-1.315302,51.574037
WORLD,way,200593314,LRZ SuperMUC-NG,Leibniz-Rechenzentrum (LRZ) der Bayerischen Akademie der Wissenschaften,,university,data_center,,,,6,,11.666503,48.261805
WORLD,way,200649197,Digital Space DC - Newark,Digital Space Group Limited,,industrial,data_center,Brunel Close,Newark,,,,-0.792069,53.078976
WORLD,way,200649213,Digital Space DC - Newark,Digital Space Group Limited,,industrial,data_center,Brunel Close,Newark,,,,-0.792261,53.079048
WORLD,way,200649214,Digital Space DC - Newark,Digital Space Group Limited,,industrial,data_center,Brunel Close,Newark,,,,-0.792443,53.079127
WORLD,way,200989527,Xfinity/Comcast Data Center,,,yes,data_center,South Potomac Street,Centennial,,,,-104.832418,39.588324
WORLD,way,201843176,DXC Wynyard Data Center,HPE,,industrial,data_center,,,,,,-1.310065,54.633291
WORLD,way,202085268,Redcentric Elland Data Centre,Redcentric,,yes,data_center,Lowfields Way,Elland,,2,https://www.redcentricplc.com/uk-data-centres/elland-data-centre/,-1.821424,53.693886
WORLD,way,203432103,IU Data Center,Indiana University,,university,data_center,East Discovery Parkway,Bloomington,,,,-86.500688,39.174423
WORLD,way,203500066,BT Computer Centre,,,yes,data_center,St Albans Road,St Albans,,,,-0.320616,51.770102
WORLD,way,204158666,DXC Technology,,,yes,data_center,Wesley Court,,,,,145.165229,-37.857357
WORLD,way,204316962,IO Datacenter,,,yes,data_center,Woodbridge Avenue,Edison,,1,,-74.347223,40.520817
WORLD,way,204460681,DataBank Piscataway EWR2,,,data_center,data_center,,,,,,-74.45821,40.549213
WORLD,way,204460799,Optimum,,,yes,data_center,,,,,,-74.491977,40.546822
WORLD,way,204460812,Equinix,Equinix,,yes,data_center,,,,,,-74.495359,40.544916
WORLD,way,204460835,Barclays Datacenter,Barclays,,yes,data_center,,,,,,-74.459737,40.547244
WORLD,way,204460903,Digital Realty New York EWR12,Digital Realty,EWR12,data_center,data_center,South Randolphville Road,Piscataway Township,,,https://www.digitalrealty.com/data-centers/americas/new-york/ewr12,-74.459204,40.552928
WORLD,way,204460950,Digital Realty New York EWR11,Digital Realty,EWR11,data_center,data_center,Corporate Place,Piscataway Township,,,https://www.digitalrealty.com/data-centers/americas/new-york/ewr11,-74.457102,40.553793
WORLD,way,204971297,,Cirion Technologies,BUE1,yes,data_center,,,,,,-58.466851,-34.589962
WORLD,way,205360599,Vantage Data Center FRA31,Vantage Data Centers,FRA31,data_center,data_center,,,,,,8.456484,50.016475
WORLD,way,205724881,Intergate Seattle East Building 2,,,data_center,data_center,South 120th Place,Tukwila,,,,-122.29057,47.495031
WORLD,way,205724885,Intergate Seattle East Building 1,Sabey Data Centers,,data_center,data_center,,,,,,-122.288194,47.49486
WORLD,way,205823968,Equinix SV15,Equinix,SV15,data_center,data_center,Corvin Drive,Santa Clara,,,https://www.equinix.com/data-centers/americas-colocation/united-states-colocation/silicon-valley-data-centers/sv15,-121.988406,37.375495
WORLD,way,205823970,Equinix SV16,Equinix,SV16,data_center,data_center,Corvin Drive,Santa Clara,,,https://www.equinix.com/data-centers/americas-colocation/united-states-colocation/silicon-valley-data-centers/sv16,-121.988672,37.376124
WORLD,way,205823971,Equinix SV17,Equinix,SV17,data_center,data_center,Corvin Drive,Santa Clara,,,https://www.equinix.com/data-centers/americas-colocation/united-states-colocation/silicon-valley-data-centers/sv17,-121.988583,37.376531
WORLD,way,205823980,Equinix SV14,Equinix,SV14,data_center,data_center,Corvin Drive,Santa Clara,,,https://www.equinix.com/data-centers/americas-colocation/united-states-colocation/silicon-valley-data-centers/sv14,-121.988474,37.374984
WORLD,way,205832460,IBM Data Centre,,,yes,data_center,Sir Noel Robinson Place,,,,,174.870283,-36.942786
WORLD,way,205846843,CoreSite SV4,CoreSite,SV4,commercial,data_center,,,,,,-121.970685,37.376261
WORLD,way,206625800,Telehouse North,Telehouse,,data_center,data_center,Coriander Avenue,London,,,,-0.001954,51.512052
WORLD,way,206625804,Telehouse East,Telehouse,,data_center,data_center,Coriander Avenue,London,,,https://www.telehouse.net/data-centre-services/uk/london/telehouse-east/,-0.001266,51.51153
WORLD,way,206823814,澳門檔案館 Arquivo de Macau,,,yes,data_center,肥利喇亞美打大馬路(荷蘭園大馬路)(荷蘭園正街) Avenida do Conselheiro Ferreira de Almeida,,,,,113.546948,22.19876
WORLD,way,207145308,IXcellerate North MOS 1,IXcellerate,MOS 1,data_center,data_center,Алтуфьевское шоссе,,,,,37.577366,55.862505
WORLD,way,207831858,GridJet,,,commercial,data_center,The Tristram Centre,Leeds,GB,,,-1.573461,53.783076
WORLD,way,207831859,GridJet,,,commercial,data_center,The Tristram Centre,Leeds,GB,,,-1.573536,53.782939
WORLD,way,207890264,数字北京,,,yes,data_center,,,,,,116.38184,39.993998
WORLD,way,207919304,Siemens EAGLE Data Center,Siemens,,industrial,data_center,,,,1,https://blog.siemens.com/2020/07/green-it-in-the-siemens-eagle-data-center/,11.530141,48.094909
WORLD,way,208484274,,,,data_center,data_center,,,,,,8.450178,49.974888
WORLD,way,208650151,RBC Guelph Data Centre,Royal Bank of Canada,,industrial,data_center,Southgate Drive,Guelph,,,,-80.208703,43.496874
WORLD,way,209073635,Lumen Santa Clara,Lumen Technologies,,yes,data_center,Raymond Street,,,,,-121.952059,37.377033
WORLD,way,209073636,Prime Santa Clara,Prime,,yes,data_center,Comstock Street,,,,https://primedatacenters.com/santa-clara-data-centers/,-121.95325,37.375017
WORLD,way,209073641,Digital Realty Silicon Valley SJC10,Digital Realty,SJC10,data_center,data_center,Space Park Drive,Santa Clara,,3,https://www.digitalrealty.nl/data-centers/americas/silicon-valley/sjc10,-121.953336,37.375822
WORLD,way,209073645,Colovore,,,yes,data_center,,,,,,-121.953144,37.376723
WORLD,way,209073647,Digital Realty Silicon Valley SJC30,Digital Realty,SJC30,data_center,data_center,Alfred Street,,,,https://www.digitalrealty.com/data-centers/americas/silicon-valley/sjc30,-121.958111,37.378287
WORLD,way,209073649,Digital Realty Silicon Valley SJC15,Digital Realty,SJC15,data_center,data_center,Comstock Street,Santa Clara,,,https://www.digitalrealty.com/data-centers/americas/silicon-valley/sjc15,-121.954077,37.374997
WORLD,way,209073653,Digital Realty Silicon Valley SJC16,Digital Realty,SJC16,data_center,data_center,Comstock Street,Santa Clara,,,https://www.digitalrealty.com/data-centers/americas/silicon-valley/sjc16,-121.955999,37.374932
WORLD,way,209073657,Digital Realty Silicon Valley SJC29,Digital Realty,,data_center,data_center,Comstock Street,Santa Clara,,,https://www.digitalrealty.com/data-centers/americas/silicon-valley/sjc29,-121.9581,37.375022
WORLD,way,209073658,Csquare SFO4,Csquare,SFO4,yes,data_center,Space Park Drive,Santa Clara,,,https://www.csquare.com/data-centers/silicon-valley#santaclara-sfo4,-121.955184,37.375799
WORLD,way,209073659,Prime SANTA CLARA DATA CENTER,Prime,,yes,data_center,Comstock Street,,,,https://primedatacenters.com/santa-clara-data-centers/,-121.954878,37.375029
WORLD,way,209076412,Digital Realty Silicon Valley SJC11,Digital Realty,SJC11,data_center,data_center,Lafayette Street,Santa Clara,,,https://www.digitalrealty.com/data-centers/americas/silicon-valley/sjc11,-121.948565,37.376367
WORLD,way,209077298,Lumen,Lumen Technologies,,data_center,data_center,Duane Avenue,,,,,-121.950682,37.377585
WORLD,way,209087373,Silicon Valley SJC31,Digital Realty,SJC31,data_center,data_center,Lafayette Street,Santa Clara,,,https://www.digitalrealty.com/data-centers/americas/silicon-valley/sjc31,-121.948263,37.372221
WORLD,way,209105766,,,,yes,data_center,Bassett Street,Santa Clara,,,,-121.949903,37.37979
WORLD,way,209117217,Evocative Santa Clara SJC11,,SJC11,commercial,data_center,Mission College Boulevard,,,,https://evocative.com/data-centers/santa-clara-ca-data-center-sjc11/,-121.96194,37.389536
WORLD,way,209786637,QTS Chicago,Quality Technology Services,,industrial,data_center,South Ashland Avenue,Chicago,,,,-87.668932,41.842162
WORLD,way,210222970,Iron Mountain Data & Record Storage,Iron Mountain,,industrial,data_center,South Halsted Street,Chicago,,,,-87.645458,41.848705
WORLD,way,210707557,野村総合研究所 東京第一DC,,,yes,data_center,,,,,,139.420154,35.628076
WORLD,way,210917861,Data Storage Centers,,,yes,data_center,East Magnolia Street,Phoenix,US,,,-112.034303,33.421693
WORLD,way,210931289,Centrilogic,Centrilogic,,data_center,data_center,Arlington Square,Bracknell,,,https://www.centrilogic.com/bracknell-united-kingdom-data-center/,-0.75855,51.416654
WORLD,way,211832626,,TierPoint,,yes,data_center,Shattuck Road,Andover,,,,-71.208602,42.685708
WORLD,way,213481983,OADC Rondebosch,Open Access Data Centres,CPT1,yes,data_center,,,,4,,18.472241,-33.96039
WORLD,way,214321737,Markley Data Center,Markley Group,,yes,data_center,Prince Avenue,,,,,-71.304562,42.630283
WORLD,way,214499225,,,,data_center,,Steinhella,Hafnarfjörður,,,,-21.993473,64.049511
WORLD,way,215630401,Flexential Charlotte - South,Flexential,,commercial,data_center,Lenox Pointe Drive,Charlotte,,2,https://www.flexential.com/data-centers/nc/charlotte/south-data-center,-80.936831,35.135415
WORLD,way,216811192,OVHcloud Ożarów (WAW-1),OVH Sp. z o.o.,,yes,data_center,Kazimierza Kamińskiego,Ożarów Mazowiecki,,2,,20.808246,52.208016
WORLD,way,217612507,,,,data_center,,Čuibes iela,Rīga,LV,,,24.232271,56.889007
WORLD,way,218247529,EBRC Resilience Centre Luxembourg East,,,yes,data_center,,,,,,6.324653,49.694009
WORLD,way,218905097,Kyndryl UK Ltd,,,data_center,data_center,,,,,,-0.336645,51.542508
WORLD,way,220014929,EdgeConneX,EdgeConneX,,yes,data_center,South 52nd Street,Tempe,,,,-111.970088,33.395547
WORLD,way,220363244,Rechenzentrum Ellhofen,Stack IT,DC08,commercial,data_center,Am Autobahnkreuz,Ellhofen,DE,1,https://www.stackit.de/de/colocation/dc-08/,9.308026,49.145847
WORLD,way,220442829,nLighten Nottingham,nLighten,EMA1,warehouse,data_center,,Nottingham,,,https://www.nlighten.com/en/edge-location/nottingham/,-1.214516,53.00649
WORLD,way,220458425,Hauszmann adatközpont,,,office,data_center,Hauszmann Alajos utca,Budapest,,4,,19.046008,47.466633
WORLD,way,220518160,Digital Realty Data Center,Digital Realty,,yes,data_center,East Technology Circle,Tempe,,,,-111.899219,33.34462
WORLD,way,220540453,WKNJ00,Deutsche Telekom,8581,service,data_center,Freyunger Straße,Waldkirchen,DE,,,13.603391,48.734177
WORLD,way,221131413,CyrusOne LON2,CyrusOne,LON2,data_center,data_center,Prologis Park,West Drayton,,,https://www.cyrusone.com/data-centers/emea/london-uk-lon2,-0.446328,51.502778
WORLD,way,221201212,,Comcast,,industrial,data_center,,,,,,-122.317317,47.693324
WORLD,way,221298216,Pawsey Supercomputing Centre,,,office,data_center,Bryce Avenue,,,1,https://pawsey.org.au,115.883602,-31.992678
WORLD,way,221897579,Equinix DC97,Equinix,,yes,data_center,Springpark Place,,,,,-77.377418,38.961573
WORLD,way,222247139,,Vidéotron,,industrial,data_center,,,,,,-73.610646,45.528623
WORLD,way,222672860,Amazon IAD-55,Amazon Web Services,IAD55,data_center,data_center,John Marshall Highway,Haymarket,,,,-77.64868,38.815021
WORLD,way,222789497,Kao Data KLON-05,Kao Data,,industrial,data_center,,,,,https://kaodata.com/locations/northolt,-0.363938,51.545348
WORLD,way,223783259,CTI Biopharma,,,office,data_center,Western Avenue,Seattle,,7,,-122.356694,47.617787
WORLD,way,223928497,Westin Building,Digital Realty,SEA10,commercial,data_center,6th Avenue,Seattle,US,34,https://www.westinbldg.com/,-122.338864,47.614356
WORLD,way,224100721,COPT Data Center,,,data_center,data_center,Hornbaker Road,Manassas,,,,-77.531826,38.74731
WORLD,way,224139416,Dell 350 Holger Way,,,commercial,data_center,Holger Way,San Jose,,,,-121.943117,37.418381
WORLD,way,224174031,SV Colo,SV Colo,,colocation,data_center,Richard Avenue,Santa Clara,,,https://www.svcolo.com/index.html,-121.958788,37.36428
WORLD,way,224559768,Centro de Procesamiento de Datos Norte,Banco Santander,,yes,data_center,,,,1,,-3.753226,43.392838
WORLD,way,224559769,Centro de Procesamiento de Datos Sur,Banco Santander,,data_center,data_center,,,,1,,-3.753669,43.390243
WORLD,way,224820071,Datacenter Claro,Claro Argentina,,,data_center,Olleros,Ciudad Autónoma de Buenos Aires,AR,,,-58.445012,-34.57392
WORLD,way,224998784,Microsoft,Microsoft,,data_center,data_center,Lafayette Street,Santa Clara,,,,-121.946459,37.362103
WORLD,way,225745958,OVH US East Vint Hill,,,commercial,data_center,Watson Court,,,,,-77.674465,38.74742
WORLD,way,225909384,Virgin Media O2 Slough,Virgin Media,,data_center,data_center,Buckingham Avenue,,,,,-0.637809,51.524947
WORLD,way,225909388,Equinix LD11x,Equinix,,yes,data_center,,,,,,-0.637738,51.523092
WORLD,way,225909390,Equinix LD4,Equinix,LD4,data_center,data_center,Buckingham Avenue,Slough,,,https://www.equinix.com/data-centers/europe-colocation/united-kingdom-colocation/london-data-centers/ld4,-0.636074,51.523466
WORLD,way,226246636,,EDF,,yes,data_center,,,,,,1.398227,49.011515
WORLD,way,226246780,,EDF,,yes,data_center,,,,,,1.397375,49.011771
WORLD,way,226247994,,EDF,,yes,data_center,,,,,,1.397818,49.011637
WORLD,way,226250681,Datacenter EDF,EDF,,yes,data_center,,,,,,1.398227,49.012
WORLD,way,229034518,TYO2 Tokyo Data Center,Digital Edge,TYO2,yes,data_center,,,,,https://www.digitaledgedc.com/products-services/data-centers/japan/#TYO2,139.779566,35.687502
WORLD,way,229184178,OVHcloud LIM1-3 Rechenzentrum,OVH GmbH,eu-west-lim-a,commercial,data_center,Limburger Straße,Limburg an der Lahn,DE,,,8.062447,50.408851
WORLD,way,230033517,Equinix FR7,Equinix,,commercial,data_center,,,,,,8.643784,50.097368
WORLD,way,230210322,,EWE TEL GmbH,,data_center,data_center,Holler Landstraße,Oldenburg,,,,8.246997,53.137104
WORLD,way,231047065,NCAR-Wyoming Supercomputing Center,University Corporation for Atmospheric Research,,yes,data_center,Veta Drive,Cheyenne,,2,https://nwsc.ucar.edu/visitor-center,-104.897432,41.128747
WORLD,way,231664575,The Seattle Times,H5 Data Centers,,commercial,data_center,Denny Way,Seattle,US,8,,-122.336531,47.618954
WORLD,way,231762788,HSBC Data Centre,HSBC,,data_center,data_center,,,,,,-1.492008,53.489082
WORLD,way,231769626,Google Data Center The Dalles Oregon,Google,,,data_center,,,,,https://www.google.com/about/datacenters/locations/the-dalles/,-121.201202,45.632015
WORLD,way,232770352,SAP Building 13,,,data_center,,SAP-Allee,St. Leon-Rot,,4,,8.643624,49.240508
WORLD,way,233485459,Google Data Center,Google,,,data_center,,,,,,-70.694855,-33.35838
WORLD,way,233888384,Segra Data Center,,,yes,data_center,Garner Station Boulevard,Raleigh,,1,https://northstate.net/technologysolutions/,-78.662363,35.724992
WORLD,way,234449744,General Logistics Systems Germany GmbH & Co. OHG,GLS IT Services GmbH,,yes,data_center,GLS-Germany-Straße,Neuenstein,,,,9.585493,50.908581
WORLD,way,234722029,Equinix Ashburn DC2,Equinix,DC2,data_center,data_center,Filigree Court,Ashburn,,,https://www.equinix.com/data-centers/americas-colocation/united-states-colocation/washington-dc-data-centers/dc2,-77.459069,39.016389
WORLD,way,234722720,H5 Data Centers Ashburn,H5 Data Centers,Ashburn,data_center,data_center,Beaumeade Circle,Ashburn,,,https://h5datacenters.com/ashburn-data-center.html,-77.451719,39.013678
WORLD,way,234729371,OVHcloud Roubaix - RBX4,OVHcloud,,industrial,data_center,,,,,,3.200823,50.691182
WORLD,way,236976420,Proginov,,,commercial,data_center,Rue de la Guillauderie,La Chevrolière,,,,-1.555468,47.089209
WORLD,way,238813286,Fujitsu Homebush Data Centre,,,commercial,data_center,Figtree Drive,,AU,2,https://www.fujitsu.com/au/,151.071646,-33.849814
WORLD,way,239032142,TierPoint Sioux Falls West Data Center,,,yes,data_center,North La Mesa Drive,Sioux Falls,,,,-96.809195,43.606971
WORLD,way,239147373,Lumen McLean,Lumen Technologies,,commercial,data_center,Old Meadow Road,McLean,,2,,-77.211619,38.920021
WORLD,way,239147724,DataBank McLean IAD2,DataBank,IAD2,data_center,data_center,Old Meadow Lane,McLean,,2,https://www.databank.com/data-centers/northern-virginia/mclean/,-77.213585,38.919905
WORLD,way,240724127,eBay,,,yes,data_center,,,,,,-112.047805,40.563602
WORLD,way,240952254,Virtus LONDON1,,LONDON1,data_center,data_center,Crown Road,Enfield,,,,-0.055363,51.651901
WORLD,way,242248627,,,,data_center,,Industriestrasse,Lupfig,,,,8.210833,47.446394
WORLD,way,243242167,Equinix Chicago Data CH7,Equinix,,commercial,data_center,,,,,https://www.equinix.com/locations/united-states-colocation/chicago-data-centers/ch7/,-87.97285,41.812563
WORLD,way,243876089,Airedale Exchange,Spark New Zealand,,yes,data_center,Airedale Street,,,11,,174.764658,-36.855183
WORLD,way,243876090,Spark Data Centre,Spark New Zealand,,yes,data_center,Airedale Street,,,,,174.76444,-36.854792
WORLD,way,244490839,PhoenixNAP,,,yes,data_center,East University Drive,Phoenix,,,https://phoenixnap.com/data-center/phoenix,-112.009472,33.416077
WORLD,way,245183722,Pier Data Centre,DC Alliance,,yes,data_center,Martin Place,,,,https://dcalliance.com.au/pierdc,115.916117,-32.059448
WORLD,way,247427998,Merrill Lynch Data Center,Merrill Lynch,,data_center,data_center,Teleport Drive,,,,,-74.173167,40.607379
WORLD,way,247428943,Telehouse Teleport,Telehouse,,commercial,data_center,Teleport Drive,New York City,,,,-74.174905,40.607037
WORLD,way,248815424,,BCX,NDC1,yes,data_center,,,,,,28.123898,-25.978431
WORLD,way,248865761,NorthC Frankfurt 3,NorthC,,industrial,data_center,Rüsselsheimer Straße,,,,https://www.northcdatacenters.com/de/northc-datacenters/frankfurt-3/,8.619849,50.103625
WORLD,way,249222914,TDF,,,industrial,data_center,,,,,,3.040087,50.648538
WORLD,way,249274111,Datacenter Groupama,Groupama,,yes,data_center,,,,,,-1.836886,48.069938
WORLD,way,250052753,32 Avenue of the Americas,,,yes,data_center,,,,,,-74.004568,40.719994
WORLD,way,250458766,Hegau Cloud,,,data_center,,Josef-Schüttler-Straße,Singen (Hohentwiel),DE,1,,8.880875,47.759995
WORLD,way,251716311,,,,commercial,data_center,Lafayette Center Drive,,,,,-77.468972,38.905901
WORLD,way,251716328,Digital Realty,Digital Realty,,data_center,data_center,Lafayette Center Drive,,,,,-77.472592,38.910116
WORLD,way,251948724,Edinburgh SC-3,Pulsant,SC-3,data_center,data_center,Claylands Road,Edinburgh,,,https://www.pulsant.com/colocation-newbridge-datacentre,-3.409691,55.92939
WORLD,way,252016450,Stadtwerke Lüdenscheid GmbH (ENERVIE-Gruppe),ENERVIE – Südwestfalen Energie und Wasser AG,,industrial,data_center,,,,3,,7.635077,51.226779
WORLD,way,253040192,드림마크원 데이터센터,,,commercial,data_center,디지털로31길,서울특별시,,8,,126.891565,37.485912
WORLD,way,253670255,Greenidge Power Plant and Data Center,Greenidge Generation Holdings Inc.,,industrial,data_center,,,,,,-76.948581,42.679359
WORLD,way,253682978,TierPoint,,,commercial,data_center,Olive Street,Saint Louis,,4,,-90.196421,38.62976
WORLD,way,254132701,Stellanor London West,Stellanor,,data_center,data_center,Green Lane,Hounslow,,,,-0.397406,51.468303
WORLD,way,254583328,Verizon,,,yes,data_center,,,,,,-115.077928,36.144733
WORLD,way,254742608,,,A,data_center,,,,,,,-98.64058,29.446663
WORLD,way,254742609,,,B,data_center,,,,,,,-98.641101,29.447889
WORLD,way,254742610,,,Connector,data_center,,,,,,,-98.640996,29.447202
WORLD,way,254756938,CenturyLink,Lumen Technologies,,no,data_center,,,,,,-115.083385,36.14372
WORLD,way,254773884,,,,yes,data_center,Guardians Way,Allen,,,,-96.681542,33.096018
WORLD,way,254773897,Evoque Allen DA1,Centersquare,DA1,yes,data_center,Guardians Way,Allen,,,,-96.683788,33.095083
WORLD,way,254813394,,Australian Data Centres,,retail,data_center,Vicars Street,,,2,https://www.ausdatacentre.com.au/,149.146284,-35.211276
WORLD,way,256107907,Equinix DB2,Equinix,DB2,data_center,data_center,,,,,https://www.equinix.com/data-centers/europe-colocation/ireland-colocation/dublin-data-centers/db2,-6.440983,53.318486
WORLD,way,256121487,Magyar Telekom Cloud & DataCenter,Telekom Rendszerintegráció Zrt.,Dataplex,data_center,data_center,Asztalos Sándor út,Budapest,,2,,19.103627,47.493605
WORLD,way,256554229,Yettel Pécs MSc,,,yes,data_center,,,,,,18.202672,46.108936
WORLD,way,256608572,,Fiducia & GAD IT AG,,data_center,data_center,Feldstiege,Münster,DE,,,7.538627,52.005245
WORLD,way,256728809,First National Technical Center,First National of Nebraska,,yes,data_center,,,,,https://www.fnts.com,-95.936498,41.261422
WORLD,way,256747269,,,,yes,data_center,,,,,,-46.809609,-23.493693
WORLD,way,256764286,nLighten Chester,nLighten UK Ltd,MAN1,yes,data_center,,Chester,,,,-2.929535,53.245263
WORLD,way,257581364,Flexential - Richmond,Flexential,,yes,data_center,Park Central Drive,Richmond,,,,-77.438695,37.64689
WORLD,way,257754194,,,,data_center,,Harbour Exchange Square,London,,,,-0.01534,51.498206
WORLD,way,258148708,TelemaxX IPC4,TelemaxX Telekommunikation GmbH,,data_center,data_center,,,,,,8.473229,49.027116
WORLD,way,258343744,Amazon IAD-9,Amazon Web Services,IAD-9,data_center,data_center,Westfax Drive,Chantilly,,,,-77.453444,38.899724
WORLD,way,258343748,Amazon IAD22,Amazon Web Services,IAD22,yes,data_center,,,,,,-77.455103,38.897905
WORLD,way,258343749,Amazon IAD-1,Amazon Web Services,IAD-1,data_center,data_center,Westfax Drive,Chantilly,,,,-77.454082,38.897864
WORLD,way,258519934,,,,data_center,data_center,Lafayette Center Drive,,,,,-77.472266,38.909237
WORLD,way,258519959,,,,data_center,data_center,Lafayette Center Drive,,,,,-77.473454,38.909796
WORLD,way,258520532,,,,commercial,data_center,Lafayette Center Drive,,,,,-77.475218,38.908136
WORLD,way,258625769,,,,data_center,,Harbour Exchange Square,London,,,,-0.014492,51.498141
WORLD,way,258743341,,,,,data_center,,,,,,8.18145,53.147066
WORLD,way,259732673,Дата-центр SDN,,,data_center,data_center,Выборгское шоссе,Санкт-Петербург,RU,,https://www.xelent.ru/,30.272248,60.101503
WORLD,way,260351760,Central CANTV,CANTV,,yes,data_center,Av. Raul Leoni,Barcelona,,,,-64.678134,10.1664
WORLD,way,260883600,Metas datacenter i Luleå,Meta,,data_center,data_center,,,,,https://www.facebook.com/LuleaDataCenter,22.116298,65.616542
WORLD,way,260996040,,,,data_center,,,,,,,-77.196272,38.750815
WORLD,way,261420854,Interxion PAR7,Interxion,,industrial,data_center,,,,,,2.402147,48.925425
WORLD,way,261460226,רד תקשורת מחשבים,,,office,data_center,,,,,,35.212415,31.804712
WORLD,way,261477906,Belügyminisztérium Nyilvántartások Vezetéséért Felelős Helyettes Államtitkárság,Belügyminisztérium,,government,data_center,Balázs Béla utca,Budapest,,,,19.080095,47.478228
WORLD,way,262058094,Menlo Digital MD-DC1,,,yes,data_center,Mclearen Road,,,,,-77.424073,38.927119
WORLD,way,262199046,Google,Google,,data_center,data_center,,,,,https://www.google.com/about/datacenters/locations/dublin/,-6.447446,53.313648
WORLD,way,262712514,Kolo NL3 Apeldoorn,Kolo,NL3,data_center,data_center,Laan van de Ram,Apeldoorn,,,,6.001085,52.247196
WORLD,way,263802879,NorthC Almere,NorthC,,,data_center,,,,,https://www.northcdatacenters.com/en/northc-datacenters/almere/,5.268449,52.364473
WORLD,way,263818700,Datacenter Telecom,TELECOM ARGENTINA S.A.,,yes,data_center,Colectora Este Panamericana,Ricardo Rojas,,,,-58.681961,-34.467336
WORLD,way,263915226,CDC Laverton,CDC,,,data_center,Leakes Road,,,,,144.775387,-37.841573
WORLD,way,265076098,Thales,Thales,,data_center,data_center,Wisconsin Drive,Doncaster,,2,,-1.11202,53.504272
WORLD,way,267568325,Sky,,,office,data_center,Brick Lane,London,,6,https://corporate.sky.com/,-0.07104,51.517381
WORLD,way,269166415,Cox Data Center,,,yes,data_center,,,,,,-84.319512,34.036257
WORLD,way,269230406,Gebouw 59,,,data_center,,,,,,,4.786905,52.292912
WORLD,way,269242039,,,,data_center,,,,,,,4.770345,52.284476
WORLD,way,269242083,,,,data_center,,,,,,,4.766062,52.283863
WORLD,way,269242129,,,,data_center,,,,,,,4.767784,52.282919
WORLD,way,269242186,,,,data_center,,,,,,,4.77317,52.28209
WORLD,way,269242310,,,,data_center,,,,,,,4.767695,52.281031
WORLD,way,269242399,,,,data_center,,,,,2,,4.754373,52.280211
WORLD,way,269242689,,,,data_center,,,,,,,4.766842,52.283424
WORLD,way,269242742,,,,data_center,,,,,,,4.765618,52.285482
WORLD,way,269243197,,,,data_center,,,,,,,4.765058,52.281261
WORLD,way,269385741,Datavault Auckland,Datavault,,yes,data_center,Grafton Road,,,,,174.76465,-36.864208
WORLD,way,269847438,QTS Atlanta Data Center 1,Quality Technology Services,,yes,data_center,Jefferson Street Northwest,Atlanta,,,https://www.qtsdatacenters.com/data-centers/atlanta,-84.421154,33.77769
WORLD,way,270023895,IP House London Datacentre,IP House,,industrial,data_center,Lanrick Road,London,,,https://www.ip-house.co.uk/,0.001961,51.515406
WORLD,way,270426364,Digital Realty London LON3,Digital Realty,,office,data_center,Hanbury Street,London,,,https://www.digitalrealty.com/data-centers/emea/london/lon3,-0.073139,51.521588
WORLD,way,270554690,Datacom Data Centre,,,yes,data_center,City Road,,AU,,,144.961481,-37.824349
WORLD,way,270720089,AMS05,Microsoft,AMS05,data_center,data_center,Agriport,Middenmeer,,,,5.038043,52.765961
WORLD,way,271177813,BIT-2 Datacenter,,,data_center,data_center,,,,,,5.624286,52.027381
WORLD,way,271576404,,,,data_center,,,,,,,4.773848,52.259725
WORLD,way,271893323,Csquare SFO3,Csquare,SFO3,yes,data_center,Kifer Road,Sunnyvale,,,https://www.csquare.com/data-centers/silicon-valley#sunnyvale-sfo3,-121.986041,37.372054
WORLD,way,272108760,Central de Transmisiones,,,yes,data_center,Camino de Servicio,Providencia,,,,-70.63259,-33.424622
WORLD,way,273119903,,,,data_center,,,,,,,4.449043,51.875415
WORLD,way,273121433,,,,data_center,,,,,,,4.449046,51.875154
WORLD,way,273400587,Iron Mountain,,,yes,data_center,,,,,,174.835494,-36.930079
WORLD,way,273895868,Centersquare IAD3,Centersquare,IAD3,yes,data_center,Wilder Court,Dulles,,,,-77.444379,38.980929
WORLD,way,273896089,Centersquare IAD2-A,Centersquare,IAD2-A,data_center,data_center,International Drive,Sterling,,,,-77.42381,38.98442
WORLD,way,273896096,CyrusOne NVA4,CyrusOne,CyrusOne NVA4,data_center,data_center,International Drive,Sterling,,,https://www.cyrusone.com/data-centers/north-america/sterling-virginia-nva4,-77.42567,38.984866
WORLD,way,273896102,Centersquare IAD2-B,Centersquare,IAD2-B,data_center,data_center,International Drive,Sterling,,,,-77.424085,38.983614
WORLD,way,275509489,Baltnetos Tier 3 duomenų centras,UAB „Baltnetos komunikacijos“,,data_center,,Liepkalnio g.,Vilnius,,1,https://www.balt.net/duomenu-centras/,25.306773,54.637363
WORLD,way,275569928,ICT Campus Bettembourg DC 1.3,LuxConnect,,yes,data_center,Zone d'Activité Économique Wolser F,Bettembourg,LU,,https://www.luxconnect.lu/data-center-services-luxembourg/ict-campus-bettembourg-dc-13,6.11234,49.505813
WORLD,way,277554026,IXcellerate North MOS 2,IXcellerate,MOS 1,data_center,data_center,Алтуфьевское шоссе,,,,,37.579758,55.862788
WORLD,way,278560778,Digital Realty Data Center,Digital Realty,,yes,data_center,Doug Davis Drive,Atlanta,,,,-84.41522,33.657009
WORLD,way,278667867,Будівля основного комунікаційного центру,,,yes,data_center,,,,,,30.064602,51.303695
WORLD,way,279410762,Cyxtera (Digital Realty Trust) Citibank Data Center,Cyxtera,,data_center,data_center,Park Avenue,Weehawken,,5,,-74.025742,40.76078
WORLD,way,279410766,Digital Realty New Jersey EWR10,Digital Realty,EWR10,data_center,data_center,John F. Kennedy Boulevard East,Weehawken,,4,https://www.digitalrealty.com/data-centers/americas/new-york/ewr10,-74.025028,40.761818
WORLD,way,279859729,,,,data_center,,,,,,,4.919408,52.333441
WORLD,way,279860375,,,,data_center,,,,,,,4.931686,52.336885
WORLD,way,280129257,Eurofiber data center Rotterdam 1,Eurofiber,,data_center,data_center,Van Coulsterweg,Alblasserdam,,,https://www.dataplace.nl/nl/datacenter-infrastructuur/locatie-dataplace-rotterdam,4.679115,51.845916
WORLD,way,281398489,DC Brno - FASTER CZ,O2 Czech Republic a.s.,,commercial,data_center,,,,2,,16.659541,49.216294
WORLD,way,282274149,,ARSAT,,data_center,data_center,,,,,,-58.719797,-34.410371
WORLD,way,282381343,,Verizon,,data_center,data_center,,,,,,4.935248,52.304614
WORLD,way,282381349,,,,data_center,,,,,,,4.93817,52.303135
WORLD,way,283051469,,,,data_center,data_center,,,,,,-119.813226,47.24621
WORLD,way,283051470,,,,data_center,data_center,,,,,,-119.813081,47.24767
WORLD,way,283051471,,,,data_center,data_center,,,,,,-119.815756,47.246168
WORLD,way,283051475,,,,data_center,data_center,,,,,,-119.819665,47.252574
WORLD,way,283051478,,,,data_center,data_center,,,,,,-119.828866,47.246736
WORLD,way,283051481,,,,data_center,data_center,,,,,,-119.829791,47.245991
WORLD,way,283051482,,,,data_center,data_center,,,,,,-119.82917,47.245989
WORLD,way,283051483,,,,data_center,data_center,,,,,,-119.828159,47.245989
WORLD,way,283051484,,,,data_center,data_center,,,,,,-119.827541,47.246003
WORLD,way,283051485,,,,data_center,data_center,,,,,,-119.828663,47.246066
WORLD,way,284044002,CoreSite AT2 - Marietta Data Center,CoreSite,Atlanta,yes,data_center,Powers Ferry Place Southeast,,,1,https://www.coresite.com/data-center/at2-atlanta-ga,-84.481634,33.925514
WORLD,way,284508077,,Data Beheer Groep,,bunker,data_center,,,,,,3.9071,51.502149
WORLD,way,286648420,Evoque Data Center Solutions,,,industrial,data_center,Ravensbank Drive,Redditch,,,,-1.883366,52.31219
WORLD,way,287001182,DXN Data Centre,,,office,data_center,Parkview Drive,,,1,,151.07365,-33.845208
WORLD,way,288232465,Ascent TOR1,"Ascent, LLC",,industrial,data_center,Vondrau Drive,,,,https://www.ascentcorp.com/datacenters/toronto-data-center/,-80.371994,43.427496
WORLD,way,288909509,,,,yes,data_center,North Amity Avenue,Kansas City,,,,-94.685064,39.290134
WORLD,way,289045423,,Mittwald CM Service GmbH & Co. KG,,yes,data_center,,,,,,8.62359,52.385574
WORLD,way,289620443,Digital Realty San Francisco SFO10,Digital Realty,SFO10,data_center,data_center,Paul Avenue,San Francisco,,,,-122.397954,37.723627
WORLD,way,289816687,,,,yes,data_center,,,,,,5.989383,51.191151
WORLD,way,289884123,33 Thomas Street,,,yes,data_center,Thomas Street,New York,,,,-74.005902,40.716521
WORLD,way,290101976,VentureData,,,yes,data_center,College Avenue,Rexburg,,,,-111.78207,43.825229
WORLD,way,290307022,Cogent Data Center,"Cogent Communications, Inc.",,commercial,data_center,East Roeser Road,Phoenix,US,,,-112.047879,33.40022
WORLD,way,290393396,香港交易所將軍澳數據中心 HKEx Tseung Kwan O Data Centre,,,yes,data_center,駿盈街 Chun Ying Street,,,,,114.273361,22.285279
WORLD,way,290703004,CoreSpace Dallas,CoreSpace,,commercial,data_center,John W Carpenter Freeway,Dallas,,,https://corespace.com/data-centers/,-96.873071,32.817551
WORLD,way,290916394,CGI,,,yes,data_center,Century Avenue,,,,,-79.74629,43.601323
WORLD,way,291142381,T-Systems Biere Rechenzentrum,Deutsche Telekom,,,data_center,,,,,https://www.t-systems.com/de/en/about-t-systems/innovation-management/data-center-biere,11.653911,51.984837
WORLD,way,292128594,Telus Calgary Internet Data Centre,,,yes,data_center,10 Avenue SW,Calgary,,4,,-114.09597,51.043952
WORLD,way,292238902,,,,data_center,data_center,,,,,,174.702024,-36.746072
WORLD,way,292506449,,,,yes,data_center,South Quentin Street,Centennial,,,,-104.846963,39.590131
WORLD,way,292506452,zColo by Zayo,,,yes,data_center,South Peoria Street,Centennial,,,,-104.847065,39.59134
WORLD,way,292861387,Spark Data Centre,Spark New Zealand,,yes,data_center,Airedale Street,,,5,,174.76436,-36.854558
WORLD,way,292861441,Spark Data Centre,Spark New Zealand,,yes,data_center,,,,,,174.764245,-36.854387
WORLD,way,292861452,Data Centre 220,,,office,data_center,,,,11,https://datacentre.co.nz,174.76557,-36.849333
WORLD,way,293020971,ICONZ House,ICONZ,,yes,data_center,Airedale Street,,,,,174.765451,-36.85565
WORLD,way,293211683,Intergate Seattle East Building 5,Sabey Data Centers,,data_center,data_center,South 120th Place,Tukwila,,,,-122.289665,47.491986
WORLD,way,293211686,Intergate Seattle East Building 3,Sabey Data Centers,,data_center,data_center,South 120th Place,Tukwila,,,,-122.290465,47.49348
WORLD,way,293211687,Intergate Seattle East Building 4,Digital Realty,,data_center,data_center,South 120th Place,Tukwila,,,,-122.28888,47.493403
WORLD,way,293589187,Intellicentre 4 Bunker,Macquarie Telecom Group,IC4,data_center,data_center,Pearce Avenue,,,,https://macquariedatacentres.com/data-centres/canberra-ic4-data-centre/,149.202111,-35.301054
WORLD,way,295385404,RZ,,,data_center,,,,,3,,11.636429,52.148761
WORLD,way,295731026,,,,data_center,,,,,11,,4.950762,52.357109
WORLD,way,296374269,Flexential Allentown Data Center,Flexential,,yes,data_center,Roble Road,Allentown,,,https://www.flexential.com/data-centers/pa/allentown/data-center,-75.457573,40.635695
WORLD,way,296430024,NORD-2,,,data_center,data_center,Коровинское шоссе,Москва,,,,37.513952,55.88594
WORLD,way,296430025,NORD-1,,,data_center,data_center,Коровинское шоссе,Москва,,,,37.513525,55.885886
WORLD,way,296921462,,NetCologne,,yes,data_center,Nettesheimer Straße,Köln,DE,3,,6.901261,51.015635
WORLD,way,298126010,Digital Realty ACC4,Digital Realty,ACC4,data_center,data_center,Hastings Drive,Ashburn,,,https://www.digitalrealty.com/data-centers/americas/northern-virginia/acc4,-77.462471,39.017859
WORLD,way,298127059,Equinix Ashburn DC1,Equinix,DC1,data_center,data_center,Filigree Court,Ashburn,US,,https://www.equinix.com/data-centers/americas-colocation/united-states-colocation/washington-dc-data-centers/dc1,-77.460328,39.015558
WORLD,way,298127361,Equinix Ashburn DC5,Equinix,DC5,data_center,data_center,Filigree Court,Ashburn,,,https://www.equinix.com/data-centers/americas-colocation/united-states-colocation/washington-dc-data-centers/dc5,-77.461222,39.015965
WORLD,way,298127420,Equinix Ashburn DC11,Equinix,DC11,data_center,data_center,Filigree Court,Ashburn,,,https://www.equinix.com/data-centers/americas-colocation/united-states-colocation/washington-dc-data-centers/dc11,-77.4588,39.014891
WORLD,way,298242260,Equinix Ashburn DC3,Equinix,DC3,data_center,data_center,Chilum Place,Ashburn,,,https://www.equinix.com/data-centers/americas-colocation/united-states-colocation/washington-dc-data-centers/dc3,-77.461092,39.022358
WORLD,way,298242335,Digital Realty ACC3,Digital Realty,ACC3,data_center,data_center,Hastings Drive,Ashburn,,,,-77.459803,39.01988
WORLD,way,298591665,,,,data_center,,,,,,,27.476647,-29.306396
WORLD,way,299217606,,,,data_center,,,,,1,,25.119506,54.611552
WORLD,way,299384674,DATA4 - MAD1-DC01,,,data_center,,,,,,,-3.648436,40.533976
WORLD,way,299388896,CoreSite SV2,"CoreSite Real Estate 1656 McCarthy, L.P.",SV2,yes,data_center,McCarthy Boulevard,Milpitas,,,,-121.91626,37.405686
WORLD,way,299927846,Amazon IAD76,Amazon Web Services,IAD76,data_center,data_center,Randolph Drive,Sterling,,,,-77.450509,38.993794
WORLD,way,299929061,Amazon IAD12,Amazon Web Services,Amazon IAD12,data_center,data_center,Dulles Summit Court,Sterling,,,,-77.447671,38.988724
WORLD,way,300162674,Digital Realty ACC5,Digital Realty,ACC5,data_center,data_center,Hastings Drive,Ashburn,,,https://www.digitalrealty.com/data-centers/americas/northern-virginia/acc5,-77.463103,39.020158
WORLD,way,300162675,Digital Realty ACC6,Digital Realty,ACC6,data_center,data_center,Chilum Place,Ashburn,,,https://www.digitalrealty.com/data-centers/americas/northern-virginia/acc6,-77.463551,39.021026
WORLD,way,300162689,Level 3 Ashburn,Lumen Technologies,,yes,data_center,Guilford Drive,Ashburn,,,,-77.457609,39.022182
WORLD,way,300163074,Centersquare IAD4-B,Centersquare,IAD4-B,data_center,data_center,Beaumeade Circle,Ashburn,,,,-77.453595,39.022168
WORLD,way,300163083,NTT Ashburn VA1 Data Center,NTT,VA1,data_center,data_center,Guilford Drive,Ashburn,,,https://services.global.ntt/en-us/services-and-products/global-data-centers/global-locations/americas/ashburn-va-1-data-center,-77.454891,39.022744
WORLD,way,300952513,Digital Realty Phoenix PHX15,Digital Realty,PHX15,yes,data_center,South Price Road,Chandler,US,,,-111.886638,33.274923
WORLD,way,300959969,H5 Phoenix,H5,Phoenix,yes,data_center,West Germann Road,Chandler,US,,https://h5datacenters.com/phoenix-data-center.html,-111.885891,33.276999
WORLD,way,300959970,CyrusOne PHX1,CyrusOne,PHX1,commercial,data_center,South Ellis Street,Chandler,US,,https://www.cyrusone.com/data-centers/north-america/arizona/phx1-phx8-phoenix,-111.881995,33.270878
WORLD,way,300969250,Equinix DC13,Equinix,DC13,data_center,data_center,Uunet Way,Ashburn,,,https://www.equinix.com/data-centers/americas-colocation/united-states-colocation/washington-dc-data-centers/dc13,-77.475405,39.012562
WORLD,way,300969614,Digital Realty Northern Virginia IAD14,Digital Realty,IAD14,data_center,data_center,Devin Shafron Drive,Ashburn,,,https://www.digitalrealty.com/data-centers/americas/northern-virginia/iad14,-77.487093,39.003336
WORLD,way,300969615,Amazon Web Services Building C,Amazon Web Services,,data_center,data_center,Devin Shafron Drive,,,,,-77.485449,39.002752
WORLD,way,300969616,Digital Realty Northern Virginia IAD12,Digital Realty,IAD12,data_center,data_center,Devin Shafron Drive,Ashburn,,,https://www.digitalrealty.com/data-centers/americas/northern-virginia/iad12,-77.483347,39.002023
WORLD,way,300969617,Digital Realty Building A,Digital Realty,,data_center,data_center,Devin Shafron Drive,,,,,-77.481957,39.002741
WORLD,way,300969619,Digital Realty Northern Virginia IAD24,Digital Realty,IAD24,data_center,data_center,Devin Shafron Drive,Ashburn,,,https://www.digitalrealty.com/data-centers/americas/northern-virginia/iad24,-77.484415,39.004319
WORLD,way,300970759,Databank Ashburn IAD1,DataBank,IAD1,data_center,data_center,Red Rum Drive,Ashburn,,,,-77.482156,39.015488
WORLD,way,300970761,DataBank Ashburn IAD4,DataBank,IAD4,data_center,data_center,Red Rum Drive,Ashburn,,,,-77.483348,39.015487
WORLD,way,300974499,Apple Data Center,Apple Inc.,,industrial,data_center,South Signal Butte Road,Mesa,,,,-111.604142,33.347033
WORLD,way,301156874,DATA4 - MAD1-DC03,,,data_center,,,,,,,-3.648957,40.534451
WORLD,way,301156915,DATA4 - MAD1-DC02,,,data_center,,,,,,,-3.646841,40.534313
WORLD,way,302107922,Equinix TR2,Equinix,TR2,service,data_center,Parliament Street,Toronto,,5,,-79.361767,43.650928
WORLD,way,304507029,Centro de Informática (CPD),,,yes,data_center,,,,3,,-47.865775,-15.772749
WORLD,way,304647589,Centrum Technologii ICM UW,,,data_center,data_center,Kupiecka,Warszawa,,,,21.016679,52.320733
WORLD,way,304754549,UHG Data Center,,,data_center,,West Creek Lane,Chaska,,1,,-93.634304,44.808331
WORLD,way,305726393,West Cambridge Data Centre,University of Cambridge,W129,university,data_center,Ada Lovelace Road,Cambridge,GB,,,0.079334,52.208896
WORLD,way,311415189,,,,yes,data_center,,,,7,,114.271977,22.289086
WORLD,way,313208490,noris network FRA1,noris network AG,,,data_center,Am Kronbacher Hang,Schwalbach am Taunus,,,https://www.fnp.de/lokales/main-taunus/schwalbach-ort95921/data-castle-will-ein-rechenzentrum-errichten-92065712.html,8.532588,50.16292
WORLD,way,313238933,Etix Vendée #2,,,industrial,data_center,Rue Albert Einstein,Olonne-sur-Mer,,3,,-1.747825,46.515478
WORLD,way,313507898,,,,yes,data_center,,,,,,-74.064846,4.754528
WORLD,way,314914896,HSBC Wakefield Data Centre,,,,data_center,,,,,,-1.377013,53.703494
WORLD,way,315242736,,,,yes,data_center,,,,,,20.839196,48.098562
WORLD,way,315703772,,,,data_center,,,,,,,-43.440903,-22.988549
WORLD,way,317407357,,,,data_center,,,,,,,-58.445412,-34.57379
WORLD,way,317466755,VISA,VISA,,yes,data_center,Corporate Woods Parkway,Vernon Hills,,,,-87.95293,42.216776
WORLD,way,318069356,John F. Simms Building,SONM,Simms,government_office,data_center,Alta Vista Street,Santa Fe,,2,,-105.95658,35.672458
WORLD,way,318913522,Data Centre,,,yes,data_center,,,,,,174.705376,-36.751967
WORLD,way,318922312,,,,data_center,data_center,,,,,,174.696389,-36.750004
WORLD,way,318922336,,,,data_center,data_center,,,,,,174.696733,-36.749978
WORLD,way,318922364,Spark Data Centre,,,office,data_center,William Pickering Drive,Auckland,,2,,174.700571,-36.74975
WORLD,way,319857331,Lumen San Antonio 2,Lumen Technologies,,yes,data_center,,,,,,-98.506522,29.438279
WORLD,way,320306630,,data4,,data_center,data_center,,,,,,2.225955,48.651069
WORLD,way,320306631,Data4 Marcoussis,Data4,,yes,data_center,Route de Marcoussis,Marcoussis,,,,2.228042,48.650279
WORLD,way,320330253,,TPG Telecom Limited,,yes,data_center,Holker Street,,,,,151.057517,-33.832737
WORLD,way,320642071,Datacom Data Centre,,,yes,data_center,,,,3,,174.728914,-36.740744
WORLD,way,320648900,Plan B Data Centre,,,yes,data_center,Arrenway Drive,,,,,174.721246,-36.742642
WORLD,way,320648944,Umbrellar Data Centre,,,yes,data_center,Arrenway Drive,,,,,174.7233,-36.7433
WORLD,way,320724394,Digital Realty LHR20,Digital Realty,,data_center,data_center,Marsh Wall,London,,,https://www.digitalrealty.com/data-centers/emea/london/lhr20,-0.011065,51.499839
WORLD,way,321385147,Meta,Meta,,industrial,data_center,,,,,,-120.887274,44.295942
WORLD,way,322518504,Kolo SE3 Piteå,Kolo,SE3,yes,data_center,Mejselvägen,,SE,,https://kolodc.com/data-centers/colocation-in-sweden/pitea-data-center,21.422784,65.336457
WORLD,way,322816286,Cyxtera Toronto YYZ1,Cyxtera,,industrial,data_center,Millcreek Drive,,,,,-79.753128,43.594507
WORLD,way,323686447,,Google,LPP,data_center,data_center,,Hamina,FI,,,27.112035,60.538328
WORLD,way,324441696,,,,yes,data_center,,,,,,174.748189,-36.792487
WORLD,way,325096144,Adobe Data Center,,,industrial,data_center,Northeast Dawson Creek Drive,Hillsboro,,,,-122.931673,45.550197
WORLD,way,326082813,Digital Realty FRA7,Digital Realty,,commercial,data_center,Hanauer Landstraße,Frankfurt am Main,DE,,,8.734692,50.119493
WORLD,way,326082814,Digital Realty FRA10,Digital Realty,,data_center,data_center,Weismüllerstraße,Frankfurt am Main,DE,5,,8.738424,50.119508
WORLD,way,326480223,西日本電話電信白島ビル,,,yes,data_center,,,,,,135.495541,34.834732
WORLD,way,326823358,Digital Realty FRA5,Digital Realty,,commercial,data_center,Hanauer Landstraße,Frankfurt am Main,DE,,,8.736922,50.120395
WORLD,way,328702348,TGN Hillsboro,Tata Communications,,industrial,data_center,Northeast Evergreen Parkway,Hillsboro,,,,-122.893791,45.546514
WORLD,way,328702378,Stack Infrastructure - POR02,Stack Infrastructure,POR02A,industrial,data_center,Northeast Evergreen Parkway,Hillsboro,,,https://www.stackinfra.com/locations/americas/portland/por02/,-122.897387,45.547376
WORLD,way,328702401,Oracle,,,industrial,data_center,Northeast 79th Avenue,Hillsboro,,,,-122.896479,45.543915
WORLD,way,328702750,Digital Realty PDX10 Data Center,Digital Realty,,industrial,data_center,Northeast Aloclek Drive,Hillsboro,,,https://www.digitalrealty.com/data-centers/portland/3825-nw-aloclek-pl-hillsboro-or,-122.891952,45.547606
WORLD,way,328703598,Flexential Portland - Hillsboro 1,Flexential,,industrial,data_center,Northeast Aloclek Palce,Hillsboro,,,https://www.flexential.com/data-centers/or/portland/hillsboro1-data-center,-122.890845,45.549825
WORLD,way,328703599,Flexential Portland - Hillsboro 1,Flexential,,industrial,data_center,Northeast Aloclek Palce,Hillsboro,,,https://www.flexential.com/data-centers/or/portland/hillsboro1-data-center,-122.892151,45.550371
WORLD,way,328866887,,,,yes,data_center,Jana Pawła II,Poznań,,3,,16.953788,52.407237
WORLD,way,328914458,Manukau Datacenter,Vodafone,,yes,data_center,,,,,,174.87076,-36.987206
WORLD,way,329551673,Flexential Louisville - East,Flexential,,yes,data_center,Nelson Miller Parkway,Louisville,,,https://www.flexential.com/data-centers/ky/louisville/east-data-center,-85.50724,38.277191
WORLD,way,330276516,Flexential Louisville - Downtown,Flexential,,yes,data_center,Barret Avenue,Louisville,,,https://www.flexential.com/data-centers/ky/louisville/downtown-data-center,-85.733336,38.242501
WORLD,way,330751320,Bundesnachrichtendienst Pullach Rechenzentrum,Bundesnachrichtendienst,,yes,data_center,,,,,,11.533366,48.063918
WORLD,way,331132308,Verizon Hillsboro (Tanasbourne) Data Center,Verizon Business,,industrial,data_center,Northeast Tanasbourne Drive,Hillsboro,,,,-122.882338,45.544618
WORLD,way,332254967,,Telia Carrier Austria GmbH,,yes,data_center,Herrmanngasse,St. Pölten,AT,,,15.614513,48.187921
WORLD,way,333031338,Data Centre,,,yes,data_center,Lady Ruby Drive,,,,,174.902289,-36.94807
WORLD,way,333163639,,,,yes,data_center,,,,,,6.38548,50.914343
WORLD,way,333179191,NextDC M1 Melbourne Data Centre,NextDC,M1,commercial,data_center,Lorimer Street,,,,https://www.nextdc.com/data-centres/melbourne-data-centres/m1-melbourne,144.932249,-37.822643
WORLD,way,333961114,,,,data_center,,Силикатная улица,,,2,,37.779873,55.931067
WORLD,way,334161493,TelemaxX IPC3,TelemaxX Telekommunikation GmbH,,data_center,data_center,Auf der Breit,Karlsruhe,DE,,,8.478267,49.020097
WORLD,way,334264478,Terminal Commerce Building,,,yes,data_center,North Broad Street,Philadelphia,,15,,-75.160833,39.959812
WORLD,way,334642251,万国数据深圳3号数据中心,万国数据,,yes,data_center,红柳道,深圳,CN,,,114.045075,22.507247
WORLD,way,335468616,TierPoint,,,yes,data_center,,,,,,-117.095932,47.671915
WORLD,way,336387583,Baltimore Technology Park,,,yes,data_center,Russell Street,Baltimore,US,,,-76.62551,39.275367
WORLD,way,336911236,NORD-4,DataLine,,data_center,data_center,Коровинское шоссе,,,,,37.51336,55.886563
WORLD,way,336911237,NORD-3,,,data_center,data_center,Коровинское шоссе,,,,,37.51228,55.886209
WORLD,way,337126739,Intergate Seattle West Building C,Sabey Data Centers,,yes,data_center,Tukwila International Boulevard,Tukwila,,,,-122.294397,47.494123
WORLD,way,337126741,Intergate Seattle West Building B,Sabey Data Centers,,yes,data_center,Tukwila International Boulevard,Tukwila,,,,-122.293684,47.493074
WORLD,way,337126742,Intergate Seattle West Building A,Sabey Data Centers,,data_center,data_center,Tukwila International Boulevard,Tukwila,,,,-122.293318,47.492183
WORLD,way,337127817,Vantage WA11,,,data_center,data_center,,,,,,-119.81449,47.250165
WORLD,way,337127824,NTT Data Quincy,NTT,,data_center,data_center,,,,,,-119.865748,47.24358
WORLD,way,337127832,,,,yes,data_center,,,,,,-119.859359,47.238819
WORLD,way,337127833,,,,yes,data_center,,,,,,-119.859366,47.238262
WORLD,way,338383130,Polcom Data Center Skawina,Polcom,,data_center,,Krakowska,Skawina,,,https://www.polcom.com.pl/,19.837863,49.987974
WORLD,way,339071963,,Chorus,,yes,data_center,,,,,,174.558766,-36.77659
WORLD,way,342664739,Geneseo Communications Inc,,,yes,data_center,,,,,,-90.482409,41.550269
WORLD,way,343333944,Lumen Minneapolis 3,Lumen Technologies,,yes,data_center,North 2nd Street,Minneapolis,,,,-93.27661,44.988766
WORLD,way,343593591,,,,yes,data_center,Carolina Drive,West Chicago,,,,-88.219506,41.90534
WORLD,way,343937843,Centro Tecnológico Caixa,,,commercial,data_center,,,,7,,-47.91064,-15.791646
WORLD,way,344735265,Swisscom Lausanne-Savoie,Swisscom,Lausanne-Savoie,data_center,data_center,,,,,https://www.swisscom.ch/en/business/enterprise/offer/cloud/data-center/colocation.html,6.623446,46.520343
WORLD,way,345650474,,,,yes,data_center,,,,,,-74.456687,40.55284
WORLD,way,348249606,,,,yes,data_center,Schafjückenweg,Rastede,,,,8.243389,53.218439
WORLD,way,349925359,,Verizon Wireless,,yes,data_center,West Stinemyer Road,New Palestine,,,,-85.941411,39.717197
WORLD,way,350123835,,中国电信,,yes,data_center,,,,,,120.663945,31.30773
WORLD,way,352365291,COSMOTE,,,yes,data_center,,,,,,19.919108,39.619775
WORLD,way,352629530,,,,yes,data_center,,印西市,,5,,140.121643,35.807749
WORLD,way,352629531,SCSK netXDC,,,yes,data_center,,印西市,,8,https://www.scsk.jp/sp/netxdc/inzai-campus.html,140.120069,35.809335
WORLD,way,354590432,,,,data_center,,,,,,,-74.064355,40.784735
WORLD,way,355168270,,,,data_center,,,,,,,25.216086,54.687255
WORLD,way,355599482,Nxtra Data Chennai,,,yes,data_center,,,,,https://www.nxtra.in/data_center/chennai-data-centre/,80.221016,12.83061
WORLD,way,355926681,Flexential Salt Lake City - South Valley,Flexential,,yes,data_center,South Campus View Drive,West Jordan,,,https://www.flexential.com/data-centers/ut/salt-lake-city/south-valley-data-center,-111.986047,40.620352
WORLD,way,357088316,,,,commercial,data_center,Watts Place,,,2,,115.888469,-31.99631
WORLD,way,358447150,Digital Realty Trust,Digital Realty Trust,,data_center,data_center,Marsh Wall,London,,,,-0.011826,51.500613
WORLD,way,358455179,Digital Realty Silicon Valley SC1,Digital Realty,,data_center,data_center,De La Cruz Boulevard,Santa Clara,,,,-121.943978,37.361647
WORLD,way,358946546,QES Computers,,,yes,data_center,,,,,,-121.903799,37.699475
WORLD,way,359486766,@Tokyo Chuo Center (CC1 & CC2),,,yes,data_center,,,,,,139.792698,35.648525
WORLD,way,359617354,Seixal Colocation Site,TATA Communications,,yes,data_center,,,,,,-9.159857,38.600002
WORLD,way,359652564,Ecocenter,Nexeren,,yes,data_center,,,,,,3.115086,45.831241
WORLD,way,359732953,,,,warehouse,data_center,,,,,,55.185134,25.028102
WORLD,way,359732955,Equinix Dubai DX1,Equinix,DX1,warehouse,data_center,,,,,https://www.equinix.ae/data-centers/europe-colocation/united-arab-emirates-colocation/dubai-data-centers/dx1,55.186783,25.025968
WORLD,way,359930465,Equinix SE3 Data Center,Equinix,SE3,data_center,data_center,5th Avenue,Seattle,,5,https://www.equinix.com/locations/united-states-colocation/seattle-data-centers/se3/,-122.339743,47.614423
WORLD,way,362597613,IT- und Data Center Urfahr,LINZ STROM GAS WÄRME GmbH,,data_center,data_center,Freistädter Straße,Linz,AT,,,14.300011,48.324212
WORLD,way,362662493,QTS Piscataway Data Center,Quality Technology Services,NJ1,data_center,data_center,Possumtown Road,Piscataway,,,https://www.qtsdatacenters.com/data-centers/piscataway,-74.483917,40.556943
WORLD,way,363017375,AiNET,,,yes,data_center,,,,,,-76.925925,39.05284
WORLD,way,364289073,Microsoft,Microsoft,,data_center,data_center,Wiseman Boulevard,San Antonio,US,,,-98.690685,29.47827
WORLD,way,364289074,Microsoft San Antonio,Microsoft,,data_center,data_center,Rogers Road,San Antonio,US,,,-98.692534,29.479881
WORLD,way,364289077,Microsoft,Microsoft,,data_center,data_center,Rogers Road,San Antonio,US,,,-98.69657,29.481054
WORLD,way,364385695,,Goldman Sachs,,yes,data_center,Hills Road,East Grinstead,,,,-0.041991,51.135463
WORLD,way,365733781,Equinix OT1,Equinix,,commercial,data_center,Avenue Lépine,Gatineau,,,https://www.equinix.com/data-centers/americas-colocation/canada-colocation/ottawa-data-centers/ot1,-75.398413,45.57467
WORLD,way,365941471,,Claro,,yes,data_center,,,,,,-66.051687,18.446827
WORLD,way,366049843,Lumen Norristown,Lumen Technologies,,commercial,data_center,,,,,,-75.408659,40.127067
WORLD,way,368613614,Centre de Processament de Dades IBM,,,yes,data_center,,,,,,2.108073,41.489818
WORLD,way,368724474,Equinix DC7,Equinix,DC7,yes,data_center,Quantum Drive,,,,https://www.equinix.com/data-centers/americas-colocation/united-states-colocation/washington-dc-data-centers/dc7,-77.220557,38.909139
WORLD,way,368724479,Element Critical VA1,,,office,data_center,Quantum Drive,,,,,-77.219744,38.908367
WORLD,way,368744656,AAPT Data Centre,,,yes,data_center,Burnley Street,,,,,145.007628,-37.820208
WORLD,way,368995283,Datacenter Gent,Datacenter United,DCG,data_center,data_center,Poortakkerstraat,,,,,3.683385,51.027089
WORLD,way,369452572,Pittock Block,,,office,data_center,Southwest Washington Street,Portland,,2,,-122.680704,45.521544
WORLD,way,369728508,Data Center,Oregon Health & Science University,,yes,data_center,,,,,,-122.875505,45.526684
WORLD,way,370529088,NTT Zurich 1 Data Center,NTT,,yes,data_center,Hofwisenstrasse,,,,https://services.global.ntt/en-us/services-and-products/global-data-centers/global-locations/emea/zurich-1-data-center,8.540876,47.448571
WORLD,way,370602006,KBC Adatközpont,,,yes,data_center,,,,,,18.883136,47.442896
WORLD,way,371491126,AT&T Tuckerton Cable Landing Station (TAT-14),AT&T,,yes,data_center,Cable Drive,Tuckerton,US,,,-74.328807,39.615067
WORLD,way,372812521,BrainServe,,,data_center,data_center,Rue de la Vernie,Crissier,,3,,6.573289,46.546506
WORLD,way,373913881,Cisco Allen,,,industrial,data_center,Chelsea Boulevard,,,,,-96.660992,33.135962
WORLD,way,373945186,Meta,Meta,,industrial,data_center,,,,,,-120.883973,44.294972
WORLD,way,375842477,Six Degrees Data Centre,Six Degrees,,commercial,data_center,,,,,,0.030008,51.493517
WORLD,way,375842478,Six Degrees Data Centre,Six Degrees,,commercial,data_center,,,,,,0.031064,51.49371
WORLD,way,376627431,CSSNW Bellingham,CSS Communications,,retail,data_center,C Street,,,,,-122.480548,48.75726
WORLD,way,377032058,EdgeConneX CHI02,EdgeConneX,CHI02,data_center,data_center,Lunt Avenue,Elk Grove Village,,2,https://www.edgeconnex.com/locations/americas/chicago-il/,-87.952562,42.001495
WORLD,way,377032061,Equinix Chicago CH3,Equinix,CH3,data_center,data_center,Lunt Avenue,Elk Grove Village,,4,https://www.equinix.com/data-centers/americas-colocation/united-states-colocation/chicago-data-centers/ch3,-87.9552,42.001221
WORLD,way,377212693,Element Critical CH2,Element Critical,CH2,data_center,data_center,Haynes Drive,Wood Dale,,2,https://elementcritical.com/data-centers/chicago-two/,-87.967176,41.974227
WORLD,way,377345296,Centersquare Elk Grove Village Data Center Campus ORD2,Centersquare,ORD2,data_center,data_center,Busse Road,Elk Grove Village,,2,https://centersquaredc.com/data-centers/chicago#elkgrovevillage-ord2,-87.958014,41.992088
WORLD,way,377378595,Digital Realty,Digital Realty,,yes,data_center,,,,4,,-122.282539,37.79902
WORLD,way,377545385,Flexential Denver - Englewood,Flexential,,yes,data_center,South Peoria Street,Englewood,,,https://www.flexential.com/data-centers/co/denver/englewood-data-center,-104.837556,39.558994
WORLD,way,377585075,EdgeConneX Detroit DET01,EdgeConneX,DET01,yes,data_center,,,,,https://www.edgeconnex.com/locations/americas/detroit-mi/,-83.262634,42.447669
WORLD,way,377876206,南大嶼山海底電纜站 South Lantau Submarine Cable Station,,,data_center,data_center,,,,,,113.929423,22.225197
WORLD,way,377998104,,,,data_center,,,,,,,12.335051,50.477629
WORLD,way,379195054,Lumen Austin 3,Lumen Technologies,,yes,data_center,,,,,,-97.723598,30.261396
WORLD,way,379199519,Alpheus DataCenter,Alpheus,,yes,data_center,East 6th Street,Austin,,1,,-97.722122,30.261052
WORLD,way,379204279,Digital Realty Austin AUS11,,AUS11,yes,data_center,Metro Center Drive,Austin,,,https://www.digitalrealty.com/data-centers/americas/austin/aus11,-97.695755,30.212156
WORLD,way,379204643,LightEdge Austin II,,,yes,data_center,Burleson Road,Austin,,,https://www.lightedge.com/austin-data-center/,-97.707046,30.200677
WORLD,way,379204766,CyrusOne Austin Data Center II,,AUS2,yes,data_center,Metropolis Drive,,,,https://www.cyrusone.com/data-centers/north-america/texas/aus2-austin-texas,-97.697951,30.20592
WORLD,way,379205427,Data Foundry Austin 1 Data Center,,,yes,data_center,East Ben White Boulevard,,,,https://www.datafoundry.com/data-centers/austin-1,-97.696074,30.215504
WORLD,way,379736049,itQ Data Center,,,data_center,data_center,Borowska,Wrocław,,,http://itqdatacenter.pl/,17.029402,51.072325
WORLD,way,380134092,Equinix FR2,Equinix,FR2,data_center,data_center,Kruppstraße,Frankfurt am Main,DE,,https://www.equinix.com/data-centers/europe-colocation/germany-colocation/frankfurt-data-centers/fr2,8.739218,50.143002
WORLD,way,380282154,VISA Data Center,,,data_center,data_center,Russell Branch Parkway,Ashburn,,,,-77.445397,39.048766
WORLD,way,380518633,STT MediaHub,,,office,data_center,Media Link,Singapore,SG,6,https://www.sttelemediagdc.com/,103.791888,1.292241
WORLD,way,382785871,LightEdge Austin I,,,yes,data_center,Montopolis Drive,,,,https://www.lightedge.com/austin-data-center/,-97.712668,30.214297
WORLD,way,383545769,Skybox Chicago I,Skybox,Chicago I,data_center,data_center,Devon Avenue,Elk Grove Village,,3,https://www.skyboxdatacenters.com/locations/skybox-chicago,-87.973521,41.993661
WORLD,way,383728972,Hurricane Electric Fremont 1,Hurricane Electric,fmt1,industrial,data_center,Mission Court,Fremont,US,2,,-121.931024,37.489885
WORLD,way,383796776,,Aligned Data Centers,,,data_center,,,,,,-82.718957,41.432198
WORLD,way,383888101,Lumen Austin 1,,,warehouse,data_center,Smith School Road,,,,,-97.712402,30.1965
WORLD,way,383888914,Data Foundry - Texas 1,,,yes,data_center,Smith School Road,Austin,,,https://www.datafoundry.com/data-centers/data-foundry-01/,-97.713784,30.198907
WORLD,way,384310259,XO Fremont,XO,,yes,data_center,Warm Springs Boulevard,,,,,-121.922107,37.475325
WORLD,way,384310269,Hurricane Electric Fremont 2,Hurricane Electric,fmt2,yes,data_center,Warm Springs Boulevard,Fremont,US,2,,-121.920291,37.471834
WORLD,way,384396017,Element Critical,,,yes,data_center,North Interstate Highway 35 Service Road,,,,,-97.696173,30.342804
WORLD,way,384690290,Element Critical CH1,Element Critical,CH1,industrial,data_center,North Edgewood Avenue,Wood Dale,,2,https://elementcritical.com/data-centers/chicago-one/,-87.964691,41.975732
WORLD,way,387208881,165 Halsey / Equinix NY1 / Databank EWR1,Tishman,,yes,data_center,Halsey Street,Newark,,,,-74.173888,40.73673
WORLD,way,387378765,QTS Suwanee Data Center 1,Quality Technology Services,,yes,data_center,Satellite Boulevard Northwest,,,,,-84.061106,34.035396
WORLD,way,387379196,QTS Suwanee Data Center 2,Quality Technology Services,,yes,data_center,Satellite Boulevard Northwest,,,,,-84.057696,34.037062
WORLD,way,387918535,aixit GmbH,,,commercial,data_center,Rebstöcker Straße,Frankfurt am Main,DE,,https://www.aixit.com/standorte/rechenzentrum-frankfurt,8.629063,50.100548
WORLD,way,388148510,TierPoint Little Rock,,,yes,data_center,,,,,https://www.tierpoint.com/data-centers/arkansas/little-rock/,-92.444723,34.75624
WORLD,way,389875923,Datacenter Burcht,Datacenter United / DCstar nv,DCB,data_center,data_center,Antwerpsesteenweg,,,,https://datacenterunited.com/datacenters/datacenter-burcht,4.347,51.211078
WORLD,way,389904565,Microsoft,Microsoft,,yes,data_center,Mucurapo Road,Mucurapo,,,,-61.539361,10.671774
WORLD,way,390287635,Equinix SV6,Equinix,SV6,data_center,data_center,Toyama Drive,Sunnyvale,,,https://www.equinix.co.uk/locations/united-states-colocation/silicon-valley-data-centers/sv6/,-122.014558,37.399627
WORLD,way,391262514,Keppel DC Singapore 5,,,industrial,data_center,Sunview Way,Singapore,SG,5,https://www.keppeldatacentres.com/locations/asia-pacific/singapore/keppel-dc-singapore-5/,103.700204,1.31958
WORLD,way,392324240,Flexential Atlanta - Norcross,Flexential,,yes,data_center,Northwoods Parkway,Norcross,,,https://www.flexential.com/data-centers/ga/atlanta/norcross-data-center,-84.198525,33.95474
WORLD,way,393243674,Iron Mountain London LON-1,Iron Mountain,,data_center,data_center,Dundee Road,Slough,,,https://www.ironmountain.com/data-centers/locations/london-data-center,-0.63332,51.526796
WORLD,way,394251157,NEXTDC - S1 Sydney,NextDC,S1,industrial,data_center,Eden Park Drive,,,3,https://www.nextdc.com/data-centres/sydney-data-centres/s1-sydney,151.131506,-33.785183
WORLD,way,396296733,Centersquare Lynnwood SE1,Centersquare,SE1,yes,data_center,Highway 99,Lynnwood,,,https://centersquaredc.com/hubfs/CenterSquare/docs/Centersquare-SEA-SpecSheet.pdf,-122.301665,47.841809
WORLD,way,397803546,GAD-Rechenzentrum 2,Atruvia AG,2,data_center,data_center,Stockholmer Straße,Münster,DE,,,7.596304,51.893474
WORLD,way,397914434,Apple,Apple Inc.,,industrial,data_center,,,,,,-120.875077,44.289416
WORLD,way,398917168,Ministry of Government Services Data Centre,The Government of Ontario,,yes,data_center,Southgate Drive,Guelph,,,,-80.194152,43.484099
WORLD,way,400053469,,,,data_center,,улица Конструктора Лукина,,,,,37.157298,56.003605
WORLD,way,400540223,Walmart Colorado Data Center,Walmart,,data_center,data_center,,,,,,-104.787263,38.985733
WORLD,way,403124342,,,,yes,data_center,,,,,,-1.884853,53.709111
WORLD,way,403124345,,,,yes,data_center,,,,,,-1.883349,53.70842
WORLD,way,403874334,Digital Realty FRA11,Digital Realty,,data_center,data_center,Weismüllerstraße,Frankfurt am Main,DE,5,,8.739034,50.119739
WORLD,way,404645122,Scientific Computing Center,,,,data_center,,,,,,8.432454,49.096035
WORLD,way,405034574,Verizon,,,industrial,data_center,World Communications Drive,Omaha,,,,-96.027802,41.338343
WORLD,way,405034584,Verizon,,,industrial,data_center,World Communications Drive,Omaha,,,,-96.028618,41.338444
WORLD,way,406798589,,1&1 Internet SE,,,data_center,,,,,,8.128248,48.972134
WORLD,way,408012357,George C. Wallace Alabama Supercomputer Center,Alabama Supercomputer Authority,,government_office,data_center,Discovery Drive Northwest,Huntsville,,,,-86.673102,34.73654
WORLD,way,409027020,Equinix,Equinix,LA7,yes,data_center,Francisco Street,Torrance,,,https://www.equinix.com/data-centers/americas-colocation/united-states-colocation/los-angeles-data-centers/la7,-118.304081,33.850752
WORLD,way,409296605,Digital Realty Chicago ORD12,Digital Realty,ORD12,industrial,data_center,West Grand Avenue,Franklin Park,,3,https://www.digitalrealty.com/data-centers/americas/chicago/ord12,-87.859254,41.928356
WORLD,way,409707108,Pusdatin Unpatti,Universitas Pattimura,,yes,data_center,,,,,,128.194499,-3.654324
WORLD,way,409891677,Spark Data Centre,Spark New Zealand,,yes,data_center,Perimeter Road,Christchurch,NZ,,,172.545596,-43.49248
WORLD,way,409891699,HP Secure,,,warehouse,data_center,,,,,,172.541459,-43.500798
WORLD,way,410035541,Rechenzentrum KÜS Data,,,commercial,data_center,Prof.-Pirlet-Straße,Losheim am See,DE,2,,6.804246,49.505053
WORLD,way,410408067,,,,yes,data_center,,,,,,-119.864626,47.237669
WORLD,way,410408073,Microsoft,Microsoft,,data_center,data_center,,,,,,-119.883009,47.239478
WORLD,way,410408074,Microsoft,Microsoft,,data_center,data_center,,,,,,-119.88308,47.238575
WORLD,way,410408079,,,,yes,data_center,,,,,,-119.859406,47.239488
WORLD,way,413169015,IXcellerate North MOS 3,IXcellerate,MOS 1,data_center,data_center,Алтуфьевское шоссе,,,,,37.578219,55.863374
WORLD,way,413681245,noris Munich MUC5,noris,MUC5,,data_center,,,,,https://www.noris.de/en/data-centers/dc-munich-east/,11.737677,48.161286
WORLD,way,414055239,,,,yes,data_center,,,,,,-104.901853,41.126294
WORLD,way,414767154,Polcom Data Center Alwernia,Polcom,,data_center,,Zamkowa,Grojec,,,,19.556126,50.096921
WORLD,way,415686896,Scott Data Center,,,data_center,,Pine Street,,,,,-96.016459,41.242889
WORLD,way,416139055,Mainova WebHouse,,MWH01.1,industrial,data_center,Gwinnerstraße,Frankfurt am Main,DE,,,8.738546,50.135943
WORLD,way,417682780,KOMO Plaza East,,,yes,data_center,4th Avenue North,Seattle,,6,,-122.348287,47.619233
WORLD,way,417682781,KOMO Plaza West,,,yes,data_center,4th Avenue North,Seattle,,6,,-122.348526,47.61896
WORLD,way,418593276,Datové centrum Kokura,,ko,data_center,data_center,,,,2,,14.592898,50.117263
WORLD,way,421253670,CNRS,,,yes,data_center,,,,,,2.228082,48.649799
WORLD,way,421253671,,data4,,yes,data_center,,,,,,2.225048,48.651187
WORLD,way,421273622,Fidelity,Fidelity,,yes,data_center,,,,,,-96.083367,41.165524
WORLD,way,422730372,Turkcell Gebze Veri Merkezi,Turkcell Superonline,,industrial,data_center,,,,,,29.44526,40.823404
WORLD,way,424945736,,Centurylink,,data_center,data_center,North Nash Street,El Segundo,,,,-118.386223,33.917728
WORLD,way,424945845,Serverfarm - LAX1,Serverfarm LLC.,LAX1,industrial,data_center,North Nash Street,El Segundo,,,https://www.serverfarmllc.com/los-angeles-data-center/,-118.386459,33.921741
WORLD,way,424945852,DRT LAX12,Digital Realty,LAX4,data_center,data_center,East El Segundo Boulevard,El Segundo,,,,-118.384619,33.915659
WORLD,way,426586135,Google - Thornton,Google,,yes,data_center,Grant Street,Thorton,,2,,-104.983425,39.922465
WORLD,way,428021796,DRT LAX10,,LAX6,commercial,data_center,,,,7,,-118.25751,34.04733
WORLD,way,428021816,One Wilshire,,,commercial,data_center,South Grand Avenue,Los Angeles,,30,https://onewilshire.com/,-118.255541,34.047888
WORLD,way,429040021,,Bank of America,,industrial,data_center,White Oak Creek Drive,,,,,-77.237487,37.494395
WORLD,way,429540795,Firmus LST01,Firmus,LST01,yes,data_center,Killafaddy Road,,,,,147.176543,-41.440825
WORLD,way,429782814,UF Research Computing Center,University of Florida,1635,university,data_center,Northeast Waldo Road,Gainesville,,1,https://www.rc.ufl.edu/,-82.299929,29.672591
WORLD,way,430604130,中華電信,,,yes,data_center,,,,,,121.468994,22.668423
WORLD,way,431542356,Citibank Riverdale Data Centre,,,data_center,data_center,Molesworth Street,London,,6,,-0.013804,51.461151
WORLD,way,432584964,,,,data_center,,,,,1,,11.014247,49.449552
WORLD,way,435324552,"CyrusOne NVA1, NVA2 & NVA3",CyrusOne,NVA1;NVA2;NVA3,data_center,data_center,Ridgetop Circle,Sterling,,,https://www.cyrusone.com/data-centers/north-america/sterling-va-nva1-nva3,-77.41447,39.025902
WORLD,way,435518280,NAP of the Americas,,,yes,data_center,Northeast 9th Street,Miami,,6,,-80.19308,25.782389
WORLD,way,435531451,,,,yes,data_center,Northwest 22nd Street,Miami,,,,-80.230034,25.797545
WORLD,way,435698610,AMS06,Microsoft,AMS06,data_center,data_center,,,,,,5.037588,52.763623
WORLD,way,435698611,AMS06,Microsoft,AMS06,data_center,data_center,,,,,,5.037581,52.76452
WORLD,way,435817145,CyrusOne NVA5,CyrusOne,NVA5,data_center,data_center,Pacific Boulevard,Sterling,,,https://www.cyrusone.com/data-centers/north-america/virginia/nva5-sterling,-77.4341,39.024356
WORLD,way,436179911,Unidade Técnica de Aeronavegação - REDE (SERRAMAR),INFRAERO;DECA;Governo Federal,,,data_center,Rodovia Perito Criminal Engenheiro Antonio Carlos Moraes,São Bernardo do Campo,,,,-46.528299,-23.890751
WORLD,way,436617258,SDC - София,Neterra,,industrial,data_center,,,,3,,23.369301,42.656309
WORLD,way,436766762,Google Data Center Fredericia,Google,,,data_center,,,,,https://www.google.com/about/datacenters/locations/fredericia/,9.653174,55.557974
WORLD,way,437396883,,,,yes,data_center,Minnesota Court,,,,,-79.740136,43.604881
WORLD,way,437827192,,Nabiax,,data_center,,,,,,https://nabiax.com/nuestros-data-centers/espana/alcala-data-center/,-3.341785,40.518921
WORLD,way,438036943,Microsoft DUB03 / DUB04,Microsoft,DUB03 / DUB04,data_center,data_center,,,,,,-6.45426,53.324834
WORLD,way,438036944,Microsoft DUB05,Microsoft,DUB05,data_center,data_center,,,,,,-6.455481,53.324157
WORLD,way,438077632,Microsoft,Microsoft,,yes,data_center,,,,,,-93.824843,41.540609
WORLD,way,438078069,Facebook Altoona Data Center 1,Meta,,data_center,data_center,,,,,,-93.514758,41.664248
WORLD,way,438078070,Facebook Altoona Data Center 2,Meta,,data_center,data_center,,,,,,-93.508209,41.665512
WORLD,way,439230488,KBC Adatközpont,KBC GHB,,yes,data_center,,,,,,18.74053,47.27669
WORLD,way,439365340,Virginia Information Technologies Agency,,,public,data_center,Meadowville Lane,,,,https://www.vita.virginia.gov/,-77.331806,37.360703
WORLD,way,440105283,Maxxam Analytics International Inc.,,,industrial,data_center,,,,,,-79.741216,43.60568
WORLD,way,440666998,Xo Communications Colocation Data Center,,,yes,data_center,East Deere Avenue,Santa Ana,,1,,-117.850142,33.703594
WORLD,way,441502816,Lumen Technologies,,,data_center,,Franklin Avenue,Tustin,,,,-117.805776,33.716776
WORLD,way,441605807,,Equinix,,data_center,,,,,6,,4.96162,52.354723
WORLD,way,442479059,,,,yes,data_center,улица Солнечного Света,Южно-Сахалинск,,,,142.760326,46.910213
WORLD,way,443593674,Equinix International Business Exchange SY2 Data Center,Equinix,SY2,yes,data_center,Gardeners Road,,,3,https://www.equinix.com/data-centers/asia-pacific-colocation/australia-colocation/sydney-data-centers/sy2,151.188102,-33.921635
WORLD,way,444102062,Spark Data Centre,Spark,,yes,data_center,Popes Road,,,3,,174.924655,-37.031471
WORLD,way,444683815,Lumen,Lumen Technologies,,yes,data_center,West 2nd Avenue,Spokane,,,,-117.420001,47.654226
WORLD,way,445324887,,,,yes,data_center,Zachodnia,Grodzisk Mazowiecki,,,,20.600233,52.111289
WORLD,way,447240912,,Santander,,data_center,data_center,,,,,,-1.208979,52.58338
WORLD,way,447245005,NTT Slough 2,NTT,,yes,data_center,Ajax Avenue,Slough,,,,-0.616024,51.517019
WORLD,way,447245008,Digital Realty LHR26,Digital Realty,LHR26,data_center,data_center,Ajax Avenue,Slough,GB,,https://www.digitalrealty.com/data-centers/emea/london/lhr26,-0.617916,51.516456
WORLD,way,447245009,Kao Data KLON-06,Kao Data,,data_center,data_center,Galvin Road,Slough,GB,,https://kaodata.com/locations/slough,-0.616272,51.51557
WORLD,way,447245010,NTT Slough 3,NTT,,data_center,data_center,Ajax Avenue,Slough,,,,-0.614636,51.516365
WORLD,way,447320367,Digital Realty LHR27,Digital Realty,LHR27,data_center,data_center,Ajax Avenue,Slough,GB,,https://www.digitalrealty.com/data-centers/emea/london/lhr27,-0.61885,51.516715
WORLD,way,447803368,,,,yes,data_center,Sylvan Avenue,Madison,,,,-89.436704,43.067297
WORLD,way,448297409,Green Data Center Università di Pisa - Edificio Server,Università di Pisa,,yes,data_center,,,,,,10.353347,43.657912
WORLD,way,449246887,中華電信 新北三多測量台,,,,data_center,保安街二段,新北市,TW,,,121.412249,25.007331
WORLD,way,450078003,Equinix CU2,Equinix,,,data_center,Technology Drive,Culpeper,US,,https://www.equinix.com/,-77.978132,38.454844
WORLD,way,451413811,,,,retail,data_center,South 1st Street,San Jose,,2,,-121.887964,37.333633
WORLD,way,451491797,,,,data_center,,,,,,,-74.065551,40.784173
WORLD,way,451497833,Evocative Secaucus,Evocative,,yes,data_center,,,,,,-74.06805,40.787552
WORLD,way,452116337,BT Radianz: 492 River Road,bt,,yes,data_center,,,,,,-74.134187,40.821454
WORLD,way,452352449,,,,data_center,data_center,,,,,,6.863571,53.425232
WORLD,way,452352450,,,,data_center,data_center,,,,,,6.86212,53.424791
WORLD,way,452352451,,Google,,data_center,data_center,,,,,,6.865746,53.42584
WORLD,way,453074095,Centro de Datos GTD Surco,GTD Chile,,yes,data_center,Calle Enrique Villanueva,,,,,-76.977465,-12.125554
WORLD,way,453640737,KT 용산 IDC,KT,,yes,data_center,,,,6,,126.958951,37.535337
WORLD,way,453714808,,,GBL2,industrial,data_center,,,,,,3.86482,50.466112
WORLD,way,453969917,Time Warner Datacenter,,,commercial,data_center,East Peakview Avenue,Centennial,,,,-104.860378,39.598961
WORLD,way,453969923,Time Warner Datacenter,,,yes,data_center,East Peakview Avenue,Centennial,,,,-104.86017,39.599933
WORLD,way,455171103,CyrusOne Austin Data Center III,,AUS3,yes,data_center,Metropolis Drive,,,,https://www.cyrusone.com/data-centers/north-america/texas/aus3-austin,-97.701132,30.207006
WORLD,way,455411492,Computer Labs,,,yes,data_center,,,,,,35.026918,-15.776057
WORLD,way,455499803,QTS Eemshaven Netherlands Data Center,Quality Technology Services,EEM1,,data_center,Huibertgatweg,Eemshaven,,,https://q.com/data-centers/netherlands-eemshaven/,6.858112,53.437501
WORLD,way,455956943,Rosebank Exchange,Telkom,,yes,data_center,,,,,,28.043485,-26.14682
WORLD,way,456509334,,,,data_center,data_center,,,,5,,121.425958,25.029157
WORLD,way,457994055,,,,commercial,data_center,,,,,,139.403494,35.610675
WORLD,way,457994056,,,,yes,data_center,,,,,,139.402783,35.610123
WORLD,way,459025630,,CapitaLand Ascendas REIT,,data_center,,Coronation Road,High Wycombe,,,https://www.capitaland-ascendasreit.com/en/our-portfolio/united-kingdom---europe/data-centres/cressex-businesspark.html,-0.77903,51.6199
WORLD,way,459188722,Manasquan Cable Landing Station (Apollo),Vodafone,,data_center,data_center,,,,,,-74.101582,40.157044
WORLD,way,459188725,Cable & Wireless Cable Landing Station,,,commercial,data_center,Ramsey Road,Shirley,,,,-72.883376,40.843652
WORLD,way,459572486,VIRTUS London 4,VIRTUS,LONDON4,data_center,data_center,Liverpool Road,Slough,,,https://virtusdatacentres.com/locations/uk/london/london-4-slough,-0.621345,51.522822
WORLD,way,459589221,UBS Data Centre,UBS,,data_center,data_center,Clayton Road,Hayes,,,,-0.427146,51.506772
WORLD,way,459600800,Virtus London 10,Virtus,,yes,data_center,Buckingham Avenue,Slough,,,,-0.620939,51.521433
WORLD,way,459600829,Lumen,Lumen Technologies,,data_center,data_center,Edinburgh Avenue,,,,,-0.617147,51.522915
WORLD,way,459613192,Equinix LD9,Equinix,LD9,data_center,data_center,,,,,,-0.255897,51.530007
WORLD,way,459879213,Hetzner data center - HEL1,Hetzner Finland Oy,,,data_center,,,,,,25.031223,60.342247
WORLD,way,460010262,Pulsant Milton Keynes SE-1,Pulsant,SE-1,data_center,data_center,Rockingham Drive,Milton Keynes,,,https://www.pulsant.com/colocation-milton-keynes-datacentre,-0.755382,52.055074
WORLD,way,460010263,,,,data_center,data_center,,,,,,-0.757243,52.054687
WORLD,way,460050155,Equinix Ashburn DC10,Equinix,DC10,data_center,data_center,Beaumeade Circle,Ashburn,,,https://www.equinix.com/data-centers/americas-colocation/united-states-colocation/washington-dc-data-centers/dc10,-77.451489,39.021005
WORLD,way,460053028,Amazon Web Services Datacenter Complex,Amazon Web Services,,,data_center,,,,,,-77.451631,39.026331
WORLD,way,460053030,Amazon Web Services,Amazon Web Services,,,data_center,,,,,,-77.458838,39.028807
WORLD,way,460056017,Amazon IAD-61,Amazon Web Services,Amazon IAD-61,data_center,data_center,,,,,,-77.491987,38.915805
WORLD,way,460056018,,,,,data_center,,,,,,-77.442257,38.986515
WORLD,way,460056019,Amazon IAD51,Amazon Web Services,Amazon IAD51,data_center,data_center,,,,,,-77.436511,38.991412
WORLD,way,460056020,Amazon IAD56,Amazon Web Services,Amazon IAD56,data_center,data_center,,,,,,-77.437059,38.99057
WORLD,way,460056023,Amazon IAD16,Amazon Web Services,Amazon IAD16,data_center,data_center,Dulles Summit Court,Sterling,,,,-77.44884,38.990686
WORLD,way,460056024,Amazon IAD15,Amazon Web Services,Amazon IAD15,data_center,data_center,Dulles Summit Court,Sterling,,,,-77.448564,38.991708
WORLD,way,460059465,Amazon IAD14,Amazon Web Services,IAD14,data_center,data_center,Brewers Spring Road,Manassas,,,,-77.548229,38.789885
WORLD,way,460060340,Amazon IAD59,Amazon Web Services,IAD59,data_center,data_center,Doane Drive,Manassas,,,,-77.548467,38.792187
WORLD,way,460060341,Amazon IAD52,Amazon Web Services,IAD52,data_center,data_center,Brewers Spring Road,Manassas,,,,-77.548386,38.791119
WORLD,way,460067225,Amazon AWS: Hilliard Data Center,Amazon Web Services us-east-2 datacenter,,,data_center,,,,,,-83.134284,40.059866
WORLD,way,460070135,Amazon Web Services,Amazon Web Services,,service,data_center,Beach Access Road,Umatilla,,,,-119.266324,45.915836
WORLD,way,460070136,Amazon Web Services,Amazon Web Services,,service,data_center,Beach Access Road,Umatilla,,,,-119.266527,45.915836
WORLD,way,460070137,Amazon Web Services,Amazon Web Services,,service,data_center,Beach Access Road,Umatilla,,,,-119.266726,45.915836
WORLD,way,460070138,Amazon Web Services,Amazon Web Services,,service,data_center,Beach Access Road,Umatilla,,,,-119.267112,45.915836
WORLD,way,460070139,Amazon Web Services,Amazon Web Services,,service,data_center,Beach Access Road,Umatilla,,,,-119.267316,45.915843
WORLD,way,460070140,Amazon Web Services,Amazon Web Services,,service,data_center,Beach Access Road,Umatilla,,,,-119.267512,45.915832
WORLD,way,460070141,Amazon Web Services,Amazon Web Services,,service,data_center,Beach Access Road,Umatilla,,,,-119.267717,45.915836
WORLD,way,460070143,Amazon Web Services,Amazon Web Services,PDX2,industrial,data_center,Beach Access Road,Umatilla,,,,-119.267751,45.916359
WORLD,way,460070144,Amazon Web Services,Amazon Web Services,PDX4,industrial,data_center,Rippee Road,Boardman,,,,-119.652769,45.841003
WORLD,way,460070145,Amazon Web Services,Amazon Web Services,PDX50/53,industrial,data_center,Lewis and Clark Drive,Boardman,,,,-119.629901,45.852239
WORLD,way,460070147,Amazon Web Services,Amazon Web Services,PDX1,industrial,data_center,Lewis and Clark Drive,Boardman,,,,-119.630524,45.850881
WORLD,way,460076753,Equinix San Jose SV3,Equinix,SV3,data_center,data_center,Lundy Avenue,San Jose,,,https://www.equinix.com/data-centers/americas-colocation/united-states-colocation/silicon-valley-data-centers/sv3,-121.888446,37.388274
WORLD,way,460085343,365 Main Street Data Center,Digital Realty,,data_center,data_center,Main Street,San Francisco,,,,-122.390469,37.788731
WORLD,way,460089167,Meta,Meta,FRC,industsrial,data_center,,,,,,-81.822055,35.31426
WORLD,way,460089168,Meta,Meta,FRC,industrial,data_center,,,,,,-81.82624,35.317368
WORLD,way,460117003,Amazon Web Services,Amazon Web Services,,data_center,data_center,,,,,,-6.363407,53.402989
WORLD,way,460159925,,NTT Limited,,data_center,data_center,Lundy Place,San Jose,,,,-121.889231,37.403964
WORLD,way,460159928,Csquare SFO1,Csquare,,data_center,data_center,Walsh Avenue,Santa Clara,,,https://www.csquare.com/data-centers/silicon-valley#santaclara-sfo1,-121.969825,37.37045
WORLD,way,460159955,,Vantage,,data_center,data_center,,,,,,-121.972505,37.371779
WORLD,way,460167186,Intergate Columbia B,Sabey Data Centers,,commercial,data_center,Grant Road,East Wenatchee,,,,-120.187524,47.407164
WORLD,way,460167187,Intergate Columbia A,Sabey Data Centers,,commercial,data_center,Grant Road,East Wenatchee,,,,-120.189398,47.408621
WORLD,way,460167190,Intergate Columbia,,,,data_center,,,,,,-120.1918,47.408011
WORLD,way,460175664,QTS Ashburn-Moran,Quality Technology Services,,data_center,data_center,Moran Road,,,,,-77.448201,38.994221
WORLD,way,460175666,Centersquare IAD4-A,Centersquare,IAD4-A,data_center,data_center,Beaumeade Circle,Ashburn,,,,-77.452798,39.021782
WORLD,way,460175672,AWS Building E,Amazon Web Services,,data_center,data_center,Devin Shafron Drive,Ashburn,,,,-77.485612,39.005052
WORLD,way,460177088,Digital Realty New Jersey EWR20,Digital Realty,EWR20,industrial,data_center,Delawanna Avenue,Clifton,,,https://www.digitalrealty.com/data-centers/americas/new-york/ewr20,-74.12675,40.829928
WORLD,way,460182320,CyrusOne Somerset,CyrusOne,,industrial,data_center,,,,,,-74.545723,40.537962
WORLD,way,460182335,BNY Mellon Somerset,,,industrial,data_center,,,,,,-74.553432,40.535869
WORLD,way,460182337,,Digital Realty,,data_center,data_center,,,,,,-74.555524,40.537526
WORLD,way,460182351,Digital Realty New Jersey EWR21,Digital Realty,EWR21,industrial,data_center,Peekay Drive,Clifton,,,https://www.digitalrealty.com/data-centers/americas/new-york/ewr21,-74.124514,40.830586
WORLD,way,460206687,Venture West,The Bunker Secure Hosting Ltd,,data_center,data_center,,,,,http://www.thebunker.net/our-data-centres/#newbury,-1.290472,51.37703
WORLD,way,460210729,The Bunker - South East Data Centre,Cyberfort,,data_center,data_center,,,,,,1.296328,51.271195
WORLD,way,460212563,,Centurylink,,data_center,data_center,,,,,,-118.343789,34.199869
WORLD,way,460244923,Unit 1,Galaxy Data Centers,,industrial,data_center,,,,,,-0.159689,51.247753
WORLD,way,460244927,Unit 3,Galaxy Data Centers,,industrial,data_center,,,,,,-0.15729,51.247941
WORLD,way,460244928,Unit 2,Galaxy Data Centers,,industrial,data_center,,,,,,-0.158625,51.247638
WORLD,way,460246772,The Chess Building,CapitaLand Ascendas REIT,,data_center,data_center,Caxton Way,Watford,,,https://www.capitaland-ascendasreit.com/en/our-portfolio/united-kingdom---europe/data-centres/the-chess-building.html,-0.427647,51.642849
WORLD,way,460956016,Imperium 315,NYSE Euronext,,data_center,data_center,Gardiners Lane South,Basildon,,,,0.484878,51.586675
WORLD,way,463443856,Equinix PA2,Equinix,PA2,industrial,data_center,Rue Ambroise Croizat,Saint-Denis,,4,https://www.equinix.com/data-centers/europe-colocation/france-colocation/paris-data-centers/pa2,2.35165,48.927592
WORLD,way,463571875,Amazon IAD78,Amazon Web Services,IAD78,data_center,data_center,Interconnection Plaza,Ashburn,,,,-77.44952,39.026368
WORLD,way,463571876,Amazon IAD79,Amazon Web Services,IAD79,data_center,data_center,Interconnection Plaza,Ashburn,,,,-77.45087,39.026357
WORLD,way,464097467,,,,data_center,data_center,,,,,,-119.548534,39.56711
WORLD,way,464277377,Дата-цэнтр А1,ТАА «А1 IКТ сэрвiсы»,,yes,data_center,Танкавая вуліца,Мінск,,,,27.736317,53.916561
WORLD,way,464371693,Kaiser Data Center,,,yes,data_center,,,,,,-122.273092,38.254065
WORLD,way,465032201,Lumen Dallas - 3180 Irving Blvd.,Lumen Technologies,,commercial,data_center,Irving Boulevard,Dallas,,,,-96.868589,32.806955
WORLD,way,465032380,Prime DFW01-01,Prime,DFW01-01,commercial,data_center,Round Table Drive,Dallas,,,https://primedatacenters.com/locations/dallas/,-96.878401,32.837958
WORLD,way,465032484,Lumen Dallas 6,Lumen Technologies,,commercial,data_center,Regal Row,,,,,-96.884379,32.827998
WORLD,way,465032631,DataBank Dallas Empire Central Data Center,DataBank,,commercial,data_center,Empire Central Place,Dallas,,,https://www.databank.com/data-centers/dallas/1100-empire-central-place/,-96.873553,32.82175
WORLD,way,465042594,TierPoint Dallas Data Center,TierPoint,,commercial,data_center,Irving Boulevard,Dallas,,,https://www.tierpoint.com/data-centers/texas/dallas/,-96.857389,32.807982
WORLD,way,465062052,Amazon IAD87,Amazon Web Services,IAD87,data_center,data_center,,,,,,-77.441172,38.991808
WORLD,way,465062053,Amazon IAD88,Amazon Web Services,IAD88,data_center,data_center,,,,,,-77.441868,38.990968
WORLD,way,465530450,Verizon,Verizon,,yes,data_center,,,,,,-104.877933,39.589248
WORLD,way,466483564,Set,,,office,data_center,Via Marosticana,Dueville,,,,11.574939,45.642359
WORLD,way,466516719,,,,data_center,,,,,,,-95.925848,41.251954
WORLD,way,466665870,PLAY Centrum Danych DC2,3S Data Center S.A.,,industrial,data_center,Gospodarcza,Katowice,,1,,19.064032,50.245697
WORLD,way,468707940,Stream Data Centers PHX-1,,,warehouse,data_center,South Litchfield Road,Goodyear,,1,,-112.359988,33.419491
WORLD,way,468717472,Greenfield,Crédit Agricole,,yes,data_center,,,,,,1.326838,48.470559
WORLD,way,468985576,安碁資訊,,,industrial,data_center,,,,6,,121.181677,24.849783
WORLD,way,471658485,Live Oak Data Center,,,commercial,data_center,Live Oak Street,Dallas,,12,,-96.794636,32.783749
WORLD,way,471691757,Stack Infrastructure - POR01,Stack Infrastructure,POR01A,industrial,data_center,Northeast Brookwood Parkway,Hillsboro,,,https://www.stackinfra.com/locations/americas/portland/por01/,-122.927818,45.549327
WORLD,way,471691760,Flexential Portland - Hillsboro 2,Flexential,,industrial,data_center,Northeast Huffman Street,Hillsboro,,,https://www.flexential.com/data-centers/or/portland/hillsboro2-data-center,-122.917165,45.558302
WORLD,way,472761713,NYSE Data Center,nyse,,yes,data_center,,,,,,-74.152912,41.078316
WORLD,way,472954201,AT&T,,,yes,data_center,East Palmdale Boulevard,Palmdale,,,,-118.114007,34.579978
WORLD,way,473164326,Mediterranean Nautilus Telekomunikasyon Hizmetleri Ticaret A.Ş. Veri Merkezi,,,data_center,data_center,Kımız Sokak,İstanbul,TR,5,,28.827106,40.993559
WORLD,way,474571273,,,,yes,data_center,,,,,,4.062697,49.236856
WORLD,way,474646358,Powertel Data Centre,,,yes,data_center,Flinders Street,,,,,144.961554,-37.818839
WORLD,way,474646359,Securiton Data Centre,,,yes,data_center,Collins Street,,,,,144.957767,-37.818875
WORLD,way,474646360,TPG Data Centre,,,yes,data_center,Dryburgh Street,,,,,144.943382,-37.801122
WORLD,way,474646361,Vocus DC-MEL04 Mitcham Data Centre,,,yes,data_center,Thornton Crescent,,,,,145.187735,-37.821432
WORLD,way,474646366,Fujitsu Data Centre,,,yes,data_center,Summit Road,,,,,145.185516,-37.947187
WORLD,way,474646367,Fujitsu Data Centre,,,yes,data_center,Summit Road,,,,,145.185751,-37.947627
WORLD,way,474646386,Micron21 Data Centre,,,yes,data_center,Eastspur Court,,,,,145.313985,-37.822106
WORLD,way,474646387,Telstra Clayton Data Centre,Telstra,,yes,data_center,Dandenong Road,,,,,145.131939,-37.920755
WORLD,way,474805151,Equinix International Business Exchange SY1 Data Center,Equinix,SY1,yes,data_center,Gardeners Road,,,1,https://www.equinix.com/data-centers/asia-pacific-colocation/australia-colocation/sydney-data-centers/sy1,151.188555,-33.920788
WORLD,way,474805152,Equinix International Business Exchange SY3 Data Center,Equinix,SY3,yes,data_center,Bourke Road,,,,https://www.equinix.com/data-centers/asia-pacific-colocation/australia-colocation/sydney-data-centers/sy3,151.192775,-33.911672
WORLD,way,474805153,DigiCo SYD1,DigiCo,SYD1,data_center,data_center,Harris Street,,,,https://www.digi-co.com.au/location/sydney-syd1/,151.198056,-33.87544
WORLD,way,474805155,Fujitsu Western Sydney Data Centre,Fujitsu,,yes,data_center,Bellevue Circuit,,,,https://www.fujitsu.com/au/services/data-centres/,150.92378,-33.821853
WORLD,way,474805156,Powertel Data Centre,,,,data_center,Clarence Street,,,,,151.204461,-33.864956
WORLD,way,474805163,Optus Data Centre,,,office,data_center,Harris Street,,,4,,151.198784,-33.878702
WORLD,way,474805164,TPG Data Centre,,,,data_center,Kent Street,,,,,151.203644,-33.863694
WORLD,way,474805165,Southern Cross Cable Network Landing Station,Southern Cross Cable Network,BRO,yes,data_center,Chard Road,,,2,https://www.southerncrosscables.com/access-points/brookvale,151.27373,-33.763655
WORLD,way,475111255,,NHN,,yes,data_center,,,,,,127.773597,37.889264
WORLD,way,475112270,네이버데이터센터 각,NHN,,yes,data_center,,,,,,127.773838,37.8893
WORLD,way,476609221,,,600,yes,data_center,Irwin Avenue,,,,,-104.521981,38.802671
WORLD,way,477316370,,,,data_center,,проспект Генерала Алексеева,Зеленоград,,2,,37.149205,56.009706
WORLD,way,477747581,Aire Canarias,AIRE,,office,data_center,Calle Párroco Villar Reina,,,,,-15.429133,28.11872
WORLD,way,478993292,CTC Kobe,CTC,,yes,data_center,,,,,https://www.ctc-g.co.jp/solutions/dc_kcc/,135.214405,34.864251
WORLD,way,479733626,,,,yes,data_center,,,,2,,128.640974,34.77776
WORLD,way,480762078,Siemens EDA - HDC / Data Center,Siemens Digital Industries Software,Juniper,industrial,data_center,Southwest Parkway Avenue,Wilsonville,,,,-122.76588,45.318717
WORLD,way,481615983,,Apple,,data_center,data_center,,,,,,9.573909,56.483256
WORLD,way,481746975,Nexeren,Nexeren,,yes,data_center,,,,,,4.878977,45.903817
WORLD,way,482217545,Equinix,Equinix,,yes,data_center,,,,9,,106.823126,-6.237274
WORLD,way,482360176,EDGE1,Digital Edge Indonesia,,yes,data_center,,,,11,,106.824514,-6.239053
WORLD,way,482532123,,Equinix,,data_center,,,,,12,,4.961234,52.354194
WORLD,way,482853508,Centre de Calcul de l’Université de Bourgogne,,,civic,data_center,Rue Recteur Marcel Bouchard,Dijon,,,https://ccub.u-bourgogne.fr/dnum-ccub/,5.070888,47.314917
WORLD,way,483286527,Aligned  DFW-01,Aligned,DFW-01,yes,data_center,Summit Avenue,Plano,,,https://aligneddc.com/dallas-data-centers/,-96.676562,33.009314
WORLD,way,483307714,Tierpoint Dallas-Allen,,,industrial,data_center,Allen Commerce Parkway,,,,,-96.657329,33.13791
WORLD,way,484728612,مايكروسوفت لبنان,Microsoft,,yes,data_center,جادة الأفرنسيين,,,,,35.502084,33.9008
WORLD,way,485764312,Yellowstone Data Center,,,data_center,data_center,,,,11,,106.836919,-6.21536
WORLD,way,485850331,,Digital Realty,MEL10,industrial,data_center,Radnor Drive,,,,,144.779304,-37.781861
WORLD,way,487170215,,DXC Technology,,yes,data_center,,,,,,-95.863747,30.0187
WORLD,way,487510946,Level3 Mendoza,Lumen Technologies,,,data_center,Carril Rodríguez Peña,Godoy Cruz,,,,-68.809998,-32.929803
WORLD,way,489130425,Equinix ZRH5,"Equinix, Inc.",,data_center,,Allmendstrasse,Oberengstringen,,,,8.46069,47.405793
WORLD,way,489387401,Bell Aliant PEI,Bell Canada,,service,data_center,Belvedere Avenue,Charlottetown,,,,-63.143674,46.251024
WORLD,way,490844969,DataVita DV1,DataVita,DV1,data_center,data_center,York Road,Airdrie,,,https://www.datavita.co.uk/location/dv1-data-centre-lanarkshire,-3.952515,55.834431
WORLD,way,490997243,Amazon IAD73,Amazon Web Services,IAD73,data_center,data_center,Wellington Road,Manassas,,,,-77.559099,38.777979
WORLD,way,490997244,Amazon IAD74,Amazon Web Services,IAD74,data_center,data_center,Wellington Road,Manassas,,,,-77.557891,38.777437
WORLD,way,491914767,H5 Data Center,,,yes,data_center,Rockwell Avenue,Cleveland,,4,https://h5datacenters.com/cleveland-data-center.html,-81.683589,41.506356
WORLD,way,492699069,TPx Colocation Datacenter,TPx Communications,,commercial,data_center,East Dyer Road,Santa Ana,,,,-117.844104,33.707506
WORLD,way,495115494,,,,,data_center,South Grand Avenue,Los Angeles,,30,,-118.255569,34.047915
WORLD,way,495918562,MAD1,Digital Realty,,data_center,,Calle de Albasanz,Madrid,,,https://www.digitalrealty.com/data-centers/emea/madrid/mad1,-3.621423,40.439509
WORLD,way,495918682,MAD2,Digital Realty,,data_center,,Calle de Albasanz,Madrid,,,https://www.digitalrealty.com/data-centers/emea/madrid/mad2,-3.620984,40.439653
WORLD,way,497151852,Cologix Jacksonville JAX1,,,apartments,data_center,,,,9,https://cologix.com/data-centers/jacksonville/jax1/,-81.662426,30.33143
WORLD,way,497956675,Telehouse North Two,Telehouse,,yes,data_center,Coriander Avenue,London,GB,6,https://www.telehouse.net/data-centre-services/uk/london/telehouse-north-two/,-0.000547,51.512105
WORLD,way,499403180,Microsoft,Microsoft,,data_center,data_center,,,,,,-119.88741,47.239487
WORLD,way,499403698,,,,yes,data_center,,,,,,-119.864537,47.238593
WORLD,way,499403699,,,,data_center,data_center,,,,,,-119.825507,47.247545
WORLD,way,499619543,CyrusOne FRA2,CyrusOne,,data_center,data_center,Leonhard-Heißwolf-Straße,Frankfurt am Main,,,https://www.cyrusone.com/data-centers/europe/germany/fra2-frankfurt,8.582662,50.127664
WORLD,way,499619544,Digital Realty FRA30,Digital Realty,,data_center,data_center,Wilhelm-Fay-Straße,Frankfurt am Main,,,,8.585947,50.127115
WORLD,way,500820007,Facebook Fort Worth Datacenter,Meta,,commercial,data_center,Like Way,,,1,,-97.259335,32.983783
WORLD,way,501251141,MAD3,Digital Realty,,data_center,,Calle de Emilio Muñoz,Madrid,,,https://www.digitalrealty.com/data-centers/emea/madrid/mad3,-3.62407,40.434177
WORLD,way,502927599,Data Center Lenexa,,,yes,data_center,Lakeview Avenue,Lenexa,,1,,-94.770316,38.925164
WORLD,way,503988314,The Horizon Centre,,,industrial,data_center,,,,,,-0.645899,52.516024
WORLD,way,507122061,Equinix ME1,Equinix,ME1,yes,data_center,Lorimer Street,,AU,,https://www.equinix.com.au/data-centers/asia-pacific-colocation/australia-colocation/melbourne-data-centers/me1,144.915508,-37.823208
WORLD,way,507673418,CITIGROUP TECHNOLOGY INC,,,yes,data_center,,,,,,-97.24529,33.006382
WORLD,way,507673437,QTS Data Center,Quality Technology Services,,yes,data_center,,,,,,-97.259274,32.988913
WORLD,way,509473117,中華電信台南營運處第二客戶網路中心,中華電信,,data_center,data_center,中華西路一段,臺南市,TW,,,120.183335,22.96948
WORLD,way,509611414,Texas Cryptologic Center,National Security Agency,,,data_center,,,,,,-98.640716,29.447379
WORLD,way,509611423,Lowe's Data Center,Lowe's,,data_center,data_center,,,,,,-98.689504,29.473008
WORLD,way,509611426,,CHRISTUS Health,,data_center,data_center,,,,,,-98.686191,29.470328
WORLD,way,509611429,,Frost Bank,,data_center,data_center,,,,,,-98.687667,29.470212
WORLD,way,509611432,CyrusOne San Antonio I,CyrusOne,,data_center,data_center,Westover Hills Boulevard,San Antonio,,,https://cyrusone.com/data-center-locations/texas/san-antonio-texas/,-98.688087,29.46661
WORLD,way,509611436,Valero Wiserman,Valero,,industrial,data_center,,,,,,-98.680079,29.474237
WORLD,way,509611437,Stream San Antonio II,,,data_center,data_center,,,,,,-98.67172,29.472003
WORLD,way,509611438,CyrusOne San Antonio II,CyrusOne,,data_center,data_center,,,,,https://cyrusone.com/data-center-locations/texas/san-antonio-texas-ii/,-98.673047,29.470888
WORLD,way,509611439,CyrusOne San Antonio III,CyrusOne,,data_center,data_center,,,,,,-98.672106,29.470057
WORLD,way,509892105,Castle IT,,,industrial,data_center,Rue des Pies Grièches,Larçay,,,,0.76929,47.349224
WORLD,way,510493859,DXC Technology,,,commercial,data_center,Vantage Point Business Village,Mitcheldean,,,,-2.485802,51.871529
WORLD,way,513188016,,,,yes,data_center,,,,,,-63.192144,-32.465398
WORLD,way,513703429,Microsoft DUB06,Microsoft,DUB06,data_center,data_center,,,,,,-6.439856,53.322376
WORLD,way,515421881,,VicTrack,,warehouse,data_center,,,,,,144.884905,-37.832112
WORLD,way,515596349,,,,commercial,data_center,,,,10,,-73.563403,45.497226
WORLD,way,516481255,EXA Infrastructure - St James House,EXA Infrastructure,,data_center,data_center,,,,2,,-0.765425,51.41291
WORLD,way,516686211,Spectrum Charlotte National Data Center,,,commercial,data_center,Green Ridge Drive,Charlotte,,,,-80.916223,35.142808
WORLD,way,517078437,Telenet servergebouw,Telenet Group NV,,data_center,data_center,,,,,,4.485413,51.036052
WORLD,way,517411076,Apple,Apple Inc.,,industrial,data_center,,,,,,-120.870177,44.288935
WORLD,way,517923512,"ЦОД ""Дубровка-3""",Selectel,,data_center,data_center,Советская улица,,,,,30.935484,59.834646
WORLD,way,518701317,Meta Clonee 1 Data Center,Meta,CLN1,data_center,data_center,,,,,,-6.433079,53.416931
WORLD,way,521300038,Microsoft Texas Research Park Campus,Microsoft,,,data_center,,,,,,-98.803786,29.415597
WORLD,way,523833987,CANTV Alta Vista,CANTV,,office,data_center,Calle Aro,Ciudad Guayana (Puerto Ordaz),,,,-62.730012,8.293003
WORLD,way,523886201,Cyxtera Tampa TP1,Cyxtera,TPA1,yes,data_center,Florida Palm Drive,Tampa,,,,-82.351102,27.945535
WORLD,way,524879451,STACK MILL1A,STACK,MILL1A,data_center,data_center,,,,,,9.20606,45.331206
WORLD,way,525060850,DC Blox Chattanooga,,,yes,data_center,,,,,,-85.297252,35.03155
WORLD,way,525667518,ETIX Nantes #2,ETIX,,service,data_center,,,,,,-1.469261,47.27783
WORLD,way,526426719,,,,warehouse,data_center,Humphrys Road,Dunstable,,,,-0.501319,51.897735
WORLD,way,526806006,QTS Irving - Dallas Data Center Campus,Quality Technology Services,DAL10,yes,data_center,Longhorn Drive,Irving,,,https://www.qtsdatacenters.com/data-centers/irving,-96.982648,32.897248
WORLD,way,527166726,NTT市川中山ビル,NTT東日本,,yes,data_center,,,,,,139.941984,35.716219
WORLD,way,530024353,Centersquare Lisle ORD4 Data Center,Centersquare,ORD4,warehouse,data_center,Western Avenue,Lisle,,,https://centersquaredc.com/data-centers/chicago#lisle-ord4,-88.094886,41.802341
WORLD,way,530982335,GoDaddy - Gilbert,,,yes,data_center,West Obispo Avenue,Gilbert,,,,-111.83929,33.361931
WORLD,way,531709017,AT&T Center,American Telephone & Telegraph,,industrial,data_center,Robinson Avenue,San Diego,,,,-117.158954,32.747654
WORLD,way,532115060,Turkcell Edirne Veri Merkezi,Turkcell,,yes,data_center,,,,,,26.584413,41.681717
WORLD,way,533842335,,,,commercial,data_center,,,,,,-86.764136,36.1405
WORLD,way,533951022,,,,data_center,data_center,環保大道 Wan Po Road,,,11,,114.27417,22.293372
WORLD,way,535050123,,FIS-ASP GmbH,,yes,data_center,,,,,,10.203369,49.996539
WORLD,way,536784688,CenturyLink,,CenturyLink,yes,data_center,,,,,,-84.383739,33.765139
WORLD,way,537172525,,,,yes,data_center,,,,,,-104.898089,41.124033
WORLD,way,537172526,,,,yes,data_center,,,,,,-104.899269,41.124037
WORLD,way,537172527,,,,yes,data_center,,,,,,-104.899271,41.125284
WORLD,way,537172528,,,,yes,data_center,,,,,,-104.898083,41.125287
WORLD,way,537218289,ST2,,,yes,data_center,,,,,,-70.851132,-33.448134
WORLD,way,537371615,,RATP,,industrial,data_center,Avenue Jean Jaurès,,,,,2.301305,48.800643
WORLD,way,537807168,Expedient Pittsburgh South,Expedient,,data_center,data_center,Parish Street,Pittsburgh,,,https://www.expedient.com/data-centers/pittsburgh/,-80.042521,40.427371
WORLD,way,538103967,Digital Realty Dublin DUB3,Digital Realty,DUB3,data_center,data_center,,,,,https://www.digitalrealty.com/data-centers/emea/dublin/dub3,-6.443032,53.329628
WORLD,way,538906747,Microsoft DUB07,Microsoft,DUB07,data_center,data_center,,,,,,-6.443538,53.323074
WORLD,way,540389197,ETIX Nantes #1,ETIX,,office,data_center,Impasse Joséphine Baker,Saint-Herblain,,3,,-1.631016,47.231469
WORLD,way,540895898,Битривер Рус,,,data_center,data_center,проезд Стройиндустрии,,,,https://bitriver.farm/,101.719297,56.303832
WORLD,way,543117031,Centersquare: Phoenix - (PHX1 - Mesa),Centersquare,,yes,data_center,West University Drive,Mesa,,,,-111.859019,33.421254
WORLD,way,543316327,,DXC Technology,,yes,data_center,,,,,,-95.563333,29.995198
WORLD,way,543404966,,DXC Technology,,yes,data_center,,,,,,-95.56404,29.997335
WORLD,way,543635462,Metas datacenter i Luleå,Meta,,yes,data_center,Datavägen,,SE,,,22.113008,65.620446
WORLD,way,543967654,Rechenzentrum Hartmann GmbH & Co. KG,,,data_center,data_center,,,,2,https://www.rzhartmann.de/,6.451478,51.19425
WORLD,way,544451114,DigiCo ADL1,DigiCo,ADL1,yes,data_center,Woomera Avenue,,,,https://www.digi-co.com.au/location/adelaide-adl1/,138.644023,-34.740409
WORLD,way,544536822,Liquid Web,,,yes,data_center,,,,,https://www.liquidweb.com/,-84.643042,42.687953
WORLD,way,544596573,Amazon IAD63,Amazon Web Services,IAD63,yes,data_center,,,,,,-77.493251,38.916885
WORLD,way,545060574,"Liquid Web, Inc",,,yes,data_center,Ena Drive,Lansing,,2,https://www.liquidweb.com/,-84.666089,42.70539
WORLD,way,545388839,NTT BKK2 Data Center,NTT,BKK2,industrial,data_center,,,,,,101.048922,13.443277
WORLD,way,545396372,Amazon IAD62,Amazon Web Services,IAD62,data_center,data_center,,,,,,-77.519875,38.949322
WORLD,way,545704217,,,,yes,data_center,Logan Road,Acworth,,,,-84.675903,34.0707
WORLD,way,545895086,ADP South Dakota,,,yes,data_center,,,,,,-96.794757,43.599914
WORLD,way,546415184,NWI Telecom,,,yes,data_center,,,,2,,-47.91051,-15.791956
WORLD,way,547156394,TJX Corporate Techno,,,yes,data_center,,,,,,-82.810615,40.103889
WORLD,way,547156405,Compugen New Albany,,,yes,data_center,,,,,,-82.804912,40.104599
WORLD,way,547247379,synaforce GmbH,,,industrial,data_center,IT-Zentrum,,,,https://www.synaforce.com/,13.119723,48.671789
WORLD,way,547277699,Compugen New Albany,,,yes,data_center,,,,,,-82.808903,40.103714
WORLD,way,547351129,Digital Realty DUB4,Digital Realty,DUB4,data_center,data_center,,,,,https://www.digitalrealty.nl/data-centers/emea/dublin/dub4,-6.442061,53.313893
WORLD,way,547351131,Google,Google,,data_center,data_center,,,,,https://www.google.com/about/datacenters/locations/dublin/,-6.451078,53.314787
WORLD,way,548184239,Flexential Dallas - Richardson,Flexential,,commercial,data_center,Waterview Parkway,Richardson,,2,https://www.flexential.com/data-centers/tx/dallas/richardson-data-center,-96.752497,32.994812
WORLD,way,548822686,,,,yes,data_center,,,,,,48.008901,33.438281
WORLD,way,548822689,,,,yes,data_center,,,,,,48.0012,33.444089
WORLD,way,548822690,,,,yes,data_center,,,,,,48.001915,33.443767
WORLD,way,549418041,Experian McKinney Data Center,,,office,data_center,South Stonebridge Drive,,,,,-96.725505,33.171796
WORLD,way,549728082,TelemaxX IPC5,TelemaxX Telekommunikation GmbH,,data_center,data_center,Friedrich-List-Straße,Stutensee,DE,,,8.45823,49.077762
WORLD,way,550355261,Digital Fortress: Richmond,Digital Fortress,,industrial,data_center,Meadowville Technology Parkway,,,,,-77.327038,37.360061
WORLD,way,551063056,RZO - Rechenzentrum Ostschweiz,,,data_center,,Forren,Gais,CH,,,9.449827,47.357463
WORLD,way,551387747,,,,commercial,data_center,,,,,,-83.002579,40.115743
WORLD,way,551480895,OVHcloud Gravelines,OVHcloud,GRA-1,,data_center,Route de la Ferme Masson,Gravelines,,,https://www.ovh.com/fr/a1141.datacenter-ovh-gravelines,2.15523,51.016653
WORLD,way,553223628,Stack Infrastructure,Stack Infrastructure,,yes,data_center,,,,,,-121.893391,37.40256
WORLD,way,553223629,Stack Infrastructure,Stack Infrastructure,,yes,data_center,,,,,,-121.892387,37.402209
WORLD,way,553651276,VITRO Parañaque,ePLDT,,,data_center,Dr. A. Santos Avenue,Parañaque,,,,121.027515,14.463026
WORLD,way,553884511,Carfax,,,commercial,data_center,,,,,,-92.288606,38.923517
WORLD,way,554896775,Bitfury,,,industrial,data_center,,,,,,44.862779,41.808246
WORLD,way,556564909,Facebook Altoona Data Center 3,Meta,,data_center,data_center,,,,,,-93.506565,41.667052
WORLD,way,556599693,Amazon IAD71,Amazon Web Services,IAD71,data_center,data_center,Smith Switch Road,Ashburn,,,,-77.4575,39.027906
WORLD,way,556599694,Amazon IAD50,Amazon Web Services,IAD50,data_center,data_center,Smith Switch Road,Ashburn,,,,-77.459655,39.029562
WORLD,way,556599695,Amazon IAD60,Amazon Web Services,IAD60,data_center,data_center,Smith Switch Road,Ashburn,,,,-77.458246,39.028774
WORLD,way,557140229,Amazon Web Services,Amazon Web Services,,data_center,data_center,,,,,,-97.070297,32.850483
WORLD,way,557360778,Equinix TY3,Equinix,TY3,yes,data_center,,江東区,,,https://www.equinix.com/jp/ja/data-centers/asia-pacific-colocation/japan-colocation/tokyo-data-centers/ty3,139.803396,35.656702
WORLD,way,558958575,nLighten Swindon,,BRS2,industrial,data_center,,,,,https://www.nlighten.com/en/edge-location/swindon/,-1.730198,51.602008
WORLD,way,562775657,Amazon Web Services  CMH50,Amazon Web Services,CMH50,warehouse,data_center,,,,,,-82.751339,40.09463
WORLD,way,567466101,Equinix Abu Dhabi AD1,Equinix,,industrial,data_center,,,,,,54.622309,24.418929
WORLD,way,567575425,,,,yes,data_center,,,,,,-111.604268,33.347033
WORLD,way,567684460,高知信用金庫バックアップセンター,高知信用金庫,,yes,data_center,,,,,,133.487893,33.504628
WORLD,way,567894059,,,,yes,,,,,,,-85.887072,39.185856
WORLD,way,568657795,Servergebäude,Universität Münster,,university,data_center,,,,2,,7.603811,51.966239
WORLD,way,570397131,Thin-nology,,,yes,data_center,Helios Way,Pflugerville,,,,-97.591603,30.421141
WORLD,way,571010571,CyrusOne Norwalk,CyrusOne,,yes,data_center,,,,,,-73.388649,41.113092
WORLD,way,571018421,Data4 Italia - Campus MIL01 - DC01,Data4 Italia,DC01,yes,data_center,,,,,,9.036169,45.471259
WORLD,way,571018422,Data4 Italia - Campus MIL01 - DC02,Data4 Italia,DC02,yes,data_center,,,,,,9.037061,45.471542
WORLD,way,571018423,Data4 Italia - Campus MIL01 - DC03,Data4 Italia,DC04,yes,data_center,,,,,,9.036584,45.470637
WORLD,way,574135457,Ark Data Centres,Ark Data Centres,,data_center,data_center,,,,,,-2.218503,51.418745
WORLD,way,574135468,Ark Data Centres,Ark Data Centres,,data_center,data_center,,,,,,-2.220576,51.418363
WORLD,way,574135471,Ark Data Centres,Ark Data Centres,,data_center,data_center,,,,,,-2.22305,51.418464
WORLD,way,577628941,Data Foundry - Texas 2,,,yes,data_center,Smith School Road,Austin,,,https://www.datafoundry.com/data-centers/data-foundry-02/,-97.71307,30.199574
WORLD,way,578435601,Google Datacenter - Douglas County,Google,,,data_center,,,,,https://www.google.com/about/datacenters/locations/douglas-county/,-84.585682,33.750447
WORLD,way,578443547,Microsoft - Azure Datacenter,Microsoft,,industrial,data_center,Northwest Avenue,Northlake,,,,-87.918263,41.922956
WORLD,way,580201100,NTT,NTT,,data_center,data_center,,,,,,8.603347,50.129452
WORLD,way,581234765,Cloud Storage Corp,,,yes,data_center,Canterbury Drive,Hays,,,https://www.cloudstoragecorp.com/,-99.300187,38.872132
WORLD,way,583963691,AMS07,Microsoft,AMS07,data_center,data_center,,,,,,5.036897,52.761448
WORLD,way,583963763,AMS07,Microsoft,AMS07,data_center,data_center,,,,,,5.035419,52.761443
WORLD,way,584390127,Vantage Data Centers Montreal I,Vantage Data Centers,QC1,yes,data_center,Avenue Marie-Curie,Montréal,,,https://vantage-dc.com/data-center-locations/north-america/montreal-i-canada/,-73.756131,45.486669
WORLD,way,585998677,Switch Las Vegas 8,Switch,,yes,data_center,,,,,,-115.214258,36.057834
WORLD,way,585998678,Switch Las Vegas 9,Switch,,yes,data_center,,,,,,-115.219628,36.055707
WORLD,way,587103676,,,,yes,data_center,,,,,,-95.5708,29.821575
WORLD,way,587679709,Digital Realty LGW16,Digital Realty,LGW16,data_center,data_center,Connect Way,,,,https://www.digitalrealty.com/data-centers/emea/london/lgw16,-0.176786,51.12907
WORLD,way,587824390,,,,data_center,data_center,,,,,,14.100012,57.337923
WORLD,way,588514772,M03,atNorth,,data_center,data_center,Sjónarhóll,Reykjanesbær,,,,-22.535861,63.963714
WORLD,way,588514773,M02,atNorth,,data_center,data_center,Sjónarhóll,Reykjanesbær,,,,-22.535823,63.963437
WORLD,way,588514774,M01,atNorth,,data_center,data_center,Sjónarhóll,Reykjanesbær,,,,-22.53585,63.963162
WORLD,way,588634808,Bytesnet d'ROOT,Bytesnet,,commercial,data_center,,,,,,6.527315,53.24467
WORLD,way,589070714,Information Technology Data Center,Phillips Exeter Academy,,data_center,data_center,,,,,,-70.950595,42.982089
WORLD,way,589360530,Digital Fortress Lynnwood,,,yes,data_center,,,,,https://digital-fortress.com/lynnwood-data-center/,-122.289614,47.822404
WORLD,way,590213770,,,,industrial,data_center,,,,,,-96.655941,33.137823
WORLD,way,590213771,CyrusOne Allen,CyrusOne,,yes,data_center,,,,,,-96.659952,33.138521
WORLD,way,590813740,Microsoft DSF,Microsoft,,data_center,data_center,,,,,,-6.43792,53.320173
WORLD,way,591288487,Cloud Center Andalucía,,,yes,data_center,Calle Pago de Cambea,,,2,,-3.656993,37.200762
WORLD,way,592171280,Amazon Web Services,Amazon Web Services,PDX52,industrial,data_center,Rippee Road,Boardman,,,,-119.654979,45.840444
WORLD,way,592257327,Amazon Web Services,Amazon Web Services,PDX51/54,industrial,data_center,Beach Access Road,Umatilla,,,,-119.267734,45.917448
WORLD,way,592488661,DataBank SLC3,DataBank,SLC3,commercial,data_center,South Pony Express Road,Bluffdale,,,https://www.databank.com/data-centers/salt-lake-city/granite-point-campus/14926-s-pony-express-road/,-111.905923,40.479794
WORLD,way,592721042,政府數據中心大樓 Government Data Centre Complex,,,,data_center,瓊林街 King Lam Street,,,,,114.148108,22.339824
WORLD,way,593967303,NTT TK2,,,apartments,data_center,,,,,,139.830398,35.671517
WORLD,way,595216849,NTT Hemel Hempstead 3,,,data_center,data_center,,Hemel Hempstead,,,,-0.436454,51.762021
WORLD,way,596690174,Amazon IAD80,Amazon Web Services,IAD80,data_center,data_center,Interconnection Plaza,Ashburn,,,,-77.452829,39.027109
WORLD,way,596690175,Equinix Ashburn DC12,Equinix,DC12,data_center,data_center,Performance Circle,Ashburn,,,https://www.equinix.com/data-centers/americas-colocation/united-states-colocation/washington-dc-data-centers/dc12,-77.449787,39.023016
WORLD,way,597835788,Stream DFW IV,Stream,DFW IV,commercial,data_center,Essex Drive,Richardson,,,https://www.streamdatacenters.com/locations/dallas-data-centers/,-96.661646,33.000144
WORLD,way,597876719,Rackspace Richardson DFW3,Rackspace,DFW3,data_center,data_center,Integrity Drive,Richardson,US,1,https://www.rackspace.com/resources/rackspace-data-center-dfw3,-96.715855,32.964781
WORLD,way,597876721,Digital Realty Dallas DFW17,Digital Realty,DFW17,data_center,data_center,Quality Way,Richardson,,,https://www.digitalrealty.com/data-centers/americas/dallas/dfw17,-96.713212,32.96628
WORLD,way,597876722,Digital Realty Dallas DFW29,Digital Realty,DFW29,data_center,data_center,East Collins Boulevard,Richardson,US,,https://www.digitalrealty.com/data-centers/americas/dallas/dfw29,-96.710529,32.967276
WORLD,way,597876723,,,,data_center,data_center,Quality Way,Richardson,US,,,-96.711227,32.966244
WORLD,way,597876724,Digital Realty Dallas DFW28,Digital Realty,DFW28,data_center,data_center,East Collins Boulevard,Richardson,US,,https://www.digitalrealty.com/data-centers/americas/dallas/dfw28,-96.713322,32.967282
WORLD,way,597876726,Digital Realty Dallas DFW35,Digital Realty,DFW35,data_center,data_center,Security Row,Richardson,US,1,https://www.digitalrealty.com/data-centers/americas/dallas/dfw35,-96.710255,32.96505
WORLD,way,597876730,Digital Realty Dallas DFW18,Digital Realty,DFW18,data_center,data_center,Integrity Drive,Richardson,,2,https://www.digitalrealty.com/data-centers/americas/dallas/dfw18,-96.712611,32.965258
WORLD,way,597876798,Digital Realty Dallas DFW16,Digital Realty,DFW16,data_center,data_center,Alma Road,Richardson,US,,https://www.digitalrealty.com/data-centers/americas/dallas/dfw16,-96.715592,32.966043
WORLD,way,597970806,Digital Realty Northern Virginia IAD36,Digital Realty,IAD36,data_center,data_center,Digital Loudoun Plaza,Ashburn,,,https://www.digitalrealty.com/data-centers/americas/northern-virginia/iad36,-77.479375,39.001549
WORLD,way,597970809,Digital Realty Northern Virginia IAD35,Digital Realty,IAD35,data_center,data_center,Digital Loudoun Plaza,Ashburn,,,https://www.digitalrealty.com/data-centers/americas/northern-virginia/iad35,-77.480578,39.000533
WORLD,way,597970811,Digital Realty Northern Virginia IAD37,Digital Realty,IAD37,data_center,data_center,Digital Loudoun Plaza,Ashburn,,,https://www.digitalrealty.com/data-centers/americas/northern-virginia/iad37,-77.478015,39.000032
WORLD,way,597970813,Digital Realty Northern Virginia IAD38,Digital Realty,IAD38,data_center,data_center,Digital Loudoun Plaza,Ashburn,,,,-77.477201,39.001084
WORLD,way,598263496,U.S. Bank National Data Process Center,,,yes,data_center,West Valley Parkway,Olathe,,,,-94.864505,38.935585
WORLD,way,600607931,CIV Anzin,,,yes,data_center,Avenue Augusta Ada-King,Anzin,,,https://www.civ.fr,3.522076,50.378297
WORLD,way,600806974,Equinix SV10,Equinix,SV10,data_center,data_center,Great Oaks Boulevard,San Jose,,,https://www.equinix.com/data-centers/americas-colocation/united-states-colocation/silicon-valley-data-centers/sv10,-121.784754,37.241229
WORLD,way,606528332,Hetzner – Rechenzentrumspark Falkenstein,Hetzner Online GmbH,FSN1,,data_center,Am Datacenter-Park,Falkenstein/Vogtl.,,,,12.334636,50.47753
WORLD,way,607098496,Digital Realty FRA12,Digital Realty,,data_center,data_center,Weismüllerstraße,Frankfurt am Main,DE,,,8.737889,50.120007
WORLD,way,607098498,Digital Realty FRA13,Digital Realty,,data_center,data_center,Weismüllerstraße,Frankfurt am Main,DE,5,,8.739663,50.120003
WORLD,way,607483487,,,,yes,data_center,,,,,,-75.195323,39.83093
WORLD,way,607753694,,Verizon Wireless,,yes,data_center,South 149th Circle,Omaha,,,,-96.147641,41.220402
WORLD,way,609126465,,,,yes,data_center,,,,,,-81.393461,28.617449
WORLD,way,610260931,,,,yes,data_center,Huurrekuja,,,2,,25.030112,60.342654
WORLD,way,610260932,,,,yes,data_center,Huurrekuja,,,2,,25.029805,60.342933
WORLD,way,610260933,,,,yes,data_center,Huurrekuja,,,2,,25.029482,60.343213
WORLD,way,610827836,Google,Google,,industrial,data_center,,,,,,-80.041453,33.064272
WORLD,way,610845529,TierPoint Baltimore BWI,,,yes,data_center,Pinnacle Drive,Linthicum Heights,,,,-76.682834,39.213455
WORLD,way,610977485,NTT Ashburn VA2 Data Center,NTT,VA2,data_center,data_center,Guilford Drive,Ashburn,,,https://services.global.ntt/en-us/services-and-products/global-data-centers/global-locations/americas/ashburn-va-2-data-center,-77.45764,39.025013
WORLD,way,611308188,Strata Networks,,,yes,data_center,North Vernal Avenue,Vernal,,,,-109.529017,40.456595
WORLD,way,612045611,Goldman Sachs,,,yes,data_center,US 202,Bridgewater Township,,,,-74.67033,40.570372
WORLD,way,613855632,Hellermann Tyton Data,,,industrial,data_center,Edgar Mobbs Way,Northampton,,,,-0.919028,52.234194
WORLD,way,613862765,Digital Realty FRA14,Digital Realty,,data_center,data_center,Weismüllerstraße,Frankfurt am Main,DE,5,,8.736914,50.118875
WORLD,way,615593145,Mapletree Industrial,,,commercial,data_center,Windward Concourse,Alpharetta,,,https://www.mapletreeindustrialtrust.com/property/1001-windward-concourse-alpharetta/,-84.237479,34.096708
WORLD,way,616337075,,Telehouse,,commercial,data_center,,,,,,8.629385,50.095542
WORLD,way,617194689,Switch Las Vegas 11,Switch,,yes,data_center,,,,,,-115.214137,36.055885
WORLD,way,617511179,Genome Data Center,Washington University in St. Louis,,university,data_center,South Newstead Avenue,Saint Louis,,1,,-90.255436,38.636552
WORLD,way,617551098,KDDI千倉海底線中継所,KDDI,,yes,data_center,,,,2,,139.960279,34.97059
WORLD,way,618339179,365 Bridgewater NJ,,,yes,data_center,Frontier Road,Bridgewater,,,https://365datacenters.com/new-jersey-data-center/,-74.573887,40.581484
WORLD,way,618756435,Prime Data Centers - Saeby Campus AAL01,Prime Data Centers,AAL01-01,industrial,data_center,,,,,https://primedatacenters.com/locations/saeby/,10.50074,57.318648
WORLD,way,619486957,Equinix FR2.6,Equinix,,data_center,data_center,Friesstraße,Frankfurt am Main,DE,,,8.73886,50.141974
WORLD,way,620369478,Equinix FR6,Equinix,FR6,commercial,data_center,Lärchenstraße,Frankfurt am Main,,,https://www.equinix.de/locations/germany-colocation/frankfurt-data-centers/fr6/,8.588212,50.096871
WORLD,way,620921953,CDL Strata Campus Data Centre,,,commercial,data_center,,,,,,-2.179001,53.408216
WORLD,way,621526300,Equinix Germany GmbH,Equinix,,,data_center,Gutleutstraße,Frankfurt am Main,DE,,,8.643858,50.097497
WORLD,way,622117974,,,,data_center,data_center,,,,,,8.450316,49.975487
WORLD,way,626226408,Google Berkeley County Data Center,Google,,,data_center,,,,,,-80.042374,33.064008
WORLD,way,626281456,AngelTrax Data Center,AngelTrax Mobile Video Surveillance Solutions,,yes,data_center,South Woodburn Drive,Dothan,,,https://www.angeltrax.com/,-85.455834,31.231899
WORLD,way,626785488,Meta,Meta,3,yes,data_center,Messenger Loop NW,Los Lunas,,,,-106.783812,34.830242
WORLD,way,627183337,NTT,NTT,,yes,data_center,,,,,,130.518041,31.523102
WORLD,way,627266016,Telus,,,yes,data_center,,,,,,-102.994495,49.143207
WORLD,way,628235780,Telekom Vermittlungsstelle,Deutsche Telekom,,yes,data_center,,,,,,9.619716,52.015921
WORLD,way,633034071,Amazon Web Services,Amazon Web Services,PDX58/61,industrial,data_center,Rippee Road,Boardman,,1,,-119.657932,45.841373
WORLD,way,633034074,Amazon Web Services,Amazon Web Services,,industrial,data_center,Rippee Road,Boardman,,,,-119.653894,45.839826
WORLD,way,633071611,Datové centrum DC7,T-Mobile,,data_center,data_center,,,,2,,14.528217,50.064777
WORLD,way,633645074,Asanti Hamilton,,,data_center,data_center,Lister Way,Glasgow,,3,,-4.100418,55.780448
WORLD,way,634635617,Centeris SH2 Build-to-Suit,,,data_center,,39th Avenue Southeast,Puyallup,,,,-122.279863,47.158916
WORLD,way,634638463,Centeris SH1 Colocation,,,data_center,,39th Avenue Southeast,Puyallup,,,,-122.279246,47.160851
WORLD,way,635022480,Ascent - Atlanta Data Center,Ascent,,,data_center,,,,,https://www.ascentcorp.com/DataCenters/AtlantaDataCenter-ATL1.aspx,-84.273003,34.057092
WORLD,way,636309871,,MVM NET Adatközpont Kft.,,data_center,data_center,Ady Endre út,Göd,,,,19.162558,47.689997
WORLD,way,637078719,Equinix ZRH5,"Equinix, Inc.",,data_center,,Allmendstrasse,Oberengstringen,,,,8.461788,47.40563
WORLD,way,639176155,Microsoft TRP2,Microsoft,,yes,data_center,,,,,,-98.803995,29.411987
WORLD,way,639176157,Microsoft TRP1,Microsoft,,yes,data_center,,,,,,-98.80273,29.412012
WORLD,way,640329703,Telia HDC,Telia Finland Oyj,,yes,data_center,Valimotie,Helsinki,,,https://www.telia.fi/business/data-center-services/data-center/helsinki-data-center,24.877717,60.215915
WORLD,way,642755041,,AT&T,,yes,data_center,East Washington Street,Kirksville,,,,-92.581234,40.194484
WORLD,way,643236943,SAP WDF51,SAP SE,,data_center,data_center,,,,,,8.63164,49.293528
WORLD,way,644702393,NTT TK9,,,yes,data_center,,,,,,139.829464,35.67569
WORLD,way,647243187,Equinix Tokyo TY5,,,commercial,data_center,,,,,,139.804167,35.655571
WORLD,way,647564684,,,,commercial,data_center,,,,,,139.402597,35.610723
WORLD,way,648154126,DartPoints Charleston,DartPoints,CHS01,yes,data_center,Palmetto Commerce Parkway,Ladson,,,https://dartpoints.com/locations/chs01-charleston-sc/,-80.101215,32.964894
WORLD,way,648731568,Meta Odense Data center,Meta,,yes,data_center,,,,,,10.485049,55.366729
WORLD,way,649319778,Digital Realty ACC7,Digital Realty,ACC7,data_center,data_center,Gresham Court,Ashburn,,,https://www.digitalrealty.com/data-centers/americas/northern-virginia/acc7,-77.465675,39.017472
WORLD,way,649365751,NTT Ashburn VA3 Data Center,NTT,VA3,data_center,data_center,Gigabit Plaza,Ashburn,,,https://services.global.ntt/en-us/services-and-products/global-data-centers/global-locations/americas/ashburn-va-3-data-center,-77.470372,39.017225
WORLD,way,649365764,Digital Realty ACC9,Digital Realty,ACC9,data_center,data_center,Sir Timothy Drive,,,,,-77.467373,39.015433
WORLD,way,650412346,Flexential Dallas - Plano,Flexential,Dallas - Plano,yes,data_center,East Plano Parkway,Plano,,,https://www.flexential.com/data-centers/tx/dallas/plano-data-center,-96.666351,33.007033
WORLD,way,650560924,Bouygues Telecom,,,yes,data_center,Rue de l'Ingénieur Bertin,Longvic,,,,5.033915,47.296113
WORLD,way,652034566,,,,data_center,data_center,,,,,,-81.260284,35.587054
WORLD,way,653416730,US Signal - OR01 Bend,US Signal,,industrial,data_center,Sockeye Place,Bend,,,https://ussignal.com/data-centers/or01-bend/,-121.283041,44.086105
WORLD,way,657222646,Turkcell Kartal Veri Merkezi,Turkcell,,data_center,data_center,,,,1,,29.210617,40.899383
WORLD,way,658909713,Virtus London 14,Virtus,,data_center,data_center,,,,,,-0.444158,51.504815
WORLD,way,660060853,RZ5 Dortmund-Huckarde,DOKOM Gesellschaft für Telekommunikation mbH,,data_center,data_center,Fallgatter,Dortmund,,,,7.418276,51.535035
WORLD,way,661048287,,,,office,data_center,,Markham,,,,-79.320538,43.833351
WORLD,way,661065569,Rogers,,,service,data_center,,Markham,,,,-79.343188,43.826884
WORLD,way,661065639,Nüday Networks,,,yes,data_center,,Markham,,,,-79.334479,43.826949
WORLD,way,661951723,Equinix TR6,Equinix,TR6,data_center,data_center,Bramtree Court,Brampton,,,https://www.equinix.com/data-centers/americas-colocation/canada-colocation/toronto-data-centers/tr6,-79.716656,43.743841
WORLD,way,662392354,Equinix TR7,Equinix,TR7,data_center,data_center,Williams Parkway East,Brampton,,,https://www.equinix.com/data-centers/americas-colocation/canada-colocation/toronto-data-centers/tr7,-79.717826,43.744941
WORLD,way,664619554,Free Pro - Datacenter Rock (LYO03),Free Pro (Ex. Jaguar Network - DCforDATA),,industrial,data_center,,,,3,,4.889866,45.738575
WORLD,way,664793692,Fil d'Ariane,CELESTE,,commercial,data_center,Avenue Pierre-Gilles de Gennes,Albi,,,,2.182531,43.919318
WORLD,way,664938835,Expedient Milwaukee,,,yes,data_center,West Ironwood Drive,Franklin,,,https://www.expedient.com/data-centers/milwaukee/,-87.977876,42.863142
WORLD,way,665480341,,,,data_center,data_center,,,,,,120.426122,24.139971
WORLD,way,665480347,,,,data_center,data_center,,,,,,120.424312,24.13936
WORLD,way,665480350,,,,data_center,data_center,,,,,,120.42563,24.1385
WORLD,way,665572144,Equinix LD10,Equinix,,data_center,data_center,Liverpool Road,Slough,,,,-0.624587,51.522251
WORLD,way,665572148,CyrusOne London 1,CyrusOne,LON1,data_center,data_center,Liverpool Road,Slough,,,https://www.cyrusone.com/data-centers/europe/united-kingdom/london,-0.623939,51.523045
WORLD,way,666285028,DC 11.11,NASK S.A.,DC 11.11,data_center,data_center,11 Listopada,Warszawa,,1,,21.036944,52.265781
WORLD,way,667259766,CIV Sainghin-en-Mélantois,,,yes,data_center,,Sainghin-en-Mélantois,,,https://www.civ.fr,3.136475,50.584093
WORLD,way,667333147,Data Center Portugal Telecom da Covilhã,Portugal Telecom,,yes,data_center,,,,3,,-7.479523,40.265479
WORLD,way,667573133,Amazon Web Services,Amazon Web Services,IAD85,data_center,data_center,,,,,,-77.541725,38.779381
WORLD,way,667796922,Oxford Networks,FirstLight,,yes,data_center,Resilient Circle,Brunswick,,,https://www.firstlight.net/products/data-center/brunswick-me-data-center/,-69.923434,43.895157
WORLD,way,669039505,NTT,NTT,,yes,data_center,,,,6,https://www.ntt.com/index.html,133.92681,34.663224
WORLD,way,671301768,NAO 1/NAO 2,Meta,,yes,data_center,,,,,,-82.750313,40.068418
WORLD,way,671637259,NTT,NTT,,yes,data_center,,,,,,-96.656377,32.981037
WORLD,way,671838900,Rice Data Center,,,commercial,data_center,Main Street,Houston,,,,-95.443312,29.658145
WORLD,way,673145182,Facebook Fort Worth Datacenter,Meta,,yes,data_center,,,,1,,-97.255045,32.98492
WORLD,way,673532692,Amazon Web Services,Amazon Web Services,,industrial,data_center,,,,,,-83.135173,40.061152
WORLD,way,673758677,Ascenty SP2,Digital Realty,,yes,data_center,Avenida Roberto Pinto Sobrinho,,,,,-46.777221,-23.492383
WORLD,way,673758679,Ascenty SP1,Digital Realty,,yes,data_center,Avenida Roberto Pinto Sobrinho,,,,,-46.776022,-23.492049
WORLD,way,674001379,Bluenap Americas,,,yes,data_center,,,,,,-68.955183,12.177872
WORLD,way,676732263,,,,service,data_center,Attilastraße,Berlin,,,,13.362091,52.449204
WORLD,way,679120875,云硕科技（云谷数据中心）,,,,data_center,,,,,,113.527142,22.724851
WORLD,way,680114725,DartPoints Spartanburg,DartPoints,SPA01,yes,data_center,North Blackstock Road,Spartanburg,,,https://dartpoints.com/locations/spa01-spartanburg-sc/,-82.034841,34.996584
WORLD,way,680666647,Centeris,,,,data_center,,,,,http://centeris.com/home,-122.279564,47.15907
WORLD,way,681856582,noris network NBG6 BA2,noris network AG,,commercial,data_center,Thomas-Mann-Straße,Nürnberg,,,https://www.noris.de/rechenzentren/nuernberg/sued/,11.132981,49.410797
WORLD,way,683115027,Meta Clonee 3 Data Center,Meta,CLN3,data_center,data_center,,,,,,-6.42569,53.419823
WORLD,way,683531738,Station d'atterrage,orange,,,data_center,,,,,,-1.990207,46.738652
WORLD,way,684685208,Amazon Web Services,Amazon Web Services,,data_center,data_center,,,,,,-6.365231,53.404664
WORLD,way,685011021,Iron Mountain AZP-2,Iron Mountain,AZP-2,,data_center,East Van Buren Street,Phoenix,,,https://www.ironmountain.com/data-centers/locations/phoenix-data-center,-111.977295,33.452157
WORLD,way,686613449,VegaSystems GmbH & Co. KG,,,,data_center,,,,1,,8.736534,51.680975
WORLD,way,688146819,LEITWERK Rechenzentrum Appenweier,Leitwerk Rechenzentren Appenweier/Lahr GmbH,,data_center,data_center,Südstraße,Appenweier,,1,,7.97345,48.549971
WORLD,way,691308613,,,,data_center,,,,,,,7.937562,48.464729
WORLD,way,691934423,Digital Realty DUB3,Digital Realty,DUB3,data_center,data_center,,,,,https://www.digitalrealty.nl/data-centers/emea/dublin/dub3,-6.442274,53.313424
WORLD,way,692270633,,,GBL3,yes,data_center,,,,,,3.860433,50.464738
WORLD,way,693381106,Amazon IAD68,Amazon Web Services,IAD68,data_center,data_center,,,,,,-77.520952,38.948687
WORLD,way,693381107,Amazon IAD81,Amazon Web Services,IAD81,data_center,data_center,,,,,,-77.52183,38.948388
WORLD,way,693385812,Google,Google,ARA1,data_center,data_center,,,,,,-77.52433,38.943205
WORLD,way,693390022,Amazon IAD120,Amazon Web Services,IAD120,data_center,data_center,,,,,,-77.498058,38.957917
WORLD,way,693390023,Amazon IAD121,Amazon Web Services,IAD121,data_center,data_center,,,,,,-77.497784,38.956777
WORLD,way,694493125,Microsoft,Microsoft,,data_center,data_center,,,,,,-119.887531,47.237662
WORLD,way,694493126,Microsoft,Microsoft,,data_center,data_center,,,,,,-119.883219,47.237632
WORLD,way,694493127,Microsoft,Microsoft,,data_center,data_center,,,,,,-119.883335,47.236721
WORLD,way,694493128,Microsoft,Microsoft,,data_center,data_center,,,,,,-119.887432,47.236737
WORLD,way,694602725,Vantage WA12,,,data_center,data_center,,,,,,-119.813699,47.25397
WORLD,way,695690130,,,,data_center,,,,,,,-46.915013,-23.454989
WORLD,way,695690131,ODATA DC SP01,,DC SP01,,data_center,Estrada dos Romeiros,,,,https://odatacolocation.com/en/blog/data-center/dc-sp01/,-46.91505,-23.455022
WORLD,way,695745461,Centro de Processamento de Dados - UEFS,Universidade Estadual de Feira de Santana,,yes,data_center,,,,,,-38.972993,-12.202501
WORLD,way,696978351,,,,data_center,,,,,,,-77.471561,39.012027
WORLD,way,696985482,,,,,data_center,,,,,,-77.449856,38.99954
WORLD,way,696992451,,,,,data_center,,,,,,-77.548417,38.790814
WORLD,way,697020849,Amazon IAD58,Amazon Web Services,IAD58,data_center,data_center,,,,,,-77.441886,38.9863
WORLD,way,697020850,Amazon IAD57,Amazon Web Services,IAD57,data_center,data_center,,,,,,-77.442633,38.986993
WORLD,way,697021948,Amazon IAD64,Amazon Web Services,IAD64,data_center,data_center,John Marshall Highway,Haymarket,,,,-77.652919,38.815132
WORLD,way,697021949,,Amazon,,,data_center,,,,,,-77.65254,38.815974
WORLD,way,697413741,Amazon Web Services,Amazon Web Services,PDX57/60,industrial,data_center,Beach Access Road,Umatilla,,,,-119.267651,45.913882
WORLD,way,697415321,Amazon Web Services,Amazon Web Services,PDX55,industrial,data_center,Rippee Road,Boardman,,,,-119.655449,45.841174
WORLD,way,697415323,Amazon Web Services,Amazon Web Services,PDX56/59,industrial,data_center,Lewis and Clark Drive,Boardman,,,,-119.630036,45.853786
WORLD,way,697417726,Amazon Web Services,Amazon Web Services,PDX62,industrial,data_center,Lewis and Clark Drive,Boardman,,,,-119.603709,45.846655
WORLD,way,697470448,Amazon Web Services,Amazon Web Services,DUB9,data_center,data_center,,,,,,-6.350686,53.296214
WORLD,way,697659634,Amazon Web Services,Amazon Web Services,,data_center,data_center,,,,,,-6.225693,53.407011
WORLD,way,697882745,Equinix SY4,Equinix,SY4,yes,data_center,Bourke Road,,,,https://www.equinix.com.au/data-centers/asia-pacific-colocation/australia-colocation/sydney-data-centers/sy4,151.189439,-33.918298
WORLD,way,697885219,AWS Asia Pacific (Sydney) Region Data Centre,Amazon Web Services,,yes,data_center,Bluett Drive,,,,,150.768118,-34.037156
WORLD,way,697885424,Australian Liquidity Centre,Australian Securities Exchange,,data_center,data_center,,,,,https://www.asx.com.au/alc,151.186354,-33.819976
WORLD,way,698024175,РЦАД beCloud,ТАА Беларускія воблачныя тэхналогіі,,yes,data_center,Цэнтральная вуліца,Калодзішчы,,1,https://becloud.by/,27.784557,53.962105
WORLD,way,698056398,,AirTrunk,MEL1,yes,data_center,,,,,https://airtrunk.com/location/mel1-melbourne/,144.773713,-37.800002
WORLD,way,698059695,AirTrunk Sydney West,Airtrunk,SYD1,yes,data_center,Huntingwood Drive,,,,https://www.airtrunk.com/location/syd1-sydney-west/,150.881898,-33.799481
WORLD,way,699063632,,,,data_center,,,,,,,9.655609,55.558138
WORLD,way,699247420,Datacube Biel,Netrics AG,,yes,data_center,Chemin du Tennis / Tennisweg,Biel/Bienne,,,https://www.netrics.ch,7.279132,47.15577
WORLD,way,699790674,Kao Data KLON-01,Kao Data,KLON-01,yes,data_center,,,,,,0.129288,51.769172
WORLD,way,700171365,Datacenter Marilyn,,,,data_center,Rue Albert Einstein,Champs-sur-Marne,,,https://www.celeste.fr/agence-celeste-ile-de-france-champs-sur-marne/,2.587991,48.835029
WORLD,way,700431553,Google Taylor Lake Data Center,Google,,,data_center,,,,,,-121.202063,45.638514
WORLD,way,700504282,Interxion PAR4,Interxion,,yes,data_center,Rue du Port,Nanterre,,2,,2.17506,48.893954
WORLD,way,700526670,Telehouse 3,Telehouse,TH3,,data_center,,,,,https://www.telehouse.fr/documentation/faq/datacenter-magny-les-hameaux,2.077595,48.726097
WORLD,way,700575943,euNetworks ColoCentre Karlsruhe,euNetworks GmbH,,commercial,data_center,Emmy-Noether-Straße,Karlsruhe,,,https://eunetworks.com/,8.440022,49.020445
WORLD,way,700652111,Le Prologue,SFR,,service,data_center,,,,,,2.259222,48.904277
WORLD,way,700738101,,,,data_center,,,,,,,4.8301,52.344268
WORLD,way,700854459,QTS Datacenter,Quality Technology Services,,,data_center,,,,,https://q.com/data-centers/netherlands-groningen/,6.527726,53.245835
WORLD,way,700952519,Eurofiber data center NL South-West 2,Eurofiber,,data_center,data_center,Drukkerij,Steenbergen,,,https://www.eurofiber.com/en-nl/data-centers-netherlands/data-center-nl-south-west-2,4.304982,51.587468
WORLD,way,700957200,Equinix Zwolle ZW1,Equinix,ZW1,,data_center,Telfordstraat,Zwolle,,,https://www.equinix.com/data-centers/europe-colocation/netherlands-colocation/zwolle-data-centers/zw1,6.142645,52.488508
WORLD,way,701087312,Equinix Stockholm SK2,Equinix,SK2,yes,data_center,Kvastvägen,Sköndal,,,https://www.equinix.com/data-centers/europe-colocation/sweden-colocation/stockholm-data-centers/sk2,18.105419,59.263483
WORLD,way,701193617,,,,yes,data_center,,,,,,4.30468,51.068199
WORLD,way,701923200,QTS Ashburn 1,Quality Technology Services,DC1,data_center,data_center,Broderick Drive,Sterling,,,https://q.com/data-centers/ashburn-1/,-77.450111,38.999528
WORLD,way,701923202,Digital Realty Northern Virginia IAD73,Digital Realty,IAD73,data_center,data_center,Round Table Plaza,Ashburn,,,,-77.466407,39.006619
WORLD,way,701923203,Digital Realty Northern Virginia IAD39,Digital Realty,IAD39,data_center,data_center,Round Table Plaza,Ashburn,,,,-77.467631,39.007614
WORLD,way,701923204,Digital Realty ACC10,Digital Realty,ACC10,data_center,data_center,Sir Timothy Drive,,,,,-77.465604,39.012656
WORLD,way,701924664,Sentinel Ashburn Nexus Data Center,GI Partners,,data_center,data_center,Cloud Plaza,Sterling,,,,-77.439808,39.000647
WORLD,way,701924665,Vantage VA11,Vantage Data Centers,VA11,data_center,data_center,Vantage Data Plaza,Sterling,,,,-77.437688,39.002379
WORLD,way,701924667,Amazon IAD90,Amazon Web Services,IAD90,data_center,data_center,Pathfinder Plaza,Sterling,,,,-77.411652,38.988603
WORLD,way,701924668,Amazon IAD91,Amazon Web Services,IAD91,data_center,data_center,Pathfinder Plaza,Sterling,,,,-77.411119,38.987847
WORLD,way,701924669,Amazon IAD92,Amazon Web Services,IAD92,data_center,data_center,Pathfinder Plaza,Sterling,,,,-77.410475,38.986943
WORLD,way,701929066,Amazon IAD144,Amazon Web Services,IAD144,data_center,data_center,International Drive,Sterling,,,,-77.427429,38.981635
WORLD,way,701930919,CyrusOne NVA8,CyrusOne,NVA8,data_center,data_center,Maries Road,Sterling,,,https://www.cyrusone.com/data-centers/north-america/sterling-virginia-nva8,-77.413244,39.021179
WORLD,way,701930920,Amazon IAD98,Amazon Web Services,IAD98,data_center,data_center,West Severn Way,,,,,-77.433886,39.020225
WORLD,way,701930921,Amazon IAD99,Amazon Web Services,IAD99,data_center,data_center,West Severn Way,,,,,-77.43403,39.019169
WORLD,way,701930929,Amazon IAD114,Amazon Web Services,IAD114,data_center,data_center,Loudoun County Parkway,Ashburn,,,,-77.450699,39.035494
WORLD,way,701930930,Amazon IAD115,Amazon Web Services,IAD115,data_center,data_center,Loudoun County Parkway,Ashburn,,,,-77.449795,39.036294
WORLD,way,701931819,Amazon IAD65,Amazon Web Services,IAD65,yes,data_center,,,,,,-77.494366,38.917011
WORLD,way,701931820,Amazon IAD150,Amazon Web Services,IAD150,data_center,data_center,,,,,,-77.477249,38.916073
WORLD,way,702455910,BT Application Hosting,BT Ireland,,data_center,data_center,Kingswood Avenue,Citywest,,,https://www.btireland.com/products-and-services/hosting-and-cloud/data-centres,-6.4155,53.29204
WORLD,way,702784280,Equinix LD10,Equinix,LD10,,data_center,Liverpool Road,Slough,,,https://www.equinix.com/data-centers/europe-colocation/united-kingdom-colocation/london-data-centers/ld10,-0.624673,51.522299
WORLD,way,703242718,Equinix data center - ST4,Equinix,,ground_station,data_center,,,,,https://www.equinix.lat/,-71.399708,-33.95616
WORLD,way,703332116,Digital Realty LGW15,Digital Realty,LGW15,data_center,data_center,Power Avenue,,,,https://www.digitalrealty.com/data-centers/emea/london/lgw15,-0.176163,51.127426
WORLD,way,703959498,,,,yes,data_center,,,,,,-2.17683,53.468396
WORLD,way,705064992,Equinix LD12,Equinix,LD12,yes,data_center,Buckingham Avenue,Slough,,,,-0.63761,51.523936
WORLD,way,705065012,CyrusOne LON3,CyrusOne,LON3,yes,data_center,Stirling Road,Slough,,,https://www.cyrusone.com/data-centers/emea/london-uk-lon3,-0.62694,51.525944
WORLD,way,705065014,Virtus London 3,Virtus,,yes,data_center,Liverpool Road,Slough,,,,-0.621693,51.522053
WORLD,way,705085805,Virtus London6,Virtus,,yes,data_center,,,,,https://virtusdatacentres.com/locations/uk/london/london6-stockley-park,-0.45381,51.510569
WORLD,way,705085806,Virtus London5,Virtus,,yes,data_center,,,,,https://virtusdatacentres.com/locations/uk/london/london5-stockley-park,-0.454287,51.509544
WORLD,way,705085807,Virtus London7,Virtus,,yes,data_center,,,,,https://virtusdatacentres.com/locations/uk/london/london7-stockley-park,-0.456654,51.510882
WORLD,way,705780985,,,,yes,data_center,Azendorf,,,,,11.304705,50.029204
WORLD,way,706081342,,,725,yes,data_center,M Street Southeast,,,,,-106.542155,35.048348
WORLD,way,706624099,Options Park Royal Data Centre,Options Technology Ltd.,,yes,data_center,Waxlow Road,London,,,,-0.260829,51.534747
WORLD,way,706624302,,,,data_center,data_center,,,,,,-0.257339,51.531255
WORLD,way,706624303,Colt London West,Colt,,data_center,data_center,Volt Avenue,London,,,,-0.257606,51.53194
WORLD,way,706726088,Stonewall Creek Business Park,Google,,,data_center,Red Triangle Lane,Leesburg,,,,-77.539438,39.051467
WORLD,way,706759844,Apple,Apple Inc.,,industrial,data_center,,,,,,-120.870216,44.287277
WORLD,way,706759845,Meta,Meta,,industrial,data_center,,,,,,-120.881598,44.293687
WORLD,way,706776322,Amazon Web Services,Amazon Web Services,PDX80,industrial,data_center,Cottonwood Bend Road,Hermiston,,,,-119.366616,45.797809
WORLD,way,706815676,Teraco JB1 Isando Campus,Terao Data Environments,,,data_center,Brewery Street,Isando,,,https://www.teraco.co.za/,28.197406,-26.137907
WORLD,way,708069523,Rechenzentrum Ostermiething,Stack IT,DC10,yes,data_center,Weilhartstraße,Ostermiething,AT,,https://www.stackit.de/de/colocation/dc-10/,12.83725,48.032257
WORLD,way,708140435,Iron Mountain AMS1,Iron Mountain,AMS1,,data_center,,,,,https://www.ironmountain.com/nl/data-centers/locations/amsterdam-data-center,4.664329,52.391698
WORLD,way,708916484,Sabey Data Centers Ashburn - Building C,Sabey Data Centers,,data_center,data_center,Red Rum Drive,Ashburn,,,https://sabeydatacenters.com/locations/ashburn-data-center,-77.47827,39.015422
WORLD,way,708931343,Google Montgomery Data Center,Google LLC,,,data_center,Boolean Drive,Clarksville,,,https://www.google.com/about/datacenters/locations/montgomery-county/,-87.260102,36.628255
WORLD,way,709060288,,,,data_center,,Boulevard du Parc-Technologique,Québec,,2,,-71.30666,46.795499
WORLD,way,709103324,Microsoft DUB08,Microsoft,DUB08,data_center,data_center,,,,,,-6.443104,53.322026
WORLD,way,709123322,Microsoft DUB09,Microsoft,DUB09,data_center,data_center,,,,,,-6.447444,53.323034
WORLD,way,709143741,EdgeConneX,EdgeConneX,,data_center,data_center,,,,,,-6.454208,53.328881
WORLD,way,710050084,,,,yes,data_center,,,,,,-1.381126,52.540944
WORLD,way,710070925,Google Data Center,Google,,data_center,data_center,,,,2,,-77.539573,39.052633
WORLD,way,710298085,,,,data_center,,,,,,,4.743493,52.284294
WORLD,way,711646220,nLighten Milton Keynes,,LTN1,yes,data_center,,,,,https://www.nlighten.com/en/edge-location/milton-keynes/,-0.818808,52.042121
WORLD,way,712277376,Equinix LD6,Equinix,LD6,industrial,data_center,Buckingham Avenue,Slough,,,https://www.equinix.com/data-centers/europe-colocation/united-kingdom-colocation/london-data-centers/ld6,-0.635207,51.524581
WORLD,way,712298673,VIRTUS LONDON2,VIRTUS,LONDON2,industrial,data_center,,,,,https://virtusdatacentres.com/locations/uk/london/hayes-campus,-0.404504,51.496403
WORLD,way,713340741,,,,data_center,data_center,,,,,,-6.358317,53.406554
WORLD,way,713410334,Centersquare Atlanta ATL1,Centersquare,ATL1,yes,data_center,Riverside Parkway,Lithia Springs,,,https://centersquaredc.com/hubfs/CenterSquare/docs/Centersquare-ATL-SpecSheet.pdf,-84.581208,33.744225
WORLD,way,713411278,,,,,data_center,,,,,,-97.700662,30.207113
WORLD,way,713411279,,,,,data_center,,,,,,-97.697941,30.205936
WORLD,way,713428715,Digital Realty CH3,Digital Realty,CH3,data_center,data_center,Devon Avenue,Elk Grove Village,,,https://www.digitalrealty.com/data-centers/americas/chicago/ch3,-87.964942,41.994353
WORLD,way,713433204,Digital Realty CH2,Digital Realty,CH2,data_center,data_center,Busse Road,Elk Grove Village,,,https://www.digitalrealty.nl/data-centers/americas/chicago/ch2,-87.957751,41.994533
WORLD,way,713651005,Surrey Data Park,,,office,data_center,,,,,,-0.601996,51.186431
WORLD,way,713653952,Digital Realty,Digital Realty,,,data_center,,,,,https://www.digitalrealty.com/data-centers/asia-pacific/melbourne/mel11,144.778576,-37.78173
WORLD,way,713940435,Gravity Edge LDN1,Gravity Edge,,data_center,data_center,Stanhope Road,Camberley,,,,-0.766833,51.333061
WORLD,way,714007220,Digital Realty DUB2,Digital Realty,DUB2,,data_center,Hume Avenue,,,,https://www.digitalrealty.com/data-centers/emea/dublin/dub2,-6.362416,53.33112
WORLD,way,714007221,Digital Realty DUB1,Digital Realty,DUB1,,data_center,Lavery Avenue,,,,https://www.digitalrealty.com/data-centers/emea/dublin/dub1,-6.365456,53.3343
WORLD,way,714070441,DataBank SLC2,DataBank,SLC2,yes,data_center,South Pony Express Road,Bluffdale,,,https://www.databank.com/data-centers/salt-lake-city/granite-point-campus/14944-s-pony-express-road/,-111.904769,40.479775
WORLD,way,714072077,DataBank SLC4,DataBank,SLC4,yes,data_center,South Pony Express Road,Bluffdale,,,https://www.databank.com/data-centers/salt-lake-city/granite-point-campus/14860-s-pony-express-road/,-111.905003,40.481317
WORLD,way,714120969,DataBank Plano Data Center,DataBank,DFW3,,data_center,Dominion Parkway,Plano,,,https://www.databank.com/data-centers/dallas/plano-campus/plano-data-center/,-96.815678,33.087247
WORLD,way,714122239,B,,,data_center,data_center,,,,,,16.342088,48.159243
WORLD,way,714122240,A,,,data_center,data_center,,,,,,16.341463,48.159992
WORLD,way,714139865,Equinix Secaucus NY6,Equinix,,yes,data_center,,,,,,-74.072688,40.777549
WORLD,way,714139868,CoreSite Secaucus Campus,CoreSite,,,data_center,,,,,https://coresite.com/data-center/ny2-secaucus-nj,-74.065243,40.784284
WORLD,way,714622339,Google Data Center,Google,,,data_center,,,,,,-77.526164,38.943321
WORLD,way,714776107,Skybox Houston One,Skybox,,,data_center,,,,,https://skyboxdatacenters.com/locations/skybox-houston,-95.755339,29.802893
WORLD,way,714889192,Google Jackson County Data Center,Google LLC,,,data_center,,,,,https://www.google.com/about/datacenters/locations/jackson-county/,-85.748372,34.914665
WORLD,way,714943309,PSE&G Delivery Emergency Response Center,PSE&G,,yes,data_center,,,,,,-74.519402,40.579896
WORLD,way,715098032,T5 Charlotte Campus,,,,data_center,Riverside Court,Kings Mountain,,,https://t5datacenters.com/locations/t5-charlotte/,-81.395039,35.250425
WORLD,way,715893104,Опорный центр обработки данных Концерна Росэнергоатом,,,,data_center,,,,,,35.049306,57.891825
WORLD,way,717898992,Oi,,,yes,data_center,,,,,,-48.546993,-25.549376
WORLD,way,718195570,Med Nautilus,Ti Sparkle,,yes,data_center,Ερμού,Μεταμόρφωση,,,https://www.tisparkle.com/greece,23.7736,38.072685
WORLD,way,718213807,Teraco JB2 Bredell Campus,,,,data_center,,,,,,28.278115,-26.075205
WORLD,way,718465287,Epic / Mayo Data Center,,,yes,data_center,West Circle Drive NW,Rochester,,,,-92.522132,44.070796
WORLD,way,719657644,MK Netzdienste GmbH FRA2,MK Netzdienste GmbH,,data_center,data_center,Wilhelm-Fay-Straße,Frankfurt am Main,,,,8.581894,50.126588
WORLD,way,720313550,Centro de datos KIO MEX5,KIO,,data_center,data_center,,,,,,-99.14782,19.628663
WORLD,way,720877720,,,,data_center,data_center,,,,,,8.453221,49.975413
WORLD,way,721312811,KAGOYA データセンター A棟,カゴヤ・ジャパン株式会社,,yes,data_center,,,,,,135.784725,34.748509
WORLD,way,721312813,KAGOYA データセンター B棟,カゴヤ・ジャパン株式会社,,yes,data_center,,,,,,135.784645,34.748208
WORLD,way,721853421,AWS eu-north-1 Availability Zone V,Amazon Web Services,,industrial,data_center,,,,,,16.580665,59.649508
WORLD,way,723038882,Hetzner Online GmbH - NBG1,Hetzner Online GmbH,,,data_center,Sigmundstraße,Nürnberg,DE,,https://www.hetzner.com/,11.014537,49.449877
WORLD,way,723105663,Rechenzentrum Nürnberg Süd,noris network,NBG6,,data_center,,,,,https://www.noris.de/rechenzentren/rechenzentrum-nuernberg-sued,11.131762,49.410069
WORLD,way,723117951,STACK New Albany,,NAL01,,data_center,,,,,https://www.stackinfra.com/locations/new-albany/,-82.800762,40.106301
WORLD,way,723863903,AMS08,Microsoft,AMS08,data_center,data_center,,,,,,5.038343,52.761449
WORLD,way,723863905,AMS09,Microsoft,AMS09,data_center,data_center,,,,,,5.039793,52.761447
WORLD,way,723864747,,,,data_center,,,,,,,5.029363,52.792095
WORLD,way,724757970,,GTT,,data_center,data_center,,,,,,2.368077,48.907034
WORLD,way,725731282,,,,yes,data_center,,,,,,-64.493097,-30.937117
WORLD,way,726129785,Delta House,TeleData,,yes,data_center,Wavell Road,Manchester,,,https://www.teledata.co.uk/,-2.258613,53.37915
WORLD,way,726150321,Choctaw Nation of Oklahoma Data Center,Choctaw Nation of oklahoma,,yes,data_center,Chukka Hina,Durant,,1,,-96.402849,33.971685
WORLD,way,726566209,EcoDataCenter,,,industrial,data_center,,,,,,15.60969,60.610556
WORLD,way,726998855,,,,data_center,data_center,El Molino,Quilicura,,,,-70.69711,-33.358279
WORLD,way,727001317,Equinix SY9x,Equinix,SY9x,industrial,data_center,,,,,https://www.equinix.com/data-centers/asia-pacific-colocation/australia-colocation/sydney-data-centers/sy9x,151.034715,-33.823552
WORLD,way,727153088,NIO Datacenter,,,data_center,,,,,,,73.801607,15.455904
WORLD,way,729192992,QTS Data Center - Hillsboro 1,Quality Technology Services,,industrial,data_center,Northeast Huffman Street,Hillsboro,,,https://q.com/data-centers/hillsboro-1/,-122.927766,45.558815
WORLD,way,729376485,,,,yes,data_center,Federal Boulevard,Carteret,,,,-74.243381,40.584372
WORLD,way,729539167,CXD Infrastructure Solutions,DXC UKI,,yes,data_center,Lodge Road,Maidstone,,,,0.547206,51.278829
WORLD,way,729696933,Flexential Salt Lake City - Downtown,Flexential,,industrial,data_center,South Delong Street,Salt Lake City,,,https://www.flexential.com/data-centers/ut/salt-lake-city/downtown-data-center,-111.954837,40.756307
WORLD,way,731157740,Centro de Datos Win Santa Catalina,Win,,data_center,data_center,Avenida Santa Catalina,Lima,,,,-77.018558,-12.087681
WORLD,way,732605607,CGI Datacenter,CGI,,yes,data_center,,,,,,-3.58071,51.491832
WORLD,way,733721782,Oregon State Data Center,State of Oregon,,yes,data_center,Airport Road Southeast,Salem,,,,-123.001847,44.926566
WORLD,way,734323663,Digital Realty PDX11 Data Center,Digital Realty,,yes,data_center,Northeast 62nd Avenue,Hillsboro,,,,-122.916773,45.567954
WORLD,way,734439671,,,,,data_center,,,,,,-5.837759,40.713974
WORLD,way,734439672,,,,yes,data_center,,,,,,-5.839286,40.714018
WORLD,way,734813487,Grade 1 classes,,,school,data_center,,,,,,28.026576,-26.156746
WORLD,way,735444062,Equinix LD7,Equinix,LD7,yes,data_center,Banbury Avenue,Slough,,,https://www.equinix.com/data-centers/europe-colocation/united-kingdom-colocation/london-data-centers/ld7,-0.634531,51.525543
WORLD,way,735444063,China Mobile Slough,,,yes,data_center,,,,,,-0.628276,51.519482
WORLD,way,739640528,,,,data_center,,,,,,,-99.555524,19.201983
WORLD,way,741133950,Centro de datos Alestra,Axtel,,,data_center,,,,,,-100.277969,20.557358
WORLD,way,741133962,Centro de datos KIO QRO1 y QRO2,KIO,,,data_center,,,,,,-100.256724,20.56636
WORLD,way,741629998,Flexential Fort Lauderdale,Flexential,,yes,data_center,Northwest 33rd Avenue,Fort Lauderdale,,,https://www.flexential.com/data-centers/fl/fort-lauderdale/data-center,-80.193297,26.190086
WORLD,way,741838106,LCL Datacenter (DataCloud),,,industrial,data_center,Industrielaan,Erembodegem,,,,4.037555,50.913456
WORLD,way,742363207,Turkcell Ankara Veri Merkezi,Turkcell,,data_center,data_center,,,,,,32.419443,39.79809
WORLD,way,743741623,Microsoft DUB10,Microsoft,DUB10,data_center,data_center,,,,,,-6.447127,53.321991
WORLD,way,743741624,Microsoft DUB12,Microsoft,DUB12,data_center,data_center,,,,,,-6.446948,53.320711
WORLD,way,744177375,,,,yes,data_center,,,,,,-95.486593,30.177708
WORLD,way,744491691,Amazon IAD145,Amazon Web Services,IAD145,data_center,data_center,International Drive,Sterling,,,,-77.42463,38.982552
WORLD,way,744496741,Amazon Web Services IAD117,Amazon Web Services,IAD117,data_center,data_center,Maries Road,Sterling,,,,-77.419095,39.023698
WORLD,way,744496750,Amazon Web Services IAD116,Amazon Web Services,IAD116,data_center,data_center,Maries Road,Sterling,,,,-77.420439,39.024346
WORLD,way,746200227,DC Hasselt 1,Datacenter United,HDC1,industrial,data_center,Veldstraat,,,,https://datacenterunited.com/datacenters/datacenter-hasselt-1,5.304837,50.931795
WORLD,way,746248943,Emtel Data Center Arsenal,Emtel,,yes,data_center,,,,,,57.543271,-20.103651
WORLD,way,746278786,Flexential Las Vegas - North,Flexential,,yes,data_center,East Lone Mountain Road,North Las Vegas,,,https://www.flexential.com/data-centers/nv/las-vegas/north-data-center,-115.101255,36.248163
WORLD,way,746481930,Reykjavík DC,Borealis,,yes,data_center,Blikastaðavegur,Reykjavík,,,,-21.753463,64.145538
WORLD,way,746750722,Colt Shiohama,,,commercial,data_center,,,,,,139.81216,35.663861
WORLD,way,747985149,,,,yes,data_center,Airport Drive,Wichita Falls,,,,-98.524786,33.953373
WORLD,way,748868810,Google,Google,LPP,data_center,data_center,,Hamina,FI,,,27.113656,60.539703
WORLD,way,749252262,Digital Realty FRA15,Digital Realty,,commercial,data_center,Weismüllerstraße,Frankfurt am Main,DE,,,8.732926,50.118591
WORLD,way,749551415,Equinix FR9,Equinix,,data_center,data_center,Friesstraße,Frankfurt am Main,DE,,,8.739414,50.141574
WORLD,way,749964337,Stellium Newcastle Campus,,,,data_center,Cobalt Park Way,Wallsend,GB,,https://www.stelliumdc.com/,-1.503934,55.017128
WORLD,way,750275669,NorthC data centers Basel,,,,data_center,,,,,https://www.northcdatacenters.com/en/basel/,7.615494,47.512524
WORLD,way,750706229,NEXTDC - S2 Sydney,NextDC,S2,data_center,data_center,Giffnock Avenue,,,,https://www.nextdc.com/data-centres/sydney-data-centres/s2-sydney,151.125276,-33.785168
WORLD,way,751903104,NTT西日本,NTT西日本,,yes,data_center,,,,,,130.556974,33.210964
WORLD,way,752001022,Fort Rock DC,Fort Rock Data Center,,industrial,data_center,Southwest Columbia Street,Bend,,,https://www.fortrockdc.com/,-121.32855,44.047407
WORLD,way,752293650,,,,yes,data_center,,,,,,90.229401,24.071556
WORLD,way,755540694,,,,yes,data_center,Exchange Drive,Flint,,,,-83.779585,42.968727
WORLD,way,756382880,Verizon Branchburg NEC Datacenter,Verizon,,yes,data_center,,,,,,-74.709968,40.599558
WORLD,way,756778306,Meta,Meta,2,yes,data_center,Messenger Loop NW,Los Lunas,,,,-106.780128,34.830279
WORLD,way,757483478,Lille Etix #1,,,data_center,data_center,Boulevard Constantin Descat,Roubaix,,,,3.157916,50.699054
WORLD,way,758138835,CyrusOne Amsterdam I,CyrusOne,,data_center,,,,,,,4.703331,52.382981
WORLD,way,758278314,iGLASS Networks,,,yes,data_center,Commonwealth Court,Cary,,,,-78.783987,35.766751
WORLD,way,758426349,,,,yes,data_center,,,,,,-113.292672,46.332132
WORLD,way,758580536,Vital Records,,,yes,data_center,,,,,,-74.682816,40.528072
WORLD,way,759128175,,Aeven,EIA1,yes,data_center,,,,,,12.416943,55.693514
WORLD,way,759644426,,Bahnhof,,warehouse,data_center,,,,,,17.952972,59.409862
WORLD,way,759872064,1A,,,yes,data_center,,,,,,109.922753,39.722925
WORLD,way,759872065,1B,,,yes,data_center,,,,,,109.92387,39.721983
WORLD,way,759872066,4,中国电信,,yes,data_center,,,,,,109.919399,39.718729
WORLD,way,759872067,,,,yes,data_center,,,,,,109.921161,39.718147
WORLD,way,759872068,,,,yes,data_center,,,,,,109.92264,39.717387
WORLD,way,759986149,,,Gebäude 1,commercial,data_center,,,,3,,8.485186,50.062837
WORLD,way,759989363,Global Switch Frankfurt,Global Switch,,data_center,data_center,,,,,,8.59803,50.130487
WORLD,way,762116506,Meta Henrico Data Center,Meta,,industrial,data_center,,,,,,-77.23733,37.483913
WORLD,way,764378315,NTT,NTT,,office,data_center,,,,,,130.558278,31.586653
WORLD,way,764604919,maincubes FRANKFURT-01,Maincubes,FRANKFURT-01,data_center,data_center,Goethering,Offenbach am Main,,,https://www.maincubes.com/en/data-centers/frankfurt-01/,8.74311,50.109631
WORLD,way,765126865,,,,yes,data_center,,,,,,13.441489,-14.813566
WORLD,way,765230023,,,,yes,data_center,,,,,,-117.202167,34.059467
WORLD,way,766344821,,,,yes,data_center,,,,,,-70.851817,-33.448249
WORLD,way,766344822,ST1,,,yes,data_center,,,,,,-70.851593,-33.44759
WORLD,way,766768556,,Involta,,yes,data_center,,,,,,-88.34493,44.204435
WORLD,way,767732159,เดอะคลาวด์,,,data_center,data_center,,,,,,100.649725,13.818889
WORLD,way,768237868,Centrum výpočtovej techniky FHPV PU,,165,,data_center,,,,,,21.235638,48.988526
WORLD,way,769203416,hex/AC,,,yes,data_center,,,,,,6.135001,50.783539
WORLD,way,769969773,Colt Evere,Colt Technology Services nv,,commercial,data_center,,,,,https://www.colt.net/,4.411719,50.85761
WORLD,way,770046636,Datacenter de Riba d'Ave,REN;NOS,,data_center,data_center,,,,,,-8.391602,41.40368
WORLD,way,770421867,,,,,data_center,,,,,,128.863516,35.249855
WORLD,way,770978294,Scala SGIGSM01,Scala Datacenters,,industrial,data_center,,,,,,-43.355985,-22.796871
WORLD,way,771374487,"Rechenzentrum PFALZKOM, DCRN II",Pfalzkom GmbH,,commercial,data_center,In der Schlicht,Mutterstadt,DE,,,8.349893,49.420823
WORLD,way,771466445,Centro de datos KIO MEX6,KIO,,,data_center,,,,,,-99.555476,19.201963
WORLD,way,772066747,NORD-5,,,data_center,data_center,Коровинское шоссе,Москва,,,,37.513793,55.885361
WORLD,way,772827597,Meta,Meta,,industrial,data_center,,,,,,-120.879444,44.29909
WORLD,way,772827601,Meta,Meta,,industrial,data_center,,,,,,-120.889891,44.301258
WORLD,way,773684159,DartPoints Columbus,DartPoints,CLU01,,data_center,Technology Boulevard,Columbus,,,https://dartpoints.com/locations/clu01-columbus-in/,-85.896704,39.182634
WORLD,way,773848531,,US Signal,,commercial,data_center,,,,1,,-83.444141,42.235327
WORLD,way,775412066,,,,data_center,data_center,,,,,,-119.542363,39.567714
WORLD,way,775412067,,,,data_center,data_center,,,,,,-119.543209,39.567501
WORLD,way,775412068,,,,data_center,data_center,,,,,,-119.544388,39.56716
WORLD,way,775412069,,,,data_center,data_center,,,,,,-119.545227,39.566921
WORLD,way,775412072,,,,data_center,data_center,,,,,,-119.547974,39.565758
WORLD,way,775412073,,,,data_center,data_center,,,,,,-119.54769,39.565106
WORLD,way,776316726,Tennessee Processing Center LLC,,,,data_center,,,,,,-86.784001,36.215644
WORLD,way,776593777,,,,data_center,,,,,,,4.938661,52.302709
WORLD,way,776672419,,,,industrial,data_center,駿日街 Chun Yat Street,,,,,114.269967,22.286383
WORLD,way,777196805,Allentown-TekPark,,,yes,data_center,,,,,,-75.654369,40.544255
WORLD,way,777679751,Meta,Meta,1,yes,data_center,Messenger Loop NW,Los Lunas,,,,-106.776461,34.83028
WORLD,way,778874555,,nLighten,MLH1,service,data_center,,,,,https://www.nlighten.com/en/edge-location/besancon/,5.974077,47.226246
WORLD,way,778989332,,,,yes,data_center,Concord Center Drive,Englewood,,,,-104.833534,39.559068
WORLD,way,780063735,PG&E Datacenter,,,yes,data_center,Beck Avenue,Fairfield,,,,-122.067184,38.246238
WORLD,way,780262194,Centro de Procesamiento de Datos del Gobierno de Cantabria,Gobienro de Cantabria,,data_center,data_center,Paseo de Altamira,Santander,,1,,-3.814148,43.466172
WORLD,way,781370600,CyrusOne PHX6,CyrusOne,PHX6,yes,data_center,South Ellis Street,Chandler,,,,-111.882512,33.26763
WORLD,way,787209296,CryrusOne LON4,CyrusOne,LON4,yes,data_center,Bath Road,Slough,,,https://www.cyrusone.com/data-centers/emea/london-uk-lon4,-0.628948,51.516551
WORLD,way,787209399,VIRTUS LONDON9,,,yes,data_center,,,,,,-0.618992,51.518877
WORLD,way,788027103,Facebook Altoona Data Center 4,Meta,,data_center,data_center,,,,,,-93.516407,41.667743
WORLD,way,790870522,,Amazon,,yes,data_center,Boulevard Lionel-Boulet,Varennes,,,,-73.381301,45.623691
WORLD,way,791360378,,,,yes,data_center,улица Тынычлык,,,2,,50.428365,56.000605
WORLD,way,793087858,Digital Realty IAD41 (Building P),Digital Realty,IAD41,data_center,data_center,Round Table Plaza,Ashburn,,,,-77.458236,39.008806
WORLD,way,793087859,Amazon IAD118,Amazon Web Services,IAD118,data_center,data_center,Charles View Drive,Sterling,,,,-77.438836,39.018509
WORLD,way,793496138,,,,data_center,,,,,,,8.888369,47.571381
WORLD,way,793622740,Aligned Ashburn IAD-01,Aligned,IAD-01,data_center,data_center,Uunet Drive,Ashburn,,,,-77.470556,39.013608
WORLD,way,793888408,Equinix Ashburn DC15,Equinix,DC15,data_center,data_center,Performance Circle,Ashburn,,,https://www.equinix.com/data-centers/americas-colocation/united-states-colocation/washington-dc-data-centers/dc15,-77.450256,39.0225
WORLD,way,793888427,Sabey Data Centers Ashburn - Building B,Sabey Data Centers,,data_center,data_center,Red Rum Drive,Ashburn,,,https://sabeydatacenters.com/locations/ashburn-data-center,-77.479987,39.0145
WORLD,way,793888429,NTT Ashburn VA5 Data Center,NTT,VA5,data_center,data_center,Megawatt Drive,Ashburn,,,https://services.global.ntt/en-us/services-and-products/global-data-centers/global-locations/americas/ashburn-va-5-data-center,-77.472611,39.018303
WORLD,way,793888430,NTT Ashburn VA4 Data Center,NTT,VA4,data_center,data_center,Megawatt Drive,Ashburn,,,https://services.global.ntt/en-us/services-and-products/global-data-centers/global-locations/americas/ashburn-va-4-data-center,-77.472592,39.019868
WORLD,way,794147654,CloudHQ LC1,CloudHQ,LC1,data_center,data_center,Loudoun County Parkway,Ashburn,,,,-77.462671,39.010247
WORLD,way,794147655,CloudHQ LC2,CloudHQ,LC2,data_center,data_center,Waxpool Road,Ashburn,,,,-77.462459,39.011755
WORLD,way,794147657,Amazon IAD146,Amazon Web Services,IAD146,data_center,data_center,,,,,,-77.435597,38.996721
WORLD,way,795170874,Google Datacentre Waltham Cross,Google,,,data_center,,,,,,-0.048856,51.696191
WORLD,way,795384117,PHX-10,Microsoft,PHX-10,yes,data_center,West Broadway Road,Goodyear,,,,-112.36483,33.407946
WORLD,way,796933516,Equinix Ashburn DC21,Equinix,DC21,data_center,data_center,Beaumeade Circle,Ashburn,,3,https://www.equinix.com/data-centers/americas-colocation/united-states-colocation/washington-dc-data-centers/dc21,-77.45451,39.011805
WORLD,way,797826487,万国数据深圳4号数据中心,,,yes,data_center,,,,,,114.366537,22.713441
WORLD,way,798253232,"Akshaya Centre, Palluruthy",,,yes,data_center,,,,,,76.271238,9.92364
WORLD,way,799107416,Equinix WA3,Equinix,WA3,,data_center,,,,,,20.92237,52.190369
WORLD,way,799315142,RMS Dish Service Center,RMS,,yes,data_center,,,,,,76.925621,9.330096
WORLD,way,799792028,,,,yes,data_center,,,,,,76.946954,8.498102
WORLD,way,800207361,Computer Center,,,yes,data_center,,,,,,76.519857,9.244685
WORLD,way,800615347,WEDOS DC2 Podskalí,Wedos,,office,data_center,Podskalí,Hluboká nad Vltavou,,1,,14.443378,49.053361
WORLD,way,802054282,,,,yes,data_center,,,,,,-73.897901,40.95127
WORLD,way,802114419,M11,atNorth,,data_center,data_center,Sjónarhóll,Reykjanesbær,,,,-22.538785,63.963279
WORLD,way,802114420,M12,atNorth,,data_center,data_center,Sjónarhóll,Reykjanesbær,,,,-22.538774,63.963536
WORLD,way,802114421,M13,atNorth,,data_center,data_center,Sjónarhóll,Reykjanesbær,,,,-22.538726,63.963781
WORLD,way,802114422,M14,atNorth,,data_center,data_center,Sjónarhóll,Reykjanesbær,,,,-22.538742,63.964035
WORLD,way,802114423,M15,atNorth,,data_center,data_center,Sjónarhóll,Reykjanesbær,,,,-22.538696,63.964293
WORLD,way,802114424,M05,atNorth,,data_center,data_center,Sjónarhóll,Reykjanesbær,,,,-22.5358,63.964253
WORLD,way,802114425,M04,atNorth,,data_center,data_center,Sjónarhóll,Reykjanesbær,,,,-22.535764,63.963998
WORLD,way,802114426,,,,data_center,data_center,Vogshóll,Reykjanesbær,,,,-22.534867,63.96162
WORLD,way,802160675,NAO 3,Meta,,yes,data_center,,,,,,-82.749118,40.065725
WORLD,way,803853242,,BCX,,,data_center,,,,,,28.124151,-25.978483
WORLD,way,803856360,Parklands,NTT,,yes,data_center,,,,,,28.036839,-26.146687
WORLD,way,803856364,ADC Samrand Campus,Africa Data Centres,,,data_center,,,,,,28.13956,-25.930109
WORLD,way,803869403,CDC Eastern Creek Campus EC1,Canberra Data Centres,EC1,yes,data_center,Roberts Road,,,,https://cdcdatacentres.com.au/eastern-creek-campus/,150.839475,-33.818001
WORLD,way,807374322,,,,yes,data_center,,,,,,-119.895155,47.237097
WORLD,way,808900330,CSL Monet,Angola Cables,,yes,data_center,Rua Pintor Antônio Bandeira,Fortaleza,,,https://www.angolacables.co.ao/,-38.457236,-3.738851
WORLD,way,808900331,AngoNap Fortaleza,Angola Cables,,yes,data_center,Avenida Trajano de Medeiros,Fortaleza,,,https://www.angolacables.co.ao,-38.461677,-3.735286
WORLD,way,808909814,Wall Township Cable Landing Station,Tata,,yes,data_center,,,,,,-74.053063,40.160755
WORLD,way,808979618,EdgeCore,,,yes,data_center,South Everton Terrace,Mesa,,,,-111.619588,33.344149
WORLD,way,808990471,Turkcell Avrupa Veri Merkezi,Turkcell,,industrial,data_center,48. Sokak,Tekirdağ,TR,,,27.926944,41.263256
WORLD,way,809428256,Overheidsdatacenter Rijswijk,SSC-ICT,,,data_center,,,,,,4.335394,52.038275
WORLD,way,809891622,Bulk Infrastructure DK01 Campus,Bulk Infrastructure,DK01,data_center,data_center,,,,,https://bulkinfrastructure.com/data-centers/locations/dk01,8.496464,55.509028
WORLD,way,812630939,Comcast,Comcast,,yes,data_center,Northline Road,Southgate,,,,-83.198214,42.213902
WORLD,way,812825291,NextDC P2 Perth Data Centre,NextDC,P2,data_center,data_center,Lord Street,,,10,https://www.nextdc.com/data-centres/perth-data-centres/p2-perth,115.868231,-31.950165
WORLD,way,812989671,DigiCo ADL2,DigiCo,ADL2,data_center,data_center,,,,,https://www.digi-co.com.au/location/adelaide-adl2/,138.608342,-34.968477
WORLD,way,813089664,Prescient Coleraine,Prescient Data Centres Limited,,data_center,data_center,Portstewart Road,Coleraine,,1,https://prescientdc.com/data-centres/,-6.685465,55.153441
WORLD,way,813475618,Telus Kamloops Data Centre,,,yes,data_center,Bunker Road,,,,,-120.377428,50.677138
WORLD,way,813532303,SAP COS02,SAP,COS02,yes,data_center,,,,,,-104.786329,38.988916
WORLD,way,813676827,Aliénor.net,Alienor.net,,commercial,data_center,,,,,https://www.groupe-aquitem.fr/,-0.597912,44.873991
WORLD,way,813688319,,,,commercial,data_center,North United Sakura Drive,East Wenatchee,,,,-120.213935,47.407242
WORLD,way,813688320,Actapio,Actapio,,,data_center,,,,,https://www.actap.io/,-120.214011,47.407508
WORLD,way,814061068,,,,industrial,data_center,,,,,,-120.217462,47.392149
WORLD,way,814061069,,,,industrial,data_center,,,,,,-120.217877,47.391794
WORLD,way,814061070,,,,industrial,data_center,,,,,,-120.217514,47.391757
WORLD,way,814061071,,,,industrial,data_center,,,,,,-120.216901,47.391759
WORLD,way,814210482,Microsoft Datacenter West Europe,Microsoft,,,data_center,,,,,,5.037683,52.764015
WORLD,way,815057182,Facebook Fort Worth Datacenter,Meta,,yes,data_center,,,,,,-97.255111,32.988316
WORLD,way,815078625,Charles Schwab Data Center,,,yes,data_center,,,,,,-97.246141,33.004512
WORLD,way,815642514,Digital Realty Kin Tak HKG11,Digital Realty,HKG11,yes,data_center,,,,,https://www.digitalrealty.com/data-centers/hong-kong/digital-kin-chuen,114.129042,22.370381
WORLD,way,815805192,ISSDC,,,yes,data_center,,,,,https://www.issdc.gov.in/,77.369881,12.901692
WORLD,way,817338831,Amazon IAD140,Amazon Web Services,IAD140,data_center,data_center,Platform Plaza,Sterling,,,,-77.41755,38.981455
WORLD,way,817338832,Amazon IAD141,Amazon Web Services,IAD141,data_center,data_center,Platform Plaza,Sterling,,,,-77.416786,38.982388
WORLD,way,818167571,1623 Farnam,News-Press & Gazette Company,,office,data_center,Farnam Street,Omaha,,,,-95.937849,41.257291
WORLD,way,818712545,PoP-Hauptverteiler,,,yes,data_center,,,,,,9.563772,52.076886
WORLD,way,818738768,PoP Hauptverteiler,,,yes,data_center,,,,,,9.590562,52.06115
WORLD,way,818790301,Credit Suisse: Clifton Data Center,,,industrial,data_center,,,,,,-74.140219,40.83345
WORLD,way,818834286,PoP-Hauptverteiler,htp GmbH,,yes,data_center,,,,,,9.620247,52.018663
WORLD,way,819286957,Meta Clonee 5 Data Center,Meta,CLN5,data_center,data_center,,,,,,-6.445799,53.418148
WORLD,way,819981888,,,,industrial,data_center,,,,,,-86.637789,36.032716
WORLD,way,819981891,HCA Information Technology & Services Data Center,,,,data_center,,,,,,-86.637717,36.032635
WORLD,way,819981908,TierPoint,,,,data_center,,,,,https://www.tierpoint.com/data-centers/tennessee/nashville/,-86.855687,35.92451
WORLD,way,820412639,PoP-Hauptverteiler,htp GmbH,,yes,data_center,,,,,,9.533301,52.121617
WORLD,way,820790000,Central telefônica de Itapetininga,Vivo,,,data_center,,,,,,-48.03013,-23.578501
WORLD,way,821081357,Amazon Web Services,Amazon Web Services,,industrial,data_center,,,,,,-83.199698,40.102573
WORLD,way,821081358,Amazon Web Services,Amazon Web Services,,industrial,data_center,,,,,,-83.199764,40.103587
WORLD,way,821920964,,,,commercial,data_center,,,,8,,121.42022,25.028459
WORLD,way,821920965,,,,commercial,data_center,,,,3,,121.420282,25.02864
WORLD,way,822085523,Digital Realty FRA16,Digital Realty,,data_center,data_center,Weismüllerstraße,Frankfurt am Main,DE,5,,8.738504,50.120246
WORLD,way,822844088,DC Hasselt 2,Datacenter United,HDC2,industrial,data_center,Trichterheideweg,,,,https://datacenterunited.com/datacenters/datacenter-hasselt-2,5.363641,50.938312
WORLD,way,822876105,مخابرات مرکزی,,,yes,data_center,,,,,,45.072646,39.350429
WORLD,way,822876106,۱۱۷خرابی تلفن ویا,,,yes,data_center,,,,,,45.073014,39.350247
WORLD,way,823111182,Teraco JB3 Isando Campus,,,,data_center,Kiln Street,Isando,,,,28.199262,-26.137139
WORLD,way,823111183,Teraco Satellite Earth Station,,,,data_center,,,,,,28.198951,-26.138382
WORLD,way,823115596,Xneelo Samrand Campus,Xneelo,,,data_center,,,,,,28.141339,-25.927513
WORLD,way,823191092,Teraco JB1 East,Teraco,JB1 West,yes,data_center,,,,,,28.197756,-26.137798
WORLD,way,823191093,Teraco JB1 West,Teraco,JB1 West,yes,data_center,,,,,,28.197107,-26.138119
WORLD,way,823191984,Digital Parks Africa,,,,data_center,,,,,,28.151504,-25.928051
WORLD,way,825144681,Amazon Web Services,Amazon Web Services,,data_center,data_center,,,,,,-6.368504,53.294693
WORLD,way,825181660,,,GBL4,yes,data_center,,,,,,3.865862,50.464337
WORLD,way,825504801,NTT London 1,NTT,,yes,data_center,,,,,https://services.global.ntt/en-us/services-and-products/global-data-centers/global-locations/emea/london-1-data-center,0.175803,51.547372
WORLD,way,826001604,Flexential Brentwood Data Center,,,,data_center,,,,,https://www.flexential.com/data-centers/tn/nashville/brentwood-data-center,-86.808042,35.972562
WORLD,way,826001605,,,,,data_center,,,,,,-86.79162,36.023489
WORLD,way,828135845,Amazon IAD84,Amazon Web Services,IAD84,data_center,data_center,John Marshall Highway,Haymarket,,,,-77.652499,38.816103
WORLD,way,828228235,StrongMind,,,yes,data_center,,,,,,-111.840962,33.342608
WORLD,way,828606781,SaskTel,,,yes,data_center,,,,,,-107.825843,50.287673
WORLD,way,828606828,SaskTel,,,yes,data_center,,,,,,-107.802369,50.284749
WORLD,way,829254978,বাংলাদেশ ডাটা সেন্টার কোম্পানি লিমিটেড(বিডিসিসিএল),,,,data_center,,,,,,90.229448,24.071453
WORLD,way,830138727,BB&T Data Center,,,yes,data_center,,,,,,-78.328135,35.839336
WORLD,way,830370909,,Santander,,data_center,data_center,,,,,,-1.210034,52.578887
WORLD,way,830370910,,Santander,,data_center,data_center,,,,,,-1.20624,52.579626
WORLD,way,830620671,Oficina KIO Interlomas y centro de datos KIO MEX4,KIO,,,data_center,Boulevard Magnocentro,,MX,,,-99.274212,19.400135
WORLD,way,830881731,Microsoft,Microsoft,,data_center,data_center,,,,,,-93.702513,41.516741
WORLD,way,830881732,Microsoft,Microsoft,,data_center,data_center,,,,,,-93.702492,41.515835
WORLD,way,830881733,Microsoft,Microsoft,,data_center,data_center,,,,,,-93.7063,41.515818
WORLD,way,830881734,Microsoft,Microsoft,,data_center,data_center,,,,,,-93.706326,41.516706
WORLD,way,830881742,Microsoft,Microsoft,,data_center,data_center,,,,,,-93.706333,41.518501
WORLD,way,830881743,Microsoft,Microsoft,,data_center,data_center,,,,,,-93.706324,41.517611
WORLD,way,830881744,Microsoft,Microsoft,,data_center,data_center,,,,,,-93.702499,41.517642
WORLD,way,830881745,Microsoft,Microsoft,,data_center,data_center,,,,,,-93.702521,41.518537
WORLD,way,830885773,Microsoft,Microsoft,,data_center,data_center,,,,,,-93.787059,41.497856
WORLD,way,830885774,Microsoft,Microsoft,,data_center,data_center,,,,,,-93.78707,41.498901
WORLD,way,830931210,Facebook Altoona Data Center 5,Meta,,data_center,data_center,,,,,,-93.516594,41.671187
WORLD,way,832622369,,Blockfusion,,industrial,data_center,Frontier Avenue,Niagara Falls,,,,-78.944809,43.074831
WORLD,way,832656125,Blockfusion Niagra Falls,,,industrial,data_center,Frontier Avenue,Niagara Falls,,,,-79.00294,43.083493
WORLD,way,832656868,Blockfusion Niagra Falls,,,industrial,data_center,Frontier Avenue,Niagara Falls,,,,-79.003061,43.083258
WORLD,way,832658041,Blockfusion Niagra Falls,,,industrial,data_center,Frontier Avenue,Niagara Falls,,,,-79.003982,43.083032
WORLD,way,833840511,Shelter Modernización,,,yes,data_center,,,,,,-65.765921,-28.457885
WORLD,way,834727625,,,,,data_center,,,,,,6.089505,49.787458
WORLD,way,835601088,Lumen,Lumen Technologies,,house,data_center,,,,,,-113.544748,37.062799
WORLD,way,835661484,İT kursu,,,yes,data_center,,,,,,46.767261,39.82527
WORLD,way,836027457,SLT IDC - National Data Center - Pitipana,Sri Lanka Telecom PLC,,industrial,data_center,Dampe Road,Pitipana,,,,80.036631,6.824551
WORLD,way,836908998,Sungard Systems International,,,,data_center,,,,,,-86.911565,33.404776
WORLD,way,836947535,Myndshift Technologies,,,yes,data_center,,,,,,-111.719165,33.475421
WORLD,way,837139011,ForceAmp.com,,,yes,data_center,,,,,,-91.587078,41.703998
WORLD,way,838655597,,Ark Data Centres,,yes,data_center,,,,,,-0.797298,51.281768
WORLD,way,838655598,,Ark Data Centres,,yes,data_center,,,,,,-0.796131,51.282476
WORLD,way,838655599,,Ark Data Centres,,yes,data_center,,,,,,-0.795769,51.2821
WORLD,way,838655600,,Ark Data Centres,,yes,data_center,,,,,,-0.795401,51.281726
WORLD,way,838655601,,Ark Data Centres,,service,data_center,,,,,,-0.794514,51.282438
WORLD,way,838773806,,,,,data_center,,,,,,-0.410192,51.501665
WORLD,way,838801558,Virtus London8,Virtus,,yes,data_center,,,,,https://virtusdatacentres.com/locations/uk/london/stockley-park-london8,-0.457189,51.509761
WORLD,way,838817907,TierPoint - Charlotte Data Center,TierPoint,CL4,yes,data_center,,,,,https://www.tierpoint.com/data-centers/north-carolina/charlotte-center-park/,-80.928121,35.173196
WORLD,way,838817943,SEGRA,,,yes,data_center,Cross Beam Drive,Charlotte,,,,-80.92636,35.180051
WORLD,way,839662454,3,,,yes,data_center,,,,,,109.925097,39.719225
WORLD,way,840582927,Middletown Data Center,,,,data_center,Valley Pike,Middletown,,,https://www.middletowndatacenter.com/,-78.290942,39.017678
WORLD,way,841378985,2,,,yes,data_center,,,,,,109.923811,39.720477
WORLD,way,841813139,CoreSite Chicago Data Center (CH2),CoreSite,,warehouse,data_center,South Clinton Street,Chicago,,,https://www.coresite.com/data-center/ch2-chicago-il,-87.641301,41.862797
WORLD,way,842083113,DITO CO64,,,yes,data_center,,,,,,125.539428,8.936489
WORLD,way,842544718,Norma Beach Cable Landing Station,Unity Cable System,,yes,data_center,148th St SW,Lynnwood,,,,-122.284153,47.864693
WORLD,way,843118512,Cogent Tours,Cogent,,office,data_center,Rue des Douets,,,,https://www.datacentermap.com/france/tours/cogent-tours.html,0.686475,47.432321
WORLD,way,843314844,,DirecTV,,data_center,data_center,East Old Vail Road,Tucson,,,,-110.787424,32.092706
WORLD,way,843321913,,,,industrial,data_center,Welham Road,,,,,-79.67047,44.337386
WORLD,way,843508896,Euclyde DC3,Euclyde,,yes,data_center,,,,,,7.038549,43.624401
WORLD,way,844359206,Google,Google,,yes,data_center,West Warm Springs Road,Henderson,,,,-115.008575,36.056271
WORLD,way,844359207,Google,Google,,yes,data_center,West Warm Springs Road,Henderson,,,,-115.008802,36.058816
WORLD,way,844371952,Google,Google,,data,data_center,,,,,,-85.747422,34.913667
WORLD,way,844371953,Google,Google,,data,data_center,,,,,,-85.745924,34.913641
WORLD,way,844372538,,,,yes,data_center,,,,,,-81.546755,35.892676
WORLD,way,844374689,,,,data_center,data_center,,,,,,-77.540023,39.050601
WORLD,way,844386860,Google,Google,,yes,data_center,,,,,,-97.062465,32.442139
WORLD,way,844386861,Google,Google,,yes,data_center,,,,,,-97.06331,32.443564
WORLD,way,844389014,Google,Google,SPC2A,data_center,data_center,,,,2,,-87.261292,36.62459
WORLD,way,844391358,Google NBY-1,Google,,yes,data_center,,,,2,,-82.764329,40.061161
WORLD,way,844394339,Meta Sarpy Data center,Meta,,yes,data_center,,,,,,-96.1442,41.123529
WORLD,way,844394340,Meta Sarpy Data center,Meta,,yes,data_center,,,,,,-96.144532,41.120552
WORLD,way,844394357,Google,Google,,yes,data_center,,,,,,-96.146711,41.134992
WORLD,way,845775548,JPMorgan Chase,JPMorgan Chase,,data_center,data_center,West 160th Avenue,Broomfield,,,,-105.020726,39.989158
WORLD,way,846760920,Global DC OY,Yandex,,industrial,data_center,,,,,,25.263959,60.628928
WORLD,way,846772885,Equinix PA13X,Equinix,PA13X,data_center,data_center,,,,6,https://www.equinix.com/data-centers/europe-colocation/france-colocation/paris-data-centers/pa13x,2.216589,48.789107
WORLD,way,846779443,Digital Realty PAR12,Digital Realty,PAR12,data_center,data_center,Avenue Joseph Froëlicher,Ferrières-en-Brie,,,https://www.digitalrealty.com/data-centers/emea/paris/par12,2.725104,48.8244
WORLD,way,846779776,Central de internet - Claro/NET,Claro S/A,,yes,data_center,,,,,,-48.028534,-23.569566
WORLD,way,846872233,Thésée DataCenter,Thésée,,yes,data_center,,,,,,1.840305,48.96605
WORLD,way,847106822,Site technique SFR,SFR,,,data_center,,,,,,2.001335,48.765411
WORLD,way,847113959,Site technique SFR,SFR,,,data_center,,,,,,2.002802,48.767992
WORLD,way,847120472,Site technique SFR,SFR,,,data_center,,,,,,2.075712,48.971988
WORLD,way,847239871,Site Technique SFR,,,,data_center,,,,,,2.645623,48.975954
WORLD,way,847461128,Equinix PA8X,Equinix,PA8X,data_center,data_center,Bis avenue du General Leclerc,Pantin,,,https://www.equinix.com/data-centers/europe-colocation/france-colocation/paris-data-centers/pa8x,2.421985,48.900702
WORLD,way,847959022,,,,yes,data_center,,,,,,7.639095,45.060934
WORLD,way,848201800,Vantage Montreal II,Vantage Data Centers,QC4,,data_center,Route Transcanadienne,Pointe-Claire,,,https://vantage-dc.com/data-center-locations/north-america/montreal-ii-canada/,-73.800069,45.474637
WORLD,way,848498975,TMONE Klang Valley Data Center,,,,data_center,,,,,,101.657319,2.932535
WORLD,way,848800759,Edificio Telepuerto,,,data_center,,Avenida I,Santiváñez,,2,,-66.251355,-17.555707
WORLD,way,849203405,Bâtiment Data Center,MBDA France,,yes,data_center,,,,2,,2.243972,48.777882
WORLD,way,850166611,Telin-3 Data Centre,Telin Singapore,Telin-3,industrial,data_center,Sunview Drive,Singapore,SG,5,https://www.telin.sg/resources/ck/files/pdf/Telin-3%20DC%20Data%20Sheet%20v3_0.pdf,103.701477,1.316697
WORLD,way,850177813,,,,industrial,data_center,El Molino,Quilicura,,2,,-70.694378,-33.358589
WORLD,way,850342266,Marquette-Adams Telephone Coop,,,yes,data_center,,,,,,-89.574841,43.782176
WORLD,way,850965775,Compass Data Center,,,yes,data_center,Houston School Road,Red Oak,,,,-96.804459,32.538767
WORLD,way,852039405,Digital Realty ZUR2,Digital Realty,ZUR2,data_center,data_center,Bäulerwisenstrasse,Glattbrugg,,,https://www.digitalrealty.com/data-centers/emea/zurich/zur3,8.55673,47.433462
WORLD,way,852039781,Amazon IAD119,Amazon Web Services,IAD119,data_center,data_center,Charles View Drive,Sterling,,,,-77.439389,39.016931
WORLD,way,852059645,Data Center,OCP/UM6P,,yes,data_center,,Benguerir ⴱⴰⵏⴳⵔⵉⵔ بن گرير,,,,-7.929991,32.222587
WORLD,way,854227561,Mega Plus,,,,data_center,環保大道 Wan Po Road,,,,,114.274437,22.293365
WORLD,way,854227565,,,,industrial,data_center,環保大道 Wan Po Road,,,,,114.274446,22.294907
WORLD,way,854227566,,,,construction,data_center,環保大道 Wan Po Road,,,,,114.274374,22.294112
WORLD,way,854827558,CyrusOne FRA3,CyrusOne,,commercial,data_center,Wilhelm-Fay-Straße,Frankfurt am Main,,4,,8.577069,50.128841
WORLD,way,856975112,Central telefônica da Vivo,VIVO SA,,yes,data_center,Rua Quintino Bocaiúva,Itapetininga,,,,-48.052507,-23.591953
WORLD,way,860433344,Flexential Portland - Hillsboro 4,Flexential,,telecom,data_center,Northeast Starr Boulevard,Hillsboro,,,https://www.flexential.com/data-centers/portland-hillsboro-5-data-center,-122.940132,45.555313
WORLD,way,860575850,鲁南大数据中心,,,,data_center,,,,,,117.342012,34.821467
WORLD,way,863162820,Stream Chicago II,Stream,Chicago II,data_center,data_center,Busse Road,Elk Grove Village,,,https://www.streamdatacenters.com/datacenters/chicago-ii/,-87.957743,41.999125
WORLD,way,863162822,STACK Chicago CHI01,Stack Infrastructure,CHI01,data_center,data_center,,,,,https://www.stackinfra.com/locations/chicago/?data_center=chi01,-87.965185,42.006851
WORLD,way,863162825,Stream Chicago I,Stream,,warehouse,data_center,Lunt Avenue,Elk Grove Village,,,https://www.streamdatacenters.com/datacenters/chicago-i/,-87.951112,42.00263
WORLD,way,864164408,Datacenter de Mambucaba,Eletronuclear,,yes,data_center,,,,,,-44.548543,-23.033745
WORLD,way,867314871,Claro,,,house,data_center,,,,,,-64.519637,-30.866751
WORLD,way,868233076,情報基盤センター,,,yes,data_center,,,,,,141.136929,39.714155
WORLD,way,868570931,Conova Communications,,,data_center,data_center,Solvay-Halvic-Straße,Hallein,AT,,https://www.conova.com/,13.082804,47.706222
WORLD,way,868909749,CyrusOne DUB1,CyrusOne,DUB1,data_center,data_center,,,,2,https://www.cyrusone.com/data-centers/europe/ireland/DUB1-Dublin,-6.456219,53.316657
WORLD,way,869252064,Equinix IBX (WI1),Equinix,,yes,data_center,Waverley Street,,,,https://www.equinix.com/data-centers/americas-colocation/canada-colocation/winnipeg-data-centers/wi1,-97.178015,49.825022
WORLD,way,869898955,Signal,,,yes,data_center,,,,,,12.277044,65.976564
WORLD,way,871694597,Turnkey Internet,,,yes,data_center,Old Loudon Road,Latham,,,https://www.turnkeyinternet.net/,-73.759201,42.745445
WORLD,way,871745265,Microsoft,Microsoft,,yes,data_center,,,,,,-93.827877,41.54065
WORLD,way,872776256,,,,yes,data_center,,,,,,-46.528318,-23.890695
WORLD,way,873137563,,,,data_center,data_center,,,,,,-81.26457,35.590392
WORLD,way,874506250,Amazon Web Services,Amazon Web Services,,industrial,data_center,,,,,,-83.134907,40.060147
WORLD,way,874888709,Lightedge Data Center,,,data_center,,West Creek Lane,Chaska,,,,-93.637635,44.808476
WORLD,way,875153822,Centre de données,,,yes,data_center,,Verlinghem,,,,3.016361,50.68001
WORLD,way,875244715,OVHcloud Strasbourg - SBG-3,OVHcloud,SBG3,data_center,data_center,Rue du Bassin de l'Industrie,Strasbourg,,,,7.797508,48.586058
WORLD,way,876020641,Iron Mountain,,,yes,data_center,,,,,,-117.537148,47.594616
WORLD,way,876120402,DBT Data - Harrisonburg Center,,,,data_center,,,,,,-78.856725,38.462603
WORLD,way,876448398,linxdatacenter Moscow,,,yes,data_center,,,,,,37.550887,55.805655
WORLD,way,878795698,amnet Data Center,,,yes,data_center,Fahey Street,Stamford,,,https://www.amnetsystems.com/service-data-center-colocation,-73.516673,41.091785
WORLD,way,880052062,,TierPoint,,yes,data_center,,,,,,-94.755233,38.94063
WORLD,way,880484502,Newtelco Datacenter,,,,data_center,ანა პოლიტკოვსკაიას ქუჩა,,,3.5,,44.712709,41.721072
WORLD,way,881232573,Datacenter One GmbH,AtlasEdge,DUS1,commercial,data_center,Zum Jägerhof,Hilden,,3,,6.938799,51.191216
WORLD,way,881246010,,,,office,data_center,,,,,,8.736386,51.680984
WORLD,way,881474214,,,,data_center,data_center,,,,,,6.867454,53.424402
WORLD,way,881474215,,,,data_center,data_center,,,,,,6.865019,53.423999
WORLD,way,881474216,,,,data_center,data_center,,,,,,6.862936,53.422988
WORLD,way,881756415,CANTV Puerto Ordaz,,,office,data_center,Calle La Paz,Ciudad Guayana (Puerto Ordaz),,4,,-62.71631,8.311081
WORLD,way,882664393,Equinix Singapore SG5,Equinix,SG5,industrial,data_center,Sunview Drive,Singapore,SG,,https://www.equinix.com/data-centers/asia-pacific-colocation/singapore-colocation/singapore-data-center/sg5,103.701503,1.317318
WORLD,way,882664402,,,,industrial,data_center,,,,5,,103.968518,1.377229
WORLD,way,882664403,,,,industrial,data_center,,,,5,,103.968154,1.377607
WORLD,way,882977350,CloudHQ MCC1,CloudHQ,MCC1,data_center,data_center,,,,,https://cloudhq.com/location/mcc-campus/,-77.49994,38.717062
WORLD,way,883367894,,,,yes,data_center,,,,,,4.886933,52.336566
WORLD,way,883809860,Meta,Meta,FRC,industsrial,data_center,,,,,,-81.825176,35.316612
WORLD,way,886028872,Amazon IAD129,Amazon Web Services,IAD129,data_center,data_center,Charles View Drive,Sterling,,,,-77.438382,39.01608
WORLD,way,886330269,Microsoft,Microsoft,,data_center,data_center,Compass Creek Parkway,Leesburg,,,,-77.564129,39.074787
WORLD,way,886450897,LaoDC,,,,data_center,,,,,https://laodc.com/,102.631191,17.924198
WORLD,way,886580615,Pulsant,,,data_center,data_center,Suttons Park Avenue,Reading,,,,-0.942471,51.456973
WORLD,way,887871067,Digital Realty FRA31,Digital Realty,,data_center,data_center,Wilhelm-Fay-Straße,Frankfurt am Main,,,,8.585131,50.127274
WORLD,way,887871068,Digital Realty FRA32,Digital Realty,,data_center,data_center,Wilhelm-Fay-Straße,Frankfurt am Main,,,,8.584312,50.127436
WORLD,way,888253616,NTT Silicon Valley SV1 Data Center,NTT,SV1,yes,data_center,Walsh Avenue,Santa Clara,,,https://services.global.ntt/en-us/services-and-products/global-data-centers/global-locations/americas/silicon-valley-sv1-data-center,-121.955338,37.369053
WORLD,way,888760205,Positive Park,Positive Internet,,yes,data_center,,,,,,0.056506,52.583745
WORLD,way,889177821,CANTV Chirica,CANTV,,public,data_center,,,,,,-62.63551,8.351711
WORLD,way,889389633,AWS eu-north-1 Availability Zone K,Amazon Web Services,,industrial,data_center,,,,,,16.235174,58.996416
WORLD,way,889434872,NEXTDC - S6 Sidney,NextDC,S6,industrial,data_center,Broadcast Way,,,,https://www.nextdc.com/data-centres/sydney-data-centres/s6-sydney,151.186008,-33.819485
WORLD,way,891031651,T5 Data Center,,,yes,data_center,Webb Bridge Road,Alpharetta,,,,-84.264267,34.075792
WORLD,way,891596749,Equinix AM8,Equinix,,data_center,data_center,Gyroscoopweg,Amsterdam,,,,4.838887,52.397146
WORLD,way,891768315,Telstra Data Centre,Telstra,,data_center,data_center,,,,,,151.191304,-33.818781
WORLD,way,891871959,nLighten Edge Data Centre Liverpool,,LPL1,,data_center,,,,,https://www.nlighten.eu/en/united-kingdom-data-centers/liverpool/,-2.973331,53.343314
WORLD,way,893800401,Interxion AMS1 - AMS4,Interxion,AMS1; AMS2; AMS4,,data_center,Gyroscoopweg,Amsterdam,,,,4.842357,52.399753
WORLD,way,894425613,,BNYM,,yes,data_center,,,,,,-86.783629,36.215392
WORLD,way,897226569,Microsoft Data Center,Microsoft,,,data_center,,,,,,-77.559445,38.949518
WORLD,way,897226573,Arcola Tech Park,,,,data_center,,,,,,-77.555626,38.949268
WORLD,way,897226574,Amazon IAD125,Amazon Web Services,IAD125,data_center,data_center,,,,,,-77.560545,38.948089
WORLD,way,897226575,Amazon IAD124,Amazon Web Services,IAD124,data_center,data_center,,,,,,-77.560452,38.949895
WORLD,way,897348404,EVF-Datacenter,Energieversorgung Filstal,,data_center,data_center,Karl-Ehmann-Straße,Göppingen,DE,,https://evf.de/geschaeftskunden/datacenter,9.686876,48.713262
WORLD,way,899634245,Stack Infrastructure - POR03,Stack Infrastructure,POR03A,industrial,data_center,Northeast Starr Boulevard,Hillsboro,,,https://www.stackinfra.com/locations/americas/portland/por03/,-122.937907,45.554132
WORLD,way,899899348,,ANSSI,,yes,data_center,,,,,,2.476553,48.870198
WORLD,way,900502564,CANTV Caura,CANTV,,yes,data_center,,,,,,-62.755134,8.271913
WORLD,way,902091581,,Bouygues Télécom,,yes,data_center,,,,,,3.101304,50.39612
WORLD,way,902536378,Paris Digital Park,,,,data_center,,,,,,2.398802,48.927492
WORLD,way,903236619,,Quicken Loans,,industrial,data_center,Rosa Parks Boulevard,Detroit,,,,-83.069769,42.326178
WORLD,way,903642490,Family History Center,The Church of Jesus Christ of Latter-day Saints,,yes,data_center,,,,,,-111.304246,42.317274
WORLD,way,904453635,,,,yes,data_center,,,,,,-83.376703,36.328074
WORLD,way,904767972,ZRH1,Vantage Data Centers,,yes,data_center,Fabrikstrasse,Winterthur,,,,8.761453,47.500455
WORLD,way,905719338,中国联通三明分公司,,,yes,data_center,,,,,,117.647865,26.282885
WORLD,way,905807631,Mudra Computer Center,Venu,,yes,data_center,,,,,,77.028034,9.977521
WORLD,way,906834712,Gyro Center,Gyro Center,,,data_center,,,,,,4.843175,52.400641
WORLD,way,908492330,SC1 Sunshine Coast Data Centre,NextDC,SC1,data_center,data_center,Maud Street,,,,https://www.nextdc.com/data-centres/sunshine-coast-data-centres/sc1-sunshine-coast,153.09285,-26.659702
WORLD,way,909192653,Felix Datacenter,Nautile,FLX,yes,data_center,Rue Félix Broche,Nouméa,,,,166.461007,-22.269431
WORLD,way,909455922,42310 THUNDERBALL DR,True North Data Solutions,,data_center,data_center,Thunderball Drive,Leesburg,,1,,-77.539711,39.044103
WORLD,way,909698744,Trung tâm dữ liệu FPT Fornix,FPT,,yes,data_center,Phố Trương Công Giai,,,8,,105.78937,21.027149
WORLD,way,909742340,QTS Data Center - Hillsboro 2,Quality Technology Services,,industrial,data_center,Northeast Huffman Street,Hillsboro,,,https://q.com/data-centers/hillsboro-2/,-122.929774,45.558799
WORLD,way,912393044,,DigiPlex,,,data_center,,,,,https://digiplex.com/locations/denmark--copenhagen,12.622162,55.66804
WORLD,way,913494019,,ФИНКИ,,container,data_center,,,,,,21.409337,42.004205
WORLD,way,913668923,Wallonie Data Center (WDC),,,yes,data_center,Rue de la Métallurgie,,,,,5.261737,50.580624
WORLD,way,914162241,,,,yes,data_center,,,,,,9.256814,45.422325
WORLD,way,914613836,Amazon Web Services,Amazon Web Services,PDX91,industrial,data_center,Olson Road Southeast,Boardman,,,,-119.688354,45.837924
WORLD,way,914616809,Amazon Web Services,Amazon Web Services,PDX92,industrial,data_center,Olson Road Southeast,Boardman,,,,-119.693129,45.83754
WORLD,way,914616810,Amazon Web Services,Amazon Web Services,PDX64,industrial,data_center,Lewis and Clark Drive,Boardman,,,,-119.605645,45.846655
WORLD,way,916046040,,,,data_center,data_center,East 6th Avenue,Aurora,,,,-104.712783,39.729558
WORLD,way,916148870,,,,data_center,data_center,Crosspoint Parkway,Getzville,,,,-78.749203,43.044944
WORLD,way,918871786,QTS Data Center - Hillsboro 2,Quality Technology Services,,industrial,data_center,Northeast Huffman Street,Hillsboro,,,https://q.com/data-centers/hillsboro-2/,-122.931814,45.558784
WORLD,way,918871787,QTS Data Center - Hillsboro 2,Quality Technology Services,,industrial,data_center,Northeast Huffman Street,Hillsboro,,,https://q.com/data-centers/hillsboro-2/,-122.935154,45.558807
WORLD,way,918871788,QTS Data Center - Hillsboro 2,Quality Technology Services,,industrial,data_center,Northeast Huffman Street,Hillsboro,,,https://q.com/data-centers/hillsboro-2/,-122.933002,45.558796
WORLD,way,918873142,Flexential Portland - Hillsboro 3,Flexential,,data_center,data_center,Northeast Starr Boulevard,Hillsboro,,,https://www.flexential.com/data-centers/or/portland/hillsboro3-data-center,-122.938201,45.55948
WORLD,way,919169883,Data Center,Lepida,,university,data_center,,,,,,10.933201,44.657846
WORLD,way,919948160,,,,yes,data_center,,,,,,-87.918406,42.675665
WORLD,way,920174789,Equinix,Equinix,BX1,,data_center,,,,,,-0.612232,44.896126
WORLD,way,921646702,,,,,data_center,,,,,,151.192491,-33.81404
WORLD,way,921746335,,,,industrial,data_center,,,,,,55.119992,25.028072
WORLD,way,922257441,ICE - Centro de Datos,ICE,,yes,data_center,,,,,,-83.94362,9.821645
WORLD,way,922927451,Iron Mountain FRA-1,Iron Mountain,FRA-1,industrial,data_center,Borsigallee,Frankfurt am Main,DE,4,https://www.ironmountain.com/data-centers/locations/frankfurt-data-center,8.739879,50.133682
WORLD,way,923148801,Lumen Cleveland,,,yes,data_center,,,,,,-81.657776,41.505066
WORLD,way,923167491,,,,,data_center,,,,,,-80.570182,35.179488
WORLD,way,923539617,Toà nhà Viettel IDC Pháp Vân,Viettel,,office,data_center,Đường Song Hành Cao Tốc Pháp Vân - Cầu Giẽ,,,,,105.849965,20.958966
WORLD,way,923914065,Centro de datos Triara,Triara,,,data_center,,,,,,-100.179576,25.784208
WORLD,way,926894444,Amazon Web Services,Amazon Web Services,,data_center,data_center,,,,,,-6.382171,53.413758
WORLD,way,930043986,SU Green Data Center,Syracuse University,,yes,data_center,Skytop Road,Onondaga,,,,-76.115925,43.012076
WORLD,way,930226814,Tennessee South Data Center,State of Tennessee,,,data_center,,,,,,-86.495826,35.99343
WORLD,way,930540164,,,,,data_center,,,,,,-117.238846,33.1536
WORLD,way,930849744,Amazon IAD163,Amazon Web Services,IAD163,data_center,data_center,Atlantic Boulevard,Dulles,,,,-77.429702,39.032305
WORLD,way,931369845,Johns Hopkins Data Center,,,yes,data_center,,,,,,-76.551731,39.293559
WORLD,way,931732650,Ebay,,,yes,data_center,,,,,,-112.050635,40.564112
WORLD,way,933269953,STACK Infrastructre - ZUR01A,STACK Infrastructre,https://www.stackinfra.com/locations/zurich/,industrial,data_center,,,,,https://www.stackinfra.com/locations/zurich/,8.541656,47.600957
WORLD,way,933393863,Edgeconnex Data Center,EdgeConneX,,yes,data_center,Gold Center Drive,Rancho Cordova,,,https://www.edgeconnex.com/locations/americas/sacramento-ca/,-121.27744,38.592299
WORLD,way,935092287,Green Mountain Ytre Enebakk,,,warehouse,data_center,,,,,https://greenmountain.no/,10.992439,59.758886
WORLD,way,935465844,智慧云中心,,,commercial,data_center,,,,,,113.896054,22.522609
WORLD,way,936368014,,,,,data_center,,,,,,-74.547881,40.524278
WORLD,way,936382486,Satelitsko i multimedijsko središte Deanovec,Odašiljači i veze d.o.o.,,,data_center,,,,,,16.474878,45.700064
WORLD,way,937369189,Datacenter Data17,Data17,,data_center,data_center,,,,,https://www.data17.fr,-0.522366,45.927469
WORLD,way,938592711,,,,yes,data_center,South Bullard Avenue,Goodyear,,,,-112.377048,33.439377
WORLD,way,939340882,T-Mobile Warszawa-Szlachecka,,,office,data_center,Szlachecka,Warszawa,,3,,21.021864,52.315291
WORLD,way,940299764,Meta Odense Data Center,Meta,,yes,data_center,,,,,,10.481129,55.36921
WORLD,way,940821791,Omnis Network,,,yes,data_center,West Geneva Drive,Tempe,,,,-111.952517,33.394436
WORLD,way,941784004,Meta Singapore Data Center,Meta,,industrial,data_center,Sunview Way,Singapore,SG,11,https://www.metacareers.com/life/singapore-data-center/,103.702963,1.317162
WORLD,way,941798564,Interxion CPH03,,,data_center,,,,,,https://www.interxion.com/locations/europe/copenhagen/cph3,12.379953,55.726659
WORLD,way,942557184,Travelers Insurance,Travelers Insurance,,yes,data_center,,,,,,-96.145071,41.127872
WORLD,way,942604537,Flexential Nashville - Franklin,Flexential,,yes,data_center,Carothers Parkway,Franklin,,,https://www.flexential.com/data-centers/tn/nashville/franklin-data-center,-86.81554,35.92042
WORLD,way,943060836,PabPro Studio,Peddler Media Network,#pmn pvt. ltd,yes,data_center,Jalvayu,Jalvayu Tower,,,https://www.pabpro.shop,76.673232,30.754636
WORLD,way,943698949,Verizon,,,yes,data_center,South Sandy Parkway,Sandy City,,,,-111.903786,40.590814
WORLD,way,944024849,,,,yes,data_center,,,,,,-93.527656,41.558081
WORLD,way,944024851,,,,yes,data_center,,,,,,-93.528225,41.558152
WORLD,way,944210675,Nexeren,Nexeren,,yes,data_center,,,,,,4.879072,45.903465
WORLD,way,944875055,AWS eu-north-1 Availability Zone E,Amazon Web Services,,industrial,data_center,,,,,,16.6918,59.35838
WORLD,way,945945899,广东农信数据中心,,,yes,data_center,,,,,,113.153088,23.073335
WORLD,way,946014659,,,,yes,data_center,,,,,,-95.854149,36.081251
WORLD,way,947079448,ساختمان مهندسین مهرزاد,,,yes,data_center,,,,,,45.719112,36.764978
WORLD,way,949140208,Data4 Pologne WAW2,Data4,WAW2,,data_center,Przyparkowa,Jawczyce,,,https://www.data4group.com/en/data-centers-warsaw-poland/,20.849389,52.211655
WORLD,way,950023771,ISPPro.al,,,yes,data_center,,,,,,19.561237,42.121369
WORLD,way,952157194,1GServers,,,yes,data_center,East La Salle Street,Phoenix,,,,-112.000165,33.396562
WORLD,way,952744491,,EDF,,,data_center,,,,,,1.185162,49.263375
WORLD,way,953200002,Centro de Cómputo,,,yes,data_center,,,,,,-84.036743,9.889423
WORLD,way,954433119,Amazon IAD175,Amazon Web Services,IAD175,data_center,data_center,International Drive,Sterling,,,,-77.425476,38.979868
WORLD,way,956069435,Batelco Hamala Data Center,Batelco,DC.1,yes,data_center,,,,,https://batelco.com/business/data-center/,50.47474,26.156458
WORLD,way,956069872,Amazon Web Services,Amazon Web Services,BAH55,industrial,data_center,,,,,,50.474026,26.154521
WORLD,way,956325143,Google Datacenter Eemshaven,Google,,,data_center,,,,,https://www.google.com/about/datacenters/locations/eemshaven/,6.862773,53.423981
WORLD,way,957632961,AMS11,Microsoft,AMS11,yes,data_center,,,,,,5.038182,52.767459
WORLD,way,957632962,AMS12,Microsoft,AMS12,industrial,data_center,,,,,,5.035611,52.765997
WORLD,way,957884276,北京市信息安全容灾备份中心,,,,data_center,,,,,,116.74882,40.366905
WORLD,way,958153769,DLI ONE,DLI ONE,,,data_center,Corporate Ridge Parkway,columbus,,,https://dlione.net/,-84.883624,32.498205
WORLD,way,958153770,,,,data_center,,Corporate Ridge Parkway,columbus,,1,,-84.883591,32.498254
WORLD,way,958662382,Amazon IAD147,Amazon Web Services,IAD147,data_center,data_center,,,,,,-77.43536,38.99501
WORLD,way,958673591,Regit4u,,,yes,data_center,,,,,,-1.250023,50.906743
WORLD,way,958728802,E-Foam,,,yes,data_center,Susan B. Britt Court,Winter Garden,,,,-81.564549,28.577942
WORLD,way,958794948,广州汇云数据中心,,,yes,data_center,,,,,,113.521952,23.076089
WORLD,way,958847154,腾讯贵安七星数据中心,,,yes,data_center,,,,,,106.500683,26.369579
WORLD,way,958847155,Apple iCloud Gui'An data center,,,,data_center,,,,,,106.467175,26.362838
WORLD,way,959969621,,,,yes,data_center,Alexander Drive,Wallingford,,,,-72.801014,41.478815
WORLD,way,960934957,,,,yes,data_center,,,,,,99.829121,19.907297
WORLD,way,961071564,SimpleHelix,,,yes,data_center,West Park Loop Northwest,Huntsville,,,https://simplehelix.com/facility/,-86.691883,34.745431
WORLD,way,965755845,CenturyLink,CenturyLink,,yes,data_center,State Street,,,2,,-123.033722,44.938075
WORLD,way,966897260,CDC Eastern Creek Campus EC3,Canberra Data Centres,EC3,yes,data_center,,,,,,150.838296,-33.817745
WORLD,way,967131562,Date Center West - Eugene,"Data Center West, Inc.",,industrial,data_center,Welch Drive,Medford,,,,-122.880426,42.33246
WORLD,way,967401206,,,Gebäude 2,commercial,data_center,,,,4,,8.484929,50.061541
WORLD,way,967421070,ANZ Data Centre,ANZ,,yes,data_center,Hewitt Way,,,,,144.877192,-37.688121
WORLD,way,967421075,ANZ Data Centre,ANZ,,yes,data_center,Hewitt Way,,,,,144.877446,-37.687589
WORLD,way,967735675,Digital Realty FRA29,Digital Realty,,yes,data_center,Wilhelm-Fay-Straße,Frankfurt am Main,DE,,,8.584825,50.126269
WORLD,way,969469076,Advanced Mediomatrix,Advanced Mediomatrix,,data_center,data_center,,,,3,https://advanced-mediomatrix.com,6.237509,49.085661
WORLD,way,969929224,Warsaw Data Hub,Orange Polska S.A.,,data_center,data_center,Aleja Krakowska,Łazy,,,,20.87722,52.074403
WORLD,way,970019706,成都超算中心,,,yes,data_center,,,,,,104.106395,30.388459
WORLD,way,971044866,Fyshwick 1,Canberra Data Centres,F1,yes,data_center,Leonora Street,,,,https://cdcdc.com.au/fyshwick-campus-one/,149.18223,-35.337543
WORLD,way,971044867,Fyshwick 2,Canberra Data Centres,F2,yes,data_center,Tom Price Street,,,,https://cdcdc.com.au/fyshwick-campus-one/,149.183107,-35.338035
WORLD,way,971289359,计算中心,,,yes,data_center,,,,,,116.322178,39.958454
WORLD,way,971762036,DataBank SLC5,DataBank,SLC5,warehouse,data_center,South Pony Express Road,Bluffdale,,,https://www.databank.com/data-centers/salt-lake-city/granite-point-campus/14870-s-pony-express-road/,-111.903953,40.481137
WORLD,way,973206678,סרברפארם,,,data_center,data_center,,,,,,34.87343,32.221323
WORLD,way,974080218,Rechenzentrum Thüringer Netkom,,,data_center,data_center,Robert-Bosch-Ring,Ilmenau,DE,,,10.948601,50.684937
WORLD,way,974334074,Cyxtera Toronto YYZ2,Cyxtera,,industrial,data_center,14th Avenue,Markham,,,,-79.316742,43.838268
WORLD,way,975064000,Digital Realty Atlanta ATL11,Digital Realty,ATL11,yes,data_center,Aquila Way,Austell,,,https://www.digitalrealty.com/data-centers/atlanta/101-aquila-way-austell-ga,-84.579741,33.746561
WORLD,way,975064004,Switch Data Center,Switch,,yes,data_center,Switch Way,Lithia Springs,,,,-84.587268,33.755025
WORLD,way,975484796,Amazon Web Services,Amazon Web Services,,industrial,data_center,,,,,,-83.134606,40.059325
WORLD,way,975484797,Amazon Web Services,Amazon Web Services,,industrial,data_center,,,,,,-83.134091,40.058309
WORLD,way,975484798,Amazon Web Services,Amazon Web Services,,industrial,data_center,,,,,,-83.132753,40.060779
WORLD,way,977464240,AWS Asia Pacific (Sydney) Region Data Centre,Amazon Web Services,SYD051,yes,data_center,William Dean Street,,,,,150.869477,-33.794742
WORLD,way,977470046,CDC Eastern Creek Campus EC5,CDC,EC5,yes,data_center,,,,,https://cdcdatacentres.com.au/eastern-creek-campus/,150.836707,-33.818294
WORLD,way,977470047,CDC Eastern Creek Campus EC4,Canberra Data Centres,EC4,yes,data_center,,,,,https://cdcdatacentres.com.au/eastern-creek-campus/,150.83759,-33.818675
WORLD,way,977470049,CDC Eastern Creek Campus EC2,Canberra Data Centres,EC2,yes,data_center,,,,,,150.839972,-33.818321
WORLD,way,977470051,Sydney 01,DCI Data Centers,,industrial,data_center,Peter Brock Drive,,,,https://dcidatacenters.com/locations/sydney-01/,150.886514,-33.804987
WORLD,way,977653854,CyrusOne PHX7,,,yes,data_center,South Ellis Street,Chandler,,,,-111.881894,33.266374
WORLD,way,977653858,CyrusOne PHX4,CyrusOne,PHX4,yes,data_center,South Ellis Street,Chandler,,,,-111.882522,33.268778
WORLD,way,977653859,CyrusOne PHX5,CyrusOne,PHX5,yes,data_center,South Ellis Street,Chandler,,,https://www.cyrusone.com/data-centers/north-america/arizona/phx1-phx8-phoenix,-111.881584,33.26975
WORLD,way,978632013,Northwest Data Center and Communications Hub,,,data_center,data_center,Oak Road,Stanford,,,,-122.180708,37.433413
WORLD,way,978934687,Digital Crossroad,Digital Crossroad,,industrial,data_center,Digital Crossroad Drive,Hammond,,,https://digitalcrossroad.com/data-centers/indiana-data-center/,-87.520233,41.707417
WORLD,way,980172878,华为四川大数据中心,,,yes,data_center,,,,,,105.493175,28.86283
WORLD,way,980368572,,,,yes,data_center,,,,,,4.861535,45.723153
WORLD,way,981463618,Colt FRA74,Colt,,data_center,data_center,Wilhelm-Fay-Straße,Frankfurt am Main,,,,8.587767,50.125513
WORLD,way,981505633,Digital Erskine Park 1,Digital Realty,,yes,data_center,Templar Road,,,,https://www.digitalrealty.com/data-centers/sydney,150.795852,-33.816238
WORLD,way,981505634,Digital Erskine Park 2,Digital Realty,,yes,data_center,Templar Road,,,,https://www.digitalrealty.com/data-centers/sydney,150.79544,-33.817231
WORLD,way,981640451,Evolution @ Agecroft Commerce Park,,,yes,data_center,,,,,,-2.304927,53.507783
WORLD,way,981640535,Evolution @ Agecroft Commerce Park,,,yes,data_center,,,,,,-2.304589,53.50629
WORLD,way,982235412,Akshaya E Center,,,yes,data_center,,,,,,76.299776,10.429623
WORLD,way,982367712,中国移动(广东湛江)数据中心,,,yes,data_center,,,,,,110.34693,21.203393
WORLD,way,983298525,A1 data centar,A1 Hrvatska d.o.o.,,data_center,data_center,Nežićeva ulica,Zagreb,HR,,,15.981591,45.764665
WORLD,way,983627455,CyrusOne NVA7,CyrusOne,NVA7,data_center,data_center,Pacific Boulevard,Sterling,,,https://www.cyrusone.com/data-centers/north-america/virginia/nva7-sterling,-77.434019,39.026315
WORLD,way,984002529,CryrusOne LON5,CyrusOne,LON5,yes,data_center,Bath Road,Slough,,,,-0.627069,51.515931
WORLD,way,984796364,Switch Las Vegas 10,,,yes,data_center,,,,,,-115.223061,36.055586
WORLD,way,984953813,Amazon IAD174,Amazon Web Services,IAD174,data_center,data_center,Atlantic Boulevard,Dulles,,,,-77.427478,39.028914
WORLD,way,984953814,Amazon IAD164,Amazon Web Services,IAD164,data_center,data_center,Atlantic Boulevard,Dulles,,,,-77.428945,39.030471
WORLD,way,985207884,Vantage VA12,Vantage Data Centers,VA12,data_center,data_center,Vantage Data Plaza,Sterling,,,,-77.438057,39.001791
WORLD,way,986296358,Equinix PE2,Equinix,PE2,yes,data_center,Lemnos Street,,,,,115.798021,-31.955939
WORLD,way,986829280,Microsoft,Microsoft,,data_center,data_center,Compass Creek Parkway,Leesburg,,,,-77.563035,39.075508
WORLD,way,989325195,Verizon Wireless Mew Building,,,yes,data_center,,,,,,-97.156714,32.972041
WORLD,way,989352911,,,,,data_center,,,,,,-74.538374,40.543332
WORLD,way,989525011,NTT Hemel Hempstead 4,NTT,,data_center,data_center,Blossom Way,Hemel Hempstead,,,,-0.429281,51.757208
WORLD,way,989735623,Amazon IAD152,Amazon Web Services,IAD152,data_center,data_center,,,,,,-77.479733,38.916572
WORLD,way,989735624,Amazon IAD151,Amazon Web Services,IAD151,data_center,data_center,,,,,,-77.478696,38.916147
WORLD,way,990229094,,,,yes,data_center,,,,,,-70.237923,-17.988645
WORLD,way,990537813,Amazon IAD83,Amazon Web Services,IAD83,data_center,data_center,,,,,,-77.523099,38.947949
WORLD,way,990537821,Amazon Web Services,Amazon Web Services,IAD93,yes,data_center,Main Marconi Lane,,,,,-77.522188,38.946539
WORLD,way,990537857,Amazon IAD122,Amazon Web Services,IAD122,data_center,data_center,,,,,,-77.497186,38.955871
WORLD,way,990537858,CyrusOne Sterling IX,CyrusOne,,data_center,data_center,,,,,,-77.50573,38.958329
WORLD,way,990586250,Microsoft,Microsoft,,data_center,data_center,,,,,,16.740775,60.635486
WORLD,way,992650497,বাংলাদেশ টেকনোসিটি লিমিটেড,,,,data_center,,,,,,90.235911,24.065276
WORLD,way,995740426,Equinix ME4,Equinix,ME4,yes,data_center,Davis Court,,,,https://www.equinix.com.au/data-centers/asia-pacific-colocation/australia-colocation/melbourne-data-centers/me4,144.786361,-37.788482
WORLD,way,995740427,Equinix ME4,Equinix,ME4,yes,data_center,Davis Court,,,,https://www.equinix.com.au/data-centers/asia-pacific-colocation/australia-colocation/melbourne-data-centers/me4,144.785146,-37.788283
WORLD,way,996723585,Iron Mountain VA-2,Iron Mountain,VA-2,data_center,data_center,,,,,https://www.ironmountain.com/resources/solution-guides/d/data-centers-northern-virginia-va-2,-77.545996,38.777237
WORLD,way,996723586,Iron Mountain VA-1,Iron Mountain,VA-1,data_center,data_center,,,,,https://www.ironmountain.com/resources/solution-guides/d/data-centers-northern-virginia-va-1,-77.547101,38.777963
WORLD,way,996723587,Amazon Web Services,Amazon Web Services,IAD96,data_center,data_center,,,,,,-77.539884,38.780151
WORLD,way,996723588,Amazon Web Services,Amazon Web Services,IAD95,data_center,data_center,,,,,,-77.539427,38.778451
WORLD,way,996723589,Amazon Web Services,Amazon Web Services,IAD75,data_center,data_center,,,,,,-77.542896,38.779342
WORLD,way,996865179,,,,yes,data_center,,,,,,-2.219485,51.417432
WORLD,way,996865180,,,,yes,data_center,,,,,,-2.21973,51.417759
WORLD,way,996899486,Amazon IAD102,Amazon Web Services,IAD102,data_center,data_center,,,,,,-77.504896,38.735973
WORLD,way,996899487,Amazon IAD101,Amazon Web Services,IAD101,data_center,data_center,,,,,,-77.505701,38.735438
WORLD,way,996899488,Amazon IAD100,Amazon Web Services,IAD100,data_center,data_center,,,,,,-77.506642,38.734598
WORLD,way,996899489,CloudHQ MCC2,CloudHQ,MCC2,data_center,data_center,,,,,https://cloudhq.com/location/mcc-campus/,-77.498971,38.723192
WORLD,way,998933381,Rackspace Somerset NYC1,,,yes,data_center,,,,,,-74.537788,40.544526
WORLD,way,998933389,Rackspace Belmont NYC2,,,yes,data_center,,,,,,-74.537492,40.540843
WORLD,way,1000784035,Amazon Web Services,Amazon Web Services,,data_center,data_center,Hornbaker Road,Manassas,,2,,-77.533375,38.743052
WORLD,way,1001246921,Virtual Internet UK,,,industrial,data_center,Butchers Road,London,,,,0.023354,51.51665
WORLD,way,1002516540,Microsoft Data Centre,Microsoft,AKL-1,yes,data_center,,,,5,https://cdcdc.com.au/auckland-campus-one,174.664284,-36.614636
WORLD,way,1002893123,AirTrunk Sydney North,AirTrunk,SYD2,commercial,data_center,,,,,,151.144734,-33.807754
WORLD,way,1003210053,,,,data_center,data_center,,,,,,-6.45394,53.317963
WORLD,way,1003210055,Microsoft DUB13,Microsoft,DUB13,data_center,data_center,,,,,,-6.446658,53.319636
WORLD,way,1003253881,,,,data_center,,,,,,,-6.362604,53.406949
WORLD,way,1003253890,,,,data_center,,,,,,,-6.371708,53.405371
WORLD,way,1003253891,,,,data_center,,,,,,,-6.370408,53.405964
WORLD,way,1003348567,QTS Ashburn-Shellhorn DC1,Quality Technology Services,,data_center,data_center,,,,,,-77.475471,38.998078
WORLD,way,1004745825,EdgeConneX,EdgeConneX,,data_center,data_center,,,,,,-6.453678,53.329686
WORLD,way,1005216757,Datacenter One,Datacenter One NRW GmbH,,yes,data_center,Dornierstraße,Leverkusen,,,https://www.dc1.com/rechenzentrum/lev1/,7.020152,51.058582
WORLD,way,1005973518,,,,office,data_center,,,,3,,21.021825,52.315516
WORLD,way,1006126932,中国移动（广西）数据中心,,,,data_center,,,,,,108.390518,22.716319
WORLD,way,1006228571,,NTT Global Data Centers EMEA GmbH,BER2,data_center,data_center,Lankwitzer Straße,Berlin,,,https://services.global.ntt/de-de/services-und-produkte/global-data-centers/globale-standorte/emea/berlin-2-data-center,13.374489,52.438451
WORLD,way,1006315992,,Bell Canada,,industrial,data_center,Rue Saint-Dominique,,,,,-73.606836,45.530188
WORLD,way,1006396912,MTN Ghana Tetteh Quarshie Switch Center,,,,data_center,,,,,,-0.181396,5.625825
WORLD,way,1007825570,QTS Atlanta Data Center 2,Quality Technology Services,,yes,data_center,Jefferson Street Northwest,Atlanta,,,https://www.qtsdatacenters.com/data-centers/atlanta,-84.419446,33.777601
WORLD,way,1009239760,,,,data_center,data_center,,,,,,37.510123,55.885947
WORLD,way,1009365291,华南国家计量测试中心,,,yes,data_center,,,,,,113.546518,23.199926
WORLD,way,1009615405,,,,data_center,data_center,,,,,,118.284264,34.062493
WORLD,way,1009615406,,,,data_center,data_center,,,,,,118.284818,34.064008
WORLD,way,1009615407,,,,data_center,data_center,,,,,,118.286768,34.063516
WORLD,way,1009615408,,,,data_center,data_center,,,,,,118.285743,34.061932
WORLD,way,1010260674,,,,data_center,data_center,,,,,,-98.787481,29.419002
WORLD,way,1010260675,Microsoft TRP3 (SAT46),Microsoft,,yes,data_center,,,,,,-98.806374,29.412977
WORLD,way,1010260676,Microsoft,Microsoft,,yes,data_center,,,,,,-98.803316,29.415797
WORLD,way,1010260677,Microsoft,Microsoft,,yes,data_center,,,,,,-98.804515,29.415796
WORLD,way,1010496550,Hume 4,Canberra Data Centres,H4,yes,data_center,Tralee Street,,,,https://cdcdc.com.au/hume-campus-two/,149.163787,-35.395928
WORLD,way,1010500713,CDC Hume Datacentre 3,CDC,H3,yes,data_center,Sheppard Street,,,,https://cdc.com/locations/canberra/,149.168452,-35.389312
WORLD,way,1010500714,CDC Hume Datacentre 1,CDC,H1,yes,data_center,Sheppard Street,,,,https://cdcdc.com.au/hume-campus-one/,149.167604,-35.388655
WORLD,way,1011125238,Pewaukee Data Center,WE Energies,,yes,data_center,Busse Road,Waukesha,,,,-88.216698,43.051373
WORLD,way,1011480755,Korbank,,,data_center,data_center,,,,5,,16.983578,51.106471
WORLD,way,1012918195,,,,,data_center,,,,,,-84.274027,34.060998
WORLD,way,1013151458,,,,yes,data_center,,,,,,-64.504745,-30.982117
WORLD,way,1013396352,CenturyLink,,,yes,data_center,,,,,,-115.06267,36.182998
WORLD,way,1015151451,Modułowe Data Center,Exatel S.A.,,yes,data_center,,,,,,21.025257,52.112128
WORLD,way,1015258645,StreamData Center,,,data_center,,West Creek Lane,Chaska,,,,-93.637019,44.807334
WORLD,way,1015704066,EdgeConneX PHX02 Data Center,EdgeConneX,,yes,data_center,East Elliot Road,Mesa,,,,-111.647529,33.352009
WORLD,way,1015995259,Amazon IAD601,Amazon Web Services,IAD601,yes,data_center,,,,,,-77.557116,38.778859
WORLD,way,1016166666,CA31,Audi AG,,yes,data_center,,,,,,11.479988,48.753531
WORLD,way,1017048670,Switch Edge 1,,,yes,data_center,,,,,,-115.213688,36.059134
WORLD,way,1017460713,Switch Las Vegas 4,Switch,,yes,data_center,East Sahara Avenue,Las Vegas,,,,-115.076779,36.143646
WORLD,way,1017460715,Switch Las Vegas 5,Switch,,yes,data_center,East Sahara Avenue,Las Vegas,,,,-115.076696,36.142764
WORLD,way,1017518460,T-Mobile Everglades MSO Data Center,,,yes,data_center,Northwest 103rd Avenue,Sunrise,,,,-80.286877,26.184994
WORLD,way,1018552641,,,,industrial,data_center,Саве Ковачевића,,,,,20.928784,44.028882
WORLD,way,1018795132,,JH-Computers GmbH,,service,data_center,,,,,,10.304983,49.006337
WORLD,way,1019812125,EdgeConneX - Portland,EdgeConneX,,industrial,data_center,Northeast Bennett Street,Hillsboro,,,https://www.edgeconnex.com/locations/americas/portland-or/,-122.912208,45.556423
WORLD,way,1019816009,DC Blox Data Center,,,data_center,data_center,6th Street South,Birmingham,,,https://www.dcblox.com/data-centers/birmingham/,-86.820831,33.500675
WORLD,way,1020263963,فراهوش,,,yes,data_center,باغشاه,شیراز,,,https://farahoosh.ir,52.521266,29.624551
WORLD,way,1020374277,Amazon Web Services  CMH53,Amazon Web Services,CMH53,warehouse,data_center,,,,,,-82.751455,40.093616
WORLD,way,1020374278,Amazon Web Services CMH56,Amazon Web Services,CMH56,warehouse,data_center,,,,,,-82.752051,40.096534
WORLD,way,1020374279,Amazon Web Services  CMH59,Amazon Web Services,CMH59,warehouse,data_center,,,,,,-82.747491,40.094046
WORLD,way,1020721870,Searcy Information Technologies,City of Searcy,,yes,data_center,North Elm Street,Searcy,,,,-91.740906,35.249216
WORLD,way,1020877488,Amazon Web Services,Amazon Web Services,IAD162,data_center,data_center,,,,,,-77.471294,38.99585
WORLD,way,1020877489,Amazon Web Services,Amazon Web Services,IAD161,data_center,data_center,,,,,,-77.47326,38.996604
WORLD,way,1020953454,Digital Loudoun Plaza,,,,data_center,,,,,,-77.485127,39.004843
WORLD,way,1020953461,Digital Loudoun Plaza,,,,data_center,,,,,,-77.482362,39.001629
WORLD,way,1021126656,NTT,NTT,,yes,data_center,,,,,,130.518502,31.562589
WORLD,way,1022097165,Fleetnet,,,,data_center,Rua Dona Rosa Miguel,Rancharia,,,https://www.fleetnet.com.br/,-50.891688,-22.228717
WORLD,way,1022683867,A1 Data centar,A1,,yes,data_center,,,,2,https://a1.rs,20.934229,44.026204
WORLD,way,1022757170,,,,,data_center,,,,,,-77.425911,38.984837
WORLD,way,1023441556,Way Internet,,,,data_center,Avenida Dom Pedro II,Rancharia,,,https://www.internetway.com.br,-50.891469,-22.229419
WORLD,way,1023441558,Sferanet,,,,data_center,Rua Expedicionários Brasileiros,Rancharia,,,https://www.sferanet.com.br/,-50.89411,-22.227898
WORLD,way,1023827348,,,,yes,data_center,,,,,,123.845467,8.249755
WORLD,way,1023827350,,,,yes,data_center,,,,,,123.845553,8.249776
WORLD,way,1023827351,,,,yes,data_center,,,,,,123.845589,8.249663
WORLD,way,1024051963,Meta,Meta,,yes,data_center,,,,,,-112.015101,40.268588
WORLD,way,1024051997,Meta,Meta,,yes,data_center,,,,,,-112.01513,40.265564
WORLD,way,1024334708,Teraco CT2,,,yes,data_center,Tiber Road,,,,,18.67881,-33.90644
WORLD,way,1024384322,,,,yes,data_center,College Boulevard,Lenexa,,1,,-94.768373,38.926806
WORLD,way,1024899085,STACK MILL1B,STACK,MILL1B,data_center,data_center,,,,,,9.203811,45.33122
WORLD,way,1025002889,Digital Realty IAD42 (Building R),Digital Realty,IAD42,data_center,data_center,Broderick Drive,Sterling,,,,-77.449464,39.005689
WORLD,way,1025242540,NTT,NTT,,yes,data_center,,,,,,139.388903,35.365697
WORLD,way,1026050674,NTT,NTT,,yes,data_center,,,,,,130.530282,31.615414
WORLD,way,1026558508,Centro de Dirigentes Lojistas de Campos dos Goytacazes - CDL,CDL,,yes,data_center,,,,,https://www.cdlcampos.org.br/,-41.317588,-21.758339
WORLD,way,1026603690,NEXTDC Kuala Lumpur Data Centre (KL1),NEXTDC Sdn Bhd,KL1,data_center,data_center,Jalan 51a/229,Petaling Jaya,MY,,https://www.nextdc.com/data-centres/malaysia-data-centres-colocation,101.628426,3.094693
WORLD,way,1027471509,Amazon Web Services,Amazon Web Services,PDX66,industrial,data_center,Lewis and Clark Drive,Boardman,,,,-119.607039,45.846668
WORLD,way,1027471510,Amazon Web Services,Amazon Web Services,PDX68,industrial,data_center,Lewis and Clark Drive,Boardman,,,,-119.609062,45.846754
WORLD,way,1028687251,,,,data_center,,,,,,,11.004668,59.632818
WORLD,way,1030533210,PAR8,Interxion,,yes,data_center,,,,,,2.397988,48.927528
WORLD,way,1030546688,,"Lyceum of the Philippines University, Inc.",,,data_center,,,,,,120.915056,14.291478
WORLD,way,1030901315,Centre de données MAIF,MAIF;DARVA,,data_center,data_center,,,,,,-0.3765,46.345404
WORLD,way,1030970564,Meta Henrico Data Center,Meta,,industrial,data_center,,,,,,-77.233711,37.481953
WORLD,way,1031000203,Verizon,Verizon,,commercial,data_center,Rebstöcker Straße,Frankfurt am Main,,,,8.628826,50.100879
WORLD,way,1034230196,,,,yes,data_center,Commonwealth Avenue North,Polk City,,,,-81.834865,28.294069
WORLD,way,1034475557,DataBank Las Vegas LAS1,DataBank,,commercial,data_center,Pollock Drive,Las Vegas,,,,-115.147172,36.059754
WORLD,way,1035123473,Meta,Meta,,yes,data_center,,,,,,-112.015058,40.272331
WORLD,way,1037281743,انبار مغزه,,,yes,data_center,,,,,,56.367938,31.009815
WORLD,way,1037295836,,,,commercial,data_center,,,,,,133.255737,34.452075
WORLD,way,1037871048,Amazon IAD601,Amazon Web Services,IAD601,yes,data_center,,,,,,-77.437776,39.01526
WORLD,way,1038096236,Amazon Web Services,Amazon Web Services,,,data_center,,,,,,-0.84672,41.793854
WORLD,way,1038308860,,,,service,data_center,,,,,,5.606227,45.314193
WORLD,way,1039208765,,,,industrial,data_center,,,,,,15.609726,60.611324
WORLD,way,1039363614,,,,data_center,,,,,,,-65.763112,-28.459057
WORLD,way,1040002048,,,,data_center,data_center,,,,,,8.737586,50.119874
WORLD,way,1040002049,,,,data_center,data_center,,,,,,8.737266,50.119745
WORLD,way,1040205551,,,,data_center,,,,,,,-65.765874,-28.459556
WORLD,way,1042260902,,DirecTV,,data_center,data_center,Direct Way,Benson,,,,-110.304752,31.972675
WORLD,way,1042610062,,江永县武警中队,,yes,data_center,,,,,,111.332881,25.270968
WORLD,way,1046859137,,Ionos,,yes,data_center,,,,,,-2.156692,52.205895
WORLD,way,1047444549,Equinix FR11,Equinix,,commercial,data_center,Friesstraße,Frankfurt am Main,DE,,,8.740398,50.138443
WORLD,way,1047598884,Amazon Web Services,Amazon Web Services,,data_center,data_center,,,,,,-6.227412,53.405291
WORLD,way,1052052568,西東京データセンター 2号棟,,,,data_center,,,,5,,139.534238,35.717104
WORLD,way,1052182309,,,,no,data_center,North 3rd Street,Phoenix,,,https://www.4010datacenter.com,-112.07055,33.493351
WORLD,way,1053522066,BER11,Vantage Data Centers,,data_center,data_center,Uferring,Ludwigsfelde,,,https://vantage-dc.com/data-center-locations/emea/berlin-i-germany/,13.294716,52.322028
WORLD,way,1054387470,Meta Stanton Springs Data Center,Meta,,,data_center,Move Fast Way,Social Circle,,,,-83.700358,33.600468
WORLD,way,1054387471,,Meta,,industrial,data_center,,,,,,-83.705426,33.601386
WORLD,way,1054690520,NTT,NTT,,yes,data_center,,,,,,127.759205,26.209124
WORLD,way,1055031579,,,,industrial,data_center,,Redcar,,,,-1.032024,54.591764
WORLD,way,1055051150,华为山西（吕梁）大数据中心,,,yes,data_center,,,,,,111.219938,37.531742
WORLD,way,1056658555,Flexential Salt Lake City - Millcreek,Flexential,,yes,data_center,South 200 East,Salt Lake City,,,https://www.flexential.com/data-centers/ut/salt-lake-city/millcreek-data-center,-111.885051,40.685569
WORLD,way,1057170798,Vocus Sydney SYD02,Vocus,SYD02,yes,data_center,Brookhollow Avenue,,,,,150.969864,-33.733704
WORLD,way,1057230915,Amazon Web Services,Amazon Web Services,PDX93,industrial,data_center,Olson Road Southeast,Boardman,,,,-119.689874,45.83655
WORLD,way,1059030596,Amazon Web Services,Amazon Web Services,,data_center,data_center,Hornbaker Road,Manassas,,,,-77.533332,38.744286
WORLD,way,1059036248,,,,data_center,data_center,Hornbaker Road,Manassas,,2,,-77.537549,38.745991
WORLD,way,1059037050,COPT Innovation Park Data Center,Amazon Web Services,IAD132,data_center,data_center,Thomasson Barn Road,Manassas,,2,,-77.530625,38.743886
WORLD,way,1059037051,COPT Data Center Bldg 2,Amazon Web Services,IAD133,data_center,data_center,,,,2,,-77.529196,38.744055
WORLD,way,1060239750,Metas datacenter i Luleå,Meta,,yes,data_center,Datavägen,Luleå,SE,,,22.112603,65.623023
WORLD,way,1060498364,Intellicentre 5 Bunker,Macquarie Telecom Group,IC5,data_center,data_center,Pearce Avenue,,,,https://macquariedatacentres.com/data-centres/canberra-ic5-data-centre/,149.20151,-35.301458
WORLD,way,1060498365,Hume 5,Canberra Data Centres,H5,yes,data_center,Tralee Street,,,,https://cdcdc.com.au/hume-campus-two/,149.162227,-35.395364
WORLD,way,1060498369,,Verizon,,yes,data_center,Gladstone Street,,,,,149.180541,-35.321369
WORLD,way,1060498370,Equinix CA1,Equinix,CA1,commercial,data_center,Dacre Street,,,2,https://www.equinix.com.au/data-centers/asia-pacific-colocation/australia-colocation/canberra-data-centers/ca1,149.134722,-35.207965
WORLD,way,1060498371,,Department of Defence,,yes,data_center,,,,,,149.196813,-35.350794
WORLD,way,1060498373,TransACT Telehouse,TransACT,,yes,data_center,Northbourne Avenue,,,,,149.134168,-35.251577
WORLD,way,1060567996,Equinix,Equinix,BX1,data_center,data_center,Rue de Strasbourg,,,,,-0.611721,44.896231
WORLD,way,1061336199,DC7 - Euclyde Datacenters,Euclyde Datacenters,,yes,data_center,,,,2,,7.737101,48.520152
WORLD,way,1061664183,,OpenAccess Data Centres,DUR1,yes,data_center,,,,,,30.909812,-30.020576
WORLD,way,1061914050,Telmex,,,yes,data_center,,,,,,-87.451826,20.21814
WORLD,way,1062433549,,,Gebäude 3,commercial,data_center,,,,4,,8.486,50.061905
WORLD,way,1062433550,,,Gebäude 4,commercial,data_center,,,,4,,8.486857,50.062181
WORLD,way,1062433551,Digital Realty FRA33,Digital Realty,FRA33,commercial,data_center,,,,4,,8.487885,50.062532
WORLD,way,1062506403,,,,data_center,,,,,,,12.334224,50.477167
WORLD,way,1062506404,,,,data_center,,,,,,,12.334624,50.477389
WORLD,way,1062506407,,,,data_center,,,,,,,12.337923,50.478619
WORLD,way,1062506409,,,,data_center,,,,,,,12.336449,50.479147
WORLD,way,1063702126,NTT,NTT,,yes,data_center,,,,,,139.429177,35.529355
WORLD,way,1064211366,QTS Ashburn Lockridge,Quality Technology Services,ASH2,,data_center,,,,,https://q.com/data-centers/ashburn-2/,-77.456244,38.99593
WORLD,way,1064447685,Armazém Cloud,,,yes,data_center,,Joinville,,,,-48.883489,-26.235821
WORLD,way,1065780801,Amazon,Amazon Web Services,,yes,data_center,,,,,,-121.965991,37.389929
WORLD,way,1067118191,Webaxys,,,yes,data_center,,,,,,-0.378926,49.126336
WORLD,way,1069388067,,Google,,industrial,data_center,,,,,,-80.038293,33.061987
WORLD,way,1069388075,Google,Google,,industrial,data_center,,,,,,-80.039651,33.062184
WORLD,way,1069388095,Google,Google,,industrial,data_center,,,,,,-80.041128,33.062098
WORLD,way,1069388141,Google,Google,,industrial,data_center,,,,,,-80.03845,33.064311
WORLD,way,1069388147,Google,Google,,industrial,data_center,,,,,,-80.038524,33.066356
WORLD,way,1069388156,Google,Google,,industrial,data_center,,,,,,-80.043604,33.064165
WORLD,way,1069388186,Google,Google,,industrial,data_center,,,,,,-80.044983,33.062039
WORLD,way,1069388211,Google,Google,,industrial,data_center,,,,,,-80.046058,33.064442
WORLD,way,1070483840,NTT武蔵村山電話交換局,NTT,,yes,data_center,,,,,,139.374504,35.755536
WORLD,way,1070895993,,Meta,,industrial,data_center,,,,,,-83.696847,33.600074
WORLD,way,1070895994,,Meta,,industrial,data_center,,,,,,-83.695021,33.598072
WORLD,way,1071772119,Microsoft EAT02,Microsoft,,yes,data_center,,,,,,-120.207688,47.416868
WORLD,way,1071774674,Intergate Columbia D,Sabey Data Centers,,industrial,data_center,,,,,,-120.191578,47.407585
WORLD,way,1073720208,Google,Google,,yes,data_center,,,,,,-95.804857,41.177346
WORLD,way,1073720209,Google,Google,,yes,data_center,,,,,,-95.806318,41.177239
WORLD,way,1073720210,Google,Google,,yes,data_center,,,,,,-95.803187,41.177483
WORLD,way,1073720211,Google,Google,,yes,data_center,,,,,,-95.800922,41.177489
WORLD,way,1073720212,Google,Google,,warehouse,data_center,,,,,,-95.806778,41.175523
WORLD,way,1073720213,Google,Google,,warehouse,data_center,,,,,,-95.805639,41.175525
WORLD,way,1073720214,Google,Google,,warehouse,data_center,,,,,,-95.804509,41.175526
WORLD,way,1073720215,Google,Google,,warehouse,data_center,,,,,,-95.803375,41.175528
WORLD,way,1073720216,Google,Google,,warehouse,data_center,,,,,,-95.802239,41.175531
WORLD,way,1073720217,Google,Google,,warehouse,data_center,,,,,,-95.801106,41.17553
WORLD,way,1073720218,Google,Google,,warehouse,data_center,,,,,,-95.799964,41.175537
WORLD,way,1073720219,Google,Google,,warehouse,data_center,,,,,,-95.80403,41.17264
WORLD,way,1073720220,Google,Google,,warehouse,data_center,,,,,,-95.802528,41.172646
WORLD,way,1073720221,Google,Google,,warehouse,data_center,,,,,,-95.801127,41.172556
WORLD,way,1074062763,GTN Data Center,Graha Teknologi Nusantara,,yes,data_center,,,,,,107.167084,-6.34602
WORLD,way,1074588578,,,,yes,data_center,,,,,,-78.373985,36.679905
WORLD,way,1074588579,,,,yes,data_center,,,,,,-78.374165,36.679279
WORLD,way,1074588580,,,,yes,data_center,,,,,,-78.374691,36.677864
WORLD,way,1074588582,,,,yes,data_center,,,,,,-78.377007,36.677471
WORLD,way,1074588583,,,,yes,data_center,,,,,,-78.376849,36.678007
WORLD,way,1074588584,,,,yes,data_center,,,,,,-78.376687,36.678538
WORLD,way,1074588585,,,,yes,data_center,,,,,,-78.376494,36.679179
WORLD,way,1074588586,,,,yes,data_center,,,,,,-78.376329,36.679714
WORLD,way,1074591450,,,,yes,data_center,,,,,,-78.376868,36.682922
WORLD,way,1074591451,,,,yes,data_center,,,,,,-78.375751,36.683001
WORLD,way,1074591452,,,,yes,data_center,,,,,,-78.377219,36.686061
WORLD,way,1074591453,,,,yes,data_center,,,,,,-78.376105,36.686145
WORLD,way,1074591454,,,,yes,data_center,,,,,,-78.377593,36.689498
WORLD,way,1074591455,,,,yes,data_center,,,,,,-78.376485,36.689576
WORLD,way,1074595308,,,,yes,data_center,,,,,,-78.376771,36.692492
WORLD,way,1074595309,,,,yes,data_center,,,,,,-78.377968,36.692458
WORLD,way,1074595310,,,,yes,data_center,,,,,,-78.376358,36.694934
WORLD,way,1074785161,,,,yes,data_center,,,,,,-2.020707,37.572734
WORLD,way,1075278060,Microsoft,Microsoft,,data_center,data_center,,,,,,-93.786996,41.49683
WORLD,way,1075278061,Microsoft,Microsoft,,yes,data_center,,,,,,-93.826314,41.539814
WORLD,way,1075278062,Microsoft,Microsoft,,yes,data_center,,,,,,-93.828665,41.53967
WORLD,way,1075445245,,,,yes,data_center,De La Cruz Boulevard,Santa Clara,,,,-121.94234,37.361154
WORLD,way,1075858825,centro de datos trasbase Negratín,,,yes,data_center,,,,,,-2.00227,37.451481
WORLD,way,1075858826,,,,yes,data_center,,,,,,-2.002225,37.45156
WORLD,way,1076405301,rockenstein AG,,,data_center,data_center,Schleehofstraße,Veitshöchheim,,,https://www.rockenstein.de,9.908453,49.833562
WORLD,way,1077131079,xAI Macrohardrr,xAI,,yes,data_center,Stateline Road West,Memphis,,,,-90.03417,34.993488
WORLD,way,1077266877,GreenBushDC,MTS,,,data_center,,,,,,37.157174,56.003607
WORLD,way,1077411992,,,,,data_center,,,,3,,9.957531,51.56098
WORLD,way,1077515970,Adam,,,industrial,data_center,Carrer dels Artesans,Cerdanyola del Vallès,,,,2.123257,41.48968
WORLD,way,1077698708,,,,yes,data_center,Huurrekuja,,,2,,25.030395,60.342372
WORLD,way,1078137564,,Post PNG,,yes,data_center,,,,,,144.229459,-5.858071
WORLD,way,1079323317,Central CANTV,CANTV,,yes,data_center,,,,,,-66.910121,10.508405
WORLD,way,1080170579,Flexential Portland - Hillsboro 4 Expansion,Flexential,,telecom,data_center,Northeast Starr Boulevard,Hillsboro,,,https://www.flexential.com/data-centers/portland-hillsboro-5-data-center,-122.941087,45.555391
WORLD,way,1080170580,Flexential Portland - Hillsboro 5,Flexential,,telecom,data_center,Northeast Starr Boulevard,Hillsboro,,,https://www.flexential.com/data-centers/portland-hillsboro-5-data-center,-122.939407,45.556341
WORLD,way,1080495340,AIMS,,,,data_center,,,,,https://aims.com.my/,101.657358,2.937752
WORLD,way,1081882891,NorthC Biel data center,,,,data_center,,,,,https://www.northcdatacenters.com/en/biel/,7.279149,47.155768
WORLD,way,1081886104,NorthC Data center Groningen,,,,data_center,,,,,https://www.northcdatacenters.com/en/northc-datacenters/groningen/,6.473899,53.207295
WORLD,way,1081973944,QTS San Antonio II,Quality Technology Services,,yes,data_center,Potranco Road,San Antonio,,,,-98.653126,29.449157
WORLD,way,1082803064,联通云数据中心·齐齐哈尔,,,yes,data_center,,,,,,123.948472,47.34024
WORLD,way,1083841125,T5@Colorado Springs,,,yes,data_center,Janitell Road,Colorado Springs,,,https://t5datacenters.com/locations/t5-colorado/,-104.788583,38.78616
WORLD,way,1084042553,Digital Realty ZUR3,Digital Realty,ZUR3,data_center,data_center,Bäulerwisenstrasse,Glattbrugg,,,https://www.digitalrealty.com/data-centers/emea/zurich/zur3,8.557789,47.434284
WORLD,way,1084463415,,,,,data_center,,,,,,12.332361,50.478418
WORLD,way,1084581417,PAR9,Interxion,,yes,data_center,,,,,,2.398728,48.927077
WORLD,way,1085338755,Amazon Data Services Spain S.L.U.,Amazon Web Services,,,data_center,,,,,,-0.452035,42.103238
WORLD,way,1085608797,Flexential Tampa - North,Flexential,,yes,data_center,Parkedge Drive,Tampa,,,https://www.flexential.com/data-centers/fl/tampa/north-data-center,-82.368362,28.07387
WORLD,way,1087109147,CDC Data Centre HV1,CDC,HV1,yes,data_center,Westpoint Drive,,,5,https://cdc.com/locations/auckland,174.63682,-36.803059
WORLD,way,1087123851,,,,yes,data_center,,,,,,-98.362012,26.077867
WORLD,way,1088203906,Amazon IAD-169,Amazon Web Services,IAD-169,data_center,data_center,Beaumeade Circle,Ashburn,,,,-77.452006,39.016745
WORLD,way,1088203907,Amazon IAD-179,Amazon Web Services,IAD-179,data_center,data_center,Beaumeade Circle,Ashburn,,,,-77.45314,39.015885
WORLD,way,1088241977,Aligned IAD-02,Aligned,,data_center,data_center,Uunet Drive,Ashburn,,,,-77.475159,39.010417
WORLD,way,1088241982,,,,data_center,data_center,,,,,,-77.473094,39.013048
WORLD,way,1088665595,Amazon Web Services Data Centre,Amazon Web Services,,,data_center,,,,,,174.598896,-36.812172
WORLD,way,1088995070,NTT東日本 小曽木電話交換局,NTT,,yes,data_center,,,,,,139.260408,35.811465
WORLD,way,1090189550,,,,data_center,,,,,,,4.950318,52.357222
WORLD,way,1090837713,QTS Manassas DC5,Quality Technology Services,,data_center,data_center,,,,,,-77.517388,38.754768
WORLD,way,1091128478,PHX-11,Microsoft,PHX-11,yes,data_center,West Broadway Road,Goodyear,,,,-112.364827,33.409031
WORLD,way,1091444209,Ingresos Club Axion,,,yes,data_center,,,,,,-58.949838,-34.166596
WORLD,way,1091677953,PenDC Data Center Solutions,PenDC Data Center Solutions,,data_center,data_center,İstanbul Caddesi,,TR,,https://pendc.com,29.063966,40.308973
WORLD,way,1092283612,,,,yes,data_center,3rd Avenue,Orangeburg,,,,-73.971775,41.052332
WORLD,way,1092751673,Hut 8,Hut 8,,,data_center,,,,,,-110.738477,50.092962
WORLD,way,1092757323,Compute North,,,no,data_center,,,,,,-99.038336,40.725927
WORLD,way,1093408399,Microsoft MAD01,Microsoft,,data_center,,,,,,,-3.54977,40.593263
WORLD,way,1093524141,,Equinix,,data_center,,,,,,,4.960769,52.354468
WORLD,way,1093524157,,Equinix,,data_center,,,,,6,,4.961484,52.354328
WORLD,way,1093524162,,Equinix,,data_center,,,,,,,4.961925,52.354533
WORLD,way,1093524163,,Equinix,,data_center,,,,,,,4.961314,52.354917
WORLD,way,1093524165,,,,data_center,,,,,3,,4.960747,52.354627
WORLD,way,1093524166,,Equinix,,data_center,,,,,,https://www.equinix.nl/data-centers/europe-colocation/netherlands-colocation/amsterdam-data-centers/am3,4.960858,52.354719
WORLD,way,1093524167,,Equinix,,data_center,,,,,6,,4.960538,52.354657
WORLD,way,1094348761,,,,data_center,,,,,1,,11.014727,49.450159
WORLD,way,1094348766,,,,data_center,,,,,1,,11.014484,49.449858
WORLD,way,1094348767,,,,data_center,,,,,1,,11.014026,49.449246
WORLD,way,1094485846,Digital Realty Copenhagen CPH2,Digital Realty,CPH2,data_center,data_center,,,,,https://www.digitalrealty.com/data-centers/emea/copenhagen/cph2,12.376043,55.727794
WORLD,way,1097502168,Flexential Atlanta - Douglasville 1,Flexential,,yes,data_center,N River Rd,Douglasville,,,https://www.flexential.com/data-centers/ga/atlanta/douglasville-data-center,-84.616081,33.731057
WORLD,way,1098403088,Amazon Web Services,Amazon Web Services,,industrial,data_center,,,,,,18.721174,-34.02771
WORLD,way,1099624277,,,,yes,data_center,,,,,,2.227209,48.648553
WORLD,way,1099624278,,,,yes,data_center,,,,,,2.228446,48.649095
WORLD,way,1099624279,,,,yes,data_center,,,,,,2.227274,48.649171
WORLD,way,1099624280,,,,yes,data_center,,,,,,2.229523,48.650033
WORLD,way,1099624281,,data4,,data_center,data_center,,,,,,2.225539,48.651957
WORLD,way,1099624283,,,,yes,data_center,,,,,,2.228368,48.64846
WORLD,way,1100618147,,,1,university,data_center,,,,,,119.571732,31.676137
WORLD,way,1100732128,T-Mobile Rechenzentrum Graz,T-Mobile / Magenta,,data_center,data_center,Alte Poststraße,Graz,AT,,,15.424979,47.040528
WORLD,way,1103194401,Amazon Web Services,Amazon Web Services,,yes,data_center,,,,,,55.109861,24.893128
WORLD,way,1103333136,Google,Google,SPC1A,data_center,data_center,,,,,,-87.26351,36.624839
WORLD,way,1103333137,SPC3A,Google,Building 3,data_center,data_center,,,,2,,-87.259022,36.624311
WORLD,way,1105703906,Data Center (Ministério Público de Minas Gerais),,,yes,data_center,,,,,,-43.978629,-19.929033
WORLD,way,1106454555,Amazon IAD143,Amazon Web Services,IAD143,data_center,data_center,Optics Plaza,Sterling,,,,-77.417492,38.979563
WORLD,way,1106552046,Telstra,Telstra,,yes,data_center,,,,,,150.794884,-33.830889
WORLD,way,1107158568,Microsoft DUB14,Microsoft,DUB14,data_center,data_center,,,,,,-6.451194,53.321912
WORLD,way,1108073464,Amazon Web Services,Amazon Web Services,,data_center,data_center,,,,,,-6.224993,53.404919
WORLD,way,1108073465,Amazon Web Services,Amazon Web Services,,data_center,data_center,,,,,,-6.22246,53.409145
WORLD,way,1109074150,Meta,Meta,,industsrial,data_center,,,,,,-81.822109,35.315669
WORLD,way,1109152125,Cirion,,,yes,data_center,,,,,,-70.675881,-33.358235
WORLD,way,1109619855,Teraco JB3 Data Centre,Teraco,JB3,yes,data_center,,,,,,28.199195,-26.13726
WORLD,way,1109620300,OADC Isando,Open Access Data Centres,JNB1,yes,data_center,,,,,,28.199929,-26.135693
WORLD,way,1109643936,,US Bitcoin,,industrial,data_center,,,,,,-79.030778,43.082179
WORLD,way,1109881281,TierPoint Valley Forge,TierPoint,,yes,data_center,,,,,,-75.420878,40.121881
WORLD,way,1112223803,Amazon Web Services,Amazon Web Services,,data_center,data_center,,,,,,-6.379257,53.414536
WORLD,way,1112223804,Amazon Web Services,Amazon Web Services,,data_center,data_center,,,,,,-6.378056,53.416261
WORLD,way,1112422574,AWS Asia Pacific (Sydney) Region Data Centre,Amazon Web Services,SYD052,yes,data_center,Bluett Drive,,,,,150.766016,-34.035687
WORLD,way,1114969101,Aligned DC - PDX-01,Aligned Data Centers,,industrial,data_center,Northeast Sewell Avenue,Hillsboro,,,https://aligneddc.com/hillsboro-data-centers/,-122.949251,45.554059
WORLD,way,1115467384,大数据中心,,,yes,data_center,,,,,,118.636569,32.026142
WORLD,way,1115586271,,,,data_center,,Zgrupowania AK „Kampinos”,Warszawa,,2,,20.921726,52.293166
WORLD,way,1115952168,,,,yes,data_center,,,,,,11.36034,44.519034
WORLD,way,1116366727,JB2 Data Centre,Teraco,JB2,yes,data_center,,,,,,28.277766,-26.075315
WORLD,way,1116775094,Tahoe Reno 1,Switch,,yes,data_center,Superloop Circle,McCarran,,,,-119.475515,39.514068
WORLD,way,1116775095,Tahoe Reno 2,Switch,,yes,data_center,Superloop Circle,McCarran,,,,-119.484853,39.513871
WORLD,way,1117375128,Digital Realty MRS4,Digital Realty,MRS4,data_center,data_center,,,,,,5.346742,43.339681
WORLD,way,1118329592,,,,data_center,data_center,,,,,,34.960658,32.310325
WORLD,way,1118414289,SostraData,SostraData,,industrial,data_center,,,,,https://www.sostradata.fr/,1.393772,46.204625
WORLD,way,1118500773,Digital Realty FRA17,Digital Realty,,commercial,data_center,,,,,,8.754049,50.125124
WORLD,way,1118732098,Estacion Terrena Izalco,,,data_center,data_center,,,,2,,-89.589379,13.737859
WORLD,way,1119993292,Microsoft Data Centre,Microsoft,AKL-3,yes,data_center,,,,5,,174.602116,-36.814076
WORLD,way,1119993293,DCI Data Centre,DCI,AKL01,yes,data_center,Kakano Road,,,,,174.59986,-36.81343
WORLD,way,1120312535,Vantage JNB11,,,yes,data_center,,,,,,28.117592,-26.018585
WORLD,way,1121188409,Flexential Salt Lake City - Fair Park,Flexential,,yes,data_center,South 1000 West,Salt Lake City,,,https://www.flexential.com/data-centers/ut/salt-lake-city/fair-park-data-center,-111.920295,40.766796
WORLD,way,1121454054,Equinix PA10,Equinix,PA10,industrial,data_center,Rue Ambroise Croizat,Saint-Denis,,,https://www.equinix.com/data-centers/europe-colocation/france-colocation/paris-data-centers/pa10,2.34895,48.927557
WORLD,way,1121454055,Equinix PA9X,Equinix,PA9X,data_center,data_center,Rue Ambroise Croizat,Saint-Denis,,,https://www.equinix.com/data-centers/europe-colocation/france-colocation/paris-data-centers/pa9x,2.348975,48.926852
WORLD,way,1121592786,CyrusOne San Antonio IV,,,yes,data_center,,,,,,-98.670723,29.47076
WORLD,way,1121948176,,,,industrial,data_center,,,,,,-113.982923,51.301813
WORLD,way,1122158384,AWS Swindon Data Centre,Amazon Web Services,,yes,data_center,Burderop,Swindon,,,,-1.764363,51.524013
WORLD,way,1122298171,,data4,,data_center,data_center,,,,,,2.223554,48.650068
WORLD,way,1123181652,Discover,,,yes,data_center,,,,,,23.375701,42.668224
WORLD,way,1123249721,Equinix Ashburn DC16,Equinix,DC16,data_center,data_center,Performance Circle,Ashburn,,4,https://www.equinix.com/data-centers/americas-colocation/united-states-colocation/washington-dc-data-centers/dc16,-77.452287,39.024235
WORLD,way,1123268889,Amazon Web Services,Amazon Web Services,,data_center,data_center,,,,,,-6.382679,53.704178
WORLD,way,1123595041,,,,service,data_center,,,,,,5.021276,52.083225
WORLD,way,1124769036,Green Metro-Campus Zürich Datacenter M,Green Datacenter AG,,data_center,,,,,,,8.462368,47.481101
WORLD,way,1124852913,Colt 京阪奈データセンター,Colt data centre services,,yes,data_center,,,,5,,135.764651,34.74663
WORLD,way,1124864831,Microsoft IAD11,Microsoft,,data_center,data_center,,,,,,-77.555911,38.948258
WORLD,way,1124890821,,,,data_center,data_center,,,,,,-6.38293,53.331366
WORLD,way,1124890822,,,,data_center,data_center,,,,,,-6.38213,53.33046
WORLD,way,1125063250,,,Ced 2,,data_center,,,,,,7.660151,45.081768
WORLD,way,1125063251,,,Ced 1,,data_center,,,,,,7.660169,45.081793
WORLD,way,1125117405,,,,yes,data_center,,,,,,106.791195,28.402258
WORLD,way,1125136830,临沂华为大数据中心,,,yes,data_center,,,,,,118.423844,35.010898
WORLD,way,1125276312,CloudHQ,,,construction,data_center,Eibenweg,Offenbach am Main,,,,8.80433,50.108315
WORLD,way,1125369577,,,Ced 3,,data_center,,,,,,7.660133,45.081745
WORLD,way,1125369579,,,Ced 4,,data_center,,,,,,7.660092,45.081705
WORLD,way,1125544933,NTT,NTT,,yes,data_center,,,,,,132.255603,33.782667
WORLD,way,1125965808,,,,data_center,,,,,,,-6.350694,53.407675
WORLD,way,1126159710,Amazon Web Services,Amazon Web Services,PDX63,industrial,data_center,Lind Road,Hermiston,,,,-119.320522,45.901451
WORLD,way,1126159711,Amazon Web Services,Amazon Web Services,PDX65,industrial,data_center,Lind Road,Hermiston,,,,-119.320492,45.902766
WORLD,way,1126159714,Amazon Web Services,Amazon Web Services,PDX67,industrial,data_center,Lind Road,Hermiston,,,,-119.320477,45.903854
WORLD,way,1126159715,Amazon Web Services,Amazon Web Services,PDX69,industrial,data_center,Lind Road,Hermiston,,,,-119.320145,45.9051
WORLD,way,1126386234,Amazon Web Services,Amazon Web Services,,industrial,data_center,Lewis and Clark Drive,Boardman,,,,-119.602775,45.847608
WORLD,way,1127602555,,,,yes,data_center,,,,,,9.20123,45.331103
WORLD,way,1127951468,Amazon Web Services,Amazon Web Services,PDX132,industrial,data_center,Beach Access Road,Umatilla,,,,-119.26997,45.915723
WORLD,way,1128434725,Government Data Centre,,,yes,data_center,,,,3,,80.239962,13.017761
WORLD,way,1128589933,,,,data_center,data_center,Inclusion Lane SE,Leesburg,,,,-77.560771,39.069649
WORLD,way,1128589934,,,,data_center,data_center,Inclusion Lane SE,Leesburg,,,,-77.559433,39.069656
WORLD,way,1131944103,,Lumen Technologies,,yes,data_center,Zetland Road,Middlesbrough,,,,-1.235068,54.578501
WORLD,way,1132430543,nexspace Data Center,,,data_center,data_center,George-Boole-Weg,Heidelberg,DE,,,8.672637,49.393903
WORLD,way,1132541700,Meta Henrico Data Center,Meta,,industrial,data_center,,,,,,-77.226482,37.477856
WORLD,way,1132632705,QTS,Quality Technology Services,,yes,data_center,,,US,,,-111.997156,33.460881
WORLD,way,1133047980,FiberState Datacenter,,,yes,data_center,,,,,https://www.fiberstate.com/datacenters,-111.888255,40.511452
WORLD,way,1133173173,Centro Control de Energía,,,yes,data_center,,,,,,-99.144692,19.428919
WORLD,way,1133447252,42-24 Derwent Park,42 - 24 Pty Ltd,,yes,data_center,Gormanston Road,,,,,147.29712,-42.839243
WORLD,way,1133544548,,,,data_center,,,,,,,77.757896,13.038606
WORLD,way,1133944585,,,,yes,data_center,,,,,,-89.948703,38.81056
WORLD,way,1134104431,CoreSite Reston Campus VA2,CoreSite,,office,data_center,,,,,,-77.363999,38.951455
WORLD,way,1134911640,AWS IAD105,Amazon Web Services,IAD105,data_center,data_center,,,,,,-77.51948,38.7476
WORLD,way,1134911641,AWS IAD104,Amazon Web Services,IAD104,data_center,data_center,,,,,,-77.5207,38.74837
WORLD,way,1134911642,QTS Manassas DC1,Quality Technology Services,,data_center,data_center,,,,,,-77.513108,38.752543
WORLD,way,1137364423,Data4 Pologne WAW1,Data4,WAW1,,data_center,Przyparkowa,Jawczyce,,,https://www.data4group.com/en/data-centers-warsaw-poland/,20.850737,52.211082
WORLD,way,1138948050,Google Datacenter Middenmeer,Google,,,data_center,,,,,https://www.google.com/intl/en/about/datacenters/locations/middenmeer/,5.029851,52.79189
WORLD,way,1140704048,IXcellerate North MOS 4,IXcellerate,MOS 1,data_center,data_center,Алтуфьевское шоссе,Москва,,2,,37.577121,55.863225
WORLD,way,1141021688,Colt Paris 3,Colt,,data_center,data_center,Avenue du Cap Horn,Les Ulis,,,,2.198312,48.675243
WORLD,way,1143804764,,,,commercial,data_center,South Eternal Rings Drive,Laurel,,,,-76.851434,39.133687
WORLD,way,1144598895,Telecommunication Logistics,,,yes,data_center,,,,,,47.971306,33.396559
WORLD,way,1145623809,Vantage Data Center FRA21,Vantage Data Centers,FRA21,data_center,data_center,,,,4,https://vantage-dc.com/data-center-locations/emea/frankfurt-ii-germany/,8.461872,50.013197
WORLD,way,1147199695,STACK MILL2,STACK,MILL2,industrial,data_center,,,,,,9.202927,45.328627
WORLD,way,1150357328,LEDC - WGA1 - Wagga Wagga,Leading Edge Data Centres,WGA1,yes,data_center,Urana Street,,,,,147.348911,-35.126104
WORLD,way,1150893372,,,,commercial,data_center,,,,,,7.278339,51.450464
WORLD,way,1151395412,GCSB Data Centre,Government Communications Security Bureau,,yes,data_center,,,,,,174.62037,-36.790155
WORLD,way,1151907065,STTelemedia Global Data Centeres,,,commercial,data_center,,,,7,,77.719978,12.981233
WORLD,way,1152538065,Microsoft,Microsoft,,data_center,data_center,,,,,,17.134423,60.628644
WORLD,way,1152538066,Microsoft,Microsoft,,data_center,data_center,,,,,,17.136778,60.628324
WORLD,way,1152747559,Meta,Meta,,industrial,data_center,,,,,,-120.894587,44.301672
WORLD,way,1152748037,Meta,Meta,,industrial,data_center,,,,,,-120.894582,44.299218
WORLD,way,1153637333,成都智算中心,,,yes,data_center,,,,,,103.840778,30.789557
WORLD,way,1153935548,Digital Realty PDX11 Data Center,Digital Realty,,yes,data_center,Northeast 62nd Avenue,Hillsboro,,,,-122.919898,45.56851
WORLD,way,1154349280,Datacenter (386),UChicago Argonne LLC,386,yes,data_center,,,,,,-87.975956,41.707134
WORLD,way,1154503131,Amazon Web Services,Amazon Web Services,,industrial,data_center,,,,,,-83.199583,40.101767
WORLD,way,1154503132,Amazon Web Services,Amazon Web Services,,industrial,data_center,,,,,,-83.199475,40.100768
WORLD,way,1154503133,Amazon Web Services,Amazon Web Services,,industrial,data_center,,,,,,-83.199264,40.099786
WORLD,way,1154636644,NTT Chicago CH1,NTT,CH1,commercial,data_center,East Pierce Road,Itasca,,,https://services.global.ntt/en-us/services-and-products/global-data-centers/global-locations/americas/chicago-ch1-data-center,-88.007222,41.987962
WORLD,way,1156034466,Яндекс ДЦ Калуга,Yandex,Kaluga,,data_center,,,,,,36.349691,54.576943
WORLD,way,1156469042,,,,industrial,data_center,,,,,,15.609839,60.609884
WORLD,way,1156823776,Atman Data Center Warsaw-1,Atman sp. z o.o.,,,data_center,,,,,https://www.atman.pl,21.116586,52.236415
WORLD,way,1157356188,,West Wisconsin Telcom,,commercial,data_center,6th Avenue,Menomonie,,1,,-91.919999,44.877165
WORLD,way,1158482154,中国建设银行武汉数据中心,,,,data_center,,,,,,114.368932,30.491903
WORLD,way,1160688107,CoreSite SV7,CoreSite,SV7,yes,data_center,,,,,,-121.973057,37.376079
WORLD,way,1160814413,Meta Huntsville Data center,Meta,,industrial,data_center,,,,,,-86.626919,34.847324
WORLD,way,1160814415,Meta Huntsville Data center,Meta,,industrial,data_center,,,,,,-86.628856,34.843482
WORLD,way,1160814416,Meta Huntsville Data center,Meta,,industrial,data_center,,,,,,-86.628825,34.840441
WORLD,way,1161094246,Amazon IAD142,Amazon Web Services,IAD142,yes,data_center,Optics Plaza,Sterling,,,,-77.419905,38.979147
WORLD,way,1161721011,Amazon Web Services,Amazon Web Services,,yes,data_center,,,,,,-0.78194,51.413857
WORLD,way,1161730862,,,,,data_center,,,,,,-77.497841,38.957253
WORLD,way,1161764012,Green Mountain Ytre Enebakk,,,industrial,data_center,,,,,https://greenmountain.no/,10.993731,59.757377
WORLD,way,1163514700,,Key Point,,data_center,data_center,,,,,https://dc-keypoint.ru/,131.971848,43.327468
WORLD,way,1164817477,,,,yes,data_center,,,,,,-0.798134,51.280706
WORLD,way,1164840308,,,,data_center,,,,,,,11.003156,59.632839
WORLD,way,1164840309,,,,data_center,,,,,,,11.00617,59.632963
WORLD,way,1167125350,,,,yes,data_center,,,,,,-38.611666,-3.831031
WORLD,way,1167125351,,,,yes,data_center,,,,,,-38.611242,-3.830274
WORLD,way,1167125352,Ascenty Infraestrutura de Data Centers,,,yes,data_center,,,,,,-38.611192,-3.830795
WORLD,way,1167125355,,,,yes,data_center,,,,,,-38.610925,-3.830935
WORLD,way,1171439340,QScale,,,yes,data_center,Rue Albert-Dion,,,,,-71.325063,46.676157
WORLD,way,1173048440,,Johannes Gutenberg-Universität Mainz,2539,data_center,data_center,Ackermannweg,Mainz,,2,https://www.zdv.uni-mainz.de/rechenzentrum/,8.230132,49.987916
WORLD,way,1173537116,Microsoft EAT03,Microsoft,,commercial,data_center,Urban Industrial Way,East Wenatchee,,,,-120.20771,47.418324
WORLD,way,1173537117,Microsoft EAT04,Microsoft,,construction,data_center,,,,,,-120.213813,47.419638
WORLD,way,1173569101,Microsoft,Microsoft,,commercial,data_center,,,,,,-93.863444,41.53499
WORLD,way,1173770902,Google: Arcola 2,Google,ARA2,commercial,data_center,,,,,,-77.527451,38.941812
WORLD,way,1174694621,TeraSoft,,,yes,data_center,,,,,,-64.502699,-30.998089
WORLD,way,1175053016,Condomínio Galpões Comericiais (DATA CENTER),Ubatã Empreendimentos Imobiliários e Lazer LTDA,,,data_center,,,,,,-47.106131,-22.771862
WORLD,way,1175244806,Tòa nhà VNPT IDC Tân Thuận,VNPT,,yes,data_center,Đường số 24,,,7,,106.741012,10.773366
WORLD,way,1176042553,AWS,Amazon Web Services,,yes,data_center,,,CL,,,-70.850087,-52.942157
WORLD,way,1176935276,Telmex,,,yes,data_center,,,,,,-99.054739,19.490595
WORLD,way,1177794153,,,,yes,data_center,,,,,,-96.981938,32.894761
WORLD,way,1177893426,Amazon IAD603,Amazon Web Services,IAD603,yes,data_center,Platform Plaza,,,,,-77.419369,38.981547
WORLD,way,1177975782,,,,yes,data_center,,,,,,-104.907552,41.125403
WORLD,way,1177975783,,,,yes,data_center,,,,,,-104.899516,41.126438
WORLD,way,1177975784,,,,yes,data_center,,,,,,-104.901978,41.125411
WORLD,way,1177975788,,,,yes,data_center,,,,,,-104.908142,41.122266
WORLD,way,1177975789,,,,yes,data_center,,,,,,-104.909517,41.122246
WORLD,way,1178609569,Flexential Philadelphia - Collegeville,Flexential,,yes,data_center,Troutman Road,Collegeville,,,https://www.flexential.com/data-centers/pa/philadelphia/collegeville-data-center,-75.477618,40.152237
WORLD,way,1180419924,,,PAR11,yes,data_center,,,,,,2.398734,48.928037
WORLD,way,1180419925,,,PAR10,yes,data_center,,,,,,2.399476,48.92755
WORLD,way,1181391920,Amazon IAD86,Amazon Web Services,IAD86,yes,data_center,,,,,,-77.495674,38.917256
WORLD,way,1181391921,Amazon IAD130,Amazon Web Services,IAD130,data_center,data_center,,,,,,-77.519302,38.760361
WORLD,way,1181391922,Amazon IAD131,Amazon Web Services,IAD131,data_center,data_center,,,,,,-77.518221,38.761105
WORLD,way,1182624646,Amazon Web Services,Amazon Web Services,,yes,data_center,,,,,,-70.848613,-52.941619
WORLD,way,1182712205,Microsoft DUB15,Microsoft,DUB15,data_center,data_center,,,,,,-6.451762,53.320816
WORLD,way,1182947275,Agricultural Bank of China (Data Center),,,data_center,,"No. 88, Aoni Road",,,,,121.606166,31.307624
WORLD,way,1182947308,GDS Shanghai Data Center,,,data_center,,,,,,,121.600149,31.32305
WORLD,way,1183529324,SCL02,,,yes,data_center,,,,,,-70.706307,-33.336765
WORLD,way,1184066765,Meta Data Center,Meta,,data_center,data_center,,,,,,-94.598087,39.322631
WORLD,way,1185768205,,Telehouse,,commercial,data_center,,,,,,8.628949,50.095918
WORLD,way,1186696253,EXA Infrastructure,EXA Infrastructure,Dub-008,data_center,data_center,Clonshaugh Business & Technology Park,Dublin,,,https://exainfra.net/,-6.217858,53.400186
WORLD,way,1187438482,Meta Clonee 2 Data Center,Meta,CLN2,data_center,data_center,,,,,,-6.431674,53.418326
WORLD,way,1187438483,Meta Clonee 6 Data Center,Meta,CLN6,data_center,data_center,,,,,,-6.447494,53.41952
WORLD,way,1188015096,Keppel Tokyo Data Centre 1,,,yes,data_center,,,,5,,139.400399,35.613273
WORLD,way,1188015515,Ada Infrastructure TKW1-1,,,yes,data_center,,,,,,139.404021,35.613595
WORLD,way,1188039056,,,,yes,data_center,,,,,,114.992376,22.836824
WORLD,way,1188039057,,,,yes,data_center,,,,,,114.992105,22.837642
WORLD,way,1188039058,,,,yes,data_center,,,,,,114.991846,22.838435
WORLD,way,1188039059,,,,yes,data_center,,,,,,114.992967,22.838748
WORLD,way,1188039060,,,,yes,data_center,,,,,,114.99323,22.837947
WORLD,way,1188039061,,,,yes,data_center,,,,,,114.993496,22.837145
WORLD,way,1188039063,,,,yes,data_center,,,,,,114.989058,22.839773
WORLD,way,1188039064,,,,yes,data_center,,,,,,114.989787,22.840424
WORLD,way,1188395400,,,,,data_center,,,,,,-89.589305,13.737971
WORLD,way,1188436679,,,,data_center,,,,,,,77.757439,13.03866
WORLD,way,1188680247,QTS Ashburn-Shellhorn DC2,Quality Technology Services,,data_center,data_center,,,,,,-77.474326,38.99871
WORLD,way,1188680253,QTS Ashburn Lockridge,Quality Technology Services,,data_center,data_center,Quality Tech Lane,Sterling,,,,-77.455264,38.995307
WORLD,way,1188680254,QTS Ashburn Lockridge,Quality Technology Services,,data_center,data_center,Quality Tech Lane,Sterling,,,,-77.456819,38.995181
WORLD,way,1188680255,Amazon IAD192,Amazon Web Services,IAD192,data_center,data_center,Pacific Boulevard,Sterling,,,,-77.434802,38.98956
WORLD,way,1188691867,NTT Ashburn VA6 Data Center,NTT,VA6,data_center,data_center,Gigabit Plaza,Ashburn,,,,-77.473338,39.017043
WORLD,way,1188691868,NTT Ashburn VA9 Data Center,NTT,VA9,data_center,data_center,Gigabit Plaza,Ashburn,,,,-77.475509,39.020189
WORLD,way,1188691869,DataBank Ashburn IAD3,DataBank,IAD3,data_center,data_center,Red Rum Drive,Ashburn,,,,-77.481819,39.017904
WORLD,way,1188715508,CyrusOne NVA14,PowerHouse,ABX-1,data_center,data_center,Beaumeade Circle,Ashburn,,,https://www.powerhousedata.com/data-center/powerhouse-abx-1,-77.450457,39.019599
WORLD,way,1188715510,Cologix ASH1,Cologix,,data_center,data_center,Beaumeade Circle,Ashburn,,,https://cologix.com/data-centers/ashburn/ash1/,-77.459516,39.017926
WORLD,way,1189230940,Ficolo The Rock,Ficolo,,yes,data_center,Kivipellontie,Ulvila,,,https://finland.verneglobal.com/fi/konesalit/the-rock/,21.89145,61.500129
WORLD,way,1189426328,,,,yes,data_center,,,,,,-74.119242,40.208462
WORLD,way,1189437032,Manasquan Cable Landing Station (TAT-14),Sprint,,yes,data_center,Sea Girt Avenue,Manasquan,,,,-74.042773,40.129561
WORLD,way,1189915695,Verizon Freehold Data Center,Verizon,,yes,data_center,,,,,,-74.319538,40.239226
WORLD,way,1191496040,Meta,Meta,4,yes,data_center,Messenger Loop NW,Los Lunas,,,,-106.778898,34.825868
WORLD,way,1192381985,Vantage Data Center FRA22,Vantage Data Centers,FRA22,data_center,data_center,,,,,https://vantage-dc.com/data-center-locations/emea/frankfurt-ii-germany/,8.462072,50.01237
WORLD,way,1193914601,,,,data_center,data_center,,,,,,-119.818095,47.244813
WORLD,way,1193914602,,,,data_center,data_center,,,,,,-119.814806,47.24429
WORLD,way,1194044206,江南农村商业银行数据中心,,,commercial,data_center,,,,,,119.586495,31.723629
WORLD,way,1194718845,,,,,data_center,,,,,,2.105194,41.483835
WORLD,way,1197569182,国家超级计算天津中心（新）,,,yes,data_center,,,,,,117.720359,39.040206
WORLD,way,1197757147,,,,yes,data_center,,,,,,-104.71676,41.141335
WORLD,way,1198641381,Vantage Data Centers - CWL13,Vantage Data Centers,CWL13,data_center,data_center,North Lake Drive,Newport,,,https://vantage-dc-cardiff.co.uk/,-3.032748,51.554789
WORLD,way,1199331938,,,,yes,data_center,,,,,,-89.215941,13.697489
WORLD,way,1200987490,Centro Nacional de Registros,,,,data_center,,,,,,-89.213394,13.702989
WORLD,way,1201847647,国家超级计算天津中心,,,yes,data_center,,,,,,117.720749,39.042403
WORLD,way,1202051225,Lightedge Des Moines 2,,,commercial,data_center,Northridge Circle,Altoona,,,https://www.lightedge.com/des-moines-data-center/,-93.455943,41.666814
WORLD,way,1202256159,醫院管理局支援服務中心 Hospital Authority Supporting Services Centre,,,,data_center,翠群徑 Chui Kwan Drive,,,,,113.94089,22.28336
WORLD,way,1203027798,,,,yes,data_center,,,,,,111.351948,25.271317
WORLD,way,1205462692,NorthC Datacenter Rotterdam Waalhaven,NorthC,,,data_center,Anthony Fokkerweg,Rotterdam,,,https://www.northcdatacenters.com/northc-datacenters/rotterdam-waalhaven/,4.449318,51.875186
WORLD,way,1205572867,,,D-102,,data_center,,,,,,-8.595026,41.177722
WORLD,way,1205572869,,,D-103,,data_center,,,,,,-8.595138,41.177721
WORLD,way,1205572870,,,D-104,,data_center,,,,,,-8.595133,41.177788
WORLD,way,1205573357,,,A085B,,data_center,,,,,,-8.597519,41.177885
WORLD,way,1206579186,Equinix ME2,Equinix,ME2,yes,data_center,Lorimer Street,,AU,,https://www.equinix.com.au/data-centers/asia-pacific-colocation/australia-colocation/melbourne-data-centers/me2,144.915291,-37.822202
WORLD,way,1207052719,QTS Suwanee,Quality Technology Services,,,data_center,,,,,,-84.059347,34.036154
WORLD,way,1210163349,Equinix SY5,Equinix,SY5,yes,data_center,Bourke Road,,,2,https://www.equinix.com/data-centers/asia-pacific-colocation/australia-colocation/sydney-data-centers/sy5,151.189981,-33.91933
WORLD,way,1210199365,,,,data_center,data_center,,,,,,-119.537859,39.569711
WORLD,way,1210199366,,,,data_center,data_center,,,,,,-119.537092,39.570053
WORLD,way,1210199367,,,,data_center,data_center,,,,,,-119.536034,39.570592
WORLD,way,1210199368,,,,data_center,data_center,,,,,,-119.535317,39.570986
WORLD,way,1210421871,Carrier Services Group,,,commercial,data_center,South Avenue,Boardman,,,,-80.633078,41.041059
WORLD,way,1210515186,Flexential Nashville - Cool Springs,Flexential,,yes,data_center,Duke Drive,Franklin,,,https://www.flexential.com/data-centers/tn/nashville/cool-springs-data-center,-86.833406,35.951045
WORLD,way,1210747121,,,,yes,data_center,,,,,,9.386172,45.429092
WORLD,way,1210747122,,,,yes,data_center,,,,,,9.387248,45.429305
WORLD,way,1210747123,,,,yes,data_center,,,,,,9.38733,45.429112
WORLD,way,1210747124,,,,yes,data_center,,,,,,9.38741,45.428919
WORLD,way,1210747125,,,,yes,data_center,,,,,,9.387494,45.428723
WORLD,way,1211362828,,,,yes,data_center,,,,,,-89.721403,43.638333
WORLD,way,1211916874,noris network AG ING1 ITB,innovIT360 AG,,commercial,data_center,IN-Campus Allee,Ingolstadt,,,https://www.noris.de/rechenzentren/ingolstadt/,11.478596,48.753346
WORLD,way,1211916875,noris network AG ING1 ITA,innovIT360 AG,,commercial,data_center,IN-Campus Allee,Ingolstadt,,,https://www.noris.de/rechenzentren/ingolstadt/,11.478715,48.753111
WORLD,way,1213266502,Microsoft Newport data centre,Microsoft,,,data_center,,Newport,,,,-3.040459,51.550978
WORLD,way,1213758201,Gallatin Data Center,Meta,,,data_center,,,,,,-86.37162,36.408496
WORLD,way,1215841009,前海信息枢纽大厦,,,yes,data_center,,,,,,113.887848,22.520693
WORLD,way,1216786642,مرکز کامپیوتر دانشکدهٔ ریاضی,K. N. Toosi University of Technology,,university,data_center,دانشگاه,تهران,,1,,51.563702,35.750489
WORLD,way,1216992892,CPH01,Microsoft,,data_center,data_center,,,,,,12.099329,55.581177
WORLD,way,1217649348,Aligned Data Center - Chicago ORD-01,Aligned,ORD-01,warehouse,data_center,North Northwest Avenue,Northlake,,,,-87.917516,41.914003
WORLD,way,1217649350,Aligned Data Center - Chicago ORD-02,Aligned,ORD-02,warehouse,data_center,North Northwest Avenue,Northlake,,,,-87.917589,41.912963
WORLD,way,1219002657,Athens 3,,,yes,data_center,,,,,,23.87062,37.871653
WORLD,way,1219002658,Athens 1,,,yes,data_center,,,,,,23.869962,37.871349
WORLD,way,1219002659,Athens 2,,,yes,data_center,,,,,,23.870337,37.871168
WORLD,way,1219083552,,,,warehouse,data_center,,,,,,-87.972186,42.023143
WORLD,way,1219083554,T5 Chicago II,T5 Data Centers,Chicago II,warehouse,data_center,Innovation Drive,Elk Grove Village,,,https://t5datacenters.com/locations/t5-chicago/,-87.975557,42.023042
WORLD,way,1219605864,中国联通衡阳大数据中心,,,,data_center,,,,,,112.548513,26.877369
WORLD,way,1219803354,鲁西南大数据中心,,,,data_center,,,,,,115.519714,35.200043
WORLD,way,1220064079,,,,data_center,data_center,Andréstraße,Offenbach am Main,,,,8.744179,50.109844
WORLD,way,1220520621,,,,data_center,,,,,,,4.939023,52.302373
WORLD,way,1221574918,Cortex supercomputer,,,industrial,data_center,,,,,,-97.618939,30.215605
WORLD,way,1221862807,AWS IAD106,Amazon Web Services,IAD106,yes,data_center,,,,,,-77.518524,38.746979
WORLD,way,1222007663,Google NBY-2,Google,,yes,data_center,,,,2,,-82.764465,40.059618
WORLD,way,1222015736,Teraco JB4 Data Centre,Teraco,JB4,yes,data_center,,,,,,28.269401,-26.024416
WORLD,way,1222134968,Amazon Web Services,Amazon Web Services,IAD609,yes,data_center,,,,,,-77.523594,38.949149
WORLD,way,1222222038,각 세종,네이버,,yes,data_center,,,,,,127.340633,36.508122
WORLD,way,1222498765,Data Center Bilbao Arasur,Merlin Properties,,data_center,data_center,,,,3,,-2.910408,42.698175
WORLD,way,1222992669,,,,yes,data_center,,,,,,19.880983,39.549829
WORLD,way,1223207435,M16,atNorth,,data_center,data_center,Sjónarhóll,Reykjanesbær,,,,-22.538669,63.964542
WORLD,way,1225367739,Microsoft,Microsoft,,industrial,data_center,,,,,,17.009077,60.600883
WORLD,way,1225844430,,,,data_center,,Paliepių g.,Vilnius,,,,25.317842,54.607417
WORLD,way,1225879499,NEXTDC - S3 Sidney,NextDC,S3,industrial,data_center,Broadcast Way,,,,https://www.nextdc.com/data-centres/sydney-data-centres/s3-sydney,151.184574,-33.81911
WORLD,way,1226425870,Equinix MD6,Equinix,MD6,,data_center,Calle de La Pedriza,Madrid,,,https://www.equinix.com/data-centers/europe-colocation/spain-colocation/madrid-data-centers/md6,-3.661958,40.534536
WORLD,way,1226436454,,,,data_center,,,,,,,-95.877895,41.212107
WORLD,way,1226436457,CyrusOne OCB1 Council Bluffs,CyrusOne,OCB1,,data_center,Gifford Road,Council Bluffs,,,https://www.cyrusone.com/data-centers/north-america/iowa/OCB1-council-bluffs,-95.878,41.212197
WORLD,way,1226439731,Amazon Web Services,Amazon Web Services,PDX90,industrial,data_center,Olson Road Southeast,Boardman,,,,-119.694055,45.836192
WORLD,way,1226454630,CtrlS Mumbai,,,,data_center,,,,,https://www.ctrls.in/data-center-services.php,73.023812,19.10828
WORLD,way,1227095270,Datové centrum Nagoja,Seznam.cz,ng,data_center,data_center,,,,3,,14.853876,50.268185
WORLD,way,1227173411,Blönduós,Borealis,,yes,data_center,,,,,https://www.bdc.is/bl%C3%B6ndu%C3%B3s-campus,-20.243004,65.64728
WORLD,way,1227385800,,,,hangar,data_center,,,,,,-64.482875,-31.105764
WORLD,way,1227478328,Telecom,,,yes,data_center,,,,,,-64.487119,-31.094532
WORLD,way,1227539675,Equinix DC14,Equinix,DC14,,data_center,Infantry Ridge Road,Manassas,,,https://www.equinix.com/data-centers/americas-colocation/united-states-colocation/washington-dc-data-centers/dc14,-77.510546,38.803379
WORLD,way,1227550179,Novartis,,,yes,data_center,,,,,,-97.319673,32.651201
WORLD,way,1227604493,Equinix SV11,Equinix,SV11,data_center,data_center,Great Oaks Boulevard,San Jose,,,https://www.equinix.com/data-centers/americas-colocation/united-states-colocation/silicon-valley-data-centers/sv11,-121.784022,37.242615
WORLD,way,1227612684,Amazon IAD103,Amazon Web Services,IAD103,yes,data_center,,,,,,-77.504088,38.736985
WORLD,way,1227614670,CloudHQ MCC3,CloudHQ,MCC3,yes,data_center,,,,,https://cloudhq.com/location/mcc-campus/,-77.49512,38.715017
WORLD,way,1227682824,CyrusOne PHX8,,,yes,data_center,South Ellis Street,Chandler,,,,-111.883304,33.266328
WORLD,way,1227684019,CyrusOne PHX3,,,industrial,data_center,South Ellis Street,Chandler,,,,-111.881627,33.271916
WORLD,way,1227684020,CyrusOne PHX4,,,industrial,data_center,South Ellis Street,Chandler,,,,-111.883263,33.271809
WORLD,way,1227777116,Vantage VA13,Vantage Data Centers,VA13,yes,data_center,Vantage Data Plaza,Sterling,,,,-77.440175,39.003213
WORLD,way,1227883682,Lightedge Des Moines 1,,,yes,data_center,Northridge Circle,Altoona,,,,-93.455484,41.667663
WORLD,way,1228560057,CyrusOne FRA 4,CyrusOne,,commercial,data_center,Wilhelm-Fay-Straße,Frankfurt am Main,DE,,,8.578553,50.132597
WORLD,way,1229749890,Blockfusion Niagra Falls,,,industrial,data_center,Frontier Avenue,Niagara Falls,,,,-79.003417,43.082029
WORLD,way,1229749891,Blockfusion Niagra Falls,,,industrial,data_center,Frontier Avenue,Niagara Falls,,,,-79.003509,43.082178
WORLD,way,1229749892,Blockfusion Niagra Falls,,,industrial,data_center,Frontier Avenue,Niagara Falls,,,,-79.00328,43.082808
WORLD,way,1229749893,Blockfusion Niagra Falls,,,industrial,data_center,Frontier Avenue,Niagara Falls,,,,-79.003111,43.08313
WORLD,way,1229749894,Blockfusion Niagra Falls,,,industrial,data_center,Frontier Avenue,Niagara Falls,,,,-79.003342,43.083205
WORLD,way,1229749895,Blockfusion Niagra Falls,,,industrial,data_center,Frontier Avenue,Niagara Falls,,,,-79.003903,43.083165
WORLD,way,1229749896,Blockfusion Niagra Falls,,,industrial,data_center,Frontier Avenue,Niagara Falls,,,,-79.003905,43.083284
WORLD,way,1230327255,EDGE2,EDGE DC,,yes,data_center,,,,15,,106.835147,-6.213977
WORLD,way,1230572491,Teraco JB5 Isando Campus,Teraco,,,data_center,,,,,,28.200832,-26.13497
WORLD,way,1230572492,Equinix,Equinix,,yes,data_center,,,,,,28.197903,-26.155548
WORLD,way,1230574034,,Africa Data Centres,,yes,data_center,,,,,,28.120168,-26.009554
WORLD,way,1230574036,,Africa Data Centres,JHB2,yes,data_center,,,,,,28.139575,-25.929768
WORLD,way,1230574037,,,,,data_center,,,,,,28.139685,-25.920265
WORLD,way,1230574038,NTT,NTT,JOH1,yes,data_center,,,,,,28.139618,-25.920389
WORLD,way,1230579243,,Xneelo,,yes,data_center,,,,,,28.141925,-25.927286
WORLD,way,1231698416,Amazon AWS CPT - Atlantic,,,yes,data_center,,,,,,18.54853,-33.814421
WORLD,way,1231956437,EdgeConnex DUB04,EdgeConneX,,data_center,data_center,,,,,,-6.459904,53.326202
WORLD,way,1231964262,,,,data_center,data_center,,,,,,-6.453064,53.318783
WORLD,way,1232515685,,Sentech,,yes,data_center,,,,,,18.595524,-33.875223
WORLD,way,1232937708,Rechenzentrum BER01,maincubes Holding & Service GmbH,BER01,data_center,data_center,,,,,https://www.maincubes.com/rechenzentren/berlin-01/,13.303482,52.478699
WORLD,way,1233556146,,Amazon,,yes,data_center,Boulevard Lionel-Boulet,Varennes,,,,-73.38246,45.62299
WORLD,way,1234079003,,NTT Global Data Centers,,data_center,data_center,,Frankfurt am Main,,,,8.604532,50.129035
WORLD,way,1235150788,Yahoo,Yahoo,,industrial,data_center,,,,,,-96.084906,41.180499
WORLD,way,1235255415,,CenturyLink,,yes,data_center,,,,,,-106.729193,32.309666
WORLD,way,1235846520,Verizon North Las Vegas,Verizon,,yes,data_center,,,,,,-115.147047,36.221894
WORLD,way,1235869010,Switch Datacenters AMS4,Switch Datacenters,AMS4,data_center,data_center,,,,,,4.973598,52.331509
WORLD,way,1236581232,하남IDC,이지스자산운용,,commercial,data_center,,,,10,,127.195186,37.551326
WORLD,way,1236581233,전상동,,,commercial,data_center,,,,,,127.195346,37.550387
WORLD,way,1236884699,Raiffeisen Informatik Technical Services GmbH,,,yes,data_center,Logistikstraße,Hagenbrunn,AT,,https://www.ri-s.at/kontakt/,16.456957,48.341049
WORLD,way,1237493975,Google,Google,,yes,data_center,,,,,,-96.144082,41.134919
WORLD,way,1237494981,Google,Google,,yes,data_center,,,,,,-96.155904,41.134393
WORLD,way,1238097457,中国联通广东云数据中心（广州新广基地）,,,yes,data_center,,,,,,113.505451,22.733242
WORLD,way,1238398882,,,,yes,data_center,Huurrekuja,Tuusula,,2,,25.030712,60.342094
WORLD,way,1238705019,Involta Independence,,,yes,data_center,,,,,,-81.632781,41.361071
WORLD,way,1238955720,Bloomberg Data Center,Bloomberg,,yes,data_center,Corporate Drive,Orangeburg,,,,-73.987626,41.036194
WORLD,way,1238955733,fifteenfortyseven CSR ORNY1,fifteenfortyseven Critical Systems Realty,,yes,data_center,Ramland Road,Orangeburg,,,,-73.975786,41.034493
WORLD,way,1239264177,北九州データセンター1号棟,IDCフロンティア,,yes,data_center,,,,,,130.792819,33.873982
WORLD,way,1239264178,北九州データセンター2号棟,IDCフロンティア,,yes,data_center,,,,,,130.792811,33.874259
WORLD,way,1239264179,北九州データセンター3号棟,IDCフロンティア,,yes,data_center,,,,,,130.791988,33.874259
WORLD,way,1239264180,北九州データセンター4号棟,IDCフロンティア,,yes,data_center,,,,,,130.791993,33.873965
WORLD,way,1239264181,北九州データセンター5号棟,IDCフロンティア,,yes,data_center,,,,,,130.792016,33.873618
WORLD,way,1239264183,北九州データセンター6号棟,IDCフロンティア,,yes,data_center,,,,,,130.791264,33.873901
WORLD,way,1241724628,Vodafone Esenyurt Veri Merkezi,Vodafone Türkiye,,data_center,data_center,Erzurum Kongre Caddesi,,TR,,https://vodafone.com.tr/,28.670971,41.049207
WORLD,way,1241878548,Wavehouse,Heidelberg iT Management GmbH & Co. KG,,yes,data_center,Billie-Holiday-Straße,Heidelberg,DE,,,8.681458,49.385417
WORLD,way,1243089554,Stack Infrastructure - POR03,Stack Infrastructure,POR03B,industrial,data_center,Northeast Starr Boulevard,Hillsboro,,,https://www.stackinfra.com/locations/americas/portland/por03/,-122.939406,45.554152
WORLD,way,1243089555,Stack Infrastructure - POR03,Stack Infrastructure,POR03C,industrial,data_center,Northeast Starr Boulevard,Hillsboro,,,https://www.stackinfra.com/locations/americas/portland/por03/,-122.940926,45.554194
WORLD,way,1243089557,Stack Infrastructure - POR03,Stack Infrastructure,POR03D,construction,data_center,Northeast Starr Boulevard,Hillsboro,,,https://www.stackinfra.com/locations/americas/portland/por03/,-122.93798,45.552898
WORLD,way,1243684282,国家超算互联网核心节点,,,,data_center,,,,,,113.759387,34.805977
WORLD,way,1246864464,Global DC OY,,,industrial,data_center,Moreenikatu,,,,,25.262464,60.628897
WORLD,way,1247691119,,,,yes,data_center,,,,,,-37.064277,-10.893385
WORLD,way,1247691121,,,,yes,data_center,,,,,,-37.064275,-10.89341
WORLD,way,1248124929,,Green Mountain,,yes,data_center,,,,,,11.264926,60.842668
WORLD,way,1248124930,,Green Mountain,,yes,data_center,,,,,,11.268317,60.842583
WORLD,way,1248124931,,Green Mountain,,yes,data_center,,,,,,11.266649,60.842625
WORLD,way,1248945224,LEDC - TMW1 - Tamworth,Leading Edge Data Centre,TMW1,yes,data_center,Johnston Street,,,,,150.921597,-31.074207
WORLD,way,1250867182,GlobeNet Tuckerton Cable Landing Station,GlobeNet,,,data_center,East Main Street,Tuckerton,,,,-74.32614,39.609874
WORLD,way,1251320340,BER12,,,data_center,data_center,Uferring,Ludwigsfelde,,,,13.292889,52.323056
WORLD,way,1251320341,,,,data_center,data_center,Uferring,Ludwigsfelde,,,,13.29636,52.323316
WORLD,way,1251362833,C,,,data_center,data_center,,,,,,16.341653,48.158613
WORLD,way,1252196797,Amazon Web Services,Amazon Web Services,,yes,data_center,,,,,,-77.452469,38.904344
WORLD,way,1252196798,Amazon Web Services,Amazon Web Services,,yes,data_center,,,,,,-77.45475,38.904837
WORLD,way,1252196799,Amazon Web Services,Amazon Web Services,,yes,data_center,,,,,,-77.490551,38.915903
WORLD,way,1252196800,Amazon Web Services,Amazon Web Services,,yes,data_center,,,,,,-77.490974,38.914991
WORLD,way,1252196801,Amazon Web Services CMH62,Amazon Web Services,CMH62,yes,data_center,,,,,,-82.747628,40.092986
WORLD,way,1252196802,Amazon Web Services,Amazon Web Services,,yes,data_center,,,,,,-82.732167,40.093434
WORLD,way,1252196803,Amazon Web Services,Amazon Web Services,,yes,data_center,,,,,,-82.727547,40.092168
WORLD,way,1252196804,Amazon Web Services,Amazon Web Services,,yes,data_center,,,,,,-82.726511,40.092961
WORLD,way,1252196805,Amazon Web Services,Amazon Web Services,,yes,data_center,,,,,,-83.201389,40.116261
WORLD,way,1252196806,,Amazon Web Services,,yes,data_center,,,,,,-83.202074,40.117391
WORLD,way,1252196807,Amazon Web Services,Amazon Web Services,,yes,data_center,,,,,,-83.200244,40.119031
WORLD,way,1252196808,Amazon Web Services,Amazon Web Services,,yes,data_center,,,,,,-83.175465,40.049354
WORLD,way,1252196809,Amazon Web Services,Amazon Web Services,,yes,data_center,,,,,,-83.175294,40.048138
WORLD,way,1252196810,Amazon Web Services,Amazon Web Services,,yes,data_center,,,,,,-83.177548,40.047898
WORLD,way,1252196811,Google NBY-3,Google,,yes,data_center,,,,1,,-82.765328,40.057906
WORLD,way,1252196812,Google NBY-4,Google,,yes,data_center,,,,1,,-82.771745,40.059353
WORLD,way,1252196813,NAO 5/NAO 6,Meta,,yes,data_center,,,,,,-82.750995,40.060376
WORLD,way,1252196814,Google,Google,,yes,data_center,,,,,,-82.994836,39.852076
WORLD,way,1252196815,Google,Google,,data_center,data_center,,,,,,-77.582514,38.776145
WORLD,way,1252196816,Amazon Web Services,Amazon Web Services,PDX109,industrial,data_center,Gar Swanson Drive,Boardman,,,,-119.605083,45.858747
WORLD,way,1252196817,Amazon Web Services,Amazon Web Services,PDX110,industrial,data_center,Gar Swanson Drive,Boardman,,,,-119.605123,45.860076
WORLD,way,1252196818,Amazon Web Services,Amazon Web Services,PDX111,industrial,data_center,Gar Swanson Drive,Boardman,,,,-119.60514,45.860968
WORLD,way,1252196819,Amazon Web Services,Amazon Web Services,,industrial,data_center,Rippee Road,Boardman,,,,-119.651786,45.84147
WORLD,way,1252196820,Amazon Web Services,Amazon Web Services,,industrial,data_center,Wanapa Road,Umatilla,,,,-119.23182,45.920609
WORLD,way,1252196821,Amazon Web Services,Amazon Web Services,,industrial,data_center,Wanapa Road,Umatilla,,,,-119.230002,45.920589
WORLD,way,1252196822,Amazon Web Services,Amazon Web Services,PDX81,industrial,data_center,Cottonwood Bend Road,Hermiston,,,,-119.361968,45.797775
WORLD,way,1252196823,Amazon Web Services,Amazon Web Services,,industrial,data_center,Cottonwood Bend Road,Hermiston,,,,-119.366661,45.799157
WORLD,way,1252196824,Google,Google,,yes,data_center,,,,,,-82.691112,39.724042
WORLD,way,1252196825,Amazon Web Services,Amazon Web Services,,yes,data_center,,,,,,-77.517223,38.746153
WORLD,way,1252196826,Amazon Web Services,Amazon Web Services,,yes,data_center,,,,,,-77.485801,38.921305
WORLD,way,1252669642,VIVE DIGITAL,,,yes,data_center,,,,,,-72.286484,4.820382
WORLD,way,1253183654,Vantage Berlin II (BER2),Vantage Data Centers,BER2,yes,data_center,,,,,,13.573587,52.263763
WORLD,way,1253183657,Vantage Berlin II (BER2),Vantage Data Centers,BER2,yes,data_center,,,,,,13.574121,52.262984
WORLD,way,1253282099,Amazon Web Services,Amazon Web Services,,yes,data_center,,,,,,-77.471078,38.995088
WORLD,way,1253282100,Meta Sarpy Data center,Meta,,yes,data_center,,,,,,-96.132888,41.123574
WORLD,way,1253282101,Meta Sarpy Data center,Meta,,yes,data_center,,,,,,-96.142805,41.11435
WORLD,way,1253282102,Meta Sarpy Data center,Meta,,yes,data_center,,,,,,-96.141625,41.112249
WORLD,way,1253282103,Meta,Meta,,yes,data_center,,,,,,-93.50983,41.675784
WORLD,way,1253282104,Meta,Meta,,yes,data_center,,,,,,-93.506037,41.675801
WORLD,way,1253893668,宝坻联通,,,yes,data_center,,,,,,117.317556,39.724176
WORLD,way,1253903177,宝坻移动公司,,,yes,data_center,,,,,,117.293082,39.68939
WORLD,way,1253983156,,,,yes,data_center,,,,2,,-0.074497,39.995958
WORLD,way,1253983161,Data Center KIO Murcia,KIO Networks España,,yes,data_center,,,,3,https://www.kionetworks.es/,-1.17084,38.024644
WORLD,way,1253983162,Data Center KIO Valencia,KIO Networks España,,yes,data_center,,,,3,https://www.kionetworks.es/,-0.448684,39.515641
WORLD,way,1254161871,Dynamics Mining,,,,data_center,,,,,,-87.547151,37.362998
WORLD,way,1254197167,,,,data_center,,,,,,,-73.799491,45.474126
WORLD,way,1254818450,宝坻联通,,,yes,data_center,,,,,,117.268442,39.658814
WORLD,way,1254828630,天津广电网络数据中心,,,,data_center,,,,,,117.287755,39.691488
WORLD,way,1254986167,,,,yes,data_center,,,,,,-0.818456,51.887974
WORLD,way,1256339859,Data Center IPT,,,yes,data_center,,,,,,-8.388629,39.599728
WORLD,way,1257814939,OVHcloud Strasbourg - SBG-5,OVHcloud,SBG5,yes,data_center,Rue du Bassin de l'Industrie,Strasbourg,,,,7.797526,48.586562
WORLD,way,1258196899,,,,data_center,data_center,,,,,,34.992403,31.771793
WORLD,way,1258702591,Flexential Atlanta - Douglasville 2,Flexential,,yes,data_center,N River Rd,Douglasville,,,https://www.flexential.com/data-centers/ga/atlanta/douglasville-2-data-center,-84.61124,33.730703
WORLD,way,1259474436,SLRC KMC,Khyber Medical College,,yes,data_center,,,,,,71.485055,33.999218
WORLD,way,1262899342,DigiCo TSV1,DigiCo,TSV1,yes,data_center,Dalrymple Road,,,,https://www.digi-co.com.au/location/townsville-tsv1/,146.77155,-19.271362
WORLD,way,1263819877,,Switch,,yes,data_center,,,,,,-115.221109,36.064021
WORLD,way,1265263013,Equinix FR13,Equinix,,commercial,data_center,Friesstraße,Frankfurt am Main,DE,,,8.739632,50.139107
WORLD,way,1265942209,Digital Realty UW03,Digital Realty,,industrial,data_center,,,,,,8.752131,50.12451
WORLD,way,1266541682,Start SIN01,,SIN01,yes,data_center,,,,,,-8.812583,37.934855
WORLD,way,1266882484,Digital Realty,Digital Realty,,construction,data_center,,,,,,8.486903,50.064471
WORLD,way,1266882485,Digital Realty,Digital Realty,,construction,data_center,,,,,,8.487525,50.065011
WORLD,way,1267104292,Equinix FR8.2,Equinix,,industrial,data_center,Lärchenstraße,Frankfurt am Main,DE,,https://www.equinix.de/data-centers/europe-colocation/germany-colocation/frankfurt-data-centers/fr8,8.586071,50.098126
WORLD,way,1268715673,,,,yes,data_center,,,,,,-5.924894,54.59595
WORLD,way,1268789798,Windbreak Cable,,,yes,data_center,Main Street,Pine Bluffs,,,,-104.068498,41.182601
WORLD,way,1269259655,,,,industrial,data_center,Godwin Drive,,,,,-77.503977,38.740385
WORLD,way,1269297685,,Aruba s.p.a.,,yes,data_center,,,,,,12.631205,41.930684
WORLD,way,1269297686,,Aruba s.p.a.,,yes,data_center,,,,,,12.631712,41.931249
WORLD,way,1270223634,AWS Didcot Data Centre,Amazon Web Services,,yes,data_center,,,,,,-1.261566,51.617352
WORLD,way,1271571726,NTT Chicago CH2,NTT,CH2,commercial,data_center,East Pierce Road,Itasca,,,,-88.007213,41.989015
WORLD,way,1272790322,北九州データセンター7号棟,IDCフロンティア,,yes,data_center,,,,,,130.79121,33.874364
WORLD,way,1272790323,北九州データセンター8号棟,IDCフロンティア,,yes,data_center,,,,,,130.790554,33.873791
WORLD,way,1273022122,Kaynarca Santrali,,,yes,data_center,,,,,,29.27067,40.878351
WORLD,way,1273311891,,data4,,data_center,data_center,,,,,,2.223464,48.649315
WORLD,way,1273968634,QTS,Quality Technology Services,Denver 1,warehouse,data_center,,,,,,-104.707937,39.734062
WORLD,way,1274052719,Data Felix DF01,,,industrial,data_center,Viale Enrico Mattei,Caserta,,2,https://www.datafelix.it,14.32146,41.066514
WORLD,way,1274071734,,,GBL5,yes,data_center,,,,,,3.863486,50.461558
WORLD,way,1275221458,Ascenty SP3,Digital Realty,,yes,data_center,,,,,,-46.776488,-23.490977
WORLD,way,1275221460,Ascenty SP3,Digital Realty,,yes,data_center,,,,,,-46.775974,-23.491195
WORLD,way,1275221478,Ascenty SP4,Digital Realty,,yes,data_center,,,,,,-46.775256,-23.489828
WORLD,way,1276373853,Apple,Apple Inc.,,industrial,data_center,,,,,,-120.869922,44.285756
WORLD,way,1276375030,Equinix,Equinix,,yes,data_center,,,,,,140.126213,35.806956
WORLD,way,1276518679,Amazon IAD214,Amazon Web Services,IAD214,data_center,data_center,Pacific Boulevard,Sterling,,,,-77.435178,38.986532
WORLD,way,1276518684,Aligned IAD03,Aligned,IAD03,data_center,data_center,,,,,,-77.440778,38.988635
WORLD,way,1276518687,Digital Realty IAD55,Digital Realty,IAD55,data_center,data_center,Fitness Court,Sterling,,,,-77.433922,38.992193
WORLD,way,1278541792,Involta-Akron,,,industrial,data_center,,,,,,-81.521928,41.057384
WORLD,way,1278659480,Cable & Wireless,,,yes,data_center,,,,1,,-79.532607,9.00687
WORLD,way,1279858474,,,,data_center,,1-й Автомобильный проезд,Калуга,,,,36.351197,54.577495
WORLD,way,1279858475,,,,data_center,,1-й Автомобильный проезд,Калуга,,,,36.350174,54.575496
WORLD,way,1279858476,,,,data_center,,1-й Автомобильный проезд,Калуга,,,,36.348869,54.575657
WORLD,way,1280193715,Computer labs and server room,,,yes,data_center,,,,,,28.026687,-26.156314
WORLD,way,1280340212,Amazon Web Services,Amazon Web Services,,yes,data_center,,,,,,-77.520238,38.947374
WORLD,way,1280340213,Amazon IAD608,Amazon Web Services,,yes,data_center,Platform Plaza,,,,,-77.417508,38.983528
WORLD,way,1280340214,Amazon Web Services,Amazon Web Services,,yes,data_center,John Marshall Highway,Gainesville,,,,-77.622122,38.802884
WORLD,way,1280340215,Amazon Web Services,Amazon Web Services,,yes,data_center,,,,,,-77.533101,38.745134
WORLD,way,1280340216,Amazon Web Services,Amazon Web Services,,yes,data_center,,,,,,-77.654319,38.814593
WORLD,way,1280340217,Amazon Web Services,Amazon Web Services,,yes,data_center,,,,,,-77.652153,38.816971
WORLD,way,1280344148,Amazon Web Services,Amazon Web Services,,yes,data_center,,,,,,-83.215841,40.134182
WORLD,way,1280344149,Amazon Web Services,Amazon Web Services,,industrial,data_center,Wanapa Road,Umatilla,,,,-119.228851,45.920588
WORLD,way,1280344150,Amazon Web Services,Amazon Web Services,,industrial,data_center,Wanapa Road,Umatilla,,,,-119.227011,45.920582
WORLD,way,1280344151,Amazon Web Services,Amazon Web Services,,data_center,data_center,Wanapa Road,Umatilla,,,,-119.226139,45.919529
WORLD,way,1280344153,Amazon Web Services,Amazon Web Services,,industrial,data_center,Powerline Road,Umatilla,,,,-119.341657,45.882525
WORLD,way,1280344154,Amazon Web Services,Amazon Web Services,PDX112,industrial,data_center,Gar Swanson Drive,Boardman,,,,-119.605128,45.862248
WORLD,way,1280344155,Amazon Web Services,Amazon Web Services,,industrial,data_center,Gar Swanson Drive,Boardman,,,,-119.604851,45.858044
WORLD,way,1280344156,Amazon Web Services,Amazon Web Services,,industrial,data_center,Rippee Road,Boardman,,,,-119.65131,45.840685
WORLD,way,1280344157,Amazon Web Services,Amazon Web Services,,industrial,data_center,Bombing Range Road,Boardman,,,,-119.632085,45.81993
WORLD,way,1281982556,"Google Lockbourne, OH",Google,,,data_center,,,,,,-82.996393,39.848452
WORLD,way,1282332209,UPS Data Center,,,industrial,data_center,McFarland Parkway,Alpharetta,,1,,-84.21497,34.103384
WORLD,way,1283698132,Iron Mountain VA-3,Iron Mountain,VA-3,data_center,data_center,,,,,,-77.54515,38.775547
WORLD,way,1283734104,Vantage Data Centers,Vantage Data Centers,,yes,data_center,South Bullard Avenue,Goodyear,,,,-112.373887,33.446303
WORLD,way,1285109031,广州南站RBC中心,,,yes,data_center,,,,,,113.270023,22.982423
WORLD,way,1285873179,,,,yes,data_center,,,,,,28.151552,-25.928149
WORLD,way,1286206067,,BCX,,,data_center,,,,,,28.122191,-25.974943
WORLD,way,1286206068,,BCX,NDC2,yes,data_center,,,,,,28.122202,-25.975011
WORLD,way,1286206069,,Vodacom,,yes,data_center,,,,,,28.126926,-25.974602
WORLD,way,1286345953,,MTN,,yes,data_center,,,,,,28.073148,-26.066027
WORLD,way,1286348825,MTN Newlands,MTN,,,data_center,,,,,,27.965956,-26.177653
WORLD,way,1286348826,,,,yes,data_center,,,,,,27.966024,-26.177446
WORLD,way,1286348827,,,,yes,data_center,,,,,,27.966285,-26.177517
WORLD,way,1286348828,,,,yes,data_center,,,,,,27.966159,-26.177858
WORLD,way,1286348829,,,,yes,data_center,,,,,,27.966017,-26.17809
WORLD,way,1286348830,,,,yes,data_center,,,,,,27.963947,-26.175033
WORLD,way,1286526959,,,,,data_center,,,,,,28.159885,-26.213164
WORLD,way,1286526960,,Telkom,,,data_center,,,,,,28.159982,-26.212469
WORLD,way,1286526961,,,,yes,data_center,,,,,,28.159995,-26.213202
WORLD,way,1286526962,,,,yes,data_center,,,,,,28.160061,-26.212558
WORLD,way,1286526963,,,,yes,data_center,,,,,,27.932097,-26.148369
WORLD,way,1286526978,NTT Randview,NTT,,yes,data_center,,,,,,27.983655,-26.090126
WORLD,way,1287260553,Google,Google,,data_center,data_center,,,,,,-77.585618,38.774438
WORLD,way,1287260554,Amazon Web Services,Amazon Web Services,,yes,data_center,John Marshall Highway,Gainesville,,,,-77.621212,38.801862
WORLD,way,1287260555,Amazon Web Services,Amazon Web Services,,yes,data_center,John Marshall Highway,Gainesville,,,,-77.620476,38.80125
WORLD,way,1287260556,Iron Mountain VA-4,Iron Mountain,,data_center,data_center,,,,,,-77.54223,38.774415
WORLD,way,1287260557,Iron Mountain VA-5,Iron Mountain,,data_center,data_center,,,,,,-77.541185,38.773028
WORLD,way,1287260558,QTS Manassas DC2,Quality Technology Services,,data_center,data_center,,,,,,-77.510882,38.753166
WORLD,way,1287260559,,,,data_center,data_center,,,,,,-77.516694,38.758931
WORLD,way,1287260560,Google,Google,,yes,data_center,,,,,,-95.792188,41.173626
WORLD,way,1287260561,Google,Google,,yes,data_center,,,,,,-95.788661,41.173628
WORLD,way,1288320747,Centre de Calculs et de Données LyonTech-la Doua,Université Claude Bernard - Lyon 1,,data_center,data_center,,,,,,4.865268,45.781558
WORLD,way,1289342848,Microsoft,Microsoft,,yes,data_center,Ailecgasse,Schwechat,AT,,,16.461695,48.140319
WORLD,way,1289607880,综合实验楼,,,yes,data_center,,,,,,110.503849,19.982906
WORLD,way,1290285145,XL 360 - Data Center,XL 360,,commercial,data_center,Boulevard du Commandant Nicolas,Toulon,,2,,5.932923,43.127843
WORLD,way,1292169104,T5@Cleveland,T5 Data Centers,,,data_center,,,,,https://t5datacenters.com/wp-content/uploads/2020/08/T5-Cleveland-Onesheet-2020.pdf,-81.803445,41.443057
WORLD,way,1292897241,42311 THUNDERBALL DR,True North Data Solutions,,data_center,data_center,Thunderball Drive,Leesburg,,1,,-77.53829,39.04252
WORLD,way,1292897242,42255 THUNDERBALL DR,True North Data Solutions,,data_center,data_center,Thunderball Drive,Leesburg,,1,,-77.539212,39.041653
WORLD,way,1292897243,42254 THUNDERBALL DR,True North Data Solutions,,data_center,data_center,Thunderball Drive,Leesburg,,1,,-77.54084,39.043496
WORLD,way,1293351084,Destination Earth Data Bridge,,,yes,data_center,,,,,https://destination-earth.eu/destination-earth/destines-components/destination-earth-data-lake/,8.627591,49.864192
WORLD,way,1293518358,Digital Realty Dublin DUB4,Digital Realty,DUB4,data_center,data_center,,,,,https://www.digitalrealty.com/data-centers/emea/dublin/dub4,-6.443036,53.329082
WORLD,way,1293731091,G2K Argentina SA,,,yes,data_center,León Guruciaga,San Nicolás de los Arroyos,,,,-60.222393,-33.328368
WORLD,way,1293830519,Microsoft MEL11,Microsoft,MEL11,yes,data_center,Woods Road,,,,https://local.microsoft.com/blog/woods-road-datacentre-construction-overview/,144.722474,-37.80932
WORLD,way,1294595615,Meta Gallatin Data Center,Meta,,data_center,data_center,,,,,,-86.369653,36.411893
WORLD,way,1294635113,SCL03,,,yes,data_center,,,,,,-70.706676,-33.336119
WORLD,way,1294635114,SCL01,,,yes,data_center,,,,,,-70.706648,-33.334474
WORLD,way,1295016559,COLO 2,Microsoft,,construction,data_center,,,,,,-70.698608,-33.338091
WORLD,way,1295016560,COLO 1,Microsoft,,construction,data_center,,,,,,-70.697781,-33.337779
WORLD,way,1295098902,DC STO2,,,yes,data_center,,,,,,-70.709126,-33.531801
WORLD,way,1296163129,Modesto Junior College West Data Center,Yosemite Community College District,,yes,data_center,,,,,,-121.040033,37.665145
WORLD,way,1296574821,中国电信 深圳亚森数据中心,中国电信,,industrial,data_center,,,,,,114.273763,22.686714
WORLD,way,1296723872,GVTC,GVTC,,yes,data_center,,,,,,-98.462648,29.686403
WORLD,way,1296990345,Amazon Web Services,Amazon Web Services,,yes,data_center,,,,,,-70.81282,-33.556565
WORLD,way,1298145098,Атомдата Иннополис,,,data_center,data_center,Центральная улица,,,,,48.754815,55.759276
WORLD,way,1298277645,Microsoft SYD05 Data Centre,Microsoft,SYD05,yes,data_center,,,,,,150.772945,-33.836087
WORLD,way,1298277671,AWS Asia Pacific (Sydney) Region Data Centre,Amazon Web Services,SYD055,yes,data_center,Eastern Creek Drive,,,,,150.839035,-33.809511
WORLD,way,1298979734,AWS Asia Pacific (Sydney) Region Data Centre,Amazon Web Services,SYD053,yes,data_center,William Dean Street,,,,,150.870283,-33.795195
WORLD,way,1298979786,AWS Asia Pacific (Sydney) Region Data Centre,Amazon Web Services,SYD066,data_center,data_center,Talavera Road,,,,,151.126024,-33.779922
WORLD,way,1298979787,Intellicentre 2,Macquarie Data Centres,IC2,data_center,data_center,Talavera Road,,,,https://macquariedatacentres.com/data-centres/sydney/macquarie-park-campus/ic2/,151.12767,-33.780731
WORLD,way,1298979789,Intellicentre 3 East,Macquarie Data Centres,IC3E,data_center,data_center,Talavera Road,,,,https://macquariedatacentres.com/data-centres/sydney/macquarie-park-campus/ic3-east/,151.127241,-33.781269
WORLD,way,1299040068,Datacenter BNP Paribas Marne Est 2,BNP Paribas,,data_center,data_center,,,,3,,2.803304,48.836663
WORLD,way,1299071579,Microsoft MEL04,Microsoft,MEL04,yes,data_center,Cawley Road,,,,,144.858844,-37.822453
WORLD,way,1299071583,,,,yes,data_center,Hewitt Way,,,,,144.877734,-37.687379
WORLD,way,1299071653,,AirTrunk,MEL1,yes,data_center,,,,,https://airtrunk.com/location/mel1-melbourne/,144.773592,-37.800994
WORLD,way,1299071655,,AirTrunk,MEL1,yes,data_center,,,,,https://airtrunk.com/location/mel1-melbourne/,144.771938,-37.800411
WORLD,way,1299071698,Equinix ME5,Equinix,ME5,yes,data_center,Walsh Street,,,,https://www.equinix.com.au/data-centers/asia-pacific-colocation/australia-colocation/melbourne-data-centers/me5,144.953362,-37.807979
WORLD,way,1299343574,EdgeConneX AMS06,EdgeConneX,AMS06,data_center,,,,,,,4.741818,52.28307
WORLD,way,1300765126,Stream Data Centers DFWA,Stream Data Centers,DFWA,yes,data_center,Lookout Drive,Garland,,,https://www.streamdatacenters.com/locations/dallas-data-centers/,-96.654263,32.983624
WORLD,way,1301559332,MARA Data Center,Marathon Digital Holdings,,,data_center,Mitchell Bend Highway,Granbury,,,https://www.maragranbury.com/,-97.731692,32.341341
WORLD,way,1301654223,,,,data_center,data_center,,,,,,-77.558984,38.948035
WORLD,way,1301654224,,,,data_center,data_center,,,,,,-77.558868,38.950082
WORLD,way,1302091424,Hutchison 3G,,,industrial,data_center,,,,,,-2.030557,52.547303
WORLD,way,1303852315,,US Air Force,,data_center,data_center,,Brandon,,,,0.55021,52.398869
WORLD,way,1303947602,Amazon AWS Data Center,,,,data_center,,,,,,-86.473056,41.667764
WORLD,way,1303950840,NEXTDC M3 Melbourne Data Centre,NextDC,,data_center,data_center,,,,,,144.865619,-37.804781
WORLD,way,1304045627,,,,yes,data_center,,,,,,6.384745,50.914697
WORLD,way,1304357577,Iron Mountain VA-6,Iron Mountain,,data_center,data_center,Sudley Manor Drive,Manassas,,,,-77.538648,38.768143
WORLD,way,1305030337,,,,yes,data_center,,,,,,13.068628,67.938267
WORLD,way,1305031005,,,,yes,data_center,,,,,,13.112382,67.937947
WORLD,way,1305758728,Kao Data KLON-02,Kao Data,KLON-02,yes,data_center,,,,,,0.129379,51.770105
WORLD,way,1307057575,NTT Mumbai 7 Data Center,,,,data_center,,,,,https://services.global.ntt/en-us/services-and-products/global-data-centers/global-locations/india/mumbai-7-data-center,72.891032,19.11453
WORLD,way,1307059465,Pi Datacenters Amaravati,,,yes,data_center,,,,,,80.558418,16.421101
WORLD,way,1307072785,Ark Duluth Data Center,,,yes,data_center,,,,,https://www.arkdna.com/data-centers/minnesota/,-92.130482,46.827468
WORLD,way,1307080783,Equinix Rio RJ2,Equinix,RJ2,yes,data_center,,,,,https://www.equinix.com/data-centers/americas-colocation/brazil-colocation/rio-de-janeiro-data-centers/rj2,-43.273217,-22.871386
WORLD,way,1307454847,,,,yes,data_center,,,,,,-78.37391,36.675694
WORLD,way,1307920829,Flexential Charlotte - North,Flexential,,yes,data_center,David Taylor Drive,Charlotte,US,1,https://www.flexential.com/data-centers/nc/charlotte/north-data-center,-80.765759,35.329773
WORLD,way,1307941180,NEXTDC Darwin D1,NextDC,,yes,data_center,Harvey Street,,,,https://www.nextdc.com/data-centres/darwin-data-centres,130.843969,-12.45628
WORLD,way,1309108236,DELTA Fiber,,,,data_center,,,,,,3.88438,51.493086
WORLD,way,1309108238,DELTA Fiber,,,,data_center,,,,,,3.88623,51.492035
WORLD,way,1309117123,Maincubes FRA02,Maincubes,Frankfurt-02,data_center,data_center,,,,,https://www.maincubes.com/rechenzentren/frankfurt-02/,8.531569,50.165533
WORLD,way,1309123033,Equinix Ashburn DC6,Equinix,DC6,data_center,data_center,Filigree Court,Ashburn,,,https://www.equinix.com/data-centers/americas-colocation/united-states-colocation/washington-dc-data-centers/dc4,-77.459534,39.015197
WORLD,way,1309123034,Equinix Ashburn DC4,Equinix,DC4,data_center,data_center,Filigree Court,Ashburn,,,https://www.equinix.com/data-centers/americas-colocation/united-states-colocation/washington-dc-data-centers/dc4,-77.461954,39.01644
WORLD,way,1310628998,,HEB,,yes,data_center,Huebner Road,San Antonio,,,,-98.541304,29.580152
WORLD,way,1311913445,,,,yes,data_center,,,,,,121.495671,29.81179
WORLD,way,1312607483,,,,data_center,,Valhallarbraut,,,,,-22.576377,63.976092
WORLD,way,1312792611,,Meta,,yes,data_center,,,,,,-88.721834,41.888546
WORLD,way,1312792612,,Meta,,yes,data_center,,,,,,-88.73103,41.889299
WORLD,way,1312792613,,Meta,,yes,data_center,,,,,,-88.726628,41.890305
WORLD,way,1312795639,Meta Gallatin Data Center,Meta,,data_center,data_center,,,,,,-86.366004,36.411378
WORLD,way,1312795640,Meta Gallatin Data Center,Meta,,data_center,data_center,,,,,,-86.366628,36.406064
WORLD,way,1312801354,Google,Google,,yes,data_center,,,,,,-96.151432,41.137908
WORLD,way,1313579347,VIRTUS London 11,,,yes,data_center,,Slough,GB,,https://virtusdatacentres.com/locations/uk/london/slough-london11,-0.626252,51.518958
WORLD,way,1313995085,,,,yes,data_center,Walsh Avenue,Santa Clara,,,,-121.974482,37.370643
WORLD,way,1314010354,Vantage Santa Clara CA2,Vantage Data Centers,,yes,data_center,Mathew Street,Santa Clara,,,https://vantage-dc.com/data-center-locations/north-america/santa-clara-ii-california/,-121.94689,37.364001
WORLD,way,1314012931,Digital Realty Silicon Valley SJC37,Digital Realty,SJC37,yes,data_center,Walsh Avenue,Santa Clara,,,https://www.digitalrealty.com/data-centers/americas/silicon-valley/sjc37,-121.947217,37.370919
WORLD,way,1314355599,Switch Las Vegas 12,,,,data_center,,,,,,-115.210328,36.057992
WORLD,way,1314442377,Prosoluce SG1,Prosoluce,,service,data_center,,,,,,0.754569,43.116674
WORLD,way,1315375781,,Wildberries,,data_center,data_center,,,,,,38.423939,55.747442
WORLD,way,1315538763,,,,yes,data_center,Friesstraße,Frankfurt am Main,DE,,,8.740745,50.137606
WORLD,way,1315636714,QTS,Quality Technology Services,,yes,data_center,,,,,,-111.99756,33.46468
WORLD,way,1316005112,,,,commercial,data_center,,,,,,-87.961467,42.023077
WORLD,way,1316023545,NTT,NTT,,yes,data_center,,,,,,-96.659465,32.980934
WORLD,way,1316023546,NTT,NTT,,yes,data_center,,,,,,-96.657943,32.980928
WORLD,way,1316627597,,,,data_center,,,,,,,12.333859,50.476952
WORLD,way,1316627599,,,,data_center,,,,,,,12.333462,50.476737
WORLD,way,1317733642,Digital Realty Northern Virginia IAD44,Digital Realty,IAD44,yes,data_center,Efficiency Drive,Sterling,,,https://www.digitalrealty.com/data-centers/americas/northern-virginia/iad44,-77.491398,38.960854
WORLD,way,1317915930,Centersquare Ashburn IAD4 Data Center,Centersquare,IAD4,,data_center,,,,,https://centersquaredc.com/data-centers/northern-virginia#ashburn-iad4,-77.4532,39.021997
WORLD,way,1318322071,Microsoft,Microsoft,,yes,data_center,,,,,,-93.787055,41.495806
WORLD,way,1318322073,Microsoft,Microsoft,,yes,data_center,,,,,,-93.78702,41.49475
WORLD,way,1318322780,Apple,Apple,,yes,data_center,,,,,,-93.924397,41.616852
WORLD,way,1318323893,Raxio CIV1,Raxio,CIV1,yes,data_center,,,,,https://www.raxiogroup.com/locations/ivory-coast/,-3.759155,5.227713
WORLD,way,1318324329,Raxio UG1,,UG1,yes,data_center,,,,,https://www.raxiogroup.com/locations/uganda/,32.689732,0.347007
WORLD,way,1318997239,,,,yes,data_center,,,,,,130.334581,31.627661
WORLD,way,1319184187,三菱総研DCS,,,yes,data_center,,印西市,,6,,140.121263,35.808687
WORLD,way,1319184189,MCデジタル・リアルティ NRT10,MCデジタル・リアルティ,,yes,data_center,,,,,,140.121448,35.809997
WORLD,way,1319184193,MCデジタル・リアルティ NRT12,MCデジタル・リアルティ,,yes,data_center,,,,,,140.118684,35.807388
WORLD,way,1319184206,,,,yes,data_center,,,,,,140.116745,35.807734
WORLD,way,1319637945,,,,data_center,,,,,,,-77.549551,38.949841
WORLD,way,1319724559,,,,data_center,data_center,Greif Parkway,Delaware,,,,-83.045792,40.224534
WORLD,way,1319827133,,,,data_center,,,,,,,4.503211,50.873625
WORLD,way,1320038649,DC BLOX Myrtle Beach Cable Landing Station,,,yes,data_center,Howard Avenue,Myrtle Beach,,,,-78.943885,33.674607
WORLD,way,1320683840,Tahoe Reno 3,Switch,,yes,data_center,Superloop Circle,McCarran,,,,-119.483306,39.51152
WORLD,way,1322919061,Tata Stratford,Tata Communications,,,data_center,,,,,,0.002517,51.542459
WORLD,way,1323035709,Centro de Datos - Banco Nacional,Banco Nacional,,,data_center,,,,,,-84.059204,9.974955
WORLD,way,1323864443,Neom Hyper Scale Data Center,,,,data_center,,,,,,35.602693,27.474435
WORLD,way,1323895263,DCI Indonesia H2-01,DCI Indonesia,H2-01,yes,data_center,,,,10,,107.249382,-6.408382
WORLD,way,1330111640,Zone 41,,,,data_center,,,,,,49.88671,40.377088
WORLD,way,1331645888,ClickIP DataCenter,Click IP,,yes,data_center,Rua Presidente João Figueiredo,Manaus,,,,-59.989842,-3.055675
WORLD,way,1332106440,Centro de Entrenamiento Tecnológico,UNMSM - Huawei,,,data_center,,,,,,-77.085474,-12.052971
WORLD,way,1333205263,,,,data_center,data_center,Inclusion Lane SE,Leesburg,,,,-77.558569,39.066015
WORLD,way,1334234454,Nautilus Cryptomine,,,industrial,data_center,,,,,,-76.151419,41.082625
WORLD,way,1334234455,Nautilus Cryptomine,,,industrial,data_center,,,,,,-76.151446,41.083338
WORLD,way,1334234458,Amazon AWS PHL,Amazon Web Services,,industrial,data_center,Electron Avenue,Berwick,,,,-76.143375,41.083991
WORLD,way,1336852426,中国联通宁波分公司总部,,,,data_center,,,,,,121.632269,29.877256
WORLD,way,1337209613,:IW Connect,,,yes,data_center,,,,,,21.304064,41.026922
WORLD,way,1339135383,,Google,LPP,yes,data_center,,Hamina,,,,27.121832,60.534231
WORLD,way,1339609875,,,,data_center,,,,,,,-6.370744,53.405242
WORLD,way,1341415586,Microsoft MEL07,Microsoft,MEL07,yes,data_center,Garden Drive,,,,,144.87492,-37.685547
WORLD,way,1341803989,Datacenter Base-Telenet,Telenet Group NV,,yes,data_center,,,,,,4.378441,51.143628
WORLD,way,1342103498,Centre de Calculs et de Données LyonTech-la Doua,Université Claude Bernard - Lyon 1,,data_center,data_center,,,,,,4.865014,45.781504
WORLD,way,1342103499,Centre de Calculs et de Données LyonTech-la Doua,Université Claude Bernard - Lyon 1,,data_center,data_center,,,,3,,4.865145,45.78145
WORLD,way,1342103500,Centre de Calculs et de Données LyonTech-la Doua,Université Claude Bernard - Lyon 1,,data_center,data_center,,,,,,4.865279,45.781397
WORLD,way,1342103501,Centre de Calculs et de Données LyonTech-la Doua,Université Claude Bernard - Lyon 1,,data_center,data_center,,,,,,4.865025,45.781344
WORLD,way,1342264087,,,,yes,data_center,,,,,,2.226885,48.650078
WORLD,way,1343100173,DataBank,,MSP3,yes,data_center,Oxbow Creek Drive North,Brooklyn Park,,,https://databank.com,-93.387119,45.143693
WORLD,way,1343760339,Vantage WA13,,,data_center,data_center,,,,,,-119.813639,47.252481
WORLD,way,1343761104,,,,data_center,data_center,,,,,,-119.869051,47.243645
WORLD,way,1343764880,Amazon IAD-165,Amazon Web Services,IAD-165,data_center,data_center,EDS Drive,Herndon,,,,-77.427872,38.922767
WORLD,way,1343764881,Amazon IAD-166,Amazon Web Services,IAD-166,data_center,data_center,EDS Drive,Herndon,,,,-77.426543,38.921124
WORLD,way,1343764882,Amazon IAD-167,Amazon Web Services,IAD-167,data_center,data_center,EDS Drive,Herndon,,,,-77.426304,38.92271
WORLD,way,1344366214,CyrusOne SAT10 & SAT11,CyrusOne,,,data_center,,,,,,-98.787837,29.418221
WORLD,way,1344369104,Amazon,,,data_center,data_center,,,,,,-98.638704,29.450677
WORLD,way,1344369111,,,,data_center,data_center,,,,,,-98.788796,29.418466
WORLD,way,1344369112,Vantage San Antonio I,Vantage Data Centers,,,data_center,,,,,,-98.789245,29.41614
WORLD,way,1344376231,Csquare SFO4,Csquare,SFO4,yes,data_center,Space Park Drive,Santa Clara,,,https://www.csquare.com/data-centers/silicon-valley#santaclara-sfo4,-121.95627,37.375765
WORLD,way,1344901567,,,,yes,data_center,,,,,,-77.460796,39.000448
WORLD,way,1344901568,,,,yes,data_center,,,,,,-77.460787,38.999132
WORLD,way,1344901569,Digital Realty IAD43 (Building S),Digital Realty,IAD43,data_center,data_center,Prentice Drive,Sterling,,,,-77.452703,39.001826
WORLD,way,1344901575,Vantage VA2,Vantage Data Centers,VA2,data_center,data_center,Glenn Drive,Sterling,,,https://vantage-dc.com/data-center-locations/north-america/ashburn-ii-virginia/,-77.430231,38.997949
WORLD,way,1345688742,苏尼特左旗档案局,,,yes,data_center,,,,,,113.650057,43.842951
WORLD,way,1346239617,Microsoft,Microsoft,,industrial,data_center,,,,,,17.010595,60.601884
WORLD,way,1346509047,Equinix Amsterdam AM8,Equinix,AM8,,data_center,Gyroscoopweg,Amsterdam,,,,4.838925,52.396818
WORLD,way,1346509166,Cogent Halfweg,Cogent,,,data_center,Haarlemmerstraatweg,Halfweg,,,https://www.cogentco.com/en/cogent-netherlands,4.716935,52.38466
WORLD,way,1346509227,KPN Haarlem,,,,data_center,,,,,,4.669251,52.387872
WORLD,way,1346509474,,,,data_center,data_center,,,,3,,4.955335,52.300304
WORLD,way,1346610234,CyrusOne Cincinnati-Hamilton CIN4,CyrusOne,CIN4,,data_center,,,,,https://www.cyrusone.com/data-centers/north-america/ohio/cin4-hamilton,-84.566284,39.385272
WORLD,way,1347276275,Data,ITH Center,,commercial,data_center,Boulevard Younoussa Bamana,Mamoudzou,,3,,45.225206,-12.778457
WORLD,way,1347425395,NORD-6,,,data_center,data_center,Коровинское шоссе,,,,,37.51083,55.886049
WORLD,way,1347462205,烟台中金数据系统有限公司,,,,data_center,,,,,,121.134709,37.564595
WORLD,way,1347464854,中国电信南京（吉山）云计算中心,,,,data_center,,,,,,118.764364,31.821945
WORLD,way,1348743262,CANTV La Sabanita,CANTV,,,data_center,Avenida Colón,Ciudad Bolívar,VE,,,-63.556845,8.101988
WORLD,way,1348853309,甘肃紫金云大数据开发有限责任公司,,,,data_center,,,,,,102.23916,38.549218
WORLD,way,1349035496,Κέντρο Δεδομένων Λούρος,GRNET / ΕΔΥΤΕ,,yes,data_center,,,,,,20.865369,39.250461
WORLD,way,1349180249,Data center Unipol Pilastro,Unipol,,yes,data_center,,,,,,11.39081,44.509523
WORLD,way,1349217287,Teraco JB5 Data Centre,Teraco,JB5,yes,data_center,,,,,,28.200834,-26.134987
WORLD,way,1349284140,,,,yes,data_center,,,,,,-74.086022,4.684658
WORLD,way,1349649740,EE Data Centre,,,industrial,data_center,Cygnus Way,,,,,-2.021041,52.529737
WORLD,way,1351049826,DataBank Santa Clara SFO1,DataBank,SFO1,yes,data_center,Lafayette Street,Santa Clara,,,https://www.databank.com/data-centers/silicon-valley/santa-clara/,-121.96598,37.407303
WORLD,way,1351509626,اداره مخابرات آذرشهر,,,yes,data_center,,,,,,45.976505,37.761614
WORLD,way,1352345057,Equinix,,,yes,data_center,,,,,,135.508083,34.860522
WORLD,way,1352478531,Google 印西データセンター,Google,,yes,data_center,,印西市,,,https://datacenters.google/intl/ja_ALL/locations/inzai-japan/,140.132743,35.818308
WORLD,way,1352907599,,,,commercial,data_center,Dreieichstraße,Mörfelden-Walldorf,,,,8.583521,49.984486
WORLD,way,1352907948,,,,yes,data_center,,,,,,8.583258,49.985186
WORLD,way,1355695031,CPH07,Microsoft,,yes,data_center,,,,,,12.259218,55.643701
WORLD,way,1355930027,MEGA Gateway,,,yes,data_center,,,,,,114.11904,22.365128
WORLD,way,1357825755,Iron Mountain AZP-1,Iron Mountain,AZP-1,,data_center,North 48th Street,Phoenix,,,https://www.ironmountain.com/data-centers/locations/phoenix-data-center,-111.976218,33.454726
WORLD,way,1358134671,湖南移动衡阳分公司5G云数据中心,,,yes,data_center,,,,,,112.607226,26.854411
WORLD,way,1358308781,CDC Data Centre HV1A,CDC,HV1A,yes,data_center,Westpoint Drive,,,,https://cdc.com/locations/auckland,174.636125,-36.8035
WORLD,way,1359150050,FKQ I Data Center,Winthrop Technologies Ltd.,FKQ I,yes,data_center,,,,3,,8.584365,50.095531
WORLD,way,1359931661,Amazon Web Services,Amazon Web Services,BAH54,yes,data_center,,,,,,50.503772,26.050422
WORLD,way,1360441669,Grupo IDDEA,,,yes,data_center,,,,,,-103.37073,20.637433
WORLD,way,1360627890,"naibe- numerology, tarot and reiki",,,yes,data_center,,,,,,79.064372,21.103459
WORLD,way,1361170454,有孚深圳宝安云计算数据中心,有孚,,yes,data_center,,,,,,113.917262,22.663534
WORLD,way,1361440709,,,,yes,data_center,,,,,,8.860875,45.09925
WORLD,way,1361721862,Nation Data Center Rennes,Nation Data Center,,data_center,data_center,,,,,https://nationdatacenter.fr/nos-data-centers/rennes/,-1.536068,48.112522
WORLD,way,1361845727,２Ｂ棟,AirTrunk,ATTOK2B,yes,data_center,,青梅市,,8,https://airtrunk.com/location/tok2-west-tokyo/,139.318132,35.791115
WORLD,way,1361845728,２Ｃ棟,AirTrunk,ATTOK2C,construction,data_center,,青梅市,,8,https://airtrunk.com/location/tok2-west-tokyo/,139.317954,35.791988
WORLD,way,1362634597,Digital Realty FRA33,,,yes,data_center,,,,,,8.457684,50.054717
WORLD,way,1362637876,Digital Realty FRA27,Digital Realty,,yes,data_center,Hugo-Junkers-Straße,Frankfurt am Main,DE,,,8.748879,50.124195
WORLD,way,1364742301,Nexus Datacenter,VUB;UZ Brussel,Penta BRU01,data_center,data_center,Z. 1 Researchpark,,,,,4.288927,50.881954
WORLD,way,1364863452,,,,yes,data_center,,,,,,2.209771,48.67928
WORLD,way,1365213539,PTC,Stayton Cooperative Telephone Company,,yes,data_center,,,,,,-122.615931,44.775223
WORLD,way,1365429977,,,,data_center,,,,,,,2.222274,48.649431
WORLD,way,1365429978,,,,data_center,,,,,,,2.222426,48.650168
WORLD,way,1365862177,,,,commercial,data_center,,,,,,133.255707,34.452351
WORLD,way,1366376874,ODATA DC RJ01,Odata,,,data_center,Rodovia Presidente Dutra (Pista Lateral),São João de Meriti,,,,-43.357377,-22.796826
WORLD,way,1366517660,,ATMAN,,yes,data_center,Ożarowska,Duchnice,,,,20.807025,52.203603
WORLD,way,1368730489,Data4 Italia - Campus MIL01 - DCL09,Data4 Italia,DCL09,yes,data_center,,,,,,9.038988,45.472259
WORLD,way,1368730490,Data4 Italia - Campus MIL01 - DCL07,Data4 Italia,DCL07,yes,data_center,,,,,,9.040074,45.471915
WORLD,way,1368730491,Data4 Italia - Campus MIL01 - DC06,Data4 Italia,DC06,yes,data_center,,,,,,9.039139,45.471565
WORLD,way,1368730492,Data4 Italia - Campus MIL01 - DC10,Data4 Italia,DC10,yes,data_center,,,,,,9.037939,45.471854
WORLD,way,1368730493,Data4 Italia - Campus MIL01 - DC05,Data4 Italia,DC05,yes,data_center,,,,,,9.038251,45.47127
WORLD,way,1368730494,,Data4 Italia,,yes,data_center,,,,,,9.037349,45.470974
WORLD,way,1368776076,,,,data_center,data_center,,,,,,-93.720312,41.515864
WORLD,way,1368776077,,,,data_center,data_center,,,,,,-93.719767,41.516864
WORLD,way,1369409326,,,QC24,data_center,,Rue Jean-Luc-Giroux,Québec,,2,,-71.303664,46.79478
WORLD,way,1370886996,曲江市政数据中心,,,yes,data_center,,,,,,109.021128,34.205788
WORLD,way,1371348227,CenturyLink,,,yes,data_center,,,,,,-93.997376,39.744048
WORLD,way,1372715027,Vodafone Data Centre,,,yes,data_center,,,,,,146.990572,-6.737443
WORLD,way,1372772726,,,,yes,data_center,,,,,,-111.678073,33.353191
WORLD,way,1374553894,KR1 강남데이터센터,엠피리온 디지털,,industrial,data_center,,,,9,,127.037832,37.458107
WORLD,way,1374895921,Amazon Web Services,Amazon Web Services,,industrial,data_center,Powerline Road,Umatilla,,,,-119.341626,45.879527
WORLD,way,1374895922,Amazon Web Services,Amazon Web Services,,industrial,data_center,Powerline Road,Umatilla,,,,-119.339695,45.88253
WORLD,way,1375102136,,,,data_center,data_center,,,,,,34.960258,32.020589
WORLD,way,1375443893,,,,industrial,data_center,,,,,,-82.762677,40.059238
WORLD,way,1375475071,Microsoft,Microsoft,,commercial,data_center,,,,,,-93.863439,41.533916
WORLD,way,1375475072,Microsoft,Microsoft,,commercial,data_center,,,,,,-93.863462,41.532838
WORLD,way,1375475073,Microsoft,Microsoft,,commercial,data_center,,,,,,-93.863443,41.531814
WORLD,way,1375495905,Türk Telekom Esenyurt Veri Merkezi,Türk Telekom,,yes,data_center,,,,,,28.657328,41.071954
WORLD,way,1375543041,,,,data_center,data_center,,,,,,-6.461277,53.328326
WORLD,way,1375722029,Адман,,,data_center,data_center,,,,,https://adman.com/pages/dc/,82.788823,55.057609
WORLD,way,1377227154,,,,industrial,data_center,,,,,,-104.785644,41.064287
WORLD,way,1379145699,Microsoft,Microsoft,,yes,data_center,,,,,,16.737888,60.634837
WORLD,way,1379328004,,,,yes,data_center,,,,,,-73.145227,6.2893
WORLD,way,1379421123,Flexential Las Vegas - Downtown,Flexential,,yes,data_center,East Carson Avenue,Las Vegas,,,https://www.flexential.com/data-centers/nv/las-vegas/downtown-data-center,-115.143145,36.168644
WORLD,way,1380114462,,,,yes,data_center,,,,,,-77.82628,38.737208
WORLD,way,1380114463,,,,yes,data_center,,,,,,-77.825868,38.738215
WORLD,way,1381264361,xAI Colossus,xAI,,industrial,data_center,Paul R Lowery Road,Memphis,,,https://x.ai/colossus,-90.156382,35.05995
WORLD,way,1381994242,CloudHQ LC4,CloudHQ,LC4,yes,data_center,Loudoun County Parkway,Ashburn,,,,-77.471888,39.002347
WORLD,way,1382205749,T5@Cleveland,T5 Data Centers,,yes,data_center,,,,,https://t5datacenters.com/wp-content/uploads/2020/08/T5-Cleveland-Onesheet-2020.pdf,-81.8023,41.442622
WORLD,way,1382267766,,,,,data_center,,,,,,75.465091,51.619027
WORLD,way,1382917740,,,,data_center,,,,,,,8.462227,47.481765
WORLD,way,1383913490,Databank LGA3,Databank,,yes,data_center,Corporate Drive,Orangeburg,,,,-73.989573,41.039951
WORLD,way,1383916144,CoreSite NY3,CoreSite,NY3,data_center,data_center,Emerson Lane,Secaucus,,,,-74.065357,40.784904
WORLD,way,1385101584,Odata,,,,data_center,Rua José Blumer,Hortolândia,,,,-47.193905,-22.901735
WORLD,way,1385788091,DC STO1,,,yes,data_center,,,,,,-70.710386,-33.531195
WORLD,way,1386016627,Amazon Web Services,Amazon Web Services,,yes,data_center,,,,,,-82.750141,40.102426
WORLD,way,1386016628,Amazon Web Services,Amazon Web Services,,yes,data_center,,,,,,-82.751912,40.101955
WORLD,way,1386016629,Amazon Web Services,Amazon Web Services,,yes,data_center,,,,,,-82.732111,40.094226
WORLD,way,1386016630,Amazon Web Services,Amazon Web Services,,yes,data_center,,,,,,-82.729279,40.094397
WORLD,way,1386016631,Amazon Web Services,Amazon Web Services,,yes,data_center,,,,,,-82.732005,40.095495
WORLD,way,1386016632,Google NBY-5,Google,,yes,data_center,,,,1,,-82.772007,40.056511
WORLD,way,1386016633,Google NBY-6,Google,,yes,data_center,,,,1,,-82.767595,40.05396
WORLD,way,1386016634,LCO 1,Meta,,yes,data_center,,,,,,-82.740552,40.061493
WORLD,way,1386016635,LCO 2,Meta,,yes,data_center,,,,,,-82.741168,40.06523
WORLD,way,1386016636,Amazon Web Services,Amazon Web Services,,yes,data_center,,,,,,-83.212641,40.135789
WORLD,way,1386016637,Amazon Web Services,Amazon Web Services,,yes,data_center,,,,,,-83.199319,40.120064
WORLD,way,1386016638,Amazon Web Services,Amazon Web Services,,yes,data_center,,,,,,-83.203226,40.119299
WORLD,way,1386016639,Amazon Web Services,Amazon Web Services,,yes,data_center,,,,,,-83.202522,40.118118
WORLD,way,1386016640,Amazon Web Services,Amazon Web Services,,yes,data_center,,,,,,-83.175515,40.05018
WORLD,way,1386016641,Amazon Web Services,Amazon Web Services,,yes,data_center,,,,,,-83.175715,40.051522
WORLD,way,1386016642,Amazon Web Services,Amazon Web Services,,yes,data_center,,,,,,-83.125852,40.016419
WORLD,way,1386016643,Amazon Web Services,Amazon Web Services,,yes,data_center,,,,,,-83.126021,40.021013
WORLD,way,1386017490,Amazon Web Services,Amazon Web Services,,industrial,data_center,Lewis and Clark Drive,Boardman,,,,-119.619661,45.851731
WORLD,way,1386017491,Amazon Web Services,Amazon Web Services,,industrial,data_center,Lewis and Clark Drive,Boardman,,,,-119.61968,45.853095
WORLD,way,1386017492,Amazon Web Services,Amazon Web Services,,industrial,data_center,Bombing Range Road,Boardman,,,,-119.632008,45.818711
WORLD,way,1386017493,Amazon Web Services,Amazon Web Services,,industrial,data_center,Bombing Range Road,Boardman,,,,-119.636263,45.818702
WORLD,way,1386017494,Amazon Web Services,Amazon Web Services,,industrial,data_center,Bombing Range Road,Boardman,,,,-119.636272,45.819949
WORLD,way,1386017495,Amazon Web Services,Amazon Web Services,,industrial,data_center,East Penney Avenue,Hermiston,,,,-119.268611,45.809634
WORLD,way,1386017496,Amazon Web Services,Amazon Web Services,,industrial,data_center,East Penney Avenue,Hermiston,,,,-119.268616,45.808277
WORLD,way,1386017497,Amazon Web Services,Amazon Web Services,,industrial,data_center,Cottonwood Bend Road,Hermiston,,,,-119.361727,45.799015
WORLD,way,1386017498,Amazon Web Services,Amazon Web Services,,industrial,data_center,Cottonwood Bend Road,Hermiston,,,,-119.358424,45.799683
WORLD,way,1386017499,Amazon Web Services,Amazon Web Services,,industrial,data_center,Cottonwood Bend Road,Hermiston,,,,-119.358924,45.797752
WORLD,way,1386017500,CYS41 Datacenter,Microsoft,,yes,data_center,,,,,,-104.897015,41.124403
WORLD,way,1386017501,CYS42 Datacenter,Microsoft,,yes,data_center,,,,,,-104.908889,41.125382
WORLD,way,1386926534,xAI Macrohard Colossus 2,xAI,,yes,data_center,Tulane Road,Memphis,,,,-90.034867,34.997983
WORLD,way,1386936296,Yondr - Rechenzentrum,Yondr Group,,commercial,data_center,In der Niederwiese,Bischofsheim,,,,8.337049,49.99088
WORLD,way,1387027829,DMO,,,industrial,data_center,Hüttruper Heide,Greven,,1,https://www.dmo.de/,7.700066,52.131466
WORLD,way,1387080629,,,,yes,data_center,,,,,,-95.512417,35.568135
WORLD,way,1387121625,Mega IDC,,,,data_center,環保大道 Wan Po Road,,,,,114.274519,22.29487
WORLD,way,1387391200,True North Data Centers,True North Data Solutions,,,data_center,Sycolin Road,,,,,-77.537262,39.043613
WORLD,way,1387391201,TikTok Data Center,True North Data Solutions,,data_center,data_center,Thunderball Drive,Leesburg,,1,,-77.537958,39.044254
WORLD,way,1387425735,,,,,data_center,,,,,,27.476732,-29.306469
WORLD,way,1387957696,,,,yes,data_center,,,,,,9.309919,45.353661
WORLD,way,1390911809,临沂华为大数据中心,,,yes,data_center,,,,,,118.423288,35.010876
WORLD,way,1391966326,Encompass Minneapolis Facility,Encompass,,yes,data_center,Holly Drive,Lino Lakes,,,https://www.encompass.tv/minneapolis/,-93.095616,45.132157
WORLD,way,1392657385,,,,yes,data_center,West Valley Parkway,Olathe,,,,-94.860185,38.9392
WORLD,way,1392760295,Plus Ultra Groningen,,,data_center,data_center,,,,2,,6.529193,53.245196
WORLD,way,1394183837,Microsoft,Microsoft,,yes,data_center,,,,,,16.734196,60.635104
WORLD,way,1394574558,Datacenter Ingeniero José Luis Massera,ANTEL,,industrial,data_center,Ramal Ruta 101 José D'Elía,Pando,,,,-55.947255,-34.72514
WORLD,way,1395517750,Building 1,,,data_center,,,,,,,8.180423,48.955067
WORLD,way,1395517751,Building 2,,,data_center,,,,,,,8.180694,48.955309
WORLD,way,1409758368,CDG1,CloudHQ,,yes,data_center,,,,,,2.409143,48.596785
WORLD,way,1409870526,,EdgeConneX,,data_center,,,,,,,4.767252,52.283215
WORLD,way,1409870527,,,,data_center,,,,,,,4.768129,52.2846
WORLD,way,1410560542,Nieuwbouw datacenter QTS,Quality Technology Services,,,data_center,,,,,,6.853542,53.439256
WORLD,way,1411056682,,Oppidan,,yes,data_center,,,,,,-83.127423,40.052673
WORLD,way,1411915244,CPD Titan Datacenter,,,data_center,data_center,,,,,https://cpdtitan.com/,-1.163538,38.029699
WORLD,way,1413213983,SK브로드밴드 IDC,SK브로드밴드,,yes,data_center,가산로9길,서울특별시,,10,,126.887834,37.475794
WORLD,way,1413300448,百度云计算（阳泉）中心,,,,data_center,,,,,,113.622505,37.859732
WORLD,way,1413300449,,,,industrial,data_center,,,,,,113.622848,37.857912
WORLD,way,1413300450,,,,industrial,data_center,,,,,,113.621445,37.858
WORLD,way,1413526738,GTD Centro de Datos Lurín,,,yes,data_center,,,,,,-76.824351,-12.257812
WORLD,way,1413526741,Cirion Centro de Datos LIM2,,,yes,data_center,,,,,,-76.825837,-12.258067
WORLD,way,1413583579,,,,yes,data_center,,,,,,-73.126882,7.095757
WORLD,way,1414403072,中国电信智慧城市数据中心,,,yes,data_center,,,,,,113.050978,23.00775
WORLD,way,1414549397,中国电信佛山（开普勒）华南数据中心,,,yes,data_center,,,,,,113.046499,23.038812
WORLD,way,1414729942,,,,yes,data_center,,,,,,-105.61048,44.189237
WORLD,way,1414750854,Verizon Glasgow GLSGGB,,,data_center,data_center,,,,5,,-4.269108,55.85835
WORLD,way,1416696144,,,,data_center,,,,,,,14.929421,46.558661
WORLD,way,1417621831,Colt FRA3,,,data_center,data_center,Wilhelm-Fay-Straße,Frankfurt am Main,DE,,,8.587564,50.124526
WORLD,way,1417637306,State of Montana Data Center,State of Montana,,yes,data_center,,,,,,-105.820697,46.406885
WORLD,way,1419931331,Noovle DC Rivoli,Noovle S.p.A,,yes,data_center,Via Carlo Ferrero,Rivoli,,,,7.551018,45.062553
WORLD,way,1420458489,Cologix,Cologix,MTL8-H,yes,data_center,Rue Frédérick-Banting,Montréal,,,,-73.769792,45.480786
WORLD,way,1421212901,Switch Las Vegas 14,Switch,14,yes,data_center,,,,,,-115.222045,36.065208
WORLD,way,1422101108,Google,Google,,yes,data_center,,,,,,-96.084657,41.339139
WORLD,way,1422101112,Google,Google,,yes,data_center,,,,,,-96.087702,41.341935
WORLD,way,1422101116,Google,Google,,yes,data_center,,,,,,-96.093655,41.345501
WORLD,way,1422191468,,,,industrial,data_center,,,,,,-98.573098,46.012321
WORLD,way,1422191469,,,,industrial,data_center,,,,,,-98.573742,46.012399
WORLD,way,1422191470,,,,industrial,data_center,,,,,,-98.571671,46.013502
WORLD,way,1422191471,,,,industrial,data_center,,,,,,-98.571106,46.013489
WORLD,way,1422191472,,,,industrial,data_center,,,,,,-98.572299,46.013508
WORLD,way,1422191473,,,,industrial,data_center,,,,,,-98.5729,46.013523
WORLD,way,1422191474,,,,industrial,data_center,,,,,,-98.574046,46.013531
WORLD,way,1422191475,,,,industrial,data_center,,,,,,-98.57349,46.013516
WORLD,way,1422191476,,,,industrial,data_center,,,,,,-98.572618,46.012395
WORLD,way,1422191477,,,,industrial,data_center,,,,,,-98.574463,46.012641
WORLD,way,1423647898,,Telehouse,,commercial,data_center,,,,,,8.62835,50.095649
WORLD,way,1424249774,Data Center L7,,,industrial,data_center,,,,,,-70.75238,-33.41024
WORLD,way,1425043212,QTS NAL 2 DC1,Quality Technology Services,,yes,data_center,Beech Road Southwest,New Albany,,2,,-82.756501,40.055736
WORLD,way,1425043213,QTS NAL 2 DC2,Quality Technology Services,,yes,data_center,Beech Road Southwest,New Albany,,2,,-82.756634,40.053078
WORLD,way,1425043214,QTS NAL1 DC2,Quality Technology Services,,yes,data_center,Beech Road Southwest,New Albany,,2,,-82.758227,40.063613
WORLD,way,1425043215,QTS NAL1 DC1,Quality Technology Services,,yes,data_center,Beech Road Southwest,New Albany,,2,,-82.758131,40.065001
WORLD,way,1426146790,,,,yes,data_center,,,,,,-88.246965,41.795377
WORLD,way,1426151922,Gradbišče ARNES,ARNES,,yes,data_center,,,,,,15.606832,46.565488
WORLD,way,1426216015,,,,yes,data_center,,,,,,1.443489,48.365772
WORLD,way,1426525184,Google,Google,,yes,data_center,,,,,,-96.793207,32.539004
WORLD,way,1426525212,Compass Data Center,,,yes,data_center,,,,,,-96.802207,32.545504
WORLD,way,1426525213,Compass Data Center,,,yes,data_center,,,,,,-96.802189,32.544192
WORLD,way,1426525214,Compass Data Center,,,yes,data_center,,,,,,-96.802194,32.542899
WORLD,way,1426525215,Compass Data Center,,,yes,data_center,,,,,,-96.802207,32.541589
WORLD,way,1426525216,Compass Data Center,,,yes,data_center,,,,,,-96.80222,32.540276
WORLD,way,1426525217,Compass Data Center,,,yes,data_center,,,,,,-96.793719,32.542676
WORLD,way,1426525218,Compass Data Center,,,yes,data_center,,,,,,-96.793719,32.543994
WORLD,way,1426525219,Compass Data Center,,,yes,data_center,,,,,,-96.793756,32.545299
WORLD,way,1426525220,Compass Data Center,,,yes,data_center,,,,,,-96.788398,32.543961
WORLD,way,1426525221,Compass Data Center,,,yes,data_center,,,,,,-96.788382,32.545292
WORLD,way,1426560484,万国数据（深圳福田数据中心）,万国数据,,yes,data_center,桃花路,深圳,,,,114.053746,22.505732
WORLD,way,1426663252,Amazon IAD-168,Amazon Web Services,IAD-168,data_center,data_center,EDS Drive,Herndon,,,,-77.424977,38.92314
WORLD,way,1426663253,Amazon IAD-500,Amazon Web Services,IAD-500,data_center,data_center,Redskin Drive,Herndon,,,,-77.42468,38.936464
WORLD,way,1426695931,宝观移动通信枢纽楼,中国移动,,industrial,data_center,,,,,,114.061164,22.689692
WORLD,way,1426699261,深圳联通 同乐IDC,中国联通,,industrial,data_center,,,,,,114.316665,22.722319
WORLD,way,1426724849,,Valorem,,yes,data_center,,,,,,-61.723281,16.318189
WORLD,way,1426724850,,Valorem,,yes,data_center,,,,,,-61.723909,16.317878
WORLD,way,1427547793,Rio AI City,,,,data_center,,,,,,-43.37629,-22.966056
WORLD,way,1427613543,Google NBY-7,Google,,industrial,data_center,,,,1,,-82.763918,40.053939
WORLD,way,1427613544,Vantage Building 1,Vantage,,industrial,data_center,Horizon Court,New Albany,,2,,-82.746952,40.102498
WORLD,way,1427613545,Vantage Building 2,Vantage,,industrial,data_center,Horizon Court,New Albany,,2,,-82.747119,40.10053
WORLD,way,1427613546,Vantage Building 3,Vantage,,industrial,data_center,Horizon Court,New Albany,,2,,-82.747245,40.098762
WORLD,way,1428523639,Microsoft Datacenter,Microsoft,,,data_center,,,,,,5.025355,52.78304
WORLD,way,1429100101,,,,industrial,data_center,,,,,,15.609748,60.611969
WORLD,way,1429883881,Microsoft,Microsoft,,data_center,data_center,,,,,,-119.887415,47.238593
WORLD,way,1430720170,,,,construction,data_center,,,,,,-90.089258,32.596305
WORLD,way,1430720171,,,,construction,data_center,,,,,,-90.098001,32.594462
WORLD,way,1430720172,,,,construction,data_center,,,,,,-90.094412,32.594476
WORLD,way,1430720173,,,,construction,data_center,,,,,,-90.094427,32.596051
WORLD,way,1430720174,,,,construction,data_center,,,,,,-90.098011,32.596039
WORLD,way,1431195819,Stack Infrastructure MEL01A,Stack Infrastructure,MEL01A,yes,data_center,Palmers Road,,,,https://www.stackinfra.com/locations/asia-pacific/melbourne/mel01/,144.747642,-37.81996
WORLD,way,1431195822,Amazon Web Services,Amazon Web Services,,yes,data_center,Delivery Drive,,,,,144.755673,-37.838017
WORLD,way,1431195848,Microsoft MEL05,Microsoft,MEL05,yes,data_center,Francis Street,,,,,144.857429,-37.821336
WORLD,way,1431413742,Araguaney,Telefonica,001,yes,data_center,,,,,,-72.294786,5.4159
WORLD,way,1432337885,,,,data_center,data_center,,,,,,103.413404,1.703383
WORLD,way,1432337898,,,,data_center,data_center,,,,,,103.419047,1.693983
WORLD,way,1432337899,,,,data_center,data_center,,,,,,103.412377,1.692135
WORLD,way,1432337900,,,,data_center,data_center,,,,,,103.417925,1.693099
WORLD,way,1432337901,,,,data_center,data_center,,,,,,103.417064,1.692396
WORLD,way,1432337902,,,,data_center,data_center,,,,,,103.411731,1.697726
WORLD,way,1432337903,,,,data_center,data_center,,,,,,103.412533,1.698487
WORLD,way,1432337904,,,,data_center,data_center,,,,,,103.412861,1.69994
WORLD,way,1432337905,,,,data_center,data_center,,,,,,103.407665,1.697562
WORLD,way,1432337908,,,,data_center,data_center,,,,,,103.412434,1.704604
WORLD,way,1432337909,,,,data_center,data_center,,,,,,103.4103,1.702992
WORLD,way,1432337910,,,,data_center,data_center,,,,,,103.408993,1.701918
WORLD,way,1432337911,,,,data_center,data_center,,,,,,103.410693,1.698816
WORLD,way,1432337912,,,,data_center,data_center,,,,,,103.420834,1.694238
WORLD,way,1432637060,,,,yes,data_center,,,,,,-98.714404,29.44968
WORLD,way,1432637061,,,,yes,data_center,,,,,,-98.713908,29.450931
WORLD,way,1432637062,,,,yes,data_center,,,,,,-98.714064,29.45223
WORLD,way,1433345058,DC Noovle Cebrosa,Noovle S.p.A.,,yes,data_center,,,,,,7.742318,45.146322
WORLD,way,1433534671,Viettel IDC Hòa Lạc,Viettel,,yes,data_center,,,,,,105.541858,20.999707
WORLD,way,1433631456,Centro de datos ODATA QR03,ODATA,,,data_center,,,,,,-100.236323,20.534623
WORLD,way,1433637473,Centro de datos ODATA QR01,ODATA,,,data_center,,,,,,-100.199249,20.587697
WORLD,way,1433879104,CENTRO CONCILIACION DE LA UNIVERSIDAD DE SANTANDER,,,house,data_center,,,,,,-73.247339,10.478405
WORLD,way,1433879105,Programa desarrollo y paz del Cesar,,,yes,data_center,,,,,,-73.24748,10.478457
WORLD,way,1433936352,,,,yes,data_center,,,,,,-94.594786,39.322627
WORLD,way,1435983810,,,,data_center,data_center,,,,,,37.64216,55.603738
WORLD,way,1437038742,CNT - Nodo Bastión CTG,,,yes,data_center,,,,,,-79.929997,-2.106194
WORLD,way,1441542602,Southern Highlands Data Campus,Cloud Carrier,DB1,data_center,data_center,Douglas Road,,,,https://cloudcarrier.com/db1/,150.369737,-34.51542
WORLD,way,1441543300,Equinix SY7 - Sydney,Equinix,SY7,yes,data_center,Lathe Place,,,,,150.85693,-34.463518
WORLD,way,1441547266,LEDC - ABX1 - Albury,Leading Edge Data Centres,ABX1,yes,data_center,Avalon Street,,,,,146.955215,-36.071258
WORLD,way,1441548716,LEDC - NTL1 - Newcastle,Leading Edge Data Centres,NTL1,yes,data_center,McIntosh Drive,,,,,151.730595,-32.883225
WORLD,way,1441548719,LEDC - DBO1 - Dubbo,Leading Edge Data Centres,DBO1,yes,data_center,Jannali Road,,,,,148.58149,-32.241071
WORLD,way,1441548723,LEDC - CFS1 - Coffs Harbour,Leading Edge Data Centres,CFS1,yes,data_center,Enterprise Drive,,,,,153.117028,-30.314403
WORLD,way,1442054199,Blockfusion Niagra Falls,,,industrial,data_center,Frontier Avenue,Niagara Falls,,,,-79.003228,43.082405
WORLD,way,1442781502,,,,data_center,data_center,,,,5,,120.605667,15.168352
WORLD,way,1442986078,Centrum Przetwarzania Danych T‑Mobile Polska,T‑Mobile Polska,(3B),yes,data_center,,,,,,21.006019,52.078741
WORLD,way,1443002192,,,,yes,data_center,,,,,,-6.453746,53.319342
WORLD,way,1443131904,Torquay Cable Landing Station,SUBCO Pty Ltd,Torquay CLS,yes,data_center,Baines Crescent,,,,,144.312868,-38.32744
WORLD,way,1443187163,CloudHQ LC3,CloudHQ,LC3,yes,data_center,Waxpool Road,Ashburn,,,,-77.460425,39.011212
WORLD,way,1443567519,Google,Google,,industrial,data_center,,,,,,-121.206664,45.623168
WORLD,way,1443620406,Alinged Data Center DFW-03,"Aligned Data Centers, LLC",DFW-03,yes,data_center,Britton Road,Mansfield,,,,-97.074855,32.549823
WORLD,way,1443807295,Centro de datos ODATA QR04,ODATA,QR04,,data_center,,,,,,-100.621095,20.906844
WORLD,way,1443922527,,,,data_center,data_center,,,,,,-77.547334,39.055977
WORLD,way,1443922528,,,,data_center,data_center,,,,,,-77.546734,39.057797
WORLD,way,1443922535,,,,data_center,data_center,,,,,,-77.565121,39.082189
WORLD,way,1445218606,noris network NBG6 BA3,noris network AG,,commercial,data_center,Thomas-Mann-Straße,Nürnberg,,,https://www.noris.de/rechenzentren/nuernberg/sued/,11.131455,49.409979
WORLD,way,1445475644,,,,yes,data_center,,,,,,18.680707,-33.906079
WORLD,way,1446107922,,,,data_center,data_center,,,,,,-6.413676,53.293584
WORLD,way,1446350367,NTT Chicago CH3,NTT,CH3,commercial,data_center,East Pierce Road,Itasca,,,https://services.global.ntt/en-us/services-and-products/global-data-centers/global-locations/americas/chicago-ch1-data-center,-88.007985,41.986941
WORLD,way,1446350370,NTT Chicago CH4,NTT,CH4,commercial,data_center,Arlington Heights Road,Itasca,,,https://services.global.ntt/en-us/services-and-products/global-data-centers/global-locations/americas/chicago-ch1-data-center,-88.004758,41.989101
WORLD,way,1446502466,DC North,,,data_center,data_center,Ulica Ivane Brlić-Mažuranić,Varaždin,,,https://dcnorth.hr/#aboutus,16.360304,46.281956
WORLD,way,1447029365,Microsoft Data Center 2,Microsoft,2,yes,data_center,,,,,,-77.583348,38.799972
WORLD,way,1447049070,,,,yes,data_center,,,,,,-83.124181,40.020774
WORLD,way,1447049071,,,,yes,data_center,,,,,,-83.123188,40.021203
WORLD,way,1447472694,Centro de Datos - CNT,,,yes,data_center,,,,,,-80.085405,-2.199305
WORLD,way,1447695033,Atyrau Data Center,,,commercial,data_center,улица Куттыгай Батыра,,,3,,51.981889,47.115045
WORLD,way,1448042316,সামিট কমিউনিকেশনস লিমিটেড,,,,data_center,,,,,,90.232031,24.063997
WORLD,way,1448054816,,,,,data_center,,,,,,-100.162742,20.592339
WORLD,way,1448054817,Centro de datos Ascenty Querétaro 1,Ascenty,,,data_center,,,,,,-100.154576,20.591856
WORLD,way,1448056077,Amazon AWS Querétaro,Amazon,,,data_center,,,,,,-100.199123,20.586017
WORLD,way,1448061960,Centro de datos KIO MEX1,,,,data_center,,,,,,-99.276835,19.363618
WORLD,way,1448065060,Centro de datos KIO MEX2,KIO,,,data_center,,,,,,-99.280244,19.363313
WORLD,way,1448123638,Centro de datos ODATA QR02,ODATA,,,data_center,,,,,,-100.577176,20.542063
WORLD,way,1448123986,Centro de datos Ascenty Querétaro 2,Ascenty,,,data_center,,,,,,-100.10589,20.659543
WORLD,way,1448241854,Centro de datos Equinix MO1,Equinix,MO1,,data_center,,,,,,-100.193329,25.766694
WORLD,way,1448242872,Centro de datos Equinix MO2,Equinix,MO2,,data_center,,,,,,-100.132711,25.724135
WORLD,way,1448283393,Centro de datos KIO MEX3,KIO,MEX3,,data_center,,,,,,-99.260369,19.372646
WORLD,way,1448291730,Centro de datos KIO MTY1,KIO,,,data_center,,,,,,-100.358558,25.649224
WORLD,way,1448293080,Centro de datos KIO HER1,KIO,,,data_center,,,,,,-110.96072,29.085522
WORLD,way,1448297728,Centro de datos KIO MER1,KIO,,,data_center,,,,,,-89.681479,20.929368
WORLD,way,1448536198,,,,industrial,data_center,,,,,,101.520293,3.223075
WORLD,way,1449347339,PowerHouse CTP-02,PowerHouse,,industrial,data_center,,,,,,-77.325687,37.360586
WORLD,way,1450937531,Centro de datos ECR8 León,MTP,,container,data_center,,,,,,-101.678145,21.126488
WORLD,way,1452265791,,Wingu Africa,,,data_center,,,,,https://www.wingu.africa/,39.201495,-6.716489
WORLD,way,1452591984,,Vantage Data Centers,,data_center,data_center,,Newport,,,https://vantage-dc-cardiff.co.uk/,-3.034637,51.556983
WORLD,way,1452591985,,Vantage Data Centers,,data_center,data_center,,Newport,,,https://vantage-dc-cardiff.co.uk/,-3.034192,51.55661
WORLD,way,1453656362,Mars Datacenter,Mars Datacenter,,yes,data_center,Katar Caddesi,İstanbul,,3,https://marsdatacenter.com/,29.025001,41.102842
WORLD,way,1454573842,,,,yes,data_center,,,,,,-93.06186,44.734759
WORLD,way,1454573843,,,,yes,data_center,,,,,,-93.064891,44.734534
WORLD,way,1454598380,NTT RagingWire DC - Hillsboro,NTT,HI2,industrial,data_center,Northeast Dawson Creek Drive,Hillsboro,,,,-122.937788,45.548079
WORLD,way,1454813845,,,,data_center,data_center,,,,,,-93.720886,41.514853
WORLD,way,1454813846,,,,data_center,data_center,,,,,,-93.72141,41.513888
WORLD,way,1455893453,Purwokerto Data Center,Neutral DataCenter,,commercial,data_center,Jalan Ringin Tirto,banyumas,,1,,109.244027,-7.410502
WORLD,way,1455915217,,,,yes,data_center,,,,,,-116.268233,43.463141
WORLD,way,1455915218,,,,yes,data_center,,,,,,-116.272095,43.463336
WORLD,way,1455942782,武威电信综合大楼,,,yes,data_center,,,,,,102.634111,37.929672
WORLD,way,1456236882,EdgeConneX,EdgeConneX,,yes,data_center,Waldstraße,,,,,8.806918,50.022938
WORLD,way,1456362247,,,,data_center,data_center,,,,,,-6.444102,53.316074
WORLD,way,1456362248,,,,data_center,data_center,,,,,,-6.44428,53.317195
WORLD,way,1456362258,,,,data_center,data_center,,,,,,-6.451111,53.318392
WORLD,way,1456953254,East Kentucky Network Datacenter,,,yes,data_center,Technology Trail,Ivel,,,https://www.ekn.com,-82.678769,37.600186
WORLD,way,1456975947,,,,yes,data_center,,,,,,-111.63246,33.347198
WORLD,way,1456975948,,,,yes,data_center,,,,,,-111.628914,33.346333
WORLD,way,1456975949,,,,yes,data_center,,,,,,-111.625792,33.347189
WORLD,way,1457383500,,,,data_center,,,,,,,-94.796767,31.194176
WORLD,way,1457990503,Telehouse,,,commercial,data_center,,,,,,100.573762,13.751516
WORLD,way,1458626323,Google,Google,,yes,data_center,,,,,,-97.06092,32.440104
WORLD,way,1459680304,Newrays Two LLC Mining,,,,data_center,,,,,,-88.320073,36.327032
WORLD,way,1459752828,,,,construction,data_center,,,,,,150.838591,-33.810893
WORLD,way,1459777999,,,,yes,data_center,,,,,,73.689599,18.596243
WORLD,way,1460367741,Data Centre - DUB 40,,,data_center,,,,,,,-6.320053,53.411395
WORLD,way,1460732226,NTT Amsterdam 1 Data Center,NTT Data,AMS 1,,data_center,,,,,,4.743901,52.284505
WORLD,way,1460732391,EdgeConneX AMS06,EdgeConneX,AMS06,,data_center,,,,,,4.742072,52.283023
WORLD,way,1460776170,,,,data_center,data_center,,,,,,-77.544785,39.055263
WORLD,way,1460776171,,,,data_center,data_center,,,,,,-77.545995,39.054097
WORLD,way,1460776174,,,,data_center,data_center,,,,,,-77.534801,39.051037
WORLD,way,1460847458,EdgeCore Silicon Valley,,,yes,data_center,,,,,https://edgecore.com/locations/silicon-valley/,-121.965404,37.383719
WORLD,way,1460855151,STACK SVY02,Stack Infrastructure,SVY02,yes,data_center,,,,,https://www.stackinfra.com/locations/americas/silicon-valley/svy02/,-121.953731,37.361934
WORLD,way,1460861317,Amazon AWS SAT - 12807 Donop,Amazon Web Services,,yes,data_center,,,,,,-98.391599,29.29301
WORLD,way,1460863652,Google: Lok Yang 1,Google,,yes,data_center,,,,,,103.695112,1.323783
WORLD,way,1461701602,국가정보자원관리원 대구센터,,,yes,data_center,,,,,,128.706436,35.968579
WORLD,way,1461896928,Prime DFW01-01,Prime,DFW01-01,commercial,data_center,Round Table Drive,Dallas,,,https://primedatacenters.com/locations/dallas/,-96.879846,32.837814
WORLD,way,1462367447,AdaniConneX Chennai 1,,,yes,data_center,,,,,,80.22611,12.821585
WORLD,way,1462706960,Equinix Data Center,Equinix,HE7,industrial,data_center,Sinimäentie,Espoo,FI,,https://www.equinix.com/data-centers/europe-colocation/finland-colocation/helsinki-data-centers/he7,24.775658,60.20379
WORLD,way,1462886682,,,,yes,data_center,,,,,,-83.001488,40.115825
WORLD,way,1463708635,M06,atNorth,,data_center,data_center,Sjónarhóll,Reykjanesbær,,,,-22.535768,63.964545
WORLD,way,1463708636,M21,atNorth,,data_center,data_center,Sjónarhóll,Reykjanesbær,,,,-22.541361,63.963291
WORLD,way,1463708637,M22,atNorth,,data_center,data_center,Sjónarhóll,Reykjanesbær,,,,-22.541326,63.963605
WORLD,way,1464257783,Google,Google,,data_center,data_center,,,,,,-77.586335,38.779305
WORLD,way,1464257784,QTS Manassas DC1,Quality Technology Services,,data_center,data_center,,,,,,-77.51246,38.752545
WORLD,way,1465196735,QTS Data Center - Hillsboro 3,Quality Technology Services,North Building,,data_center,Northeast Pubols Street,Hillsboro,,,https://q.com/data-centers/hillsboro-3/,-122.918438,45.571925
WORLD,way,1465196736,QTS Data Center - Hillsboro 3,Quality Technology Services,South Building,,data_center,Northeast Schaaf Street,Hillsboro,,,https://q.com/data-centers/hillsboro-3/,-122.919833,45.570191
WORLD,way,1467185863,Equinix SY6,Equinix,SY6,,data_center,,,,,https://www.equinix.com/data-centers/asia-pacific-colocation/australia-colocation/sydney-data-centers/sy6,151.053293,-33.836664
WORLD,way,1469988846,,,,industrial,data_center,,,,,,-97.372127,31.131912
WORLD,way,1469988847,,,,industrial,data_center,,,,,,-97.369022,31.130797
WORLD,way,1470108469,,,,yes,data_center,,,,,,-119.863265,47.240171
WORLD,way,1470261550,SPC4A,Google,Building 3,data_center,data_center,,,,2,,-87.256912,36.624063
WORLD,way,1470640263,Ovio,GNC-Alfa,,data_center,data_center,Կարմիր Բանակի փողոց,Աբովյան,,,,44.614797,40.269632
WORLD,way,1471517731,,,,yes,data_center,,,,,,-86.473051,41.688549
WORLD,way,1471517732,,,,yes,data_center,,,,,,-86.469864,41.688531
WORLD,way,1471517733,,,,yes,data_center,,,,,,-86.464891,41.692058
WORLD,way,1471517734,,,,yes,data_center,,,,,,-86.471882,41.688538
WORLD,way,1471517735,,,,yes,data_center,,,,,,-86.475061,41.688557
WORLD,way,1471517736,,,,yes,data_center,,,,,,-86.466884,41.692058
WORLD,way,1471517737,,,,yes,data_center,,,,,,-86.463715,41.692046
WORLD,way,1471853439,Edificio de Telecomunicaciones,,,yes,data_center,,,,,,-64.427084,-31.413997
WORLD,way,1471932562,DATA4 - MAD2-DC01,,,data_center,,,,,,,-3.607805,40.670197
WORLD,way,1471932563,DATA4 MAD2-DC02,,,data_center,,,,,,,-3.606584,40.670152
WORLD,way,1471935097,Data 4 MAD2 Campus,Data4,,,data_center,Calle Begoña Villacís,San Agustín del Guadalix,,,https://www.data4group.com/en/data-center-in-madrid-spain-2/,-3.607828,40.670645
WORLD,way,1472056705,,,,data_center,data_center,,,,,,-99.777724,32.504191
WORLD,way,1472056706,,,,data_center,data_center,,,,,,-99.778823,32.504176
WORLD,way,1472056707,,,,data_center,data_center,,,,,,-99.778185,32.505118
WORLD,way,1472056708,,,,data_center,data_center,,,,,,-99.777759,32.506054
WORLD,way,1472056709,,,,data_center,data_center,,,,,,-99.778864,32.506041
WORLD,way,1472056710,,,,data_center,data_center,,,,,,-99.781139,32.505086
WORLD,way,1472056711,,,,data_center,data_center,,,,,,-99.78157,32.504152
WORLD,way,1472056712,,,,data_center,data_center,,,,,,-99.781595,32.506015
WORLD,way,1472056713,,,,data_center,data_center,,,,,,-99.780496,32.506026
WORLD,way,1472056714,,,,data_center,data_center,,,,,,-99.780466,32.50416
WORLD,way,1472128597,QTS,Quality Technology Services,,yes,data_center,,,,,,-84.522489,33.448403
WORLD,way,1472128598,QTS,Quality Technology Services,,yes,data_center,,,,,,-84.523625,33.450885
WORLD,way,1472194797,DATA4 - MAD1,Data4,,,data_center,,,,,https://www.data4group.com/en/data-center-in-madrid-spain-2/,-3.647986,40.534133
WORLD,way,1472333082,Equinix,Equinix,,,data_center,,,,,,-46.815004,-23.496735
WORLD,way,1472333084,Equinix,Equinix,,,data_center,,,,,,-46.815038,-23.497622
WORLD,way,1472876777,KM 0 Silica Networks AVC,,,,data_center,Calle 29,,,,https://www.avcsa.com.ar/fibraOpticaLasToninasChascomus.asp,-56.708852,-36.486377
WORLD,way,1472876782,Estación de amarre cable submarino de fibra óptica,Cirion Technologies,,,data_center,Calle 31,,,,,-56.71015,-36.487266
WORLD,way,1473440674,Meta,Meta,,yes,data_center,,,,,,-112.019433,40.265862
WORLD,way,1473440676,Meta,Meta,,yes,data_center,,,,,,-112.019456,40.269859
WORLD,way,1473492475,Estación de Amarre Las Toninas - Telecom,Telecom,,,data_center,,,,,,-56.699183,-36.486088
WORLD,way,1475003347,Equinix SP6,Equinix,SP6,yes,data_center,,,,,,-46.858217,-23.462359
WORLD,way,1475126651,Microsoft,Microsoft,,industrial,data_center,,,,,,17.017233,60.601327
WORLD,way,1479628967,CDC Eastern Creek Campus EC6,CDC,EC6,yes,data_center,,,,,https://cdcdatacentres.com.au/eastern-creek-campus/,150.837514,-33.817333
WORLD,way,1479632522,Microsoft SYD06 Data Centre,Microsoft,SYD06,yes,data_center,,,,,,150.775569,-33.836278
WORLD,way,1480092696,DCI Data Centre AKL-02,,,construction,data_center,,,,,,174.695362,-36.749119
WORLD,way,1480092702,Spark Data Centre,,,office,data_center,William Pickering Drive,Auckland,,2,,174.700391,-36.749613
WORLD,way,1481106036,,,,yes,data_center,,,,,,51.505172,58.012093
WORLD,way,1481166632,Ark Data Centres - Longcross Park,Ark Data Centres,,yes,data_center,Chobham Lane,Chertsey,GB,,https://www.ark-d-c.com/locations/longcross-park,-0.594635,51.380536
WORLD,way,1481438841,,,,yes,data_center,,,,,,8.157567,53.537043
WORLD,way,1481464832,Vantage LHR2,,,data_center,data_center,,,,,,-0.259231,51.532972
WORLD,way,1481464835,Vantage Data Centers LHR1,Vantage Data Centers,,data_center,data_center,,,,,,-0.255163,51.527672
WORLD,way,1481471882,,,,construction,data_center,,,,,,-0.25711,51.528606
WORLD,way,1481564428,Equinix LD8,Equinix,LD8,,data_center,,,,,,-0.014899,51.498178
WORLD,way,1481581947,CyrusOne CHI3,CyrusOne,,yes,data_center,Bilter Road,Aurora,,,,-88.246752,41.802861
WORLD,way,1481581948,Edged Chicago ORD01,Edged,,yes,data_center,,,,,,-88.241097,41.806931
WORLD,way,1481787910,,Yondr,,data_center,data_center,,,,,,-0.579297,51.512475
WORLD,way,1481787911,,Yondr,,data_center,data_center,,,,,,-0.578807,51.513083
WORLD,way,1481787912,,Yondr,,data_center,data_center,,,,,,-0.576855,51.513467
WORLD,way,1482049978,Equinix ML5,Equinix,ML5,yes,data_center,Via Marisa Bellisario,Settimo Milanese,,,https://www.equinix.com/data-centers/europe-colocation/italy-colocation/milan-data-centers/ml5,9.038445,45.475397
WORLD,way,1482049979,Equinix ML7x,Equinix,ML7,yes,data_center,Via Marisa Bellisario,Settimo Milanese,,,https://www.equinix.com/data-centers/europe-colocation/italy-colocation/milan-data-centers/ml7x,9.037684,45.476837
WORLD,way,1482076328,,,,yes,data_center,,,,,,-77.556168,38.777131
WORLD,way,1482076330,Amazon IAD230,Amazon Web Services,Amazon IAD230,data_center,data_center,Dulles Summit Court,Sterling,,,,-77.449742,38.989461
WORLD,way,1482078170,,,,yes,data_center,,,,,,-72.39081,5.342448
WORLD,way,1482203073,Digital Realty LHR18,,LHR18,,data_center,Oliver's Yard,London,,,https://www.digitalrealty.com/data-centers/emea/london/lhr18,-0.08651,51.524257
WORLD,way,1482210622,Global Technical Realty London GB One,Global Technical Realty,,data_center,data_center,,,,,https://globaltechnicalrealty.com/locations/london-gb-one/,-0.618362,51.51767
WORLD,way,1482249092,Hub Europe,Contabo,,,data_center,,,,,https://contabo.com/blog/welcome-to-hub-europe-new-data-center-for-all-your-cloud-needs/,8.180712,48.955316
WORLD,way,1482291761,Data Center 2 Bilbao Arasur,Merlin Properties,,data_center,data_center,,,,3,,-2.907482,42.698761
WORLD,way,1483729407,中国联通武威分公司,,,yes,data_center,,,,,,102.626878,37.933535
WORLD,way,1484174881,CPD Gobierno de Navarra,Nasertic,,yes,data_center,,,,,,-1.65969,42.817786
WORLD,way,1484435248,,,,industrial,data_center,,,,,,-96.659526,33.140647
WORLD,way,1485721566,武当云谷大数据中心园区,武当云谷大数据科技有限公司,,,data_center,,,,,,111.488329,32.547534
WORLD,way,1485867694,,,,industrial,data_center,,,,,,-104.780219,41.06206
WORLD,way,1485867695,,,,industrial,data_center,,,,,,-104.780197,41.063132
WORLD,way,1485867696,,,,industrial,data_center,,,,,,-104.785602,41.063158
WORLD,way,1485867768,,,,industrial,data_center,,,,,,-104.826572,41.076835
WORLD,way,1485867769,,,,industrial,data_center,,,,,,-104.8233,41.077057
WORLD,way,1486780799,Aligned Data Centers DFW-04,Aligned Data Centers,DFW-04,yes,data_center,North Star Road,Plano,,,https://aligneddc.com/dallas-data-centers/,-96.657092,33.006007
WORLD,way,1487031403,,,,yes,data_center,,,,,,90.232063,24.064033
WORLD,way,1489113575,Verizon Wireless,,,,data_center,,,,,,-86.797137,36.282175
WORLD,way,1489759025,阿里巴巴乌兰察布数据中心,,,,data_center,,,,,,113.242946,40.982813
WORLD,way,1489795658,乌兰察布华为云数据中心,,,,data_center,,,,,,113.232145,40.994165
WORLD,way,1490026403,,Digitel,,,data_center,,,,,,-66.838253,10.435988
WORLD,way,1490401523,Argo Data Center,,,,data_center,,,,,,-100.868901,33.777264
WORLD,way,1491427496,Stack Infrastructure MEL01B,Stack Infrastructure,MEL01B,yes,data_center,Palmers Road,,,,https://www.stackinfra.com/locations/asia-pacific/melbourne/mel01/,144.747591,-37.820415
WORLD,way,1492345589,Amazon Web Services,Amazon Web Services,BAH53,yes,data_center,,,,,,50.605102,26.069382
WORLD,way,1492452118,Gulf Data Hub ICAD 1,Gulf Data Hub,GDH-ICAD-B1,yes,data_center,,,,,,54.458874,24.264637
WORLD,way,1492452119,Gulf Data Hub ICAD 2,Gulf Data Hub,GDH-ICAD-B2,yes,data_center,,,,,,54.459709,24.264017
WORLD,way,1492452121,Amazon Web Services,Amazon Web Services,,yes,data_center,,,,,,54.463361,24.268726
WORLD,way,1492452150,Amazon Web Services,Amazon Web Services,,yes,data_center,,,,,,54.741831,24.708789
WORLD,way,1493169641,Switch: The Rock,Switch,,yes,data_center,,,,,,-97.672526,30.488019
WORLD,way,1493466998,,,,yes,data_center,,,,,,79.161795,18.353066
WORLD,way,1493499780,Virtus London 12,Virtus,,data_center,data_center,,,,,,-0.620234,51.52174
WORLD,way,1493499783,Iron Mountain LON-3,Iron Mountain,LON-3,data_center,data_center,Buckingham Avenue,Slough,,,,-0.62038,51.520322
WORLD,way,1493516619,DC6,Quality Technology Services,,industrial,data_center,Portugee Rd,Sandston,,,,-77.250182,37.485289
WORLD,way,1493516620,DC5,Quality Technology Services,,industrial,data_center,Portugee Rd,Sandston,,,,-77.249109,37.484779
WORLD,way,1493516621,DC4,Quality Technology Services,,industrial,data_center,Portugee Rd,Sandston,,,,-77.247815,37.483918
WORLD,way,1493516623,RIC2 DC1,,,industrial,data_center,Technology Boulevard,Sandston,,,,-77.240062,37.488174
WORLD,way,1493516624,RIC2 DC2,,,industrial,data_center,Technology Boulevard,Sandston,,,,-77.240983,37.487092
WORLD,way,1493516625,RIC2 DC3,,,industrial,data_center,Technology Boulevard,Sandston,,,,-77.241891,37.486065
WORLD,way,1493516626,RIC2 DC5,,,industrial,data_center,Technology Boulevard,Sandston,,,,-77.242984,37.484848
WORLD,way,1493516628,RIC2 DC6,,,construction,data_center,Technology Boulevard,Sandston,,,,-77.243764,37.483901
WORLD,way,1493516629,RIC3 DC1,Quality Technology Services,,construction,data_center,Portugee Road,Sandston,,,,-77.251622,37.480504
WORLD,way,1493516630,RIC3 DC2,Quality Technology Services,,construction,data_center,Portugee Road,Sandston,,,,-77.25221,37.479727
WORLD,way,1493516631,RIC3 DC3,Quality Technology Services,,construction,data_center,Portugee Road,Sandston,,,,-77.252996,37.47851
WORLD,way,1493516632,RIC3 DC5,Quality Technology Services,,construction,data_center,Portugee Road,Sandston,,,,-77.249693,37.477015
WORLD,way,1493516633,RIC3 DC4,Quality Technology Services,,construction,data_center,Portugee Road,Sandston,,,,-77.248977,37.477917
WORLD,way,1494498031,Tahoe Reno 4,Switch,,yes,data_center,Superloop Circle,McCarran,,,,-119.483041,39.509868
WORLD,way,1494498032,Tahoe Reno 5,Switch,,yes,data_center,Superloop Circle,McCarran,,,,-119.483237,39.508083
WORLD,way,1495602151,SG6,Equinix,,construction,data_center,,,,,,103.713174,1.325843
WORLD,way,1495643296,,,,industrial,data_center,Loyang Drive,Singapore,,,,103.969862,1.3757
WORLD,way,1495920404,Colt London 4,Colt Data Centre Services,London 4,data_center,data_center,,,,,,-0.394089,51.509559
WORLD,way,1495979992,Stargate UAE Abu Dhabi,,,yes,data_center,,,,,,54.462199,24.147638
WORLD,way,1496340718,Khazna Data Centers,Khazna Data Centers,DXB3,yes,data_center,,,,,,55.120466,25.026383
WORLD,way,1496340735,Khazna Data Centers,Khazna Data Centers,DXB9,yes,data_center,,,,,,55.124123,25.026707
WORLD,way,1496340767,,,,yes,data_center,,,,,,55.185365,25.02658
WORLD,way,1498005255,,SC,,industrial,data_center,South Iliff Street,Medicine Lodge,,,,-98.588462,37.278406
WORLD,way,1498014204,MAD4,Digital Realty,,data_center,,Calle de Alfonso Gómez,,,,https://www.digitalrealty.com/data-centers/emea/madrid/mad4,-3.629803,40.438402
WORLD,way,1498670679,,,,yes,data_center,,,,,,-97.298298,31.057523
WORLD,way,1499403710,,,,yes,data_center,,,,,,112.501243,34.632872
WORLD,way,1499403711,,,,yes,data_center,,,,,,112.502578,34.633075
WORLD,way,1501120016,Google,Google,,yes,data_center,,,,,,-82.687551,39.724114
WORLD,way,1501436323,Amazon Web Services,Amazon Web Services,,industrial,data_center,Lewis and Clark Drive,Boardman,,,,-119.619726,45.853876
WORLD,way,1501436324,Amazon Web Services,Amazon Web Services,,industrial,data_center,Lewis and Clark Drive,Boardman,,,,-119.619727,45.855234
WORLD,way,1501455347,Amazon Web Services,Amazon Web Services,,industrial,data_center,East Penney Avenue,Hermiston,,,,-119.268665,45.811745
WORLD,way,1501455348,Amazon Web Services,Amazon Web Services,,industrial,data_center,East Penney Avenue,Hermiston,,,,-119.268669,45.810381
WORLD,way,1501456882,Amazon Web Services,Amazon Web Services,,industrial,data_center,East Penney Avenue,Hermiston,,,,-119.278247,45.81121
WORLD,way,1501805557,Crane DC - Portland,Crane Data Centers Inc.,,,data_center,Heather Street,Forest Grove,,,https://www.cranedc.com/data-centers/oregon-data-center,-123.078828,45.514787
WORLD,way,1501824326,Percheron DC,Rowan Green Data LLC,,,data_center,,,,,,-119.826235,45.711318
WORLD,way,1501824327,Percheron DC,Rowan Green Data LLC,,,data_center,,,,,,-119.824764,45.711934
WORLD,way,1501824328,Percheron DC,Rowan Green Data LLC,,,data_center,,,,,,-119.822273,45.708272
WORLD,way,1501824329,Percheron DC,Rowan Green Data LLC,,,data_center,,,,,,-119.821212,45.709321
WORLD,way,1501825871,NYGC Chateaugay,2CRSi,,,data_center,,,,,,-74.072881,44.893006
WORLD,way,1502710557,Vantage Data Centers TX22,Vantage Data Centers,,yes,data_center,Rogers Road,San Antonio,,,,-98.697701,29.479085
WORLD,way,1502711381,Microsoft,Microsoft,,yes,data_center,,,,,,-98.698835,29.47022
WORLD,way,1504463315,MDC,,,yes,data_center,Cedar Oak Drive,El Paso,,,,-106.309926,31.750007
WORLD,way,1505120011,Microsoft MAD02,Microsoft,,data_center,data_center,,,,,,-3.613675,40.549084
WORLD,way,1508043704,東京第6データセンター,NTTドコモビジネス,,,data_center,,,,,,139.766704,35.739509
WORLD,way,1509567732,,,,,data_center,,,,,,101.672312,3.060153
WORLD,way,1509985717,,,,residential,data_center,,,,,,-77.539252,38.76138
WORLD,way,1510273482,NTT DC3,NTT,,,data_center,,,,,,77.757839,13.038656
WORLD,way,1510420026,,,,yes,data_center,,,,,,-87.896846,42.673321
WORLD,way,1510517629,,amazon web services,,yes,data_center,,,,,,-119.858904,45.809828
WORLD,way,1510517630,Google,Google,,yes,data_center,,,,,,-121.208428,45.624777
WORLD,way,1510517631,Amazon Web Services,Amazon Web Services,,yes,data_center,,,,,,-90.187839,32.411934
WORLD,way,1510517632,Amazon Web Services,Amazon Web Services,,yes,data_center,,,,,,-90.18952,32.411933
WORLD,way,1510517633,Amazon Web Services,Amazon Web Services,,yes,data_center,,,,,,-90.190546,32.411951
WORLD,way,1510517634,Amazon Web Services,Amazon Web Services,,yes,data_center,,,,,,-90.192234,32.411935
WORLD,way,1510517635,QTS,Quality Technology Services,,yes,data_center,,,,,,-84.523676,33.462293
WORLD,way,1510517636,QTS,Quality Technology Services,,yes,data_center,,,,,,-84.529184,33.463993
WORLD,way,1510517637,,,,yes,data_center,,,,,,-77.539965,38.775174
WORLD,way,1510517638,Amazon Web Services,Amazon Web Services,,yes,data_center,,,,,,-77.581973,38.789376
WORLD,way,1510517639,Amazon Web Services,Amazon Web Services,,yes,data_center,,,,,,-77.579686,38.789456
WORLD,way,1510517640,Amazon Web Services,Amazon Web Services,,yes,data_center,,,,,,-77.497342,38.746667
WORLD,way,1510517641,Amazon Web Services,Amazon Web Services,,yes,data_center,,,,,,-77.494786,38.747641
WORLD,way,1510517642,Amazon Web Services,Amazon Web Services,,yes,data_center,,,,,,-77.49301,38.749547
WORLD,way,1511262965,VNPT IDC Nam Thăng Long,VNPT,,yes,data_center,,,,,,105.758338,21.080569
WORLD,way,1511262966,VNPT IDC Hòa Lạc,VNPT,,yes,data_center,,,,,,105.532068,20.999843
WORLD,way,1511346535,Trung tâm Dữ liệu Thăng Long,GDS,,yes,data_center,,,,,,105.771744,21.110151
WORLD,way,1511639842,,,,yes,data_center,,,,,,-103.806272,31.532749
WORLD,way,1511639843,,,,yes,data_center,,,,,,-103.805229,31.532749
WORLD,way,1511639844,,,,yes,data_center,,,,,,-103.804192,31.532761
WORLD,way,1511639845,,,,yes,data_center,,,,,,-103.800415,31.533345
WORLD,way,1512831992,,,,yes,data_center,Huurrekuja,Tuusula,,2,,25.031032,60.34181
WORLD,way,1512831993,,,,yes,data_center,Huurrekuja,Tuusula,,2,,25.031378,60.341485
WORLD,way,1513970890,,,,yes,data_center,,,,,,37.745471,10.329884
WORLD,way,1517230843,Switch Datacenters AMS2,Switch,AMS2,commercial,data_center,,,,5,https://switchdatacenters.com/news/sites/ams2/,4.892569,52.082469
WORLD,way,1518717349,Digital Realty Northern Virginia IAD40,Digital Realty,IAD40,data_center,data_center,Round Table Plaza,Ashburn,,,,-77.468305,39.00627
WORLD,way,1518761569,Vantage VA14,Vantage Data Centers,VA14,yes,data_center,Vantage Data Plaza,Sterling,,,,-77.439385,39.002889
WORLD,way,1519367009,Information Systems Facility,WSMR,120-123,yes,data_center,Aberdeen Avenue,White Sands,,,,-106.481066,32.380506
WORLD,way,1521913706,,,,data_center,data_center,Redskin Drive,Herndon,,,,-77.426712,38.935591
WORLD,way,1521913707,,,,data_center,data_center,Redskin Drive,Herndon,,,,-77.425806,38.937292
WORLD,way,1522636324,Equinix Ashburn DC22,Equinix,DC22,data_center,data_center,Beaumeade Circle,Ashburn,,,,-77.453772,39.013391
WORLD,way,1524226648,CANTV Vista Hermosa,CANTV,,,data_center,,,,,,-63.53732,8.107121
WORLD,way,1524568557,,,,yes,data_center,,,,,,113.758468,34.806671
WORLD,way,1525436762,Digital Realty,Digital Realty,,yes,data_center,Ferris Road,,,,,-96.650158,32.97443
WORLD,way,1526411563,,Stack Infrastructure,ZUR02,data_center,data_center,Industriestrasse,Beringen,CH,,,8.584546,47.693116
WORLD,way,1526887015,,Altice,,,data_center,,,,,,-9.324495,38.781267
WORLD,way,1528126128,万国数据广州南沙数据中心,,,,data_center,,广州市,CN,,,113.531736,22.727289
WORLD,way,1528131967,,,,yes,data_center,,,,,,24.000807,60.176624
WORLD,way,1528887658,"Landmax Data Systems, Inc",,,yes,data_center,E Henrietta Rd,Rush,,,,-77.64583,42.997217
WORLD,way,1530196328,DataBank SLC6,DataBank,SLC6,yes,data_center,South Pony Express Road,Bluffdale,,,https://www.databank.com/data-centers/salt-lake-city/granite-point-campus/slc6/,-111.906361,40.480618
WORLD,way,1530197817,Digital Realty,Digital Realty,,yes,data_center,,,,,,-96.650123,32.976438
WORLD,way,1530199676,NTT,NTT,,yes,data_center,,,,,,-96.658379,32.979531
WORLD,way,1530200859,Aligned  DFW-02,Aligned,DFW-02,yes,data_center,Summit Avenue,Plano,,,https://aligneddc.com/dallas-data-centers/,-96.675135,33.009003
WORLD,way,1530904296,Vantage Warsaw WAW1,Vantage Data Centers,,,data_center,Zgrupowania AK „Kampinos”,Warszawa,,,https://vantage-dc.com/data-center-locations/emea/warsaw-poland/,20.921594,52.293044
WORLD,way,1530966366,,,,data_center,data_center,,,,,,-99.776246,32.499988
WORLD,way,1530966367,,,,data_center,data_center,,,,,,-99.777351,32.499975
WORLD,way,1530966368,,,,data_center,data_center,,,,,,-99.776672,32.499053
WORLD,way,1530966369,,,,data_center,data_center,,,,,,-99.77621,32.498125
WORLD,way,1530966370,,,,data_center,data_center,,,,,,-99.77731,32.49811
WORLD,way,1530966371,,,,data_center,data_center,,,,,,-99.779311,32.498095
WORLD,way,1530966372,,,,data_center,data_center,,,,,,-99.780416,32.498086
WORLD,way,1530966373,,,,data_center,data_center,,,,,,-99.779985,32.499021
WORLD,way,1530966374,,,,data_center,data_center,,,,,,-99.780441,32.499949
WORLD,way,1530966375,,,,data_center,data_center,,,,,,-99.779342,32.49996
WORLD,way,1530966376,,,,data_center,data_center,,,,,,-99.782465,32.499955
WORLD,way,1530966377,,,,data_center,data_center,,,,,,-99.783569,32.499942
WORLD,way,1530966378,,,,data_center,data_center,,,,,,-99.782891,32.49902
WORLD,way,1530966379,,,,data_center,data_center,,,,,,-99.782429,32.498092
WORLD,way,1530966380,,,,data_center,data_center,,,,,,-99.783528,32.498077
WORLD,way,1530966381,,,,data_center,data_center,,,,,,-99.785507,32.498049
WORLD,way,1530966382,,,,data_center,data_center,,,,,,-99.786612,32.498041
WORLD,way,1530966383,,,,data_center,data_center,,,,,,-99.786181,32.498975
WORLD,way,1530966384,,,,data_center,data_center,,,,,,-99.786637,32.499904
WORLD,way,1530966385,,,,data_center,data_center,,,,,,-99.785538,32.499915
WORLD,way,1530966386,,,,data_center,data_center,,,,,,-99.791168,32.498463
WORLD,way,1530966387,,,,data_center,data_center,,,,,,-99.792273,32.49845
WORLD,way,1530966388,,,,data_center,data_center,,,,,,-99.791594,32.497527
WORLD,way,1530966389,,,,data_center,data_center,,,,,,-99.791132,32.4966
WORLD,way,1530966390,,,,data_center,data_center,,,,,,-99.792231,32.496585
WORLD,way,1530966391,,,,data_center,data_center,,,,,,-99.794457,32.496564
WORLD,way,1530966392,,,,data_center,data_center,,,,,,-99.795562,32.496555
WORLD,way,1530966393,,,,data_center,data_center,,,,,,-99.795131,32.497489
WORLD,way,1530966394,,,,data_center,data_center,,,,,,-99.795587,32.498418
WORLD,way,1530966395,,,,data_center,data_center,,,,,,-99.794488,32.498429
WORLD,way,1532070752,PHX-12,Microsoft,PHX-12,yes,data_center,West Broadway Road,Goodyear,,,,-112.364866,33.410234
WORLD,way,1532070753,PHX-13,Microsoft,PHX-13,yes,data_center,West Broadway Road,Goodyear,,,,-112.364854,33.411544
WORLD,way,1532070754,PHX-14,Microsoft,PHX-14,yes,data_center,West Broadway Road,Goodyear,,,,-112.364864,33.412796
WORLD,way,1532330380,,,,,data_center,,,,,,-9.021333,38.911811
WORLD,way,1532398543,Altia Datacenter,Altia,,yes,data_center,,,,,,-8.691427,42.16678
WORLD,way,1532557143,云浮云计算数据中心,,,yes,data_center,,,,,,112.148042,23.041646
WORLD,way,1533148730,Vantage TX11,Vantage Data Centers,,yes,data_center,Omicron Drive,San Antonio,,,,-98.790187,29.416857
WORLD,way,1533148752,,,,yes,data_center,,,,,,-98.786424,29.415797
WORLD,way,1533349843,Vantage TX12,Vantage Data Centers,,yes,data_center,Omicron Drive,San Antonio,,,,-98.788866,29.415598
WORLD,way,1533349844,Vantage TX12,Vantage Data Centers,,yes,data_center,Omicron Drive,San Antonio,,,,-98.789751,29.415167
WORLD,way,1533350872,Microsoft,Microsoft,,yes,data_center,,,,,,-98.802904,29.41896
WORLD,way,1533392812,Microsoft SAT 80,Microsoft,,yes,data_center,FM1957,San Antonio,,,,-98.876655,29.429191
WORLD,way,1533392813,Microsoft SAT 81,Microsoft,,yes,data_center,FM1957,San Antonio,,,,-98.876653,29.427998
WORLD,way,1533392814,Microsoft SAT 82,Microsoft,,yes,data_center,FM1957,San Antonio,,,,-98.876638,29.426654
WORLD,way,1533569827,Microsoft JKT09,Microsoft,JKT09,yes,data_center,,,,,,107.25202,-6.377737
WORLD,way,1533569828,Amazon Web Services,Amazon Web Services,CGK Margamulya,yes,data_center,,,,,,107.253857,-6.383677
WORLD,way,1533569829,Microsoft JKT02,Microsoft,JKT02,yes,data_center,,,,,,107.262214,-6.389944
WORLD,way,1533569830,DCI Indonesia H2-02,DCI Indonesia,H2-02,yes,data_center,,,,10,,107.250381,-6.40787
WORLD,way,1533569831,Microsoft JKT05,Microsoft,JKT05,yes,data_center,,,,,,107.192879,-6.372338
WORLD,way,1533569832,Microsoft JKT11,Microsoft,JKT11,yes,data_center,,,,,,107.19331,-6.374156
WORLD,way,1533569833,Amazon Web Services,Amazon Web Services,CGK Sukamahi,yes,data_center,,,,,,107.189873,-6.378449
WORLD,way,1533569834,Princeton Digital JC3,Princeton Digital Group,JC3,yes,data_center,,,,,,107.190291,-6.374671
WORLD,way,1533569835,Digital Hyperspace Jakarta,Digital Hyperspace Indonesia,,yes,data_center,,,,,,107.191972,-6.370178
WORLD,way,1533569836,STT Jakarta 1,Singapore Technologies Telemedia,Jakarta 1,yes,data_center,,,,,,107.201067,-6.37401
WORLD,way,1533569837,Amazon Web Services,Amazon Web Services,CGK Kutanegara,yes,data_center,,,,,,107.355543,-6.420064
WORLD,way,1534114833,,,,yes,data_center,,,,,,-104.71765,41.142297
WORLD,way,1534356804,,,,construction,data_center,,,,,,-77.446428,39.005242
WORLD,way,1534356805,,,,construction,data_center,,,,,,-77.448579,39.003486
WORLD,way,1534758773,Datacenter,,,yes,data_center,,,,,,-67.905588,46.939993
WORLD,way,1535147042,,,,yes,data_center,,,,,,-2.370622,53.449965
WORLD,way,1535715798,Data Foundry,,,yes,data_center,,,,,,-95.424198,29.945128
WORLD,way,1535741153,,Vantage Data Centers,,yes,data_center,Fabrikstrasse,Winterthur,,,,8.760674,47.500212
WORLD,way,1535752110,Vantage Data Centers TX21,Vantage Data Centers,,yes,data_center,Rogers Road,San Antonio,,,,-98.697525,29.477374
WORLD,way,1536001833,NTT,NTT,,yes,data_center,,,,,,80.166779,13.099009
WORLD,way,1536001834,NTT DC building 1,NTT,,yes,data_center,,,,,,80.166782,13.099255
WORLD,way,1536001835,NTT DC building 2,NTT,,yes,data_center,,,,,,80.166757,13.09857
WORLD,way,1536001836,Digital Connexion DC,Reliance,,yes,data_center,,,,,,80.164415,13.100325
WORLD,way,1536001837,CtrlS Data Center Chennai,CtrlS,,yes,data_center,,,,14,https://www.ctrls.com/datacenter-chennai/,80.162616,13.107883
WORLD,way,1536001839,Iron Mountain Data Centers,Iron Mountain,,yes,data_center,,,,,,80.168223,13.100481
WORLD,way,1536001840,Iron Mountain CHN-1 DC,Iron Mountain,,yes,data_center,,,,,,80.168783,13.100438
WORLD,way,1536001841,Iron Mountain CHN-2 DC,Iron Mountain,,yes,data_center,,,,,,80.168007,13.100536
WORLD,way,1536001842,Colt Data Center,Colt,,yes,data_center,,,,,,80.163305,13.091439
WORLD,way,1536086683,,,,yes,data_center,,,,,,-103.449123,31.513432
WORLD,way,1536086684,,,,yes,data_center,,,,,,-103.448667,31.513879
WORLD,way,1536981894,Amazon Web Services,Amazon Web Services,,yes,data_center,,,,,,-77.186173,38.741982
WORLD,way,1537390734,,,,yes,data_center,,,,,,-98.644087,29.445246
WORLD,way,1537390735,,,,yes,data_center,,,,,,-98.644251,29.445041
WORLD,way,1537390736,,,,yes,data_center,,,,,,-98.644404,29.444851
WORLD,way,1537390737,,,,yes,data_center,,,,,,-98.644556,29.444662
WORLD,way,1537390738,,,,yes,data_center,,,,,,-98.64471,29.444475
WORLD,way,1537390739,,,,yes,data_center,,,,,,-98.644861,29.444286
WORLD,way,1537390740,,,,yes,data_center,,,,,,-98.643546,29.444908
WORLD,way,1537390741,,,,yes,data_center,,,,,,-98.64371,29.4447
WORLD,way,1537390742,,,,yes,data_center,,,,,,-98.643863,29.444513
WORLD,way,1537390743,,,,yes,data_center,,,,,,-98.644015,29.444327
WORLD,way,1537390744,,,,yes,data_center,,,,,,-98.644168,29.444138
WORLD,way,1537390745,,,,yes,data_center,,,,,,-98.644318,29.44395
WORLD,way,1537390746,,,,yes,data_center,,,,,,-98.643813,29.44507
WORLD,way,1537390747,,,,yes,data_center,,,,,,-98.643979,29.444864
WORLD,way,1537390748,,,,yes,data_center,,,,,,-98.644131,29.44468
WORLD,way,1537390749,,,,yes,data_center,,,,,,-98.644282,29.444488
WORLD,way,1537390750,,,,yes,data_center,,,,,,-98.644434,29.444302
WORLD,way,1537390751,,,,yes,data_center,,,,,,-98.644585,29.444115
WORLD,way,1539600946,,,,yes,data_center,,,,,,-79.814126,41.270938
WORLD,way,1539600947,,,,yes,data_center,,,,,,-79.813954,41.27094
WORLD,way,1539600948,,,,yes,data_center,,,,,,-79.814129,41.271045
WORLD,way,1539600949,,,,yes,data_center,,,,,,-79.81396,41.271048
WORLD,way,1539600950,,,,yes,data_center,,,,,,-79.813962,41.271168
WORLD,way,1539600951,,,,yes,data_center,,,,,,-79.814131,41.271165
WORLD,way,1539600952,,,,yes,data_center,,,,,,-79.814138,41.271276
WORLD,way,1539600953,,,,yes,data_center,,,,,,-79.813966,41.271278
WORLD,way,1539600954,,,,yes,data_center,,,,,,-79.813552,41.271852
WORLD,way,1539600955,,,,yes,data_center,,,,,,-79.813383,41.271855
WORLD,way,1539600956,,,,yes,data_center,,,,,,-79.81338,41.271741
WORLD,way,1539600957,,,,yes,data_center,,,,,,-79.813551,41.271737
WORLD,way,1539600958,,,,yes,data_center,,,,,,-79.813545,41.271625
WORLD,way,1539600959,,,,yes,data_center,,,,,,-79.813375,41.271628
WORLD,way,1539600960,,,,yes,data_center,,,,,,-79.813544,41.271511
WORLD,way,1539600961,,,,yes,data_center,,,,,,-79.813372,41.271514
WORLD,way,1539600962,,,,yes,data_center,,,,,,-79.813368,41.271401
WORLD,way,1539600963,,,,yes,data_center,,,,,,-79.81354,41.271398
WORLD,way,1539600964,,,,yes,data_center,,,,,,-79.813534,41.271285
WORLD,way,1539600965,,,,yes,data_center,,,,,,-79.813365,41.271288
WORLD,way,1539600966,,,,yes,data_center,,,,,,-79.813532,41.271172
WORLD,way,1539600967,,,,yes,data_center,,,,,,-79.813363,41.271175
WORLD,way,1539600968,,,,yes,data_center,,,,,,-79.813528,41.271058
WORLD,way,1539600969,,,,yes,data_center,,,,,,-79.813361,41.271061
WORLD,way,1539600971,,,,yes,data_center,,,,,,-79.812836,41.271995
WORLD,way,1539600972,,,,yes,data_center,,,,,,-79.812839,41.272096
WORLD,way,1539603377,,,,yes,data_center,,,,,,-79.8125,41.272127
WORLD,way,1539603378,,,,yes,data_center,,,,,,-79.812359,41.272162
WORLD,way,1539603379,,,,yes,data_center,,,,,,-79.812522,41.272317
WORLD,way,1539603380,,,,yes,data_center,,,,,,-79.812354,41.272319
WORLD,way,1539603381,,,,yes,data_center,,,,,,-79.812845,41.272389
WORLD,way,1539603382,,,,yes,data_center,,,,,,-79.812846,41.272284
WORLD,way,1540030566,Google Datacenter,Google,,yes,data_center,,,,,,4.574286,50.437647
WORLD,way,1540172608,,,,yes,data_center,,,,,,-86.622169,34.857615
WORLD,way,1540172612,,,,yes,data_center,,,,,,-86.626173,34.851077
WORLD,way,1540942790,,SSE,,service,data_center,Martin Road,Havant,,,,-0.975679,50.866419
WORLD,way,1543080891,Redwire,,,,data_center,,,,,,-0.309925,51.512813
WORLD,way,1543296494,Digital Realty Northern Virginia IAD44,Digital Realty,,yes,data_center,Efficiency Drive,Sterling,,,https://www.digitalrealty.com/data-centers/americas/northern-virginia/iad44,-77.490011,38.962625
WORLD,way,1543931282,Digital Realty ACC2,Digital Realty,ACC2,data_center,data_center,Chilum Place,Ashburn,,,,-77.459265,39.02157
WORLD,way,1543931283,Equinix Ashburn DC17,Equinix,DC17,data_center,data_center,Performance Circle,Ashburn,,4,,-77.453419,39.024891
WORLD,way,1544103415,,,,data_center,data_center,,,,,,-77.53574,38.957386
WORLD,way,1544103416,,,,data_center,data_center,,,,,,-77.533192,38.956635
WORLD,way,1544103564,,Ezditek,RUH01,yes,data_center,,,,,,46.713969,24.866954
WORLD,way,1544104138,,,,data_center,data_center,,,,,,-77.502614,38.958846
WORLD,way,1544360246,,,,data_center,data_center,,,,,,-77.459739,38.995994
WORLD,way,1544360247,,,,data_center,data_center,,,,,,-77.445984,38.995073
WORLD,way,1544360248,Vantage VA15,,,data_center,data_center,Pacific Boulevard,Sterling,,,,-77.441838,38.999336
WORLD,way,1544360249,QTS Ashburn 2,Quality Technology Services,DC2,data_center,data_center,Randolph Drive,Sterling,,,,-77.448997,38.99816
WORLD,way,1544360250,,,,construction,data_center,,,,,,-77.446773,39.003593
WORLD,way,1544372402,Equinix SY5b,Equinix,SY5,yes,data_center,,,,2,https://www.equinix.com/data-centers/asia-pacific-colocation/australia-colocation/sydney-data-centers/sy5,151.189825,-33.920141
WORLD,way,1544712660,Advanced Operations Center,University of Minnesota,,university,data_center,,,,,,-93.226389,44.97938
WORLD,way,1545590995,,,,industrial,data_center,,,,,,-86.098469,41.992979
WORLD,way,1545814424,Atlas Powr Williston Datacenter,Atlas Power Holdings (ND) LLC,,,data_center,,,,,,-103.772787,48.14626
WORLD,way,1545872018,Verizon UK5,Verizon,,data_center,data_center,St. Pancras Way,London,,,,-0.132131,51.53771
WORLD,way,1545965488,Datenverarbeitungszentrum Mecklenburg-Vorpommern,,,,data_center,,,,,,11.381107,53.646975
WORLD,way,1547603657,Stack Infrastructure MEL01C,Stack Infrastructure,MEL01C,yes,data_center,Palmers Road,,,,https://www.stackinfra.com/locations/asia-pacific/melbourne/mel01/,144.747435,-37.82131
WORLD,way,1547603658,Stack Infrastructure MEL01D,Stack Infrastructure,MEL01D,yes,data_center,Palmers Road,,,,https://www.stackinfra.com/locations/asia-pacific/melbourne/mel01/,144.747379,-37.821768
WORLD,way,1547605821,Amazon Web Services,Amazon Web Services,,yes,data_center,Shakamaker Drive,,,,,144.599868,-37.701399
WORLD,way,1547829413,,,,yes,data_center,,,,,,-103.238549,31.103474
WORLD,way,1547829414,,,,yes,data_center,,,,,,-103.238376,31.103665
WORLD,way,1548035623,Meta,Meta,4,yes,data_center,Messenger Loop NW,Los Lunas,,,,-106.782488,34.825842
WORLD,way,1548060501,,,,industrial_plant,data_center,,,,,,-3.250606,55.925107
WORLD,way,1548103798,,,,yes,data_center,,,,,,22.87034,62.804243
WORLD,way,1548299377,Транстелеком,,,yes,data_center,,,,,,73.156038,49.821357
WORLD,way,1548531688,Perun,Slovenská akadémia vied,,,data_center,,,,,,17.072346,48.167609
WORLD,way,1548790798,QazCloud,,,yes,data_center,,,,,,71.37786,50.999745
WORLD,way,1549253249,,,,,data_center,,,,,,-74.279307,40.042705
WORLD,way,1549253250,,,,,data_center,,,,,,-74.278956,40.046273
WORLD,way,1549410717,西東京データセンター 1号棟,,,yes,data_center,,,,5,,139.534539,35.717015
WORLD,way,1550210704,,,,,data_center,,,,,,113.751385,40.296947
WORLD,way,1550506467,,中国移动通信集团湖南有限公司,B04,data_center,,,,,,,113.169406,27.972463
WORLD,way,1550506468,,中国移动通信集团湖南有限公司,B03,data_center,,,,,,,113.169763,27.971487
WORLD,way,1550506469,,中国移动通信集团湖南有限公司,A01,data_center,,,,,,,113.169888,27.971016
WORLD,way,1550506470,,中国移动通信集团湖南有限公司,B01,data_center,,,,,,,113.170176,27.970378
WORLD,way,1550506471,,中国移动通信集团湖南有限公司,B02,data_center,,,,,,,113.170545,27.969431
WORLD,way,1550636376,,,,data_center,,,,,,,-71.347398,46.790161
WORLD,way,1551029155,Troll Housing,Troll Housing AS,,,data_center,Klempertåsvegen,Elnesvågen,,,https://www.trollhousing.no/,7.108773,62.862472
WORLD,way,1551100328,,,,warehouse,data_center,,,,,,-2.639292,53.475024
WORLD,way,1552255808,,Nabiax,,data_center,,,,,,https://nabiax.com/nuestros-data-centers/espana/alcala-data-center/,-3.341042,40.51815
WORLD,way,1552260708,N3,Nabiax,,data_center,,,,,,https://nabiax.com/nuestros-data-centers/espana/julian-camarillo/,-3.629577,40.43371
WORLD,way,1552427895,,The Putney School,,shed,data_center,,,,,,-72.551756,42.987627
WORLD,way,1553111324,Ada Infrastructure TKW1-2,,,yes,data_center,,,,,,139.401857,35.609669
WORLD,way,1553664622,Centro de datos Terranova,,,,data_center,,,,,,-100.618473,20.90991
WORLD,way,1553894888,DataOne Vineland,Nebius,,yes,data_center,,,,,,-75.016862,39.427513
WORLD,way,1554826321,Omaha Switch,Cogent Communications,,,data_center,South 7th Street,Omaha,US,,https://www.cogentco.com/en/cogent-great-plains/550-gpl-office/4618-omaha-dc,-95.925964,41.251748
WORLD,way,1555352690,EdgeCore Ashburn AS01,,,data_center,data_center,Maries Road,Sterling,,,https://edgecore.com/locations/ashburn-data-center,-77.414703,39.021789
WORLD,way,1555352691,Amazon Web Services IAD128,Amazon Web Services,IAD128,data_center,data_center,Maries Road,Sterling,,,,-77.416713,39.022964
WORLD,way,1556563623,,,,yes,data_center,,,,,,44.852542,36.263054
WORLD,relation,67930,Telekom Data-Center,,,data_center,,,,,4,,11.598179,48.151524
WORLD,relation,1074421,Euclyde DC1,Euclyde,,yes,data_center,Rue Émile Hugues,,,,,7.075538,43.604608
WORLD,relation,1190245,Digital Realty Paris PAR6,Digital Realty,PAR6,data_center,data_center,,,,,https://www.digitalrealty.com/data-centers/emea/paris/par6,2.404822,48.817032
WORLD,relation,1314773,,TE Connectivety,,data_center,data_center,,,,,,8.59822,50.129878
WORLD,relation,1526344,Digital Realty FRA18 -22,Digital Realty,,commercial,data_center,Hugo-Junkers-Straße,Frankfurt am Main,,,,8.75181,50.125452
WORLD,relation,1547056,,Airbus,,yes,data_center,,,,,,1.969371,48.797674
WORLD,relation,1604367,Datacenter IBM,IBM,,yes,data_center,,,,,,2.672565,48.830862
WORLD,relation,1701662,"OVHcloud, Centre de données de Beauharnois",OVHcloud,,data_center,data_center,,,,,,-73.89401,45.308611
WORLD,relation,2171258,Interxion CPH02,,,data_center,,,,,,,12.376296,55.726538
WORLD,relation,2199387,ekom21,,,commercial,data_center,Carlo-Mierendorff-Straße,Gießen,DE,,,8.660823,50.599183
WORLD,relation,2744301,Chirisa Technology Parks - Piscataway,Chirisa Technology Parks,,yes,data_center,,,,,,-74.496521,40.544255
WORLD,relation,3358244,Centre Régional de Ressources Informatiques (CRRI),Université Clermont Auvergne,,data_center,data_center,,,,,http://crri.clermont-universite.fr/,3.109308,45.762769
WORLD,relation,3590806,,,,data_center,data_center,,,,,,6.858265,53.437298
WORLD,relation,3718269,CINES,,,yes,data_center,,,,,https://www.cines.fr/,3.84222,43.636151
WORLD,relation,3820004,,,,yes,data_center,,,,,,-0.311701,43.320217
WORLD,relation,3945245,Eurofiber data center Utrecht 1,Eurofiber,,data_center,data_center,,,,,https://www.eurofibercloudinfra.com/en/about-us/data-centers-netherlands,5.143985,52.123237
WORLD,relation,4510018,,Google,LPP,data_center,data_center,,Hamina,FI,,,27.116801,60.536775
WORLD,relation,4645970,OVHcloud - Hillsboro,OVHcloud,HIL1,industrial,data_center,Northeast 25th Avenue,Hillsboro,,,https://us.ovhcloud.com/,-122.955897,45.534059
WORLD,relation,5888279,SFR,SFR,,yes,data_center,,,,2,,2.208654,48.782904
WORLD,relation,6125296,Digital Realty Stockholm STO1-STO5,Digital Realty,,industrial,data_center,,,,,https://www.digitalrealty.com/data-centers/emea/stockholm,17.916602,59.422157
WORLD,relation,6409888,DXC Technology Company,,,data_center,data_center,,,,,,8.432337,49.97842
WORLD,relation,6796766,CSquare London LHR3,CSquare,LHR3,data_center,data_center,,,,2,,-0.887381,51.437346
WORLD,relation,6796887,Datum Farnborough Data Centre,Datum,FRN1,data_center,data_center,,,,,,-0.796057,51.280585
WORLD,relation,7129758,TIER IV,TIM,,yes,data_center,Via di Macchia Palocco,Roma,IT,,,12.344454,41.764541
WORLD,relation,7500355,"Селектел ""Дубровка""",,,,data_center,,,,,,30.934247,59.83454
WORLD,relation,7513782,Höchstleistungsrechenzentrum der Universität Stuttgart,,,university,data_center,Nobelstraße,Stuttgart,DE,2,https://www.hlrs.de/,9.097317,48.739486
WORLD,relation,7548459,Gebäude 94/95,Universität Osnabrück,94;95,university,data_center,,,,,,8.022054,52.285594
WORLD,relation,7574828,Datahouse,,,yes,data_center,1-я Магистральная улица,,,,,37.524498,55.769735
WORLD,relation,8012396,LCL Wallonia One,LCL,Wallonia One,data_center,data_center,,,,,https://www.lcl.be/,4.717555,50.503162
WORLD,relation,8247494,Star of Bosphorus Veri Merkezi,NGN,,data_center,data_center,Hidayet Caddesi,Tuzla,TR,,http://www.starofbosphorus.com.tr/,29.403063,40.891307
WORLD,relation,8834520,IXcellerate South MOS5,IXcellerate,MOS5,data_center,data_center,улица Подольских Курсантов,,,,https://www.ixcellerate.com/data-centers/moscow-south-campus/,37.643998,55.603021
WORLD,relation,9491932,Invitech DC10,Invitech Megoldások Zrt.,DC10,data_center,data_center,Kozma utca,Budapest,,,,19.181199,47.485692
WORLD,relation,9701471,Free Pro - Datacenter Limonest (LYO02 - DCForData),Free Pro (Ex. Jaguar Network - DCForData),,yes,data_center,,,,1,,4.772155,45.806681
WORLD,relation,10132610,SES - Hawley Earth Station,SES,,yes,data_center,,,,,,-75.129419,41.464815
WORLD,relation,11087732,Datacenter BNP Paribas Marne Est 1,BNP Paribas,,data_center,data_center,,,,,,2.802099,48.835812
WORLD,relation,11982077,VegaSystems NCPB,VegaSystems,,office,data_center,Halberstädter Straße,Paderborn,DE,,https://www.ncpb.de,8.736386,51.680984
WORLD,relation,12901583,Liberty Center One,,,yes,data_center,Delemere Avenue,Royal Oak,,,https://www.libertycenterone.com/,-83.177489,42.533481
WORLD,relation,13018876,NTT Global Datacenters Frankfurt 4,NTT,Frankfurt 4,,data_center,,,,,https://services.global.ntt/de-de/services-und-produkte/global-data-centers/globale-standorte/emea/frankfurt-4-data-center,8.485322,50.062158
WORLD,relation,13400606,"Центр обработки данных ""Авантаж""",MTS Group,,,data_center,,,,,,37.956837,55.567902
WORLD,relation,13642887,TELECOM,,,yes,data_center,,,,1,,-75.122022,9.71563
WORLD,relation,13829451,,Bouygues Télécom,,yes,data_center,,,,,,3.867689,43.583617
WORLD,relation,14338135,CloudDC,"ООО ИК ""Сибинтек""",,,data_center,,,,,,37.14911,56.009677
WORLD,relation,14367602,STACK Infrastructure OSL04,Stack Infrastructure,,,data_center,,,,,https://www.stackinfra.com,11.004645,59.632735
WORLD,relation,14662947,Datacenter TIM-Google,TIM - Google,,yes,data_center,,,,,,7.724765,44.97585
WORLD,relation,14930068,HPC,Sandia National Laboratories,880,yes,data_center,14th Street Southeast,,,,,-106.542801,35.049945
WORLD,relation,15884451,Barclays Datacenter,Barclays,,yes,data_center,,,,,,-74.285448,40.643789
WORLD,relation,16056450,Edgeconnex Dublin,EdgeConneX,,data_center,data_center,,,,,https://www.edgeconnex.com/locations/emea/dublin-ie/,-6.45398,53.327447
WORLD,relation,16256441,ЦОД Ростелеком,Rostelecom,,,data_center,,,,,,30.372565,59.972864
WORLD,relation,16282459,CyberNAP Glen Burnie,AiNET,,yes,data_center,,,,,,-76.60643,39.14023
WORLD,relation,16532317,DataPro Moscow II,DataPro,II,,data_center,,,,,,37.433819,55.879402
WORLD,relation,17163450,Яндекс ДЦ Владимир,Yandex,Vladimir,,data_center,улица Энергетиков,Владимир,,,,40.189401,56.101838
WORLD,relation,17995325,Verne Global Campus,,,,data_center,,,,,,-22.576784,63.976848
WORLD,relation,18217492,Pulsant Edinburgh SC-1,,,,data_center,,,,,,-3.293393,55.92976
WORLD,relation,18736971,２Ａ棟,AirTrunk,ATTOK2A,yes,data_center,,青梅市,,2,https://airtrunk.com/location/tok2-west-tokyo/,139.319553,35.791234
WORLD,relation,19187352,Vantage Data Centers,Vantage Data Centers,QC2,,data_center,,,,,,-71.30511,46.795077
WORLD,relation,19390019,Dakota Carrier Network,,,commercial,data_center,,,,,,-96.844314,46.815102
WORLD,relation,19402810,DigiCo BNE1,DigiCo,BNE1,yes,data_center,Cycas Lane,,,,https://www.digi-co.com.au/location/brisbane-bne1/,153.091456,-27.415833
WORLD,relation,19402811,DigiCo BNE2,DigiCo,BNE2,yes,data_center,Cycas Lane,,,,https://www.digi-co.com.au/location/brisbane-bne2/,153.092172,-27.416599
WORLD,relation,19660889,BNP Paribas (Hello Bank!),,,,data_center,,,,,,2.802556,48.836688
WORLD,relation,19787207,Microsoft Data Center 1,Microsoft,1,yes,data_center,University Boulevard,Gainesville,,,,-77.582306,38.80237
WORLD,relation,21073054,IONIC Digital Cedarvale,IONIC Digital,,,data_center,,,,,,-103.44854,31.513447
WORLD,relation,21121767,ICE02 Campus,atNorth,,,data_center,,,,,,-22.538532,63.963626
WORLD,relation,21225007,西東京データセンター 1号棟,,,yes,data_center,,,,5,,139.534539,35.717015
