source,locality,name,operator,operator_confidence,operator_raw,operator_osm,osm_ref,status,sq_ft,mw,utility,utility_confidence,utility_candidates,utility_boundary_m,self_generation,self_generation_source,parcel_id,zoning_case,lon,lat
loudoun_existing,Loudoun County,NOKES PLAZA,Peterson/Medina,matched_osm_differs,MEDINA DC 2 ASSETS LLC,Centersquare,IAD1-A,BUILT,88490,,Dominion (VEPCO),unambiguous,,4646,yes (air permit),DEQ 74164 [operating],030297084000,,-77.413159,39.023261
loudoun_existing,Loudoun County,NOKES PLAZA,Peterson/Medina,matched_osm_differs,MEDINA DC 2 ASSETS LLC,Centersquare,IAD1-B,BUILT,76811,,Dominion (VEPCO),unambiguous,,4605,yes (air permit),DEQ 74306 [planned],030391106000,,-77.415248,39.023877
loudoun_existing,Loudoun County,ALIGNED ENERGY,Aligned,matched,ALIGNED DATA CENTERS RELO PROPCO LLC,Aligned,IAD03,BUILT,372751,,Dominion (VEPCO),unambiguous,,1080,yes (air permit),DEQ 74247 [operating],045279612000,ZMAP-2022-0008,-77.440864,38.98852
loudoun_existing,Loudoun County,STAVERTON/SEVERN,Amazon Web Services,osm_tag,ELECTRIC BUILDING LLC,Amazon Web Services,IAD32,BUILT,36000,,Dominion (VEPCO),unambiguous,,4938,yes (air permit),DEQ 74114 [operating],042295813000,,-77.434731,39.021509
loudoun_existing,Loudoun County,BEAUMEADE,NTT / RagingWire,matched_osm_differs,RAGINGWIRE DATA CENTERS INC,NTT,VA1,BUILT,109320,,Dominion (VEPCO),unambiguous,,4139,yes (air permit),DEQ 73954 [operating],060298548000,ZRTD-2010-0005,-77.454865,39.022651
loudoun_existing,Loudoun County,BEAUMEADE,Equinix,osm_tag,BEAUMEADE TECHNOLOGY PARTNERS LLC,Equinix,DC10,BUILT,152504,,Dominion (VEPCO),unambiguous,,4145,yes (air permit),DEQ 74290 [planned],060108050000,,-77.45114,39.020877
loudoun_existing,Loudoun County,LOUDOUN TECH CENTER,Peterson/Medina,matched_osm_differs,MEDINA DC 2 ASSETS LLC,Centersquare,IAD1-C,BUILT,136482,,Dominion (VEPCO),unambiguous,,4468,yes (air permit),DEQ 74086 [operating],030399036000,,-77.412337,39.024797
loudoun_existing,Loudoun County,BEAUMEADE,Centersquare,osm_tag,MONTEREY DC ASSETS LLC,Centersquare,IAD4,BUILT,164405,,Dominion (VEPCO),unambiguous,,4141,yes (air permit),DEQ 73954 [operating],060202337000,,-77.453288,39.021935
loudoun_existing,Loudoun County,BROAD RUN TECHNOLOGY PARK,Verisign (enterprise),matched,VERISIGN INC,,,BUILT,136908,,Dominion (VEPCO),unambiguous,,2134,yes (air permit),DEQ 74315 [planned],044174648000,,-77.443685,38.997733
loudoun_existing,Loudoun County,DIGITAL REALTY CAMPUS 1,Digital Realty,matched_osm_differs,G I P STOUGHTON LLC,Amazon Web Services,,BUILT,135000,,Dominion (VEPCO),unambiguous,,1493,yes (air permit),DEQ 73355 [operating],089372808000,ZMAP-1989-0038,-77.485344,39.002684
loudoun_existing,Loudoun County,DIGITAL REALTY CAMPUS 1,Digital Realty,matched,DIGITAL DEVIN SHAFRON D LLC,Digital Realty,IAD14,BUILT,117000,,Dominion (VEPCO),unambiguous,,1606,yes (air permit),DEQ 73355 [operating],089367531000,ZMAP-1989-0038,-77.487219,39.003291
loudoun_existing,Loudoun County,SUMMIT AT DULLES,Amazon Web Services,osm_tag,FR SUMMIT LLC,Amazon Web Services,Amazon IAD12,BUILT,133620,,Dominion (VEPCO),unambiguous,,1262,yes (air permit),DEQ 73860 [operating],045159083000,,-77.447617,38.988722
loudoun_existing,Loudoun County,DIGITAL REALTY CAMPUS 1,Digital Realty,matched,GI TC DEVIN SHAFRON LLC,Digital Realty,,BUILT,133560,,Dominion (VEPCO),unambiguous,,1422,yes (air permit),DEQ 73868 [operating],089382215000,ZMAP-1989-0038,-77.481912,39.002852
loudoun_existing,Loudoun County,DIGITAL REALTY CAMPUS 1,Digital Realty,matched,DIGITAL DEVIN SHAFRON B LLC,Digital Realty,IAD12,BUILT,180000,,Dominion (VEPCO),unambiguous,,1359,yes (air permit),DEQ 73868 [operating],089278681000,ZMAP-1989-0038,-77.483322,39.001977
loudoun_existing,Loudoun County,DIGITAL LOUDOUN III (DIGITIAL REALITY CAMPUS 2),Digital Realty,matched,DIGITAL LOUDOUN 3 LLC,Digital Realty,IAD73,BUILT,1535869,,Dominion (VEPCO),unambiguous,,2104,,,062462761000,ZMAP-1998-0003,-77.466188,39.006618
loudoun_existing,Loudoun County,BEAUMEADE,Equinix,matched_osm_differs,EQUINIX LLC,H5 Data Centers,Ashburn,BUILT,69800,,Dominion (VEPCO),unambiguous,,3603,yes (air permit),DEQ 74276 [planned],061307725000,,-77.451358,39.014852
loudoun_existing,Loudoun County,ASHBURN CENTER NORTH,DataBank,osm_tag,ZCOLO LLC,DataBank,IAD3,BUILT,286800,,Dominion (VEPCO),unambiguous,,3067,yes (air permit),DEQ 73935 [operating],088481748000,ZMAP-1988-0270,-77.481725,39.017786
loudoun_existing,Loudoun County,PROLOGIS NOVA 1,Prologis,matched_osm_differs,DCT DULLES PHASE I LLC,Amazon Web Services,Amazon IAD230,UNDER CONSTRUCTION,243908,,Dominion (VEPCO),unambiguous,,1268,yes (air permit),DEQ 73860 [operating],045252512000,ZRTD-2021-0003,-77.449929,38.989596
loudoun_existing,Loudoun County,SUMMIT AT DULLES,Amazon Web Services,osm_tag,DCT DULLES PHASE II LLC,Amazon Web Services,Amazon IAD16,BUILT,75802,,Dominion (VEPCO),unambiguous,,1417,yes (air permit),DEQ 73860 [operating],045254455000,,-77.448817,38.990627
loudoun_existing,Loudoun County,SUMMIT AT DULLES,Amazon Web Services,osm_tag,DCT DULLES PHASE II LLC,Amazon Web Services,Amazon IAD15,BUILT,103045,,Dominion (VEPCO),unambiguous,,1526,yes (air permit),DEQ 73757 [operating],045358110000,,-77.448528,38.991734
loudoun_existing,Loudoun County,STAVERTON/SEVERN,Amazon Web Services,osm_tag,GI TC 45360 SEVERN WAY LLC,Amazon Web Services,IAD10,BUILT,126869,,Dominion (VEPCO),unambiguous,,5031,yes (air permit),DEQ 74114 [operating],042200988000,,-77.432888,39.021688
loudoun_existing,Loudoun County,ASHBURN VILLAGE,Amazon Web Services,osm_tag,DC-8-9-10 DE LLC,Amazon Web Services,,BUILT,321291,,Dominion (VEPCO),unambiguous,,4632,yes (air permit),DEQ 74049 [operating],060485060000,ZMAP-1984-0007,-77.458961,39.02907
loudoun_existing,Loudoun County,BEAUMEADE,NTT / RagingWire,matched_osm_differs,NTT GLOBAL DATA CENTERS AMERICAS INC,NTT,VA2,BUILT,123200,,Dominion (VEPCO),unambiguous,,4250,yes (air permit),DEQ 74094 [operating],060386530000,ZRTD-2015-0002,-77.457648,39.024891
loudoun_existing,Loudoun County,ASHBURN CORPORATE CENTER,Digital Realty,osm_tag,,Digital Realty,ACC2,BUILT,287980,,Dominion (VEPCO),unambiguous,,3781,yes (air permit),DEQ 73643 [operating],060182916000,,-77.460085,39.021126
loudoun_existing,Loudoun County,DIGITAL REALTY CAMPUS 1,Digital Realty,matched,,Digital Realty,IAD24,BUILT,240326,,Dominion (VEPCO),unambiguous,,1686,yes (air permit),DEQ 73355 [operating],089374763000,ZMAP-1989-0038,-77.484967,39.004656
loudoun_existing,Loudoun County,CONCORDE INDUSTRIAL PARK,Amazon Web Services,osm_tag,MCP 22745 & 22755 RELOCATION DRIVE LLC,Amazon Web Services,IAD58,BUILT,251091,,Dominion (VEPCO),unambiguous,,911,yes (air permit),DEQ 74064 [operating],045175529000,ZMAP-2012-0018,-77.442241,38.986499
loudoun_existing,Loudoun County,DIGITAL REALTY CAMPUS 1,Digital Realty,matched,DIGITAL LOUDOUN PKWY CTR NORTH LLC,Digital Realty,IAD36,BUILT,1140175,,Dominion (VEPCO),unambiguous,,1167,,,089291706000,ZMAP-2011-0006,-77.479198,39.000821
loudoun_existing,Loudoun County,QUANTUM PARK (VERIZON CAMPUS),Equinix,matched,EQUINIX LLC,Equinix,DC13,BUILT,108336,,Dominion (VEPCO),unambiguous,,2493,yes (air permit),DEQ 73935 [operating],088200644000,ZMAP-1998-0003,-77.475332,39.012595
loudoun_existing,Loudoun County,DULLES INTERNATIONAL,Centersquare,osm_tag,22810-22860 INTERNATIONAL DRIVE LLC,Centersquare,IAD2-A,BUILT,121008,,Dominion (VEPCO),unambiguous_near_boundary,,124,yes (air permit),DEQ 74109 [operating],034468458000,ZRTD-2011-0003,-77.424031,38.984171
loudoun_existing,Loudoun County,DULLES INTERNATIONAL,CyrusOne,osm_tag,C1 NORTHERN VIRGINIA - STERLING IV LLC,CyrusOne,CyrusOne Northern Virginia Sterling IV,BUILT,128521,,Dominion (VEPCO),unambiguous,,289,yes (air permit),DEQ 74109 [operating],034462865000,ZRTD-2011-0003,-77.425826,38.984666
loudoun_existing,Loudoun County,DIGITAL LOUDOUN IV,Digital Realty,matched,DIGITAL LOUDOUN IV LLC,Digital Realty,IAD43,BUILT,788982,,Dominion (VEPCO),unambiguous,,2583,,,044370416000,ZRTD-2017-0005,-77.452958,39.004549
loudoun_existing,Loudoun County,BEAUMEADE,COPT,matched_osm_differs,BCORE COPT DC-15 LLC,Amazon Web Services,IAD79,BUILT,447228,,Dominion (VEPCO),unambiguous,,4661,yes (air permit),DEQ 73954 [operating],060307119000,ZRTD-2011-0007,-77.451147,39.02639
loudoun_existing,Loudoun County,ST JOHN & BEAUMEADE,Amazon Web Services,osm_tag,BEAUMEADE LC PHASE III LLC,Amazon Web Services,IAD115,BUILT,147615,,Dominion (VEPCO),unambiguous,,3918,yes (air permit),DEQ 74150 [operating],041352218000,,-77.449786,39.036371
loudoun_existing,Loudoun County,ST JOHN & BEAUMEADE,Amazon Web Services,osm_tag,BEAUMEADE LC PHASE III LLC,Amazon Web Services,IAD114,BUILT,147615,,Dominion (VEPCO),unambiguous,,4014,yes (air permit),DEQ 74150 [operating],059309091000,,-77.450934,39.035622
loudoun_existing,Loudoun County,BEAUMEADE,Equinix,matched,EQUINIX RP II LLC,Equinix,DC12,BUILT,1323762,,Dominion (VEPCO),unambiguous,,4403,yes (air permit),DEQ 74290 [planned],060209652000,ZRTD-2015-0003,-77.450459,39.023324
loudoun_existing,Loudoun County,CYRUSONE,CyrusOne,matched,C1 NORTHERN VIRGINIA - STERLING IX LLC,CyrusOne,,BUILT/UNDER CONSTRUCTION,691656,,NOVEC (co-op),unambiguous,,1506,yes (air permit),DEQ 74173 [operating],124369522000,,-77.505083,38.95866
loudoun_existing,Loudoun County,DUPONT FABROS 1,Digital Realty,matched,BLUE SLING ACC 9 LLC,Digital Realty,ACC9,BUILT,362108,,Dominion (VEPCO),unambiguous,,2955,yes (air permit),DEQ 74120 [operating],061361948000,ZMAP-1998-0003,-77.467576,39.015484
loudoun_existing,Loudoun County,DUPONT FABROS 1,Digital Realty,matched,BLUE SLING ACC 10 LLC,Digital Realty,ACC10,BUILT,318143,,Dominion (VEPCO),unambiguous,,2773,yes (air permit),DEQ 74155 [operating],061268762000,ZMAP-1998-0003,-77.466014,39.013268
loudoun_existing,Loudoun County,PARAGON PARK,COPT,matched_osm_differs,BCORE COPT DC-21 LLC,Amazon Web Services,IAD99,BUILT,296380,,Dominion (VEPCO),unambiguous,,4767,,,042197707000,ZRTD-2016-0012,-77.434,39.019449
loudoun_existing,Loudoun County,TALL OAKS,CyrusOne,osm_tag,C1 NORTHERN VIRGINIA - STERLING VIII LLC,CyrusOne,NVA8,BUILT,154125,,Dominion (VEPCO),unambiguous,,4873,yes (air permit),DEQ 74164 [operating],030296913000,ZRTD-2016-0010,-77.413351,39.021227
loudoun_existing,Loudoun County,TALL OAKS,Amazon Web Services,osm_tag,MARIES TECH PARK LLC,Amazon Web Services,IAD117,BUILT,426710,,Dominion (VEPCO),unambiguous,,4666,yes (air permit),DEQ 74170 [operating],030382006000,ZRTD-2017-0009,-77.4195,39.023985
loudoun_existing,Loudoun County,TRANSDULLES,Amazon (AWS),matched,AMAZON DATA SERVICES INC,Amazon Web Services,IAD91,BUILT,437160,,Dominion (VEPCO),unambiguous_near_boundary,,41,yes (air permit),DEQ 74121 [operating],033201325000,,-77.410855,38.987746
loudoun_existing,Loudoun County,JK CORPORATE CAMPUS,Amazon Web Services,osm_tag,DULLES NCP LLC,Amazon Web Services,IAD145,BUILT,203200,,Dominion (VEPCO),unambiguous_near_boundary,,142,yes (air permit),DEQ 74153 [operating],034365461000,ZRTD-2018-0002,-77.424868,38.982382
loudoun_existing,Loudoun County,BROAD RUN TECHNOLOGY PARK,GI Partners,osm_tag,GI TC LOUDOUN LLC,GI Partners,,BUILT,234125,,Dominion (VEPCO),unambiguous,,2382,yes (air permit),DEQ 74156 [operating],044282013000,ZRTD-2017-0010,-77.439853,39.000596
loudoun_existing,Loudoun County,,Amazon Web Services,osm_tag,ML-AI QCC OWNER LLC,Amazon Web Services,IAD151,BUILT,508026,,Dominion (VEPCO),unambiguous,,356,yes (air permit),DEQ 74174 [operating],097398776000,ZMAP-2017-0004,-77.478351,38.916296
loudoun_existing,Loudoun County,PROLOGIS PARK GATEWAY - RT 606,Prologis,matched_osm_differs,PROLOGIS-EXCHANGE 43461 OLD OX ROAD LLC,Amazon Web Services,IAD121,BUILT,474570,,NOVEC (co-op),unambiguous,,1290,yes (air permit),DEQ 74205 [operating],124299328000,ZMAP-1986-0500,-77.497507,38.956936
loudoun_existing,Loudoun County,QUANTUM PARK (VERIZON CAMPUS),Aligned,matched,ALIGNED ENERGY DATA CENTERS IAD PROPCO LLC,Aligned,,BUILT,443260,,Dominion (VEPCO),unambiguous,,2237,,,088101859000,ZMAP-1998-0003,-77.474972,39.010247
loudoun_existing,Loudoun County,QUANTUM PARK (VERIZON CAMPUS),Aligned,matched,ALIGNED ENERGY DATA CENTERS (ASHBURN)\ PROPCO LLC,Aligned,IAD-01,BUILT,368325,,Dominion (VEPCO),unambiguous,,2728,yes (air permit),DEQ 74120 [operating],061355894000,ZMAP-1998-0003,-77.469971,39.013928
loudoun_existing,Loudoun County,QUAIL RIDGE,Amazon (AWS),matched,AMAZON DATA SERVICES INC,Amazon Web Services,IAD124,BUILT,408026,,NOVEC (co-op),unambiguous,,454,yes (air permit),DEQ 74274 [planned],246200886000,ZMAP-2005-0036,-77.560434,38.949042
loudoun_existing,Loudoun County,QUAIL RIDGE,Amazon (AWS),matched_osm_differs,AMAZON DATA SERVICES INC,Microsoft,,UNDER CONSTRUCTION,505200,,NOVEC (co-op),unambiguous,,615,yes (air permit),DEQ 74274 [planned],246203645000,ZMAP-2005-0036,-77.558605,38.949387
loudoun_existing,Loudoun County,LOUDOUN CENTER - WORLDCOM/UUNET,CloudHQ,osm_tag,LOHRASP VENTURES LLC,CloudHQ,LC3,BUILT,585593,,Dominion (VEPCO),unambiguous,,2837,yes (air permit),DEQ 74308 [planned],061285496000,ZRTD-2018-0001,-77.459607,39.011146
loudoun_existing,Loudoun County,DIGITAL LOUDOUN III (DIGITIAL REALITY CAMPUS 2),Digital Realty,matched,DIGITAL LOUDOUN 3 LLC,Digital Realty,IAD41,BUILT,789350,,Dominion (VEPCO),unambiguous,,2683,yes (air permit),DEQ 74189 [operating],062493798000,ZRTD-2017-0005,-77.45797,39.008362
loudoun_existing,Loudoun County,ASHBURN NEXUS/PROJECT VIPER,Vantage,matched,VANTAGE DATA CENTERS VA11 LLC,Vantage Data Centers,VA11,BUILT,484862,,Dominion (VEPCO),unambiguous,,2395,yes (air permit),DEQ 74162 [operating],044288975000,ZRTD-2017-0010,-77.437379,39.002127
loudoun_existing,Loudoun County,COMMONWEALTH CENTER,Visa (enterprise),matched,VISA USA INC,,,BUILT,365855,,Dominion (VEPCO),unambiguous,,2460,,,040464286000,ZRTD-2014-0006,-77.44557,39.049199
loudoun_existing,Loudoun County,LOUDOUN CENTER - WORLDCOM/UUNET,CloudHQ,osm_tag,KAVEH VENTURES LLC,CloudHQ,LC2,BUILT,499438,,Dominion (VEPCO),unambiguous,,2778,yes (air permit),DEQ 74155 [operating],061275931000,ZMAP-1998-0003,-77.462912,39.012139
loudoun_existing,Loudoun County,JK CORPORATE CAMPUS,Amazon Web Services,osm_tag,DULLES NCP II LLC,Amazon Web Services,IAD175,BUILT,169960,,Dominion (VEPCO),unambiguous_near_boundary,,118,yes (air permit),DEQ 74153 [operating],034263373000,ZRTD-2011-0003,-77.425642,38.979983
loudoun_existing,Loudoun County,JK CORPORATE CAMPUS,Amazon Web Services,osm_tag,DULLES NCP LLC,Amazon Web Services,IAD144,BUILT,147890,,Dominion (VEPCO),unambiguous,,353,yes (air permit),DEQ 74153 [operating],034357851000,ZRTD-2011-0003,-77.427524,38.982137
loudoun_existing,Loudoun County,HIGHPOINT,Amazon Web Services,osm_tag,22350 KIPPER (VA) LLC,Amazon Web Services,IAD147,BUILT,203460,,Dominion (VEPCO),unambiguous,,1651,yes (air permit),DEQ 74264 [operating],045494813000,ZMAP-2016-0022,-77.435415,38.994907
loudoun_existing,Loudoun County,HIGHPOINT,Amazon Web Services,osm_tag,22350 KIPPER VA LLC,Amazon Web Services,IAD146,BUILT,214360,,Dominion (VEPCO),unambiguous,,1848,yes (air permit),DEQ 74181 [operating],044193385000,ZMAP-2016-0022,-77.435916,38.996894
loudoun_existing,Loudoun County,DUPONT FABROS 1,Digital Realty,matched_osm_differs,,CloudHQ,LC1,BUILT,984055,,Dominion (VEPCO),unambiguous,,2584,yes (air permit),DEQ 74155 [operating],061177666000,ZMAP-1998-0003,-77.462736,39.010027
loudoun_existing,Loudoun County,WATERSIDE NORTH,Amazon Web Services,osm_tag,WATERSIDE I LLC,Amazon Web Services,IAD140,BUILT,976046,,NOVEC (co-op),unambiguous,,293,yes (air permit),DEQ 74184 [operating],034385918000,ZMAP-2018-0011,-77.417902,38.981306
loudoun_existing,Loudoun County,BROAD RUN TECHNOLOGY PARK,Amazon Web Services,osm_tag,FR RANDOLPH DRIVE LLC,Amazon Web Services,IAD76,BUILT,143797,,Dominion (VEPCO),unambiguous,,1628,yes (air permit),DEQ 73757 [operating],045352692000,ZRTD-2012-0006,-77.450231,38.994053
loudoun_existing,Loudoun County,FOUR CORNERS,QTS,matched_osm_differs,QTS DULLES LLC,Quality Technology Services,,BUILT,64669,,Dominion (VEPCO),unambiguous,,1773,yes (air permit),DEQ 73757 [operating],045458114000,ZMAP-2011-0002,-77.44815,38.994437
loudoun_existing,Loudoun County,PROJECT SAMUEL,QTS,matched_osm_differs,"QTS SHELLHORN, LLC",Quality Technology Services,,BUILT,256348,,Dominion (VEPCO),unambiguous,,1000,yes (air permit),DEQ 74214 [operating],089104437000,ZMAP-1990-0015,-77.474195,38.998659
loudoun_existing,Loudoun County,PROJECT SAMUEL,QTS,matched_osm_differs,"QTS SHELLHORN, LLC",Quality Technology Services,,BUILT,310717,,Dominion (VEPCO),unambiguous,,951,yes (air permit),DEQ 74214 [operating],089100937000,ZMAP-1990-0015,-77.475446,38.998537
loudoun_existing,Loudoun County,BEAUMEADE,Amazon Web Services,osm_tag,BEAUMEADE DC BUILDING LLC,Amazon Web Services,IAD-169,BUILT,190250,,Dominion (VEPCO),unambiguous,,3748,yes (air permit),DEQ 74244 [operating],061407107000,ZRTD-2019-0007,-77.451887,39.016872
loudoun_existing,Loudoun County,BEAUMEADE,Amazon Web Services,osm_tag,BEAUMEADE DC BUILDING LLC,Amazon Web Services,IAD-179,BUILT,190250,,Dominion (VEPCO),unambiguous,,3584,yes (air permit),DEQ 74244 [operating],061303369000,ZRTD-2019-0007,-77.453239,39.015829
loudoun_existing,Loudoun County,BEAUMEADE,PowerHouse,osm_tag,AREP BEAUMEADE LLC,PowerHouse,ABX-1,BUILT,247420,,Dominion (VEPCO),unambiguous,,4090,yes (air permit),DEQ 74290 [planned],042152579000,ZRTD-2017-0012,-77.450147,39.019712
loudoun_existing,Loudoun County,ICSP @ ARCOLA,Amazon (AWS),matched,AMAZON DATA SERVICES INC,Amazon Web Services,IAD68,BUILT,710921,,NOVEC (co-op),unambiguous,,190,yes (air permit),DEQ 74085 [operating],162392026000,,-77.521473,38.948948
loudoun_existing,Loudoun County,COMPASS CREEK,Microsoft,matched,MICROSOFT CORP,,,BUILT/UNDER CONSTRUCTION,1289688,,NOVEC (co-op),unambiguous,,1681,,,235297431000,,-77.560169,39.067812
loudoun_existing,Loudoun County,ARCOLA CENTER,Google,osm_tag,WHEELER SURVEY COMPANY LLC,Google,ARA2,BUILT/UNDER CONSTRUCTION,923505,,Dominion (VEPCO),unambiguous,,593,,,162176713000,ZMAP-2016-0013,-77.528453,38.942759
loudoun_existing,Loudoun County,PARAGON PARK,Amazon Web Services,osm_tag,CABIN BRANCH CREEK LLC,Amazon Web Services,IAD118,BUILT,685682,,Dominion (VEPCO),unambiguous,,4419,,,043482656000,ZRTD-2016-0012,-77.439377,39.018108
loudoun_existing,Loudoun County,BROAD RUN TECHNOLOGY PARK,Stack Infrastructure,osm_tag,"SI NVA01, LLC",Stack Infrastructure,NVA01A,BUILT,180039,,Dominion (VEPCO),unambiguous,,2841,yes (air permit),DEQ 74079 [operating],044261032000,ZMAP-2008-0011,-77.441968,39.004523
loudoun_existing,Loudoun County,DIGITAL STERLING PREMEIRE,Amazon Web Services,osm_tag,DIGITAL STERLING PREMIER LLC,Amazon Web Services,IAD192,BUILT,258200,,Dominion (VEPCO),unambiguous,,1178,yes (air permit),DEQ 74287 [planned],045299249000,ZRTD-2019-0006,-77.434718,38.989686
loudoun_existing,Loudoun County,WEST DULLES STATION,QTS,matched_osm_differs,QTS LOCKRIDGE DC2 LLC,Quality Technology Services,,BUILT,274450,,Dominion (VEPCO),unambiguous,,1484,yes (air permit),DEQ 74335 [planned],063494014000,ZRTD-2016-0002,-77.456792,38.995138
loudoun_existing,Loudoun County,WEST DULLES STATION,Quality Technology Services,osm_tag,ASHBURN ACQUISITION CO II LLC,Quality Technology Services,,BUILT,308630,,Dominion (VEPCO),unambiguous,,1597,yes (air permit),DEQ 74335 [planned],063498140000,ZRTD-2016-0002,-77.455347,38.995843
loudoun_existing,Loudoun County,BROAD RUN TECHNOLOGY PARK,Vantage,matched,VANTAGE DATA CENTERS VA13 LLC,Vantage Data Centers,VA13,BUILT,729298,,Dominion (VEPCO),unambiguous,,2613,yes (air permit),DEQ 74162 [operating],044381108000,ZRTD-2017-0010,-77.440098,39.003045
loudoun_existing,Loudoun County,COMPASS CREEK,SI NVA06B LLC,unresolved,SI NVA06B LLC,,,BUILT/UNDER CONSTRUCTION,621036,,NOVEC (co-op),unambiguous,,663,yes (air permit),DEQ 74269 [operating],234371847000,,-77.565266,39.080866
loudoun_existing,Loudoun County,LOUDOUN GATEWAY CENTER,Amazon (AWS),matched,AMAZON DATA SERVICES INC,Amazon Web Services,IAD214,BUILT,226456,,Dominion (VEPCO),unambiguous,,847,yes (air permit),DEQ 74287 [planned],045195615000,ZRTD-2018-0008,-77.435243,38.986716
loudoun_existing,Loudoun County,BROAD RUN BUSINESS CENTER,QTS,matched_osm_differs,QTS INVESTMENT PROPERTIES ASHBURN LLC,Quality Technology Services,DC1,BUILT,427337,,Dominion (VEPCO),unambiguous,,2154,,,044152877000,ZRTD-2016-0004,-77.450129,38.999541
loudoun_existing,Loudoun County,ICSP @ EASTGATE,Amazon (AWS),matched,"AMAZON DATA SERVICES, INC",Amazon Web Services,IAD63,BUILT,629505,,NOVEC (co-op),unambiguous_near_boundary,,13,yes (air permit),DEQ 74080 [operating],097354183000,,-77.493192,38.916589
loudoun_existing,Loudoun County,EDGECORE DULLES,EdgeCore,matched_osm_differs,MECP1 ASHBURN 1 LLC,Amazon Web Services,IAD174,BUILT,258716,,Dominion (VEPCO),unambiguous,,4250,yes (air permit),DEQ 74227 [operating],030455548000,ZMAP-2007-0001,-77.427605,39.028748
loudoun_existing,Loudoun County,EDGECORE DULLES,EdgeCore,matched_osm_differs,MECP2 ASHBURN 2 LLC,Amazon Web Services,IAD164,BUILT,258716,,Dominion (VEPCO),unambiguous,,4087,yes (air permit),DEQ 74227 [operating],029151508000,ZMAP-2007-0001,-77.429003,39.030404
loudoun_existing,Loudoun County,EDGECORE DULLES,EdgeCore,matched_osm_differs,MECP3 ASHBURN 3 LLC,Amazon Web Services,IAD163,BUILT,258716,,Dominion (VEPCO),unambiguous,,3925,yes (air permit),DEQ 74227 [operating],041108666000,ZMAP-2007-0001,-77.430026,39.032017
loudoun_existing,Loudoun County,BEAUMEADE,H5 Data Centers,osm_tag,ASHBURN DATA PROPERTY OWNER LP,H5 Data Centers,Ashburn,UNDER CONSTRUCTION,210170,,Dominion (VEPCO),unambiguous,,3485,yes (air permit),DEQ 74276 [planned],061307791000,ZRTD-2011-0004,-77.45172,39.013689
loudoun_existing,Loudoun County,ARCOLA BUSINESS PARK,Microsoft,matched,MICROSOFT CORP,Microsoft,,BUILT,735117,,NOVEC (co-op),unambiguous,,835,yes (air permit),DEQ 74274 [planned],203354208000,ZMAP-2005-0036,-77.555808,38.949247
loudoun_existing,Loudoun County,LOUDOUN TECH CENTER,CyrusOne,osm_tag,,CyrusOne,NVA1;NVA2;NVA3,BUILT,464430,,Dominion (VEPCO),unambiguous,,4355,yes (air permit),DEQ 74086 [operating],030393965000,ZRTD-2014-0001,-77.41453,39.026057
loudoun_existing,Loudoun County,VANTAGE DATA CENTER - STERLING,Vantage,matched,VANTAGE DATA CENTERS VA2 LLC,Vantage Data Centers,VA2,BUILT,550453,,Dominion (VEPCO),unambiguous,,1619,yes (air permit),DEQ 74242 [operating],032155119000,ZMAP-2022-0007,-77.429655,38.997634
loudoun_existing,Loudoun County,TRUE NORTH,Compass,matched_osm_differs,COMPASS DATACENTERS IAD I LLC,True North Data Solutions,,BULT/UNDER CONSTRUCTION,547475,,NOVEC (co-op),unambiguous,,572,yes (air permit),DEQ 74160 [operating],194103673000,ZMAP-2017-0003,-77.537598,39.043813
loudoun_existing,Loudoun County,STONEWALL SECURE BUSINESS PARK (LOUDOUN WEST),NOVA BUILDING 2 LLC,unresolved,NOVA BUILDING 2 LLC,,,UNDER CONSTRUCTION,413099,,NOVEC (co-op),unambiguous,,1594,yes (air permit),DEQ 74301 [operating],193274995000,ZMAP-2008-0017,-77.54717,39.055771
loudoun_existing,Loudoun County,STONEWALL SECURE BUSINESS PARK (LOUDOUN WEST),NOVA BUILDING 1 LLC,unresolved,NOVA BUILDING 1 LLC,,,BUILT,414253,,NOVEC (co-op),unambiguous,,1648,yes (air permit),DEQ 74301 [operating],193276668000,ZMAP-2008-0017,-77.546555,39.057792
loudoun_existing,Loudoun County,,Vantage Data Centers,osm_tag,,Vantage Data Centers,VA12,UNDER CONSTRUCTION,182782,,Dominion (VEPCO),unambiguous,,2204,yes (air permit),DEQ 74181 [operating],044292829000,ZRTD-2017-0010,-77.436435,39.000539
loudoun_existing,Loudoun County,BROAD RUN TECHNOLOGY PARK,Vantage,matched_osm_differs,VANTAGE DATA CENTERS VA16 LLC,GI Partners,,UNDER CONSTRUCTION,255935,,Dominion (VEPCO),unambiguous,,2241,yes (air permit),DEQ 74156 [operating],044175589000,ZRTD-2023-0001,-77.441568,38.999045
loudoun_existing,Loudoun County,DIGITAL DULLES,Digital Realty,osm_tag,DIGITAL WL 2834 LLC,Digital Realty,IAD44,BUILT/UNDER CONSTRUCTION,2603391,,NOVEC (co-op),unambiguous,,1831,,,093365404000,,-77.491683,38.960832
loudoun_existing,Loudoun County,DOWNS INDUSTRIAL PARK,Amazon Web Services,osm_tag,DCT DULLES DOWNS LLC,Amazon Web Services,IAD88,BUILT,287460,,Dominion (VEPCO),unambiguous,,1381,yes (air permit),DEQ 74247 [operating],045282657000,,-77.441369,38.991209
loudoun_existing,Loudoun County,ASHBURN CENTER NORTH,DataBank,osm_tag,,DataBank,IAD1,BUILT,280088,,Dominion (VEPCO),unambiguous,,2832,yes (air permit),DEQ 73935 [operating],088381462000,ZMAP-1988-0270,-77.482464,39.015606
loudoun_existing,Loudoun County,,Prologis,matched_osm_differs,PROLOGIS,Amazon Web Services,Amazon IAD51,BUILT,143337,,Dominion (VEPCO),unambiguous,,1323,yes (air permit),DEQ 74063 [operating],045391908000,,-77.436737,38.99102
loudoun_existing,Loudoun County,ASHBURN TECHNOLOGY PARK,Sabey,matched,INTERGATE ASHBURN I LLC,Sabey Data Centers,,UNDER CONSTRUCTION,324000,,Dominion (VEPCO),unambiguous,,2617,yes (air permit),DEQ 73935 [operating],088392214000,ZMAP-1988-0270,-77.476937,39.013824
loudoun_existing,Loudoun County,VANTAGE DATA CENTER - VA3,Vantage,matched,,,,BUILT,385398,,Dominion (VEPCO),unambiguous,,2051,yes (air permit),DEQ 74284 [operating],113272390000,,-77.505509,39.077271
loudoun_existing,Loudoun County,DULLES BERRY (DUPONT FABROS 3),Digital Realty,matched_osm_differs,DARAB VENTURES ONE LLC,CloudHQ,LC4,UNDER CONSTRUCTION,616650,,Dominion (VEPCO),unambiguous,,1382,yes (air permit),DEQ 74234 [operating],089208954000,ZMAP-1986-0056,-77.472568,39.001847
loudoun_existing,Loudoun County,ASHBURN TECHNOLOGY PARK,Sabey,matched,INTERGATE ASHBURN I LLC,Sabey Data Centers,,BUILT,580498,,Dominion (VEPCO),unambiguous,,2744,yes (air permit),DEQ 73935 [operating],088389930000,ZMAP-1988-0270,-77.479088,39.014993
loudoun_existing,Loudoun County,KINCORA,CyrusOne,osm_tag,UNIT OWNERS-GENERAL COMMON ELEMENT,CyrusOne,NVA5,BUILT,516426,,Dominion (VEPCO),unambiguous,,4757,yes (air permit),DEQ 74114 [operating],042394385000,ZMAP-2008-0021,-77.434306,39.025032
loudoun_existing,Loudoun County,NORTHWOODS,Amazon (AWS),matched,AMAZON DATA SERVICES INC,,,UNDER CONSTRUCTION,1334306,,NOVEC (co-op),unambiguous,,481,yes (air permit),DEQ 74323 [planned],122207249000,ZMAP-1988-0200,-77.494591,38.979947
loudoun_existing,Loudoun County,DULLES 28 TECHNOLOGY PARK,LONG DRIVE LAND CO LLC,unresolved,LONG DRIVE LAND CO LLC,,,UNDER CONSTRUCTION,254174,,Dominion (VEPCO),unambiguous,,3527,,,043176560000,ZMAP-2020-0015,-77.44162,39.009996
loudoun_existing,Loudoun County,DULLES 28 TECHNOLOGY PARK,LONG DRIVE LAND CO LLC,unresolved,LONG DRIVE LAND CO LLC,,,UNDER CONSTRUCTION,254144,,Dominion (VEPCO),unambiguous,,3281,yes (air permit),DEQ 74079 [operating],043171795000,ZMAP-2020-0015,-77.44335,39.008209
loudoun_existing,Loudoun County,45865 MARIES ROAD,CyrusOne,osm_tag,MECP 1 ASHBURN 2 LLC,CyrusOne,NVA8,UNDER CONSTRUCTION,416115,,Dominion (VEPCO),unambiguous,,4821,yes (air permit),DEQ 74306 [planned],030292034000,ZMAP-2021-0014,-77.414962,39.021872
loudoun_existing,Loudoun County,BROAD RUN TECHNOLOGY PARK,QTS,matched_osm_differs,QTS INVESTMENT PROPERTIES ASHBURN LLC,Quality Technology Services,DC2,UNDER CONSTRUCTION,189890,,Dominion (VEPCO),unambiguous,,2055,yes (air permit),DEQ 73757 [operating],044155625000,ZRTD-2016-0004,-77.449163,38.998116
loudoun_existing,Loudoun County,LOUDOUN METRO,CloudHQ,osm_tag,CONDOMINIUM COMMON ELEMENT,CloudHQ,LC14,UNDER CONSTRUCTION,478908,,Dominion (VEPCO),unambiguous,,1805,yes (air permit),DEQ 74234 [operating],089496314000,ZMAP-1998-0003,-77.476728,39.006496
loudoun_existing,Loudoun County,ASHBURN CORPORATE CENTER,Digital Realty,osm_tag,FOX PROPERTIES LLC,Digital Realty,ACC6,BUILT,611491,,Dominion (VEPCO),unambiguous,,3619,yes (air permit),DEQ 73370 [operating],060170268000,ZRTD-2017-0008,-77.46344,39.020653
loudoun_existing,Loudoun County,ASHBURN CORPORATE CENTER,Digital Realty,osm_tag,ALSHAIN VENTURES LLC,Digital Realty,ACC7,BUILT,446513,,Dominion (VEPCO),unambiguous,,3230,yes (air permit),DEQ 73370 [operating],061467942000,ZRTD-2017-0008,-77.465599,39.017553
loudoun_existing,Loudoun County,ASHBURN CORPORATE CENTER,Digital Realty,osm_tag,GRIZZLY VENTURES LLC,Digital Realty,ACC4,BUILT,286865,,Dominion (VEPCO),unambiguous,,3366,yes (air permit),DEQ 73370 [operating],060178810000,ZRTD-2017-0008,-77.462725,39.017962
loudoun_existing,Loudoun County,BEAUMEADE,Cologix,osm_tag,21673 BEAUMEADE CIRCLE LLC,Cologix,,BUILT,455795,,Dominion (VEPCO),unambiguous,,3567,yes (air permit),DEQ 73643 [operating],060189720000,ZRTD-2017-0016,-77.458899,39.018508
loudoun_existing,Loudoun County,BEAUMEADE,Equinix,matched,EQUINIX LLC,Equinix,DC1,BUILT,296539,,Dominion (VEPCO),unambiguous,,3266,yes (air permit),DEQ 74308 [planned],061483407000,ZMAP-2008-0013,-77.459891,39.01585
loudoun_existing,Loudoun County,ASHBURN TECHNOLOGY PARK (BOS OF LOUDOUN COUNTY),NTT / RagingWire,matched_osm_differs,NTT GLOBAL DATA CENTERS VA LLC,NTT,VA5,BUILT/UNDER CONSTRUCTION,1085670,,Dominion (VEPCO),unambiguous,,3103,yes (air permit),DEQ 74120 [operating],061450432000,ZMAP-1988-0270,-77.471809,39.017718
loudoun_existing,Loudoun County,ASHBURN TECHNOLOGY PARK (BOS OF LOUDOUN COUNTY),NTT / RagingWire,matched_osm_differs,NTT GLOBAL DATA CENTERS VA LLC,NTT,VA8,BUILT,217934,,Dominion (VEPCO),unambiguous,,3213,yes (air permit),DEQ 74252 [operating],087100681000,ZMAP-1988-0270,-77.47526,39.019091
loudoun_existing,Loudoun County,STONEWALL SECURE BUSINESS PARK (LOUDOUN WEST),NOVA BUILDING 4 LLC,unresolved,NOVA BUILDING 4 LLC,,,UNDER CONSTRUCTION,353319,,NOVEC (co-op),unambiguous,,1433,yes (air permit),DEQ 74301 [operating],193178229000,ZMAP-2008-0017,-77.54603,39.053972
loudoun_existing,Loudoun County,STONEWALL SECURE BUSINESS PARK (LOUDOUN WEST),NOVA BUILDING 3 LLC,unresolved,NOVA BUILDING 3 LLC,,,UNDER CONSTRUCTION,413099,,NOVEC (co-op),unambiguous,,1386,yes (air permit),DEQ 74301 [operating],193281883000,ZMAP-2008-0017,-77.544738,39.055424
loudoun_existing,Loudoun County,LE BOURGET BUSINESS PARK,Centersquare,osm_tag,22995 WILDER COURT LLC,Centersquare,IAD3,BUILT,130432,,Dominion (VEPCO),unambiguous,,411,yes (air permit),DEQ 73293 [operating],046368231000,ZMAP-1986-0015,-77.444348,38.981057
loudoun_existing,Loudoun County,EVERGREEN MEADOWS,Yondr,matched,YONDR JK 2 LLC,,,BUILT,335638,,NOVEC (co-op),unambiguous,,680,yes (air permit),DEQ 74265 [operating],203371445000,ZMAP-2005-0036,-77.549818,38.949312
loudoun_existing,Loudoun County,PACIFIC CORPORATE PARK,Digital Realty,osm_tag,PACIFIC-ASHBURN CAMPUS LLC,Digital Realty,IAD42,UNDER CONSTRUCTION,1027499,,Dominion (VEPCO),unambiguous,,2808,yes (air permit),DEQ 74302 [planned],044461959000,ZRTD-2022-0001,-77.446698,39.004784
loudoun_existing,Loudoun County,INOVA HEALTH SYSTEM PLAN,Amazon (AWS),matched,"AMAZON DATA SERVICES, INC",,,UNDER CONSTRUCTION,429213,,NOVEC (co-op),unambiguous,,434,yes (air permit),DEQ 74337 [planned],203170856000,ZMAP-2005-0036,-77.550088,38.944903
loudoun_existing,Loudoun County,BEAUMEADE,Equinix,osm_tag,DIGITAL FILIGREE LLC,Equinix,DC21,UNDER CONSTRUCTION,336544,,Dominion (VEPCO),unambiguous,,3256,yes (air permit),DEQ 74308 [planned],061394321000,ZMAP-2006-0022,-77.456498,39.014039
loudoun_existing,Loudoun County,BELMONT INNOVATION STATION,LOUDOUN PROP 7 LLC,unresolved,LOUDOUN PROP 7 LLC,,,UNDER CONSTRUCTION,243984,,Dominion (VEPCO),unambiguous,,1724,yes (air permit),DEQ 74321 [planned],113167503000,ZMAP-2022-0021,-77.508864,39.075773
loudoun_existing,Loudoun County,1501 MORAN ROAD,Quality Technology Services,osm_tag,1501 MORAN ROAD DEVELOPMENT OWNER LLC,Quality Technology Services,,UNDER CONSTRUCTION,245801,,Dominion (VEPCO),unambiguous,,1911,yes (air permit),DEQ 74315 [planned],045465016000,ZRTD-2021-0008,-77.445883,38.995074
loudoun_existing,Loudoun County,TALL OAKS,Centersquare,osm_tag,MARIES TECH PARK II LLC,Centersquare,IAD1-B,UNDER CONSTRUCTION,218112,,Dominion (VEPCO),unambiguous,,4765,yes (air permit),DEQ 74306 [planned],030286764000,ZRTD-2017-0007,-77.416835,39.022633
loudoun_existing,Loudoun County,DIGITAL STERLING PREMEIRE,Digital Realty,osm_tag,DIGITAL GOLD STERLING LLC,Digital Realty,IAD55,BUILT,180355,,Dominion (VEPCO),unambiguous,,1416,yes (air permit),DEQ 74264 [operating],045399350000,ZRTD-2016-0003,-77.434241,38.992863
loudoun_existing,Loudoun County,PROJECT ASPEN,HAYDEN TECHNOLOGIES LLC,unresolved,HAYDEN TECHNOLOGIES LLC,,,BUILT,920133,,NOVEC (co-op),unambiguous,,444,yes (air permit),DEQ 74163 [operating],194498227000,ZMAP-2008-0017,-77.535153,39.051221
loudoun_existing,Loudoun County,PROJECT NOVA,SDC ASHBURN I LLC,unresolved,SDC ASHBURN I LLC,,,UNDER CONSTRUCTION,1063133,,Dominion (VEPCO),unambiguous,,1461,yes (air permit),DEQ 74335 [planned],063479549000,,-77.460748,38.995585
loudoun_existing,Loudoun County,H&M PROPERTY,Amazon (AWS),matched,AMAZON DATA SERVICES INC,Amazon Web Services,,UNDER CONSTRUCTION,768211,,Dominion (VEPCO),unambiguous,,257,yes (air permit),DEQ 74250 [operating],096183926000,ZMAP-2019-0017,-77.484504,38.920898
loudoun_existing,Loudoun County,BEAUMEADE,Equinix,matched,EQUINIX LLC,Equinix,DC21,BUILT,399216,,Dominion (VEPCO),unambiguous,,3213,yes (air permit),DEQ 74189 [operating],061200160000,ZRTD-2015-0005,-77.454557,39.01237
loudoun_existing,Loudoun County,PROJECT NOVA,Amazon Web Services,osm_tag,SDC ASHBURN ALPHA I LLC,Amazon Web Services,IAD162,BUILT,531592,,Dominion (VEPCO),unambiguous,,886,yes (air permit),DEQ 74214 [operating],062159785000,ZMAP-2019-0002,-77.471687,38.996244
loudoun_existing,Loudoun County,PROJECT NOVA,STACK Infrastructure,matched,STACK BROAD RUN HOLDINGS LLC,,,UNDER CONSTRUCTION,738961,,Dominion (VEPCO),unambiguous,,1674,yes (air permit),DEQ 74335 [planned],062275493000,,-77.463188,38.99947
loudoun_existing,Loudoun County,TECH PARK AT BRAMBLETON,TECH PARK AT BRAMBLETON LLC,unresolved,TECH PARK AT BRAMBLETON LLC,,,UNDER CONSTRUCTION,858426,,NOVEC (co-op),unambiguous,,433,,,161258590000,,-77.534639,38.957244
loudoun_existing,Loudoun County,,CloudHQ,osm_tag,DARAB VENTURES TWO LLC,CloudHQ,LC8,UNDER CONSTRUCTION,517618,,Dominion (VEPCO),unambiguous,,1438,yes (air permit),DEQ 74234 [operating],062257134000,,-77.469692,39.001273
loudoun_existing,Loudoun County,,,none,,,,UNDER CONSTRUCTION,243984,,Dominion (VEPCO),unambiguous,,1619,yes (air permit),DEQ 74321 [planned],113162785000,,-77.508942,39.074418
loudoun_existing,Loudoun County,PROJECT ASPEN,Google,osm_tag,HAYDEN TECHNOLOGIES LLC,Google,,BUILT,920133,,NOVEC (co-op),unambiguous,,825,yes (air permit),DEQ 74163 [operating],194498227000,ZMAP-2008-0017,-77.53957,39.051688
loudoun_existing,Loudoun County,LOUDOUN METRO,CloudHQ,osm_tag,CONDOMINIUM COMMON ELEMENT,CloudHQ,LC11,UNDER CONSTRUCTION,478908,,Dominion (VEPCO),unambiguous,,1967,,,089496314000,ZMAP-1998-0003,-77.476236,39.00792
loudoun_existing,Loudoun County,,Aligned,matched_osm_differs,ALIGNED ENERGY,Equinix,DC13,BUILT,46600,,Dominion (VEPCO),unambiguous,,2565,yes (air permit),DEQ 74120 [operating],088205761000,,-77.473551,39.013057
loudoun_existing,Loudoun County,,Aligned,matched,ALIGNED ENERGY,Aligned,IAD-01,BUILT,55900,,Dominion (VEPCO),unambiguous,,2618,yes (air permit),DEQ 74120 [operating],088209173000,,-77.472351,39.013362
pw_building,Prince William County,Iron Mountain Data Center VA-1,Iron Mountain,matched,,Iron Mountain,VA-1,Completed,165230,,NOVEC (co-op),unambiguous,,1953,yes (air permit),DEQ 74112 [operating],7596-47-5780,,-77.547384,38.777742
pw_building,Prince William County,Iron Mountain Data Center VA-2,Iron Mountain,matched,,Iron Mountain,VA-2,Completed,211000,,NOVEC (co-op),unambiguous,,1909,yes (air permit),DEQ 74112 [operating],7596-57-4735,,-77.546263,38.776994
pw_building,Prince William County,Iron Mountain Data Center VA-3,Iron Mountain,matched,,Iron Mountain,VA-3,Completed,304654,,NOVEC (co-op),unambiguous,,1765,yes (air permit),DEQ 74112 [operating],7596-56-1578,,-77.544918,38.775229
pw_building,Prince William County,Iron Mountain Data Center VA-4,Iron Mountain,matched,,Iron Mountain,,Completed,182032,,NOVEC (co-op),unambiguous,,1793,yes (air permit),DEQ 74278 [operating],7596-66-0725,,-77.542124,38.774453
pw_building,Prince William County,Iron Mountain Data Center VA-5,Iron Mountain,matched,,Iron Mountain,,Completed,220134,,NOVEC (co-op),unambiguous,,1713,yes (air permit),DEQ 74278 [operating],7596-66-0725,,-77.541138,38.773118
pw_building,Prince William County,Iron Mountain Data Center VA-6,Iron Mountain,matched,,Iron Mountain,,Completed,213000,,NOVEC (co-op),unambiguous,,1447,,,7596-64-9220,,-77.53893,38.76812
pw_building,Prince William County,Iron Mountain Data Center VA-7,Iron Mountain,matched,,Iron Mountain,,Completed,290307,,NOVEC (co-op),unambiguous,,1961,yes (air permit),DEQ 74278 [operating],7596-66-8266,,-77.539951,38.775181
pw_building,Prince William County,Iron Mountain Data Center VA-8/9,Iron Mountain,matched,,Iron Mountain,,Planned,347183,,NOVEC (co-op),unambiguous,,1510,yes (air permit),DEQ 74278 [operating],7596-55-9338,,-77.54265,38.77171
pw_building,Prince William County,Amazon AWS IAD-74 Manassas,Amazon (AWS),matched,,Amazon Web Services,IAD74,Completed,146962,,NOVEC (co-op),unambiguous,,1835,yes (air permit),DEQ 74081 [operating],7596-17-3979,,-77.55785,38.777469
pw_building,Prince William County,Amazon AWS IAD-73 Manassas,Amazon (AWS),matched,,Amazon Web Services,IAD73,Completed,146962,,NOVEC (co-op),unambiguous,,1895,yes (air permit),DEQ 74081 [operating],7596-17-3979,,-77.559129,38.777968
pw_building,Prince William County,South Point Phase II Building A,Amazon Web Services,osm_tag,,Amazon Web Services,IAD74,Completed,265000,,NOVEC (co-op),unambiguous,,1779,yes (air permit),DEQ 74081 [operating],7596-27-0053,,-77.556903,38.777057
pw_building,Prince William County,South Point Phase II Building B,Amazon Web Services,osm_tag,,Amazon Web Services,IAD74,Under Construction,265000,,NOVEC (co-op),unambiguous,,1661,yes (air permit),DEQ 74081 [operating],7596-16-5979,,-77.557248,38.775957
pw_building,Prince William County,Amazon Bethlehem Technology Park DC23,Amazon (AWS),matched,,Amazon Web Services,IAD96,Completed,147530,,NOVEC (co-op),unambiguous,,2451,yes (air permit),DEQ 74115 [operating],7596-58-8732,,-77.539795,38.780184
pw_building,Prince William County,Amazon Bethlehem Technology Park DC18,Amazon (AWS),matched,,Amazon Web Services,IAD95,Completed,211816,,NOVEC (co-op),unambiguous,,2309,yes (air permit),DEQ 74115 [operating],7596-58-8732,,-77.539409,38.778582
pw_building,Prince William County,Amazon Bethlehem Technology Park DC19,Amazon (AWS),matched,,Amazon Web Services,IAD85,Completed,147530,,NOVEC (co-op),unambiguous,,2298,yes (air permit),DEQ 74115 [operating],7596-58-8732,,-77.541713,38.77937
pw_building,Prince William County,Amazon Bethlehem Technology Park DC20,Amazon (AWS),matched,,Amazon Web Services,IAD75,Completed,211816,,NOVEC (co-op),unambiguous,,2257,yes (air permit),DEQ 74115 [operating],7596-58-8732,,-77.542783,38.779327
pw_building,Prince William County,Amazon AWS IAD-107,Amazon (AWS),matched,,Amazon Web Services,,Completed,216067,,NOVEC (co-op),unambiguous,,253,yes (air permit),DEQ 74240 [operating],7695-36-1324,PLN2007-0074,-77.516429,38.746779
pw_building,Prince William County,Amazon AWS IAD-106,Amazon (AWS),matched,,Amazon Web Services,IAD106,Completed,233757,,NOVEC (co-op),unambiguous,,334,yes (air permit),DEQ 74240 [operating],7695-26-7645,PLN2007-0074,-77.517769,38.746959
pw_building,Prince William County,Amazon AWS IAD-105,Amazon (AWS),matched,,Amazon Web Services,IAD105,Completed,223757,,NOVEC (co-op),unambiguous,,416,yes (air permit),DEQ 74240 [operating],7695-26-4469,PLN2007-0074,-77.518876,38.747627
pw_building,Prince William County,Amazon AWS IAD-104,Amazon (AWS),matched,,Amazon Web Services,IAD104,Completed,213320,,NOVEC (co-op),unambiguous,,500,yes (air permit),DEQ 74240 [operating],7695-17-9607,PLN2007-0074,-77.520056,38.748312
pw_building,Prince William County,QTS Manassas DC6,QTS,matched_osm_differs,,Quality Technology Services,,Under Construction,199720,,NOVEC (co-op),unambiguous,,157,,,7695-47-3376,,-77.513046,38.749819
pw_building,Prince William County,QTS Manassas DC5,QTS,matched_osm_differs,,Quality Technology Services,,Completed,310000,,NOVEC (co-op),unambiguous,,726,yes (air permit),DEQ 74246 [operating],7695-39-0644,,-77.516508,38.754794
pw_building,Prince William County,QTS Manassas DC1,QTS,matched_osm_differs,,Quality Technology Services,,Completed,121028,,NOVEC (co-op),unambiguous,,401,,,7695-48-1668,,-77.513142,38.753484
pw_building,Prince William County,QTS Manassas DC3,QTS,matched_osm_differs,,Quality Technology Services,,Completed,269091,,NOVEC (co-op),unambiguous,,228,,,7695-58-1491,,-77.510547,38.753754
pw_building,Prince William County,QTS Manassas DC2,QTS,matched_osm_differs,,Quality Technology Services,,Under Construction,136228,,NOVEC (co-op),unambiguous,,351,,,7695-48-5650,,-77.512469,38.753475
pw_building,Prince William County,QTS Manassas DC4,QTS,matched_osm_differs,,Quality Technology Services,,Under Construction,350000,,NOVEC (co-op),unambiguous,,507,,,7695-38-4851,,-77.516055,38.751972
pw_building,Prince William County,Amazon AWS IAD-130,Amazon (AWS),matched,,Amazon Web Services,IAD130,Completed,204211,,NOVEC (co-op),unambiguous,,1229,yes (air permit),DEQ 74171 [operating],7696-21-7764,,-77.51894,38.760212
pw_building,Prince William County,Amazon AWS IAD-131,Amazon (AWS),matched,,Amazon Web Services,IAD131,Completed,204211,,NOVEC (co-op),unambiguous,,1239,yes (air permit),DEQ 74171 [operating],7696-21-7764,,-77.518448,38.760967
pw_building,Prince William County,TPC Data Centers,TPC Data Centers,matched,,,,Completed,361500,,NOVEC (co-op),unambiguous,,1050,yes (air permit),DEQ 74291 [planned],7696-42-1559,REZ2024-00008,-77.513817,38.763452
pw_building,Prince William County,Stack Northern Virginia NVA05B,STACK Infrastructure,matched,,,,Under Construction,261558,,NOVEC (co-op),unambiguous,,956,yes (air permit),DEQ 74246 [operating],7696-31-9262,REZ2024-00009,-77.514513,38.76104
pw_building,Prince William County,Stack Northern Virginia NVA05C,STACK Infrastructure,matched,,,,Under Construction,179320,,NOVEC (co-op),unambiguous,,721,yes (air permit),DEQ 74291 [planned],7696-41-6854,REZ2024-00042,-77.51185,38.760365
pw_building,Prince William County,Stack Northern Virginia NVA05A,STACK Infrastructure,matched_osm_differs,,Amazon Web Services,IAD131,Completed,270540,,NOVEC (co-op),unambiguous,,966,yes (air permit),DEQ 74246 [operating],7696-30-4783,REZ2024-00009,-77.516691,38.758568
pw_building,Prince William County,Stack Northern Virginia NVA05E,STACK Infrastructure,matched,,,,Planned,326500,,NOVEC (co-op),unambiguous,,1488,yes (air permit),DEQ 74291 [planned],7696-33-1105,REZ2023-00026,-77.518289,38.765295
pw_building,Prince William County,Amazon AWS IAD-77,Amazon (AWS),matched,,Amazon Web Services,,Completed,247608,,NOVEC (co-op),unambiguous,,162,yes (air permit),DEQ 73683 [operating],7595-96-0662,PLN2007-00535,-77.532475,38.747154
pw_building,Prince William County,Amazon AWS IAD - Thomasson Barn 1,Amazon (AWS),matched,,Amazon Web Services,IAD132,Completed,149404,,Dominion (VEPCO),unambiguous_near_boundary,,88,yes (air permit),DEQ 74167 [operating],7595-95-6147,,-77.53057,38.743837
pw_building,Prince William County,Amazon AWS IAD - Thomasson Barn 2,Amazon (AWS),matched,,Amazon Web Services,IAD133,Completed,202626,,Dominion (VEPCO),unambiguous,,157,yes (air permit),DEQ 74167 [operating],7595-95-6147,,-77.529097,38.744061
pw_building,Prince William County,Stack Northern Virginia NVA02A,STACK Infrastructure,matched_osm_differs,,Amazon Web Services,,Completed,224592,,NOVEC (co-op),unambiguous_near_boundary,,81,yes (air permit),DEQ 74224 [operating],7595-85-6929,,-77.533468,38.743032
pw_building,Prince William County,Stack Northern Virginia NVA02B,STACK Infrastructure,matched_osm_differs,,Amazon Web Services,,Completed,217502,,NOVEC (co-op),unambiguous,,150,yes (air permit),DEQ 74224 [operating],7595-85-3742,,-77.533304,38.744134
pw_building,Prince William County,Stack Northern Virginia NVA02C,STACK Infrastructure,matched_osm_differs,,Amazon Web Services,,Completed,14160,,NOVEC (co-op),unambiguous_near_boundary,,142,yes (air permit),DEQ 74224 [operating],7595-85-6929,,-77.533179,38.744956
pw_building,Prince William County,Stack Northern Virginia NVA02D,STACK Infrastructure,matched_osm_differs,,Amazon Web Services,,Completed,281000,,NOVEC (co-op),unambiguous,,417,yes (air permit),DEQ 74224 [operating],7595-76-6544.00,,-77.536262,38.746311
pw_building,Prince William County,Stack Northern Virginia NVA02G,STACK Infrastructure,matched,,,,Under Construction,185803,,NOVEC (co-op),unambiguous,,598,yes (air permit),DEQ 74224 [operating],7595-76-2590,,-77.537793,38.748081
pw_building,Prince William County,Stack Northern Virginia NVA02E,STACK Infrastructure,matched,,,,Completed,261686,,NOVEC (co-op),unambiguous,,397,,,7595-65-9789.00,,-77.539255,38.744989
pw_building,Prince William County,Stack Northern Virginia NVA02H,STACK Infrastructure,matched,,,,Under Construction,256280,,NOVEC (co-op),unambiguous,,434,yes (air permit),DEQ 74352 [planned],7595-54-7478,REZ2019-00034,-77.544295,38.74288
pw_building,Prince William County,Stack Northern Virginia NVA02I,STACK Infrastructure,matched,,,,Under Construction,256212,,NOVEC (co-op),unambiguous,,493,yes (air permit),DEQ 74352 [planned],7595-54-7478,REZ2019-00034,-77.542643,38.743449
pw_building,Prince William County,Stack Northern Virginia NVA02F,STACK Infrastructure,matched,,,,Under Construction,367927,,NOVEC (co-op),unambiguous,,300,,,7595-75-3611,,-77.53887,38.744147
pw_building,Prince William County,Amazon AWS IAD-100,Amazon (AWS),matched,,Amazon Web Services,IAD100,Completed,212017,,Dominion (VEPCO),unambiguous,,417,yes (air permit),DEQ 74129 [operating],7695-62-8723,REZ2018-00002,-77.506488,38.734547
pw_building,Prince William County,Amazon AWS IAD-103,Amazon (AWS),matched,,Amazon Web Services,IAD103,Completed,153582,,Dominion (VEPCO),unambiguous_near_boundary,,83,yes (air permit),DEQ 74129 [operating],7695-62-8723,REZ2018-00002,-77.503929,38.736921
pw_building,Prince William County,Amazon AWS IAD-101,Amazon (AWS),matched,,Amazon Web Services,IAD101,Completed,214796,,Dominion (VEPCO),unambiguous,,303,yes (air permit),DEQ 74129 [operating],7695-62-8723,REZ2018-00002,-77.505382,38.735265
pw_building,Prince William County,Amazon AWS IAD-102,Amazon (AWS),matched,,Amazon Web Services,IAD102,Completed,214796,,Dominion (VEPCO),unambiguous,,207,yes (air permit),DEQ 74129 [operating],7695-62-8723,REZ2018-00002,-77.504868,38.736034
pw_building,Prince William County,CloudHQ Manassas Corporate Center 2,CloudHQ,matched,,CloudHQ,MCC2,Completed,392565,,Dominion (VEPCO),unambiguous,,540,yes (air permit),DEQ 74107 [operating],7694-87-3694,,-77.498972,38.723276
pw_building,Prince William County,CloudHQ Manassas Corporate Center 1,CloudHQ,matched,,CloudHQ,MCC1,Completed,460248,,Dominion (VEPCO),unambiguous,,1177,yes (air permit),DEQ 74107 [operating],7694-85-3066,,-77.500543,38.716575
pw_building,Prince William County,CloudHQ Manassas Corporate Center 6A,CloudHQ,matched,,CloudHQ,MCC3,Under Construction,317944,,Dominion (VEPCO),unambiguous,,1000,yes (air permit),DEQ 74107 [operating],7694-95-7303.00,,-77.494764,38.715086
pw_building,Prince William County,CloudHQ Manassas Corporate Center 3,CloudHQ,matched,,,,Planned,317944,,Dominion (VEPCO),unambiguous,,637,,,7794-06-4463,,-77.49301,38.719906
pw_building,Prince William County,CloudHQ Manassas Corporate Center 4,CloudHQ,matched,,,,Planned,252309,,Dominion (VEPCO),unambiguous,,805,yes (air permit),DEQ 74107 [operating],7694-96-2732,,-77.496285,38.718715
pw_building,Prince William County,CloudHQ Manassas Corporate Center 5,CloudHQ,matched,,,,Planned,317944,,Dominion (VEPCO),unambiguous,,1285,,,7694-84-2446,,-77.500074,38.71342
pw_building,Prince William County,CloudHQ Manassas Corporate Center 7,CloudHQ,matched,,CloudHQ,MCC2,Under Review,343283,,Dominion (VEPCO),unambiguous,,774,yes (air permit),DEQ 74107 [operating],7694-87-2108,REZ2024-00025,-77.500238,38.721049
pw_building,Prince William County,Manassas Tech Center Building A,Manassas Tech Center Building A,unresolved,,,,Under Construction,220132,,NOVEC (co-op),unambiguous,,995,yes (air permit),DEQ 74333 [planned],7596-61-8378.00,,-77.539339,38.761305
pw_building,Prince William County,DLR IAD-51,Digital Realty,matched_osm_differs,,Amazon Web Services,IAD101,Under Construction,801246,,Dominion (VEPCO),unambiguous,,229,yes (air permit),DEQ 74262 [operating],7695-53-7717,REZ2018-00002,-77.50783,38.736926
pw_building,Prince William County,DLR IAD-50,Digital Realty,matched_osm_differs,,Amazon Web Services,IAD101,Under Construction,816374,,Dominion (VEPCO),unambiguous_near_boundary,,136,yes (air permit),DEQ 74262 [operating],7695-53-7717,REZ2018-00002,-77.50903,38.738298
pw_building,Prince William County,CloudHQ Manassas Data Center 2,CloudHQ,matched_osm_differs,,Amazon Web Services,IAD100,Under Construction,523151,,Dominion (VEPCO),unambiguous,,769,yes (air permit),DEQ 74118 [planned],7695-50-2882,REZ2018-00001,-77.509809,38.732287
pw_building,Prince William County,CloudHQ Manassas Data Center 1,CloudHQ,matched,,,,Under Construction,597947,,Dominion (VEPCO),unambiguous,,858,yes (air permit),DEQ 74118 [planned],7695-50-9420,REZ2018-00001,-77.508141,38.730772
pw_building,Prince William County,Stack Northern Virginia NVA02J,STACK Infrastructure,matched,,,,Under Construction,201000,,NOVEC (co-op),unambiguous,,314,yes (air permit),DEQ 74352 [planned],7595-54-7478,REZ2019-00034,-77.542755,38.740529
pw_building,Prince William County,Iron Mountain Manassas Point DC1,Iron Mountain,matched,,,,Planned,580035,,NOVEC (co-op),unambiguous,,2886,yes (air permit),DEQ 74115 [operating],7596-79-3589,,-77.537484,38.783656
pw_building,Prince William County,Iron Mountain Manassas Point DC3,Iron Mountain,matched,,,,Planned,580035,,NOVEC (co-op),unambiguous,,2906,,,7596-89-0058,,-77.535494,38.783019
pw_building,Prince William County,Iron Mountain Manassas Point DC2,Iron Mountain,matched,,,,Planned,580035,,NOVEC (co-op),unambiguous,,3042,,,7596-79-3589,,-77.535864,38.784583
pw_building,Prince William County,Amazon AWS IAD-7,Amazon (AWS),matched,,Amazon Web Services,Amazon IAD-7,Completed,167193,,NOVEC (co-op),unambiguous,,3338,yes (air permit),DEQ 73741 [operating],7597-72-1867,,-77.537822,38.791291
pw_building,Prince William County,Amazon AWS IAD-14,Amazon (AWS),matched,,Amazon Web Services,IAD14,Planned,199003,,NOVEC (co-op),unambiguous,,2517,yes (air permit),DEQ 73995 [operating],7597-42-2107,,-77.548222,38.789769
pw_building,Prince William County,Amazon AWS IAD-11,Amazon (AWS),matched,,Amazon Web Services,Amazon IAD11,Completed,167145,,NOVEC (co-op),unambiguous,,3078,yes (air permit),DEQ 73741 [operating],7597-62-3841,,-77.541124,38.790574
pw_building,Prince William County,Amazon AWS IAD-24,Amazon (AWS),matched,,Amazon Web Services,IAD24,Completed,41786,,NOVEC (co-op),unambiguous,,3175,yes (air permit),DEQ 73741 [operating],7597-62-3841,,-77.540022,38.790408
pw_building,Prince William County,Amazon AWS IAD-52,Amazon (AWS),matched,,Amazon Web Services,IAD52,Planned,226123,,NOVEC (co-op),unambiguous,,2446,yes (air permit),DEQ 73995 [operating],7597-42-1456,,-77.548455,38.79122
pw_building,Prince William County,Amazon AWS IAD-59,Amazon (AWS),matched,,Amazon Web Services,IAD59,Planned,226132,,NOVEC (co-op),unambiguous,,2408,yes (air permit),DEQ 73995 [operating],7597-42-1395,,-77.548523,38.792314
pw_building,Prince William County,Microsoft Azure MNZ01,Microsoft,matched,,,,Under Review,566280,,NOVEC (co-op),unambiguous,,3708,yes (air permit),DEQ 74237 [planned],7597-85-1215,,-77.532717,38.798555
pw_building,Prince William County,Microsoft Azure MNZ02,Microsoft,matched,,,,Planned,566280,,NOVEC (co-op),unambiguous,,3512,yes (air permit),DEQ 74237 [planned],7597-85-1215,,-77.534999,38.798972
pw_building,Prince William County,Aligned Data Centers IAD05,Aligned,matched,,,,Planned,432742,,NOVEC (co-op),unambiguous,,4129,,,7597-95-8953,,-77.527876,38.798844
pw_building,Prince William County,Microsoft Azure 3,Microsoft,matched,,,,Pending,633333,,NOVEC (co-op),unambiguous,,357,,,7497-43-7416,REZ1958-0021,-77.582206,38.794439
pw_building,Prince William County,Amazon AWS IAD A,Amazon (AWS),matched,,Amazon Web Services,,Under Construction,258716,,NOVEC (co-op),unambiguous,,923,yes (air permit),DEQ 74342 [planned],7497-41-7199,REZ1958-0021,-77.58191,38.789307
pw_building,Prince William County,Amazon AWS IAD B,Amazon (AWS),matched,,,,Planned,316065,,NOVEC (co-op),unambiguous,,720,yes (air permit),DEQ 74342 [planned],7497-32-5305,REZ1958-0021,-77.586175,38.790742
pw_building,Prince William County,Corscale Gainesville Crossing 1,Microsoft,osm_tag,,Microsoft,1,Completed,600000,,Dominion (VEPCO),unambiguous,,433,yes (air permit),DEQ 74241 [operating],7497-46-2858,REZ2018-00008,-77.582389,38.802511
pw_building,Prince William County,Corscale Gainesville Crossing 3,Microsoft,osm_tag,,Microsoft,2,Under Construction,600000,,Dominion (VEPCO),unambiguous,,223,yes (air permit),DEQ 74349 [planned],7497-45-9757,REZ2018-00008,-77.580631,38.799568
pw_building,Prince William County,Corscale Gainesville Crossing 5,Corscale Gainesville Crossing 5,unresolved,,,,Planned,600000,,NOVEC (co-op),unambiguous_near_boundary,,6,yes (air permit),DEQ 74349 [planned],7497-57-7904,REZ2018-00008,-77.577534,38.803663
pw_building,Prince William County,Corscale Gainesville Crossing 4,Corscale Gainesville Crossing 4,unresolved,,,,Planned,600000,,Dominion (VEPCO),unambiguous_near_boundary,,91,yes (air permit),DEQ 74349 [planned],7497-55-7796,REZ2018-00008,-77.577639,38.800684
pw_building,Prince William County,Corscale Gainesville Crossing 2,Microsoft,osm_tag,,Microsoft,2,Completed,480200,,Dominion (VEPCO),unambiguous,,243,yes (air permit),DEQ 74241 [operating],7497-45-3874,REZ2018-00008,-77.583409,38.799947
pw_building,Prince William County,Iron Mountain Data Center VA-10,Iron Mountain,matched,,Iron Mountain,,Completed,33574,,NOVEC (co-op),unambiguous,,1504,yes (air permit),DEQ 74278 [operating],7596-64-6285,,-77.539801,38.769746
pw_building,Prince William County,Microsoft Azure MNZ03,Microsoft,matched,,,,Under Construction,312931,,NOVEC (co-op),unambiguous,,2050,yes (air permit),DEQ 74236 [operating],7496-88-1217,,-77.569211,38.779815
pw_building,Prince William County,Microsoft Azure MNZ04,Microsoft,matched,,,,Planned,310856,,NOVEC (co-op),unambiguous,,2157,yes (air permit),DEQ 74236 [operating],7496-88-1217,,-77.56986,38.778697
pw_building,Prince William County,Microsoft Azure MNZ05,Microsoft,matched,,,,Planned,310856,,NOVEC (co-op),unambiguous,,2091,yes (air permit),DEQ 74236 [operating],7496-88-1217,,-77.570279,38.777741
pw_building,Prince William County,Microsoft Azure MNZ06,Microsoft,matched,,,,Planned,495709,,NOVEC (co-op),unambiguous,,2025,yes (air permit),DEQ 74236 [operating],7496-88-1217,,-77.570819,38.776848
pw_building,Prince William County,Yondr Bristow Campus Building 1,Yondr,matched_osm_differs,,Google,,Completed,324580,,NOVEC (co-op),unambiguous,,2382,yes (air permit),DEQ 74216 [operating],7496-47-2405,REZ2017-00023,-77.582242,38.775964
pw_building,Prince William County,Yondr Bristow Campus Building 2,Yondr,matched_osm_differs,,Google,,Completed,288530,,NOVEC (co-op),unambiguous,,2417,yes (air permit),DEQ 74216 [operating],7496-47-2405,REZ2017-00023,-77.584757,38.775045
pw_building,Prince William County,Yondr Bristow Campus Building 3,Yondr,matched_osm_differs,,Google,,Under Construction,288530,,NOVEC (co-op),unambiguous,,1999,yes (air permit),DEQ 74216 [operating],7496-47-2405,REZ2017-00023,-77.585723,38.779247
pw_building,Prince William County,Digital Realty VA4,Digital Realty,matched,,Digital Realty,,Completed,227465,,NOVEC (co-op),unambiguous,,1964,,,7496-07-8757,REZ1958-0021,-77.595118,38.777925
pw_building,Prince William County,Village Place Technology Park Bldg 4,Amazon Web Services,osm_tag,,Amazon Web Services,,Under Construction,252966,,Dominion (VEPCO),unambiguous,,819,yes (air permit),DEQ 74277 [operating],7397-36-1468,,-77.622023,38.802843
pw_building,Prince William County,Village Place Technology Park Bldg 3,Amazon Web Services,osm_tag,,Amazon Web Services,,Under Construction,253470,,Dominion (VEPCO),unambiguous,,788,yes (air permit),DEQ 74277 [operating],7397-36-2834,,-77.62096,38.801912
pw_building,Prince William County,Village Place Technology Park Bldg 2,Amazon Web Services,osm_tag,,Amazon Web Services,,Under Construction,253816,,Dominion (VEPCO),unambiguous,,777,yes (air permit),DEQ 74277 [operating],7397-35-5597,,-77.620286,38.801371
pw_building,Prince William County,Village Place Technology Park Bldg 1,Amazon Web Services,osm_tag,,Amazon Web Services,,Under Construction,217917,,Dominion (VEPCO),unambiguous,,882,yes (air permit),DEQ 74277 [operating],7397-35-8363,,-77.620053,38.799835
pw_building,Prince William County,NTT Grove at Gainesville VA10,NTT / RagingWire,matched_osm_differs,,NTT,VA11,Under Construction,560942,,Dominion (VEPCO),unambiguous,,703,yes (air permit),DEQ 74260 [operating],7397-56-8403,,-77.610006,38.799818
pw_building,Prince William County,NTT Grove at Gainesville VA12,NTT / RagingWire,matched_osm_differs,,NTT,VA11,Planned,580498,,Dominion (VEPCO),unambiguous,,536,yes (air permit),DEQ 74260 [operating],7397-56-8403,,-77.612728,38.801024
pw_building,Prince William County,NTT Grove at Gainesville VA13,NTT / RagingWire,matched,,,,Planned,557012,,Dominion (VEPCO),unambiguous,,381,yes (air permit),DEQ 74260 [operating],7397-56-8403,,-77.614816,38.802576
pw_building,Prince William County,NTT Grove at Gainesville VA11,NTT / RagingWire,matched_osm_differs,,NTT,VA11,Under Construction,580498,,Dominion (VEPCO),unambiguous,,617,yes (air permit),DEQ 74260 [operating],7397-56-8403,,-77.611335,38.800449
pw_building,Prince William County,Amazon AWS IAD-55,Amazon (AWS),matched,,Amazon Web Services,IAD55,Completed,230150,,Dominion (VEPCO),unambiguous,,207,yes (air permit),DEQ 74052 [operating],7298-51-5907,,-77.648606,38.81557
pw_building,Prince William County,Amazon AWS IAD 15445 John Marshall,Amazon (AWS),matched,,Amazon Web Services,,Completed,141592,,Dominion (VEPCO),unambiguous,,332,yes (air permit),DEQ 74052 [operating],7298-41-4524,,-77.652055,38.816847
pw_building,Prince William County,Amazon AWS IAD-64,Amazon (AWS),matched,,Amazon Web Services,IAD64,Completed,147187,,Dominion (VEPCO),unambiguous_near_boundary,,134,yes (air permit),DEQ 74052 [operating],7298-41-4524,,-77.65282,38.815099
pw_building,Prince William County,Amazon AWS IAD-84,Amazon (AWS),matched,,Amazon,,Completed,147187,,Dominion (VEPCO),unambiguous,,230,yes (air permit),DEQ 74052 [operating],7298-41-4524,,-77.652378,38.81594
pw_building,Prince William County,Amazon AWS IAD-64 Ext,Amazon (AWS),matched,,Amazon Web Services,,Completed,17421,,Dominion (VEPCO),unambiguous_near_boundary,,86,yes (air permit),DEQ 74052 [operating],7298-41-4524,,-77.65416,38.814564
pw_building,Prince William County,Wellington Glen Technology Park,Wellington Glen Technology Park,unresolved,,,,Planned,475000,,NOVEC (co-op),unambiguous,,1116,yes (air permit),DEQ 74278 [operating],7596-54-4132,,-77.545562,38.768969
pw_building,Prince William County,Amazon AWS IAD B,Amazon (AWS),matched,,Amazon Web Services,,Under Construction,248483,,NOVEC (co-op),unambiguous,,897,yes (air permit),DEQ 74342 [planned],7497-41-7199,REZ1958-0021,-77.579838,38.789471
pw_building,Prince William County,Amazon AWS IAD C,Amazon (AWS),matched,,Amazon Web Services,,Under Construction,218391,,NOVEC (co-op),unambiguous,,801,yes (air permit),DEQ 74342 [planned],7497-41-7199,REZ1958-0021,-77.581638,38.790388
pw_building,Prince William County,Amazon AWS IAD D,Amazon (AWS),matched,,Amazon Web Services,,Planned,218391,,NOVEC (co-op),unambiguous,,698,yes (air permit),DEQ 74342 [planned],7497-41-7199,REZ1958-0021,-77.581368,38.791304
pw_building,Prince William County,Amazon AWS IAD A,Amazon (AWS),matched,,,,Planned,244166,,NOVEC (co-op),unambiguous,,618,,,7497-32-5305,REZ1958-0021,-77.587952,38.791894
pw_building,Prince William County,Microsoft Azure 1,Microsoft,matched,,,,Pending,633333,,NOVEC (co-op),unambiguous,,244,yes (air permit),DEQ 74349 [planned],7497-43-7416,REZ1958-0021,-77.584734,38.795186
pw_building,Prince William County,Microsoft Azure 6,Microsoft,matched,,,,Pending,633333,,NOVEC (co-op),unambiguous,,454,yes (air permit),DEQ 74342 [planned],7497-43-7416,REZ1958-0021,-77.578696,38.793418
pw_building,Prince William County,Microsoft Azure 2,Microsoft,matched,,,,Pending,633333,,NOVEC (co-op),unambiguous,,327,,,7497-43-7416,REZ1958-0021,-77.583301,38.794784
pw_building,Prince William County,Microsoft Azure 5,Microsoft,matched,,,,Pending,633333,,NOVEC (co-op),unambiguous,,419,yes (air permit),DEQ 74342 [planned],7497-43-7416,REZ1958-0021,-77.579903,38.793765
pw_building,Prince William County,Microsoft Azure 4,Microsoft,matched,,,,Pending,633333,,NOVEC (co-op),unambiguous,,389,,,7497-43-7416,REZ1958-0021,-77.580964,38.794066
pw_building,Prince William County,Devlin Technology Park G,Devlin Technology Park G,unresolved,,,,Planned,222950,,NOVEC (co-op),unambiguous,,1147,,,7496-63-4453,,-77.574557,38.766599
pw_building,Prince William County,Devlin Technology Park D,Devlin Technology Park D,unresolved,,,,Planned,222950,,NOVEC (co-op),unambiguous,,1308,,,7496-63-4453,,-77.576752,38.767259
pw_building,Prince William County,Devlin Technology Park F,Devlin Technology Park F,unresolved,,,,Planned,222950,,NOVEC (co-op),unambiguous,,974,,,7496-63-4453,,-77.575756,38.764072
pw_building,Prince William County,Devlin Technology Park C,Devlin Technology Park C,unresolved,,,,Planned,222950,,NOVEC (co-op),unambiguous,,1160,,,7496-63-4453,,-77.57795,38.764732
pw_building,Prince William County,Devlin Technology Park E,Devlin Technology Park E,unresolved,,,,Planned,222950,,NOVEC (co-op),unambiguous,,880,,,7496-63-4453,,-77.576822,38.761814
pw_building,Prince William County,Devlin Technology Park B,Devlin Technology Park B,unresolved,,,,Planned,222950,,NOVEC (co-op),unambiguous,,1081,,,7496-63-4453,,-77.579016,38.762474
pw_building,Prince William County,Devlin Technology Park A,Devlin Technology Park A,unresolved,,,,Planned,222950,,NOVEC (co-op),unambiguous,,955,,,7496-63-4453,,-77.578641,38.760722
pw_building,Prince William County,Devlin Technology Park H,Devlin Technology Park H,unresolved,,,,Planned,222950,,NOVEC (co-op),unambiguous,,1343,,,7496-63-4453,,-77.574879,38.76845
pw_building,Prince William County,Innovation on the Parkway,Innovation on the Parkway,unresolved,,,,Planned,576952,,NOVEC (co-op),unambiguous,,769,,,7695-09-7902,,-77.524963,38.753802
pw_building,Prince William County,CloudHQ Manassas Corporate Center 6B,CloudHQ,matched,,CloudHQ,MCC3,Planned,317944,,Dominion (VEPCO),unambiguous,,1107,yes (air permit),DEQ 74107 [operating],7694-95-2326.00,,-77.496039,38.715389
pw_building,Prince William County,CloudHQ Manassas Corporate Center 6C,CloudHQ,matched,,CloudHQ,MCC3,Planned,317944,,Dominion (VEPCO),unambiguous,,1140,yes (air permit),DEQ 74107 [operating],7694-95-2326.00,,-77.496954,38.715732
pw_building,Prince William County,Amazon Colchester Industrial Park 2,Amazon (AWS),matched,,,,Planned,224173,,NOVEC (co-op),unambiguous,,5532,,,7991-45-0874,REZ2024-00006,-77.413239,38.633593
pw_building,Prince William County,Amazon Colchester Industrial Park 1,Amazon (AWS),matched,,,,Planned,224173,,NOVEC (co-op),unambiguous,,5732,,,7991-45-0874,REZ2024-00006,-77.412641,38.630186
pw_building,Prince William County,Amazon Parsons Business Park 3,Amazon (AWS),matched,,,,Planned,227153,,NOVEC (co-op),unambiguous,,5718,,,7891-69-0322,REZ2023-00028,-77.439369,38.645933
pw_building,Prince William County,Amazon Parsons Business Park 1,Amazon (AWS),matched,,,,Planned,171785,,NOVEC (co-op),unambiguous,,5922,,,7891-69-0322,REZ2023-00028,-77.439486,38.644017
pw_building,Prince William County,Amazon Parsons Business Park 2,Amazon (AWS),matched,,,,Planned,227153,,NOVEC (co-op),unambiguous,,5980,,,7891-69-0322,REZ2023-00028,-77.436753,38.643981
pw_building,Prince William County,Amazon Parsons Business Park 4,Amazon (AWS),matched,,,,Planned,227153,,NOVEC (co-op),unambiguous,,5643,,,7891-69-0322,REZ2023-00028,-77.441941,38.646134
pw_building,Prince William County,Amazon Parsons Business Park 5,Amazon (AWS),matched,,,,Planned,227153,,NOVEC (co-op),unambiguous,,5789,,,7891-69-0322,REZ2023-00028,-77.441944,38.644791
pw_building,Prince William County,Gardner Property 4,Gardner Property 4,unresolved,,,,Pending,616620,,Dominion (VEPCO),unambiguous,,758,,,7397-34-3968,,-77.622381,38.796741
pw_building,Prince William County,Ashton Data Center 1,Ashton Data Center 1,unresolved,,,,Pending,300000,,NOVEC (co-op),unambiguous,,1360,,,7696-46-3403,REZ2022-00031,-77.512027,38.771672
pw_building,Prince William County,Piney Branch 1,Piney Branch 1,unresolved,,,,Planned,495709,,NOVEC (co-op),unambiguous,,1781,yes (air permit),DEQ 74236 [operating],7496-68-8838,,-77.573849,38.781631
pw_building,Prince William County,Piney Branch 2,Piney Branch 2,unresolved,,,,Planned,495709,,NOVEC (co-op),unambiguous,,1965,,,7496-68-8838,,-77.575059,38.779927
pw_building,Prince William County,Digital Gateway North,Digital Gateway North,unresolved,,,,Planned,583333,,NOVEC (co-op),unambiguous,,3303,,,,,-77.580782,38.845908
pw_building,Prince William County,Digital Gateway North,Digital Gateway North,unresolved,,,,Planned,583333,,NOVEC (co-op),unambiguous,,3082,,,,,-77.571923,38.841457
pw_building,Prince William County,Compass Datacenters PWC,Compass,matched,,,,Planned,679718,,NOVEC (co-op),unambiguous,,2770,,,,,-77.57011,38.837377
pw_building,Prince William County,Compass Datacenters PWC,Compass,matched,,,,Planned,679718,,NOVEC (co-op),unambiguous,,2709,,,,,-77.576673,38.83945
pw_building,Prince William County,Digital Gateway South,Digital Gateway South,unresolved,,,,Planned,462500,,NOVEC (co-op),unambiguous,,1687,,,,,-77.567469,38.825601
pw_building,Prince William County,Compass Datacenters PWC,Compass,matched,,,,Planned,679718,,NOVEC (co-op),unambiguous,,1334,,,,,-77.583106,38.828132
pw_building,Prince William County,Digital Gateway South,Digital Gateway South,unresolved,,,,Planned,462500,,NOVEC (co-op),unambiguous,,412,,,,,-77.575148,38.815621
pw_building,Prince William County,Compass Datacenters PWC,Compass,matched,,,,Planned,679718,,NOVEC (co-op),unambiguous,,3690,,,,,-77.578077,38.849005
pw_building,Prince William County,Verizon Manassas 7777 Infantry Ridge,Verizon,matched_osm_differs,,Equinix,DC14,Completed,226527,,NOVEC (co-op),unambiguous,,4101,,,7697-47-3772,,-77.512493,38.804886
pw_building,Prince William County,Equinix Manassas DC14,Equinix,matched,,Equinix,DC14,Completed,109800,,NOVEC (co-op),unambiguous,,3889,,,7697-47-7005,REZ1999-0038,-77.51088,38.803329
pw_building,Prince William County,Gardner Property 5,Gardner Property 5,unresolved,,,,Pending,350000,,Dominion (VEPCO),unambiguous,,574,,,7397-34-3968,,-77.619276,38.796354
pw_building,Prince William County,Gardner Property 3,Amazon Web Services,osm_tag,,Amazon Web Services,,Pending,500000,,Dominion (VEPCO),unambiguous,,783,yes (air permit),DEQ 74277 [operating],7397-34-3968,,-77.622793,38.797876
pw_building,Prince William County,Gardner Property 2,Amazon Web Services,osm_tag,,Amazon Web Services,,Pending,350000,,Dominion (VEPCO),unambiguous,,763,yes (air permit),DEQ 74277 [operating],7397-34-3968,,-77.623172,38.798839
pw_building,Prince William County,Gardner Property 1,Amazon Web Services,osm_tag,,Amazon Web Services,,Pending,200000,,Dominion (VEPCO),unambiguous,,747,yes (air permit),DEQ 74277 [operating],7397-34-3968,,-77.623531,38.799846
pw_building,Prince William County,Project Well A,Project Well A,unresolved,,,,Planned,245485,,NOVEC (co-op),unambiguous,,2176,,,7596-08-1375,REZ2025-00026,-77.562939,38.780634
pw_building,Prince William County,Project Well B,Amazon Web Services,osm_tag,,Amazon Web Services,IAD73,Planned,245485,,NOVEC (co-op),unambiguous,,2098,yes (air permit),DEQ 74081 [operating],7496-97-8786,REZ2025-00026,-77.561411,38.779701
pw_building,Prince William County,Ashton Data Center 2,Ashton Data Center 2,unresolved,,,,Pending,300000,,NOVEC (co-op),unambiguous,,1674,,,7696-46-3403,REZ2022-00031,-77.514343,38.77437
pw_building,Prince William County,Hunter Property 1,Hunter Property 1,unresolved,,,,Pending,401000,,NOVEC (co-op),unambiguous,,2426,,,7496-25-7319,,-77.59038,38.770887
pw_building,Prince William County,Hunter Property 2,Google,osm_tag,,Google,,Pending,401000,,NOVEC (co-op),unambiguous,,2491,,,7496-25-7319,,-77.589093,38.772955
pw_building,Prince William County,Hunter Property 7,Google,osm_tag,,Google,,Pending,401000,,NOVEC (co-op),unambiguous,,2240,,,7496-25-7319,,-77.586514,38.771788
pw_building,Prince William County,Hunter Property 6,Google,osm_tag,,Google,,Pending,401000,,NOVEC (co-op),unambiguous,,2238,,,7496-25-7319,,-77.587291,38.771126
pw_building,Prince William County,Hunter Property 5,Hunter Property 5,unresolved,,,,Pending,401000,,NOVEC (co-op),unambiguous,,2220,,,7496-25-7319,,-77.588157,38.770099
pw_building,Prince William County,Hunter Property 4,Hunter Property 4,unresolved,,,,Pending,401000,,NOVEC (co-op),unambiguous,,2230,,,7496-25-7319,,-77.588824,38.769578
pw_building,Prince William County,Hunter Property 3,Hunter Property 3,unresolved,,,,Pending,401000,,NOVEC (co-op),unambiguous,,2242,,,7496-25-7319,,-77.58982,38.768673
pw_building,Prince William County,Hunter Property 8,Hunter Property 8,unresolved,,,,Pending,401000,,NOVEC (co-op),unambiguous,,1728,,,7496-43-8199,,-77.582194,38.768651
pw_building,Prince William County,Hunter Property 9,Hunter Property 9,unresolved,,,,Pending,401000,,NOVEC (co-op),unambiguous,,1654,,,7496-43-8199,,-77.583392,38.766599
pw_building,Prince William County,Hunter Property 10,Hunter Property 10,unresolved,,,,Pending,401000,,NOVEC (co-op),unambiguous,,1518,,,7496-43-8199,,-77.582068,38.765942
pw_building,Prince William County,Digital Gateway South,Digital Gateway South,unresolved,,,,Planned,462500,,NOVEC (co-op),unambiguous_near_boundary,,98,,,,,-77.580621,38.814186
pw_building,Prince William County,Digital Gateway South,Digital Gateway South,unresolved,,,,Planned,462500,,NOVEC (co-op),unambiguous,,272,,,,,-77.581825,38.815755
pw_building,Prince William County,Digital Gateway South,Digital Gateway South,unresolved,,,,Planned,462500,,NOVEC (co-op),unambiguous,,423,,,,,-77.582821,38.817103
pw_building,Prince William County,Digital Gateway South,Digital Gateway South,unresolved,,,,Planned,462500,,NOVEC (co-op),unambiguous,,1339,,,,,-77.568215,38.822023
pw_building,Prince William County,Digital Gateway South,Digital Gateway South,unresolved,,,,Planned,462500,,NOVEC (co-op),unambiguous,,1579,,,,,-77.567728,38.824536
pw_building,Prince William County,Digital Gateway South,Digital Gateway South,unresolved,,,,Planned,462500,,NOVEC (co-op),unambiguous,,1466,,,,,-77.567883,38.823334
pw_building,Prince William County,Digital Gateway North,Digital Gateway North,unresolved,,,,Planned,583333,,NOVEC (co-op),unambiguous,,2986,,,,,-77.580768,38.842994
pw_building,Prince William County,Digital Gateway North,Digital Gateway North,unresolved,,,,Planned,583333,,NOVEC (co-op),unambiguous,,3029,,,,,-77.578708,38.842996
pw_building,Prince William County,Digital Gateway North,Digital Gateway North,unresolved,,,,Planned,583333,,NOVEC (co-op),unambiguous,,3961,,,,,-77.569633,38.849343
pw_building,Prince William County,Digital Gateway North,Digital Gateway North,unresolved,,,,Planned,583333,,NOVEC (co-op),unambiguous,,3286,,,,,-77.571495,38.843344
pw_building,Prince William County,Digital Gateway North,Digital Gateway North,unresolved,,,,Planned,583333,,NOVEC (co-op),unambiguous,,4220,,,,,-77.568799,38.851607
pw_building,Prince William County,Digital Gateway North,Digital Gateway North,unresolved,,,,Planned,583333,,NOVEC (co-op),unambiguous,,3494,,,,,-77.570912,38.845195
pw_building,Prince William County,Digital Gateway North,Digital Gateway North,unresolved,,,,Planned,583333,,NOVEC (co-op),unambiguous,,4432,,,,,-77.558328,38.849773
pw_building,Prince William County,Digital Gateway North,Digital Gateway North,unresolved,,,,Planned,583333,,NOVEC (co-op),unambiguous,,4381,,,,,-77.564009,38.851405
pw_building,Prince William County,Digital Gateway North,Digital Gateway North,unresolved,,,,Planned,583333,,NOVEC (co-op),unambiguous,,4404,,,,,-77.561084,38.85037
pw_building,Prince William County,Digital Gateway North,Digital Gateway North,unresolved,,,,Planned,583333,,NOVEC (co-op),unambiguous,,4089,,,,,-77.561716,38.84753
pw_building,Prince William County,Compass Datacenters PWC,Compass,matched,,,,Planned,679718,,NOVEC (co-op),unambiguous,,3869,,,,,-77.577428,38.850532
pw_building,Prince William County,Compass Datacenters PWC,Compass,matched,,,,Planned,679718,,NOVEC (co-op),unambiguous,,2624,,,,,-77.58108,38.839713
pw_building,Prince William County,Compass Datacenters PWC,Compass,matched,,,,Planned,679718,,NOVEC (co-op),unambiguous,,2493,,,,,-77.580894,38.838468
pw_building,Prince William County,Compass Datacenters PWC,Compass,matched,,,,Planned,679718,,NOVEC (co-op),unambiguous,,2426,,,,,-77.574098,38.835682
pw_building,Prince William County,Compass Datacenters PWC,Compass,matched,,,,Planned,679718,,NOVEC (co-op),unambiguous,,2277,,,,,-77.575927,38.834931
pw_building,Prince William County,Compass Datacenters PWC,Compass,matched,,,,Planned,679718,,NOVEC (co-op),unambiguous,,2001,,,,,-77.582798,38.834285
pw_building,Prince William County,Compass Datacenters PWC,Compass,matched,,,,Planned,679718,,NOVEC (co-op),unambiguous,,2013,,,,,-77.579407,38.833563
pw_building,Prince William County,Compass Datacenters PWC,Compass,matched,,,,Planned,679718,,NOVEC (co-op),unambiguous,,1573,,,,,-77.575432,38.827185
pw_building,Prince William County,Compass Datacenters PWC,Compass,matched,,,,Planned,679718,,NOVEC (co-op),unambiguous,,1790,,,,,-77.575228,38.829399
pw_building,Prince William County,Compass Datacenters PWC,Compass,matched,,,,Planned,679718,,NOVEC (co-op),unambiguous,,1534,,,,,-77.580268,38.829165
pw_building,Prince William County,Compass Datacenters PWC,Compass,matched,,,,Planned,679718,,NOVEC (co-op),unambiguous,,1204,,,,,-77.584238,38.827183
pw_building,Prince William County,Compass Datacenters PWC,Compass,matched,,,,Planned,679718,,NOVEC (co-op),unambiguous,,1030,,,,,-77.579744,38.823411
pw_building,Prince William County,Compass Datacenters PWC,Compass,matched,,,,Planned,679718,,NOVEC (co-op),unambiguous,,890,,,,,-77.582826,38.823673
pw_building,Prince William County,Hornbaker Road 2,Hornbaker Road 2,unresolved,,,,Planned,435760,,NOVEC (co-op),unambiguous,,1498,,,7596-81-5396,REZ2025-00014,-77.533769,38.762603
pw_building,Prince William County,CloudHQ Manassas Corporate Center 8,CloudHQ,matched,,CloudHQ,MCC3,Pending,860788,,Dominion (VEPCO),unambiguous,,878,yes (air permit),DEQ 74107 [operating],7794-06-1635,REZ2026-00032,-77.493979,38.717734
pw_building,Prince William County,Project Industry A,Project Industry A,unresolved,,,,Pending,171758,,NOVEC (co-op),unambiguous,,1828,,,7496-58-4088,REZ2025-00003,-77.579791,38.781103
pw_building,Prince William County,Project Industry B,Project Industry B,unresolved,,,,Pending,171758,,NOVEC (co-op),unambiguous,,1947,,,7496-58-0951,REZ2025-00003,-77.580623,38.780052
pw_building,Prince William County,B,CloudHQ,osm_tag,,CloudHQ,MCC2,Planned,292750,,Dominion (VEPCO),unambiguous,,657,,,7694-78-6585,REZ1987-0021,-77.50183,38.72521
pw_building,Prince William County,C,C,unresolved,,,,Planned,455633,,Dominion (VEPCO),unambiguous,,865,,,7694-68-7035,REZ1987-0021,-77.504124,38.724594
pw_building,Prince William County,A,A,unresolved,,,,Planned,372608,,Dominion (VEPCO),unambiguous,,782,,,7694-69-8742,REZ1987-0021,-77.504724,38.727588
pw_building,Prince William County,Gainesville RLC,Gainesville RLC,unresolved,,,,Planned,989867,,NOVEC (co-op),unambiguous_near_boundary,,144,,,7497-14-5061,REZ1958-0021,-77.593103,38.796813
pw_building,Prince William County,Hansen Farm North,Hansen Farm North,unresolved,,,,Planned,311000,,NOVEC (co-op),unambiguous,,1802,,,7597-11-2534,REZ1958-0034,-77.558614,38.788099
pw_building,Prince William County,Rose East B,Rose East B,unresolved,,,,Planned,265546,,NOVEC (co-op),unambiguous,,2029,,,7596-09-7967,PLN2004-00071,-77.560118,38.783819
pw_building,Prince William County,Rose East A,Rose East A,unresolved,,,,Planned,356640,,NOVEC (co-op),unambiguous,,2092,yes (air permit),DEQ 74081 [operating],7596-09-7967,PLN2004-00071,-77.560528,38.782817
pw_building,Prince William County,Rose West,Rose West,unresolved,,,,Planned,246068,,NOVEC (co-op),unambiguous,,1761,,,7596-09-7967,PLN2004-00071,-77.562558,38.785357
pw_building,Prince William County,Hansen Farm South,Hansen Farm South,unresolved,,,,Planned,228140,,NOVEC (co-op),unambiguous,,1580,,,7497-80-5986,REZ1990-0076,-77.566639,38.785155
pw_building,Prince William County,Manassas Tech Park North 1,Manassas Tech Park North 1,unresolved,,,,Planned,170000,,NOVEC (co-op),unambiguous,,413,,,7596-50-2719,REZ1985-0048,-77.545376,38.757197
pw_building,Prince William County,Manassas Tech Park North 2,Manassas Tech Park North 2,unresolved,,,,Planned,170000,,NOVEC (co-op),unambiguous,,417,,,7595-49-8655,REZ1985-0048,-77.546235,38.75571
pw_building,Prince William County,Manassas Data Center,Manassas Data Center,unresolved,,,,Planned,460740,,NOVEC (co-op),unambiguous,,508,,,7497-03-2210,REZ1989-0038,-77.5973,38.792327
pw_building,Prince William County,Redstone Tech Park South F,Redstone Tech Park South F,unresolved,,,,Planned,196102,,NOVEC (co-op),unambiguous,,696,,,7595-77-5466,PLN2007-00406,-77.536985,38.750466
pw_building,Prince William County,Redstone Tech Park South E,Redstone Tech Park South E,unresolved,,,,Planned,200785,,NOVEC (co-op),unambiguous,,816,,,7595-78-4035,REZ1998-0006,-77.537203,38.751739
pw_building,Prince William County,Patriot Business Center,Amazon Web Services,osm_tag,,Amazon Web Services,IAD52,Planned,252265,,NOVEC (co-op),unambiguous,,2320,yes (air permit),DEQ 73995 [operating],,REZ1969-0021,-77.550538,38.789995
pw_building,Prince William County,Six Towers 1,Six Towers 1,unresolved,,,,Pending,472626,,NOVEC (co-op),unambiguous,,5428,,,7892-50-1385,REZ2026-00019,-77.442207,38.648067
pw_building,Prince William County,Six Towers 2,Six Towers 2,unresolved,,,,Pending,472626,,NOVEC (co-op),unambiguous,,5478,,,7892-50-1385,REZ2026-00019,-77.438616,38.648327
pw_building,Prince William County,Redstone 3,Redstone 3,unresolved,,,,Planned,14387,,NOVEC (co-op),unambiguous,,649,,,7595-67-8821,REZ1994-0013,-77.539816,38.748524
pw_building,Prince William County,Redstone 4,Redstone 4,unresolved,,,,Planned,14387,,NOVEC (co-op),unambiguous,,704,,,7595-67-8821,REZ1994-0013,-77.539191,38.748592
pw_building,Prince William County,Amazon AWS IAD-F,Amazon (AWS),matched,,Amazon Web Services,IAD104,Planned,201000,,NOVEC (co-op),unambiguous,,421,yes (air permit),DEQ 74240 [operating],7695-17-9607,PLN2007-0074,-77.52271,38.748426
pw_building,Prince William County,Wellington Road West,Wellington Road West,unresolved,,,,Planned,255500,,NOVEC (co-op),unambiguous,,265,,,7497-04-7126,REZ1958-0021,-77.595766,38.795788
pw_building,Prince William County,Redstone Tech Park North E,Redstone Tech Park North E,unresolved,,,,Planned,148500,,NOVEC (co-op),unambiguous,,913,,,7595-88-0593,REZ1996-0016,-77.535472,38.753513
pw_building,Prince William County,Redstone Tech Park North D,Redstone Tech Park North D,unresolved,,,,Planned,190336,,NOVEC (co-op),unambiguous,,912,,,7595-78-0192,REZ1996-0016,-77.539181,38.753742
pw_building,Prince William County,Redstone Tech Park North C,Redstone Tech Park North C,unresolved,,,,Planned,248665,,NOVEC (co-op),unambiguous,,786,,,7595-69-4800,REZ1996-0016,-77.540795,38.75386
pw_building,Prince William County,Redstone Tech Park North B,Redstone Tech Park North B,unresolved,,,,Planned,405000,,NOVEC (co-op),unambiguous,,673,,,7595-69-2101,REZ1985-0048,-77.542535,38.754575
pw_building,Prince William County,Redstone Tech Park North A,Redstone Tech Park North A,unresolved,,,,Planned,270000,,NOVEC (co-op),unambiguous,,725,,,7595-69-2565,PLN2008-00253,-77.542117,38.75591
pw_building,Prince William County,Manassas Tech Center Building B,Manassas Tech Center Building B,unresolved,,,,Planned,210329,,NOVEC (co-op),unambiguous,,1021,yes (air permit),DEQ 74333 [planned],7596-62-9148.00,REZ2026-00022,-77.539852,38.762672
pw_building,Prince William County,Manassas Tech Center Building C,Manassas Tech Center Building C,unresolved,,,,Pending,256260,,NOVEC (co-op),unambiguous,,1247,yes (air permit),DEQ 74333 [planned],,,-77.53787,38.764036
pw_building,Prince William County,Wellington Road East,Wellington Road East,unresolved,,,,Planned,116550,,NOVEC (co-op),unambiguous,,322,,,7497-13-3597,REZ1958-0021,-77.593274,38.795215
pw_building,Prince William County,Digital Realty VA5,Digital Realty,matched,,Digital Realty,,Planned,155427,,NOVEC (co-op),unambiguous,,1986,,,7496-07-8757,REZ1958-0021,-77.595898,38.777322
pw_building,Prince William County,Amazon Parsons Business Park 6,Amazon (AWS),matched,,,,Planned,15943,,NOVEC (co-op),unambiguous,,5824,,,7891-69-0322,REZ2023-00028,-77.438306,38.645166
pw_building,Prince William County,SUDLEY MANOR DRIVE A,Iron Mountain,osm_tag,,Iron Mountain,,Pending,293236,,NOVEC (co-op),unambiguous,,1045,yes (air permit),DEQ 74333 [planned],,REZ2020-00010,-77.541859,38.764985
pw_building,Prince William County,Exeter Property Group,Exeter Property Group,unresolved,,,,Planned,155610,,NOVEC (co-op),unambiguous,,3081,,,7697-75-5985,REZ1987-0015,-77.501641,38.799772
pw_building,Prince William County,Astrid North,Astrid North,unresolved,,,,Planned,1700000,,NOVEC (co-op),unambiguous,,677,,,7497-61-8568,REZ1958-0021,-77.574196,38.791574
pw_building,Prince William County,Astrid South,Astrid South,unresolved,,,,Planned,1100000,,NOVEC (co-op),unambiguous,,1140,,,7497-61-8568,REZ1958-0021,-77.575344,38.787333
pw_building,Prince William County,Atlantic Funding 3,Atlantic Funding 3,unresolved,,,,Pending,200627,,Dominion (VEPCO),unambiguous_near_boundary,,47,,,8290-03-9812,REZ2026-00041,-77.319294,38.595385
pw_building,Prince William County,Atlantic Funding 2,Atlantic Funding 2,unresolved,,,,Pending,200627,,Dominion (VEPCO),unambiguous_near_boundary,,64,,,8290-03-9812,REZ2026-00041,-77.317547,38.597459
pw_building,Prince William County,Atlantic Funding 1,Atlantic Funding 1,unresolved,,,,Pending,200627,,Dominion (VEPCO),unambiguous_near_boundary,,52,,,8290-03-9812,REZ2026-00041,-77.316219,38.59913
pw_building,Prince William County,Yondr Bristow Campus Building 4,Yondr,matched_osm_differs,,Google,,Planned,167514,,NOVEC (co-op),unambiguous,,2362,yes (air permit),DEQ 74216 [operating],7496-47-2405,REZ2017-00023,-77.588201,38.776069
pw_building,Prince William County,Century Park 2,Century Park 2,unresolved,,,,Planned,164000,,NOVEC (co-op),unambiguous,,2876,yes (air permit),DEQ 73741 [operating],7597-54-9420.01,REZ1969-0021,-77.542337,38.796122
pw_building,Prince William County,Century Park 1,Century Park 1,unresolved,,,,Planned,252000,,NOVEC (co-op),unambiguous,,2697,,,7597-54-1893.01,REZ1969-0021,-77.544345,38.79773
pw_building,Prince William County,Power loft DC6,Amazon Web Services,osm_tag,,Amazon Web Services,,Planned,21340,,NOVEC (co-op),unambiguous_near_boundary,,92,yes (air permit),DEQ 73683 [operating],7595-96-0662,PLN2007-00535,-77.532234,38.746503
pw_building,Prince William County,Southgate South 1,Southgate South 1,unresolved,,,,Pending,303000,,NOVEC (co-op),unambiguous,,267,,,8190-90-6518,REZ2026-00044,-77.320348,38.591411
pw_building,Prince William County,Southgate South 3,Southgate South 3,unresolved,,,,Pending,303000,,NOVEC (co-op),unambiguous,,203,,,8190-90-6518,REZ2026-00044,-77.321094,38.587844
pw_building,Prince William County,Southgate South 2,Southgate South 2,unresolved,,,,Pending,303000,,NOVEC (co-op),unambiguous,,236,,,8190-90-6518,REZ2026-00044,-77.32073,38.589624
pw_building,Prince William County,CloudHQ Manassas Data Center 3,CloudHQ,matched,,,,Under Construction,523151,,Dominion (VEPCO),unambiguous,,690,yes (air permit),DEQ 74118 [planned],7695-41-6086,REZ2018-00001,-77.51167,38.733768
pw_building,Prince William County,Manassas Tech Park II South,Manassas Tech Park II South,unresolved,,,,Planned,198500,,NOVEC (co-op),unambiguous,,388,,,7595-59-2712,REZ1985-0048,-77.545577,38.753627
pw_building,Prince William County,Equinix Manassas DC19,Equinix,matched,,Equinix,DC14,Planned,85125,,NOVEC (co-op),unambiguous,,3927,,,7697-47-2201,REZ1998-0027,-77.513108,38.802996
pec,Caroline County,Mattameade Tech Campus,Amazon (AWS),matched,Amazon Data Services Inc,,,Proposed,4500000,,REC (co-op),unambiguous,,9882,,,27-A-4A,,-77.491153,38.114647
pec,Caroline County,VALCO Data Center Park,VALCO CAROLINE COUNTY,unresolved,VALCO CAROLINE COUNTY,,,Proposed,1216000,,REC (co-op),unambiguous,,13266,,,80-A-43,,-77.543872,37.924103
pec,Caroline County,Carmel Church Data Hub,W & F PARTNERS,unresolved,W & F PARTNERS,,,Proposed,1600000,,REC (co-op),unambiguous,,13821,,,82-14-A,,-77.477973,37.939327
pec,Chesterfield County,Digital Fortress: Richmond,Chirisa,matched_osm_differs,CHIRISA RICHMOND LLC,Digital Fortress,,Existing,242042,25.0,Dominion (VEPCO),unambiguous,,9645,yes (air permit),DEQ 52432 [operating],823657720300000,,-77.327411,37.360482
pec,Chesterfield County,Virginia Information Technologies Agency,SLK Global (enterprise),matched,SLK GLOBAL SOLUTIONS AMERICA,,,Existing,192195,,Dominion (VEPCO),unambiguous,,9959,yes (air permit),DEQ 52173 [operating],822656429800000,,-77.331778,37.360415
pec,Culpeper County,Equinix,Equinix,matched,EQUINIX,Equinix,,Existing,370000,,REC (co-op),unambiguous,,154,,,51-83A1,,-77.978276,38.454939
pec,Culpeper County,SWIFT,SWIFT (enterprise),matched,SWIFT,,,Existing,90000,,Culpeper (municipal),unambiguous_near_boundary,,102,,,51 83F,,-77.98348,38.455539
pec,Culpeper County,Cielo Digital Infrastructure,EdgeCore,matched,Edgecore,,,Proposed,1400000,,REC (co-op),unambiguous,,246,,,41-110,,-77.963531,38.466786
pec,Culpeper County,CloudHQ,CloudHQ,matched,CloudHQ,,,Proposed,2100000,,REC (co-op),unambiguous,,162,,,41-106D,,-77.977615,38.461639
pec,Culpeper County,Copper Ridge,STACK Infrastructure,matched,STACK INFRASTRUCTURE,,,Proposed,2200000,,Culpeper (municipal),unambiguous,,445,,,,,-77.987389,38.465295
pec,Culpeper County,Culpeper Technology Campus,STACK Infrastructure,matched,STACK INFRASTRUCTURE,,,Proposed,2100000,,Culpeper (municipal),unambiguous,,229,,,,,-77.987731,38.460241
pec,Culpeper County,Marvell Developments,Amazon (AWS),matched,Amazon Data Services Inc,,,Proposed,445000,,Dominion (VEPCO),unambiguous,,1011,,,54-14C,,-77.875761,38.435802
pec,Culpeper County,DataBank,DataBank,matched,Databank,,,Proposed,900000,,Dominion (VEPCO),unambiguous,,288,,,51-84E,,-77.978186,38.449959
pec,Culpeper County,Keyser Farm,"Red Ace, Keyser Family",unresolved,"Red Ace, Keyser Family",,,Proposed,1506582,,Dominion (VEPCO),unambiguous,,384,,,41-97,,-77.973753,38.469711
pec,Fairfax County,Amazon Web Services Mallory,Amazon (AWS),matched,Amazon Data Services Inc,Amazon Web Services,,Existing,440870,,Dominion (VEPCO),unambiguous,,600,yes (air permit),DEQ 74239 [operating],0341 03 0013,,-77.453811,38.904927
pec,Fairfax County,AWS Westfax A,Amazon (AWS),matched,Amazon Data Services Inc,Amazon Web Services,IAD-1,Existing,95000,,Dominion (VEPCO),unambiguous,,1098,yes (air permit),DEQ 73294 [operating],0343 09 0004,,-77.454029,38.897989
pec,Fairfax County,AWS Westfax B,Amazon (AWS),matched,Amazon Data Services Inc,Amazon Web Services,IAD-9,Existing,95000,,Dominion (VEPCO),unambiguous,,922,yes (air permit),DEQ 73294 [operating],0343 09 0003A,,-77.453439,38.899592
pec,Fairfax County,BIT HOLDINGS FIFTY-FOUR,BIT HOLDINGS FIFTY-FOUR INC,unresolved,BIT HOLDINGS FIFTY-FOUR INC,,,Existing,338364,,Dominion (VEPCO),unambiguous,,2613,yes (air permit),DEQ 73813 [operating],0552 01 0019,,-77.393411,38.860842
pec,Fairfax County,CHANTILLY TECHNOLOGY PARTNERS,Digital Realty,osm_tag,CHANTILLY TECHNOLOGY PARTNERS LLC,Digital Realty,,Existing,145409,,Dominion (VEPCO),unambiguous,,246,,,0332 01 0010D,,-77.472694,38.91007
pec,Fairfax County,COPT STONECROFT,COPT,matched,COPT STONECROFT LLC,,,Existing,320330,,NOVEC (co-op),unambiguous,,424,,,0432 02 0039C,,-77.461776,38.876262
pec,Fairfax County,Coresite 12100 SV & 12098 SV,CoreSite,matched,Coresite,CoreSite,,Existing,332957,,Dominion (VEPCO),unambiguous,,6998,yes (air permit),DEQ 74130 [operating],0173 01 0032A,,-77.371707,38.948457
pec,Fairfax County,Coresite 12100 SV & 12098 SV,CoreSite,matched,Coresite,CoreSite,,Proposed,610643,,Dominion (VEPCO),unambiguous,,6998,yes (air permit),DEQ 74130 [operating],0173 01 0032A,,-77.371707,38.948457
pec,Fairfax County,SUNRISE TECHNOLOGY PARK,CoreSite,matched,Coresite,CoreSite,,Existing,423341,,Dominion (VEPCO),unambiguous,,7637,yes (air permit),DEQ 72296 [operating],0173 083A0001A,,-77.36489,38.950704
pec,Fairfax County,LEMUR PROPERTIES LLC,Digital Realty,matched,Digital Realty,Digital Realty,VA3,Existing,264888,,Dominion (VEPCO),unambiguous,,7881,yes (air permit),DEQ 73567 [operating],0183 08 0009A,,-77.32714,38.948556
pec,Fairfax County,ELIAS DC ASSETS,DataBank,osm_tag,ELIAS DC ASSETS LLC,DataBank,IAD2,Existing,69089,,Dominion (VEPCO),unambiguous,,5394,yes (air permit),DEQ 73717 [operating],0294 06 0097F,,-77.213476,38.919979
pec,Fairfax County,Equinix DC 97,Equinix,matched,LDI PROPCO 2 LLC,Equinix,,Existing,63912,,Dominion (VEPCO),unambiguous,,6737,,,0162 54 0002,,-77.377431,38.961671
pec,Fairfax County,LEE ROAD PROPERTY,LEE ROAD PROPERTY LLC,unresolved,LEE ROAD PROPERTY LLC,,,Existing,20118,,Dominion (VEPCO),unambiguous,,1093,yes (air permit),DEQ 74350 [planned],0343 01 0023E1,,-77.453678,38.890537
pec,Fairfax County,Northrop Grumman Systems Corporation,Northrop Grumman (enterprise),matched,NORTHROP GRUMMAN SYSTEMS CORP,,,Existing,602257,,Dominion (VEPCO),unambiguous,,5067,yes (air permit),DEQ 73798 [operating],0303 28 C2,,-77.206844,38.921877
pec,Fairfax County,Northrop Grummon Systems Corporation,Northrop Grumman (enterprise),matched,NORTHROP GRUMMAN SYSTEMS CORP,,,Existing,358898,,Dominion (VEPCO),unambiguous,,10917,yes (air permit),DEQ 73872 [operating],0494 13 0013,,-77.215622,38.867814
pec,Fairfax County,RDC-1807 MICHAEL FARADAY COURT,Evocative,osm_tag,RDC-1807 MICHAEL FARADAY COURT LLC,Evocative,IAD1,Existing,30609,,Dominion (VEPCO),unambiguous,,8018,yes (air permit),DEQ 73567 [operating],0183 05 0010,,-77.329223,38.948863
pec,Fairfax County,Roosevelt Building,Lumen Technologies,osm_tag,YOSEMITE DC ASSETS LLC,Lumen Technologies,,Existing,72546,,Dominion (VEPCO),unambiguous,,5357,yes (air permit),DEQ 73717 [operating],0294 06 0105,,-77.211757,38.919982
pec,Fairfax County,Science Applications International Corp (SAIC),DISCOVERY SQUARE LLC,unresolved,DISCOVERY SQUARE LLC,,,Existing,,,Dominion (VEPCO),unambiguous,,8893,,,0173 01 0005,,-77.349987,38.952652
pec,Fairfax County,TFG INDEPENDENCE CENTER I PROPERTY,TFG INDEPENDENCE CENTER I PROPERTY LLC,unresolved,TFG INDEPENDENCE CENTER I PROPERTY LLC,,,Existing,293514,,NOVEC (co-op),unambiguous_near_boundary,,120,,,0432 02 0029B2,,-77.462236,38.880273
pec,Fairfax County,Tysons Enterprise West,Equinix,matched,EQUINIX,Equinix,DC7,Existing,202500,,Dominion (VEPCO),unambiguous,,6734,yes (air permit),DEQ 71804 [operating],0392 01 0013D,,-77.2205,38.909006
pec,Fairfax County,VA 95 BUILDING NINE LP,VA 95 BUILDING NINE LP,unresolved,VA 95 BUILDING NINE LP,,,Existing,69832,,Dominion (VEPCO),unambiguous,,9540,,,0991 12 0010,,-77.20798,38.739192
pec,Fairfax County,Valo Park,TAMARES 7950 OWNER LLC,unresolved,TAMARES 7950 OWNER LLC,,,Existing,842366,,Dominion (VEPCO),unambiguous,,4167,,,0292 15 C1,,-77.218591,38.932386
pec,Fairfax County,AVION DATA CENTER,Amazon (AWS),matched,Amazon Data Services Inc,Amazon Web Services,,Proposed,768392,,Dominion (VEPCO),unambiguous,,519,yes (air permit),DEQ 74239 [operating],0341 03 0013,,-77.452673,38.904543
pec,Fairfax County,AWS Loisdale Station,Amazon (AWS),matched,Amazon Data Services Inc,Amazon Web Services,,Proposed,240000,,Dominion (VEPCO),unambiguous,,8398,yes (air permit),DEQ 74272 [operating],0992 01 0008A,,-77.186427,38.742267
pec,Fairfax County,"PARKSTONE TECH PARK, LLC","PARKSTONE TECH PARK, LLC",unresolved,"PARKSTONE TECH PARK, LLC",,,Proposed,500000,,NOVEC (co-op),unambiguous,,707,,,0434 06 0037B,,-77.465633,38.87255
pec,Fairfax County,PDCREF 2 Chantilly,PDCREF 2 CHANTILLY LLC,unresolved,PDCREF 2 CHANTILLY LLC,,,Proposed,402000,,Dominion (VEPCO),unambiguous,,283,,,0332 01 0006,,-77.465251,38.903057
pec,Fairfax County,Perspecta Datacenter Campus,Amazon (AWS),matched,Amazon Data Services Inc,Amazon Web Services,IAD-167,Existing,271471,,Dominion (VEPCO),unambiguous,,1501,yes (air permit),DEQ 74273 [operating],0244 01 0006B8,,-77.426835,38.923346
pec,Fairfax County,Perspecta Datacenter Campus,Amazon (AWS),matched,Amazon Data Services Inc,Amazon Web Services,IAD-167,Proposed,1046632,,Dominion (VEPCO),unambiguous,,1501,yes (air permit),DEQ 74273 [operating],0244 01 0006B8,,-77.426835,38.923346
pec,Fairfax County,Renaissance Technology Park,RP INDUSTRIAL OWNER II LLC,unresolved,RP INDUSTRIAL OWNER II LLC,,,Proposed,2136040,,Dominion (VEPCO),unambiguous,,2226,yes (air permit),DEQ 74336 [planned],0242 14 0004,,-77.423865,38.932446
pec,Fauquier County,DATA CENTER VINT HILL,DATA CENTER VINT HILL LLC,unresolved,DATA CENTER VINT HILL LLC,,,Existing,84199,,NOVEC (co-op),unambiguous,,663,,,7915-86-3249-000,,-77.674257,38.747419
pec,Fauquier County,Gigaland Remington,Gigaland Data Centers,unresolved,Gigaland Data Centers,,,Proposed,1600000,,Dominion (VEPCO),unambiguous,,367,,,6887-78-2050-000,,-77.78287,38.534484
pec,Fauquier County,Maple Tree Farm,Maple Tree Farm,unresolved,,,,Proposed,,,Dominion (VEPCO),unambiguous,,1984,,,6983-96-2271-000,,-77.779729,38.691586
pec,Fauquier County,Remington Technology Park,REMINGTON TECHNOLOGY PARK LTD PTNRSHP,unresolved,REMINGTON TECHNOLOGY PARK LTD PTNRSHP,,,Proposed,1700000,300.0,Dominion (VEPCO),unambiguous,,1081,,,6888-60-2817-000,,-77.789075,38.540508
pec,Fauquier County,SAMX Data Center,SAMX Data,unresolved,SAMX Data,,,Proposed,1140000,,Dominion (VEPCO),unambiguous,,799,,,6888-62-0664-000,,-77.783403,38.543182
pec,Fauquier County,Vint Hill Technology Campus (CyrusOne),CyrusOne,matched,C1 Vint Hill LLC,,,Proposed,981000,,NOVEC (co-op),unambiguous,,537,,,7915-88-3261-000,,-77.673496,38.752282
pec,Fauquier County,Warrenton Amazon Data Center,Amazon (AWS),matched,Amazon Data Services Inc,,,Proposed,220000,,Dominion (VEPCO),unambiguous,,1473,yes (air permit),DEQ 74271 [planned],6984-69-2419-000,,-77.787531,38.729474
pec,Frederick County,Middletown Data Center,MIDDLETOWN DATA CENTER LLC,unresolved,MIDDLETOWN DATA CENTER LLC,,,Existing,33483,6.7,REC (co-op),unambiguous,,185,yes (air permit),DEQ 80941 [operating],90 A 58C,,-78.290931,39.01765
pec,Hanover County,Pixel Factory,PIXEL FACTORY DEVELOPMENT LLC,unresolved,PIXEL FACTORY DEVELOPMENT LLC,,,Existing,6000,,Dominion (VEPCO),unambiguous,,9060,,,7797-09-6870,,-77.436271,37.699009
pec,Hanover County,Tract Technology Campus,VALCO HANOVER COUNTY,unresolved,VALCO HANOVER COUNTY,,,Proposed,11000000,,Dominion (VEPCO),unambiguous,,706,,,7881-62-7381,,-77.440396,37.786198
pec,Harrisonburg City,DBT Data Cyber Integration Center,DBT Data,matched,AC 139 TYCO STREET LLC,,,Existing,95500,,Harrisonburg (municipal),unambiguous,,624,yes (air permit),DEQ 81609 [operating],041 E 3,,-78.856794,38.462488
pec,Harrisonburg City,DBT DATA Cyber Integration Center,DBT Data,matched,AC 139 TYCO STREET LLC,,,Proposed,30000,,Harrisonburg (municipal),unambiguous,,624,yes (air permit),DEQ 81609 [operating],041 E 3,,-78.856794,38.462488
pec,Henrico County,Bank of America,Bank of America,osm_tag,Bank of America,Bank of America,,Existing,382408,,Dominion (VEPCO),unambiguous,,18946,,,849-706-0950,,-77.23808,37.495662
pec,Henrico County,Cavalier Innsbrook Data Center,HIGHWOODS PROP,unresolved,HIGHWOODS PROP,,,Existing,,,Dominion (VEPCO),unambiguous,,7898,,,750-765-9452,,-77.573923,37.660876
pec,Henrico County,EdgeConneX Richmond - EDCRIC01,NORTH RUN LH LLC,unresolved,NORTH RUN LH LLC,,,Existing,17888,,Dominion (VEPCO),unambiguous,,14325,,,781-757-7788,,-77.467785,37.63892
pec,Henrico County,6200 TECHNOLOGY BLVD,Meta,matched,FACEBOOK,Meta,,Existing,320459,,Dominion (VEPCO),unambiguous,,17401,yes (air permit),DEQ 52629 [operating],849-701-2260,,-77.236464,37.481849
pec,Henrico County,7301 TECHNOLOGY BLVD,Meta,matched,FACEBOOK,Meta,,Existing,338899,,Dominion (VEPCO),unambiguous,,16951,,,852-700-2714,,-77.22688,37.478311
pec,Henrico County,Infotel Systems Data Center,Infotel,unresolved,Infotel,,,Existing,572,,Dominion (VEPCO),unambiguous,,16539,,,780-748-2431,,-77.473484,37.612851
pec,Henrico County,Lumen Richmond 1,Lumen,matched_osm_differs,LEVEL 3 COMMUNICATIONS LLC,Flexential,,Existing,36508,,Dominion (VEPCO),unambiguous,,14066,,,790-760-2582,,-77.438443,37.646784
pec,Henrico County,Lumen Richmond 2,Lumen,matched,LEVEL 3 COMMUNICATIONS LLC,,,Existing,5522,,Dominion (VEPCO),unambiguous,,14345,,,771-752-8623,,-77.502674,37.623895
pec,Henrico County,White Oak Tech Park (QTS),QTS,matched_osm_differs,QTS,Quality Technology Services,,Existing,769186,,Dominion (VEPCO),unambiguous,,18339,,,847-703-4371,,-77.246034,37.489465
pec,Henrico County,Project Tropical,Meta,matched,FACEBOOK,,,Proposed,675000,,Dominion (VEPCO),unambiguous,,16496,,,850-698-1623,,-77.234778,37.473799
pec,Henrico County,Atlantic Crossing,ATLANTIC CROSSING LLC,unresolved,ATLANTIC CROSSING LLC,,,Proposed,,,Dominion (VEPCO),unambiguous,,20171,,,840-713-3163,,-77.260427,37.504286
pec,King George County,Birchwood AWS,Amazon (AWS),matched,Amazon Data Services Inc,,,Proposed,7250000,,Dominion (VEPCO),unambiguous,,510,,,21 50,,-77.317728,38.266402
pec,Loudoun County,Loudoun Commerce Center,Amazon (AWS),matched_osm_differs,Amazon Data Services Inc,Centersquare,IAD1-C,Proposed,311670,,Dominion (VEPCO),unambiguous,,4711,yes (air permit),DEQ 73160 [operating],030208833000,,-77.410069,39.022398
pec,Loudoun County,MECP 1 ASHBURN 2 LLC,EdgeCore,matched_osm_differs,Edgecore,CyrusOne,NVA8,Proposed,348000,,Dominion (VEPCO),unambiguous,,4810,yes (air permit),DEQ 74306 [planned],030292034000,,-77.415119,39.02199
pec,Loudoun County,NV-8 CYRUSONE,CyrusOne,matched,C1 NORTHERN VIRGINIA - STERLING VIII LLC,CyrusOne,NVA8,Existing,154100,,Dominion (VEPCO),unambiguous,,4871,yes (air permit),DEQ 74164 [operating],030296913000,,-77.413366,39.021246
pec,Loudoun County,CYXTERA DC2 COLOCATION,Peterson/Medina,matched_osm_differs,MEDINA DC 2 ASSETS LLC,Centersquare,IAD1-A,Existing,89072,,Dominion (VEPCO),unambiguous,,4648,yes (air permit),DEQ 74164 [operating],030297084000,,-77.413183,39.023248
pec,Loudoun County,Manekin Plaza,Amazon (AWS),matched,Amazon Data Services Inc,,,Proposed,313000,,Dominion (VEPCO),unambiguous,,4543,yes (air permit),DEQ 73160 [operating],030309421000,,-77.407891,39.023774
pec,Loudoun County,MARIES TECH PARK LLC,Amazon (AWS),matched,Amazon Data Services Inc,Amazon Web Services,IAD117,Existing,426710,,Dominion (VEPCO),unambiguous,,4664,yes (air permit),DEQ 74170 [operating],030382006000,,-77.419503,39.023999
pec,Loudoun County,45845 NOKES BLVD,Peterson/Medina,matched_osm_differs,MEDINA DC 2 ASSETS LLC,Centersquare,IAD1-B,Existing,79300,,Dominion (VEPCO),unambiguous,,4606,yes (air permit),DEQ 74306 [planned],030391106000,,-77.415268,39.023867
pec,Loudoun County,C1 NORTHERN VA - STERLING I-III,CyrusOne,matched,CyrusOne,CyrusOne,NVA1;NVA2;NVA3,Existing,420000,48.0,Dominion (VEPCO),unambiguous,,4354,yes (air permit),DEQ 74086 [operating],030393965001,,-77.414536,39.026067
pec,Loudoun County,CYXTERA COLOCATION,Peterson/Medina,matched_osm_differs,MEDINA DC 2 ASSETS LLC,Centersquare,IAD1-C,Existing,135500,,Dominion (VEPCO),unambiguous,,4467,yes (air permit),DEQ 74086 [operating],030399036000,,-77.412335,39.024801
pec,Loudoun County,Vantage V2 Campus 22318 Glenn Drive,Vantage,matched,VANTAGE DATA CENTERS VA2 LLC,Vantage Data Centers,VA2,Existing,565680,,Dominion (VEPCO),unambiguous,,1674,yes (air permit),DEQ 74242 [operating],032155119000,,-77.43019,38.997973
pec,Loudoun County,CPUS STERLING LP,Amazon Web Services,osm_tag,CPUS STERLING LP,Amazon Web Services,IAD91,Existing,441780,,Dominion (VEPCO),unambiguous_near_boundary,,41,yes (air permit),DEQ 74121 [operating],033201325000,,-77.410862,38.987746
pec,Loudoun County,23005 INTERNATIONAL DR,Amazon Web Services,osm_tag,DULLES NCP II LLC,Amazon Web Services,IAD175,Existing,169960,,Dominion (VEPCO),unambiguous_near_boundary,,119,yes (air permit),DEQ 74153 [operating],034263373000,,-77.425622,38.979998
pec,Loudoun County,22945 INTERNATIONAL DR AWS,Amazon (AWS),matched,Amazon Data Services Inc,Amazon Web Services,IAD144,Existing,147900,,Dominion (VEPCO),unambiguous,,355,yes (air permit),DEQ 74153 [operating],034357851000,,-77.427514,38.982157
pec,Loudoun County,DULLES NCP LLC,Amazon Web Services,osm_tag,DULLES NCP LLC,Amazon Web Services,IAD145,Existing,203200,,Dominion (VEPCO),unambiguous_near_boundary,,141,yes (air permit),DEQ 74153 [operating],034365461000,,-77.424852,38.982399
pec,Loudoun County,WATERSIDE AWS,Amazon (AWS),matched,WATERSIDE I LLC,Amazon Web Services,IAD140,Existing,976046,,NOVEC (co-op),unambiguous,,298,yes (air permit),DEQ 74184 [operating],034385918000,,-77.417931,38.981249
pec,Loudoun County,NV-4 CYRUSONE LLC,CyrusOne,matched,C1 NORTHERN VIRGINIA - STERLING IV LLC,CyrusOne,CyrusOne Northern Virginia Sterling IV,Existing,128500,13.0,Dominion (VEPCO),unambiguous,,289,yes (air permit),DEQ 74109 [operating],034462865000,,-77.425815,38.984685
pec,Loudoun County,IAD2 Evoque Cyxtera,Centersquare,matched,22810-22860 INTERNATIONAL DRIVE LLC,Centersquare,IAD2-A,Existing,118541,,Dominion (VEPCO),unambiguous_near_boundary,,124,yes (air permit),DEQ 74109 [operating],034468458000,,-77.424019,38.984195
pec,Loudoun County,Dulles 2000 Redevelopment,BCG JV Sterling LLC; Phil Tager,unresolved,BCG JV Sterling LLC; Phil Tager,,,Proposed,530550,,NOVEC (co-op),unambiguous,,425,,,035457494000,,-77.426871,38.975126
pec,Loudoun County,VISA USA INC,Visa (enterprise),matched,VISA USA INC,,,Existing,365855,,Dominion (VEPCO),unambiguous,,2460,,,040464286000,,-77.445568,39.049205
pec,Loudoun County,BEAUMEADE LC PHASE III LLC,Amazon Web Services,osm_tag,BEAUMEADE LC PHASE III LLC,Amazon Web Services,IAD115,Existing,147600,,Dominion (VEPCO),unambiguous,,3918,yes (air permit),DEQ 74150 [operating],041352218000,,-77.449789,39.036379
pec,Loudoun County,PowerHouse/AREP ABX-1,PowerHouse,matched,AREP BEAUMEADE LLC,PowerHouse,ABX-1,Existing,259194,,Dominion (VEPCO),unambiguous,,4060,yes (air permit),DEQ 74290 [planned],042152579000,,-77.450494,39.019579
pec,Loudoun County,DC 21/IAD 98,COPT,matched_osm_differs,BCORE COPT DC-21 LLC,Amazon Web Services,IAD99,Existing,296380,,Dominion (VEPCO),unambiguous,,4768,,,042197707000,,-77.434002,39.019457
pec,Loudoun County,GI TC 45360 SEVERN WAY LLC,Amazon Web Services,osm_tag,GI TC 45360 SEVERN WAY LLC,Amazon Web Services,IAD10,Existing,126900,,Dominion (VEPCO),unambiguous,,5029,yes (air permit),DEQ 74114 [operating],042200988000,,-77.432917,39.021677
pec,Loudoun County,1304 SQUIRE CT,Amazon Web Services,osm_tag,ELECTRIC BUILDING LLC,Amazon Web Services,IAD32,Existing,36000,,Dominion (VEPCO),unambiguous,,4938,yes (air permit),DEQ 74114 [operating],042295813000,,-77.434758,39.021529
pec,Loudoun County,Dulles 28 Technology Park,BlackChamber,matched,BlackChamber Group,,,Proposed,685000,,Dominion (VEPCO),unambiguous,,3318,yes (air permit),DEQ 74079 [operating],043176560000,,-77.442906,39.008401
pec,Loudoun County,Paragon Park Lot 3B,BlackChamber,matched_osm_differs,BlackChamber Group,Amazon Web Services,IAD601,Proposed,405611,,Dominion (VEPCO),unambiguous,,4326,,,043395471000,,-77.434752,39.01517
pec,Loudoun County,21641 CHARLES VIEW DR,Amazon (AWS),matched,Amazon Data Services Inc,Amazon Web Services,IAD118,Existing,685682,,Dominion (VEPCO),unambiguous,,4393,,,043482656000,,-77.439682,39.017965
pec,Loudoun County,DULLES NORTH CORPORATE PARK 8,Vantage Data Centers,osm_tag,John Collich/BF SAUL REAL ESTATE INVESTMENT,Vantage Data Centers,VA2,Proposed,262000,,Dominion (VEPCO),unambiguous,,1537,yes (air permit),DEQ 74242 [operating],044104706000,,-77.432559,38.995342
pec,Loudoun County,QTS BRODERICK ACQUISITION CO LLC,QTS,matched_osm_differs,QTS,Quality Technology Services,DC1,Existing,427300,,Dominion (VEPCO),unambiguous,,2123,yes (air permit),DEQ 74315 [planned],044152877000,,-77.449818,38.999103
pec,Loudoun County,VERISIGN INC,Verisign (enterprise),matched,VERISIGN INC,,,Existing,64300,,Dominion (VEPCO),unambiguous,,2135,yes (air permit),DEQ 74315 [planned],044174648000,,-77.443683,38.997739
pec,Loudoun County,22370 KIPPER DR AWS,Amazon (AWS),matched,Amazon Data Services Inc,Amazon Web Services,IAD146,Existing,203460,,Dominion (VEPCO),unambiguous,,1848,yes (air permit),DEQ 74181 [operating],044193385000,,-77.435807,38.996965
pec,Loudoun County,NVA01 STACK INFRASTRUCTURE,STACK Infrastructure,matched,STACK INFRASTRUCTURE,Stack Infrastructure,NVA01A,Existing,180000,,Dominion (VEPCO),unambiguous,,2843,yes (air permit),DEQ 74079 [operating],044261032000,,-77.441976,39.004542
pec,Loudoun County,SENTINEL ASHBURN II,GI Partners,osm_tag,GI TC LOUDOUN LLC,GI Partners,,Existing,234100,,Dominion (VEPCO),unambiguous,,2383,yes (air permit),DEQ 74156 [operating],044282013000,,-77.439857,39.000604
pec,Loudoun County,VANTAGE DATA CENTERS VA11,Vantage,matched,VANTAGE DATA CENTERS,Vantage Data Centers,VA11,Existing,253352,,Dominion (VEPCO),unambiguous,,2396,yes (air permit),DEQ 74162 [operating],044288975001,,-77.437379,39.002134
pec,Loudoun County,VANTAGE DATA CENTERS VA12,Vantage,matched,VANTAGE DATA CENTERS,Vantage Data Centers,VA13,Existing,228606,,Dominion (VEPCO),unambiguous,,2614,yes (air permit),DEQ 74162 [operating],044288975002,,-77.440102,39.003054
pec,Loudoun County,DIGITAL LOUDOUN IV,Digital Realty,matched,DIGITAL LOUDOUN IV LLC,Digital Realty,IAD42,Existing,800702,,Dominion (VEPCO),unambiguous,,2692,yes (air permit),DEQ 74302 [planned],044370416000,,-77.451195,39.005144
pec,Loudoun County,Arcola Pacific Campus,PowerHouse,matched_osm_differs,PowerHouse Data Centers,Digital Realty,IAD42,Proposed,1100000,,Dominion (VEPCO),unambiguous,,2805,yes (air permit),DEQ 74302 [planned],044461959000,,-77.446989,39.004863
pec,Loudoun County,FR SUMMIT AWS,Amazon (AWS),matched,FR SUMMIT LLC,Amazon Web Services,Amazon IAD12,Existing,149200,,Dominion (VEPCO),unambiguous,,1260,yes (air permit),DEQ 73860 [operating],045159083000,,-77.44765,38.98871
pec,Loudoun County,MCP 22745 & 22755 RELOCATION DRIVE,Amazon Web Services,osm_tag,MCP 22745 & 22755 RELOCATION DRIVE LLC,Amazon Web Services,IAD58,Existing,251091,,Dominion (VEPCO),unambiguous,,909,yes (air permit),DEQ 74064 [operating],045175529000,,-77.442233,38.986491
pec,Loudoun County,PROLOGIS PARK GATEWAY II,Prologis,matched_osm_differs,Prologis,Aligned,IAD03,Proposed,294000,,Dominion (VEPCO),unambiguous,,981,yes (air permit),DEQ 74247 [operating],045185843002,,-77.438174,38.98795
pec,Loudoun County,DCT DULLES PHASE II,Amazon Web Services,osm_tag,DCT DULLES PHASE II LLC,Amazon Web Services,Amazon IAD16,Existing,75800,,Dominion (VEPCO),unambiguous,,1413,yes (air permit),DEQ 73860 [operating],045254455000,,-77.448855,38.990599
pec,Loudoun County,113 EXECUTIVE DR Prologis,Prologis,matched_osm_differs,Prologis,Amazon Web Services,IAD88,Proposed,750000,,Dominion (VEPCO),unambiguous,,1408,yes (air permit),DEQ 74247 [operating],045269479000,,-77.444345,38.990668
pec,Loudoun County,22660 Executive Dr Prologis,Prologis,matched_osm_differs,Prologis,Amazon Web Services,IAD88,Proposed,,,Dominion (VEPCO),unambiguous,,1241,yes (air permit),DEQ 74247 [operating],045274849000,,-77.442061,38.989753
pec,Loudoun County,Aligned Energy Data Center,Vantage,matched_osm_differs,VANTAGE DATA CENTERS,Aligned,IAD03,Existing,306224,,Dominion (VEPCO),unambiguous,,1077,yes (air permit),DEQ 74247 [operating],045279612000,,-77.440856,38.98849
pec,Loudoun County,DIGITAL STERLING PREMIER,Amazon Web Services,osm_tag,DIGITAL STERLING PREMIER LLC,Amazon Web Services,IAD192,Existing,258252,,Dominion (VEPCO),unambiguous,,1218,yes (air permit),DEQ 74287 [planned],045299249000,,-77.434674,38.990039
pec,Loudoun County,IAD76,Amazon Web Services,osm_tag,FR RANDOLPH DRIVE LLC,Amazon Web Services,IAD76,Existing,138900,,Dominion (VEPCO),unambiguous,,1628,yes (air permit),DEQ 73757 [operating],045352692000,,-77.450235,38.994056
pec,Loudoun County,DATA CENTER BUILDING C,Amazon Web Services,osm_tag,DCT DULLES PHASE II LLC,Amazon Web Services,Amazon IAD15,Existing,103000,,Dominion (VEPCO),unambiguous,,1524,yes (air permit),DEQ 73757 [operating],045358110000,,-77.448552,38.991719
pec,Loudoun County,IAD03,Aligned,matched_osm_differs,ALIGNED ENERGY DATA CENTERS ASHBURN LLC,Digital Realty,IAD55,Existing,180355,72.0,Dominion (VEPCO),unambiguous,,1425,yes (air permit),DEQ 74264 [operating],045399350000,,-77.434115,38.993077
pec,Loudoun County,QTS Ashburn-Moran,QTS,matched_osm_differs,QTS,Quality Technology Services,,Existing,65058,,Dominion (VEPCO),unambiguous,,1776,yes (air permit),DEQ 73757 [operating],045458114000,,-77.448141,38.994462
pec,Loudoun County,1501 Moran Road,EdgeCore,matched_osm_differs,Edgecore,Quality Technology Services,,Proposed,285000,,Dominion (VEPCO),unambiguous,,1935,yes (air permit),DEQ 74315 [planned],045465016000,,-77.446225,38.995197
pec,Loudoun County,22350 KIPPER DR AWS,Amazon (AWS),matched,Amazon Data Services Inc,Amazon Web Services,IAD147,Existing,203460,,Dominion (VEPCO),unambiguous,,1649,yes (air permit),DEQ 74264 [operating],045494813000,,-77.43511,38.995089
pec,Loudoun County,IAD3 Evoque Cyxtera,Centersquare,matched,22995 WILDER COURT LLC,Centersquare,IAD3,Existing,130400,,Dominion (VEPCO),unambiguous,,412,yes (air permit),DEQ 73293 [operating],046368231000,,-77.444339,38.981059
pec,Loudoun County,IAD114,Amazon Web Services,osm_tag,BEAUMEADE LC PHASE III LLC,Amazon Web Services,IAD114,Existing,147600,,Dominion (VEPCO),unambiguous,,4014,yes (air permit),DEQ 74150 [operating],059309091000,,-77.450937,39.035631
pec,Loudoun County,21551 BEAUMEADE CIR,Equinix,osm_tag,BEAUMEADE TECHNOLOGY PARTNERS LLC,Equinix,DC10,Existing,152400,,Dominion (VEPCO),unambiguous,,4145,yes (air permit),DEQ 74290 [planned],060108050000,,-77.451141,39.020885
pec,Loudoun County,ACC5 ACC6 Digital Realty,Digital Realty,matched,FOX PROPERTIES LLC,Digital Realty,ACC6,Existing,518449,,Dominion (VEPCO),unambiguous,,3623,yes (air permit),DEQ 73370 [operating],060170268000,,-77.463471,39.020702
pec,Loudoun County,44470 Chilum Place,Equinix,matched,EQUINIX,Equinix,DC3,Existing,100121,,Dominion (VEPCO),unambiguous,,3844,yes (air permit),DEQ 73643 [operating],060182916001,,-77.461442,39.022208
pec,Loudoun County,44490 CHILUM PL,Lumen Technologies,osm_tag,BLUE SLING ACC 2 LLC,Lumen Technologies,,Existing,87560,,Dominion (VEPCO),unambiguous,,3870,yes (air permit),DEQ 74098 [planned],060182916002,,-77.458301,39.021341
pec,Loudoun County,44520 HASTINGS DR,Digital Realty,osm_tag,QUILL EQUITY LLC,Digital Realty,ACC3,Existing,148717,,Dominion (VEPCO),unambiguous,,3669,yes (air permit),DEQ 73643 [operating],060182916003,,-77.459889,39.019935
pec,Loudoun County,21745 BEAUMEADE CIR,Cologix,osm_tag,21673 BEAUMEADE CIRCLE LLC,Cologix,,Existing,455793,,Dominion (VEPCO),unambiguous,,3567,yes (air permit),DEQ 73643 [operating],060189720000,,-77.458898,39.018512
pec,Loudoun County,21673 BEAUMEADE CIRCLE LLC,Cologix,osm_tag,Cologix,Cologix,,Proposed,544207,,Dominion (VEPCO),unambiguous,,3695,yes (air permit),DEQ 74098 [planned],060189720000,,-77.457945,39.019412
pec,Loudoun County,MONTEREY DC ASSETS,Centersquare,osm_tag,MONTEREY DC ASSETS LLC,Centersquare,IAD4,Existing,164455,,Dominion (VEPCO),unambiguous,,4141,yes (air permit),DEQ 73954 [operating],060202337000,,-77.45329,39.021942
pec,Loudoun County,44790 PERFORMANCE CIR,Equinix,matched,EQUINIX,Equinix,DC15,Existing,672244,,Dominion (VEPCO),unambiguous,,4405,yes (air permit),DEQ 74290 [planned],060209652000,,-77.450905,39.023572
pec,Loudoun County,RAGING WIRE VA1,NTT / RagingWire,matched_osm_differs,RAGINGWIRE DATA CENTERS INC,NTT,VA1,Existing,109300,,Dominion (VEPCO),unambiguous,,4140,yes (air permit),DEQ 73954 [operating],060298548000,,-77.454871,39.022661
pec,Loudoun County,BCORE COPT DC-15,COPT,matched_osm_differs,BCORE COPT DC-15 LLC,Amazon Web Services,IAD79,Existing,446732,,Dominion (VEPCO),unambiguous,,4661,yes (air permit),DEQ 73954 [operating],060307119000,,-77.451149,39.026397
pec,Loudoun County,DBT-DATA ASHBURN HOLDING I,NTT / RagingWire,matched_osm_differs,NTT GLOBAL DATA CENTERS AMERICAS INC,NTT,VA2,Existing,123200,,Dominion (VEPCO),unambiguous,,4250,yes (air permit),DEQ 74094 [operating],060386530000,,-77.457651,39.024899
pec,Loudoun County,DC 8 9 10 DE,Amazon Web Services,osm_tag,DC 8 9 10 DE LLC,Amazon Web Services,,Existing,429711,,Dominion (VEPCO),unambiguous,,4633,yes (air permit),DEQ 74049 [operating],060485060000,,-77.458964,39.029079
pec,Loudoun County,21955 LOUDOUN COUNTY PKWY,CloudHQ,matched,CloudHQ,CloudHQ,LC1,Existing,983994,,Dominion (VEPCO),unambiguous,,2584,yes (air permit),DEQ 74155 [operating],061177666002,,-77.462737,39.010028
pec,Loudoun County,21455 Beaumeade Circle,Equinix,matched,EQUINIX,Equinix,DC22,Proposed,265000,,Dominion (VEPCO),unambiguous,,3254,yes (air permit),DEQ 74189 [operating],061205971000,,-77.452647,39.011536
pec,Loudoun County,DIGITAL REALTY ACC10,Digital Realty,matched,BLUE SLING ACC 10 LLC,Digital Realty,ACC10,Existing,288400,,Dominion (VEPCO),unambiguous,,2774,yes (air permit),DEQ 74155 [operating],061268762000,,-77.466018,39.013277
pec,Loudoun County,44621 WAXPOOL RD,CloudHQ,osm_tag,KAVEH VENTURES LLC,CloudHQ,LC2,Existing,493504,,Dominion (VEPCO),unambiguous,,2778,yes (air permit),DEQ 74155 [operating],061275931000,,-77.462911,39.012138
pec,Loudoun County,CLOUD HQ LC3,CloudHQ,matched,LOHRASP VENTURES LLC,CloudHQ,LC3,Existing,585593,,Dominion (VEPCO),unambiguous,,2838,yes (air permit),DEQ 74308 [planned],061285496000,,-77.45961,39.011154
pec,Loudoun County,EQUINIX DC21,Equinix,matched,EQUINIX,Equinix,DC21,Existing,156458,,Dominion (VEPCO),unambiguous,,3156,yes (air permit),DEQ 74189 [operating],061298643000,,-77.454814,39.011864
pec,Loudoun County,EQUINIX ASHBURN EAST,Equinix,matched,EQUINIX,Equinix,DC22,Proposed,361600,,Dominion (VEPCO),unambiguous,,3369,yes (air permit),DEQ 74189 [operating],061200160000,,-77.453988,39.013829
pec,Loudoun County,21310 BEAUMEADE CIR,Amazon Web Services,osm_tag,BEAUMEADE DC BUILDING LLC,Amazon Web Services,IAD-179,Existing,190250,,Dominion (VEPCO),unambiguous,,3577,yes (air permit),DEQ 74244 [operating],061303369000,,-77.453408,39.015849
pec,Loudoun County,H5 CAPITAL-ASHBURN,H5 Data Centers,osm_tag,ASHBURN DATA PROPERTY OWNER LP,H5 Data Centers,Ashburn,Existing,228816,,Dominion (VEPCO),unambiguous,,3487,yes (air permit),DEQ 74276 [planned],061307791000,,-77.451749,39.013733
pec,Loudoun County,ALIGNED DATA CENTER IAD01,Aligned,matched,ALIGNED ENERGY DATA CENTERS,Aligned,IAD-01,Existing,368600,,Dominion (VEPCO),unambiguous,,2729,yes (air permit),DEQ 74120 [operating],061355894000,,-77.469974,39.013936
pec,Loudoun County,BLUE SLING ACC 9,Digital Realty,osm_tag,BLUE SLING ACC 9 LLC,Digital Realty,ACC9,Existing,362100,,Dominion (VEPCO),unambiguous,,2956,yes (air permit),DEQ 74120 [operating],061361948000,,-77.467579,39.015492
pec,Loudoun County,Digital Filigree,Digital Realty,matched_osm_differs,Digital Realty,Equinix,DC21,Proposed,342003,,Dominion (VEPCO),unambiguous,,3227,yes (air permit),DEQ 74308 [planned],061394321000,,-77.456417,39.013676
pec,Loudoun County,21320 BEAUMEADE CIR,Amazon Web Services,osm_tag,BEAUMEADE DC BUILDING LLC,Amazon Web Services,IAD-169,Existing,190250,,Dominion (VEPCO),unambiguous,,3742,yes (air permit),DEQ 74244 [operating],061407107000,,-77.452288,39.017045
pec,Loudoun County,ACC7 Digital Realty,Digital Realty,matched,ALSHAIN VENTURES LLC,Digital Realty,ACC7,Existing,446500,,Dominion (VEPCO),unambiguous,,3225,yes (air permit),DEQ 73370 [operating],061467942000,,-77.465678,39.01753
pec,Loudoun County,Filigree Ct Campus,Equinix,matched,EQUINIX,Equinix,DC1,Existing,679455,,Dominion (VEPCO),unambiguous,,3267,yes (air permit),DEQ 74308 [planned],061483407000,,-77.459886,39.015853
pec,Loudoun County,IAD Round Table Campus Digital Realty,Digital Realty,matched,DIGITAL LOUDOUN 3 LLC,Digital Realty,IAD73,Existing,1564173,,Dominion (VEPCO),unambiguous,,2105,,,062462761000,,-77.466196,39.006629
pec,Loudoun County,"IAD 41, IAD 42, BLDG P",Digital Realty,matched,DIGITAL LOUDOUN 3 LLC,Digital Realty,IAD41,Existing,789300,,Dominion (VEPCO),unambiguous,,2688,yes (air permit),DEQ 74189 [operating],062493798000,,-77.457944,39.008408
pec,Loudoun County,QTS Lockridge ASH2 Quality Tech Lane DC2,QTS,matched_osm_differs,QTS,Quality Technology Services,,Existing,252473,,Dominion (VEPCO),unambiguous,,1513,yes (air permit),DEQ 74335 [planned],063494014000,,-77.456924,38.995434
pec,Loudoun County,QTS Lockridge ASH2 Quality Tech Lane DC1,QTS,matched_osm_differs,ASHBURN ACQUISITION CO II LLC,Quality Technology Services,,Existing,308630,,Dominion (VEPCO),unambiguous,,1565,yes (air permit),DEQ 74335 [planned],063498140000,,-77.455315,38.995535
pec,Loudoun County,19508 Freedom Trail Road,JK Land Holdings,unresolved,JK Land Holdings,,,Proposed,1100000,,Dominion (VEPCO),unambiguous,,2445,,,083359224000,,-77.499126,39.076464
pec,Loudoun County,21821 UUNET DR,Aligned,matched,ALIGNED ENERGY DATA CENTERS,Aligned,,Existing,438460,,Dominion (VEPCO),unambiguous,,2238,,,088101859000,,-77.474975,39.010255
pec,Loudoun County,EQUINEX DC13,Equinix,matched,EQUINIX,Equinix,DC13,Existing,108300,,Dominion (VEPCO),unambiguous,,2493,yes (air permit),DEQ 73935 [operating],088200644000,,-77.475333,39.012602
pec,Loudoun County,ALIGNED ENERGY DATA CENTERS ASHBURN,Aligned,matched,ALIGNED ENERGY DATA CENTERS,Aligned,IAD-01,Existing,107253,,Dominion (VEPCO),unambiguous,,2591,yes (air permit),DEQ 74120 [operating],088205761000,,-77.472966,39.013212
pec,Loudoun County,Red Rum Dr Campus Sabey Data Centers,Sabey,matched,INTERGATE ASHBURN I LLC,Sabey Data Centers,,Existing,400232,,Dominion (VEPCO),unambiguous,,2711,yes (air permit),DEQ 73935 [operating],088392214000,,-77.478456,39.014701
pec,Loudoun County,IAD3 DataBank,DataBank,matched,ZCOLO LLC,DataBank,IAD3,Existing,286800,,Dominion (VEPCO),unambiguous,,3067,yes (air permit),DEQ 73935 [operating],088481748000,,-77.481723,39.017791
pec,Loudoun County,QTS DATA CENTER ASH3-DC1,QTS,matched_osm_differs,QTS,Quality Technology Services,,Existing,310717,,Dominion (VEPCO),unambiguous,,897,yes (air permit),DEQ 74214 [operating],089100937000,,-77.475481,38.998035
pec,Loudoun County,ASH3 DC2,QTS,matched_osm_differs,QTS,Quality Technology Services,,Existing,302180,,Dominion (VEPCO),unambiguous,,1000,yes (air permit),DEQ 74214 [operating],089104437000,,-77.474192,38.998658
pec,Loudoun County,IAD12,Digital Realty,matched,Digital Realty,Digital Realty,IAD12,Existing,180000,,Dominion (VEPCO),unambiguous,,1359,yes (air permit),DEQ 73868 [operating],089278681000,,-77.483322,39.001983
pec,Loudoun County,IAD Digital Loudoun Plaza,Digital Realty,matched,Digital Realty,Digital Realty,IAD36,Existing,1137740,,Dominion (VEPCO),unambiguous,,1168,,,089291706000,,-77.4792,39.000828
pec,Loudoun County,Zebra East,CloudHQ,osm_tag,"WALSH, COLUCCI, LUBELEY & WALS / MINCHEW RANDALL J.",CloudHQ,LC10,Proposed,723779,,Dominion (VEPCO),unambiguous,,1747,yes (air permit),DEQ 74234 [operating],089309997000,,-77.471507,39.005049
pec,Loudoun County,IAD14,Digital Realty,matched,Digital Realty,Digital Realty,IAD14,Existing,135000,,Dominion (VEPCO),unambiguous,,1606,yes (air permit),DEQ 73355 [operating],089367531000,,-77.487214,39.003295
pec,Loudoun County,43831 DEVIN SHAFRON DR,Digital Realty,matched_osm_differs,Digital Realty,Amazon Web Services,,Existing,117000,,Dominion (VEPCO),unambiguous,,1494,yes (air permit),DEQ 73355 [operating],089372808000,,-77.485346,39.002692
pec,Loudoun County,IAD24,Digital Realty,matched,DIGITAL LOUDOUN II LLC,Digital Realty,IAD24,Existing,266742,,Dominion (VEPCO),unambiguous,,1687,yes (air permit),DEQ 73355 [operating],089374763002,,-77.484967,39.004662
pec,Loudoun County,DIGITAL-GCEAR1 ASHBURN,Digital Realty,osm_tag,GI TC DEVIN SHAFRON LLC,Digital Realty,,Existing,138600,,Dominion (VEPCO),unambiguous,,1423,yes (air permit),DEQ 73868 [operating],089382215000,,-77.481915,39.00286
pec,Loudoun County,Western Lands,Digital Realty,matched,Digital Realty,,,Proposed,11700000,,NOVEC (co-op),unambiguous,,1270,,,093365404006,,-77.488922,38.954501
pec,Loudoun County,AWS IAD61-IAD63 South Riding,Amazon (AWS),matched,Amazon Data Services Inc,Amazon Web Services,IAD63,Existing,778426,,NOVEC (co-op),unambiguous_near_boundary,,19,yes (air permit),DEQ 74080 [operating],097354183000,,-77.493796,38.916769
pec,Loudoun County,Sutton Bay,Amazon (AWS),matched,Amazon Data Services Inc,Amazon Web Services,IAD151,Existing,508000,,Dominion (VEPCO),unambiguous,,354,yes (air permit),DEQ 74174 [operating],097398776000,,-77.478342,38.91631
pec,Loudoun County,Firefox Dulles,Amazon (AWS),matched,Amazon Data Services Inc,,,Proposed,641451,,NOVEC (co-op),unambiguous_near_boundary,,71,,,097409598000,,-77.472886,38.920613
pec,Loudoun County,Leesburg Gateway,Google,matched,Google,,,Proposed,600000,,Dominion (VEPCO),unambiguous,,924,,,148350679000,,-77.536382,39.103152
pec,Loudoun County,Villages at Leesburg,STACK Infrastructure,matched,STACK INFRASTRUCTURE,,,Proposed,250000,,Dominion (VEPCO),unambiguous,,1731,,,149192542000,,-77.5195,39.087734
pec,Loudoun County,Tuscarora Crossing Landbay 3,BlackChamber,matched,BlackChamber Group,,,Proposed,701400,,Dominion (VEPCO),unambiguous,,193,,,150151774000,,-77.533743,39.077232
pec,Loudoun County,Dulles Trade Center West,10 Trade West Drive LLC/Charles S Kuhn Manager,unresolved,10 Trade West Drive LLC/Charles S Kuhn Manager,,,Proposed,386800,,Dominion (VEPCO),unambiguous_near_boundary,,119,,,161170879000,,-77.528641,38.954022
pec,Loudoun County,ARCOLA,PowerHouse,matched,PowerHouse Data Centers,,,Proposed,614300,,Dominion (VEPCO),unambiguous,,665,,,162151929000,,-77.5357,38.94413
pec,Loudoun County,Fadeley Campus,Amazon (AWS),matched,Amazon Data Services Inc,Amazon Web Services,IAD68,Existing,695321,,NOVEC (co-op),unambiguous,,189,yes (air permit),DEQ 74085 [operating],162392026000,,-77.521476,38.948956
pec,Loudoun County,Cross Mill Center,"Kuhn, Charles C/JK Holdings II LLC",unresolved,"Kuhn, Charles C/JK Holdings II LLC",,,Proposed,546500,,NOVEC (co-op),unambiguous,,1802,yes (air permit),DEQ 74220 [operating],192163918000,,-77.550479,39.06295
pec,Loudoun County,Project Celtic Phase 1,Google,matched,Google,,,Existing,743608,,NOVEC (co-op),unambiguous,,1606,yes (air permit),DEQ 74301 [operating],193274995000,,-77.546632,39.056914
pec,Loudoun County,HAYDEN TECHNOLOGIES,Google,osm_tag,HAYDEN TECHNOLOGIES LLC,Google,,Existing,563584,,NOVEC (co-op),unambiguous,,825,yes (air permit),DEQ 74163 [operating],194498227000,,-77.539561,39.051714
pec,Loudoun County,Tech Park at Brambleton,BlackChamber,matched,BlackChamber Group,,,Proposed,1700000,,NOVEC (co-op),unambiguous,,358,,,202206213000,,-77.534365,38.956567
pec,Loudoun County,42139 REEDS FARM LN,Amazon (AWS),matched,Amazon Data Services Inc,,,Proposed,429213,,NOVEC (co-op),unambiguous,,416,yes (air permit),DEQ 74337 [planned],203170856000,,-77.549866,38.944927
pec,Loudoun County,IAD11,Microsoft,matched,Microsoft Corporation,Microsoft,,Existing,759405,,NOVEC (co-op),unambiguous,,827,yes (air permit),DEQ 74221 [operating],203354208000,,-77.555382,38.948166
pec,Loudoun County,ALLEGRO SOUTH CAMPUS,Yondr,matched,YONDR JK 2 LLC,,,Existing,335638,,NOVEC (co-op),unambiguous,,643,yes (air permit),DEQ 74265 [operating],203371445000,,-77.549138,38.949843
pec,Loudoun County,IAD 01-04,Microsoft,matched,MICROSOFT CORP,,,Existing,809314,,NOVEC (co-op),unambiguous,,1675,,,235297431000,,-77.560212,39.067855
pec,Loudoun County,Orme Farm Rezoning,Van Metre Communities LLC/Roy Barnett,unresolved,Van Metre Communities LLC/Roy Barnett,,,Proposed,508000,,NOVEC (co-op),unambiguous,,2372,,,236387331000,,-77.564408,39.058274
pec,Loudoun County,Greenlin Park,Charles S Kuhn/JK Landholdings II LLC,unresolved,Charles S Kuhn/JK Landholdings II LLC,,,Proposed,227184,,NOVEC (co-op),unambiguous,,2153,,,237395293000,,-77.557654,39.051073
pec,Loudoun County,24244 QUAIL RIDGE LN,Amazon (AWS),matched,Amazon Data Services Inc,Amazon Web Services,IAD124,Existing,412400,,NOVEC (co-op),unambiguous,,454,yes (air permit),DEQ 74274 [planned],246200886000,,-77.560436,38.94905
pec,Loudoun County,Quail Ridge C - D,Amazon (AWS),matched_osm_differs,Amazon Data Services Inc,Microsoft,,Existing,505200,,NOVEC (co-op),unambiguous,,556,yes (air permit),DEQ 74274 [planned],246203645000,,-77.558836,38.948391
pec,Loudoun County,DULLES BERRY LC4,CloudHQ,matched,CloudHQ,CloudHQ,LC4,Existing,1434706,,Dominion (VEPCO),unambiguous,,1460,yes (air permit),DEQ 74234 [operating],062256361000,,-77.472279,39.00252
pec,Louisa County,Lake Anna Tech Campus,Amazon (AWS),matched,Amazon Data Services Inc,,,Proposed,1700000,,REC (co-op),unambiguous,,6725,yes (air permit),DEQ 74299 [operating],30 48,,-77.809915,38.04825
pec,Louisa County,North Creek Tech Campus,Amazon (AWS),matched,Amazon Data Services Inc,,,Proposed,8700000,,REC (co-op),unambiguous,,1959,,,58 32,,-77.953341,37.968378
pec,Mecklenburg County,Hillcrest Data Center,Microsoft,matched,Microsoft Corporation,,,Proposed,,,Dominion (VEPCO),unambiguous,,468,yes (air permit),DEQ 53071 [operating],39166,,-78.127083,36.703151
pec,Mecklenburg County,Microsoft Azure,Microsoft,matched,Microsoft Corporation,,,Existing,1625704,,Mecklenburg EC (co-op),unambiguous,,787,yes (air permit),DEQ 52903 [operating],3675,,-78.361159,36.696523
pec,Mecklenburg County,Microsoft Azure,Microsoft,matched,Microsoft Corporation,,,Proposed,,,Mecklenburg EC (co-op),unambiguous,,787,yes (air permit),DEQ 52903 [operating],38795,,-78.361159,36.696523
pec,Mecklenburg County,LYH03 Bailey – Microsoft,Microsoft,matched,Microsoft Corporation,,,Proposed,,,Dominion (VEPCO),unambiguous,,403,,,39284,,-78.467831,36.780624
pec,Montgomery County,Brush Mountain Blacksburg,BRUSH MOUNTAIN DATA CENTER LLC,unresolved,BRUSH MOUNTAIN DATA CENTER LLC,,,Existing,1886,,Virginia Tech Electric,unambiguous,,360,,,240135,,-80.411793,37.203729
pec,Norfolk City,EdgeConneX Norfolk,"Warehouse 888, Llc",unresolved,"Warehouse 888, Llc",,,Existing,4610,,Dominion (VEPCO),unambiguous,,773,,,1448514202,,-76.235342,36.86186
pec,Norfolk City,Zone5,Fair Holdings Llc,unresolved,Fair Holdings Llc,,,Existing,,,Dominion (VEPCO),unambiguous,,2589,,,1458078286,,-76.216076,36.87813
pec,Orange County,Wilderness Crossing,Amazon (AWS),matched,Amazon Data Services Inc,,,Proposed,5000000,,REC (co-op),unambiguous,,3754,,,01300000000100,,-77.731088,38.333162
pec,Prince Edward County,Heartland Innovative Technology (HIT) Park,Prince Edward County Industrial Development Authority,unresolved,Prince Edward County Industrial Development Authority,,,Proposed,1300000,,Dominion (VEPCO),unambiguous,,1471,,,039 A 3,,-78.350123,37.288516
pec,Prince William County,Gainsville Tech Park,Microsoft,matched,Microsoft Corporation,,,Proposed,1588901,,NOVEC (co-op),unambiguous,,2016,yes (air permit),DEQ 74236 [operating],7496-88-1217,,-77.568988,38.780185
pec,Prince William County,KH Data Capital Development,Iron Mountain,matched,IRON MOUNTAIN DATA CENTERS,Iron Mountain,,Existing,201083,,NOVEC (co-op),unambiguous,,1733,yes (air permit),DEQ 74278 [operating],7596-66-0725,,-77.542342,38.773931
pec,Prince William County,AMAZON DATA SERVICES INC,Amazon (AWS),matched,AMAZON DATA SERVICES INC,Amazon Web Services,IAD84,Existing,453174,,Dominion (VEPCO),unambiguous,,230,yes (air permit),DEQ 74052 [operating],7298-41-4524,,-77.652248,38.815938
pec,Prince William County,DC 11 DE LLC (Amazon),Amazon (AWS),matched,Amazon Data Services Inc,Amazon Web Services,IAD55,Existing,236082,,Dominion (VEPCO),unambiguous,,163,yes (air permit),DEQ 74052 [operating],7298-51-5907,,-77.64868,38.815174
pec,Prince William County,Gardner Property,Delaware Land LLC,unresolved,Delaware Land LLC,,,Proposed,2016620,,Dominion (VEPCO),unambiguous,,662,,,7397-34-3968,,-77.622189,38.7958
pec,Prince William County,Village Place at Gainesville Technology Park,Amazon Web Services,osm_tag,CTP-I LLC,Amazon Web Services,,Proposed,978169,,Dominion (VEPCO),unambiguous,,767,yes (air permit),DEQ 74277 [operating],7397-36-4811,,-77.620599,38.801835
pec,Prince William County,John Marshall CommonsTech Park,CTP-1 LLC,unresolved,CTP-1 LLC,,,Proposed,530000,,Dominion (VEPCO),unambiguous,,367,yes (air permit),DEQ 74277 [operating],7397-46-4281,,-77.616867,38.803946
pec,Prince William County,I-66 and Route 29 Technology Park,NTT / RagingWire,matched_osm_differs,NTT Global Data Centers,NTT,VA11,Proposed,2248452,,Dominion (VEPCO),unambiguous,,563,yes (air permit),DEQ 74260 [operating],7397-55-9794,,-77.612558,38.8008
pec,Prince William County,PORPOISE VENTURES LLC (Digital Realty Trust),Digital Realty,matched,Digital Realty,Digital Realty,,Existing,227465,,NOVEC (co-op),unambiguous,,1971,,,7496-07-8757,,-77.594681,38.778057
pec,Prince William County,Hunter Property,LHR GAINESVILLE LLC,unresolved,LHR GAINESVILLE LLC,,,Proposed,4010000,,NOVEC (co-op),unambiguous,,2606,,,7496-25-7319,,-77.590433,38.773406
pec,Prince William County,NOVA MANGO FARMS LLC C/O CORPORATION SERVICE COMPANY,Google,matched,Google,Google,,Existing,2427137,,NOVEC (co-op),unambiguous,,2349,yes (air permit),DEQ 74216 [operating],7496-47-2405,,-77.583403,38.776191
pec,Prince William County,Delvin Technology Park,"STANLEY MARTIN HOMES, LLC",unresolved,"STANLEY MARTIN HOMES, LLC",,,Proposed,3530000,,NOVEC (co-op),unambiguous,,1258,,,7496-63-4146,,-77.575754,38.767224
pec,Prince William County,SES AMERICOM INC,SES AMERICOM INC,unresolved,SES AMERICOM INC,,,Existing,20534,,NOVEC (co-op),unambiguous,,1557,yes (air permit),DEQ 74236 [operating],7496-79-1270,,-77.572316,38.783809
pec,Prince William County,Gainsville East,Amazon (AWS),matched,Amazon Data Services Inc,,,Proposed,2200000,,NOVEC (co-op),unambiguous,,750,,,7497-41-7199,,-77.587976,38.790676
pec,Prince William County,University Business Park,Microsoft,matched,Microsoft Corporation,,,Proposed,3800000,,NOVEC (co-op),unambiguous,,356,,,7497-43-7416,,-77.582424,38.794459
pec,Prince William County,Gainesville Crossing Data Campus,Microsoft,osm_tag,CORSCALE,Microsoft,1,Existing,482223,,Dominion (VEPCO),unambiguous,,294,yes (air permit),DEQ 74349 [planned],7497-45-3874,,-77.580301,38.801325
pec,Prince William County,Gainesville Crossing Data Campus,Microsoft,osm_tag,CORSCALE,Microsoft,1,Proposed,1817777,306.0,Dominion (VEPCO),unambiguous,,294,yes (air permit),DEQ 74349 [planned],7497-45-3874,,-77.580301,38.801325
pec,Prince William County,GCDC PURCHASER PHASE 1 LLC,Microsoft,osm_tag,GCDC PURCHASER PHASE 1 LLC,Microsoft,1,Existing,482223,,Dominion (VEPCO),unambiguous,,450,yes (air permit),DEQ 74241 [operating],7497-46-2858,,-77.582555,38.802408
pec,Prince William County,Sharpless Enterprises LLC,Sharpless Enterprises LLC,unresolved,Sharpless Enterprises LLC,,,Proposed,1750000,,NOVEC (co-op),unambiguous,,1191,,,7497-61-8568,,-77.575052,38.786886
pec,Prince William County,MICROSOFT CORPORATION,Microsoft,matched,Microsoft Corporation,,,Proposed,200000,,NOVEC (co-op),unambiguous,,1643,yes (air permit),DEQ 74236 [operating],7497-80-6210,,-77.567729,38.784104
pec,Prince William County,SI NVA17 LLC,STACK Infrastructure,matched,STACK INFRASTRUCTURE,,,Proposed,637282,,Dominion (VEPCO),unambiguous_near_boundary,,109,,,7595-54-7331,,-77.547416,38.734523
pec,Prince William County,NVA16 LLC,Amazon (AWS),matched,Amazon Data Services Inc,,,Proposed,24000,48.0,NOVEC (co-op),unambiguous,,594,,,7595-66-9366,,-77.537438,38.748555
pec,Prince William County,NVA15 LLC,STACK Infrastructure,matched,STACK INFRASTRUCTURE,,,Proposed,24000,48.0,NOVEC (co-op),unambiguous,,216,yes (air permit),DEQ 74224 [operating],7595-75-4021,,-77.537579,38.743851
pec,Prince William County,SI NVA 04 LLC (Avanti at Innovation),STACK Infrastructure,matched,STACK INFRASTRUCTURE,,,Existing,281000,,NOVEC (co-op),unambiguous,,429,,,7595-76-6546.01,,-77.538167,38.745763
pec,Prince William County,SI NVA02 LLC,STACK Infrastructure,matched_osm_differs,STACK INFRASTRUCTURE,Amazon Web Services,,Existing,224652,,NOVEC (co-op),unambiguous_near_boundary,,118,yes (air permit),DEQ 74224 [operating],7595-85-3439,,-77.53293,38.744352
pec,Prince William County,SI NVA02 LLC,STACK Infrastructure,matched_osm_differs,STACK INFRASTRUCTURE,Amazon Web Services,,Existing,241249,,NOVEC (co-op),unambiguous_near_boundary,,95,yes (air permit),DEQ 74224 [operating],7595-85-6929,,-77.533413,38.743155
pec,Prince William County,COPT DC INNOVATION LLC,COPT,matched_osm_differs,COPT DC INNOVATION LLC,Amazon Web Services,IAD133,Existing,352030,,Dominion (VEPCO),unambiguous_near_boundary,,149,yes (air permit),DEQ 74167 [operating],7595-95-6147,,-77.529855,38.744059
pec,Prince William County,POWERLOFT @ INNOVATION I,Amazon Web Services,osm_tag,POWERLOFT @ INNOVATION I,Amazon Web Services,,Existing,247608,,NOVEC (co-op),unambiguous,,158,yes (air permit),DEQ 73683 [operating],7595-96-0662,,-77.531767,38.747359
pec,Prince William County,DC 12 14 DE LLC (Amazon),Amazon (AWS),matched,Amazon Data Services Inc,Amazon Web Services,IAD74,Existing,311198,,NOVEC (co-op),unambiguous,,1910,yes (air permit),DEQ 74081 [operating],7596-17-3979,,-77.558232,38.778106
pec,Prince William County,South Point Phase II LLC,Amazon Web Services,osm_tag,South Point Phase II LLC,Amazon Web Services,IAD74,Proposed,530000,,NOVEC (co-op),unambiguous,,1732,yes (air permit),DEQ 74081 [operating],7596-27-0053,,-77.556705,38.776648
pec,Prince William County,KH DATA CAPITAL BUILDING 4 LLC C/O IRON MOUNTAIN GLOBAL REAL ESTATE,Iron Mountain,matched,KH DATA CAPITAL BUILDING 4 LLC C/O IRON MOUNTAIN GLOBAL REAL ESTATE,Iron Mountain,VA-1,Existing,165230,,NOVEC (co-op),unambiguous,,1994,yes (air permit),DEQ 74112 [operating],7596-47-5780,,-77.547069,38.778046
pec,Prince William County,KH DATA CAPITAL DEVELOPMENT LAND LLC C/O IRON MOUNTAIN GLOBAL REAL ESTATE,Iron Mountain,matched,KH DATA CAPITAL DEVELOPMENT LAND LLC C/O IRON MOUNTAIN GLOBAL REAL ESTATE,Iron Mountain,VA-3,Existing,597590,,NOVEC (co-op),unambiguous,,1959,yes (air permit),DEQ 74112 [operating],7596-57-4735,,-77.543934,38.776798
pec,Prince William County,COPT DC 19 LLC,COPT,matched_osm_differs,COPT DC 19 LLC,Amazon Web Services,IAD75,Existing,719742,,NOVEC (co-op),unambiguous,,2277,yes (air permit),DEQ 74115 [operating],7596-58-8732,,-77.542481,38.779421
pec,Prince William County,VA6B1 and VA6B2,Iron Mountain,matched,IRON MOUNTAIN DATA CENTERS,Iron Mountain,,Existing,230706,,NOVEC (co-op),unambiguous,,1479,,,7596-64-9220,,-77.538406,38.768038
pec,Prince William County,Iron Mountain Building 7,Iron Mountain,matched,IRON MOUNTAIN DATA CENTERS,Iron Mountain,,Proposed,304000,,NOVEC (co-op),unambiguous,,1958,yes (air permit),DEQ 74278 [operating],7596-66-8266,,-77.539796,38.775064
pec,Prince William County,AMAZON DATA SERVICES INC,Amazon (AWS),matched,Amazon Data Services Inc,Amazon Web Services,IAD59,Existing,127700,,NOVEC (co-op),unambiguous,,2428,yes (air permit),DEQ 73995 [operating],7597-42-1395,,-77.548336,38.792157
pec,Prince William County,AMAZON DATA SERVICES INC,Amazon (AWS),matched,Amazon Data Services Inc,Amazon Web Services,IAD52,Existing,123534,,NOVEC (co-op),unambiguous,,2457,yes (air permit),DEQ 73995 [operating],7597-42-1456,,-77.548368,38.791087
pec,Prince William County,AMAZON DATA SERVICES INC,Amazon (AWS),matched,Amazon Data Services Inc,Amazon Web Services,IAD14,Existing,115600,,NOVEC (co-op),unambiguous,,2530,yes (air permit),DEQ 73995 [operating],7597-42-2107,,-77.547988,38.789904
pec,Prince William County,Amazon Data Center,Amazon (AWS),matched,Amazon Data Services Inc,,,Proposed,,,NOVEC (co-op),unambiguous,,2660,,,7597-54-1893.01,,-77.544773,38.797699
pec,Prince William County,Amazon Data Center,Amazon (AWS),matched,Amazon Data Services Inc,,,Proposed,,,NOVEC (co-op),unambiguous,,2898,yes (air permit),DEQ 73741 [operating],7597-54-9420.01,,-77.542134,38.7956
pec,Prince William County,GI TC 7510 MASON KING CT LLC (Amazon),Amazon (AWS),matched,Amazon Data Services Inc,Amazon Web Services,Amazon IAD11,Existing,150000,,NOVEC (co-op),unambiguous,,3079,yes (air permit),DEQ 73741 [operating],7597-62-3841,,-77.541187,38.790344
pec,Prince William County,MANASSAS TECHNOLOGY PARTNERS LLC (Amazon),Amazon (AWS),matched,Amazon Data Services Inc,Amazon Web Services,Amazon IAD-7,Existing,109543,,NOVEC (co-op),unambiguous,,3299,yes (air permit),DEQ 73741 [operating],7597-72-1867,,-77.538294,38.791254
pec,Prince William County,Amazon Data Center,Amazon (AWS),matched,Amazon Data Services Inc,Amazon Web Services,Amazon IAD-7,Proposed,,,NOVEC (co-op),unambiguous,,3460,yes (air permit),DEQ 73741 [operating],7597-72-7289,,-77.536183,38.792117
pec,Prince William County,Westview 66,Microsoft,matched,Microsoft Corporation,,,Proposed,1145989,,NOVEC (co-op),unambiguous,,3466,yes (air permit),DEQ 74237 [planned],7597-85-1215,,-77.535525,38.796251
pec,Prince William County,Alligned Data Centers (Balls Ford),PROPCO LLC,unresolved,PROPCO LLC,,,Proposed,1275141,,NOVEC (co-op),unambiguous,,4118,,,7597-95-8953,,-77.528024,38.799275
pec,Prince William County,Airport Gateway Commerce Center,CloudHQ,matched,CloudHQ,CloudHQ,MCC1,Proposed,369600,,Dominion (VEPCO),unambiguous,,1166,yes (air permit),DEQ 74107 [operating],7694-84-2446,,-77.498358,38.715845
pec,Prince William County,ABTEEN VENTURES LLC (CloudHQ),CloudHQ,matched,CloudHQ,CloudHQ,MCC1,Existing,394593,,Dominion (VEPCO),unambiguous,,1115,yes (air permit),DEQ 74107 [operating],7694-85-3066,,-77.499737,38.716855
pec,Prince William County,BOURZOU VENTURES LLC (CloudHQ),CloudHQ,matched,CloudHQ,CloudHQ,MCC2,Existing,347876,,Dominion (VEPCO),unambiguous,,576,yes (air permit),DEQ 74107 [operating],7694-87-3694,,-77.499231,38.72298
pec,Prince William County,MANUCHEHR VENTURES LLC,CloudHQ,matched,CloudHQ,CloudHQ,MCC3,Existing,139000,,Dominion (VEPCO),unambiguous,,1000,yes (air permit),DEQ 74107 [operating],7694-95-7303,,-77.494764,38.715086
pec,Prince William County,"UNICORN INTERESTS LLC, PCL C1",CloudHQ,matched,CloudHQ,,,Proposed,250144,,Dominion (VEPCO),unambiguous,,742,yes (air permit),DEQ 74107 [operating],7694-96-2732,,-77.496189,38.719286
pec,Prince William County,AIRPORT GATEWAY COMMERCE CENTER,CloudHQ,matched,CloudHQ,CloudHQ,MCC2,Proposed,,,Dominion (VEPCO),unambiguous,,529,yes (air permit),DEQ 74107 [operating],7694-97-2419,,-77.496428,38.721441
pec,Prince William County,Innovation On The Parkway PRA,"University Blvd, LLC",unresolved,"University Blvd, LLC",,,Proposed,576952,,NOVEC (co-op),unambiguous,,746,,,7695-09-7902,,-77.525605,38.753712
pec,Prince William County,SI NVA05 LLC,STACK Infrastructure,matched_osm_differs,STACK INFRASTRUCTURE,Amazon Web Services,IAD104,Existing,213320,,NOVEC (co-op),unambiguous,,516,yes (air permit),DEQ 74240 [operating],7695-17-9607,,-77.521548,38.748386
pec,Prince William County,SI NVA06 LLC,STACK Infrastructure,matched_osm_differs,STACK INFRASTRUCTURE,Amazon Web Services,IAD105,Existing,223757,,NOVEC (co-op),unambiguous,,388,yes (air permit),DEQ 74240 [operating],7695-26-4469,,-77.519887,38.747315
pec,Prince William County,SI NVA07 LLC,STACK Infrastructure,matched_osm_differs,STACK INFRASTRUCTURE,Amazon Web Services,IAD106,Existing,233757,,NOVEC (co-op),unambiguous,,306,yes (air permit),DEQ 74240 [operating],7695-26-7645,,-77.518758,38.746646
pec,Prince William County,SI NVA08 LLC,STACK Infrastructure,matched_osm_differs,STACK INFRASTRUCTURE,Amazon Web Services,,Existing,216067,,NOVEC (co-op),unambiguous,,233,yes (air permit),DEQ 74240 [operating],7695-36-1324,,-77.517477,38.746066
pec,Prince William County,DC-4,QTS,matched_osm_differs,QTS,Quality Technology Services,,Proposed,323526,,NOVEC (co-op),unambiguous,,580,yes (air permit),DEQ 74240 [operating],7695-38-4751,,-77.516501,38.752627
pec,Prince William County,QTS Manassas DC 5,QTS,matched_osm_differs,QTS,Quality Technology Services,,Existing,305510,,NOVEC (co-op),unambiguous,,807,yes (air permit),DEQ 74246 [operating],7695-39-0644,,-77.517579,38.75485
pec,Prince William County,QTS MANASSAS I DC6 LLC,QTS,matched_osm_differs,QTS,Quality Technology Services,,Proposed,269091,,NOVEC (co-op),unambiguous,,218,,,7695-47-4075,,-77.509897,38.754379
pec,Prince William County,QTS Manassas DC 2,QTS,matched_osm_differs,QTS,Quality Technology Services,,Existing,127000,,NOVEC (co-op),unambiguous,,338,,,7695-48-1668,,-77.513144,38.752436
pec,Prince William County,INNOVATION EXECUTIVE CENTER DC-3,QTS,matched_osm_differs,QTS,Quality Technology Services,,Proposed,174719,,NOVEC (co-op),unambiguous,,296,,,7695-48-5745,,-77.512284,38.752781
pec,Prince William County,Ashwood Addition,CloudHQ,matched,CloudHQ,,,Proposed,1644498,,Dominion (VEPCO),unambiguous,,845,yes (air permit),DEQ 74118 [planned],7695-50-2997,,-77.510258,38.731695
pec,Prince William County,Digital Second Manassas,Amazon Web Services,osm_tag,DIGITAL CARVER BRICKYARD LLC,Amazon Web Services,IAD101,Proposed,1759136,,Dominion (VEPCO),unambiguous,,151,yes (air permit),DEQ 74262 [operating],7695-53-7717,,-77.508288,38.737872
pec,Prince William County,QTS MANASSAS I DC3 LLC,QTS,matched_osm_differs,QTS MANASSAS I DC3 LLC,Quality Technology Services,,Existing,269091,,NOVEC (co-op),unambiguous,,184,,,7695-58-1491,,-77.510348,38.753265
pec,Prince William County,QTS MANASSAS I DC6 LLC,QTS,matched_osm_differs,QTS MANASSAS I DC3 LLC,Quality Technology Services,,Proposed,,,NOVEC (co-op),unambiguous,,179,,,7695-58-1491,,-77.512869,38.75038
pec,Prince William County,AMAZON DATA SERVICES INC,Amazon (AWS),matched,Amazon Data Services Inc,Amazon Web Services,IAD102,Existing,,,Dominion (VEPCO),unambiguous,,303,yes (air permit),DEQ 74129 [operating],7695-62-8723,,-77.504523,38.734944
pec,Prince William County,MANASSAS NCP LLC,Amazon Web Services,osm_tag,MANASSAS NCP LLC,Amazon Web Services,IAD131,Existing,409252,,NOVEC (co-op),unambiguous,,1233,yes (air permit),DEQ 74171 [operating],7696-21-7764,,-77.518692,38.760582
pec,Prince William County,Vulcan Data Center,Amazon (AWS),matched,Amazon Data Services Inc,,,Proposed,1071000,,NOVEC (co-op),unambiguous,,1514,,,7696-34-7899,,-77.514348,38.771148
pec,Prince William County,ALEXANDRIA TECHNOLOGY CENTER,QTS,matched_osm_differs,QTS,Quality Technology Services,,Proposed,,,NOVEC (co-op),unambiguous,,631,yes (air permit),DEQ 74246 [operating],7696-40-1403,,-77.51377,38.756546
pec,Prince William County,Compton Property SUP,Amazon (AWS),matched,Amazon Data Services Inc,,,Proposed,1062000,,NOVEC (co-op),unambiguous,,1430,,,7696-56-8064,,-77.51027,38.775802
pec,Prince William County,MCI COMMUNICATION SERVICES LLC VERIZON GLOBAL REAL ESTATE,Verizon,matched_osm_differs,MCI COMMUNICATION SERVICES LLC VERIZON GLOBAL REAL ESTATE,Equinix,DC14,Existing,227465,,NOVEC (co-op),unambiguous,,4098,,,7697-47-3772,,-77.512491,38.804858
pec,Prince William County,EQUINIX DC14,Equinix,matched,EQUINIX,Equinix,DC14,Existing,859040,,NOVEC (co-op),unambiguous,,3898,,,7697-47-7005,,-77.510795,38.803439
pec,Prince William County,MCC5,CloudHQ,matched,CloudHQ,,,Proposed,400000,,Dominion (VEPCO),unambiguous,,654,,,7794-06-4463,,-77.493086,38.719756
pec,Prince William County,Potomac Technology Park,Plaza Realty Management Inc,unresolved,Plaza Realty Management Inc,,,Proposed,1170320,,NOVEC (co-op),unambiguous,,6398,,,7991-04-7237,,-77.422469,38.630247
pec,Prince William County,Amazon Data Center,Amazon (AWS),matched,Amazon Data Services Inc,,,Proposed,,,Dominion (VEPCO),unambiguous,,842,yes (air permit),DEQ 74353 [planned],,,-77.515924,38.733843
pec,Scott County,Scott County Regional Business & Technology Park,SCOTT COUNTY INDUSTRIAL DEV.,unresolved,SCOTT COUNTY INDUSTRIAL DEV.,,,Proposed,,,Powell Valley EC (co-op),unambiguous,,413,,,80A3-A-8,,-82.804589,36.715853
pec,Spotsylvania County,Carter's Store Tech Campus,Amazon (AWS),matched,Amazon Data Services Inc,,,Proposed,2600000,,REC (co-op),unambiguous,,4568,,,36-A-46,,-77.454808,38.189512
pec,Spotsylvania County,Cosner Tech Campus,Amazon (AWS),matched,Amazon Data Services Inc,,,Proposed,1900000,,REC (co-op),unambiguous,,2786,,,50-A-126,,-77.484228,38.209718
pec,Spotsylvania County,Hunter's Ridge,Hunters Ridge LLC,unresolved,Hunters Ridge LLC,,,Proposed,900000,,REC (co-op),unambiguous,,2153,yes (air permit),DEQ 74329 [planned],36-A-41D,,-77.475179,38.219468
pec,Spotsylvania County,Mattameade Tech Campus,Amazon (AWS),matched,Amazon Data Services Inc,,,Proposed,,,REC (co-op),unambiguous,,8535,,,,,-77.504197,38.121683
pec,Spotsylvania County,PowerHouse95,PowerHouse,matched,PowerHouse Data Centers,,,Proposed,3500000,,REC (co-op),unambiguous,,2343,,,36-A-41D,,-77.480603,38.218119
pec,Spotsylvania County,Summit Crossing Tech Campus,Amazon (AWS),matched,Amazon Data Services Inc,,,Proposed,2100000,,REC (co-op),unambiguous,,3566,,,51-A-33,,-77.440532,38.188471
pec,Stafford County,Old Potomac Church Data Center,Amazon (AWS),matched,Amazon Data Services Inc,,,Proposed,510000,,Dominion (VEPCO),unambiguous,,7423,yes (air permit),DEQ 74309 [planned],39-71A,,-77.404247,38.411322
pec,Stafford County,Stafford Technology Campus,"Jon M. Peterson, Stafford Technology, LC",unresolved,"Jon M. Peterson, Stafford Technology, LC",,,Proposed,5500000,,Dominion (VEPCO),unambiguous,,7793,,,38-124,,-77.431617,38.385122
pec,Surry County,Green Energy Center,Green Energy Partners,unresolved,Green Energy Partners,,,Proposed,,,Prince George EC (co-op),unambiguous,,465,,,31-22,,-76.685073,37.152025
pec,Virginia Beach City,Telxius Cable Landing Station Virginia Beach,Telxius,unresolved,Telxius,,,Proposed,140000,,Dominion (VEPCO),unambiguous,,4546,,,24152291580000,,-76.007831,36.779261
pec,Virginia Beach City,Globalinx Virginia Beach,LANDING 888 LLC,unresolved,LANDING 888 LLC,,,Existing,9712,,Dominion (VEPCO),unambiguous,,4521,,,24152434460000,,-76.008943,36.783708
pec,Virginia Beach City,Telxius Cable Landing Station Virginia Beach,Telxius,unresolved,Telxius,,,Existing,10750,,Dominion (VEPCO),unambiguous,,4532,,,24152291580000,,-76.007135,36.777547
pec,Wise County,DP Facilities: Mineral Gap,DP FACILITIES INC SOUTH LLC,unresolved,DP FACILITIES INC SOUTH LLC,,,Existing,65000,,Old Dominion Power,unambiguous,,3567,yes (air permit),DEQ 11790 [operating],042710,,-82.527034,36.978066
pec,Scott County,Duffield Premier Data Center Site,ONEPARTNER LLC,unresolved,ONEPARTNER LLC,,,Existing,9200,,Powell Valley EC (co-op),unambiguous,,428,,,80A3-3-8,,-82.802504,36.712565
pec,Hanover County,Iron Horse Data Center Rezoning,"Harris and Douglass Properties, LLC",unresolved,"Harris and Douglass Properties, LLC",,,Proposed,3300000,,Dominion (VEPCO),unambiguous,,3061,,,7880-70-4924,,-77.450796,37.759017
pec,Loudoun County,MECP1 ASHBURN 1 LLC,Amazon Web Services,osm_tag,MECP1 ASHBURN 1 LLC,Amazon Web Services,IAD174,Existing,258716,,Dominion (VEPCO),unambiguous,,4280,yes (air permit),DEQ 74227 [operating],030455548000,,-77.427685,39.028486
pec,Loudoun County,MECP2 ASHBURN 2 LLC,Amazon Web Services,osm_tag,MECP2 ASHBURN 2 LLC,Amazon Web Services,IAD164,Existing,258716,,Dominion (VEPCO),unambiguous,,4087,yes (air permit),DEQ 74227 [operating],029151508000,,-77.429013,39.030412
pec,Loudoun County,MECP3 ASHBURN 3 LLC,Amazon Web Services,osm_tag,MECP3 ASHBURN 3 LLC,Amazon Web Services,IAD163,Existing,258716,,Dominion (VEPCO),unambiguous,,3887,yes (air permit),DEQ 74227 [operating],041108666000,,-77.429911,39.032348
pec,Fauquier County,OVHcloud Data Center Expansion,OVHcloud,unresolved,OVHcloud,,,Proposed,120000,,NOVEC (co-op),unambiguous,,647,,,7915-86-3249-000,,-77.674482,38.747437
pec,Fauquier County,Convergent Technology Park,Convergent VA LLC,unresolved,Convergent VA LLC,,,Proposed,1056000,,Dominion (VEPCO),unambiguous,,2731,,,6888-13-7752-000,,-77.806259,38.546985
pec,Fauquier County,Vint Hill Corners,Vint Hill Corners LLC,unresolved,Vint Hill Corners LLC,,,Proposed,360000,,NOVEC (co-op),unambiguous,,479,yes (air permit),DEQ 74127 [operating],7915-54-0780-000,,-77.68534,38.744585
pec,Appomattox County,Hercules,Avaio Digital Partners,unresolved,Avaio Digital Partners,,,Proposed,250000,300.0,CVEC (co-op),unambiguous,,541,yes (air permit),DEQ 21814 [planned],64A6 1 G,,-78.849419,37.374399
pec,Pittsylvania County,unnamed,"BOLES, BRENDA ET ALS EAST, SHARON ET ALS BOLES, DOUGLAS ET ALS KELLEY, OTEY HARRIS III ET ALS KELLEY, CHARLES ET ALS",unresolved,"BOLES, BRENDA ET ALS EAST, SHARON ET ALS BOLES, DOUGLAS ET ALS KELLEY, OTEY HARRIS III ET ALS KELLEY, CHARLES ET ALS",,,Proposed,2280801,,Southside EC (co-op),unambiguous,,852,,,2531-47-0247,,-79.351865,36.980349
pec,Greensville County,Mid-Atlantic Advanced Manufacturing Center,Arup Americas Inc,unresolved,Arup Americas Inc,,,Proposed,,,Mecklenburg EC (co-op),unambiguous,,3882,,,21-97E,,-77.514697,36.736737
pec,Henrico County,Azalea,BWS Enterprises,unresolved,BWS Enterprises,,,Proposed,456108,,Dominion (VEPCO),unambiguous,,16810,,,795-746-5940,,-77.423413,37.604716
pec,Loudoun County,Oaklawn,Keane Enterprises,unresolved,Keane Enterprises,,,Proposed,700000,,NOVEC (co-op),unambiguous,,475,,,2.33396106e+11,,-77.560566,39.091972
pec,Powhatan County,Province Group,Province Group,unresolved,Province Group,,,Proposed,1500000,,Dominion (VEPCO),unambiguous,,7863,,,043-61,,-77.732395,37.50839
pec,Wise County,DP Facilities: Mineral Gap,DP FACILITIES INC SOUTH LLC,unresolved,DP FACILITIES INC SOUTH LLC,,,Proposed,200000,45.0,Old Dominion Power,unambiguous,,3567,yes (air permit),DEQ 11790 [operating],10852,,-82.527034,36.978066
pec,Stafford County,Blaisdell Property Data Center,TC Blaisdell of Delaware,unresolved,TC Blaisdell of Delaware,,,Proposed,1480000,,Dominion (VEPCO),unambiguous,,7790,,,53 1M,,-77.487329,38.331717
pec,Stafford County,George Washington Village Data Center,Garrett Development Corporation,unresolved,Garrett Development Corporation,,,Proposed,7900000,,Dominion (VEPCO),unambiguous,,5271,,,38 70,,-77.446931,38.40892
pec,Stafford County,Accokeek Center,"A.I., INC",unresolved,"A.I., INC",,,Proposed,520000,,Dominion (VEPCO),unambiguous,,7099,,,38 96,,-77.426999,38.403712
pec,Stafford County,Austin Ridge Logisitics Center,NP AUSTIN RIDGE LLC,unresolved,NP AUSTIN RIDGE LLC,,,Proposed,1600000,,Dominion (VEPCO),unambiguous,,5989,,,38 68,,-77.435741,38.414502
pec,Stafford County,Enon Road Technologies,ENON RD LLC,unresolved,ENON RD LLC,,,Proposed,2000000,,Dominion (VEPCO),unambiguous,,6327,,,45 227,,-77.473578,38.36789
pec,Stafford County,Cranes Corner Data Center,GAM 403 MOUNTAIN LLC,unresolved,GAM 403 MOUNTAIN LLC,,,Proposed,900000,,Dominion (VEPCO),unambiguous,,7641,,,46 10,,-77.451436,38.371295
pec,Botetourt County,Greenfield,Google,matched,Google,,,Proposed,,,Appalachian Power,unambiguous,,4227,yes (air permit),DEQ 21819 [planned],88(26)3,,-79.912694,37.441695
pec,Prince William County,Wellington Road PRA,TPC WELLINGTON EAST LC,unresolved,TPC WELLINGTON EAST LC,,,Proposed,370175,,NOVEC (co-op),unambiguous,,1031,yes (air permit),DEQ 74291 [planned],7696-42-2354,,-77.513538,38.763477
pec,Prince William County,PARSONS BUSINESS PARK LLC,PARSONS BUSINESS PARK LLC,unresolved,PARSONS BUSINESS PARK LLC,,,Proposed,2628411,,NOVEC (co-op),unambiguous,,5708,,,7891-69-0322,,-77.441595,38.645597
pec,Prince William County,Mid-County Industrial Park,Amazon (AWS),matched,Amazon Data Services,,,Proposed,664715,,NOVEC (co-op),unambiguous,,5559,,,7991-45-0874,,-77.411529,38.63156
pec,Prince William County,Stoneview,8625 WELLINGTON ROAD LLC,unresolved,8625 WELLINGTON ROAD LLC,,,Proposed,149558,,NOVEC (co-op),unambiguous,,1584,,,7696-23-5325,,-77.519433,38.76551
pec,Prince William County,NVA05C,SDC Capital Partners,unresolved,SDC Capital Partners,,,Proposed,,,NOVEC (co-op),unambiguous,,756,yes (air permit),DEQ 74291 [planned],7696-41-4699,,-77.511632,38.761221
pec,Prince William County,PROJECT INDUSTRY,INDUSTRIAL PARK COURT LLC,unresolved,INDUSTRIAL PARK COURT LLC,,,Proposed,1838000,,NOVEC (co-op),unambiguous,,1754,,,7496-59-2613,,-77.579189,38.781743
pec,Prince William County,9001 Hornbaker Rd,MJV ASSOCIATES LLC,unresolved,MJV ASSOCIATES LLC,,,Proposed,871518,,NOVEC (co-op),unambiguous,,1490,,,7596-81-5396,,-77.533848,38.762553
pec,Prince William County,Project Well,Amazon (AWS),matched,Amazon Data Services Inc,,,Proposed,1341019,,NOVEC (co-op),unambiguous,,2197,,,7596-08-1375,,-77.562635,38.780552
pec,Prince William County,Bristow Campus,STACK Infrastructure,matched,STACK INFRASTRUCTURE,,,Proposed,540000,,NOVEC (co-op),unambiguous_near_boundary,,65,,,7595-63-4137,,-77.541254,38.737968
pec,Prince William County,IRON MOUNTAIN DATA CENTERS LLC,Iron Mountain,matched,IRON MOUNTAIN DATA CENTERS,Iron Mountain,,Proposed,165428,,NOVEC (co-op),unambiguous,,1485,yes (air permit),DEQ 74278 [operating],7596-55-9338,,-77.542507,38.771361
pec,Prince William County,WELLINGTON GLEN TECHNOLOGY PARK,Amazon (AWS),matched,Amazon Data Services Inc,,,Proposed,673198,,NOVEC (co-op),unambiguous,,839,,,7596-63-6606,,-77.544517,38.764816
pec,Prince William County,Manassas Point,MANASSAS DC OPERATING LLC,unresolved,MANASSAS DC OPERATING LLC,,,Proposed,1739350,,NOVEC (co-op),unambiguous,,2892,yes (air permit),DEQ 74115 [operating],7596-79-3589,,-77.53779,38.783833
pec,Prince William County,NVA05A & NVA05B Proffer Amendment and Rezoning,STACK Infrastructure,matched_osm_differs,STACK INFRASTRUCTURE,Amazon Web Services,IAD131,Proposed,814777,,NOVEC (co-op),unambiguous,,988,yes (air permit),DEQ 74246 [operating],7696-30-4783,,-77.51536,38.760542
pec,Loudoun County,STACK NVA04,STACK Infrastructure,matched,STACK INFRASTRUCTURE,,,Existing,371941,,Dominion (VEPCO),unambiguous,,1958,,,062275493002,,-77.460305,39.000746
pec,Loudoun County,STACK NVA04,STACK Infrastructure,matched,STACK INFRASTRUCTURE,,,Existing,371211,,Dominion (VEPCO),unambiguous,,1825,yes (air permit),DEQ 74335 [planned],062275493003,,-77.460786,38.999166
pec,Loudoun County,STACK NVA04,STACK Infrastructure,matched,STACK INFRASTRUCTURE,,,Proposed,371941,,Dominion (VEPCO),unambiguous,,2045,,,062275493001,,-77.46116,39.002779
pec,Loudoun County,AWS H&M Property,Amazon (AWS),matched,Amazon Data Services Inc,Amazon Web Services,,Existing,274000,,Dominion (VEPCO),unambiguous_near_boundary,,113,yes (air permit),DEQ 74250 [operating],96183926000,,-77.486299,38.921108
pec,Loudoun County,AWS H&M Property,Amazon (AWS),matched,Amazon Data Services Inc,Amazon Web Services,,Proposed,259000,,Dominion (VEPCO),unambiguous,,322,yes (air permit),DEQ 74250 [operating],96183926000,,-77.483177,38.921133
pec,Loudoun County,AWS H&M Property,Amazon (AWS),matched,Amazon Data Services Inc,Amazon Web Services,IAD152,Proposed,958000,,Dominion (VEPCO),unambiguous,,232,yes (air permit),DEQ 74174 [operating],96183926000,,-77.47998,38.919655
pec,Loudoun County,AWS H&M Property,Amazon (AWS),matched,Amazon Data Services Inc,Amazon Web Services,,Proposed,259000,,Dominion (VEPCO),unambiguous,,358,yes (air permit),DEQ 74250 [operating],96183926000,,-77.483391,38.919814
pec,Loudoun County,Northwoods Property,Amazon (AWS),matched,Amazon Data Services Inc,,,Proposed,755090,,NOVEC (co-op),unambiguous,,652,yes (air permit),DEQ 74323 [planned],122207249000,,-77.493507,38.977922
pec,Loudoun County,Northwoods Property,Amazon (AWS),matched,Amazon Data Services Inc,,,Existing,263340,,NOVEC (co-op),unambiguous,,516,yes (air permit),DEQ 74323 [planned],122207249000,,-77.493818,38.980716
pec,Loudoun County,IAD44,Digital Realty,matched,Digital Realty,Digital Realty,IAD44,Existing,784204,,NOVEC (co-op),unambiguous,,1904,,,92192834000,,-77.490523,38.961181
pec,Loudoun County,PROLOGIS-EXCHANGE 43461 OLD OX ROAD,Prologis,matched_osm_differs,Prologis,Amazon Web Services,IAD120,Existing,474570,,NOVEC (co-op),unambiguous,,1346,yes (air permit),DEQ 74205 [operating],124299328000,,-77.497678,38.957451
pec,Loudoun County,Dulles Commerce,Prologis,matched,Prologis,,,Proposed,441175,,NOVEC (co-op),unambiguous,,1845,yes (air permit),DEQ 74205 [operating],124398485000,,-77.498293,38.961968
pec,Loudoun County,PROLOGIS-EXCHANGE 43461 OLD OX ROAD,Prologis,matched_osm_differs,Prologis,Amazon Web Services,IAD122,Proposed,2023449,,NOVEC (co-op),unambiguous,,920,,,124105978000,,-77.495523,38.953209
pec,Loudoun County,Spring Valley Technology Park,SVTP Spring Valley LLC,unresolved,SVTP Spring Valley LLC,,,Proposed,3483902,,NOVEC (co-op),unambiguous,,719,,,241270467000,,-77.571261,39.001057
pec,Loudoun County,Vantage VA 3,Vantage,matched,VANTAGE DATA CENTERS,,,Proposed,2329165,,Dominion (VEPCO),unambiguous,,2182,yes (air permit),DEQ 74284 [operating],113372932000,,-77.506546,39.079757
pec,Loudoun County,Vantage VA 3,Vantage,matched,VANTAGE DATA CENTERS,,,Existing,385398,,Dominion (VEPCO),unambiguous,,2018,yes (air permit),DEQ 74284 [operating],113272390000,,-77.506165,39.077394
pec,Loudoun County,NVA06 Campus,STACK Infrastructure,matched,STACK INFRASTRUCTURE,,,Existing,232886,48.0,NOVEC (co-op),unambiguous,,636,yes (air permit),DEQ 74269 [operating],234371847002,,-77.565232,39.082627
pec,Loudoun County,NVA06 Campus,STACK Infrastructure,matched,STACK INFRASTRUCTURE,,,Existing,388150,24.0,NOVEC (co-op),unambiguous,,719,yes (air permit),DEQ 74269 [operating],234371847001,,-77.564728,39.080228
pec,Loudoun County,WHEELER SURVEY COMPANY,Google,osm_tag,WHEELER SURVEY COMPANY LLC,Google,ARA2,Existing,538565,,Dominion (VEPCO),unambiguous,,635,,,162176713000,,-77.528644,38.942362
pec,Loudoun County,WHEELER SURVEY COMPANY,WHEELER SURVEY COMPANY LLC,unresolved,WHEELER SURVEY COMPANY LLC,,,Proposed,353385,,Dominion (VEPCO),unambiguous,,907,,,162176713000,,-77.532571,38.940898
pec,Loudoun County,JK TECHNOLOGY PARK #3,STONE SPRINGS LLC,unresolved,STONE SPRINGS LLC,,,Proposed,184080,,Dominion (VEPCO),unambiguous,,159,,,203295737000,,-77.541262,38.945556
pec,Loudoun County,Allegro North Campus,Yondr,matched,YONDR JK 1 LLC,,,Proposed,1260000,,NOVEC (co-op),unambiguous,,801,,,202285740000,,-77.545157,38.95632
pec,Loudoun County,BRAMBLETON SHREVEPORT SOUTH DATA CENTER,STACK Infrastructure,matched,STACK INFRASTRUCTURE,,,Proposed,1317531,,NOVEC (co-op),unambiguous,,470,,,161269137000,,-77.52909,38.959672
pec,Loudoun County,Brambleton Business Campus Data Center,Amazon (AWS),matched,Amazon Data Services Inc,,,Proposed,936191,,NOVEC (co-op),unambiguous,,276,,,161397058000,,-77.518372,38.953912
pec,Loudoun County,Farah-Naples Data Center,BROAD RUN HOLDINGS LLC,unresolved,BROAD RUN HOLDINGS LLC,,,Proposed,100000,,NOVEC (co-op),unambiguous,,811,,,124256520000,,-77.513062,38.95731
pec,Loudoun County,NV-9 CYRUSONE,CyrusOne,matched,CyrusOne,CyrusOne,,Existing,525482,135.0,NOVEC (co-op),unambiguous,,1507,yes (air permit),DEQ 74173 [operating],124369522000,,-77.505071,38.958665
pec,Loudoun County,NV-9 CYRUSONE,CyrusOne,matched,CyrusOne,CyrusOne,,Proposed,158696,,NOVEC (co-op),unambiguous,,1536,yes (air permit),DEQ 74173 [operating],124369522000,,-77.502678,38.95891
pec,Loudoun County,MERCURE BUSINESS PARK LOT 4A1B,Chuck Kuhn,unresolved,Chuck Kuhn,,,Proposed,101579,,NOVEC (co-op),unambiguous,,197,,,91482155000,,-77.482163,38.984791
pec,Loudoun County,GLENN DRIVE NORTH & SOUTH,Prologis,matched,Prologis,,,Proposed,1668261,,Dominion (VEPCO),unambiguous,,238,,,33179880000,,-77.416307,38.988274
pec,Loudoun County,108 CARPENTER DRIVE,CARPENTER DRIVE LLC/ CHARLES S KUHN,unresolved,CARPENTER DRIVE LLC/ CHARLES S KUHN,,,Proposed,52744,,Dominion (VEPCO),unambiguous,,740,,,33370100000,,-77.422433,38.991229
pec,Loudoun County,IAD214,Amazon (AWS),matched,Amazon Data Services Inc,Amazon Web Services,IAD214,Existing,226456,,Dominion (VEPCO),unambiguous,,848,yes (air permit),DEQ 74287 [planned],45195615000,,-77.435578,38.986731
pec,Loudoun County,DCT DULLES DOWNS Land Bay B,Amazon Web Services,osm_tag,DCT DULLES DOWNS LLC,Amazon Web Services,Amazon IAD56,Existing,143563,,Dominion (VEPCO),unambiguous,,1224,yes (air permit),DEQ 74063 [operating],45391908000,,-77.437293,38.990137
pec,Loudoun County,DCT DULLES DOWNS Land Bay B,Amazon Web Services,osm_tag,DCT DULLES DOWNS LLC,Amazon Web Services,Amazon IAD56,Proposed,670953,,Dominion (VEPCO),unambiguous,,1139,yes (air permit),DEQ 74063 [operating],45391908000,,-77.43785,38.989378
pec,Loudoun County,DCT DULLES DOWNS Land Bay A,Amazon Web Services,osm_tag,DCT DULLES DOWNS LLC,Amazon Web Services,IAD88,Existing,287460,,Dominion (VEPCO),unambiguous,,1378,yes (air permit),DEQ 74247 [operating],45282657000,,-77.441367,38.991178
pec,Loudoun County,DCT DULLES DOWNS Land Bay A,Amazon Web Services,osm_tag,DCT DULLES DOWNS LLC,Amazon Web Services,IAD87,Proposed,896837,,Dominion (VEPCO),unambiguous,,1311,yes (air permit),DEQ 74247 [operating],45282657000,,-77.439261,38.990852
pec,Loudoun County,DULLES DISTRIBUTION Landbay B,Prologis,matched_osm_differs,Prologis,Centersquare,IAD3,Proposed,660000,,Dominion (VEPCO),unambiguous_near_boundary,,89,yes (air permit),DEQ 73293 [operating],46275921000,,-77.441901,38.978138
pec,Loudoun County,DULLES DISTRIBUTION Landbay A,Prologis,matched_osm_differs,Prologis,Centersquare,IAD3,Proposed,305000,,Dominion (VEPCO),unambiguous,,327,yes (air permit),DEQ 73293 [operating],46278993000,,-77.441476,38.980273
pec,Loudoun County,Prologis NOVA 1,Prologis,matched_osm_differs,Prologis,Amazon Web Services,Amazon IAD230,Existing,256092,,Dominion (VEPCO),unambiguous,,1279,yes (air permit),DEQ 73860 [operating],045252512000,,-77.449543,38.989442
pec,Loudoun County,DCT DULLES PHASE II,Amazon Web Services,osm_tag,DCT DULLES PHASE II LLC,Amazon Web Services,Amazon IAD230,Existing,75800,,Dominion (VEPCO),unambiguous,,1116,yes (air permit),DEQ 73860 [operating],45254455000,,-77.450519,38.988131
pec,Loudoun County,VA 16,Vantage,matched_osm_differs,VANTAGE DATA CENTERS,GI Partners,,Existing,255935,,Dominion (VEPCO),unambiguous,,2240,yes (air permit),DEQ 74156 [operating],44175589000,,-77.441142,38.999088
pec,Loudoun County,ME-DC Pacific,LOUDOUN TECHNOLOGY PARTNERS PROPERTY LLC,unresolved,LOUDOUN TECHNOLOGY PARTNERS PROPERTY LLC,,,Proposed,589400,,Dominion (VEPCO),unambiguous,,2396,yes (air permit),DEQ 74315 [planned],44267923000,,-77.445176,38.999855
pec,Loudoun County,ASH1-BRODERICK DC2,QTS,matched_osm_differs,QTS,Quality Technology Services,DC2,Proposed,189890,,Dominion (VEPCO),unambiguous,,2049,yes (air permit),DEQ 73757 [operating],44155625000,,-77.44936,38.998138
pec,Loudoun County,SDC ASHBURN I,Amazon Web Services,osm_tag,SDC ASHBURN ALPHA I LLC,Amazon Web Services,IAD162,Existing,531592,,Dominion (VEPCO),unambiguous,,886,yes (air permit),DEQ 74214 [operating],62159785000,,-77.471638,38.996209
pec,Loudoun County,SDC ASHBURN I,Amazon Web Services,osm_tag,SDC ASHBURN ALPHA I LLC,Amazon Web Services,,Proposed,20000,,Dominion (VEPCO),unambiguous,,961,yes (air permit),DEQ 74214 [operating],62159785000,,-77.469154,38.994942
pec,Loudoun County,DARAB VENTURES SIX,CloudHQ,matched,CloudHQ,CloudHQ,LC11,Proposed,1538288,,Dominion (VEPCO),unambiguous,,1742,yes (air permit),DEQ 74234 [operating],89496314001,,-77.477243,39.005964
pec,Loudoun County,CORSCALE VA2 BLDG 1,Corscale,unresolved,Corscale,,,Proposed,460000,,Dominion (VEPCO),unambiguous,,3337,yes (air permit),DEQ 74296 [planned],41398662000,,-77.433717,39.03804
pec,Loudoun County,Thayer Road,Amazon Web Services,osm_tag,"JK LAND HOLDINGS II LLC & GOELLER, KEVIN & GOELLER, RYAN",Amazon Web Services,IAD174,Proposed,305593,,Dominion (VEPCO),unambiguous,,4417,,,30465708000,,-77.424478,39.026967
pec,Loudoun County,"STERLING VI, V",CyrusOne,matched,CyrusOne,CyrusOne,NVA5,Existing,1178308,,Dominion (VEPCO),unambiguous,,4828,yes (air permit),DEQ 74114 [operating],42394385003,,-77.434105,39.024349
pec,Loudoun County,RIDGETOP CENTER,Amazon (AWS),matched_osm_differs,Amazon Data Services Inc,Centersquare,IAD1-C,Proposed,268339,,Dominion (VEPCO),unambiguous,,4452,yes (air permit),DEQ 73160 [operating],30306633000,,-77.409906,39.024726
pec,Loudoun County,HORSESHOE DRIVE,Centersquare,osm_tag,TA Realty,Centersquare,IAD1-C,Proposed,481220,,Dominion (VEPCO),unambiguous,,4325,yes (air permit),DEQ 74086 [operating],30300991000,,-77.411605,39.026023
pec,Loudoun County,Ashburn Data Center,SCOREBOARD LANDCO BORROWER LLC,unresolved,SCOREBOARD LANDCO BORROWER LLC,,,Proposed,1176000,,Dominion (VEPCO),unambiguous,,4772,,,42363888000,,-77.444127,39.02697
pec,City of Fredericksburg,NEON AT CELEBRATE VIRGINIA SOUTH,STACK Infrastructure,matched,STACK INFRASTRUCTURE,,,Proposed,,,Dominion (VEPCO),unambiguous,,7655,,,7860-50-3126,,-77.517353,38.318707
pec,Stafford County,Forest Lane Data Center,Real Estate Pursuits 2LC,unresolved,Real Estate Pursuits 2LC,,,Proposed,7068000,,Dominion (VEPCO),unambiguous_near_boundary,,120,,,59-70,,-77.399741,38.270287
pec,Stafford County,Sisson North,Real Estate Pursuits 2LC,unresolved,Real Estate Pursuits 2LC,,,Proposed,1140000,,Dominion (VEPCO),unambiguous,,218,,,59 75D,,-77.387048,38.258732
pec,Loudoun County,MERCURE BUSINESS PARK LOTS 19 AND 20,Chuck Kuhn,unresolved,Chuck Kuhn,,,Proposed,178648,,NOVEC (co-op),unambiguous_near_boundary,,85,,,91490220000,,-77.479165,38.985001
pec,Loudoun County,SHAW ROAD BUSINESS PARK,Centersquare,osm_tag,ICOV II SHAW ROAD OWNER LLC,Centersquare,IAD2-B,Proposed,,,NOVEC (co-op),unambiguous_near_boundary,,108,yes (air permit),DEQ 74109 [operating],034372453000,,-77.422246,38.981318
pec,Loudoun County,ACC4 Digital Realty,Digital Realty,matched,Digital Realty,Digital Realty,ACC4,Existing,286865,,Dominion (VEPCO),unambiguous,,3366,yes (air permit),DEQ 73370 [operating],060178810000,,-77.46266,39.017944
pec,Loudoun County,ACC11 Digital Realty,Digital Realty,matched_osm_differs,Digital Realty,Equinix,DC4,Proposed,395829,,Dominion (VEPCO),unambiguous,,3023,yes (air permit),DEQ 74155 [operating],061373570000,,-77.463629,39.014893
pec,Loudoun County,NTT Global Data Centers,NTT / RagingWire,matched_osm_differs,NTT GLOBAL DATA CENTERS VA LLC,NTT,VA5,Existing,1376853,32.0,Dominion (VEPCO),unambiguous,,3134,yes (air permit),DEQ 74120 [operating],088407447000,,-77.472889,39.018154
pec,Loudoun County,NTT Global Data Centers Building 7,NTT / RagingWire,matched_osm_differs,NTT GLOBAL DATA CENTERS VA LLC,NTT,VA7,Existing,270856,,Dominion (VEPCO),unambiguous,,2907,yes (air permit),DEQ 74120 [operating],088407447000,,-77.472077,39.015966
pec,Loudoun County,NTT Global Data Centers Building 9,NTT / RagingWire,matched_osm_differs,NTT GLOBAL DATA CENTERS VA LLC,NTT,VA8,Proposed,220132,,Dominion (VEPCO),unambiguous,,3160,yes (air permit),DEQ 74252 [operating],088407447000,,-77.475867,39.018656
pec,Loudoun County,AID1 DataBank,DataBank,matched,GI TC ASHBURN LLC,DataBank,IAD1,Existing,146154,,Dominion (VEPCO),unambiguous,,2833,yes (air permit),DEQ 73935 [operating],088381788000,,-77.482467,39.015616
pec,Loudoun County,Parcel J at Ashburn Center,DataBank,osm_tag,GI TC ASHBURN LLC,DataBank,IAD4,Proposed,154583,,Dominion (VEPCO),unambiguous,,2854,,,088381788000,,-77.483355,39.015711
pec,Loudoun County,CYRUSONE BROADLANDS DATA CENTER,CyrusOne,matched,CyrusOne,,,Proposed,784600,,Dominion (VEPCO),unambiguous,,907,,,154199491000,,-77.521707,39.033375
pec,Loudoun County,PROJECT ASPEN,HAYDEN TECHNOLOGIES LLC,unresolved,HAYDEN TECHNOLOGIES LLC,,,Proposed,324890,,,no_geometry,,,,,194498227000,,,
pec,Loudoun County,Project Celtic Phase 2,Google,matched,Google,,,Proposed,1190996,,NOVEC (co-op),unambiguous,,1316,yes (air permit),DEQ 74301 [operating],193186982000,,-77.544647,39.053901
pec,Loudoun County,COMPASS DATACENTERS IAD I,Compass,matched_osm_differs,Compass,True North Data Solutions,,Existing,551029,,NOVEC (co-op),unambiguous,,572,yes (air permit),DEQ 74160 [operating],194103673001,,-77.537601,39.043821
pec,Loudoun County,Cochran Mill Road,Twin Creeks LLC,unresolved,Twin Creeks LLC,,,Proposed,811129,,Dominion (VEPCO),unambiguous,,1186,,,151494358000,,-77.51654,39.074633
pec,Loudoun County,TELOS DATA CENTER,MARC SOLOMON,unresolved,MARC SOLOMON,,,Proposed,180000,,Dominion (VEPCO),unambiguous,,1719,,,083287772000,,-77.478567,39.067025
pec,Caroline County,CleanArc,CleanArc,matched,"CleanArc Data Centers Operating, LLC",,,Proposed,490000,,REC (co-op),unambiguous,,18480,,,53-A-64B,,-77.497237,38.015455
pec,Chesterfield County,Project Peanut,Google,matched,Google,,,Proposed,855000,,Dominion (VEPCO),unambiguous,,6936,yes (air permit),DEQ 53256 [planned],8306513084,,-77.30399,37.344571
pec,Chesterfield County,Project Loch,Google,matched,Google,,,Proposed,,,Dominion (VEPCO),unambiguous,,11346,,,7.16706972e+14,,-77.691616,37.499064
pec,Fairfax County,Plaza 500,Starwood Capital Group/Plaza 500 LLC,unresolved,Starwood Capital Group/Plaza 500 LLC,,,Proposed,461444,,Dominion (VEPCO),unambiguous,,8975,,,0812 01 0007,,-77.142522,38.802271
pec,King George County,Dahlgren West,"Dahlgren Innovation Hub, LLC",unresolved,"Dahlgren Innovation Hub, LLC",,,Proposed,9000000,,Northern Neck Electric Cooperative,unambiguous,,707,,,17-24,,-77.112638,38.30985
pec,Fauquier County,Remington Innovation Campus,SDC Capital Partners,unresolved,SDC Capital Partners,,,Proposed,2221560,,Dominion (VEPCO),unambiguous,,1641,,,6888-99-6331-000,,-77.776714,38.563043
pec,King George County,Green Energy Ventures Data Center,Green Energy Ventures LLC,unresolved,Green Energy Ventures LLC,,,Proposed,6500000,,Dominion (VEPCO),unambiguous,,1541,,,21-49,,-77.291219,38.256558
pec,Loudoun County,MERCURE BUSINESS PARK LOT 22,L22 LLC/ John Cox,unresolved,L22 LLC/ John Cox,,,Proposed,95658,,,no_geometry,,,,,091493983000,,,
pec,Loudoun County,Tuscarora Crossing Campus,BlackChamber,matched,Blackchamber Group,,,Proposed,701400,,Dominion (VEPCO),unambiguous,,940,,,150151774000,,-77.527727,39.084415
pec,Prince William County,9720 Dean Drive,Amazon (AWS),matched,Amazon Data Services Inc,Amazon Web Services,,Proposed,250000,,Manassas (municipal),unambiguous,,586,yes (air permit),DEQ 74317 [planned],101/ 02 00/ 55B,,-77.492957,38.749803
pec,Prince William County,Manassas Corporate Center MCC-7 PRA,CloudHQ,matched,CloudHQ,CloudHQ,MCC2,Proposed,1082231,,Dominion (VEPCO),unambiguous,,768,yes (air permit),DEQ 74107 [operating],7694-87-2108,,-77.501353,38.722413
pec,Prince William County,Six Towers Industrial Park,Noble Terra LLC,unresolved,Noble Terra LLC,,,Proposed,750974,,NOVEC (co-op),unambiguous,,5525,,,7892-60-4187,,-77.438439,38.647917
pec,Wyth County,Progress Park Data Center,Solis Arx,unresolved,Solis Arx,,,Proposed,,,Appalachian Power,unambiguous,,36114,,,,,-81.008585,36.958993
pec,Loudoun County,Oppidan,Oppidan Investment Company,unresolved,Oppidan Investment Company,,,Proposed,413000,,Dominion (VEPCO),unambiguous,,613,,,33392929000,,-77.416418,38.992077
pec,Frederick County,Winchester Gateway LLC,Winchester Gateway LLC,unresolved,Winchester Gateway LLC,,,Proposed,901419,,SVEC (co-op),unambiguous,,1052,,,63-A-801,,-78.207625,39.140987
pec,Loudoun County,DULLES DESIGN DATA CENTER,PointOne LLC,unresolved,PointOne LLC,,,Proposed,244400,,Dominion (VEPCO),unambiguous,,5122,yes (air permit),DEQ 73853 [operating],30155049000,,-77.427612,39.020081
pec,City of Petersburg,2233 Halifax Road,Warrenton Group,unresolved,Warrenton Group,,,Proposed,870000,,Dominion (VEPCO),unambiguous,,559,,,76030800,,-77.416484,37.189081
pec,Hanover County,OLD RIDGE ROAD LLC,OLD RIDGE ROAD LLC,unresolved,OLD RIDGE ROAD LLC,,,Proposed,,,REC (co-op),unambiguous,,695,,,7881-69-6763,,-77.448483,37.810253
pec,Loudoun County,George Washington University,Amazon (AWS),matched,Amazon Data Services Inc,,,Proposed,,,Dominion (VEPCO),unambiguous,,1814,,,039168997000,,-77.443876,39.054855
pec,Stafford County,Potomac Creek Campus,METTS LC,unresolved,METTS LC,,,Proposed,975000,,Dominion (VEPCO),unambiguous,,8348,,,38 126,,-77.433866,38.375523
pec,Stafford County,Eskimo Hill Tech Center,HUNTERS RIDGE LLC,unresolved,HUNTERS RIDGE LLC,,,Proposed,681800,,Dominion (VEPCO),unambiguous,,8107,,,38 130,,-77.42567,38.37413
pec,Stafford County,Centreport Gateway Pemberton Tech Center,STAFFORD PROPERTY OWNER LP,unresolved,STAFFORD PROPERTY OWNER LP,,,Proposed,577000,,Dominion (VEPCO),unambiguous,,5741,,,37 25,,-77.471111,38.378813
pec,Stafford County,Vantage 4,Vantage,matched,VANTAGE DATA CENTERS,,,Proposed,929000,,Dominion (VEPCO),unambiguous,,5592,yes (air permit),DEQ 74338 [planned],37 30,,-77.46293,38.388291
pec,Stafford County,Stafford One,STAFFORD ONE INVESTMENTS LLC,unresolved,STAFFORD ONE INVESTMENTS LLC,,,Proposed,474100,,Dominion (VEPCO),unambiguous,,7073,,,46 1,,-77.456436,38.374678
pec,Pittsylvania County,Southern Virginia Megasite at Berry Hill,STACK Infrastructure,matched,STACK INFRASTRUCTURE,,,Proposed,,,Appalachian Power,unambiguous,,329,,,1367-30-1931,,-79.576563,36.573029
pec,Caroline County,SAC III,STACK Infrastructure,matched,STACK INFRASTRUCTURE,,,Proposed,1500000,,REC (co-op),unambiguous,,15918,,,83-A-83B1,,-77.417568,37.953783
pec,Prince William County,Wellington Glen Parcel K,WELLINGTON GLEN PHASE 2 LLC,unresolved,WELLINGTON GLEN PHASE 2 LLC,,,Proposed,1801693,,NOVEC (co-op),unambiguous,,1237,yes (air permit),DEQ 74333 [planned],7596-62-9148.00,,-77.536998,38.762575
pec,Louisa County,Shannon Hill Regional Business Park,EdgeCore,matched,Edgecore,,,Proposed,3900000,1100.0,REC (co-op),unambiguous,,775,,,79 35,,-78.023423,37.902134
pec,Caroline County,Airlee Industrial and Data Center Site,AIRLEE DEVELOPMENT LLC,unresolved,AIRLEE DEVELOPMENT LLC,,,Proposed,1500000,,REC (co-op),unambiguous,,20153,,,68-1-2,,-77.502431,37.997374
pec,Caroline County,ADP Ladysmith Data Hub,GOOD EARTH HORTICULTURE INC,unresolved,GOOD EARTH HORTICULTURE INC,,,Proposed,1600000,,REC (co-op),unambiguous,,19368,,,53-A-65,,-77.504448,38.004328
pec,Caroline County,Caroline Center for Innovation,CARNEAL MELISSA W,unresolved,CARNEAL MELISSA W,,,Proposed,3000000,,REC (co-op),unambiguous,,14770,,,84-A-6,,-77.416265,37.942782
pec,Caroline County,Carmel Technology & Enterprise Center,Q-FIVE INC,unresolved,Q-FIVE INC,,,Proposed,5600000,,REC (co-op),unambiguous,,12503,,,81-A-67,,-77.505527,37.924027
pec,Caroline County,Bull Church Data Center,"Mid Atlantic State Fund, LLC",unresolved,"Mid Atlantic State Fund, LLC",,,Proposed,792000,,REC (co-op),unambiguous,,19264,,,53-A-66,,-77.493309,38.009126
pec,Caroline County,Thornberry Data Center Campus,"Thornberry, LLC",unresolved,"Thornberry, LLC",,,Proposed,3300000,,REC (co-op),unambiguous,,16224,,,84-A-1,,-77.406857,37.95416
pec,Caroline County,Caroline Center for Innovation - North,"CCCII CDEFG, LLC, Owner",unresolved,"CCCII CDEFG, LLC, Owner",,,Proposed,1500000,,REC (co-op),unambiguous,,15498,,,83-A-83B1,,-77.424211,37.95119
pec,Caroline County,Ladysmith Technology Park,"Mattan Ladysmith, LLC",unresolved,"Mattan Ladysmith, LLC",,,Proposed,1684480,,REC (co-op),unambiguous,,17063,,,52-A-129,,-77.504313,38.026902
pec,Loudoun County,IAD3 Evoque Cyxtera,Centersquare,matched,22995 WILDER COURT LLC,Centersquare,IAD3,Existing,130400,,Dominion (VEPCO),unambiguous,,412,yes (air permit),DEQ 73293 [operating],46368231000,,-77.444339,38.981059
pec,Loudoun County,Belmont Innovation Campus,LOUDOUN GC LLC,unresolved,LOUDOUN GC LLC,,,Proposed,1300000,,Dominion (VEPCO),unambiguous,,1457,yes (air permit),DEQ 74321 [planned],1.1436045300e+11,,-77.509723,39.072828
pec,Spotsylvania County,Summit Technology Park,GAM Spotsylvania LLC,unresolved,GAM Spotsylvania LLC,,,Proposed,2200000,,REC (co-op),unambiguous,,2531,,,51-A-63,,-77.432071,38.195139
pec,Spotsylvania County,Gateway Commerce Center,"Four Points, LLC",unresolved,"Four Points, LLC",,,Proposed,2200000,,REC (co-op),unambiguous,,3543,,,3-A-3A,,-77.529492,38.165023
pec,Fluvanna County,Fluvanna Data Center Site,US DELTA TIMBERLANDS LLC C/O F & W FORESTRY SERVICES,unresolved,US DELTA TIMBERLANDS LLC C/O F & W FORESTRY SERVICES,,,Proposed,,,Dominion (VEPCO),unambiguous,,4305,,,59-7-3,,-78.275959,37.720021
pec,Loudoun County,FARKAS PROPERTY REZONING,Bernard Farkas,unresolved,Bernard Farkas,,,Proposed,,,NOVEC (co-op),unambiguous,,1654,,,2.3719986200e+11,,-77.561589,39.042995
pec,Fairfax County,Vienna Cloud,Equinix,osm_tag,Serverfarm,Equinix,DC7,Proposed,316230,,Dominion (VEPCO),unambiguous,,6735,yes (air permit),DEQ 71804 [operating],0392 01 0013E,,-77.219636,38.908811
pec,Frederick County,Virginia Technology Park,Equus Capital Partners Ltd,unresolved,Equus Capital Partners Ltd,,,Proposed,2350000,,SVEC (co-op),unambiguous,,1173,,,33 A 90,,-78.092523,39.288715
pec,Hanover County,VALCO Hanover County Four,VALCO,unresolved,VALCO,,,Proposed,2600000,900.0,Dominion (VEPCO),unambiguous,,5505,,,7757-98-4106,,-77.540287,37.697532
pec,Spotsylvania County,Crossroads Technology Campus,"RCK DIGITAL CROSSROADS, LLC",unresolved,"RCK DIGITAL CROSSROADS, LLC",,,Proposed,2278500,,REC (co-op),unambiguous,,1605,,,37-A-20,,-77.449524,38.23053
pec,Chesterfield County,Old Bermuda Data Center,"Washington Single Family Fund3 LLC, Jacob Manevich",unresolved,"Washington Single Family Fund3 LLC, Jacob Manevich",,,Proposed,792000,,Dominion (VEPCO),unambiguous,,10725,,,8.0464741810e+14,,-77.394861,37.336156
pec,Chesterfield County,Digital Drive,PowerHouse,matched,PowerHouse Data Centers,PowerHouse,,Proposed,422000,,Dominion (VEPCO),unambiguous,,9838,,,8.2165575290e+14,,-77.333698,37.355967
pec,Chesterfield County,Project Gale,Tradeport 95 LLC,unresolved,Tradeport 95 LLC,,,Proposed,2388160,,Dominion (VEPCO),unambiguous,,15880,,,8.0066906760e+14,,-77.408189,37.39524
pec,Loudoun County,DULLES TECHNOLOGY PARK,CyrusOne,osm_tag,Dulles Technology Park LLC,CyrusOne,CyrusOne Northern Virginia Sterling IV,Proposed,979055,,Dominion (VEPCO),unambiguous,,644,yes (air permit),DEQ 74109 [operating],33159716000,,-77.428904,38.987009
pec,Wythe County,TAC Data Center,TAC Data Centers,unresolved,TAC Data Centers,,,Proposed,4000000,1000.0,Appalachian Power,unambiguous,,37864,,,31-24,,-80.843099,36.965954
pec,Loudoun County,ASHBROOK TECH CENTER,Amazon (AWS),matched,Amazon Data Services Inc,,,Proposed,535644,,Dominion (VEPCO),unambiguous,,1602,,,83103527000,,-77.473919,39.064497
pec,Chesterfield County,Project Skye,Google,matched,Google,,,Proposed,,,Dominion (VEPCO),unambiguous,,6447,,,6.986840455e+14,,-77.75997,37.420369
pec,Goochland County,Tuckahoe Technology Park,Tract,unresolved,Tract,,,Proposed,,900.0,Dominion (VEPCO),unambiguous,,5676,,,63-14-0-A-0,,-77.692279,37.612245
pec,Shenandoah County,Project Tallmadge,Takanock,unresolved,Takanock,,,Proposed,2000000,180.0,SVEC (co-op),unambiguous,,3641,,,,,-78.356757,39.013158
