source,locality,site_id,name,operator,status,sq_ft,mw,utility,self_generation,parcel_id,zoning_case,permit_case,address,year,notes
loudoun_existing_dc_parcel,Loudoun County,030297084000,NOKES PLAZA,MEDINA DC 2 ASSETS LLC,BUILT,88490.0,,,,030297084000,,B70071670100,,,Private
loudoun_existing_dc_parcel,Loudoun County,030391106000,NOKES PLAZA,MEDINA DC 2 ASSETS LLC,BUILT,76811.0,,,,030391106000,,B80062460200,,,Private
loudoun_existing_dc_parcel,Loudoun County,045279612000,ALIGNED ENERGY,ALIGNED DATA CENTERS RELO PROPCO LLC,BUILT,372751.0,,,,045279612000,ZMAP-2022-0008,"B20579100100,BLDC-2024-035070",,,Private
loudoun_existing_dc_parcel,Loudoun County,042295813000,STAVERTON/SEVERN,ELECTRIC BUILDING LLC,BUILT,36000.0,,,,042295813000,,B30278430100,,,Private
loudoun_existing_dc_parcel,Loudoun County,060298548000,BEAUMEADE,RAGINGWIRE DATA CENTERS INC,BUILT,109320.0,,,,060298548000,ZRTD-2010-0005,,,,Private
loudoun_existing_dc_parcel,Loudoun County,060108050000,BEAUMEADE,BEAUMEADE TECHNOLOGY PARTNERS LLC,BUILT,152504.0,,,,060108050000,,B10168100100,,,Private
loudoun_existing_dc_parcel,Loudoun County,030399036000,LOUDOUN TECH CENTER,MEDINA DC 2 ASSETS LLC,BUILT,136482.0,,,,030399036000,,B10034630100,,,Private
loudoun_existing_dc_parcel,Loudoun County,060202337000,BEAUMEADE,MONTEREY DC ASSETS LLC,BUILT,164405.0,,,,060202337000,,"B00003900100,B00003910100",,,Private
loudoun_existing_dc_parcel,Loudoun County,044174648000,BROAD RUN TECHNOLOGY PARK,VERISIGN INC,BUILT,136908.0,,,,044174648000,,B10012090100,,,Private
loudoun_existing_dc_parcel,Loudoun County,089372808000,DIGITAL REALTY CAMPUS 1,G I P STOUGHTON LLC,BUILT,135000.0,,,,089372808000,ZMAP-1989-0038,B20001440100,,,Private
loudoun_existing_dc_parcel,Loudoun County,089367531000,DIGITAL REALTY CAMPUS 1,DIGITAL DEVIN SHAFRON D LLC,BUILT,117000.0,,,,089367531000,ZMAP-1989-0038,B20001450100,,,Private
loudoun_existing_dc_parcel,Loudoun County,045159083000,SUMMIT AT DULLES,FR SUMMIT LLC,BUILT,133620.0,,,,045159083000,,"B10039600100,B00043040200",,,Private
loudoun_existing_dc_parcel,Loudoun County,089382215000,DIGITAL REALTY CAMPUS 1,GI TC DEVIN SHAFRON LLC,BUILT,133560.0,,,,089382215000,ZMAP-1989-0038,B90122600100,,,Private
loudoun_existing_dc_parcel,Loudoun County,089278681000,DIGITAL REALTY CAMPUS 1,DIGITAL DEVIN SHAFRON B LLC,BUILT,180000.0,,,,089278681000,ZMAP-1989-0038,,,,Private
loudoun_existing_dc_parcel,Loudoun County,062462761000,DIGITAL LOUDOUN III (DIGITIAL REALITY CAMPUS 2),DIGITAL LOUDOUN 3 LLC,BUILT,1535869.0,,,,062462761000,ZMAP-1998-0003,"B80235230100,B60396960100,B10489000100,B80258290100",,,Private
loudoun_existing_dc_parcel,Loudoun County,061307725000,BEAUMEADE,EQUINIX LLC,BUILT,69800.0,,,,061307725000,,,,,Private
loudoun_existing_dc_parcel,Loudoun County,088481748000,ASHBURN CENTER NORTH,ZCOLO LLC,BUILT,286800.0,,,,088481748000,ZMAP-1988-0270,B10463800100,,,Private
loudoun_existing_dc_parcel,Loudoun County,045252512000,PROLOGIS NOVA 1,DCT DULLES PHASE I LLC,UNDER CONSTRUCTION,243908.0,,,,045252512000,ZRTD-2021-0003,BLDC-2023-009365,,,Private
loudoun_existing_dc_parcel,Loudoun County,045254455000,SUMMIT AT DULLES,DCT DULLES PHASE II LLC,BUILT,75802.0,,,,045254455000,,B10176120100,,,Private
loudoun_existing_dc_parcel,Loudoun County,045358110000,SUMMIT AT DULLES,DCT DULLES PHASE II LLC,BUILT,103045.0,,,,045358110000,,B10176230100,,,Private
loudoun_existing_dc_parcel,Loudoun County,042200988000,STAVERTON/SEVERN,GI TC 45360 SEVERN WAY LLC,BUILT,126869.0,,,,042200988000,,B00168820100,,,Private
loudoun_existing_dc_parcel,Loudoun County,060485060000,ASHBURN VILLAGE,DC-8-9-10 DE LLC,BUILT,321291.0,,,,060485060000,ZMAP-1984-0007,"B30339440100,B40414930100",,,Private
loudoun_existing_dc_parcel,Loudoun County,060386530000,BEAUMEADE,NTT GLOBAL DATA CENTERS AMERICAS INC,BUILT,123200.0,,,,060386530000,ZRTD-2015-0002,B40429010100,,,Private
loudoun_existing_dc_parcel,Loudoun County,060182916000,ASHBURN CORPORATE CENTER,,BUILT,287980.0,,,,060182916000,,"B10008180100,B10008140100,B10008160100",,,Private
loudoun_existing_dc_parcel,Loudoun County,089374763000,DIGITAL REALTY CAMPUS 1,,BUILT,240326.0,,,,089374763000,ZMAP-1989-0038,"B00135410100,B00135430100",,,Private
loudoun_existing_dc_parcel,Loudoun County,045175529000,CONCORDE INDUSTRIAL PARK,MCP 22745 & 22755 RELOCATION DRIVE LLC,BUILT,251091.0,,,,045175529000,ZMAP-2012-0018,"B30424460100,B30424420100",,,Private
loudoun_existing_dc_parcel,Loudoun County,089291706000,DIGITAL REALTY CAMPUS 1,DIGITAL LOUDOUN PKWY CTR NORTH LLC,BUILT,1140175.0,,,,089291706000,ZMAP-2011-0006,"B30422750100,B50328460100,B60258250100,B20340660100,B30295890100",,,Private
loudoun_existing_dc_parcel,Loudoun County,088200644000,QUANTUM PARK (VERIZON CAMPUS),EQUINIX LLC,BUILT,108336.0,,,,088200644000,ZMAP-1998-0003,B70062791300,,,Private
loudoun_existing_dc_parcel,Loudoun County,034468458000,DULLES INTERNATIONAL,22810-22860 INTERNATIONAL DRIVE LLC,BUILT,121008.0,,,,034468458000,ZRTD-2011-0003,"B90050470100,B90034600100",,,Private
loudoun_existing_dc_parcel,Loudoun County,034462865000,DULLES INTERNATIONAL,C1 NORTHERN VIRGINIA - STERLING IV LLC,BUILT,128521.0,,,,034462865000,ZRTD-2011-0003,B60370360100,,,Private
loudoun_existing_dc_parcel,Loudoun County,044370416000,DIGITAL LOUDOUN IV,DIGITAL LOUDOUN IV LLC,BUILT,788982.0,,,,044370416000,ZRTD-2017-0005,"B00221580100,B20682390100",,,Private
loudoun_existing_dc_parcel,Loudoun County,060307119000,BEAUMEADE,BCORE COPT DC-15 LLC,BUILT,447228.0,,,,060307119000,ZRTD-2011-0007,"B60271020100,B50453140100,B50449830100",,,Private
loudoun_existing_dc_parcel,Loudoun County,041352218000,ST JOHN & BEAUMEADE,BEAUMEADE LC PHASE III LLC,BUILT,147615.0,,,,041352218000,,B80223390100,,,Private
loudoun_existing_dc_parcel,Loudoun County,059309091000,ST JOHN & BEAUMEADE,BEAUMEADE LC PHASE III LLC,BUILT,147615.0,,,,059309091000,,B80221460100,,,Private
loudoun_existing_dc_parcel,Loudoun County,060209652000,BEAUMEADE,EQUINIX RP II LLC,BUILT,1323762.0,,,,060209652000,ZRTD-2015-0003,"B30532660100,B10495230100,BLDC-2024-057229,B60293770100,B80381160100",,,Private
loudoun_existing_dc_parcel,Loudoun County,124369522000,CYRUSONE,C1 NORTHERN VIRGINIA - STERLING IX LLC,BUILT/UNDER CONSTRUCTION,691656.0,,,,124369522000,,"B90254180100,B10462030100,BLDC-2025-012490",,,Private
loudoun_existing_dc_parcel,Loudoun County,061361948000,DUPONT FABROS 1,BLUE SLING ACC 9 LLC,BUILT,362108.0,,,,061361948000,ZMAP-1998-0003,B60283300100,,,Private
loudoun_existing_dc_parcel,Loudoun County,061268762000,DUPONT FABROS 1,BLUE SLING ACC 10 LLC,BUILT,318143.0,,,,061268762000,ZMAP-1998-0003,B70278910100,,,Private
loudoun_existing_dc_parcel,Loudoun County,042197707000,PARAGON PARK,BCORE COPT DC-21 LLC,BUILT,296380.0,,,,042197707000,ZRTD-2016-0012,"B70294140100,B70294050100",,,Private
loudoun_existing_dc_parcel,Loudoun County,030296913000,TALL OAKS,C1 NORTHERN VIRGINIA - STERLING VIII LLC,BUILT,154125.0,,,,030296913000,ZRTD-2016-0010,B70361030100,,,Private
loudoun_existing_dc_parcel,Loudoun County,030382006000,TALL OAKS,MARIES TECH PARK LLC,BUILT,426710.0,,,,030382006000,ZRTD-2017-0009,"B80381130100,B80296900100",,,Private
loudoun_existing_dc_parcel,Loudoun County,033201325000,TRANSDULLES,AMAZON DATA SERVICES INC,BUILT,437160.0,,,,033201325000,,"B70251450100,B60430220100,B70240720100",,,Private
loudoun_existing_dc_parcel,Loudoun County,034365461000,JK CORPORATE CAMPUS,DULLES NCP LLC,BUILT,203200.0,,,,034365461000,ZRTD-2018-0002,B80346860100,,,Private
loudoun_existing_dc_parcel,Loudoun County,044282013000,BROAD RUN TECHNOLOGY PARK,GI TC LOUDOUN LLC,BUILT,234125.0,,,,044282013000,ZRTD-2017-0010,"B80278450100,B80340010100",,,Private
loudoun_existing_dc_parcel,Loudoun County,097398776000,,ML-AI QCC OWNER LLC,BUILT,508026.0,,,,097398776000,ZMAP-2017-0004,"B80278520100,B80357790100,B80324090100",,,Private
loudoun_existing_dc_parcel,Loudoun County,124299328000,PROLOGIS PARK GATEWAY - RT 606,PROLOGIS-EXCHANGE 43461 OLD OX ROAD LLC,BUILT,474570.0,,,,124299328000,ZMAP-1986-0500,"B70459570100,B80342770100,B80316200100",,,Private
loudoun_existing_dc_parcel,Loudoun County,088101859000,QUANTUM PARK (VERIZON CAMPUS),ALIGNED ENERGY DATA CENTERS IAD PROPCO LLC,BUILT,443260.0,,,,088101859000,ZMAP-1998-0003,"B00276300200,B20470310100",,,Private
loudoun_existing_dc_parcel,Loudoun County,061355894000,QUANTUM PARK (VERIZON CAMPUS),ALIGNED ENERGY DATA CENTERS (ASHBURN)\ PROPCO LLC,BUILT,368325.0,,,,061355894000,ZMAP-1998-0003,B80399590100,,,Private
loudoun_existing_dc_parcel,Loudoun County,246200886000,QUAIL RIDGE,AMAZON DATA SERVICES INC,BUILT,408026.0,,,,246200886000,ZMAP-2005-0036,"B90361440100,B90256090100",,,Private
loudoun_existing_dc_parcel,Loudoun County,246203645000,QUAIL RIDGE,AMAZON DATA SERVICES INC,UNDER CONSTRUCTION,505200.0,,,,246203645000,ZMAP-2005-0036,"B20655910100,B20656720100",,,Private
loudoun_existing_dc_parcel,Loudoun County,061285496000,LOUDOUN CENTER - WORLDCOM/UUNET,LOHRASP VENTURES LLC,BUILT,585593.0,,,,061285496000,ZRTD-2018-0001,B10399400100,,,Private
loudoun_existing_dc_parcel,Loudoun County,062493798000,DIGITAL LOUDOUN III (DIGITIAL REALITY CAMPUS 2),DIGITAL LOUDOUN 3 LLC,BUILT,789350.0,,,,062493798000,ZRTD-2017-0005,"B80393430100,B90203010100",,,Private
loudoun_existing_dc_parcel,Loudoun County,044288975000,ASHBURN NEXUS/PROJECT VIPER,VANTAGE DATA CENTERS VA11 LLC,BUILT,484862.0,,,,044288975000,ZRTD-2017-0010,"B80270360100,B00294300100",,,Private
loudoun_existing_dc_parcel,Loudoun County,040464286000,COMMONWEALTH CENTER,VISA USA INC,BUILT,365855.0,,,,040464286000,ZRTD-2014-0006,B70126130100,,,Private
loudoun_existing_dc_parcel,Loudoun County,061275931000,LOUDOUN CENTER - WORLDCOM/UUNET,KAVEH VENTURES LLC,BUILT,499438.0,,,,061275931000,ZMAP-1998-0003,B80432150100,,,Private
loudoun_existing_dc_parcel,Loudoun County,034263373000,JK CORPORATE CAMPUS,DULLES NCP II LLC,BUILT,169960.0,,,,034263373000,ZRTD-2011-0003,B90340490100,,,Private
loudoun_existing_dc_parcel,Loudoun County,034357851000,JK CORPORATE CAMPUS,DULLES NCP LLC,BUILT,147890.0,,,,034357851000,ZRTD-2011-0003,B80271110100,,,Private
loudoun_existing_dc_parcel,Loudoun County,045494813000,HIGHPOINT,22350 KIPPER (VA) LLC,BUILT,203460.0,,,,045494813000,ZMAP-2016-0022,B90376850100,,,Private
loudoun_existing_dc_parcel,Loudoun County,044193385000,HIGHPOINT,22350 KIPPER VA LLC,BUILT,214360.0,,,,044193385000,ZMAP-2016-0022,B90283010100,,,Private
loudoun_existing_dc_parcel,Loudoun County,061177666000,DUPONT FABROS 1,,BUILT,984055.0,,,,061177666000,ZMAP-1998-0003,"B80268620100,B00289640100",,,Private
loudoun_existing_dc_parcel,Loudoun County,034385918000,WATERSIDE NORTH,WATERSIDE I LLC,BUILT,976046.0,,,,034385918000,ZMAP-2018-0011,"B10336680100,B10412110100,B90253890001,B90239840001,B00228740100,B20499950100",,,Private
loudoun_existing_dc_parcel,Loudoun County,045352692000,BROAD RUN TECHNOLOGY PARK,FR RANDOLPH DRIVE LLC,BUILT,143797.0,,,,045352692000,ZRTD-2012-0006,"B90021790100,B70403110100",,,Private
loudoun_existing_dc_parcel,Loudoun County,045458114000,FOUR CORNERS,QTS DULLES LLC,BUILT,64669.0,,,,045458114000,ZMAP-2011-0002,B20274810100,,,Private
loudoun_existing_dc_parcel,Loudoun County,089104437000,PROJECT SAMUEL,"QTS SHELLHORN, LLC",BUILT,256348.0,,,,089104437000,ZMAP-1990-0015,B10261030100,,,Private
loudoun_existing_dc_parcel,Loudoun County,089100937000,PROJECT SAMUEL,"QTS SHELLHORN, LLC",BUILT,310717.0,,,,089100937000,ZMAP-1990-0015,B00313090100,,,Private
loudoun_existing_dc_parcel,Loudoun County,061407107000,BEAUMEADE,BEAUMEADE DC BUILDING LLC,BUILT,190250.0,,,,061407107000,ZRTD-2019-0007,B10271620100,,,Private
loudoun_existing_dc_parcel,Loudoun County,061303369000,BEAUMEADE,BEAUMEADE DC BUILDING LLC,BUILT,190250.0,,,,061303369000,ZRTD-2019-0007,B10256430100,,,Private
loudoun_existing_dc_parcel,Loudoun County,042152579000,BEAUMEADE,AREP BEAUMEADE LLC,BUILT,247420.0,,,,042152579000,ZRTD-2017-0012,B10415920100,,,Private
loudoun_existing_dc_parcel,Loudoun County,162392026000,ICSP @ ARCOLA,AMAZON DATA SERVICES INC,BUILT,710921.0,,,,162392026000,,"B70267480100,B80220930100,B00261830100,B50456040100,B90305250100,B00327600100,B10481290100",,,Private
loudoun_existing_dc_parcel,Loudoun County,235297431000,COMPASS CREEK,MICROSOFT CORP,BUILT/UNDER CONSTRUCTION,1289688.0,,,,235297431000,,"BLDC-2024-000861,B20615360100,B00263240100,B00263150100,B10443020100,B00227720100,B10442950100,B10443010100,B10442990100,B10442980100,B10442960100,B10443050100,B10443060100,B10443040100,B10443030100",,,Private
loudoun_existing_dc_parcel,Loudoun County,162176713000,ARCOLA CENTER,WHEELER SURVEY COMPANY LLC,BUILT/UNDER CONSTRUCTION,923505.0,,,,162176713000,ZMAP-2016-0013,"B10275570200,B10275570100,BLDC-2024-008914,B10376230100,B80240720100",,,Private
loudoun_existing_dc_parcel,Loudoun County,043482656000,PARAGON PARK,CABIN BRANCH CREEK LLC,BUILT,685682.0,,,,043482656000,ZRTD-2016-0012,"B90365580100,B90411940100,B90299190100,B00228780100",,,Private
loudoun_existing_dc_parcel,Loudoun County,044261032000,BROAD RUN TECHNOLOGY PARK,"SI NVA01, LLC",BUILT,180039.0,,,,044261032000,ZMAP-2008-0011,B70045460100,,,Private
loudoun_existing_dc_parcel,Loudoun County,045299249000,DIGITAL STERLING PREMEIRE,DIGITAL STERLING PREMIER LLC,BUILT,258200.0,,,,045299249000,ZRTD-2019-0006,B20493800100,,,Private
loudoun_existing_dc_parcel,Loudoun County,063494014000,WEST DULLES STATION,QTS LOCKRIDGE DC2 LLC,BUILT,274450.0,,,,063494014000,ZRTD-2016-0002,B20499350100,,,Private
loudoun_existing_dc_parcel,Loudoun County,063498140000,WEST DULLES STATION,ASHBURN ACQUISITION CO II LLC,BUILT,308630.0,,,,063498140000,ZRTD-2016-0002,B20456920100,,,Private
loudoun_existing_dc_parcel,Loudoun County,044381108000,BROAD RUN TECHNOLOGY PARK,VANTAGE DATA CENTERS VA13 LLC,BUILT,729298.0,,,,044381108000,ZRTD-2017-0010,"B20448700100,B10353600100",,,Private
loudoun_existing_dc_parcel,Loudoun County,234371847000,COMPASS CREEK,SI NVA06B LLC,BUILT/UNDER CONSTRUCTION,621036.0,,,,234371847000,,"BLDC-2024-011260,BLDC-2024-032400",,,Private
loudoun_existing_dc_parcel,Loudoun County,045195615000,LOUDOUN GATEWAY CENTER,AMAZON DATA SERVICES INC,BUILT,226456.0,,,,045195615000,ZRTD-2018-0008,B20590530100,,,Private
loudoun_existing_dc_parcel,Loudoun County,044152877000,BROAD RUN BUSINESS CENTER,QTS INVESTMENT PROPERTIES ASHBURN LLC,BUILT,427337.0,,,,044152877000,ZRTD-2016-0004,B70306650100,,,Private
loudoun_existing_dc_parcel,Loudoun County,097354183000,ICSP @ EASTGATE,"AMAZON DATA SERVICES, INC",BUILT,629505.0,,,,097354183000,,"B10254120100,B00236340100,B70385100100,B50362480100,B10319860100",,,Private
loudoun_existing_dc_parcel,Loudoun County,030455548000,EDGECORE DULLES,MECP1 ASHBURN 1 LLC,BUILT,258716.0,,,,030455548000,ZMAP-2007-0001,B10269840100,,,Private
loudoun_existing_dc_parcel,Loudoun County,029151508000,EDGECORE DULLES,MECP2 ASHBURN 2 LLC,BUILT,258716.0,,,,029151508000,ZMAP-2007-0001,B00300930100,,,Private
loudoun_existing_dc_parcel,Loudoun County,041108666000,EDGECORE DULLES,MECP3 ASHBURN 3 LLC,BUILT,258716.0,,,,041108666000,ZMAP-2007-0001,B00301000100,,,Private
loudoun_existing_dc_parcel,Loudoun County,061307791000,BEAUMEADE,ASHBURN DATA PROPERTY OWNER LP,UNDER CONSTRUCTION,210170.0,,,,061307791000,ZRTD-2011-0004,B30531920100,,,Private
loudoun_existing_dc_parcel,Loudoun County,203354208000,ARCOLA BUSINESS PARK,MICROSOFT CORP,BUILT,735117.0,,,,203354208000,ZMAP-2005-0036,"BLDC-2024-000500,B10394840200,BLDC-2024-000479",,,Private
loudoun_existing_dc_parcel,Loudoun County,030393965000,LOUDOUN TECH CENTER,,BUILT,464430.0,,,,030393965000,ZRTD-2014-0001,"B50481110100,B40316450100,B60348010100",,,Private
loudoun_existing_dc_parcel,Loudoun County,032155119000,VANTAGE DATA CENTER - STERLING,VANTAGE DATA CENTERS VA2 LLC,BUILT,550453.0,,,,032155119000,ZMAP-2022-0007,"B30570710100,B20683790100,B30565370100",,,Private
loudoun_existing_dc_parcel,Loudoun County,194103673000,TRUE NORTH,COMPASS DATACENTERS IAD I LLC,BULT/UNDER CONSTRUCTION,547475.0,,,,194103673000,ZMAP-2017-0003,"B30554590100,B10332820100,B20453710100,B80293260100,B20457790100,B80293260400",,,Private
loudoun_existing_dc_parcel,Loudoun County,193274995000,STONEWALL SECURE BUSINESS PARK (LOUDOUN WEST),NOVA BUILDING 2 LLC,UNDER CONSTRUCTION,413099.0,,,,193274995000,ZMAP-2008-0017,BLDC-2023-004504,,,Private
loudoun_existing_dc_parcel,Loudoun County,193276668000,STONEWALL SECURE BUSINESS PARK (LOUDOUN WEST),NOVA BUILDING 1 LLC,BUILT,414253.0,,,,193276668000,ZMAP-2008-0017,BLDC-2023-004503,,,Private
loudoun_existing_dc_parcel,Loudoun County,044292829000,,,UNDER CONSTRUCTION,182782.0,,,,044292829000,ZRTD-2017-0010,BLDC-2024-010722,,,Private
loudoun_existing_dc_parcel,Loudoun County,044175589000,BROAD RUN TECHNOLOGY PARK,VANTAGE DATA CENTERS VA16 LLC,UNDER CONSTRUCTION,255935.0,,,,044175589000,ZRTD-2023-0001,BLDC-2024-041620,,,Private
loudoun_existing_dc_parcel,Loudoun County,093365404000,DIGITAL DULLES,DIGITAL WL 2834 LLC,BUILT/UNDER CONSTRUCTION,2603391.0,,,,093365404000,,"B20629620100,B10386280100,BLDC-2024-044335,BLDC-2025-006199,B10386300100",,,Private
loudoun_existing_dc_parcel,Loudoun County,045282657000,DOWNS INDUSTRIAL PARK,DCT DULLES DOWNS LLC,BUILT,287460.0,,,,045282657000,,"B50455190100,B50442400100",,,Private
loudoun_existing_dc_parcel,Loudoun County,088381462000,ASHBURN CENTER NORTH,,BUILT,280088.0,,,,088381462000,ZMAP-1988-0270,"BLDC-2023-017876,B70084720100,B70084750100",,,Private
loudoun_existing_dc_parcel,Loudoun County,045391908000,,PROLOGIS,BUILT,143337.0,,,,045391908000,,"B80091200100,B80091250100",,,Private
loudoun_existing_dc_parcel,Loudoun County,088392214000,ASHBURN TECHNOLOGY PARK,INTERGATE ASHBURN I LLC,UNDER CONSTRUCTION,324000.0,,,,088392214000,ZMAP-1988-0270,BLDC-2023-018612,,,Private
loudoun_existing_dc_parcel,Loudoun County,113272390000,VANTAGE DATA CENTER - VA3,,BUILT,385398.0,,,,113272390000,,B30595980100,,,Private
loudoun_existing_dc_parcel,Loudoun County,089208954000,DULLES BERRY (DUPONT FABROS 3),DARAB VENTURES ONE LLC,UNDER CONSTRUCTION,616650.0,,,,089208954000,ZMAP-1986-0056,B20548510100,,,Private
loudoun_existing_dc_parcel,Loudoun County,088389930000,ASHBURN TECHNOLOGY PARK,INTERGATE ASHBURN I LLC,BUILT,580498.0,,,,088389930000,ZMAP-1988-0270,"B10207660100,B80245800100",,,Private
loudoun_existing_dc_parcel,Loudoun County,042394385000,KINCORA,UNIT OWNERS-GENERAL COMMON ELEMENT,BUILT,516426.0,,,,042394385000,ZMAP-2008-0021,"B90319710100,B80280910100,B60426820100",,,Private
loudoun_existing_dc_parcel,Loudoun County,122207249000,NORTHWOODS,AMAZON DATA SERVICES INC,UNDER CONSTRUCTION,1334306.0,,,,122207249000,ZMAP-1988-0200,"BLDC-2025-017639,BLDC-2025-017606,BLDC-2023-016518,BLDC-2024-048504",,,Private
loudoun_existing_dc_parcel,Loudoun County,043176560000,DULLES 28 TECHNOLOGY PARK,LONG DRIVE LAND CO LLC,UNDER CONSTRUCTION,254174.0,,,,043176560000,ZMAP-2020-0015,BLDC-2024-042496,,,Private
loudoun_existing_dc_parcel,Loudoun County,043171795000,DULLES 28 TECHNOLOGY PARK,LONG DRIVE LAND CO LLC,UNDER CONSTRUCTION,254144.0,,,,043171795000,ZMAP-2020-0015,BLDC-2024-063039,,,Private
loudoun_existing_dc_parcel,Loudoun County,030292034000,45865 MARIES ROAD,MECP 1 ASHBURN 2 LLC,UNDER CONSTRUCTION,416115.0,,,,030292034000,ZMAP-2021-0014,BLDC-2024-063290,,,Private
loudoun_existing_dc_parcel,Loudoun County,044155625000,BROAD RUN TECHNOLOGY PARK,QTS INVESTMENT PROPERTIES ASHBURN LLC,UNDER CONSTRUCTION,189890.0,,,,044155625000,ZRTD-2016-0004,BLDC-2024-056493,,,Private
loudoun_existing_dc_parcel,Loudoun County,089496314000,LOUDOUN METRO,CONDOMINIUM COMMON ELEMENT,UNDER CONSTRUCTION,478908.0,,,,089496314000,ZMAP-1998-0003,BLDC-2024-055591,,,Private
loudoun_existing_dc_parcel,Loudoun County,060170268000,ASHBURN CORPORATE CENTER,FOX PROPERTIES LLC,BUILT,611491.0,,,,060170268000,ZRTD-2017-0008,"B70236240100,B00140800100",,,Private
loudoun_existing_dc_parcel,Loudoun County,061467942000,ASHBURN CORPORATE CENTER,ALSHAIN VENTURES LLC,BUILT,446513.0,,,,061467942000,ZRTD-2017-0008,B30344710100,,,Private
loudoun_existing_dc_parcel,Loudoun County,060178810000,ASHBURN CORPORATE CENTER,GRIZZLY VENTURES LLC,BUILT,286865.0,,,,060178810000,ZRTD-2017-0008,B60153870100,,,Private
loudoun_existing_dc_parcel,Loudoun County,060189720000,BEAUMEADE,21673 BEAUMEADE CIRCLE LLC,BUILT,455795.0,,,,060189720000,ZRTD-2017-0016,B20600260100,,,Private
loudoun_existing_dc_parcel,Loudoun County,061483407000,BEAUMEADE,EQUINIX LLC,BUILT,296539.0,,,,061483407000,ZMAP-2008-0013,"B90127100100,B00038620100",,,Private
loudoun_existing_dc_parcel,Loudoun County,061450432000,ASHBURN TECHNOLOGY PARK (BOS OF LOUDOUN COUNTY),NTT GLOBAL DATA CENTERS VA LLC,BUILT/UNDER CONSTRUCTION,1085670.0,,,,061450432000,ZMAP-1988-0270,"B80353670100,B70245830100,B90196330100,B10415820100,BLDC-2024-047460",,,Private
loudoun_existing_dc_parcel,Loudoun County,087100681000,ASHBURN TECHNOLOGY PARK (BOS OF LOUDOUN COUNTY),NTT GLOBAL DATA CENTERS VA LLC,BUILT,217934.0,,,,087100681000,ZMAP-1988-0270,B20526860100,,,Private
loudoun_existing_dc_parcel,Loudoun County,193178229000,STONEWALL SECURE BUSINESS PARK (LOUDOUN WEST),NOVA BUILDING 4 LLC,UNDER CONSTRUCTION,353319.0,,,,193178229000,ZMAP-2008-0017,BLDC-2024-041274,,,Private
loudoun_existing_dc_parcel,Loudoun County,193281883000,STONEWALL SECURE BUSINESS PARK (LOUDOUN WEST),NOVA BUILDING 3 LLC,UNDER CONSTRUCTION,413099.0,,,,193281883000,ZMAP-2008-0017,BLDC-2024-039132,,,Private
loudoun_existing_dc_parcel,Loudoun County,046368231000,LE BOURGET BUSINESS PARK,22995 WILDER COURT LLC,BUILT,130432.0,,,,046368231000,ZMAP-1986-0015,B00036580100,,,Private
loudoun_existing_dc_parcel,Loudoun County,203371445000,EVERGREEN MEADOWS,YONDR JK 2 LLC,BUILT,335638.0,,,,203371445000,ZMAP-2005-0036,B20600690100,,,Private
loudoun_existing_dc_parcel,Loudoun County,044461959000,PACIFIC CORPORATE PARK,PACIFIC-ASHBURN CAMPUS LLC,UNDER CONSTRUCTION,1027499.0,,,,044461959000,ZRTD-2022-0001,"BLDC-2024-064947,BLDC-2024-064895,BLDC-2025-012388",,,Private
loudoun_existing_dc_parcel,Loudoun County,203170856000,INOVA HEALTH SYSTEM PLAN,"AMAZON DATA SERVICES, INC",UNDER CONSTRUCTION,429213.0,,,,203170856000,ZMAP-2005-0036,BLDC-2024-031304,,,Private
loudoun_existing_dc_parcel,Loudoun County,061394321000,BEAUMEADE,DIGITAL FILIGREE LLC,UNDER CONSTRUCTION,336544.0,,,,061394321000,ZMAP-2006-0022,BLDC-2025-011501,,,Private
loudoun_existing_dc_parcel,Loudoun County,113167503000,BELMONT INNOVATION STATION,LOUDOUN PROP 7 LLC,UNDER CONSTRUCTION,243984.0,,,,113167503000,ZMAP-2022-0021,BLDC-2025-009449,,,Private
loudoun_existing_dc_parcel,Loudoun County,045465016000,1501 MORAN ROAD,1501 MORAN ROAD DEVELOPMENT OWNER LLC,UNDER CONSTRUCTION,245801.0,,,,045465016000,ZRTD-2021-0008,BLDC-2025-003373,,,Private
loudoun_existing_dc_parcel,Loudoun County,030286764000,TALL OAKS,MARIES TECH PARK II LLC,UNDER CONSTRUCTION,218112.0,,,,030286764000,ZRTD-2017-0007,BLDC-2024-055076,,,Private
loudoun_existing_dc_parcel,Loudoun County,045399350000,DIGITAL STERLING PREMEIRE,DIGITAL GOLD STERLING LLC,BUILT,180355.0,,,,045399350000,ZRTD-2016-0003,B20654800100,,,Private
loudoun_existing_dc_parcel,Loudoun County,194498227000,PROJECT ASPEN,HAYDEN TECHNOLOGIES LLC,BUILT,920133.0,,,,194498227000,ZMAP-2008-0017,"B90275380100,B80333910100,B00405460100,B00313850100,B00305190100,BLDC-2024-008905",,,Private
loudoun_existing_dc_parcel,Loudoun County,063479549000,PROJECT NOVA,SDC ASHBURN I LLC,UNDER CONSTRUCTION,1063133.0,,,,063479549000,,"BLDC-2025-033837,BLDC-2024-055894",,,Private
loudoun_existing_dc_parcel,Loudoun County,096183926000,H&M PROPERTY,AMAZON DATA SERVICES INC,UNDER CONSTRUCTION,768211.0,,,,096183926000,ZMAP-2019-0017,"BLDC-2025-003107,B20564260100,BLDC-2025-019837",,,Private
loudoun_existing_dc_parcel,Loudoun County,061200160000,BEAUMEADE,EQUINIX LLC,BUILT,399216.0,,,,061200160000,ZRTD-2015-0005,"BLDC-2023-005961,B90377630100",,,Private
loudoun_existing_dc_parcel,Loudoun County,062159785000,PROJECT NOVA,SDC ASHBURN ALPHA I LLC,BUILT,531592.0,,,,062159785000,ZMAP-2019-0002,"B00317090100,B00254800100,B20481390100",,,Private
loudoun_existing_dc_parcel,Loudoun County,062275493000,PROJECT NOVA,STACK BROAD RUN HOLDINGS LLC,UNDER CONSTRUCTION,738961.0,,,,062275493000,,"B30490460100,BLDC-2024-015164",,,Private
loudoun_existing_dc_parcel,Loudoun County,161258590000,TECH PARK AT BRAMBLETON,TECH PARK AT BRAMBLETON LLC,UNDER CONSTRUCTION,858426.0,,,,161258590000,,"BLDC-2025-009325,BLDC-2025-002732",,,Private
loudoun_existing_dc_parcel,Loudoun County,062257134000,,DARAB VENTURES TWO LLC,UNDER CONSTRUCTION,517618.0,,,,062257134000,,BLDC-2025-029746,,,Private
loudoun_existing_dc_parcel,Loudoun County,113162785000,,,UNDER CONSTRUCTION,243984.0,,,,113162785000,,BLDC-2025-044143,,,Private
loudoun_existing_dc_parcel,Loudoun County,194498227000,PROJECT ASPEN,HAYDEN TECHNOLOGIES LLC,BUILT,920133.0,,,,194498227000,ZMAP-2008-0017,"B90275380100,B80333910100,B00405460100,B00313850100,B00305190100,BLDC-2024-008905",,,Private
loudoun_existing_dc_parcel,Loudoun County,089496314000,LOUDOUN METRO,CONDOMINIUM COMMON ELEMENT,UNDER CONSTRUCTION,478908.0,,,,089496314000,ZMAP-1998-0003,BLDC-2024-055591,,,Private
loudoun_existing_dc_parcel,Loudoun County,088205761000,,ALIGNED ENERGY,BUILT,46600.0,,,,088205761000,,B80438180100,,,Private
loudoun_existing_dc_parcel,Loudoun County,088209173000,,ALIGNED ENERGY,BUILT,55900.0,,,,088209173000,,B10362660100,,,Private
loudoun_pipeline,Loudoun County,,EPLAN-2023-0083,,Approved,113000.0,,,,,ZRTD-2015-0005,,,,pipeline acres=None
loudoun_pipeline,Loudoun County,,EPLAN-2023-0104,,Approved: Conditionally,295000.0,,,,,ZMAP-2018-0015,,,,pipeline acres=12.385890992528353
loudoun_pipeline,Loudoun County,,EPLAN-2023-0115,,Approved: Conditionally,184080.0,,,,,ZMAP-2019-0016,,,,pipeline acres=21.206660590782505
loudoun_pipeline,Loudoun County,,EPLAN-2023-0119,,Approved: Conditionally,347600.0,,,,,ZRTD-2022-0002,,,,pipeline acres=13.239913832653974
loudoun_pipeline,Loudoun County,,EPLAN-2023-0122,,Active,256121.0,,,,,ZMAP-2019-0015,,,,pipeline acres=33.62026922579112
loudoun_pipeline,Loudoun County,,EPLAN-2023-0130,,Active,1032500.0,,,,,ZMAP-2005-0036,,,,pipeline acres=48.525060233730386
loudoun_pipeline,Loudoun County,,EPLAN-2024-0036,,Active,697500.0,,,,,ZMAP-1986-0500,,,,pipeline acres=39.96364256217028
loudoun_pipeline,Loudoun County,,EPLAN-2024-0058,,Active,256550.0,,,,,,,,,pipeline acres=9.816730120844388
loudoun_pipeline,Loudoun County,,EPLAN-2024-0059,,Approved: Conditionally,520950.0,,,,,ZMAP-2012-0011,,,,pipeline acres=None
loudoun_pipeline,Loudoun County,,EPLAN-2024-0060,,Active,4355759.0,,,,,,,,,pipeline acres=17.541336161894833
loudoun_pipeline,Loudoun County,,EPLAN-2024-0077,,Active,1176000.0,,,,,,,,,pipeline acres=44.36680946526619
loudoun_pipeline,Loudoun County,,EPLAN-2024-0081,,Approved: Conditionally,244400.0,,,,,ZRTD-2021-0009,,,,pipeline acres=9.352954737623921
loudoun_pipeline,Loudoun County,,EPLAN-2024-0105,,Active,285322.0,,,,,,,,,pipeline acres=11.788802295407093
loudoun_pipeline,Loudoun County,,EPLAN-2024-0154,,Active,374670.0,,,,,ZRTD-2018-0004,,,,pipeline acres=18.032701374127946
loudoun_pipeline,Loudoun County,,EPLAN-2024-0155,,Approved: Conditionally,600742.0,,,,,ZRTD-2022-0006,,,,pipeline acres=32.52426002
loudoun_pipeline,Loudoun County,,EPLAN-2024-0161,,Active,76020.0,,,,,,,,,pipeline acres=5.489456287749377
loudoun_pipeline,Loudoun County,,EPLAN-2024-0162,,Active,178648.0,,,,,ZMAP-0000-0322,,,,pipeline acres=11.045440339351199
loudoun_pipeline,Loudoun County,,EPLAN-2024-0163,,Active,106332.0,,,,,ZMAP-2004-0002,,,,pipeline acres=19.573944329080543
loudoun_pipeline,Loudoun County,,EPLAN-2024-0178,,Active,76275.0,,,,,ZRTD-2021-0001,,,,pipeline acres=6.315003313219487
loudoun_pipeline,Loudoun County,,EPLAN-2024-0180,,Active,101579.0,,,,,ZMAP-0000-0322,,,,pipeline acres=5.83732738488008
loudoun_pipeline,Loudoun County,,EPLAN-2024-0181,,Active,104556.0,,,,,ZMAP-0000-0322,,,,pipeline acres=5.785616856456282
loudoun_pipeline,Loudoun County,,EPLAN-2024-0182,,Active,52744.0,,,,,ZRTD-2019-0005,,,,pipeline acres=3.2796454743839716
loudoun_pipeline,Loudoun County,,EPLAN-2024-0184,,Active,101092.0,,,,,,,,,pipeline acres=43.9820247705561
loudoun_pipeline,Loudoun County,,EPLAN-2024-0193,,Approved,161950.0,,,,,ZRTD-2015-0003,,,,pipeline acres=9.33379778888083
loudoun_pipeline,Loudoun County,,EPLAN-2024-0200,,Active,768255.0,,,,,ZRTD-2016-0012,,,,pipeline acres=34.25764395942991
loudoun_pipeline,Loudoun County,,EPLAN-2024-0205,,Active,1239000.0,,,,,,,,,pipeline acres=None
loudoun_pipeline,Loudoun County,,EPLAN-2024-0210,,Active,48120.0,,,,,,,,,pipeline acres=None
loudoun_pipeline,Loudoun County,,EPLAN-2024-0211,,Active,304794.0,,,,,,,,,pipeline acres=None
loudoun_pipeline,Loudoun County,,EPLAN-2024-0212,,Active,401050.0,,,,,,,,,pipeline acres=None
loudoun_pipeline,Loudoun County,,EPLAN-2025-0012,,Approved,550000.0,,,,,ZMAP-2019-0017,,,,pipeline acres=68.85587677668136
loudoun_pipeline,Loudoun County,,EPLAN-2025-0027,,Active,315582.0,,,,,,,,,pipeline acres=None
loudoun_pipeline,Loudoun County,,EPLAN-2025-0028,,Active,230530.0,,,,,,,,,pipeline acres=None
loudoun_pipeline,Loudoun County,,EPLAN-2025-0061,,Active,469479.0,,,,,ZMAP-1984-0007,,,,pipeline acres=None
loudoun_pipeline,Loudoun County,,EPLAN-2025-0102,,Active,16049.0,,,,,,,,,pipeline acres=6.286705978649556
loudoun_pipeline,Loudoun County,,EPLAN-2025-0126,,Active,1388880.0,,,,,ZMAP-2022-0024,,,,pipeline acres=167.436
loudoun_pipeline,Loudoun County,,EPLAN-2025-0135,,Approved,376862.0,,,,,,,,,pipeline acres=33.981547461824725
loudoun_pipeline,Loudoun County,,EPLAN-2025-0195,,Active,751902.0,,,,,ZMAP-2022-0021,,,,pipeline acres=113.92015599999999
loudoun_pipeline,Loudoun County,,LEGI-2023-0048,,Approved,67840.0,,,,,ZMAP-2022-0021,,,,pipeline acres=102.192
loudoun_pipeline,Loudoun County,,LEGI-2023-0052,,Approved,,,,,,,,,,pipeline acres=23.358278378039632
loudoun_pipeline,Loudoun County,,LEGI-2023-0064,,Approved,556746.0,,,,,,,,,pipeline acres=22.382289982519275
loudoun_pipeline,Loudoun County,,LEGI-2023-0071,,Approved,614400.0,,,,,ZMAP-2020-0010,,,,pipeline acres=23.5671023830201
loudoun_pipeline,Loudoun County,,LEGI-2023-0077,,Approved,723779.0,,,,,ZMAP-1998-0003,,,,pipeline acres=53.27681644
loudoun_pipeline,Loudoun County,,LEGI-2023-0084,,Active,1500000.0,,,,,ZMAP-2009-0003,,,,pipeline acres=116.34964752884248
loudoun_pipeline,Loudoun County,,LEGI-2023-0097,,Active,525000.0,,,,,,,,,pipeline acres=None
loudoun_pipeline,Loudoun County,,LEGI-2024-0002,,Active,449311.0,,,,,,,,,pipeline acres=17.19134225763357
loudoun_pipeline,Loudoun County,,LEGI-2024-0003,,Active,2275600.0,,,,,,,,,pipeline acres=42.3064750462994
loudoun_pipeline,Loudoun County,,LEGI-2024-0004,,Active,1089044.0,,,,,ZMAP-1988-0005,,,,pipeline acres=10.575159320932732
loudoun_pipeline,Loudoun County,,LEGI-2024-0030,,Active,666000.0,,,,,ZRTD-2021-0007,,,,pipeline acres=2.0178492657635267
loudoun_pipeline,Loudoun County,,LEGI-2024-0037,,Active,444307.0,,,,,,,,,pipeline acres=17.519921739072572
loudoun_pipeline,Loudoun County,,LEGI-2024-0039,,Active,1359153.0,,,,,ZMAP-1988-0013,,,,pipeline acres=32.368178344205944
loudoun_pipeline,Loudoun County,,LEGI-2024-0041,,Active,1751803.0,,,,,,,,,pipeline acres=13.63868923127768
loudoun_pipeline,Loudoun County,,LEGI-2024-0042,,Active,835330.0,,,,,,,,,pipeline acres=16.852755995105
loudoun_pipeline,Loudoun County,,LEGI-2024-0047,,Active,96842.0,,,,,ZRTD-2015-0005,,,,pipeline acres=None
loudoun_pipeline,Loudoun County,,LEGI-2024-0056,,Active,973305.0,,,,,,,,,pipeline acres=36.34790362
loudoun_pipeline,Loudoun County,,LEGI-2024-0058,,Active,196138.0,,,,,ZRTD-2021-0004,,,,pipeline acres=11.051682494017172
loudoun_pipeline,Loudoun County,,LEGI-2024-0061,,Active,592772.0,,,,,ZRTD-2021-0003,,,,pipeline acres=9.280789760364557
loudoun_pipeline,Loudoun County,,LEGI-2024-0074,,Active,3250000.0,,,,,,,,,pipeline acres=332.5582730494028
loudoun_pipeline,Loudoun County,,LEGI-2025-0015,,Active,20000.0,,,,,ZMAP-2019-0002,,,,pipeline acres=1.1831407816678412
loudoun_pipeline,Loudoun County,,LEGI-2025-0027,,Active,183925.0,,,,,ZRTD-2015-0003,,,,pipeline acres=9.33379778888083
loudoun_pipeline,Loudoun County,,LEGI-2025-0034,,Active,3161378.0,,,,,ZRTD-2011-0001,,,,pipeline acres=89.42704395
loudoun_pipeline,Loudoun County,,LEGI-2025-0049,,Active,191000.0,,,,,,,,,pipeline acres=11.19
loudoun_pipeline,Loudoun County,,SPAM-2018-0039,,Approved: Conditionally,144876.0,,,,,ZMAP-1986-0015,,,,pipeline acres=None
loudoun_pipeline,Loudoun County,,STMP-2021-0015,,Active,312943.0,,,,,ZRTD-2017-0008,,,,pipeline acres=9.104
loudoun_pipeline,Loudoun County,,STMP-2022-0016,,Approved,1942050.0,,,,,,,,,pipeline acres=104.95301493077237
loudoun_pipeline,Loudoun County,,STMP-2022-0018,,Approved,908382.0,,,,,ZMAP-2020-0003,,,,pipeline acres=25.015132442921967
loudoun_pipeline,Loudoun County,,STMP-2022-0020,,Approved,621481.0,,,,,,,,,pipeline acres=75.69591961009256
loudoun_pipeline,Loudoun County,,STPL-2014-0024,,Approved,416209.0,,,,,ZMAP-2000-0006,,,,pipeline acres=27.743668989576513
loudoun_pipeline,Loudoun County,,STPL-2018-0019,,Approved: Conditionally,216055.0,,,,,ZMAP-1991-0006,,,,pipeline acres=23.10414352694064
loudoun_pipeline,Loudoun County,,STPL-2020-0046,,Approved: Conditionally,625940.0,,,,,ZMAP-2012-0011,,,,pipeline acres=37.60974273166484
loudoun_pipeline,Loudoun County,,STPL-2021-0049,,Active,601193.0,,,,,ZMAP-2005-0036,,,,pipeline acres=33.63369118655019
loudoun_pipeline,Loudoun County,,STPL-2022-0012,,Approved,460000.0,,,,,ZRTD-2020-0006,,,,pipeline acres=23.826
loudoun_pipeline,Loudoun County,,STPL-2022-0040,,Approved: Conditionally,2406563.0,,,,,ZMAP-2018-0009,,,,pipeline acres=97.1483788772481
loudoun_pipeline,Loudoun County,,STPL-2022-0051,,Approved: Conditionally,268389.0,,,,,ZRTD-2015-0001,,,,pipeline acres=11.96249854454667
loudoun_pipeline,Loudoun County,,STPL-2022-0052,,Approved: Conditionally,227140.0,,,,,ZRTD-2021-0005,,,,pipeline acres=14.325452540027742
loudoun_pipeline,Loudoun County,,STPL-2022-0053,,Approved: Conditionally,309260.0,,,,,ZRTD-2020-0002,,,,pipeline acres=12.03377359
loudoun_pipeline,Loudoun County,,STPL-2023-0001,,Approved,481622.0,,,,,ZMAP-1998-0003,,,,pipeline acres=21.926899086608795
loudoun_pipeline,Loudoun County,,STPL-2023-0007,,Approved: Conditionally,360000.0,,,,,,,,,pipeline acres=25.242949346178577
loudoun_pipeline,Loudoun County,,STPL-2023-0008,,Approved: Conditionally,285200.0,,,,,ZRTD-2021-0004,,,,pipeline acres=11.051682494017172
loudoun_pipeline,Loudoun County,,STPL-2023-0025,,Approved: Conditionally,1008000.0,,,,,ZMAP-1996-0003,,,,pipeline acres=215.8437232241302
loudoun_pipeline,Loudoun County,,STPL-2023-0028,,Active,834954.0,,,,,ZMAP-2012-0017,,,,pipeline acres=48.29314971161282
loudoun_pipeline,Loudoun County,,STPL-2023-0029,,Approved: Conditionally,1317531.0,,,,,ZMAP-1993-0005,,,,pipeline acres=188.80573644
loudoun_pipeline,Loudoun County,,STPL-2023-0041,,Approved: Conditionally,807825.0,,,,,ZMAP-1999-0009,,,,pipeline acres=45.707171443218954
loudoun_pipeline,Loudoun County,,TLREZN2024-0003,,Active,825500.0,,,,,,,,,pipeline acres=101.9177686
loudoun_pipeline,Loudoun County,,TLSPEX2025-0003,,Active,315000.0,,,,,,,,,pipeline acres=8.17019
loudoun_pipeline,Loudoun County,,ZMAP-2021-0018,,Approved,641451.0,,,,,ZMAP-2021-0018,,,,pipeline acres=None
loudoun_permit,Loudoun County,FMOMH-2026-022620,Data Center - VA 21 - Renewal FMOMH-2025-017825,Sterling,Issued,,,,,032155119000,,FMOMH-2026-022620,1 22435 DR,1778180139000,FMO - Moderate/High Hazard
loudoun_permit,Loudoun County,MECHC-2025-033436,Data Center Tenant Fitout Construction - Phase 04,Dulles,Issued,,,,,096183926000,,MECHC-2025-033436,1 25190 DR,1771822800000,Mechanical (Commercial)
loudoun_permit,Loudoun County,ELECC-2025-022367,New construction 3-story data center fire alarm low-voltage electrical work (DH1100 Upfit),Sterling,Issued,,,,,044155625000,,ELECC-2025-022367,1 22280 DR,1748577600000,Electrical (Commercial)
loudoun_permit,Loudoun County,ELECC-2025-022462,New construction 3-story data center (Security systems - DH3100 Upfit),Sterling,Issued,,,,,044155625000,,ELECC-2025-022462,1 22280 DR,1748923200000,Electrical (Commercial)
loudoun_permit,Loudoun County,ELECC-2025-000444,"Data Center Architectural and Structural Tenant Fit-Out for Phase 12. This project involves the fitout of the AWS datacenter covered under the C&S Permit. Phases 1-18 of the datacenter are modular in nature and there is a separate ""Office"" phase. See drawings for exact equipment sizes/quantities.",Leesburg,Issued,,,,,193274995000,,ELECC-2025-000444,1 20335 DR,1745467200000,Electrical (Commercial)
loudoun_permit,Loudoun County,PLUMC-2024-063368,"PHASE 18/This is a three story data center that includes both core & shell and tenant fit-up. This is for Phase 18. 3 Water Service Lines (Industrial Water, Domestic Water, Fire Water), 2 Waste (IWW & DW)",Dulles,Issued,,,,,203170856000,,PLUMC-2024-063368,1 42090 LN,1751428800000,Plumbing (Commercial)
loudoun_permit,Loudoun County,ZONC-2024-042751,Data Center Architectural and Structural Tenant Fit-Out for Phase 18,Leesburg,Issued,,,,,193274995000,,ZONC-2024-042751,1 20335 DR,1732510800000,Zoning (Commercial)
loudoun_permit,Loudoun County,BLDC-2026-007325,Data Center Vault Phasing Package. Vault 2.2 - Phase 4.,Broad Run,Issued,21130.0,,,,061450432000,,BLDC-2026-007325,1 44395 PLZ,1778731200000,Building (Commercial)
loudoun_permit,Loudoun County,ZONC-2024-059978,This is a three story data center that includes both core & shell and tenant fit-up. This is for Phase 11.,Dulles,Issued,,,,,203170856000,,ZONC-2024-059978,1 42090 LN,1750996800000,Zoning (Commercial)
loudoun_permit,Loudoun County,PLUMC-2025-034183,"New construction of Data Center, all domestic waterlines from Meter to Building Only.",Dulles,Issued,,,,,203170856000,,PLUMC-2025-034183,1 42090 LN,1754452800000,Plumbing (Commercial)
loudoun_permit,Loudoun County,ZONC-2024-042303,Data Center Architectural and Structural Tenant Fit-Out for Phase 5,Leesburg,Issued,,,,,193276668000,,ZONC-2024-042303,1 20575 DR,1732078800000,Zoning (Commercial)
loudoun_permit,Loudoun County,ZONC-2024-042048,Data Center Architectural and Structural Tenant Fit-Out for the Office Phase,Leesburg,Issued,,,,,193276668000,,ZONC-2024-042048,1 20575 DR,1732078800000,Zoning (Commercial)
loudoun_permit,Loudoun County,ZONC-2024-042036,Data Center Architectural and Structural Tenant Fit-Out for Phase 16,Leesburg,Issued,,,,,193274995000,,ZONC-2024-042036,1 20335 DR,1734152400000,Zoning (Commercial)
loudoun_permit,Loudoun County,Z70343430101,TENANT FIT UP / DATA CENTER,Broad Run,Issued,,,,,089291706000,,Z70343430101,1 43940 PLZ,1497931200000,Zoning (Commercial)
loudoun_permit,Loudoun County,MECHC-2025-000615,"Data Center Architectural and Structural Tenant Fit-Out for Phase 17. This project involves the fitout of the AWS data center covered under the C&S Permit. Phases 1-18 of the datacenter are modular in nature and there is a separate ""Office"" phase. See drawings for exact equipment sizes/quantities. Phase 1-18 mechanical equipment consist Datahall Air Handling Units (93,500 CFM air handling unit each with a direct evaporation coil) and Rooftop Exhaust Fan Arrays (68,000 CFM each). See drawings for exact equipment sizes/quantities.",Leesburg,Issued,,,,,193274995000,,MECHC-2025-000615,1 20335 DR,1739250000000,Mechanical (Commercial)
loudoun_permit,Loudoun County,PLUMC-2024-062709,"Fourth building on the campus. CURRENT: CORE/SHELL 3-STORY FLEX WAREHOUSE AND COMMERCIAL OFFICE, FUTURE PURPOSE OF SPACE: 3-STORY SINGLE TENANT COMPUTER DATA CENTER.",Leesburg,Issued,,,,,193178229000,,PLUMC-2024-062709,1 42590 DR,1735275600000,Plumbing (Commercial)
loudoun_permit,Loudoun County,MECHC-2024-064781,"Electrical equipment upgrades in existing 1-story data center building, with related mechanical upgrades including (1) 1000 cfm ERV. (Mech contractor TBD)",Sterling,Issued,,,,,045282657000,,MECHC-2024-064781,1 45111 LN,1753329600000,Mechanical (Commercial)
loudoun_permit,Loudoun County,X20222260001,"LAY FIBER OPTIC CABLE FOR DATA CENTER, BONDED GRADING, NORTH OF ROUTE 643 WEST OF LOUDOUN COUNTY PARKWAY",Broad Run,Issued,,,,,089481925000,,X20222260001,1 22100 RD,1678078800000,Grading
loudoun_permit,Loudoun County,MECHC-2024-061642,"Data Center Architectural and Structural Tenant Fit-Out for Phase 12. This project involves the fitout of the AWS data center covered under the C&S Permit. Phases 1-12 of the datacenter are modular in nature and there is a separate ""Office"" phase. See drawings for exact equipment sizes/quantities. Phase 1-12 mechanical equipment consist Datahall Air Handling Units (93,500 CFM air handling unit each with a direct evaporation coil) and Rooftop Exhaust Fan Arrays (68,000 CFM each). See drawings for exact equipment sizes/quantities.",Leesburg,Issued,,,,,193276668000,,MECHC-2024-061642,1 20575 DR,1739163600000,Mechanical (Commercial)
loudoun_permit,Loudoun County,ELECC-2025-023129,"Low voltage for HVAC controls for VA16 building is to be constructed to operate as a data center facility in Sterling, Virginia. phase 1",Sterling,Issued,191952.0,,,,044175589000,,ELECC-2025-023129,1 22321 BLVD,1747972800000,Electrical (Commercial)
loudoun_permit,Loudoun County,MECHC-2024-061615,"Data Center Architectural and Structural Tenant Fit-Out for Phase 6. This project involves the fitout of the AWS data center covered under the C&S Permit. Phases 1-12 of the datacenter are modular in nature and there is a separate ""Office"" phase. See drawings for exact equipment sizes/quantities. Phase 1-12 mechanical equipment consist Datahall Air Handling Units (93,500 CFM air handling unit each with a direct evaporation coil) and Rooftop Exhaust Fan Arrays (68,000 CFM each). See drawings for exact equipment sizes/quantities.",Leesburg,Issued,,,,,193276668000,,MECHC-2024-061615,1 20575 DR,1739250000000,Mechanical (Commercial)
loudoun_permit,Loudoun County,BLDC-2025-002427,Phase 3 Tenant Interiors buildout of the LC11 Data Center building. Phase 3 includes mechanical and electrical rooms and equipment on Levels 2 to support turnover of 1 of 4 Data Halls.,Broad Run,Issued,,,,,089496314001,,BLDC-2025-002427,1 22235 PKWY,1747713600000,Building (Commercial)
loudoun_permit,Loudoun County,BLDC-2024-035659,Data Center Architectural and Structural Tenant Fit-Out for Phase 16. Scanned under BLDC-2024-035660 mass permit. (original parent permit was BLDC-2024-012237).,Leesburg,Issued,21594.2,,,,193274995000,,BLDC-2024-035659,1 20335 DR,1734152400000,Building (Commercial)
loudoun_permit,Loudoun County,PLUMC-2025-000572,"PHASE 9/Data Center Architectural and Structural Tenant Fit-Out for Phase 9. This project involves the fitout of the AWS datacenter covered under the C&S Permit. Phases 1-18 of the datacenter are modular in nature and there is a separate ""Office"" phase. See drawings for exact equipment sizes/quantities.",Leesburg,Issued,,,,,193274995000,,PLUMC-2025-000572,1 20335 DR,1739422800000,Plumbing (Commercial)
loudoun_permit,Loudoun County,ZONC-2026-014159,Data Center Architectural and Structural Tenant Fit-Out for Phase 4 of the data center. There are a total of 15 phases in this project.,Leesburg,Issued,,,,,193178229000,,ZONC-2026-014159,1 42590 DR,1777867200000,Zoning (Commercial)
loudoun_permit,Loudoun County,FMOMH-2026-013287,Data Centers,Broad Run,Issued,,,,,089374763000,,FMOMH-2026-013287,43830 DR,1774884512000,FMO - Moderate/High Hazard
loudoun_permit,Loudoun County,FMOMH-2026-013287,Data Centers,Broad Run,Issued,,,,,089367531000,,FMOMH-2026-013287,43830 DR,1774884512000,FMO - Moderate/High Hazard
loudoun_permit,Loudoun County,FMOMH-2026-013287,Data Centers,Broad Run,Issued,,,,,089291706000,,FMOMH-2026-013287,43830 DR,1774884512000,FMO - Moderate/High Hazard
loudoun_permit,Loudoun County,FMOMH-2026-013287,Data Centers,Broad Run,Issued,,,,,089382215000,,FMOMH-2026-013287,43830 DR,1774884512000,FMO - Moderate/High Hazard
loudoun_permit,Loudoun County,FMOMH-2026-013287,Data Centers,Broad Run,Issued,,,,,089278681000,,FMOMH-2026-013287,43830 DR,1774884512000,FMO - Moderate/High Hazard
loudoun_permit,Loudoun County,ZONC-2024-018826,"Intellectual Point is a leading IT training, consulting and workforce development company. Our courses are designed with an emphasis on learning-by-doing to prepare busy professionals with the skills and certifications needed to be successful in the IT industry. Our areas of expertise include Cyber Security & Cloud Computing; Networking, Wireless, and Data Center; Big Data, IoT & Data Science; Project Management, Agile, DevOps & ITSM; Artificial Intelligence & Machine Learning; Deep Learning & Cognitive Computing",Algonkian,Issued,,,,,019265390012,,ZONC-2024-018826,46175 DR,1720411200000,Zoning (Commercial)
loudoun_permit,Loudoun County,ZONC-2024-018826,"Intellectual Point is a leading IT training, consulting and workforce development company. Our courses are designed with an emphasis on learning-by-doing to prepare busy professionals with the skills and certifications needed to be successful in the IT industry. Our areas of expertise include Cyber Security & Cloud Computing; Networking, Wireless, and Data Center; Big Data, IoT & Data Science; Project Management, Agile, DevOps & ITSM; Artificial Intelligence & Machine Learning; Deep Learning & Cognitive Computing",Algonkian,Issued,,,,,019265390011,,ZONC-2024-018826,46175 DR,1720411200000,Zoning (Commercial)
loudoun_permit,Loudoun County,BLDC-2026-013351,Data Center Architectural and Structural Tenant Fit-Out for Phase 14 of the data center. There are a total of 15 phases in this project.,Leesburg,Issued,19412.0,,,,193178229000,,BLDC-2026-013351,1 42590 DR,1777867200000,Building (Commercial)
loudoun_permit,Loudoun County,BLDC-2024-063845,Interior datacenter fit-out of 2nd floor data center and corresponding equipment infrastructure on roof and in generator yard areas.,Broad Run,Issued,,,,,042152579000,,BLDC-2024-063845,1 21529 CIR,1741579200000,Building (Commercial)
loudoun_permit,Loudoun County,PLUMC-2025-033468,Data Center Tenant Fitout Construction - Phase 07,Dulles,Issued,,,,,096183926000,,PLUMC-2025-033468,1 25190 DR,1771822800000,Plumbing (Commercial)
loudoun_permit,Loudoun County,V20490880003,DATA CENTER,Catoctin,Issued,,,,,194498227000,,V20490880003,1 20481 LN,1755057600000,Elevator Maintenance
loudoun_permit,Loudoun County,FIREC-2026-029949,"Phasing Breakout - Phase 6, Vault 2-3 / Data Center",Broad Run,Issued,,,,,061450432000,,FIREC-2026-029949,1 44395 PLZ,1783483200000,Fire Protection (Commercial)
loudoun_permit,Loudoun County,BLDC-2025-057910,Data Center Tenant Fitout Construction - Phase 03,Dulles,Issued,,,,,096183926000,,BLDC-2025-057910,1 25374 DR,1778472000000,Building (Commercial)
loudoun_permit,Loudoun County,FMOMH-2026-013287,Data Centers,Broad Run,Issued,,,,,089374763000,,FMOMH-2026-013287,44060 PLZ,1774884512000,FMO - Moderate/High Hazard
loudoun_permit,Loudoun County,FMOMH-2026-013287,Data Centers,Broad Run,Issued,,,,,089382215000,,FMOMH-2026-013287,44060 PLZ,1774884512000,FMO - Moderate/High Hazard
loudoun_permit,Loudoun County,FMOMH-2026-013287,Data Centers,Broad Run,Issued,,,,,089291706000,,FMOMH-2026-013287,44060 PLZ,1774884512000,FMO - Moderate/High Hazard
loudoun_permit,Loudoun County,FMOMH-2026-013287,Data Centers,Broad Run,Issued,,,,,089367531000,,FMOMH-2026-013287,44060 PLZ,1774884512000,FMO - Moderate/High Hazard
loudoun_permit,Loudoun County,FMOMH-2026-013287,Data Centers,Broad Run,Issued,,,,,089278681000,,FMOMH-2026-013287,44060 PLZ,1774884512000,FMO - Moderate/High Hazard
loudoun_permit,Loudoun County,PLUMC-2024-063232,"PHASE 3/This is a three story data center that includes both core & shell and tenant fit-up. This is for Phase 3. 3 Water Service Lines (Industrial Water, Domestic Water, Fire Water), 2 Waste (IWW & DW)",Dulles,Issued,,,,,203170856000,,PLUMC-2024-063232,1 42090 LN,1751428800000,Plumbing (Commercial)
loudoun_permit,Loudoun County,VSMP-2021-0085,"LOUDOUN METRO DATA CENTERS LM5-LM8 REQUEST APPROVAL OF A VIRGINIA STORMWATER MANAGEMENT PROGRAM (VSMP) FOR THE DISTURBED AREA OF 42.02 ACRES, IN THE (PDOP) PLANNDED DEVELOPMENT-OFFICE PARK ZONING DISTRICT. SDM",Broad Run,Issued,,,,,089496246000,,VSMP-2021-0085,1 21605 RD,1635134400000,VESMP
loudoun_permit,Loudoun County,VSMP-2021-0085,"LOUDOUN METRO DATA CENTERS LM5-LM8 REQUEST APPROVAL OF A VIRGINIA STORMWATER MANAGEMENT PROGRAM (VSMP) FOR THE DISTURBED AREA OF 42.02 ACRES, IN THE (PDOP) PLANNDED DEVELOPMENT-OFFICE PARK ZONING DISTRICT. SDM",Broad Run,Issued,,,,,089309997000,,VSMP-2021-0085,1 21605 RD,1635134400000,VESMP
loudoun_permit,Loudoun County,VSMP-2021-0085,"LOUDOUN METRO DATA CENTERS LM5-LM8 REQUEST APPROVAL OF A VIRGINIA STORMWATER MANAGEMENT PROGRAM (VSMP) FOR THE DISTURBED AREA OF 42.02 ACRES, IN THE (PDOP) PLANNDED DEVELOPMENT-OFFICE PARK ZONING DISTRICT. SDM",Broad Run,Issued,,,,,089496523000,,VSMP-2021-0085,1 21605 RD,1635134400000,VESMP
loudoun_permit,Loudoun County,FMOMH-2026-014000,Bldg F - Data Center,Broad Run,Issued,,,,,089374763000,,FMOMH-2026-014000,1 43830 DR,1777382875000,FMO - Moderate/High Hazard
loudoun_permit,Loudoun County,Z60389740101,CHANGE OF USE/DATA CENTER,Ashburn,Issued,,,,,088381788000,,Z60389740101,1 21631 DR,1487221200000,Zoning (Commercial)
loudoun_permit,Loudoun County,ZONC-2025-007378,Installation of additional communications cabling pathways between existing computer rooms in existing data center building.,Sterling,Issued,,,,,043482656000,,ZONC-2025-007378,1 21641 DR,1744344000000,Zoning (Commercial)
loudoun_permit,Loudoun County,VESMP-2025-000044,DULLES BERRY LC8 DATA CENTER,Loudoun County,Issued,,,,,062257134000,,VESMP-2025-000044,1 22330 RD,1761278400000,VESMP
loudoun_permit,Loudoun County,VESMP-2025-000044,DULLES BERRY LC8 DATA CENTER,Loudoun County,Issued,,,,,062257314000,,VESMP-2025-000044,1 22330 RD,1761278400000,VESMP
loudoun_permit,Loudoun County,VESMP-2025-000044,DULLES BERRY LC8 DATA CENTER,Loudoun County,Issued,,,,,062265030000,,VESMP-2025-000044,1 22330 RD,1761278400000,VESMP
loudoun_permit,Loudoun County,ELECC-2024-041733,*FAAST TRACK* ARA3A DATA CENTER PERUN (EQUIPMENT YARD) ele,Loudoun County,Issued,,,,,162176713000,,ELECC-2024-041733,1 24331 LN,1738213200000,Electrical (Commercial)
loudoun_permit,Loudoun County,E70247020104,FUTURE TENANT FIT UP/DATA CENTER,Broad Run,Issued,,,,,034462865000,,E70247020104,1 22811 DR,1490328000000,Electrical (Commercial)
loudoun_permit,Loudoun County,BLDC-2025-040075,Suite 100 Tenant Fit-Out/Data Hall in an existing Data Center Core and Shell,Broad Run,Issued,54847.0,,,,061394321000,,BLDC-2025-040075,1 21780 CT,1760932800000,Building (Commercial)
loudoun_permit,Loudoun County,BLDC-2024-044335,2-Story Data Center Core & Shell. Electronic copy,Dulles,Issued,526833.0,,,,092192834000,,BLDC-2024-044335,1 43715 DR,1744776000000,Building (Commercial)
loudoun_permit,Loudoun County,ZONC-2026-014154,Data Center Architectural and Structural Tenant Fit-Out for the office area and Phase 1 of the data center. There are a total of 15 phases in this project.,Leesburg,Issued,,,,,193178229000,,ZONC-2026-014154,1 42590 DR,1777867200000,Zoning (Commercial)
loudoun_permit,Loudoun County,ZONC-2026-023536,RENOVATION TO EXISTING DATA CENTER,Sterling,Issued,,,,,044152877000,,ZONC-2026-023536,1 22271 DR,1782705600000,Zoning (Commercial)
loudoun_permit,Loudoun County,ELECC-2025-022671,New construction 3-story data center (Telecommunications systems - DH3100 Upfit),Sterling,Issued,,,,,044155625000,,ELECC-2025-022671,1 22280 DR,1748836800000,Electrical (Commercial)
loudoun_permit,Loudoun County,BLDC-2025-026615,Data Center Tenant Fitout Construction - Phase 06,Dulles,Issued,,,,,096183926000,,BLDC-2025-026615,1 25190 DR,1770786000000,Building (Commercial)
loudoun_permit,Loudoun County,BLDC-2025-048349,"Data Hall and Electrical Room Build. Also includes a 2nd floor and 1st floor data center build-out, which consists of 24 MWs. (Phase 3)",Sterling,Issued,64685.0,,,,030292034000,,BLDC-2025-048349,1 45831 RD,1769749200000,Building (Commercial)
loudoun_permit,Loudoun County,ELECC-2025-022658,New construction 3-story data center (Telecommunications systems - Core & Shell),Sterling,Issued,207000.0,,,,044155625000,,ELECC-2025-022658,1 22280 DR,1747886400000,Electrical (Commercial)
loudoun_permit,Loudoun County,ZONC-2026-008270,Data Center Vault Phasing Package. Vault 1.3 - Phase 5,Broad Run,Issued,,,,,061450432000,,ZONC-2026-008270,1 44395 PLZ,1778472000000,Zoning (Commercial)
loudoun_permit,Loudoun County,ELECC-2024-032407,*FAST TRACK* NEW DATA CENTER; STACK NVA06 BLD B CORE/SHELL ADMIIN,Leesburg,Issued,,,,,234382603000,,ELECC-2024-032407,1 19275 PKWY,1742184000000,Electrical (Commercial)
loudoun_permit,Loudoun County,PLUMC-2025-014223,Phase 3 Tenant Interiors buildout of the LC11 Data Center building. Phase 3 includes mechanical and electrical rooms and equipment on Levels 2 to support turnover of 1 of 4 Data Halls.,Broad Run,Issued,,,,,089496314001,,PLUMC-2025-014223,1 22235 PKWY,1747800000000,Plumbing (Commercial)
loudoun_permit,Loudoun County,K80223390102,DATA CENTER,Broad Run,Issued,,,,,041352218000,,K80223390102,1 20935 PKWY,1524456000000,Fire Protection (Commercial)
loudoun_permit,Loudoun County,V00405020003,DATA CENTER / CORE & SHELL,Unknown,Issued,,,,,042394385003,,V00405020003,1 21340 BLVD,1757476800000,Elevator Maintenance
loudoun_permit,Loudoun County,ZONC-2026-013430,Data Center Architectural and Structural Tenant Fit-Out for Phase 4 of the data center. There are a total of 18 phases in this project.,Leesburg,Issued,,,,,193281883000,,ZONC-2026-013430,1 42376 DR,1777262400000,Zoning (Commercial)
loudoun_permit,Loudoun County,K00371820101,REPAIRS TO EXISTING DATA CENTER,Broad Run,Issued,,,,,034365461000,,K00371820101,1 22916 DR,1615867200000,Fire Protection (Commercial)
loudoun_permit,Loudoun County,ZONC-2026-005440,Data Center tenant Fitout Construction - Phase 06,Dulles,Issued,,,,,096183926000,,ZONC-2026-005440,1 25374 DR,1778472000000,Zoning (Commercial)
loudoun_permit,Loudoun County,ELECC-2024-055194,Data Center Architectural and Structural Tenant Fit-Out for Phase 6,Leesburg,Issued,,,,,193276668000,,ELECC-2024-055194,1 20575 DR,1739250000000,Electrical (Commercial)
loudoun_permit,Loudoun County,V90415580002,NEW DATA CENTER,Broad Run,Issued,,,,,061355894000,,V90415580002,1 21890 DR,1750046400000,Elevator Maintenance
loudoun_permit,Loudoun County,GRADE-2024-000026,"Cochran Mill Road - The project consists of the redevelopment of multiple material manufacturing plants and new development of an existing forested property. The project proposes three (3) data centers, two (2) warehouses, driveways, parking bays, and associated utilities and infrastructure.",Leesburg,Issued,,,,,151491670000,,GRADE-2024-000026,42197 RD,1772082000000,Grading
loudoun_permit,Loudoun County,GRADE-2024-000026,"Cochran Mill Road - The project consists of the redevelopment of multiple material manufacturing plants and new development of an existing forested property. The project proposes three (3) data centers, two (2) warehouses, driveways, parking bays, and associated utilities and infrastructure.",Leesburg,Issued,,,,,151472463000,,GRADE-2024-000026,42197 RD,1772082000000,Grading
loudoun_permit,Loudoun County,GRADE-2024-000026,"Cochran Mill Road - The project consists of the redevelopment of multiple material manufacturing plants and new development of an existing forested property. The project proposes three (3) data centers, two (2) warehouses, driveways, parking bays, and associated utilities and infrastructure.",Leesburg,Issued,,,,,150177049000,,GRADE-2024-000026,42197 RD,1772082000000,Grading
loudoun_permit,Loudoun County,GRADE-2024-000026,"Cochran Mill Road - The project consists of the redevelopment of multiple material manufacturing plants and new development of an existing forested property. The project proposes three (3) data centers, two (2) warehouses, driveways, parking bays, and associated utilities and infrastructure.",Leesburg,Issued,,,,,150175175000,,GRADE-2024-000026,42197 RD,1772082000000,Grading
loudoun_permit,Loudoun County,GRADE-2024-000026,"Cochran Mill Road - The project consists of the redevelopment of multiple material manufacturing plants and new development of an existing forested property. The project proposes three (3) data centers, two (2) warehouses, driveways, parking bays, and associated utilities and infrastructure.",Leesburg,Issued,,,,,151483174000,,GRADE-2024-000026,42197 RD,1772082000000,Grading
loudoun_permit,Loudoun County,GRADE-2024-000026,"Cochran Mill Road - The project consists of the redevelopment of multiple material manufacturing plants and new development of an existing forested property. The project proposes three (3) data centers, two (2) warehouses, driveways, parking bays, and associated utilities and infrastructure.",Leesburg,Issued,,,,,151476655000,,GRADE-2024-000026,42197 RD,1772082000000,Grading
loudoun_permit,Loudoun County,GRADE-2024-000026,"Cochran Mill Road - The project consists of the redevelopment of multiple material manufacturing plants and new development of an existing forested property. The project proposes three (3) data centers, two (2) warehouses, driveways, parking bays, and associated utilities and infrastructure.",Leesburg,Issued,,,,,151494358000,,GRADE-2024-000026,42197 RD,1772082000000,Grading
loudoun_permit,Loudoun County,GRADE-2024-000026,"Cochran Mill Road - The project consists of the redevelopment of multiple material manufacturing plants and new development of an existing forested property. The project proposes three (3) data centers, two (2) warehouses, driveways, parking bays, and associated utilities and infrastructure.",Leesburg,Issued,,,,,151488568000,,GRADE-2024-000026,42197 RD,1772082000000,Grading
loudoun_permit,Loudoun County,GRADE-2024-000026,"Cochran Mill Road - The project consists of the redevelopment of multiple material manufacturing plants and new development of an existing forested property. The project proposes three (3) data centers, two (2) warehouses, driveways, parking bays, and associated utilities and infrastructure.",Leesburg,Issued,,,,,151492686000,,GRADE-2024-000026,42197 RD,1772082000000,Grading
loudoun_permit,Loudoun County,ZONC-2025-025774,New data center build. Phase 3,Sterling,Issued,,,,,122207249000,,ZONC-2025-025774,1 43855 PLZ,1777608000000,Zoning (Commercial)
loudoun_permit,Loudoun County,ELECC-2025-032834,low voltage for HVAC controls for Data Center Architectural and Structural Tenant Fit-Out for Phase 9,Leesburg,Issued,,,,,193274995000,,ELECC-2025-032834,1 20335 DR,1753934400000,Electrical (Commercial)
loudoun_permit,Loudoun County,ZONC-2024-063695,"Electrical equipment upgrades in existing 1-story data center building, along with related mechanical installations.",Sterling,Issued,,,,,045282657000,,ZONC-2024-063695,1 45111 LN,1749441600000,Zoning (Commercial)
loudoun_permit,Loudoun County,ELECC-2025-056460,Scope of Work: Suite 100 - Service F - New construction/electrical system for a new data hall suite with a newly built IAD56 data center building,Broad Run,Issued,,,,,061394321000,,ELECC-2025-056460,1 21780 CT,1774497600000,Electrical (Commercial)
loudoun_permit,Loudoun County,E70282920002,DATA CENTER,Broad Run,Issued,,,,,030392674000,,E70282920002,1 21111 CIR,1490673600000,Electrical (Commercial)
loudoun_permit,Loudoun County,PLUMC-2025-000576,"PHASE 12/Data Center Architectural and Structural Tenant Fit-Out for Phase 12. This project involves the fitout of the AWS datacenter covered under the C&S Permit. Phases 1-18 of the datacenter are modular in nature and there is a separate ""Office"" phase. See drawings for exact equipment sizes/quantities.",Leesburg,Issued,,,,,193274995000,,PLUMC-2025-000576,1 20335 DR,1739163600000,Plumbing (Commercial)
loudoun_permit,Loudoun County,BLDC-2024-054850,This is a three story data center that includes both core & shell and tenant fit-up. This is for Phase 5.,Dulles,Issued,20113.2,,,,203170856000,,BLDC-2024-054850,1 42090 LN,1750996800000,Building (Commercial)
loudoun_permit,Loudoun County,V20641190002,NEW DATA CENTER,Unknown,Issued,,,,,044381108001,,V20641190002,1 45070 PLZ,1770613200000,Elevator Maintenance
loudoun_permit,Loudoun County,ZONC-2024-060549,This is a three story data center that includes both core & shell and tenant fit-up. This is for the Phase 1.,Dulles,Issued,,,,,203170856000,,ZONC-2024-060549,1 42090 LN,1750996800000,Zoning (Commercial)
loudoun_permit,Loudoun County,BLDC-2024-035647,Data Center Architectural and Structural Tenant Fit-Out for Phase 5,Leesburg,Issued,19412.1,,,,193274995000,,BLDC-2024-035647,1 20335 DR,1734325200000,Building (Commercial)
loudoun_permit,Loudoun County,BLDC-2026-013132,Data Center Architectural and Structural Tenant Fit-Out for Phase 4 of the data center. There are a total of 18 phases in this project.,Leesburg,Issued,19412.0,,,,193281883000,,BLDC-2026-013132,1 42376 DR,1777262400000,Building (Commercial)
loudoun_permit,Loudoun County,FIREC-2026-014409,"IAD 158 - Two story, 12 Romp Data Center - Phase 08",Dulles,Issued,,,,,096183926000,,FIREC-2026-014409,1 25410 DR,1782100800000,Fire Protection (Commercial)
loudoun_permit,Loudoun County,Z10275570101,DATA CENTER,Blue Ridge,Issued,,,,,162176713000,,Z10275570101,1 24550 LN,1616126400000,Zoning (Commercial)
loudoun_permit,Loudoun County,ZONC-2024-060670,. This is a three story data center that includes both core & shell and tenant fit-up. This is for Phase 4.,Dulles,Issued,,,,,203170856000,,ZONC-2024-060670,1 42090 LN,1750996800000,Zoning (Commercial)
loudoun_permit,Loudoun County,ELECC-2025-032925,Low Voltage for HVAC controls for Data Center Architectural and Structural Tenant Fit-Out for Phase 15,Leesburg,Issued,,,,,193274995000,,ELECC-2025-032925,1 20335 DR,1753934400000,Electrical (Commercial)
loudoun_permit,Loudoun County,ELECC-2024-055418,Data Center Architectural and Structural Tenant Fit-Out for Phase 11,Leesburg,Issued,,,,,193276668000,,ELECC-2024-055418,1 20575 DR,1739250000000,Electrical (Commercial)
loudoun_permit,Loudoun County,ZONC-2026-014173,Data Center Architectural and Structural Tenant Fit-Out for Phase 8 of the data center. There are a total of 15 phases in this project.,Leesburg,Issued,,,,,193178229000,,ZONC-2026-014173,1 42590 DR,1777953600000,Zoning (Commercial)
loudoun_permit,Loudoun County,MECHC-2025-000323,Core and Shell building with an admin area. Also includes a 3rd floor data center build out which consist of 24 MWs.,Sterling,Issued,,,,,030292034000,,MECHC-2025-000323,1 45831 RD,1740546000000,Mechanical (Commercial)
loudoun_permit,Loudoun County,BLDC-2025-023215,New data center build. Phase 7,Sterling,Issued,,,,,122207249000,,BLDC-2025-023215,1 43855 PLZ,1777608000000,Building (Commercial)
loudoun_permit,Loudoun County,ZONC-2025-002984,Red Rum Data Center Fit-out,Broad Run,Issued,,,,,088381462000,,ZONC-2025-002984,1 21625 DR,1770872400000,Zoning (Commercial)
loudoun_permit,Loudoun County,MECHC-2025-033442,Data Center Tenant Fitout Construction - Phase 08,Dulles,Issued,,,,,096183926000,,MECHC-2025-033442,1 25190 DR,1771822800000,Mechanical (Commercial)
loudoun_permit,Loudoun County,BLDC-2025-017639,New Data Center Build.,Sterling,Issued,412905.0,,,,122207249000,,BLDC-2025-017639,1 43765 PLZ,1770181200000,Building (Commercial)
loudoun_permit,Loudoun County,BLDC-2024-001431,Data Center - Data Hall fit-out,Leesburg,Issued,45631.0,,,,235297431000,,BLDC-2024-001431,1 41785 LN,1724731200000,Building (Commercial)
loudoun_permit,Loudoun County,V90367480002,DATA CENTER,Catoctin,Issued,,,,,194498227000,,V90367480002,1 20491 LN,1750651200000,Elevator Maintenance
loudoun_permit,Loudoun County,VSMP-2021-0081,"LOUDOUN CENTER LC3 DATA CENTER REQUEST APPROVAL OF A VIRGINIA STORMWATER MANAGEMENT PROGRAM (VSMP) FOR THE DISTURBED AREA OF 11.33 ACRES, IN THE PLANNED DEVELOPMENT OFFICE PARK (PDOP) ZONING DISTRICT. AM",Broad Run,Issued,,,,,061285496000,,VSMP-2021-0081,44631 RD,1631592000000,VESMP
loudoun_permit,Loudoun County,VSMP-2021-0081,"LOUDOUN CENTER LC3 DATA CENTER REQUEST APPROVAL OF A VIRGINIA STORMWATER MANAGEMENT PROGRAM (VSMP) FOR THE DISTURBED AREA OF 11.33 ACRES, IN THE PLANNED DEVELOPMENT OFFICE PARK (PDOP) ZONING DISTRICT. AM",Broad Run,Issued,,,,,061177666000,,VSMP-2021-0081,44631 RD,1631592000000,VESMP
loudoun_permit,Loudoun County,VSMP-2021-0081,"LOUDOUN CENTER LC3 DATA CENTER REQUEST APPROVAL OF A VIRGINIA STORMWATER MANAGEMENT PROGRAM (VSMP) FOR THE DISTURBED AREA OF 11.33 ACRES, IN THE PLANNED DEVELOPMENT OFFICE PARK (PDOP) ZONING DISTRICT. AM",Broad Run,Issued,,,,,061275931000,,VSMP-2021-0081,44631 RD,1631592000000,VESMP
loudoun_permit,Loudoun County,ELECC-2025-019856,New Data Center Construction,Dulles,Issued,,,,,096183926000,,ELECC-2025-019856,1 25410 DR,1772600400000,Electrical (Commercial)
loudoun_permit,Loudoun County,BLDC-2024-002982,Fit-out of Colo 1 data center,Little River,Issued,51639.0,,,,203354208000,,BLDC-2024-002982,1 42010 LN,1732078800000,Building (Commercial)
loudoun_permit,Loudoun County,ZONC-2025-053750,Electrical equipment and distribution upgrades to create more redundant electrical distribution system in existing 1-story data center building.,Sterling,Issued,,,,,034357851000,,ZONC-2025-053750,1 22945 DR,1769576400000,Zoning (Commercial)
loudoun_permit,Loudoun County,BLDC-2025-011501,Data center core & shell building. electronic copy,Broad Run,Issued,330000.0,,,,061394321000,,BLDC-2025-011501,1 21780 CT,1752033600000,Building (Commercial)
loudoun_permit,Loudoun County,ZONC-2025-048791,"Data Hall and Electrical Room Build. Also includes a 2nd floor and 1st floor data center build-out, which consists of 24 MWs. (Phase 3)",Sterling,Issued,,,,,030292034000,,ZONC-2025-048791,1 45831 RD,1769749200000,Zoning (Commercial)
loudoun_permit,Loudoun County,ZONC-2024-015425,"Removal of ceiling height partitions and old carpeting and interior glass. Pour new 9"" concrete slab with #5 Rebar mat embeds for new generator. DATA CENTER. Occupancy Permit added due to Occupancy Permit not obtained with Tenant Fit Up permit in 2022.",Broad Run,Issued,,,,,060296480017,,ZONC-2024-015425,1 44642 DR,1722278591000,Zoning (Commercial)
loudoun_permit,Loudoun County,ELECC-2024-063893,EPMS- 25 LV EPMS SCADA DEVICES INSTALLATION FOR PHASE 14 FOR DATA CENTER,Sterling,Issued,,,,,062275493003,,ELECC-2024-063893,1 22275 RD,1736226000000,Electrical (Commercial)
loudoun_permit,Loudoun County,PLUMC-2025-033476,Data Center Tenant Fitout Construction - Phase 10,Dulles,Issued,,,,,096183926000,,PLUMC-2025-033476,1 25190 DR,1771822800000,Plumbing (Commercial)
loudoun_permit,Loudoun County,ZONC-2026-013467,Data Center Architectural and Structural Tenant Fit-Out for Phase 18 of the data center. There are a total of 18 phases in this project.,Leesburg,Issued,,,,,193281883000,,ZONC-2026-013467,1 42376 DR,1777262400000,Zoning (Commercial)
loudoun_permit,Loudoun County,PLUMC-2025-033471,Data Center Tenant Fitout Construction - Phase 09,Dulles,Issued,,,,,096183926000,,PLUMC-2025-033471,1 25190 DR,1771822800000,Plumbing (Commercial)
loudoun_permit,Loudoun County,BLDC-2024-064947,Construct Core and Shell for Data Center. Electronic Copy,Sterling,Issued,110000.0,,,,044461959000,,BLDC-2024-064947,1 22214 LN,1749441600000,Building (Commercial)
loudoun_permit,Loudoun County,ZONC-2026-014192,Data Center Architectural and Structural Tenant Fit-Out for Phase 14 of the data center. There are a total of 15 phases in this project.,Leesburg,Issued,,,,,193178229000,,ZONC-2026-014192,1 42590 DR,1777867200000,Zoning (Commercial)
loudoun_permit,Loudoun County,ZONC-2026-013453,Data Center Architectural and Structural Tenant Fit-Out for Phase 12 of the data center. There are a total of 18 phases in this project.,Leesburg,Issued,,,,,193281883000,,ZONC-2026-013453,1 42376 DR,1777262400000,Zoning (Commercial)
loudoun_permit,Loudoun County,Z70277170101,PHASE 1 INTER TFU / DATA CENTER,Ashburn,Issued,,,,,088407447000,,Z70277170101,1 44245 PLZ,1499227200000,Zoning (Commercial)
loudoun_permit,Loudoun County,ZONC-2025-007884,RENOVATION TO EXISTING DATA CENTER,Sterling,Issued,,,,,061307791000,,ZONC-2025-007884,1 21800 CIR,1741237200000,Zoning (Commercial)
loudoun_permit,Loudoun County,ZONC-2024-019353,"Project is for tenant fit out of an existing 3,185 sqft storage space in Building B of the Sabey Data Center Campus. Space will house 2 new offices, 1 open office, 1 conference room and 2 tenant storage spaces.",Broad Run,Issued,,,,,088392214000,,ZONC-2024-019353,1 21741 DR,1718424000000,Zoning (Commercial)
loudoun_permit,Loudoun County,ELECC-2025-001804,"Fourth building on the campus. CURRENT: CORE/SHELL 3-STORY FLEX WAREHOUSE AND COMMERCIAL OFFICE, FUTURE PURPOSE OF SPACE: 3-STORY SINGLE TENANT COMPUTER DATA CENTER. This Permit is only for the 600 amp fire pump service.",Leesburg,Issued,,,,,193178229000,,ELECC-2025-001804,1 42590 DR,1739854800000,Electrical (Commercial)
loudoun_permit,Loudoun County,V60302990001,DATA CENTER,Broad Run,Issued,,,,,060386530000,,V60302990001,1,1461556800000,Elevator Maintenance
loudoun_permit,Loudoun County,E80266870001,DATA CENTER,Ashburn,Issued,,,,,088407447000,,E80266870001,1 44245 PLZ,1524628800000,Electrical (Commercial)
loudoun_permit,Loudoun County,E20656720104,DATA CENTER SHELL,Little River,Issued,,,,,246203645000,,E20656720104,1 24214 LN,1685592000000,Electrical (Commercial)
loudoun_permit,Loudoun County,E70282920001,DATA CENTER,Broad Run,Issued,,,,,030392674000,,E70282920001,1 21111 CIR,1490673600000,Electrical (Commercial)
loudoun_permit,Loudoun County,ELECC-2025-000453,"Data Center Architectural and Structural Tenant Fit-Out for Phase 18. This project involves the fitout of the AWS datacenter covered under the C&S Permit. Phases 1-18 of the datacenter are modular in nature and there is a separate ""Office"" phase. See drawings for exact equipment sizes/quantities.",Leesburg,Issued,,,,,193274995000,,ELECC-2025-000453,1 20335 DR,1745467200000,Electrical (Commercial)
loudoun_permit,Loudoun County,ELECC-2026-029923,Telecommunication and Security Pathways and Details for COLO 1 Area in IAD 13 Microsoft Data Center Building,Little River,Issued,,,,,203354208000,,ELECC-2026-029923,1 42010 LN,1784260800000,Electrical (Commercial)
loudoun_permit,Loudoun County,BLDC-2024-054859,This is a three story data center that includes both core & shell and tenant fit-up. This is for Phase 7.,Dulles,Issued,20274.0,,,,203170856000,,BLDC-2024-054859,1 42090 LN,1750996800000,Building (Commercial)
loudoun_permit,Loudoun County,E70275380001,DATA CENTER,Broad Run,Issued,,,,,030306633000,,E70275380001,1 21660 CIR,1488949200000,Electrical (Commercial)
loudoun_permit,Loudoun County,ZONC-2026-013442,Data Center Architectural and Structural Tenant Fit-Out for Phase 7 of the data center. There are a total of 18 phases in this project.,Leesburg,Issued,,,,,193281883000,,ZONC-2026-013442,1 42376 DR,1777262400000,Zoning (Commercial)
loudoun_permit,Loudoun County,FIREC-2026-029945,Phasing Breakout - Phase III - Vault 1-2 / Data Center,Broad Run,Issued,,,,,061450432000,,FIREC-2026-029945,1 44395 PLZ,1783483200000,Fire Protection (Commercial)
loudoun_permit,Loudoun County,FMOMH-2026-013287,Data Centers,Broad Run,Issued,,,,,089374763000,,FMOMH-2026-013287,43791 DR,1774884512000,FMO - Moderate/High Hazard
loudoun_permit,Loudoun County,FMOMH-2026-013287,Data Centers,Broad Run,Issued,,,,,089367531000,,FMOMH-2026-013287,43791 DR,1774884512000,FMO - Moderate/High Hazard
loudoun_permit,Loudoun County,FMOMH-2026-013287,Data Centers,Broad Run,Issued,,,,,089291706000,,FMOMH-2026-013287,43791 DR,1774884512000,FMO - Moderate/High Hazard
loudoun_permit,Loudoun County,FMOMH-2026-013287,Data Centers,Broad Run,Issued,,,,,089382215000,,FMOMH-2026-013287,43791 DR,1774884512000,FMO - Moderate/High Hazard
loudoun_permit,Loudoun County,FMOMH-2026-013287,Data Centers,Broad Run,Issued,,,,,089278681000,,FMOMH-2026-013287,43791 DR,1774884512000,FMO - Moderate/High Hazard
loudoun_permit,Loudoun County,GRADE-2026-000059,GRADING PERMIT FOR PROLOGIS PARK BUILDING 4 - A 1-STORY DATA CENTER BUILDING AND ASSOCIATED UTILITIES AND INFRASTRUCTURE.,Dulles,Issued,,,,,124299328000,,GRADE-2026-000059,1 23825 DR,1784692800000,Grading
loudoun_permit,Loudoun County,BLDC-2024-035627,Data Center Architectural and Structural Tenant Fit-Out for Phase 4,Leesburg,Issued,19412.1,,,,193274995000,,BLDC-2024-035627,1 20335 DR,1734325200000,Building (Commercial)
loudoun_permit,Loudoun County,FIREC-2026-013472,IAD-327 | Two story data center full build out.,Dulles,Issued,,,,,096183926000,,FIREC-2026-013472,1 25145 DR,1778558400000,Fire Protection (Commercial)
loudoun_permit,Loudoun County,BLDC-2024-054963,This is a three story data center that includes both core & shell and tenant fit-up. This is for Phase 18.,Dulles,Issued,22374.1,,,,203170856000,,BLDC-2024-054963,1 42090 LN,1750996800000,Building (Commercial)
loudoun_permit,Loudoun County,BLDC-2024-035648,Data Center Architectural and Structural Tenant Fit-Out for Phase 6,Leesburg,Issued,19412.1,,,,193274995000,,BLDC-2024-035648,1 20335 DR,1734238800000,Building (Commercial)
loudoun_permit,Loudoun County,FIREC-2025-043331,VESDA System for new construction data center - Data Hall Upfit DH1100,Sterling,Issued,,,,,044155625000,,FIREC-2025-043331,1 22280 DR,1776657600000,Fire Protection (Commercial)
loudoun_permit,Loudoun County,ZONC-2025-006884,"IAD 57 SHELL/ PBB; NEW DATA CENTER W/ CORE SHELL, OFFICE AREA WITH FUTURE FITOUTS",Dulles,Issued,,,,,093365404002,,ZONC-2025-006884,1 43705 DR,1745380800000,Zoning (Commercial)
loudoun_permit,Loudoun County,ZONC-2025-006884,"IAD 57 SHELL/ PBB; NEW DATA CENTER W/ CORE SHELL, OFFICE AREA WITH FUTURE FITOUTS",Dulles,Issued,,,,,093365404000,,ZONC-2025-006884,1 43705 DR,1745380800000,Zoning (Commercial)
loudoun_permit,Loudoun County,ZONC-2026-006309,Data Center Tenant Fitout Construction - Phase 03,Dulles,Issued,,,,,096183926000,,ZONC-2026-006309,1 25145 DR,1778472000000,Zoning (Commercial)
loudoun_permit,Loudoun County,FMOMH-2026-017999,Fire permit for data center,Sterling,Issued,,,,,045391908000,,FMOMH-2026-017999,1 45210 PLZ,1776425514000,FMO - Moderate/High Hazard
loudoun_permit,Loudoun County,ELECC-2025-057684,Service D: New construction/electrical system for a new data hall suite with a newly built IAD56 data center building.,Broad Run,Issued,,,,,061394321000,,ELECC-2025-057684,1 21780 CT,1774497600000,Electrical (Commercial)
loudoun_permit,Loudoun County,ELECC-2025-011143,Data Center Architectural and Structural Tenant Fit-Out for Phase 2; USB 2.1B SERVICE,Leesburg,Issued,,,,,193276668000,,ELECC-2025-011143,1 20575 DR,1744603200000,Electrical (Commercial)
loudoun_permit,Loudoun County,ZONC-2024-010753,Data Center Core and Shell NEW DATA CENTER VA 15,Sterling,Issued,,,,,044292829001,,ZONC-2024-010753,45210 PLZ,1719806400000,Zoning (Commercial)
loudoun_permit,Loudoun County,BLDC-2024-035599,Data Center Architectural and Structural Tenant Fit-Out for Phase 11,Leesburg,Issued,21901.5,,,,193276668000,,BLDC-2024-035599,1 20575 DR,1732078800000,Building (Commercial)
loudoun_permit,Loudoun County,MECHC-2024-063239,. This is a three story data center that includes both core & shell and tenant fit-up. This is for Phase 4.,Dulles,Issued,,,,,203170856000,,MECHC-2024-063239,1 42090 LN,1751515200000,Mechanical (Commercial)
loudoun_permit,Loudoun County,ELECC-2026-014789,"Suite 110, Service B: New construction/electrical system for a new data hall suite with a newly built IAD56 data center building.",Broad Run,Issued,,,,,061394321000,,ELECC-2026-014789,1 21780 CT,1782187200000,Electrical (Commercial)
loudoun_permit,Loudoun County,ZONC-2024-001532,Buiding permit for Core and Shell buildout of the IAD13 Data Center.,Little River,Issued,,,,,203354208000,,ZONC-2024-001532,1 42010 LN,1715832000000,Zoning (Commercial)
loudoun_permit,Loudoun County,BLDC-2024-035649,Data Center Architectural and Structural Tenant Fit-Out for Phase 7,Leesburg,Issued,19567.4,,,,193274995000,,BLDC-2024-035649,1 20335 DR,1735880400000,Building (Commercial)
loudoun_permit,Loudoun County,ELECC-2025-048074,Low Voltage for BMS system. New Construction - Data Center. to include core and shell / admin space,Broad Run,Issued,,,,,061450432000,,ELECC-2025-048074,1 44395 PLZ,1761019200000,Electrical (Commercial)
loudoun_permit,Loudoun County,E80221460103,DATA CENTER,Broad Run,Issued,,,,,059309091000,,E80221460103,1 20945 PKWY,1521086400000,Electrical (Commercial)
loudoun_permit,Loudoun County,P20655910102,DATA CENTER SHELL,Little River,Issued,,,,,246203645000,,P20655910102,1 24234 LN,1685937600000,Plumbing (Commercial)
loudoun_permit,Loudoun County,ELECC-2025-013679,*FAST TRACK* NEW DATA CENTER; STACK NVA06 BLD B CORE/SHELL ADMIIN; LV ELE,Loudoun County,Issued,,,,,234382603000,,ELECC-2025-013679,1 19275 PKWY,1742875200000,Electrical (Commercial)
loudoun_permit,Loudoun County,BLDC-2025-026624,Data Center Tenant Fitout Construction - Phase 10,Dulles,Issued,,,,,096183926000,,BLDC-2025-026624,1 25190 DR,1770786000000,Building (Commercial)
loudoun_permit,Loudoun County,ELECC-2025-006669,low voltage for HVAC controls for Fit-out of Colo 5 data center,Little River,Issued,,,,,203354208000,,ELECC-2025-006669,1 42031 LN,1740632400000,Electrical (Commercial)
loudoun_permit,Loudoun County,PLUMC-2025-017929,New Data Center Build.,Sterling,Issued,,,,,122207249000,,PLUMC-2025-017929,1 43765 PLZ,1755489600000,Plumbing (Commercial)
loudoun_permit,Loudoun County,PLUMC-2025-000577,"PHASE 13/Data Center Architectural and Structural Tenant Fit-Out for Phase 13. This project involves the fitout of the AWS datacenter covered under the C&S Permit. Phases 1-18 of the datacenter are modular in nature and there is a separate ""Office"" phase. See drawings for exact equipment sizes/quantities.",Leesburg,Issued,,,,,193274995000,,PLUMC-2025-000577,1 20335 DR,1737522000000,Plumbing (Commercial)
loudoun_permit,Loudoun County,ELECC-2025-000449,"Data Center Architectural and Structural Tenant Fit-Out for Phase 15. This project involves the fitout of the AWS datacenter covered under the C&S Permit. Phases 1-18 of the datacenter are modular in nature and there is a separate ""Office"" phase. See drawings for exact equipment sizes/quantities.",Leesburg,Issued,,,,,193274995000,,ELECC-2025-000449,1 20335 DR,1745467200000,Electrical (Commercial)
loudoun_permit,Loudoun County,BLDC-2026-013133,Data Center Architectural and Structural Tenant Fit-Out for Phase 5 of the data center. There are a total of 18 phases in this project.,Leesburg,Issued,19412.0,,,,193281883000,,BLDC-2026-013133,1 42376 DR,1777262400000,Building (Commercial)
loudoun_permit,Loudoun County,ELECC-2026-026652,"Electrical Low Voltage Security Pathway Only Construction of ""SDC Fit out Scope No.2"" within the new construction of a 3-story data center Core-&-Shell building.",Loudoun County,Issued,,,,,113167503000,,ELECC-2026-026652,1 19560 LN,1781236800000,Electrical (Commercial)
loudoun_permit,Loudoun County,ZONC-2026-005432,Data Center Tenant Fitout Construction - Phase 02,Dulles,Issued,,,,,096183926000,,ZONC-2026-005432,1 25374 DR,1778472000000,Zoning (Commercial)
loudoun_permit,Loudoun County,MECHC-2024-060159,Mechanical for 2 STORY SINGLE TENANT COMPUTER DATA CENTER.,Sterling,Issued,,,,,122208248000,,MECHC-2024-060159,1 43975 PLZ,1733806800000,Mechanical (Commercial)
loudoun_permit,Loudoun County,ELECC-2025-000443,"Data Center Architectural and Structural Tenant Fit-Out for Phase 11. This project involves the fitout of the AWS datacenter covered under the C&S Permit. Phases 1-18 of the datacenter are modular in nature and there is a separate ""Office"" phase. See drawings for exact equipment sizes/quantities.",Leesburg,Issued,,,,,193274995000,,ELECC-2025-000443,1 20335 DR,1745467200000,Electrical (Commercial)
loudoun_permit,Loudoun County,MECHC-2025-042797,Data center building core and shell,Loudoun County,Issued,,,,,124369522000,,MECHC-2025-042797,1 43304 RD,1759204800000,Mechanical (Commercial)
loudoun_permit,Loudoun County,VESMP-2026-000033,THE PURPOSE OF THIS PROJECT IS THE CONSTRUCTION OF A 1-STORY DATA CENTER BUILDING.,Dulles,Issued,,,,,124105978000,,VESMP-2026-000033,23965 RD,1784001600000,VESMP
loudoun_permit,Loudoun County,VESMP-2026-000033,THE PURPOSE OF THIS PROJECT IS THE CONSTRUCTION OF A 1-STORY DATA CENTER BUILDING.,Dulles,Issued,,,,,124299328000,,VESMP-2026-000033,23965 RD,1784001600000,VESMP
loudoun_permit,Loudoun County,PLUMC-2025-000326,Core and Shell building with an admin area. Also includes a 3rd floor data center build out which consist of 24 MWs.,Sterling,Issued,,,,,030292034000,,PLUMC-2025-000326,1 45831 RD,1740546000000,Plumbing (Commercial)
loudoun_permit,Loudoun County,MECHC-2024-061631,"Data Center Architectural and Structural Tenant Fit-Out for Phase 8. This project involves the fitout of the AWS data center covered under the C&S Permit. Phases 1-12 of the datacenter are modular in nature and there is a separate ""Office"" phase. See drawings for exact equipment sizes/quantities. Phase 1-12 mechanical equipment consist Datahall Air Handling Units (93,500 CFM air handling unit each with a direct evaporation coil) and Rooftop Exhaust Fan Arrays (68,000 CFM each). See drawings for exact equipment sizes/quantities.",Leesburg,Issued,,,,,193276668000,,MECHC-2024-061631,1 20575 DR,1739250000000,Mechanical (Commercial)
loudoun_permit,Loudoun County,ZONC-2026-005453,Data Center Tenant Fitout Construction- Phase 11,Dulles,Issued,,,,,096183926000,,ZONC-2026-005453,1 25374 DR,1778472000000,Zoning (Commercial)
loudoun_permit,Loudoun County,ZONC-2026-008264,Data Center Vault Phasing Package. Vault 1.2 - Phase 3,Broad Run,Issued,,,,,061450432000,,ZONC-2026-008264,1 44395 PLZ,1778472000000,Zoning (Commercial)
loudoun_permit,Loudoun County,ELECC-2024-055200,Data Center Architectural and Structural Tenant Fit-Out for Phase 7,Leesburg,Issued,,,,,193276668000,,ELECC-2024-055200,1 20575 DR,1739250000000,Electrical (Commercial)
loudoun_permit,Loudoun County,ZONC-2026-014164,Data Center Architectural and Structural Tenant Fit-Out for Phase 5 of the data center. There are a total of 15 phases in this project.,Leesburg,Issued,,,,,193178229000,,ZONC-2026-014164,1 42590 DR,1777867200000,Zoning (Commercial)
loudoun_permit,Loudoun County,BLDC-2026-013130,Data Center Architectural and Structural Tenant Fit-Out for Phase 2 of the data center. There are a total of 18 phases in this project.,Leesburg,Issued,18396.0,,,,193281883000,,BLDC-2026-013130,1 42376 DR,1777262400000,Building (Commercial)
loudoun_permit,Loudoun County,BLDC-2026-013235,Data Center Architectural and Structural Tenant Fit-Out for Phase 17 of the data center. There are a total of 18 phases in this project.,Leesburg,Issued,21594.0,,,,193281883000,,BLDC-2026-013235,1 42376 DR,1777262400000,Building (Commercial)
loudoun_permit,Loudoun County,V90283550002,DATA CENTER,Catoctin,Issued,,,,,194498227000,,V90283550002,1 20491 LN,1750651200000,Elevator Maintenance
loudoun_permit,Loudoun County,BLDC-2026-000064,Data Center Tenant Fitout Construction - Phase 08,Dulles,Issued,,,,,096183926000,,BLDC-2026-000064,1 25145 DR,1778472000000,Building (Commercial)
loudoun_permit,Loudoun County,FIREC-2026-012478,"TI Build-out of IAD-174, a Two-Story 12-POD Data Center - Phase 10",Sterling,Issued,,,,,030455548000,,FIREC-2026-012478,1 21215 BLVD,1776916800000,Fire Protection (Commercial)
loudoun_permit,Loudoun County,ZONC-2024-041214,Data Center Architectural and Structural Tenant Fit-Out for Phase 5,Leesburg,Issued,,,,,193274995000,,ZONC-2024-041214,1 20335 DR,1734325200000,Zoning (Commercial)
loudoun_permit,Loudoun County,X20170180001,"LOUDOUN METRO DATA CENTERS LM3 & LM4 - CONSTRUCTION OF DATA CENTERS, BONDED GRADING, N RT 643/N RT 267 & 625",Broad Run,Issued,,,,,089481925000,,X20170180001,1 22100 RD,1492142400000,Grading
loudoun_permit,Loudoun County,ELECC-2025-003362,"This project is identified as LC11 Data Center. This site is located east of Route 607 (Loudoun County Parkway) and north of Route 267 (Dulles Greenway). This data center consists of a three-story building and associated utilities and infrastructure. This permit will be for low voltage phase 3. This includes fire alarm, security, and telecom. The attachment shown is only for LC11, LC12 pages have been removed.",Broad Run,Issued,,,,,089496314001,,ELECC-2025-003362,1 22235 PKWY,1747713600000,Electrical (Commercial)
loudoun_permit,Loudoun County,ELECC-2025-003304,"This project is identified as LC11 Data Center. This site is located east of Route 607 (Loudoun County Parkway) and north of Route 267 (Dulles Greenway). This data center consists of a three-story building and associated utilities and infrastructure. This permit will be for phase 2. The attachment shown is only for LC11, LC12 pages have been removed.",Broad Run,Issued,,,,,089496314001,,ELECC-2025-003304,1 22235 PKWY,1748923200000,Electrical (Commercial)
loudoun_permit,Loudoun County,MECHC-2026-021855,Mechanical for 2 STORY SINGLE TENANT COMPUTER DATA CENTER *FULL APPROVAL*,Sterling,Issued,,,,,122207249000,,MECHC-2026-021855,1 43649 PLZ,1779854400000,Mechanical (Commercial)
loudoun_permit,Loudoun County,V20641190001,NEW DATA CENTER,Unknown,Issued,,,,,044381108001,,V20641190001,1 45070 PLZ,1770613200000,Elevator Maintenance
loudoun_permit,Loudoun County,ELECC-2026-012149,"Cloud LC8 is a two-story 96MW Data Center located at 22190 Loudoun County Pkwy., Ashburn VA, 20147. This permit is for equipment and service to HVS-MVR104-01 (Service 2). The associated building permit is BLDC-2025-029746 and the associated Electrical permit is ELECC-2025-052183.",Sterling,Issued,,,,,062257134000,,ELECC-2026-012149,1 22190 PKWY,1780632000000,Electrical (Commercial)
loudoun_permit,Loudoun County,ZONC-2024-037886,*FAAST TRACK* ARA3A DATA CENTER PERUN (EQUIPMENT YARD),Dulles,Issued,,,,,162176713000,,ZONC-2024-037886,1 24331 LN,1738213200000,Zoning (Commercial)
loudoun_permit,Loudoun County,ELEVM-2023-015779,DATA CENTER,Broad Run,Issued,,,,,042152579000,,ELEVM-2023-015779,1 21529 CIR,1699977564000,Elevator Maintenance
loudoun_permit,Loudoun County,BLDC-2026-013340,Data Center Architectural and Structural Tenant Fit-Out for Phase 7 of the data center. There are a total of 15 phases in this project.,Leesburg,Issued,19567.0,,,,193178229000,,BLDC-2026-013340,1 42590 DR,1777867200000,Building (Commercial)
loudoun_permit,Loudoun County,FMOMH-2026-014022,Bldg J - Data Center,Broad Run,Issued,,,,,089291706000,,FMOMH-2026-014022,1 44100 PLZ,1777382445000,FMO - Moderate/High Hazard
loudoun_permit,Loudoun County,BLDC-2025-026625,Data Center Tenant Fitout Construction - Phase 11,Dulles,Issued,,,,,096183926000,,BLDC-2025-026625,1 25190 DR,1771304400000,Building (Commercial)
loudoun_permit,Loudoun County,ZONC-2026-005438,Data Center Tenant Fitout Construction - Phase 05,Dulles,Issued,,,,,096183926000,,ZONC-2026-005438,1 25374 DR,1778472000000,Zoning (Commercial)
loudoun_permit,Loudoun County,FIREC-2024-059369,CORE & SHELL FIRE PROTECTION FOR FUTURE DATA CENTER WITH MULTIPLE WET AND DRY SYSTEMS.,Little River,Issued,,,,,203354208000,,FIREC-2024-059369,1 42010 LN,1735534800000,Fire Protection (Commercial)
loudoun_permit,Loudoun County,FIREC-2025-030118,Installation of sprinkler system for new core and shell data center building.,Dulles,Issued,,,,,203170856000,,FIREC-2025-030118,1 42090 LN,1754971200000,Fire Protection (Commercial)
loudoun_permit,Loudoun County,BLDC-2024-016917,"Project is for tenant fit out of an existing 3,185 sqft storage space in Building B of the Sabey Data Center Campus. Space will house 2 new offices, 1 open office, 1 conference room and 2 tenant storage spaces.",Broad Run,Issued,3185.0,,,,088392214000,,BLDC-2024-016917,1 21745 DR,1715659200000,Building (Commercial)
loudoun_permit,Loudoun County,ZONC-2024-051619,2 STORY SINGLE TENANT COMPUTER DATA CENTER,Sterling,Issued,,,,,122207249000,,ZONC-2024-051619,1 43649 PLZ,1758254400000,Zoning (Commercial)
loudoun_permit,Loudoun County,ELECC-2026-022911,New 900A service for Data Center Building 4 SDC Fit out Scope No.1.,Loudoun County,Issued,,,,,113167503000,,ELECC-2026-022911,1 19560 LN,1782360000000,Electrical (Commercial)
loudoun_permit,Loudoun County,BLDC-2024-035658,Data Center Architectural and Structural Tenant Fit-Out for Phase 15,Leesburg,Issued,19412.1,,,,193274995000,,BLDC-2024-035658,1 20335 DR,1734757200000,Building (Commercial)
loudoun_permit,Loudoun County,V80288480001,DATA CENTER,Broad Run,Issued,,,,,061268762000,,V80288480001,1 21744 DR,1720497600000,Elevator Maintenance
loudoun_permit,Loudoun County,FIREC-2026-014257,New 2 Story Data Center - Phase 12,Dulles,Issued,,,,,096183926000,,FIREC-2026-014257,1 25190 DR,1783656000000,Fire Protection (Commercial)
loudoun_permit,Loudoun County,ELECC-2026-031177,Telecommunication and Security Pathways and Details for COLO 5 Building in IAD 12 Microsoft Data Center Building,Little River,Issued,,,,,203354208000,,ELECC-2026-031177,1 42031 LN,1784174400000,Electrical (Commercial)
loudoun_permit,Loudoun County,MECHC-2025-044651,Mechanical permit for phase 2 of new data center.,Sterling,Issued,,,,,045465016000,,MECHC-2025-044651,1 22425 LN,1764651600000,Mechanical (Commercial)
loudoun_permit,Loudoun County,ELECC-2026-023009,NTT VA-7 DATA CENTER VAULT 1.3 ELECTRICAL PERMIT,Broad Run,Issued,,,,,061450432000,,ELECC-2026-023009,1 44395 PLZ,1784692800000,Electrical (Commercial)
loudoun_permit,Loudoun County,Z30339440101,SHELL BLD/DATA CENTER W/CORE WORK,Broad Run,Issued,,,,,060485060000,,Z30339440101,1 21271 RD,1368676800000,Zoning (Commercial)
loudoun_permit,Loudoun County,MECHC-2024-063253,This is a three story data center that includes both core & shell and tenant fit-up. This is for Phase 5.,Dulles,Issued,,,,,203170856000,,MECHC-2024-063253,1 42090 LN,1751515200000,Mechanical (Commercial)
loudoun_permit,Loudoun County,ZONC-2024-051013,"New Construction - Data Center NTT VA7 is a two-story data center on a 78 acre site. Overall, the facility contains over 268,503.26 SF. 127,700 SF of data hall space and 21,380 SF of office space.",Broad Run,Issued,,,,,061450432000,,ZONC-2024-051013,1 44395 PLZ,1746676800000,Zoning (Commercial)
loudoun_permit,Loudoun County,ELECC-2026-023729,Tenant fitout in existing data center (DH3100) LV Security,Sterling,Issued,,,,,044155625000,,ELECC-2026-023729,1 22280 DR,1779336000000,Electrical (Commercial)
loudoun_permit,Loudoun County,BLDC-2024-059440,Installation of additional communications cabling pathways between existing computer rooms in existing data center.,Sterling,Issued,1100.0,,,,044193385000,,BLDC-2024-059440,1 22370 DR,1740027600000,Building (Commercial)
loudoun_permit,Loudoun County,ZONC-2024-018602,data center shell building,Sterling,Issued,,,,,062279710000,,ZONC-2024-018602,1 22285 RD,1721361600000,Zoning (Commercial)
loudoun_permit,Loudoun County,BLDC-2025-020778,"Construction of ""SDC Fitout Scope No.2"" within the new construction of a 3-story data center Core-&-Shell building. The new construction data center ""Core-&-Shell"" is currently under review by Loudoun County under permit case number BLDC-2024-009449. Marked-up colored drawings are provided under this permit and similarly under the BLDC-2024-009449 permit to clearly delineate the ""Core-&-Shell"" scopes versus the ""SDC Fitout Scope No.2"" scopes.",Loudoun County,Issued,,,,,113163850000,,BLDC-2025-020778,1 19560 LN,1775534400000,Building (Commercial)
loudoun_permit,Loudoun County,ELECC-2025-032934,Low Voltage for HVAC controls for Data Center Architectural and Structural Tenant Fit-Out for Phase 18.,Leesburg,Issued,,,,,193274995000,,ELECC-2025-032934,1 20335 DR,1753934400000,Electrical (Commercial)
loudoun_permit,Loudoun County,MECHC-2025-005451,"Phase 2 of 80 MW Data Center inclusive of Processed Cooling Water, Belly Tanks for generators (generators by others). Ground RTUs for Mechanical Cooling Plants (MCPs by others), unit heaters and bathroom exhaust.",Loudoun County,Issued,,,,,162176713000,,MECHC-2025-005451,1 24331 LN,1740114000000,Mechanical (Commercial)
loudoun_permit,Loudoun County,BLDC-2024-054853,This is a three story data center that includes both core & shell and tenant fit-up. This is for Phase 6.,Dulles,Issued,20113.2,,,,203170856000,,BLDC-2024-054853,1 42090 LN,1750996800000,Building (Commercial)
loudoun_permit,Loudoun County,BLDC-2025-026617,Data Center Tenant Fitout Construction - Phase 07,Dulles,Issued,,,,,096183926000,,BLDC-2025-026617,1 25190 DR,1770786000000,Building (Commercial)
loudoun_permit,Loudoun County,FIREC-2026-012459,TI Build-out of IAD-174 a Two Story 12 POD Data Center,Sterling,Issued,,,,,030455548000,,FIREC-2026-012459,1 21215 BLVD,1780977600000,Fire Protection (Commercial)
loudoun_permit,Loudoun County,V90234690001,DATA CENTER,Broad Run,Issued,,,,,044282013000,,V90234690001,1 22262 PLZ,1731474000000,Elevator Maintenance
loudoun_permit,Loudoun County,P20655910101,DATA CENTER SHELL,Little River,Issued,,,,,246203645000,,P20655910101,1 24234 LN,1715832000000,Plumbing (Commercial)
loudoun_permit,Loudoun County,ZONC-2026-005448,Data Center Tenant Fitout Construction - Phase 09,Dulles,Issued,,,,,096183926000,,ZONC-2026-005448,1 25374 DR,1778472000000,Zoning (Commercial)
loudoun_permit,Loudoun County,V80433410001,DATA CENTER,Broad Run,Issued,,,,,062462761000,,V80433410001,1 44372 PLZ,1543899600000,Elevator Maintenance
loudoun_permit,Loudoun County,ELECC-2025-003308,"This project is identified as LC11 Data Center. This site is located east of Route 607 (Loudoun County Parkway) and north of Route 267 (Dulles Greenway). This data center consists of a three story building and associated utilities and infrastructure. This permit will be for phase 3. The attachment shown is only for LC11, LC12 pages have been removed.",Broad Run,Issued,,,,,089496314001,,ELECC-2025-003308,1 22235 PKWY,1748923200000,Electrical (Commercial)
loudoun_permit,Loudoun County,ZONC-2023-009278,"Replacement of existing, end-of-life exterior water storage tanks with new water storage tanks and redundant water pumping equipment in new enclosure at existing data center.",Sterling,Issued,,,,,045175529000,,ZONC-2023-009278,1 22745 DR,1726459200000,Zoning (Commercial)
loudoun_permit,Loudoun County,ELECC-2026-025019,Phase 10 Data Center,Sterling,Issued,,,,,062275493002,,ELECC-2026-025019,1 22285 RD,1783310400000,Electrical (Commercial)
loudoun_permit,Loudoun County,BLDC-2024-002968,Fit-out of Colo 3 data center,Little River,Issued,51639.0,,,,203354208000,,BLDC-2024-002968,1 42031 LN,1732078800000,Building (Commercial)
loudoun_permit,Loudoun County,BLDC-2025-006199,"IAD 57 SHELL/ PBB; NEW DATA CENTER W/ CORE SHELL, OFFICE AREA WITH FUTURE FITOUTS",Dulles,Issued,525524.0,,,,093365404002,,BLDC-2025-006199,1 43705 DR,1745380800000,Building (Commercial)
loudoun_permit,Loudoun County,ELECC-2025-011152,Data Center Architectural and Structural Tenant Fit-Out for Phase 8; USB 2.3B SERVICE,Leesburg,Issued,,,,,193276668000,,ELECC-2025-011152,1 20575 DR,1744603200000,Electrical (Commercial)
loudoun_permit,Loudoun County,FIREC-2026-012481,TI Build-out of IAD-174 a Two Story 12 POD Data Center - Phase 11,Sterling,Issued,,,,,030455548000,,FIREC-2026-012481,1 21215 BLVD,1776916800000,Fire Protection (Commercial)
loudoun_permit,Loudoun County,ZONC-2026-014191,Data Center Architectural and Structural Tenant Fit-Out for Phase 13 of the data center. There are a total of 15 phases in this project.,Leesburg,Issued,,,,,193178229000,,ZONC-2026-014191,1 42590 DR,1777867200000,Zoning (Commercial)
loudoun_permit,Loudoun County,ZONC-2024-041121,Data Center Architectural and Structural Tenant Fit-Out for Phase 3,Leesburg,Issued,,,,,193274995000,,ZONC-2024-041121,1 20335 DR,1734238800000,Zoning (Commercial)
loudoun_permit,Loudoun County,V90216730001,DATA CENTER,Unknown,Issued,,,,,044288975001,,V90216730001,1 45200 PLZ,,Elevator Maintenance
loudoun_permit,Loudoun County,BLDC-2026-007323,Data Center Vault Phasing Package Vault 2.1 - Phase 2,Broad Run,Issued,21130.0,,,,061450432000,,BLDC-2026-007323,1 44395 PLZ,1778126400000,Building (Commercial)
loudoun_permit,Loudoun County,FIREC-2026-014414,"IAD 158 - Two story, 12 Romp Data Center - Phase 11",Dulles,Issued,,,,,096183926000,,FIREC-2026-014414,1 25410 DR,1782100800000,Fire Protection (Commercial)
loudoun_permit,Loudoun County,ELECC-2025-011189,Data Center Architectural and Structural Tenant Fit-Out for Phase 12; USB 1.4E SERVICE,Leesburg,Issued,,,,,193274995000,,ELECC-2025-011189,1 20335 DR,1745467200000,Electrical (Commercial)
loudoun_permit,Loudoun County,BLDC-2024-054946,This is a three story data center that includes both core & shell and tenant fit-up. This is for Phase 15.,Dulles,Issued,20113.2,,,,203170856000,,BLDC-2024-054946,1 42090 LN,1750996800000,Building (Commercial)
loudoun_permit,Loudoun County,ELECC-2025-032929,Low Voltage for HVAC controls for Data Center Architectural and Structural Tenant Fit-Out for Phase 17.,Leesburg,Issued,,,,,193274995000,,ELECC-2025-032929,1 20335 DR,1753934400000,Electrical (Commercial)
loudoun_permit,Loudoun County,ZONC-2025-021516,"Construction of ""SDC Fitout Scope No.2"" within the new construction of a 3-story data center Core-&-Shell building. The new construction data center ""Core-&-Shell"" is currently under review by Loudoun County under permit case number BLDC-2024-009449. Marked-up colored drawings are provided under this permit and similarly under the BLDC-2024-009449 permit to clearly delineate the ""Core-&-Shell"" scopes versus the ""SDC Fitout Scope No.2"" scopes.",Ashburn,Issued,,,,,113163850000,,ZONC-2025-021516,1 19560 LN,1775534400000,Zoning (Commercial)
loudoun_permit,Loudoun County,BLDC-2026-013327,Data Center Architectural and Structural Tenant Fit-Out for Phase 3 of the data center. There are a total of 15 phases in this project.,Leesburg,Issued,18396.0,,,,193178229000,,BLDC-2026-013327,1 42590 DR,1777867200000,Building (Commercial)
loudoun_permit,Loudoun County,GRADE-2024-000193,ASH1 - BRODERICK DC2 ASH1 - BRODERICK DC2 ASH1 - BRODERICK DC2 Grading Permit for new data center,Sterling,Issued,,,,,044155625000,,GRADE-2024-000193,1 22280 DR,1730955600000,Grading
loudoun_permit,Loudoun County,FIREC-2025-028390,"ALTERATION OF THE MANUAL AND AUTOMATIC FIRE DETECTION AND ALARM SYSTEM FOR THE TRANSMISSION OF ALARM, SUPERVISORY, AND TROUBLE SIGNALS TO THE ELECTRONIC POWER MANAGMENT SYSTEM (EPMS) IN THE ADMIN FOC ROOM OF ONE DATA CENTER. THE EPMS IS ONLY MONITORING SIGNALS FROM THE FIRE ALARM SYSTEM.",Little River,Issued,,,,,203354208000,,FIREC-2025-028390,1 41840 LN,1751342400000,Fire Protection (Commercial)
loudoun_permit,Loudoun County,MECHC-2024-063338,This is a three story data center that includes both core & shell and tenant fit-up. This is for Phase 12.,Dulles,Issued,,,,,203170856000,,MECHC-2024-063338,1 42090 LN,1751515200000,Mechanical (Commercial)
loudoun_permit,Loudoun County,ZONC-2024-018826,"Intellectual Point is a leading IT training, consulting and workforce development company. Our courses are designed with an emphasis on learning-by-doing to prepare busy professionals with the skills and certifications needed to be successful in the IT industry. Our areas of expertise include Cyber Security & Cloud Computing; Networking, Wireless, and Data Center; Big Data, IoT & Data Science; Project Management, Agile, DevOps & ITSM; Artificial Intelligence & Machine Learning; Deep Learning & Cognitive Computing",Algonkian,Issued,,,,,019265390012,,ZONC-2024-018826,1 46175 DR,1720411200000,Zoning (Commercial)
loudoun_permit,Loudoun County,ZONC-2024-018826,"Intellectual Point is a leading IT training, consulting and workforce development company. Our courses are designed with an emphasis on learning-by-doing to prepare busy professionals with the skills and certifications needed to be successful in the IT industry. Our areas of expertise include Cyber Security & Cloud Computing; Networking, Wireless, and Data Center; Big Data, IoT & Data Science; Project Management, Agile, DevOps & ITSM; Artificial Intelligence & Machine Learning; Deep Learning & Cognitive Computing",Algonkian,Issued,,,,,019265390011,,ZONC-2024-018826,1 46175 DR,1720411200000,Zoning (Commercial)
loudoun_permit,Loudoun County,GRADE-2025-000124,"This grading permit application is for the design and construction of a three-story data center building, one MTD, one permable pavement LID, and associated utilities and infrastructure. EPLAN-2024-0093 - conditionally approved",Sterling,Issued,,,,,062257134000,,GRADE-2025-000124,1 22190 PKWY,1759464000000,Grading
loudoun_permit,Loudoun County,X20170190001,"CONSTRUCTION OF DATA CENTERS, BONDED GRADING, W RT 625/ N RT 267 & 625",Broad Run,Issued,,,,,089496285000,,X20170190001,1 21605 RD,1547787600000,Grading
loudoun_permit,Loudoun County,X20170190001,"CONSTRUCTION OF DATA CENTERS, BONDED GRADING, W RT 625/ N RT 267 & 625",Broad Run,Issued,,,,,088195276000,,X20170190001,1 21605 RD,1547787600000,Grading
loudoun_permit,Loudoun County,ZONC-2026-006319,Data Center Tenant Fitout Construction - Phase 11,Dulles,Issued,,,,,096183926000,,ZONC-2026-006319,1 25145 DR,1778472000000,Zoning (Commercial)
loudoun_permit,Loudoun County,ZONC-2026-005444,Data center Tenant Fitout Construction Phase 07,Dulles,Issued,,,,,096183926000,,ZONC-2026-005444,1 25374 DR,1778472000000,Zoning (Commercial)
loudoun_permit,Loudoun County,BLDC-2025-051479,Pre-fabricated guardhouse for data center.,Broad Run,Issued,230.0,,,,061394321000,,BLDC-2025-051479,1 21780 CT,1770094800000,Building (Commercial)
loudoun_permit,Loudoun County,ZONC-2026-013451,Data Center Architectural and Structural Tenant Fit-Out for Phase 11 of the data center. There are a total of 18 phases in this project.,Leesburg,Issued,,,,,193281883000,,ZONC-2026-013451,1 42376 DR,1777262400000,Zoning (Commercial)
loudoun_permit,Loudoun County,PLUMC-2025-033459,Data Center Tenant Fitout Construction - Phase 01,Dulles,Issued,,,,,096183926000,,PLUMC-2025-033459,1 25190 DR,1771822800000,Plumbing (Commercial)
loudoun_permit,Loudoun County,ZONC-2024-001536,Building permit for core and shell buildout of the IAD12 Data Center,Little River,Issued,,,,,203354208000,,ZONC-2024-001536,1 42031 LN,1719288000000,Zoning (Commercial)
loudoun_permit,Loudoun County,MECHC-2024-063274,This is a three story data center that includes both core & shell and tenant fit-up. This is for Phase 6.,Dulles,Issued,,,,,203170856000,,MECHC-2024-063274,1 42090 LN,1751515200000,Mechanical (Commercial)
loudoun_permit,Loudoun County,ELECC-2025-003303,"This project is identified as LC11 Data Center. This site is located east of Route 607 (Loudoun County Parkway) and north of Route 267 (Dulles Greenway). This data center consists of a three-story building and associated utilities and infrastructure. This permit will be for phase 1. The attachment shown is only for LC11, LC12 pages have been removed.",Broad Run,Issued,,,,,089496314001,,ELECC-2025-003303,1 22235 PKWY,1748923200000,Electrical (Commercial)
loudoun_permit,Loudoun County,ELECC-2026-025018,Phase 9 Data Center,Sterling,Issued,,,,,062275493002,,ELECC-2026-025018,1 22285 RD,1783310400000,Electrical (Commercial)
loudoun_permit,Loudoun County,FIREC-2026-014407,"IAD 158 - Two story, 12 Romp Data Center - Phase 06",Dulles,Issued,,,,,096183926000,,FIREC-2026-014407,1 25410 DR,1782100800000,Fire Protection (Commercial)
loudoun_permit,Loudoun County,MECHC-2025-017897,New data center build.,Sterling,Issued,,,,,122207249000,,MECHC-2025-017897,1 43855 PLZ,1774497600000,Mechanical (Commercial)
loudoun_permit,Loudoun County,PLUMC-2024-052739,"VA16 building is to be constructed to operate as a data center facility in Sterling, Virginia.",Sterling,Issued,,,,,044175589000,,PLUMC-2024-052739,1 22321 BLVD,1731992400000,Plumbing (Commercial)
loudoun_permit,Loudoun County,V10319730001,NEW DATA CENTER,Broad Run,Issued,,,,,089100937000,,V10319730001,1 22291 RD,1761710400000,Elevator Maintenance
loudoun_permit,Loudoun County,FMOFL-2024-034560,Data Center - Core and Shell Fire Lane Permit application,Broad Run,Issued,,,,,088381462000,,FMOFL-2024-034560,1 21625 DR,1719409042000,FMO - Fire Lane
loudoun_permit,Loudoun County,Z50453140101,NEW WAREHOUSE/DATA CENTER,Broad Run,Issued,,,,,060307119000,,Z50453140101,1 44858 PL,1449205200000,Zoning (Commercial)
loudoun_permit,Loudoun County,ZONC-2025-056816,Data Center Tenant Fitout Construction - Phase 05 MEP trades from BLDC-2025-026613 need to be assigned to this permit.,Dulles,Issued,,,,,096183926000,,ZONC-2025-056816,1 25190 DR,1773201600000,Zoning (Commercial)
loudoun_permit,Loudoun County,MECHC-2024-063228,This is a three story data center that includes both core & shell and tenant fit-up. This is for Phase 3.,Dulles,Issued,,,,,203170856000,,MECHC-2024-063228,1 42090 LN,1751515200000,Mechanical (Commercial)
loudoun_permit,Loudoun County,FIREC-2026-001151,"This permit is for the fire alarm systems for CloudHQ LC8, a two-story 96MW Data Center 22190 Loudoun County Pkwy., Ashburn VA, 20147. The associated building permit is BLDC-2025-029746.",Sterling,Issued,,,,,062257134000,,FIREC-2026-001151,1 22190 PKWY,1770267600000,Fire Protection (Commercial)
loudoun_permit,Loudoun County,BLDC-2025-057909,Data Center Tenant Fitout Construction - Phase 02,Dulles,Issued,,,,,096183926000,,BLDC-2025-057909,1 25374 DR,1778472000000,Building (Commercial)
loudoun_permit,Loudoun County,ZONC-2024-060409,This is a three story data center that includes both core & shell and tenant fit-up. This is for Phase 7.,Dulles,Issued,,,,,203170856000,,ZONC-2024-060409,1 42090 LN,1750996800000,Zoning (Commercial)
loudoun_permit,Loudoun County,ZONC-2024-042785,Data Center Architectural and Structural Tenant Fit-Out for Phase 17,Leesburg,Issued,,,,,193274995000,,ZONC-2024-042785,1 20335 DR,1734757200000,Zoning (Commercial)
loudoun_permit,Loudoun County,X20151640001,"DATA CENTER, BONDED GRADING, RT 625/640",Ashburn,Issued,,,,,088403678000,,X20151640001,1 21594 BLVD,1438747200000,Grading
loudoun_permit,Loudoun County,FIREC-2026-014236,New 2 story Data Center - Phase 03,Dulles,Issued,,,,,096183926000,,FIREC-2026-014236,1 25190 DR,1783656000000,Fire Protection (Commercial)
loudoun_permit,Loudoun County,V00400700001,NEW DATA CENTER,Broad Run,Issued,,,,,061298643000,,V00400700001,1 22175 CIR,1753675200000,Elevator Maintenance
loudoun_permit,Loudoun County,FIREC-2026-014408,"IAD 158 - Two story, 12 Romp Data Center - Phase 7",Dulles,Issued,,,,,096183926000,,FIREC-2026-014408,1 25410 DR,1782100800000,Fire Protection (Commercial)
loudoun_permit,Loudoun County,ELECC-2026-006488,SDC BUILDING 2 NEW CORE/SHELL DATA CENTER ELECTRICAL UNDERGROUND CONDUIT ONLY PERMIT,Loudoun County,Issued,,,,,063477734000,,ELECC-2026-006488,1 44525 LN,1771909200000,Electrical (Commercial)
loudoun_permit,Loudoun County,ZONC-2026-014194,Data Center Architectural and Structural Tenant Fit-Out for Phase 15 of the data center. There are a total of 15 phases in this project.,Leesburg,Issued,,,,,193178229000,,ZONC-2026-014194,1 42590 DR,1777867200000,Zoning (Commercial)
loudoun_permit,Loudoun County,ELECC-2026-015039,"Suite 210, Service B-New construction/electrical system for a new data hall suite with a newly built IAD56 data center building.",Broad Run,Issued,,,,,061394321000,,ELECC-2026-015039,1 21780 CT,1782705600000,Electrical (Commercial)
loudoun_permit,Loudoun County,ELECC-2026-025030,Phase 15 Data Center,Sterling,Issued,,,,,062275493002,,ELECC-2026-025030,1 22285 RD,1783396800000,Electrical (Commercial)
loudoun_permit,Loudoun County,ZONC-2026-005767,"Electrical equipment updates with related overhead cable supports, within existing 1-story data center building. Electronic copy.",Dulles,Issued,,,,,097354183000,,ZONC-2026-005767,1 25316 LN,1773979200000,Zoning (Commercial)
loudoun_permit,Loudoun County,ELECC-2023-004194,Adding special locking (delayed egress) to (14) doors within Data Center space,Loudoun County,Issued,,,,,061275931000,,ELECC-2023-004194,1 44621 RD,1695268800000,Electrical (Commercial)
loudoun_permit,Loudoun County,MECHC-2025-033445,Data Center Tenant Fitout Construction - Phase 10,Dulles,Issued,,,,,096183926000,,MECHC-2025-033445,1 25190 DR,1771822800000,Mechanical (Commercial)
loudoun_permit,Loudoun County,GRADE-2024-000211,Grading Permit for the construction of STPL-2023-0001 LC11 & LC12 Data Center,Loudoun County,Issued,,,,,062256361000,,GRADE-2024-000211,1 22200 PKWY,1734584400000,Grading
loudoun_permit,Loudoun County,GRADE-2024-000211,Grading Permit for the construction of STPL-2023-0001 LC11 & LC12 Data Center,Loudoun County,Issued,,,,,089496246000,,GRADE-2024-000211,1 22200 PKWY,1734584400000,Grading
loudoun_permit,Loudoun County,FIREC-2025-030006,"Install new fire sprinkler system in new Data Center. (16) preaction systems, (2) wet systems in common spaces and (1) dry system .",Broad Run,Issued,,,,,061450432000,,FIREC-2025-030006,1 44395 PLZ,1770094800000,Fire Protection (Commercial)
loudoun_permit,Loudoun County,BLDC-2024-054937,This is a three story data center that includes both core & shell and tenant fit-up. This is for Phase 14.,Dulles,Issued,20113.2,,,,203170856000,,BLDC-2024-054937,1 42090 LN,1750996800000,Building (Commercial)
loudoun_permit,Loudoun County,V80433410002,DATA CENTER,Broad Run,Issued,,,,,062462761000,,V80433410002,1 44372 PLZ,1760414400000,Elevator Maintenance
loudoun_permit,Loudoun County,P10353600103,NEW DATA CENTER,Unknown,Issued,,,,,044381108001,,P10353600103,1 45070 PLZ,1672290000000,Plumbing (Commercial)
loudoun_permit,Loudoun County,ZONC-2024-003530,Fit-out of Colo 1 data center,Little River,Issued,,,,,203354208000,,ZONC-2024-003530,1 42010 LN,1732078800000,Zoning (Commercial)
loudoun_permit,Loudoun County,BLDC-2026-000063,Data Center Tenant Fitout Construction Phase 02,Dulles,Issued,,,,,096183926000,,BLDC-2026-000063,1 25145 DR,1778472000000,Building (Commercial)
loudoun_permit,Loudoun County,VSMP-2021-0085,"LOUDOUN METRO DATA CENTERS LM5-LM8 REQUEST APPROVAL OF A VIRGINIA STORMWATER MANAGEMENT PROGRAM (VSMP) FOR THE DISTURBED AREA OF 42.02 ACRES, IN THE (PDOP) PLANNDED DEVELOPMENT-OFFICE PARK ZONING DISTRICT. SDM",Broad Run,Issued,,,,,089496246000,,VSMP-2021-0085,22225 PKWY,1635134400000,VESMP
loudoun_permit,Loudoun County,VSMP-2021-0085,"LOUDOUN METRO DATA CENTERS LM5-LM8 REQUEST APPROVAL OF A VIRGINIA STORMWATER MANAGEMENT PROGRAM (VSMP) FOR THE DISTURBED AREA OF 42.02 ACRES, IN THE (PDOP) PLANNDED DEVELOPMENT-OFFICE PARK ZONING DISTRICT. SDM",Broad Run,Issued,,,,,089309997000,,VSMP-2021-0085,22225 PKWY,1635134400000,VESMP
loudoun_permit,Loudoun County,VSMP-2021-0085,"LOUDOUN METRO DATA CENTERS LM5-LM8 REQUEST APPROVAL OF A VIRGINIA STORMWATER MANAGEMENT PROGRAM (VSMP) FOR THE DISTURBED AREA OF 42.02 ACRES, IN THE (PDOP) PLANNDED DEVELOPMENT-OFFICE PARK ZONING DISTRICT. SDM",Broad Run,Issued,,,,,089496523000,,VSMP-2021-0085,22225 PKWY,1635134400000,VESMP
loudoun_permit,Loudoun County,BLDC-2026-013330,Data Center Architectural and Structural Tenant Fit-Out for Phase 5 of the data center. There are a total of 15 phases in this project.,Leesburg,Issued,19412.0,,,,193178229000,,BLDC-2026-013330,1 42590 DR,1777867200000,Building (Commercial)
loudoun_permit,Loudoun County,ELECC-2025-006739,ACC3 DATA CENTER - HITEC DRUPS REPLACEMENT PH3 - INSTALL DRUPS FEEDERS AND CONTROL WIRING,Broad Run,Issued,,,,,060182916000,,ELECC-2025-006739,1 44520 DR,1740114000000,Electrical (Commercial)
loudoun_permit,Loudoun County,ELECC-2025-000448,"Data Center Architectural and Structural Tenant Fit-Out for Phase 14. This project involves the fitout of the AWS datacenter covered under the C&S Permit. Phases 1-18 of the datacenter are modular in nature and there is a separate ""Office"" phase. See drawings for exact equipment sizes/quantities.",Leesburg,Issued,,,,,193274995000,,ELECC-2025-000448,1 20335 DR,1745467200000,Electrical (Commercial)
loudoun_permit,Loudoun County,ZONC-2023-020929,Construction of a three story Data Center on an existing campus.,Broad Run,Issued,,,,,088392214000,,ZONC-2023-020929,1 21735 DR,1717387200000,Zoning (Commercial)
loudoun_permit,Loudoun County,PLUMC-2024-060834,PHASE 5/Data Center Architectural and Structural Tenant Fit-Out for Phase 5,Leesburg,Issued,,,,,193276668000,,PLUMC-2024-060834,1 20575 DR,1734498000000,Plumbing (Commercial)
loudoun_permit,Loudoun County,ELECC-2025-011195,Data Center Architectural and Structural Tenant Fit-Out for Phase 17; USB 2.6E SERVICE,Leesburg,Issued,,,,,193274995000,,ELECC-2025-011195,1 20335 DR,1745467200000,Electrical (Commercial)
loudoun_permit,Loudoun County,BLDC-2025-023239,New data center build. Phase 12,Sterling,Issued,,,,,122207249000,,BLDC-2025-023239,1 43855 PLZ,1777521600000,Building (Commercial)
loudoun_permit,Loudoun County,BLDC-2024-032297,*FAAST TRACK* ARA3A DATA CENTER PERUN (EQUIPMENT YARD),Loudoun County,Issued,,,,,162176713000,,BLDC-2024-032297,1 24331 LN,1738213200000,Building (Commercial)
loudoun_permit,Loudoun County,ELECC-2025-003461,Construct Core and Shell for Data Center.,Sterling,Issued,,,,,044461959000,,ELECC-2025-003461,1 22190 LN,1749096000000,Electrical (Commercial)
loudoun_permit,Loudoun County,ZONC-2024-041749,Data Center Architectural and Structural Tenant Fit-Out for Phase 13,Leesburg,Issued,,,,,193274995000,,ZONC-2024-041749,1 20335 DR,1734757200000,Zoning (Commercial)
loudoun_permit,Loudoun County,FIREC-2026-012472,TI Build-out of IAD-174 a Two Story 12 POD Data Center - Phase 9,Sterling,Issued,,,,,030455548000,,FIREC-2026-012472,1 21215 BLVD,1776916800000,Fire Protection (Commercial)
loudoun_permit,Loudoun County,ELECC-2025-011156,Data Center Architectural and Structural Tenant Fit-Out for Phase 11; USB 2.4B SERVICE,Leesburg,Issued,,,,,193276668000,,ELECC-2025-011156,1 20575 DR,1744603200000,Electrical (Commercial)
loudoun_permit,Loudoun County,FIREC-2026-014239,New 2 story Data Center - Phase 05,Dulles,Issued,,,,,096183926000,,FIREC-2026-014239,1 25190 DR,1783656000000,Fire Protection (Commercial)
loudoun_permit,Loudoun County,FMOMH-2026-013287,Data Centers,Broad Run,Issued,,,,,089382215000,,FMOMH-2026-013287,44100 PLZ,1774884512000,FMO - Moderate/High Hazard
loudoun_permit,Loudoun County,FMOMH-2026-013287,Data Centers,Broad Run,Issued,,,,,089291706000,,FMOMH-2026-013287,44100 PLZ,1774884512000,FMO - Moderate/High Hazard
loudoun_permit,Loudoun County,FMOMH-2026-013287,Data Centers,Broad Run,Issued,,,,,089367531000,,FMOMH-2026-013287,44100 PLZ,1774884512000,FMO - Moderate/High Hazard
loudoun_permit,Loudoun County,FMOMH-2026-013287,Data Centers,Broad Run,Issued,,,,,089374763000,,FMOMH-2026-013287,44100 PLZ,1774884512000,FMO - Moderate/High Hazard
loudoun_permit,Loudoun County,FMOMH-2026-013287,Data Centers,Broad Run,Issued,,,,,089278681000,,FMOMH-2026-013287,44100 PLZ,1774884512000,FMO - Moderate/High Hazard
loudoun_permit,Loudoun County,PLUMC-2024-058221,"Plumbing Fit-out of Colo 5 data center Drawing #'s: IAD12-P-E-101-5, IAD12-P-E-201-5",Little River,Issued,,,,,203354208000,,PLUMC-2024-058221,1 42031 LN,1733979600000,Plumbing (Commercial)
loudoun_permit,Loudoun County,E60429940001,DATA CENTER RPP AND POWER WHIP INSTALL,Broad Run,Issued,,,,,089291706000,,E60429940001,1 44100 PLZ,1480654800000,Electrical (Commercial)
loudoun_permit,Loudoun County,ELECC-2025-011154,Data Center Architectural and Structural Tenant Fit-Out for Phase 10; USB 3.4B SERVICE,Leesburg,Issued,,,,,193276668000,,ELECC-2025-011154,1 20575 DR,1744603200000,Electrical (Commercial)
loudoun_permit,Loudoun County,BLDC-2025-023209,New data center build. Phase 6,Sterling,Issued,,,,,122207249000,,BLDC-2025-023209,1 43855 PLZ,1777521600000,Building (Commercial)
loudoun_permit,Loudoun County,BLDC-2024-054957,This is a three story data center that includes both core & shell and tenant fit-up. This is for Phase 16.,Dulles,Issued,22374.1,,,,203170856000,,BLDC-2024-054957,1 42090 LN,1750996800000,Building (Commercial)
loudoun_permit,Loudoun County,ZONC-2025-031819,New build 2-story 96MW data center on existing campus for CloudHQ. Will include mainly data hall spaces with both cloud and tenant admin spaces. Includes rooftop platform for air-cooled chillers and generator penthouse spaces.,Sterling,Issued,,,,,062257134000,,ZONC-2025-031819,1 22190 PKWY,1764046800000,Zoning (Commercial)
loudoun_permit,Loudoun County,ELECC-2025-022458,New construction 3-story data center (Security systems - DH2100 Upfit),Sterling,Issued,,,,,044155625000,,ELECC-2025-022458,1 22280 DR,1748923200000,Electrical (Commercial)
loudoun_permit,Loudoun County,ZONC-2025-013845,"Installation of new traffic control arm, sliding gates, fencing modifications and related electrical and security infrastructure at existing data center campus entrance.",Sterling,Issued,,,,,062159785000,,ZONC-2025-013845,1 44305 PLZ,1764565200000,Zoning (Commercial)
loudoun_permit,Loudoun County,BLDC-2024-002986,Fit-out of Colo 3 data center,Little River,Issued,51639.0,,,,203354208000,,BLDC-2024-002986,1 42010 LN,1732078800000,Building (Commercial)
loudoun_permit,Loudoun County,FMOMH-2026-017245,Data Center - Building E,Little River,Issued,,,,,194103673001,,FMOMH-2026-017245,1 42370 DR,1775755663000,FMO - Moderate/High Hazard
loudoun_permit,Loudoun County,ELECC-2025-022359,New construction 3-story data center (Data Hall 3100 Upfit),Sterling,Issued,,,,,044155625000,,ELECC-2025-022359,1 22280 DR,1750824000000,Electrical (Commercial)
loudoun_permit,Loudoun County,ELECC-2025-000316,Core and Shell building with an admin area. Also includes a 3rd floor data center build out which consist of 24 MWs.,Sterling,Issued,,,,,030292034000,,ELECC-2025-000316,1 45831 RD,1740546000000,Electrical (Commercial)
loudoun_permit,Loudoun County,BLDC-2025-023226,New data center build. Phase 9,Sterling,Issued,,,,,122207249000,,BLDC-2025-023226,1 43855 PLZ,1777521600000,Building (Commercial)
loudoun_permit,Loudoun County,PLUMC-2025-048401,Data Hall and Electrical Room Build. Also includes a 2nd floor and 1st floor data center build out which consist of 24 MWs. (Phase 3),Sterling,Issued,,,,,030292034000,,PLUMC-2025-048401,1 45831 RD,1770008400000,Plumbing (Commercial)
loudoun_permit,Loudoun County,BLDC-2026-007320,Data Center Vault Phasing Package. Vault 1.1 - Phase 1. This work is to perform the tenant fit-out for a single Data Hall Vault and the alterations in the corridor. Electronic Copy,Broad Run,Issued,41050.0,,,,061450432000,,BLDC-2026-007320,1 44395 PLZ,1778731200000,Building (Commercial)
loudoun_permit,Loudoun County,FIREC-2026-012463,TI Build-out of IAD-174 a Two Story 12 POD Data Center,Sterling,Issued,,,,,030455548000,,FIREC-2026-012463,1 21215 BLVD,1776916800000,Fire Protection (Commercial)
loudoun_permit,Loudoun County,E10495230112,DATA CENTER,Broad Run,Issued,,,,,060209652000,,E10495230112,1 44740 CIR,1652932800000,Electrical (Commercial)
loudoun_permit,Loudoun County,PLUMC-2024-063286,"PHASE 6/This is a three story data center that includes both core & shell and tenant fit-up. This is for Phase 6. 3 Water Service Lines (Industrial Water, Domestic Water, Fire Water), 2 Waste (IWW & DW)",Dulles,Issued,,,,,203170856000,,PLUMC-2024-063286,1 42090 LN,1751428800000,Plumbing (Commercial)
loudoun_permit,Loudoun County,VSMP-2023-0029,H5 DATA CENTER,Sterling,Issued,,,,,061307791000,,VSMP-2023-0029,1 21800 CIR,1680667200000,VESMP
loudoun_permit,Loudoun County,VSMP-2023-0029,H5 DATA CENTER,Sterling,Issued,,,,,061208870000,,VSMP-2023-0029,1 21800 CIR,1680667200000,VESMP
loudoun_permit,Loudoun County,VSMP-2023-0029,H5 DATA CENTER,Sterling,Issued,,,,,043350507000,,VSMP-2023-0029,1 21800 CIR,1680667200000,VESMP
loudoun_permit,Loudoun County,ELECC-2026-004785,Data Center Tenant Fitout Construction - Phase 01 USB 2.1A,Dulles,Issued,,,,,096183926000,,ELECC-2026-004785,1 25190 DR,1772686800000,Electrical (Commercial)
loudoun_permit,Loudoun County,ZONC-2024-042057,Data Center Architectural and Structural Tenant Fit-Out for the Phase 1,Leesburg,Issued,,,,,193276668000,,ZONC-2024-042057,1 20575 DR,1732078800000,Zoning (Commercial)
loudoun_permit,Loudoun County,PLUMC-2024-063332,"PHASE 10/This is a three story data center that includes both core & shell and tenant fit-up. This is for Phase 10. 3 Water Service Lines (Industrial Water, Domestic Water, Fire Water), 2 Waste (IWW & DW)",Dulles,Issued,,,,,203170856000,,PLUMC-2024-063332,1 42090 LN,1751428800000,Plumbing (Commercial)
loudoun_permit,Loudoun County,ZONC-2024-060543,This is a three story data center that includes both core & shell and tenant fit-up. This is for Phase 15.,Dulles,Issued,,,,,203170856000,,ZONC-2024-060543,1 42090 LN,1750996800000,Zoning (Commercial)
loudoun_permit,Loudoun County,FIREC-2026-014245,New 2 story Data Center - Phase 9,Dulles,Issued,,,,,096183926000,,FIREC-2026-014245,1 25190 DR,1783656000000,Fire Protection (Commercial)
loudoun_permit,Loudoun County,ZONC-2026-014157,Data Center Architectural and Structural Tenant Fit-Out for Phase 3 of the data center. There are a total of 15 phases in this project.,Leesburg,Issued,,,,,193178229000,,ZONC-2026-014157,1 42590 DR,1777867200000,Zoning (Commercial)
loudoun_permit,Loudoun County,ZONC-2025-012877,"New construction of a 3-story data center facility ""Core-&-Shell"" with data halls, electrical and mechanical infrastructure, and a 2-story administrative area. Includes a separate 3-story exterior gantry structure adjacent to the building to support the electrical and mechanical equipment. Mechanical chillers and associated electrical support are located on roof dunnage above the building and extend over the gantry. *FULL APPROVAL CONSTRUCTION*",Ashburn,Issued,,,,,113163850000,,ZONC-2025-012877,1 19560 LN,1751947200000,Zoning (Commercial)
loudoun_permit,Loudoun County,BLDC-2026-013349,Data Center Architectural and Structural Tenant Fit-Out for Phase 12 of the data center. There are a total of 15 phases in this project.,Leesburg,Issued,21594.0,,,,193178229000,,BLDC-2026-013349,1 42590 DR,1777867200000,Building (Commercial)
loudoun_permit,Loudoun County,BLDC-2026-013328,Data Center Architectural and Structural Tenant Fit-Out for Phase 4 of the data center. There are a total of 15 phases in this project.,Leesburg,Issued,19412.0,,,,193178229000,,BLDC-2026-013328,1 42590 DR,1777867200000,Building (Commercial)
loudoun_permit,Loudoun County,PLUMC-2025-000066,A THREE-STORY DATA CENTER BUILDING SHELL.,Loudoun County,Issued,,,,,089496246000,,PLUMC-2025-000066,1 22235,1739509200000,Plumbing (Commercial)
loudoun_permit,Loudoun County,ELECC-2025-011151,Data Center Architectural and Structural Tenant Fit-Out for Phase 7; USB 3.3B SERVICE,Leesburg,Issued,,,,,193276668000,,ELECC-2025-011151,1 20575 DR,1744603200000,Electrical (Commercial)
loudoun_permit,Loudoun County,BLDC-2025-026606,Data Center Tenant Fitout Construction - Phase 02,Dulles,Issued,,,,,096183926000,,BLDC-2025-026606,1 25190 DR,1770786000000,Building (Commercial)
loudoun_permit,Loudoun County,BLDC-2026-000061,Data Center Tenant Fitout Construction - Phase 07,Dulles,Issued,,,,,096183926000,,BLDC-2026-000061,1 25145 DR,1778472000000,Building (Commercial)
loudoun_permit,Loudoun County,ELEVM-2025-053021,NEW DATA CENTER,Sterling,Issued,,,,,032155119000,,ELEVM-2025-053021,1 22435 DR,1763653616000,Elevator Maintenance
loudoun_permit,Loudoun County,ELECC-2025-032833,low voltage for HVAC controls for Data Center Architectural and Structural Tenant Fit-Out for Phase 8,Leesburg,Issued,,,,,193274995000,,ELECC-2025-032833,1 20335 DR,1753934400000,Electrical (Commercial)
loudoun_permit,Loudoun County,MECHC-2025-000605,"Data Center Architectural and Structural Tenant Fit-Out for Phase 7. This project involves the fitout of the AWS data center covered under the C&S Permit. Phases 1-18 of the datacenter are modular in nature and there is a separate ""Office"" phase. See drawings for exact equipment sizes/quantities. Phase 1-18 mechanical equipment consist Datahall Air Handling Units (93,500 CFM air handling unit each with a direct evaporation coil) and Rooftop Exhaust Fan Arrays (68,000 CFM each). See drawings for exact equipment sizes/quantities.",Leesburg,Issued,,,,,193274995000,,MECHC-2025-000605,1 20335 DR,1739163600000,Mechanical (Commercial)
loudoun_permit,Loudoun County,MECHC-2024-061638,"Data Center Architectural and Structural Tenant Fit-Out for Phase 11. This project involves the fitout of the AWS data center covered under the C&S Permit. Phases 1-12 of the datacenter are modular in nature and there is a separate ""Office"" phase. See drawings for exact equipment sizes/quantities. Phase 1-12 mechanical equipment consist Datahall Air Handling Units (93,500 CFM air handling unit each with a direct evaporation coil) and Rooftop Exhaust Fan Arrays (68,000 CFM each). See drawings for exact equipment sizes/quantities.",Leesburg,Issued,,,,,193276668000,,MECHC-2024-061638,1 20575 DR,1739163600000,Mechanical (Commercial)
loudoun_permit,Loudoun County,ZONC-2024-003485,Fit-out of Colo 3 data center,Little River,Issued,,,,,203354208000,,ZONC-2024-003485,1 42031 LN,1733424899000,Zoning (Commercial)
loudoun_permit,Loudoun County,BLDC-2025-023309,New data center build. Phase 18,Sterling,Issued,,,,,122207249000,,BLDC-2025-023309,1 43855 PLZ,1777521600000,Building (Commercial)
loudoun_permit,Loudoun County,BLDC-2025-026609,Data Center Tenant Fitout Construction - Phase 04,Dulles,Issued,,,,,096183926000,,BLDC-2025-026609,1 25190 DR,1770786000000,Building (Commercial)
loudoun_permit,Loudoun County,ELECC-2025-032652,Telecom installation for data center core & shell.,Loudoun County,Issued,,,,,124369522000,,ELECC-2025-032652,1 43304 RD,1753761600000,Electrical (Commercial)
loudoun_permit,Loudoun County,ELECC-2025-026666,"Phase #2 Low voltage control wiring for building automation systems (BAS). This consists of wiring connections between the control panels and the devices and equipment that monitor the temperature, pressure and humidity of the building and rooms. Work involves connecting plenum rated RS-485 communication wire, 18 to 22 gauge control wires and ¼” polytube from control panels to multiple temperature and humidity sensors throughout the data center. These control wires will be installed in 3/4""-1"" conduit and/or free hanging in ceiling plenum areas. The low voltage panels and devices will be supplied by the owner. Total number of devices to be connected is 180. Related parent permit is BLDC-2025-002422.",Broad Run,Issued,,,,,089496314001,,ELECC-2025-026666,1 22235 PKWY,1750046400000,Electrical (Commercial)
loudoun_permit,Loudoun County,ZONC-2024-063779,Permit for the Construction on a Post and Panel Retaining Wall to Support NOVEC Electrical Substation for Tech Park at Brambleton Data Center Campus,Little River,Issued,,,,,161264481000,,ZONC-2024-063779,1 23844 RD,1736226000000,Zoning (Commercial)
loudoun_permit,Loudoun County,ZONC-2024-063779,Permit for the Construction on a Post and Panel Retaining Wall to Support NOVEC Electrical Substation for Tech Park at Brambleton Data Center Campus,Little River,Issued,,,,,202104192000,,ZONC-2024-063779,1 23844 RD,1736226000000,Zoning (Commercial)
loudoun_permit,Loudoun County,ZONC-2024-063779,Permit for the Construction on a Post and Panel Retaining Wall to Support NOVEC Electrical Substation for Tech Park at Brambleton Data Center Campus,Little River,Issued,,,,,161253540000,,ZONC-2024-063779,1 23844 RD,1736226000000,Zoning (Commercial)
loudoun_permit,Loudoun County,ZONC-2024-063779,Permit for the Construction on a Post and Panel Retaining Wall to Support NOVEC Electrical Substation for Tech Park at Brambleton Data Center Campus,Little River,Issued,,,,,202206213000,,ZONC-2024-063779,1 23844 RD,1736226000000,Zoning (Commercial)
loudoun_permit,Loudoun County,BLDC-2026-000098,Data Center Tenant Fitout Construction phase 05 IAD 327,Dulles,Issued,,,,,096183926000,,BLDC-2026-000098,1 25145 DR,1778472000000,Building (Commercial)
loudoun_permit,Loudoun County,BLDC-2024-054708,This is a three story data center that includes both core & shell and tenant fit-up. This is for the office phase.,Dulles,Issued,429213.0,,,,203170856000,,BLDC-2024-054708,1 42090 LN,1751035181000,Building (Commercial)
loudoun_permit,Loudoun County,PLUMC-2025-033479,Data Center Tenant Fitout Construction - Phase 11,Dulles,Issued,,,,,096183926000,,PLUMC-2025-033479,1 25190 DR,1771822800000,Plumbing (Commercial)
loudoun_permit,Loudoun County,PLUMC-2024-056861,Fit-out of Colo 4 data center,Little River,Issued,,,,,203354208000,,PLUMC-2024-056861,1 42010 LN,1734325200000,Plumbing (Commercial)
loudoun_permit,Loudoun County,BLDC-2024-054905,This is a three story data center that includes both core & shell and tenant fit-up. This is for Phase 13.,Dulles,Issued,20113.2,,,,203170856000,,BLDC-2024-054905,1 42090 LN,1750996800000,Building (Commercial)
loudoun_permit,Loudoun County,MECHC-2024-063360,This is a three story data center that includes both core & shell and tenant fit-up. This is for Phase 16.,Dulles,Issued,,,,,203170856000,,MECHC-2024-063360,1 42090 LN,1751515200000,Mechanical (Commercial)
loudoun_permit,Loudoun County,PLUMC-2025-033639,Data Center Tenant Fitout Construction - Phase 03,Dulles,Issued,,,,,096183926000,,PLUMC-2025-033639,1 25190 DR,1771822800000,Plumbing (Commercial)
loudoun_permit,Loudoun County,Z20448700101,DATA CENTER,Unknown,Issued,,,,,044381108002,,Z20448700101,1 45130 PLZ,1649649600000,Zoning (Commercial)
loudoun_permit,Loudoun County,FIREC-2026-014233,New 2 story Data Center - Phase 01,Dulles,Issued,,,,,096183926000,,FIREC-2026-014233,1 25190 DR,1783656000000,Fire Protection (Commercial)
loudoun_permit,Loudoun County,K60271020105,DATA CENTER,Broad Run,Issued,,,,,060307119000,,K60271020105,1 44854 PL,1473912000000,Fire Protection (Commercial)
loudoun_permit,Loudoun County,ZONC-2024-044452,Third building on the campus. CURRENT: CORE/SHELL 3-STORY FLEX WAREHOUSE AND COMMERICAL OFFICE. FUTURE PURPOSE OF SPACE: 3-STORY SINGLE TENANT COMPUTER DATA CENTER.,Leesburg,Issued,,,,,193281883000,,ZONC-2024-044452,1 42376 DR,1740978000000,Zoning (Commercial)
loudoun_permit,Loudoun County,ELECC-2026-028032,Low voltage for HVAC controls for Data center suite fit out.,Broad Run,Issued,,,,,061394321000,,ELECC-2026-028032,1 21780 CT,1782705600000,Electrical (Commercial)
loudoun_permit,Loudoun County,BLDC-2026-013324,Data Center Architectural and Structural Tenant Fit-Out for Phase 2 of the data center. There are a total of 15 phases in this project.,Leesburg,Issued,18396.0,,,,193178229000,,BLDC-2026-013324,1 42590 DR,1777867200000,Building (Commercial)
loudoun_permit,Loudoun County,ELECC-2025-032640,Data Center core and shell - service switch gear 7,Loudoun County,Issued,,,,,124369522000,,ELECC-2025-032640,1 43304 RD,1761883200000,Electrical (Commercial)
loudoun_permit,Loudoun County,BLDC-2026-000099,Data Center Tenant Fitout Construction Phase 06 IAD 327,Dulles,Issued,,,,,096183926000,,BLDC-2026-000099,1 25145 DR,1778472000000,Building (Commercial)
loudoun_permit,Loudoun County,ELECC-2026-031166,Telecommunication and Security Pathways and Details for COLO 2 Building in IAD 12 Microsoft Data Center Building,Little River,Issued,,,,,203354208000,,ELECC-2026-031166,1 42031 LN,1784174400000,Electrical (Commercial)
loudoun_permit,Loudoun County,ZONC-2023-019686,2 STORY SINGLE TENANT COMPUTER DATA CENTER Associated grading permit: (County #X20222730001) ISSUED FULL BUILDING APPROVAL,Sterling,Issued,,,,,122208248000,,ZONC-2023-019686,1 43975 PLZ,1731646800000,Zoning (Commercial)
loudoun_permit,Loudoun County,BLDC-2025-033837,SDC BUILDING 2 NEW CORE/SHELL DATA CENTER W/ PHASED OCCUPANCY DATA HALL BUILDING PERMIT,Sterling,Issued,581354.0,,,,063477734000,,BLDC-2025-033837,1 44525 LN,1758081600000,Building (Commercial)
loudoun_permit,Loudoun County,ZONC-2025-028274,"Erection of a temporary construction break tent for use in conducting ""Stretch-&-Flex"" huddles and other safety standing meetings. Temporary construction break tent is to be used for more than 6 months (possibly 2+ years) until the construction of the ""Building 4"" Data Center located on the BIC campus (Belmont Innovation Campus) is completed by 2027. Building 4 Data Center Core-&-Shell Permit is still under review under case BLDC-2025-009449. The address of the temporary construction break tent is: 43207 Goose Park Lane, Ashburn, VA 20147.",Ashburn,Issued,,,,,114464812000,,ZONC-2025-028274,1 43207 LN,1751342400000,Zoning (Commercial)
loudoun_permit,Loudoun County,ZONC-2024-047749,data center complex and associated infrastructure,Sterling,Issued,,,,,043175778000,,ZONC-2024-047749,1 45870 PLZ,1738213200000,Zoning (Commercial)
loudoun_permit,Loudoun County,BLDC-2025-051484,Suite Tenant Fit-Out/Data Hall in an existing Data Center Core and Shell,Broad Run,Issued,56206.0,,,,061394321000,,BLDC-2025-051484,1 21780 CT,1778731200000,Building (Commercial)
loudoun_permit,Loudoun County,FMOMH-2026-013875,Data Center - VA 12 Renewal FMOMH-2025-017418,Sterling,Issued,,,,,044288975002,,FMOMH-2026-013875,1 45194 PLZ,1774281653000,FMO - Moderate/High Hazard
loudoun_permit,Loudoun County,FMOMH-2026-013875,Data Center - VA 12 Renewal FMOMH-2025-017418,Sterling,Issued,,,,,044288975001,,FMOMH-2026-013875,1 45194 PLZ,1774281653000,FMO - Moderate/High Hazard
loudoun_permit,Loudoun County,BLDC-2026-000069,Data Center Tenant Fitout Construction - Phase 09,Dulles,Issued,,,,,096183926000,,BLDC-2026-000069,1 25145 DR,1778472000000,Building (Commercial)
loudoun_permit,Loudoun County,ZONC-2024-060379,This is a three story data center that includes both core & shell and tenant fit-up. This is for Phase 12.,Dulles,Issued,,,,,203170856000,,ZONC-2024-060379,1 42090 LN,1750996800000,Zoning (Commercial)
loudoun_permit,Loudoun County,ZONC-2025-026039,New data center build. Phase 9,Sterling,Issued,,,,,122207249000,,ZONC-2025-026039,1 43855 PLZ,1777521600000,Zoning (Commercial)
loudoun_permit,Loudoun County,ZONC-2024-042683,Data Center Architectural and Structural Tenant Fit-Out for Phase 11,Leesburg,Issued,,,,,193276668000,,ZONC-2024-042683,1 20575 DR,1732078800000,Zoning (Commercial)
loudoun_permit,Loudoun County,ELECC-2026-006889,New construction of a 4-level data center facility.,Sterling,Issued,,,,,063477734000,,ELECC-2026-006889,1 44595 LN,1773979200000,Electrical (Commercial)
loudoun_permit,Loudoun County,E80265820001,TEMP FOR CONST/DATA CENTER,Unknown,Issued,,,,,044288975001,,E80265820001,1 45200 PLZ,1522641600000,Electrical (Commercial)
loudoun_permit,Loudoun County,ELECC-2024-055166,Data Center Architectural and Structural Tenant Fit-Out for Phase 2,Leesburg,Issued,,,,,193276668000,,ELECC-2024-055166,1 20575 DR,1739163600000,Electrical (Commercial)
loudoun_permit,Loudoun County,ELECC-2025-000438,"Data Center Architectural and Structural Tenant Fit-Out for Phase 9. This project involves the fitout of the AWS datacenter covered under the C&S Permit. Phases 1-18 of the datacenter are modular in nature and there is a separate ""Office"" phase. See drawings for exact equipment sizes/quantities.",Leesburg,Issued,,,,,193274995000,,ELECC-2025-000438,1 20335 DR,1745467200000,Electrical (Commercial)
loudoun_permit,Loudoun County,ZONC-2024-041654,Data Center Architectural and Structural Tenant Fit-Out for Phase 9,Leesburg,Issued,,,,,193274995000,,ZONC-2024-041654,1 20335 DR,1734757200000,Zoning (Commercial)
loudoun_permit,Loudoun County,ZONC-2025-027909,Data Center Tenant Fitout Construction - Phase 06,Dulles,Issued,,,,,096183926000,,ZONC-2025-027909,1 25190 DR,1770786000000,Zoning (Commercial)
loudoun_permit,Loudoun County,BLDC-2026-013137,Data Center Architectural and Structural Tenant Fit-Out for Phase 8 of the data center. There are a total of 18 phases in this project.,Leesburg,Issued,19567.0,,,,193281883000,,BLDC-2026-013137,1 42376 DR,1777262400000,Building (Commercial)
loudoun_permit,Loudoun County,ELECC-2025-057666,Service B: New construction/electrical system for a new data hall suite with a newly built IAD56 data center building.,Broad Run,Issued,,,,,061394321000,,ELECC-2025-057666,1 21780 CT,1774497600000,Electrical (Commercial)
loudoun_permit,Loudoun County,BLDC-2024-041274,"Fourth building on the campus. CURRENT: CORE/SHELL 3-STORY FLEX WAREHOUSE AND COMMERCIAL OFFICE, FUTURE PURPOSE OF SPACE: 3-STORY SINGLE TENANT COMPUTER DATA CENTER.",Leesburg,Issued,353319.0,,,,193178229000,,BLDC-2024-041274,1 42590 DR,1738299600000,Building (Commercial)
loudoun_permit,Loudoun County,ELECC-2025-026698,"Phase #4 Low voltage control wiring for building automation systems (BAS). This consists of wiring connections between the control panels and the devices and equipment that monitor the temperature, pressure and humidity of the building and rooms. Work involves connecting plenum rated RS-485 communication wire, 18 to 22 gauge control wires and ¼” polytube from control panels to multiple temperature and humidity sensors throughout the data center. These control wires will be installed in 3/4""-1"" conduit and/or free hanging in ceiling plenum areas. The low voltage panels and devices will be supplied by the owner. Total number of devices to be connected is 182. Related parent permit is BLDC-2025-002432.",Broad Run,Issued,,,,,089496314001,,ELECC-2025-026698,1 22235 PKWY,1750219200000,Electrical (Commercial)
loudoun_permit,Loudoun County,FIREC-2026-014244,New 2 story Data Center - Phase 8,Dulles,Issued,,,,,096183926000,,FIREC-2026-014244,1 25190 DR,1783656000000,Fire Protection (Commercial)
loudoun_permit,Loudoun County,BLDC-2026-013228,Data Center Architectural and Structural Tenant Fit-Out for Phase 14 of the data center. There are a total of 18 phases in this project.,Leesburg,Issued,19412.0,,,,193281883000,,BLDC-2026-013228,1 42376 DR,1777262400000,Building (Commercial)
loudoun_permit,Loudoun County,ELECC-2026-030017,Tenant office fitout in existing data center (3rd Floor) - LV Fire Alarm,Sterling,Issued,,,,,044155625000,,ELECC-2026-030017,1 22280 DR,1784088000000,Electrical (Commercial)
loudoun_permit,Loudoun County,PLUMC-2025-010227,Phase 1 Tenant Interiors buildout of the LC11 Data Center building. Phase 1 includes mechanical and electrical rooms and equipment on Levels 1 - 3 to support turnover of 1 of 4 Data Halls.,Broad Run,Issued,,,,,089496314001,,PLUMC-2025-010227,1 22235 PKWY,1747800000000,Plumbing (Commercial)
loudoun_permit,Loudoun County,ZONC-2025-026226,New data center build. Phase 17,Sterling,Issued,,,,,122207249000,,ZONC-2025-026226,1 43855 PLZ,1777521600000,Zoning (Commercial)
loudoun_permit,Loudoun County,ZONC-2025-023592,New Data Center Construction,Dulles,Issued,,,,,096183926000,,ZONC-2025-023592,1 25410 DR,1757908800000,Zoning (Commercial)
loudoun_permit,Loudoun County,BLDC-2025-029746,FULL APPROVAL New build 2-story 96MW data center on existing campus for CloudHQ. Will include mainly data hall spaces with both cloud and tenant admin spaces. Includes rooftop platform for air-cooled chillers and generator penthouse spaces.,Sterling,Issued,1030408.0,,,,062257134000,,BLDC-2025-029746,1 22190 PKWY,1760414400000,Building (Commercial)
loudoun_permit,Loudoun County,FIREC-2026-014234,New 2 story Data Center - Phase 02,Dulles,Issued,,,,,096183926000,,FIREC-2026-014234,1 25190 DR,1783656000000,Fire Protection (Commercial)
loudoun_permit,Loudoun County,MECHC-2025-052200,"New construction, 2 story, 96 MW data center on existing CloudHQ campus. Permit for Underground Fuel Oil & Urea systems. Fuel oil system includes storage tanks, transfer pumps, and fuel oil piping. Urea system includes storage tanks and urea piping.",Sterling,Issued,,,,,062257134000,,MECHC-2025-052200,1 22190 PKWY,1763614800000,Mechanical (Commercial)
loudoun_permit,Loudoun County,ZONC-2024-042367,Data Center Architectural and Structural Tenant Fit-Out for Phase 9,Leesburg,Issued,,,,,193276668000,,ZONC-2024-042367,1 20575 DR,1732078800000,Zoning (Commercial)
loudoun_permit,Loudoun County,PLUMC-2025-008102,"Connection of three 2"" Industrial Water (IW) pipes to existing 4"" IW line for AHU's and 3 Heat pump condensate drain lines to existing floor sink in existing Data Center; Phase 1 of 2.",Broad Run,Issued,,,,,059309091000,,PLUMC-2025-008102,1 20945 PKWY,1741838400000,Plumbing (Commercial)
loudoun_permit,Loudoun County,PLUMC-2024-043665,data center complex and associated infrastructure,Sterling,Issued,,,,,043175778000,,PLUMC-2024-043665,1 45870 PLZ,1738299600000,Plumbing (Commercial)
loudoun_permit,Loudoun County,BLDC-2025-009463,"Construction of ""SDC Fitout Scope No.1"" within the new construction of a 3-story data center Core-&-Shell building. The new construction data center ""Core-&-Shell"" is currently under review by Loudoun County under permit case number BLDC-2025-009449. Marked-up colored drawings are provided under this permit and similarly under the BLDC-2025-009449 permit to clearly delineate the ""Core-&-Shell"" scopes versus the ""SDC Fitout Scope No.1"" scopes. Scanned under BLDC-2025-009449. electronic copy",Loudoun County,Issued,,,,,113163850000,,BLDC-2025-009463,1 19560 LN,1775534400000,Building (Commercial)
loudoun_permit,Loudoun County,ELECC-2025-012934,SABEY DATA CENTER - BUILDING A TEMPORARY POWER PERMIT,Broad Run,Issued,,,,,088392214000,,ELECC-2025-012934,1 21735 DR,1743393600000,Electrical (Commercial)
loudoun_permit,Loudoun County,VSMP-2024-000089,LC11 & LC12 Data Center - THE SUBJECT OF THIS APPLICATION CONSISTS OF THE DESIGN OF TWO THREE-STORY DATA CENTER BUILDINGS AND ASSOCIATED UTILITIES AND INFRASTRUCTURE.,Broad Run,Issued,,,,,062265030000,,VSMP-2024-000089,22235 PKWY,1737608400000,VESMP
loudoun_permit,Loudoun County,VSMP-2024-000089,LC11 & LC12 Data Center - THE SUBJECT OF THIS APPLICATION CONSISTS OF THE DESIGN OF TWO THREE-STORY DATA CENTER BUILDINGS AND ASSOCIATED UTILITIES AND INFRASTRUCTURE.,Broad Run,Issued,,,,,089496314000,,VSMP-2024-000089,22235 PKWY,1737608400000,VESMP
loudoun_permit,Loudoun County,VSMP-2024-000089,LC11 & LC12 Data Center - THE SUBJECT OF THIS APPLICATION CONSISTS OF THE DESIGN OF TWO THREE-STORY DATA CENTER BUILDINGS AND ASSOCIATED UTILITIES AND INFRASTRUCTURE.,Broad Run,Issued,,,,,062256361000,,VSMP-2024-000089,22235 PKWY,1737608400000,VESMP
loudoun_permit,Loudoun County,VSMP-2024-000089,LC11 & LC12 Data Center - THE SUBJECT OF THIS APPLICATION CONSISTS OF THE DESIGN OF TWO THREE-STORY DATA CENTER BUILDINGS AND ASSOCIATED UTILITIES AND INFRASTRUCTURE.,Broad Run,Issued,,,,,088195276000,,VSMP-2024-000089,22235 PKWY,1737608400000,VESMP
loudoun_permit,Loudoun County,VSMP-2024-000089,LC11 & LC12 Data Center - THE SUBJECT OF THIS APPLICATION CONSISTS OF THE DESIGN OF TWO THREE-STORY DATA CENTER BUILDINGS AND ASSOCIATED UTILITIES AND INFRASTRUCTURE.,Broad Run,Issued,,,,,089496246000,,VSMP-2024-000089,22235 PKWY,1737608400000,VESMP
loudoun_permit,Loudoun County,VSMP-2024-000089,LC11 & LC12 Data Center - THE SUBJECT OF THIS APPLICATION CONSISTS OF THE DESIGN OF TWO THREE-STORY DATA CENTER BUILDINGS AND ASSOCIATED UTILITIES AND INFRASTRUCTURE.,Broad Run,Issued,,,,,089496523000,,VSMP-2024-000089,22235 PKWY,1737608400000,VESMP
loudoun_permit,Loudoun County,MECHC-2025-020538,Phase 2 Tenant Interiors buildout of the LC11 Data Center building. Phase 2 includes mechanical and electrical rooms and equipment on Level 3 to support turnover of 1 of 2 Data Halls on Level 3.,Broad Run,Issued,,,,,089496314001,,MECHC-2025-020538,1 22235 PKWY,1747713600000,Mechanical (Commercial)
loudoun_permit,Loudoun County,ELECC-2026-004794,"Data Center Tenant Fitout Construction - Phase 01 C2 - Includes outdoor 2800kVA padmount transformer and 2750kW generator, indoor switchboard is rated for 4000A",Dulles,Issued,,,,,096183926000,,ELECC-2026-004794,1 25190 DR,1772686800000,Electrical (Commercial)
loudoun_permit,Loudoun County,ELECC-2025-032830,low voltage for HVAC controls for Data Center Architectural and Structural Tenant Fit-Out for Phase 6,Leesburg,Issued,,,,,193274995000,,ELECC-2025-032830,1 20335 DR,1753934400000,Electrical (Commercial)
loudoun_permit,Loudoun County,ELECC-2026-023718,Tenant fitout in existing data center (DH2100) LV Telecommunications,Sterling,Issued,,,,,044155625000,,ELECC-2026-023718,1 22280 DR,1779336000000,Electrical (Commercial)
loudoun_permit,Loudoun County,ELECC-2025-007767,MICROSOFT IAD05 Data Center - Low Voltage Permit - COLO5,Leesburg,Issued,,,,,235297431000,,ELECC-2025-007767,1 41785 LN,1742270400000,Electrical (Commercial)
loudoun_permit,Loudoun County,ELECC-2025-011183,Data Center Architectural and Structural Tenant Fit-Out for Phase 7; USB 3.3B SERVICE,Leesburg,Issued,,,,,193274995000,,ELECC-2025-011183,1 20335 DR,1745467200000,Electrical (Commercial)
loudoun_permit,Loudoun County,ZONC-2024-059983,This is a three story data center that includes both core & shell and tenant fit-up. This is for Phase 2.,Dulles,Issued,,,,,203170856000,,ZONC-2024-059983,1 42090 LN,1750996800000,Zoning (Commercial)
loudoun_permit,Loudoun County,V30322820001,NEW DATA CENTER,Broad Run,Issued,,,,,089291706000,,V30322820001,1 43940 PLZ,1728446400000,Elevator Maintenance
loudoun_permit,Loudoun County,BLDC-2024-001425,Data Center - Data Hall fit-out,Leesburg,Issued,47495.0,,,,235297431000,,BLDC-2024-001425,1 41785 LN,1724731200000,Building (Commercial)
loudoun_permit,Loudoun County,K60399140001,DATA CENTER,Broad Run,Issued,,,,,089291706000,,K60399140001,1 43780 PLZ,1474603200000,Fire Protection (Commercial)
loudoun_permit,Loudoun County,MECHC-2025-000610,"Data Center Architectural and Structural Tenant Fit-Out for Phase 12. This project involves the fitout of the AWS data center covered under the C&S Permit. Phases 1-18 of the datacenter are modular in nature and there is a separate ""Office"" phase. See drawings for exact equipment sizes/quantities. Phase 1-18 mechanical equipment consist Datahall Air Handling Units (93,500 CFM air handling unit each with a direct evaporation coil) and Rooftop Exhaust Fan Arrays (68,000 CFM each). See drawings for exact equipment sizes/quantities.",Leesburg,Issued,,,,,193274995000,,MECHC-2025-000610,1 20335 DR,1739336400000,Mechanical (Commercial)
loudoun_permit,Loudoun County,ELECC-2025-032927,Low Voltage for HVAC controls for Data Center Architectural and Structural Tenant Fit-Out for Phase 16.,Leesburg,Issued,,,,,193274995000,,ELECC-2025-032927,1 20335 DR,1753934400000,Electrical (Commercial)
loudoun_permit,Loudoun County,ELECC-2024-055182,Data Center Architectural and Structural Tenant Fit-Out for Phase 4,Leesburg,Issued,,,,,193276668000,,ELECC-2024-055182,1 20575 DR,1739250000000,Electrical (Commercial)
loudoun_permit,Loudoun County,ELECC-2026-009659,Service F: New construction/electrical system for a new data hall suite with a newly built IAD56 data center building.,Broad Run,Issued,,,,,061394321000,,ELECC-2026-009659,1 21780 CT,1774497600000,Electrical (Commercial)
loudoun_permit,Loudoun County,ELECC-2026-022914,New 900A service for Data Center Building 4 SDC Fit Out Scope No.3.,Loudoun County,Issued,,,,,113167503000,,ELECC-2026-022914,1 19560 LN,1782360000000,Electrical (Commercial)
loudoun_permit,Loudoun County,BLDC-2024-035602,Data Center Architectural and Structural Tenant Fit-Out for Phase 12,Leesburg,Issued,21901.5,,,,193276668000,,BLDC-2024-035602,1 20575 DR,1732078800000,Building (Commercial)
loudoun_permit,Loudoun County,FIREC-2026-014251,New 2 story Data Center - Phase 11,Dulles,Issued,,,,,096183926000,,FIREC-2026-014251,1 25190 DR,1783656000000,Fire Protection (Commercial)
loudoun_permit,Loudoun County,BLDC-2025-024034,"Erection of a temporary construction break tent for use in conducting ""Stretch-&-Flex"" huddles and other safety standing meetings. Temporary construction break tent is to be used for more than 6 months (possibly 2+ years) until the construction of the ""Building 4"" Data Center located on the BIC campus (Belmont Innovation Campus) is completed by 2027. Building 4 Data Center Core-&-Shell Permit is still under review under case BLDC-2025-009449. The address of the temporary construction break tent is: 43207 Goose Park Lane, Ashburn, VA 20147.",Ashburn,Issued,8612.0,,,,114464812000,,BLDC-2025-024034,1 43115 LN,1751342400000,Building (Commercial)
loudoun_permit,Loudoun County,ELECC-2024-055162,Data Center Architectural and Structural Tenant Fit-Out for the Phase 1,Leesburg,Issued,,,,,193276668000,,ELECC-2024-055162,1 20575 DR,1739250000000,Electrical (Commercial)
loudoun_permit,Loudoun County,ZONC-2024-060412,This is a three story data center that includes both core & shell and tenant fit-up. This is for Phase 6.,Dulles,Issued,,,,,203170856000,,ZONC-2024-060412,1 42090 LN,1750996800000,Zoning (Commercial)
loudoun_permit,Loudoun County,ZONC-2026-013437,Data Center Architectural and Structural Tenant Fit-Out for Phase 5 of the data center. There are a total of 18 phases in this project.,Leesburg,Issued,,,,,193281883000,,ZONC-2026-013437,1 42376 DR,1777262400000,Zoning (Commercial)
loudoun_permit,Loudoun County,ZONC-2026-013449,Data Center Architectural and Structural Tenant Fit-Out for Phase 10 of the data center. There are a total of 18 phases in this project.,Leesburg,Issued,,,,,193281883000,,ZONC-2026-013449,1 42376 DR,1777262400000,Zoning (Commercial)
loudoun_permit,Loudoun County,BLDC-2024-035587,Data Center Architectural and Structural Tenant Fit-Out for Phase 8,Leesburg,Issued,19845.8,,,,193276668000,,BLDC-2024-035587,1 20575 DR,1732078800000,Building (Commercial)
loudoun_permit,Loudoun County,BLDC-2025-057917,Data Center Tenant Fitout Construction - Phase 10,Dulles,Issued,,,,,096183926000,,BLDC-2025-057917,1 25374 DR,1778472000000,Building (Commercial)
loudoun_permit,Loudoun County,ZONC-2024-042357,Data Center Architectural and Structural Tenant Fit-Out for Phase 8,Leesburg,Issued,,,,,193276668000,,ZONC-2024-042357,1 20575 DR,1732078800000,Zoning (Commercial)
loudoun_permit,Loudoun County,BLDC-2026-000104,Data Center Tenant Fitout Construction - Phase 11,Dulles,Issued,,,,,096183926000,,BLDC-2026-000104,1 25145 DR,1778472000000,Building (Commercial)
loudoun_permit,Loudoun County,BLDC-2024-002972,Fit-out of Colo 4 data center,Little River,Issued,51746.0,,,,203354208000,,BLDC-2024-002972,1 42031 LN,1733374800000,Building (Commercial)
loudoun_permit,Loudoun County,FMOMH-2026-009568,Data Center - Renewal FMOMH-2025-013571,Broad Run,Issued,,,,,060202337000,,FMOMH-2026-009568,1 21561 CIR,1771962524000,FMO - Moderate/High Hazard
loudoun_permit,Loudoun County,ELECC-2025-000376,"Data Center Architectural and Structural Tenant Fit-Out for Phase 1. This project involves the fitout of the AWS datacenter covered under the C&S Permit. Phases 1-18 of the datacenter are modular in nature and there is a separate ""Office"" phase. See drawings for exact equipment sizes/quantities.",Leesburg,Issued,,,,,193274995000,,ELECC-2025-000376,1 20335 DR,1744948800000,Electrical (Commercial)
loudoun_permit,Loudoun County,ZONC-2024-060088,This is a three story data center that includes both core & shell and tenant fit-up. This is for Phase 8.,Dulles,Issued,,,,,203170856000,,ZONC-2024-060088,1 42090 LN,1750996800000,Zoning (Commercial)
loudoun_permit,Loudoun County,ELECC-2025-022354,New construction 3-story data center (Data Hall 1100 Upfit),Sterling,Issued,,,,,044155625000,,ELECC-2025-022354,1 22280 DR,1750651200000,Electrical (Commercial)
loudoun_permit,Loudoun County,ELECC-2024-055212,Data Center Architectural and Structural Tenant Fit-Out for Phase 9,Leesburg,Issued,,,,,193276668000,,ELECC-2024-055212,1 20575 DR,1739250000000,Electrical (Commercial)
loudoun_permit,Loudoun County,ZONC-2025-026034,New data center build. Phase 8,Sterling,Issued,,,,,122207249000,,ZONC-2025-026034,1 43855 PLZ,1777521600000,Zoning (Commercial)
loudoun_permit,Loudoun County,ELECC-2026-023734,Tenant fitout in existing data center (DH3100) LV Telecommunications,Sterling,Issued,,,,,044155625000,,ELECC-2026-023734,1 22280 DR,1779336000000,Electrical (Commercial)
loudoun_permit,Loudoun County,ELECC-2025-006675,Low voltage for HVAC controls for Fit-out of Colo 3 data center,Little River,Issued,,,,,203354208000,,ELECC-2025-006675,1 42010 LN,1740114000000,Electrical (Commercial)
loudoun_permit,Loudoun County,ZONC-2026-013463,Data Center Architectural and Structural Tenant Fit-Out for Phase 16 of the data center. There are a total of 18 phases in this project.,Leesburg,Issued,,,,,193281883000,,ZONC-2026-013463,1 42376 DR,1777262400000,Zoning (Commercial)
loudoun_permit,Loudoun County,ZONC-2026-013400,Data Center Architectural and Structural Tenant Fit-Out for the office area and Phase 1 of the data center. There are a total of 18 phases in this project.,Leesburg,Issued,,,,,193281883000,,ZONC-2026-013400,1 42376 DR,1779422400000,Zoning (Commercial)
loudoun_permit,Loudoun County,PLUMC-2025-019863,New Data Center Construction,Dulles,Issued,,,,,096183926000,,PLUMC-2025-019863,1 25410 DR,1747800000000,Plumbing (Commercial)
loudoun_permit,Loudoun County,ZONC-2024-063553,Data Center Architectural and Structural Tenant Fit-Out for Phase 7,Leesburg,Issued,,,,,193274995000,,ZONC-2024-063553,1 20335 DR,1735880400000,Zoning (Commercial)
loudoun_permit,Loudoun County,ZONC-2024-042069,Data Center Architectural and Structural Tenant Fit-Out for Phase 2,Leesburg,Issued,,,,,193276668000,,ZONC-2024-042069,1 20575 DR,1725373238000,Zoning (Commercial)
loudoun_permit,Loudoun County,BLDC-2024-054713,This is a three story data center that includes both core & shell and tenant fit-up. This is for the Phase 1.,Dulles,Issued,32205.5,,,,203170856000,,BLDC-2024-054713,1 42090 LN,1751035142000,Building (Commercial)
loudoun_permit,Loudoun County,VSMP-2023-000104,The 22675 Dulles Summit Court Project includes the demolition of three existing industrial buildings and construction of a data center and associated infrastructure under STPL- 2023-0015.,Sterling,Issued,,,,,045252512000,,VSMP-2023-000104,22725 CT,1698065390000,VESMP
loudoun_permit,Loudoun County,VSMP-2023-000104,The 22675 Dulles Summit Court Project includes the demolition of three existing industrial buildings and construction of a data center and associated infrastructure under STPL- 2023-0015.,Sterling,Issued,,,,,045254007000,,VSMP-2023-000104,22725 CT,1698065390000,VESMP
loudoun_permit,Loudoun County,ELECC-2025-050354,Low voltage for HVAC controls for 2-Story Data Center Core & Shell. Electronic copy,Loudoun County,Issued,,,,,092192834000,,ELECC-2025-050354,1 43715 DR,1762146000000,Electrical (Commercial)
loudoun_permit,Loudoun County,ELECC-2023-001805,INSTALL RPP'S AND WHIPS IN EXISTING DATA CENTER.,Loudoun County,Issued,,,,,060170268000,,ELECC-2023-001805,1 44461 PL,1694491200000,Electrical (Commercial)
loudoun_permit,Loudoun County,BLDC-2026-013135,Data Center Architectural and Structural Tenant Fit-Out for Phase 7 of the data center. There are a total of 18 phases in this project.,Leesburg,Issued,19567.0,,,,193281883000,,BLDC-2026-013135,1 42376 DR,1777262400000,Building (Commercial)
loudoun_permit,Loudoun County,VSMP-2024-000028,VSMP Permit for the planned IAD12 and IAD13 Data Center,Little River,Issued,,,,,203354208000,,VSMP-2024-000028,1 41840 LN,1713412800000,VESMP
loudoun_permit,Loudoun County,BLDC-2024-054864,This is a three story data center that includes both core & shell and tenant fit-up. This is for Phase 8.,Dulles,Issued,20274.0,,,,203170856000,,BLDC-2024-054864,1 42090 LN,1750996800000,Building (Commercial)
loudoun_permit,Loudoun County,FIREC-2026-014410,"IAD 158 - Two story, 12 Romp Data Center - Phase 09",Dulles,Issued,,,,,096183926000,,FIREC-2026-014410,1 25410 DR,1782100800000,Fire Protection (Commercial)
loudoun_permit,Loudoun County,V10319730003,NEW DATA CENTER,Broad Run,Issued,,,,,089100937000,,V10319730003,1 22291 RD,1761710400000,Elevator Maintenance
loudoun_permit,Loudoun County,BLDC-2024-054959,This is a three story data center that includes both core & shell and tenant fit-up. This is for Phase 17.,Dulles,Issued,22374.1,,,,203170856000,,BLDC-2024-054959,1 42090 LN,1750996800000,Building (Commercial)
loudoun_permit,Loudoun County,BLDC-2024-031304,Three story data center that includes both core & shell and tenant fit-up. The tenant fit-up is broken into office + 18 phases and we would like each phase to have a separate permit. We are initially submitting Architectural and Structural drawing sets for review with the remainder of the discipline sets to be submitted once the Architectural and Structural sets are approved.,Dulles,Issued,429213.0,,,,203170856000,,BLDC-2024-031304,1 42090 LN,1746542289000,Building (Commercial)
loudoun_permit,Loudoun County,MECHC-2024-062810,"Fourth building on the campus. CURRENT: CORE/SHELL 3-STORY FLEX WAREHOUSE AND COMMERCIAL OFFICE, FUTURE PURPOSE OF SPACE: 3-STORY SINGLE TENANT COMPUTER DATA CENTER.",Leesburg,Issued,,,,,193178229000,,MECHC-2024-062810,1 42590 DR,1738558800000,Mechanical (Commercial)
loudoun_permit,Loudoun County,FIREC-2026-012464,TI Build-out of IAD-174 a Two Story 12 POD Data Center - Phase 5,Sterling,Issued,,,,,030455548000,,FIREC-2026-012464,1 21215 BLVD,1776916800000,Fire Protection (Commercial)
loudoun_permit,Loudoun County,ELECC-2024-063870,EPMS- 25 LV EPMS SCADA DEVICES INSTALLATION FOR PHASE 10 FOR DATA CENTER,Sterling,Issued,,,,,062275493003,,ELECC-2024-063870,1 22275 RD,1736226000000,Electrical (Commercial)
loudoun_permit,Loudoun County,ZONC-2024-042646,Data Center Architectural and Structural Tenant Fit-Out for Phase 10,Leesburg,Issued,,,,,193276668000,,ZONC-2024-042646,1 20575 DR,1732078800000,Zoning (Commercial)
loudoun_permit,Loudoun County,ELECC-2025-003296,This project is identified as LC11 Data Center. This site is located east of Route 607 (Loudoun County Parkway) and north of Route 267 (Dulles Greenway). This data center consists of a three-story building and associated utilities and infrastructure. This permit will be for temporary service phase 1 (T1). This permit will be for temporary service to the building. Other - (3) Distribution boards and (20) Disconnects,Broad Run,Issued,,,,,089496314001,,ELECC-2025-003296,1 22235 PKWY,1767589200000,Electrical (Commercial)
loudoun_permit,Loudoun County,Z30295890101,DATA CENTER/ADDITION,Broad Run,Issued,,,,,089291706000,,Z30295890101,1 43940 PLZ,1363838400000,Zoning (Commercial)
loudoun_permit,Loudoun County,K80223390105,DATA CENTER,Broad Run,Issued,,,,,041352218000,,K80223390105,1 20935 PKWY,1527825600000,Fire Protection (Commercial)
loudoun_permit,Loudoun County,MECHC-2025-007430,Phase 1 Tenant Interiors buildout of the LC11 Data Center building. Phase 1 includes mechanical and electrical rooms and equipment on Levels 1 - 3 to support turnover of 1 of 4 Data Halls.,Broad Run,Issued,,,,,089496314001,,MECHC-2025-007430,1 22235 PKWY,1740718800000,Mechanical (Commercial)
loudoun_permit,Loudoun County,ELECC-2025-047695,"Low voltage control wiring for building automation systems (BAS). This consists of wiring connections between the control panels and the You’re done ces and equipment that monitor the temperature, pressure and humidity of the building and rooms. Work involves connecting plenum rated RS-485 communication wire, 18 to 22 gauge control wires and ¼” polytube from control panels to multiple temperature and humidity sensors throughout the data center. These control wires will be installed in 3/4""-1"" conduit and/or free hanging in ceiling plenum areas. The low voltage panels and devices will be supplied by the owner.",Sterling,Issued,,,,,045279612000,,ELECC-2025-047695,1 22715 DR,1784260800000,Electrical (Commercial)
loudoun_permit,Loudoun County,X20212030001,"DESIGN OF DATA CENTER, BONDED GRADING,",Broad Run,Issued,,,,,061285496000,,X20212030001,1 44631 RD,1631505600000,Grading
loudoun_permit,Loudoun County,ELECC-2025-017166,New construction data center service #1 (MVG-01),Sterling,Issued,,,,,044155625000,,ELECC-2025-017166,1 22280 DR,1751947200000,Electrical (Commercial)
loudoun_permit,Loudoun County,PLUMC-2024-060830,PHASE 4/Data Center Architectural and Structural Tenant Fit-Out for Phase 4,Leesburg,Issued,,,,,193276668000,,PLUMC-2024-060830,1 20575 DR,1738990800000,Plumbing (Commercial)
loudoun_permit,Loudoun County,ZONC-2024-060482,This is a three story data center that includes both core & shell and tenant fit-up. This is for Phase 16.,Dulles,Issued,,,,,203170856000,,ZONC-2024-060482,1 42090 LN,1750996800000,Zoning (Commercial)
loudoun_permit,Loudoun County,FIREC-2025-036140,Fire extinguishers for new data center. (158),Sterling,Issued,,,,,044292829001,,FIREC-2025-036140,1 45210 PLZ,1758513600000,Fire Protection (Commercial)
loudoun_permit,Loudoun County,BLDC-2026-005746,"Electrical equipment updates with related overhead cable supports, within existing 1-story data center building. Electronic copy.",Sterling,Issued,6000.0,,,,042197707000,,BLDC-2026-005746,1 W 45305 WAY,1774497600000,Building (Commercial)
loudoun_permit,Loudoun County,Z10415820101,NEW DATA CENTER,Broad Run,Issued,,,,,088407447000,,Z10415820101,1 44495 PLZ,1646197200000,Zoning (Commercial)
loudoun_permit,Loudoun County,ZONC-2026-006306,Data Center Tenant Fitout Construction Phase 02,Dulles,Issued,,,,,096183926000,,ZONC-2026-006306,1 25145 DR,1778472000000,Zoning (Commercial)
loudoun_permit,Loudoun County,FIREC-2024-041096,"fire line - section 5 feet outside of building to first joint inside of building for 2 STORY SINGLE TENANT COMPUTER DATA CENTER - FOUNDATION ONLY, BUILDING A",Sterling,Issued,,,,,122208248000,,FIREC-2024-041096,1 43975 PLZ,1724040000000,Fire Protection (Commercial)
loudoun_permit,Loudoun County,ELECC-2023-006979,Alteration of the manual and automatic fire detection and alarm system for the COLO5 X-Archive room of the IAD01 data center.,Loudoun County,Issued,,,,,235297431000,,ELECC-2023-006979,1 19540 PKWY,1698724800000,Electrical (Commercial)
loudoun_permit,Loudoun County,V30488590002,NEW DATA CENTER,Sterling,Issued,,,,,063498140000,,V30488590002,1 44675 LN,,Elevator Maintenance
loudoun_permit,Loudoun County,PLUMC-2025-000566,"PHASE 5/Data Center Architectural and Structural Tenant Fit-Out for Phase 5. This project involves the fitout of the AWS datacenter covered under the C&S Permit. Phases 1-18 of the datacenter are modular in nature and there is a separate ""Office"" phase. See drawings for exact equipment sizes/quantities.",Leesburg,Issued,,,,,193274995000,,PLUMC-2025-000566,1 20335 DR,1737522000000,Plumbing (Commercial)
loudoun_permit,Loudoun County,ELECC-2026-006312,"Electrical Construction of ""SDC Fit out Scope No.3"" within the new construction of a 3-story data center Core-&-Shell building. The new construction data center ""Core-&-Shell"" is currently under review by Loudoun County under permit case number ELECC-2025-056635 which is a child permit of BLDC-2025-009449. Marked-up colored drawings are provided under this permit and similarly under the ELECC-2025-056635 permit to clearly delineate the ""Core-&-Shell"" scopes versus the ""SDC Fit out Scope No.3"" scopes. Scanned under ELECC-2025-056635 electronic copy.",Loudoun County,Issued,,,,,113167503000,,ELECC-2026-006312,1 19560 LN,1775620800000,Electrical (Commercial)
loudoun_permit,Loudoun County,ZONC-2025-026030,New data center build. Phase 7,Sterling,Issued,,,,,122207249000,,ZONC-2025-026030,1 43855 PLZ,1777608000000,Zoning (Commercial)
loudoun_permit,Loudoun County,V60289350001,DATA CENTER,Broad Run,Issued,,,,,060386530000,,V60289350001,1,1459742400000,Elevator Maintenance
loudoun_permit,Loudoun County,FMOMH-2026-022711,Data Center - VA 22 - Renewal FMOMH-2025-017827,Sterling,Issued,,,,,032155119000,,FMOMH-2026-022711,1 22365 DR,1778244950000,FMO - Moderate/High Hazard
loudoun_permit,Loudoun County,V80337900001,DATA CENTER/SHELL & CORE WORK,Broad Run,Issued,,,,,044154872000,,V80337900001,1 22271 DR,1531281600000,Elevator Maintenance
loudoun_permit,Loudoun County,VSMP-2023-000104,The 22675 Dulles Summit Court Project includes the demolition of three existing industrial buildings and construction of a data center and associated infrastructure under STPL- 2023-0015.,Sterling,Issued,,,,,045252512000,,VSMP-2023-000104,1,1698065390000,VESMP
loudoun_permit,Loudoun County,VSMP-2023-000104,The 22675 Dulles Summit Court Project includes the demolition of three existing industrial buildings and construction of a data center and associated infrastructure under STPL- 2023-0015.,Sterling,Issued,,,,,045254007000,,VSMP-2023-000104,1,1698065390000,VESMP
loudoun_permit,Loudoun County,FIREC-2025-027943,"ALTERATION OF THE MANUAL AND AUTOMATIC FIRE DETECTION AND ALARM SYSTEM FOR THE TRANSMISSION OF ALARM, SUPERVISORY, AND TROUBLE SIGNALS TO THE ELECTRONIC POWER MANAGMENT SYSTEM (EPMS) IN THE ADMIN FOC ROOM OF ONE DATA CENTER. THE EPMS IS ONLY MONITORING SIGNALS FROM THE FIRE ALARM SYSTEM.",Leesburg,Issued,,,,,235297431000,,FIREC-2025-027943,1 19515 PKWY,1751256000000,Fire Protection (Commercial)
loudoun_permit,Loudoun County,BLDC-2026-004374,"Phase 3 Tenant Interiors Buildout of the LC8 Data Center Building. Phase 3 includes mechanical, electrical rooms and equipment on levels 1-3 to support turnover of data halls 101 and 201.",Sterling,Issued,218085.0,,,,062257134000,,BLDC-2026-004374,1 22190 PKWY,1776398400000,Building (Commercial)
loudoun_permit,Loudoun County,BLDC-2026-006581,"Electrical equipment upgrades, along with related mechanical equipment installations, within existing 1-story data center building. Electronic copy.",Sterling,Issued,10000.0,,,,033201325000,,BLDC-2026-006581,1 45900 PLZ,1775793600000,Building (Commercial)
loudoun_permit,Loudoun County,ELECC-2026-006308,"Electric Construction of ""SDC Fit out Scope No.2"" within the new construction of a 3-story data center Core-&-Shell building. The new construction data center ""Core-&-Shell"" is currently under review by Loudoun County under permit case number ELECC-2025-056635 which is a child permit of BLDC-2025-009449. Marked-up colored drawings are provided under this permit and similarly under the ELECC-2025-056635 permit to clearly delineate the ""Core-&-Shell"" scopes versus the ""SDC Fit out Scope No.2"" scopes. Scanned under ELECC-2025-056635 electronic copy",Loudoun County,Issued,,,,,113167503000,,ELECC-2026-006308,1 19560 LN,1775620800000,Electrical (Commercial)
loudoun_permit,Loudoun County,ELECC-2024-013857,"Electrical Permit for adding 64 canopies to data center. Includes: 128 Light Fixtures, 63 Outlets, 4 circuits, and connect 8 PV chargers/ inverters.",Sterling,Issued,,,,,044288975001,,ELECC-2024-013857,1 45200 PLZ,1712894400000,Electrical (Commercial)
loudoun_permit,Loudoun County,ELECC-2026-012154,"CloudHQ LC8 is a two-story 96MW Data Center located at 22190 Loudoun County Pkwy., Ashburn VA, 20147. This permit is for equipment and service to HVS-MVR105-01 (Service 4). The associated building permit is BLDC-2025-029746 and the associated Electrical permit is ELECC-2025-052183.",Sterling,Issued,,,,,062257134000,,ELECC-2026-012154,1 22190 PKWY,1780632000000,Electrical (Commercial)
loudoun_permit,Loudoun County,ZONC-2026-006316,Data Center Tenant Fitout Construction Phase 06 IAD 327,Dulles,Issued,,,,,096183926000,,ZONC-2026-006316,1 25145 DR,1778472000000,Zoning (Commercial)
loudoun_permit,Loudoun County,MECHC-2024-063357,This is a three story data center that includes both core & shell and tenant fit-up. This is for Phase 15.,Dulles,Issued,,,,,203170856000,,MECHC-2024-063357,1 42090 LN,1751515200000,Mechanical (Commercial)
loudoun_permit,Loudoun County,ELECC-2024-064782,"Electrical equipment upgrades in existing 1-story data center building, along with related mechanical installations. (Elec contractor TBD)",Sterling,Issued,,,,,045282657000,,ELECC-2024-064782,1 45111 LN,1755144000000,Electrical (Commercial)
loudoun_permit,Loudoun County,K70247020101,FUTURE TENANT FIT UP/DATA CENTER,Broad Run,Issued,,,,,034462865000,,K70247020101,1 22811 DR,1497240000000,Fire Protection (Commercial)
loudoun_permit,Loudoun County,BLDC-2025-023281,New data center build. Phase 16,Sterling,Issued,,,,,122207249000,,BLDC-2025-023281,1 43855 PLZ,1777521600000,Building (Commercial)
loudoun_permit,Loudoun County,X20221390001,"RELOCATION DRIVE DATA CENTER, BONDED GRADING, 0 MI W OF RELOCATIONDR (RT 775) 0 MI S OF LOUDOUN DOWNS LN",Sterling,Issued,,,,,045279612000,,X20221390001,1 22715 DR,1660795200000,Grading
loudoun_permit,Loudoun County,ELECC-2025-000432,"Data Center Architectural and Structural Tenant Fit-Out for Phase 7. This project involves the fitout of the AWS datacenter covered under the C&S Permit. Phases 1-18 of the datacenter are modular in nature and there is a separate ""Office"" phase. See drawings for exact equipment sizes/quantities.",Leesburg,Issued,,,,,193274995000,,ELECC-2025-000432,1 20335 DR,1745467200000,Electrical (Commercial)
loudoun_permit,Loudoun County,MECHC-2025-033448,Data Center Tenant Fitout Construction - Phase 11,Dulles,Issued,,,,,096183926000,,MECHC-2025-033448,1 25190 DR,1771822800000,Mechanical (Commercial)
loudoun_permit,Loudoun County,V00405020002,DATA CENTER / CORE & SHELL,Unknown,Issued,,,,,042394385003,,V00405020002,1 21340 BLVD,1757476800000,Elevator Maintenance
loudoun_permit,Loudoun County,MECHC-2025-000211,This is a three story data center that includes both core & shell and tenant fit-up. This is for the office phase.,Dulles,Issued,,,,,203170856000,,MECHC-2025-000211,1 42090 LN,1751515200000,Mechanical (Commercial)
loudoun_permit,Loudoun County,PLUMC-2025-044442,Plumbing Permit - Phase 2 build out of new data center.,Sterling,Issued,,,,,045465016000,,PLUMC-2025-044442,1 22425 LN,1764651600000,Plumbing (Commercial)
loudoun_permit,Loudoun County,MECHC-2025-000613,"Data Center Architectural and Structural Tenant Fit-Out for Phase 15. This project involves the fitout of the AWS data center covered under the C&S Permit. Phases 1-18 of the datacenter are modular in nature and there is a separate ""Office"" phase. See drawings for exact equipment sizes/quantities. Phase 1-18 mechanical equipment consist Datahall Air Handling Units (93,500 CFM air handling unit each with a direct evaporation coil) and Rooftop Exhaust Fan Arrays (68,000 CFM each). See drawings for exact equipment sizes/quantities.",Leesburg,Issued,,,,,193274995000,,MECHC-2025-000613,1 20335 DR,1739250000000,Mechanical (Commercial)
loudoun_permit,Loudoun County,FIREC-2026-012454,TI Build-out of IAD-174 a Two Story 12 POD Data Center.,Sterling,Issued,,,,,030455548000,,FIREC-2026-012454,1 21215 BLVD,1780977600000,Fire Protection (Commercial)
loudoun_permit,Loudoun County,BLDC-2024-035580,Data Center Architectural and Structural Tenant Fit-Out for Phase 7,Leesburg,Issued,19845.8,,,,193276668000,,BLDC-2024-035580,1 20575 DR,1732078800000,Building (Commercial)
loudoun_permit,Loudoun County,ELECC-2026-015021,"Suite 210, Service R: New construction/electrical system for a new data hall suite with a newly built IAD56 data center building.",Broad Run,Issued,,,,,061394321000,,ELECC-2026-015021,1 21780 CT,1782705600000,Electrical (Commercial)
loudoun_permit,Loudoun County,BLDC-2025-057911,Data Center Tenant Fitout Construction - Phase 04,Dulles,Issued,,,,,096183926000,,BLDC-2025-057911,1 25374 DR,1778472000000,Building (Commercial)
loudoun_permit,Loudoun County,V30478280001,NEW DATA CENTER,Broad Run,Issued,,,,,088481748000,,V30478280001,1 21630 DR,1676437200000,Elevator Maintenance
loudoun_permit,Loudoun County,ZONC-2026-005456,Data Center Tenant Fitout Construction - Phase 12,Dulles,Issued,,,,,096183926000,,ZONC-2026-005456,1 25374 DR,1778472000000,Zoning (Commercial)
loudoun_permit,Loudoun County,BLDC-2025-026623,Data Center Tenant Fitout Construction - Phase 09,Dulles,Issued,,,,,096183926000,,BLDC-2025-026623,1 25190 DR,1770786000000,Building (Commercial)
loudoun_permit,Loudoun County,ZONC-2025-051977,Suite Tenant Fit-Out/Data Hall in an existing Data Center Core and Shell,Broad Run,Issued,,,,,061394321000,,ZONC-2025-051977,1 21780 CT,1778731200000,Zoning (Commercial)
loudoun_permit,Loudoun County,ELECC-2026-004849,New construction of Temporary Power to a 3-level data center building pad.,Loudoun County,Issued,,,,,113167503000,,ELECC-2026-004849,1 19560 LN,1772168400000,Electrical (Commercial)
loudoun_permit,Loudoun County,PLUMC-2025-000581,"PHASE 16/Data Center Architectural and Structural Tenant Fit-Out for Phase 16. This project involves the fitout of the AWS datacenter covered under the C&S Permit. Phases 1-18 of the datacenter are modular in nature and there is a separate ""Office"" phase. See drawings for exact equipment sizes/quantities.",Leesburg,Issued,,,,,193274995000,,PLUMC-2025-000581,1 20335 DR,1737522000000,Plumbing (Commercial)
loudoun_permit,Loudoun County,ELECC-2025-036540,Temporary Power Service for Data Center Construction,Loudoun County,Issued,,,,,124369522000,,ELECC-2025-036540,1 43304 RD,1756958400000,Electrical (Commercial)
loudoun_permit,Loudoun County,ZONC-2025-003116,Phase 2 Tenant Interiors buildout of the LC11 Data Center building. Phase 2 includes mechanical and electrical rooms and equipment on Level 3 to support turnover of 1 of 2 Data Halls on Level 3.,Broad Run,Issued,,,,,089496314001,,ZONC-2025-003116,1 22235 PKWY,1747713600000,Zoning (Commercial)
loudoun_permit,Loudoun County,BLDC-2026-000072,Data Center Tenant Fitout Construction - Phase 10,Dulles,Issued,,,,,096183926000,,BLDC-2026-000072,1 25145 DR,1778472000000,Building (Commercial)
loudoun_permit,Loudoun County,BLDC-2025-057915,Data Center Tenant Fitout Construction- Phase 08,Dulles,Issued,,,,,096183926000,,BLDC-2025-057915,1 25374 DR,1778472000000,Building (Commercial)
loudoun_permit,Loudoun County,BLDC-2025-026603,Data Center Tenant Fitout Construction - Phase 01,Dulles,Issued,,,,,096183926000,,BLDC-2025-026603,1 25190 DR,1770613200000,Building (Commercial)
loudoun_permit,Loudoun County,ZONC-2026-004309,"Electrical equipment updates, and related overhead cable supports, within existing 1-story data center building. Electronic copy.",Broad Run,Issued,,,,,041352218000,,ZONC-2026-004309,1 20935 PKWY,1775188800000,Zoning (Commercial)
loudoun_permit,Loudoun County,ELECC-2025-011194,Data Center Architectural and Structural Tenant Fit-Out for Phase 16; USB 3.6E SERVICE,Leesburg,Issued,,,,,193274995000,,ELECC-2025-011194,1 20335 DR,1745467200000,Electrical (Commercial)
loudoun_permit,Loudoun County,ELECC-2026-015032,"Suite 210, Service D-- New construction/electrical system for a new data hall suite with a newly built IAD56 data center building.",Broad Run,Issued,,,,,061394321000,,ELECC-2026-015032,1 21780 CT,1782187200000,Electrical (Commercial)
loudoun_permit,Loudoun County,ZONC-2024-003490,Fit-out of Colo 4 data center,Little River,Issued,,,,,203354208000,,ZONC-2024-003490,1 42031 LN,1733425031000,Zoning (Commercial)
loudoun_permit,Loudoun County,K20448700105,DATA CENTER,Unknown,Issued,,,,,044381108002,,K20448700105,1 45130 PLZ,1661745600000,Fire Protection (Commercial)
loudoun_permit,Loudoun County,MECHC-2025-020650,Phase 3 Tenant Interiors buildout of the LC11 Data Center building. Phase 3 includes mechanical and electrical rooms and equipment on Levels 2 to support turnover of 1 of 4 Data Halls.,Broad Run,Issued,,,,,089496314001,,MECHC-2025-020650,1 22235 PKWY,1747800000000,Mechanical (Commercial)
loudoun_permit,Loudoun County,ZONC-2025-003924,New Data Center Construction,Dulles,Issued,,,,,096183926000,,ZONC-2025-003924,1 25190 DR,1752552000000,Zoning (Commercial)
loudoun_permit,Loudoun County,ELECC-2026-025010,Phase 5 Data Center,Sterling,Issued,,,,,062275493002,,ELECC-2026-025010,1 22285 RD,1782964800000,Electrical (Commercial)
loudoun_permit,Loudoun County,MECHC-2025-009770,Data Center,Loudoun County,Issued,,,,,162176713000,,MECHC-2025-009770,1 24400 LN,1747800000000,Mechanical (Commercial)
loudoun_permit,Loudoun County,MECHC-2024-063367,This is a three story data center that includes both core & shell and tenant fit-up. This is for Phase 18.,Dulles,Issued,,,,,203170856000,,MECHC-2024-063367,1 42090 LN,1751515200000,Mechanical (Commercial)
loudoun_permit,Loudoun County,ELECC-2026-014804,"Suite 110, Service A: -New construction/electrical system for a new data hall suite with a newly built IAD56 data center building. Related Permits: ELECC-2026-014789: Service B ELECC-2026-014785: Service C ELECC-2026-014780: Service D ELECC-2026-014777: Service F ELECC-2026-014766: Service R",Broad Run,Issued,,,,,061394321000,,ELECC-2026-014804,1 21780 CT,1782187200000,Electrical (Commercial)
loudoun_permit,Loudoun County,VSMP-2023-000104,The 22675 Dulles Summit Court Project includes the demolition of three existing industrial buildings and construction of a data center and associated infrastructure under STPL- 2023-0015.,Sterling,Issued,,,,,045252512000,,VSMP-2023-000104,22725 CT,1698065390000,VESMP
loudoun_permit,Loudoun County,VSMP-2023-000104,The 22675 Dulles Summit Court Project includes the demolition of three existing industrial buildings and construction of a data center and associated infrastructure under STPL- 2023-0015.,Sterling,Issued,,,,,045254007000,,VSMP-2023-000104,22725 CT,1698065390000,VESMP
loudoun_permit,Loudoun County,ELECC-2025-003371,"This project is identified as LC11 Data Center. This site is located east of Route 607 (Loudoun County Parkway) and north of Route 267 (Dulles Greenway). This data center consists of a three-story building and associated utilities and infrastructure. This permit will be for low voltage phase 4. This includes fire alarm, security, and telecom. The attachment shown is only for LC11, LC12 pages have been removed.",Broad Run,Issued,,,,,089496314001,,ELECC-2025-003371,1 22235 PKWY,1747713600000,Electrical (Commercial)
loudoun_permit,Loudoun County,ZONC-2026-006297,"Electrical equipment updates with related overhead cable supports, within existing 1-story data center building. Electronic copy.",Sterling,Issued,,,,,033201325000,,ZONC-2026-006297,1 45950 PLZ,1774497600000,Zoning (Commercial)
loudoun_permit,Loudoun County,ZONC-2024-063390,"Construction of ""SDC Fitout Scope No.1"" within the new construction of a 4-story data center Core-&-Shell building. The new construction data center ""Core-&-Shell"" is currently under review by Loudoun County under permit case number BLDC-2024-055894. Marked-up colored drawings are provided under this permit and similarly under the BLDC-2024-055894 permit to clearly delineate the ""Core-&-Shell"" scopes versus the ""SDC Fitout Scope No.1"" scopes.",Sterling,Issued,,,,,063477734000,,ZONC-2024-063390,1 44595 LN,1758081600000,Zoning (Commercial)
loudoun_permit,Loudoun County,ZONC-2025-026213,New data center build. Phase 15,Sterling,Issued,,,,,122207249000,,ZONC-2025-026213,1 43855 PLZ,1777521600000,Zoning (Commercial)
loudoun_permit,Loudoun County,FIREC-2025-034173,Underground Fireline leading to 5 feet from new construction of Data Center. (NEW CONSTRUCTION / CORE & SHELL),Dulles,Issued,,,,,203170856000,,FIREC-2025-034173,1 42090 LN,1754452800000,Fire Protection (Commercial)
loudoun_permit,Loudoun County,BLDC-2026-013337,Data Center Architectural and Structural Tenant Fit-Out for Phase 6 of the data center. There are a total of 15 phases in this project.,Leesburg,Issued,19412.0,,,,193178229000,,BLDC-2026-013337,1 42590 DR,1777867200000,Building (Commercial)
loudoun_permit,Loudoun County,MECHC-2024-061633,"Data Center Architectural and Structural Tenant Fit-Out for Phase 9. This project involves the fitout of the AWS data center covered under the C&S Permit. Phases 1-12 of the datacenter are modular in nature and there is a separate ""Office"" phase. See drawings for exact equipment sizes/quantities. Phase 1-12 mechanical equipment consist Datahall Air Handling Units (93,500 CFM air handling unit each with a direct evaporation coil) and Rooftop Exhaust Fan Arrays (68,000 CFM each). See drawings for exact equipment sizes/quantities.",Leesburg,Issued,,,,,193276668000,,MECHC-2024-061633,1 20575 DR,1739250000000,Mechanical (Commercial)
loudoun_permit,Loudoun County,FIREC-2025-049765,VESDA system for new construction data center (DH2100),Sterling,Issued,,,,,044155625000,,FIREC-2025-049765,1 22280 DR,1776657600000,Fire Protection (Commercial)
loudoun_permit,Loudoun County,ELECC-2025-022368,New construction 3-story data center fire alarm low-voltage electrical work (DH2100 Upfit),Sterling,Issued,,,,,044155625000,,ELECC-2025-022368,1 22280 DR,1747800000000,Electrical (Commercial)
loudoun_permit,Loudoun County,FIREC-2026-014416,"IAD 158 - Two story, 12 Romp Data Center - Phase 12",Dulles,Issued,,,,,096183926000,,FIREC-2026-014416,1 25410 DR,1782100800000,Fire Protection (Commercial)
loudoun_permit,Loudoun County,BLDC-2026-005791,"Electrical equipment updates with related overhead cable supports, within existing 1-story data center building. Electronic copy.",Sterling,Issued,8000.0,,,,033201325000,,BLDC-2026-005791,1 45950 PLZ,1774497600000,Building (Commercial)
loudoun_permit,Loudoun County,BLDC-2024-000861,Data Center - Core and Shell,Leesburg,Issued,260181.0,,,,235297431000,,BLDC-2024-000861,1 41785 LN,1724731200000,Building (Commercial)
loudoun_permit,Loudoun County,X20220200001,"DATA CENTER, BONDED GRADING,",Broad Run,Issued,,,,,062256361000,,X20220200001,1 22200 PKWY,1651204800000,Grading
loudoun_permit,Loudoun County,PLUMC-2024-063350,"PHASE 13/This is a three story data center that includes both core & shell and tenant fit-up. This is for Phase 13. 3 Water Service Lines (Industrial Water, Domestic Water, Fire Water), 2 Waste (IWW & DW)",Dulles,Issued,,,,,203170856000,,PLUMC-2024-063350,1 42090 LN,1751428800000,Plumbing (Commercial)
loudoun_permit,Loudoun County,PLUMC-2025-056002,"New construction, 2 story, 96 MW data center on existing CloudHQ campus. Permit for Aboveground Plumbing Systems.",Sterling,Issued,,,,,062257134000,,PLUMC-2025-056002,1 22190 PKWY,1767157200000,Plumbing (Commercial)
loudoun_permit,Loudoun County,ZONC-2026-013447,Data Center Architectural and Structural Tenant Fit-Out for Phase 9 of the data center. There are a total of 18 phases in this project.,Leesburg,Issued,,,,,193281883000,,ZONC-2026-013447,1 42376 DR,1777262400000,Zoning (Commercial)
loudoun_permit,Loudoun County,BLDC-2025-023273,New data center build. Phase 15,Sterling,Issued,,,,,122207249000,,BLDC-2025-023273,1 43855 PLZ,1777521600000,Building (Commercial)
loudoun_permit,Loudoun County,ELEVM-2023-015787,DATA CENTER,Broad Run,Issued,,,,,042152579000,,ELEVM-2023-015787,1 21529 CIR,1699978161000,Elevator Maintenance
loudoun_permit,Loudoun County,ELECC-2026-004781,Data Center Tenant Fitout Construction - Phase 01 Office,Dulles,Issued,,,,,096183926000,,ELECC-2026-004781,1 25190 DR,1772686800000,Electrical (Commercial)
loudoun_permit,Loudoun County,PLUMC-2024-063298,"PHASE 7/This is a three story data center that includes both core & shell and tenant fit-up. This is for Phase 7. 3 Water Service Lines (Industrial Water, Domestic Water, Fire Water), 2 Waste (IWW & DW)",Dulles,Issued,,,,,203170856000,,PLUMC-2024-063298,1 42090 LN,1751428800000,Plumbing (Commercial)
loudoun_permit,Loudoun County,MECHC-2025-033432,Data Center Tenant Fitout Construction - Phase 01,Dulles,Issued,,,,,096183926000,,MECHC-2025-033432,1 25190 DR,1771822800000,Mechanical (Commercial)
loudoun_permit,Loudoun County,ELECC-2025-003313,"This project is identified as LC11 Data Center. This site is located east of Route 607 (Loudoun County Parkway) and north of Route 267 (Dulles Greenway). This data center consists of a three-story building and associated utilities and infrastructure. This permit will be for phase 4. The attachment shown is only for LC11, LC12 pages have been removed.",Broad Run,Issued,,,,,089496314001,,ELECC-2025-003313,1 22235 PKWY,1749700800000,Electrical (Commercial)
loudoun_permit,Loudoun County,ELECC-2025-011142,Data Center Architectural and Structural Tenant Fit-Out for the Phase 1; USB 3.1B SERVICE,Leesburg,Issued,,,,,193276668000,,ELECC-2025-011142,1 20575 DR,1744603200000,Electrical (Commercial)
loudoun_permit,Loudoun County,BLDC-2024-054824,This is a three story data center that includes both core & shell and tenant fit-up. This is for Phase 3.,Dulles,Issued,19060.2,,,,203170856000,,BLDC-2024-054824,1 42090 LN,1751035368000,Building (Commercial)
loudoun_permit,Loudoun County,BLDC-2026-013001,Data Center Architectural and Structural Tenant Fit-Out for the office area and Phase 1 of the data center. There are a total of 18 phases in this project.,Leesburg,Issued,72721.0,,,,193281883000,,BLDC-2026-013001,1 42376 DR,1779422400000,Building (Commercial)
loudoun_permit,Loudoun County,VSMP-2021-0036,"IAD11 DATA CENTER REQUEST APPROVAL OF A VIRGINIA STORMWATER MANAGEMENT PROGRAM(VSMP) FOR THE DISTURBED AREA OF 62.1 ACRES, IN THE PLANNED DEVELOPMENT- INDUSTRIAL PARK (PDIP) ZONING DISTRICT. HV",Blue Ridge,Issued,,,,,203354208000,,VSMP-2021-0036,1 41840 LN,1626235200000,VESMP
loudoun_permit,Loudoun County,ZONC-2025-025777,New data center build. Phase 2,Sterling,Issued,,,,,122207249000,,ZONC-2025-025777,1 43855 PLZ,1777608000000,Zoning (Commercial)
loudoun_permit,Loudoun County,X20231280001,"PROJECT CELTIC PHASE 1 DATA CENTER, BONDED GRADING, 0.1MI E OF SYCOLIN RD, 0.4MI N OF DULLES GREENWAY",Leesburg,Issued,,,,,193279018000,,X20231280001,1 42049 DR,1696564800000,Grading
loudoun_permit,Loudoun County,FMOMH-2026-017802,Fire permit for data center,Sterling,Issued,,,,,045391908000,,FMOMH-2026-017802,1 45220 PLZ,1776342754000,FMO - Moderate/High Hazard
loudoun_permit,Loudoun County,ELECC-2025-032923,Low Voltage for HVAC controls for Data Center Architectural and Structural Tenant Fit-Out for Phase 13,Leesburg,Issued,,,,,193274995000,,ELECC-2025-032923,1 20335 DR,1753934400000,Electrical (Commercial)
loudoun_permit,Loudoun County,ELECC-2024-063107,Data Center Build - Electrical construction,Broad Run,Issued,,,,,060209652000,,ELECC-2024-063107,1 44710 CIR,1746417600000,Electrical (Commercial)
loudoun_permit,Loudoun County,ELECC-2025-057662,Service A: New construction/electrical system for a new data hall suite with a newly built IAD56 data center building.,Broad Run,Issued,,,,,061394321000,,ELECC-2025-057662,1 21780 CT,1774497600000,Electrical (Commercial)
loudoun_permit,Loudoun County,ZONC-2024-041046,Data Center Architectural and Structural Tenant Fit-Out for Phase 1,Leesburg,Issued,,,,,193274995000,,ZONC-2024-041046,1 20335 DR,1727841600000,Zoning (Commercial)
loudoun_permit,Loudoun County,ZONC-2024-003536,Fit-out of Colo 3 data center,Little River,Issued,,,,,203354208000,,ZONC-2024-003536,1 42010 LN,1732125356000,Zoning (Commercial)
loudoun_permit,Loudoun County,MECHC-2024-058894,Fit-out of Colo 3 data center,Little River,Issued,,,,,203354208000,,MECHC-2024-058894,1 42010 LN,1733374800000,Mechanical (Commercial)
loudoun_permit,Loudoun County,ELECC-2024-062718,"Fourth building on the campus. CURRENT: CORE/SHELL 3-STORY FLEX WAREHOUSE AND COMMERCIAL OFFICE, FUTURE PURPOSE OF SPACE: 3-STORY SINGLE TENANT COMPUTER DATA CENTER.",Leesburg,Issued,,,,,193178229000,,ELECC-2024-062718,1 42590 DR,1740027600000,Electrical (Commercial)
loudoun_permit,Loudoun County,BLDC-2026-005596,"Electrical equipment updates with related overhead cable supports, within existing 1-story data center building. Electronic copy.",Dulles,Issued,6000.0,,,,097354183000,,BLDC-2026-005596,1 25316 LN,1773979200000,Building (Commercial)
loudoun_permit,Loudoun County,ELECC-2025-026694,"Phase #3 Low voltage control wiring for building automation systems (BAS). This consists of wiring connections between the control panels and the devices and equipment that monitor the temperature, pressure and humidity of the building and rooms. Work involves connecting plenum rated RS-485 communication wire, 18 to 22 gauge control wires and ¼” polytube from control panels to multiple temperature and humidity sensors throughout the data center. These control wires will be installed in 3/4""-1"" conduit and/or free hanging in ceiling plenum areas. The low voltage panels and devices will be supplied by the owner. Total number of devices to be connected is 258. Related parent permit is BLDC-2025-002427.",Broad Run,Issued,,,,,089496314001,,ELECC-2025-026694,1 22235 PKWY,1750219200000,Electrical (Commercial)
loudoun_permit,Loudoun County,ZONC-2024-041799,Data Center Architectural and Structural Tenant Fit-Out for Phase 15,Leesburg,Issued,,,,,193274995000,,ZONC-2024-041799,1 20335 DR,1734757200000,Zoning (Commercial)
loudoun_permit,Loudoun County,PLUMC-2024-057269,Fit-out of Colo 3 data center,Little River,Issued,,,,,203354208000,,PLUMC-2024-057269,1 42031 LN,1733979600000,Plumbing (Commercial)
loudoun_permit,Loudoun County,PLUMC-2025-000582,"PHASE 17/Data Center Architectural and Structural Tenant Fit-Out for Phase 17. This project involves the fitout of the AWS datacenter covered under the C&S Permit. Phases 1-18 of the datacenter are modular in nature and there is a separate ""Office"" phase. See drawings for exact equipment sizes/quantities.",Leesburg,Issued,,,,,193274995000,,PLUMC-2025-000582,1 20335 DR,1737522000000,Plumbing (Commercial)
loudoun_permit,Loudoun County,VSMP-2024-000087,Data center,Sterling,Issued,,,,,030292034000,,VSMP-2024-000087,1 45865 RD,1731646800000,VESMP
loudoun_permit,Loudoun County,PLUMC-2025-009450,Revision to PLUMC-2024-060157 to add sink and plan revisions to 2 STORY SINGLE TENANT COMPUTER DATA CENTER,Loudoun County,Issued,,,,,122208248000,,PLUMC-2025-009450,1 43975 PLZ,1741237200000,Plumbing (Commercial)
loudoun_permit,Loudoun County,ELECC-2025-006667,low voltage for HVAC controls for Fit-out of Colo 3 data center,Little River,Issued,,,,,203354208000,,ELECC-2025-006667,1 42031 LN,1740632400000,Electrical (Commercial)
loudoun_permit,Loudoun County,VSMP-2021-0038,"AREP BEAUMEADE DATA CENTER REQUEST APPROVAL OF A VIRGINIA STORMWATER MANAGEMENT PROGRAM (VSMP) FOR THE DISTURBED AREA OF 10.23 ACRES, IN THE PLANNED DEVELOPMENT INDUSTRIAL PARK (PDIP) ZONING DISTRICT. AM",Broad Run,Issued,,,,,042152579000,,VSMP-2021-0038,1 21445 CIR,1631851200000,VESMP
loudoun_permit,Loudoun County,ELECC-2024-063876,EPMS- 25 LV EPMS SCADA DEVICES INSTALLATION FOR PHASE 12 FOR DATA CENTER,Sterling,Issued,,,,,062275493003,,ELECC-2024-063876,1 22275 RD,1736226000000,Electrical (Commercial)
loudoun_permit,Loudoun County,PLUMC-2024-063340,"PHASE 12/This is a three story data center that includes both core & shell and tenant fit-up. This is for Phase 12. 3 Water Service Lines (Industrial Water, Domestic Water, Fire Water), 2 Waste (IWW & DW)",Dulles,Issued,,,,,203170856000,,PLUMC-2024-063340,1 42090 LN,1751428800000,Plumbing (Commercial)
loudoun_permit,Loudoun County,ELECC-2025-057701,Service R: New construction/electrical system for a new data hall suite with a newly built IAD56 data center building.,Broad Run,Issued,,,,,061394321000,,ELECC-2025-057701,1 21780 CT,1774497600000,Electrical (Commercial)
loudoun_permit,Loudoun County,PLUMC-2024-063336,"PHASE 11/This is a three story data center that includes both core & shell and tenant fit-up. This is for Phase 11. 3 Water Service Lines (Industrial Water, Domestic Water, Fire Water), 2 Waste (IWW & DW)",Dulles,Issued,,,,,203170856000,,PLUMC-2024-063336,1 42090 LN,1751428800000,Plumbing (Commercial)
loudoun_permit,Loudoun County,ZONC-2026-002086,New Data Center Shell Construction,Dulles,Issued,,,,,096183926000,,ZONC-2026-002086,1 25145 DR,1777608000000,Zoning (Commercial)
loudoun_permit,Loudoun County,X20180990001,"606 DATA CENTER, BONDED GRADING, 606/LOUDOUN COUNTY PKWY",Dulles,Issued,,,,,124369522000,,X20180990001,1 43406 RD,1547010000000,Grading
loudoun_permit,Loudoun County,ELECC-2024-063898,EPMS- 25 LV EPMS SCADA DEVICES INSTALLTION FOR PHASE 15 FOR DATA CENTER,Sterling,Issued,,,,,062275493003,,ELECC-2024-063898,1 22275 RD,1736226000000,Electrical (Commercial)
loudoun_permit,Loudoun County,VSMP-2023-000104,The 22675 Dulles Summit Court Project includes the demolition of three existing industrial buildings and construction of a data center and associated infrastructure under STPL- 2023-0015.,Sterling,Issued,,,,,045252512000,,VSMP-2023-000104,22725 CT,1698065390000,VESMP
loudoun_permit,Loudoun County,VSMP-2023-000104,The 22675 Dulles Summit Court Project includes the demolition of three existing industrial buildings and construction of a data center and associated infrastructure under STPL- 2023-0015.,Sterling,Issued,,,,,045254007000,,VSMP-2023-000104,22725 CT,1698065390000,VESMP
loudoun_permit,Loudoun County,ELECC-2025-052183,"CloudHQ LC8 is a two-story 96MW Data Center 22190 Loudoun County Pkwy., Ashburn VA, 20147, this includes associated utilities and infrastructure for Critical Power Distribution and House Power. The associated building permit is BLDC-2025-029746.",Sterling,Issued,,,,,062257134000,,ELECC-2025-052183,1 22190 PKWY,1779249600000,Electrical (Commercial)
loudoun_permit,Loudoun County,BLDC-2025-057092,"TENANT FIT OUT (TFO) OF EXISTING ROOMS WITHIN THE EDGECORE AS01 DATA CENTER BUILDING. THE TENANT IMPROVEMENTS INCLUDE THE INTERIOR FIT OUT OF THREE EXISTING 36MW DATA HALLS AND OFFICE SPACES WITH AN APPROXIMATE TOTAL AREA OF 107,583 SQUARE FEET.",Sterling,Issued,107583.0,,,,030292034000,,BLDC-2025-057092,1 45831 RD,1772082000000,Building (Commercial)
loudoun_permit,Loudoun County,VSMP-2014-1246,INTERGATE ASHBURN DATA CENTER REQUEST APPROVAL OF VIRGINIA STORM WATER MANAGEMENT PROGRAM (VSMP) RENEWAL. CD,Broad Run,Issued,,,,,088386472000,,VSMP-2014-1246,1 21661 DR,1430280000000,VESMP
loudoun_permit,Loudoun County,ZONC-2025-014047,Data Center,Dulles,Issued,,,,,162176713000,,ZONC-2025-014047,1 24400 LN,1746590400000,Zoning (Commercial)
loudoun_permit,Loudoun County,FIREC-2025-019312,New fire protection system to be installed to accommodate code requirements needed for a new data center.,Broad Run,Issued,,,,,060209652000,,FIREC-2025-019312,1 44710 CIR,1752724800000,Fire Protection (Commercial)
loudoun_permit,Loudoun County,MECHC-2025-052194,New build 2-story 96MW data center on existing CloudHQ campus. Permit for Aboveground Mechanical systems. Building consists of data halls and admin spaces. Air cooled chillers with Adiabatic Trim located on roof provide chilled water for building with TES tanks on grade. Non-Potable Water serves Adiabatic Trim on Chillers. Rooftop Unit with VAV Boxes serves Admin space. Fan Walls provide cooling for Data halls while Makeup Air Units provide fresh air and humidifiers maintain humidity level. Coolant Distribution Units installed for future tenant fit out. Computer Room Air Handlers/Air Conditions serving electrical rooms. Miscellaneous Unit Heaters and Mini Split Systems. Diesel Generators on roof with supply/exhaust ductwork and fuel oil piping/storage tanks. Urea & Compressed Air system for Generator SCR emissions.,Sterling,Issued,,,,,062257134000,,MECHC-2025-052194,1 22190 PKWY,1765429200000,Mechanical (Commercial)
loudoun_permit,Loudoun County,ELECC-2025-006730,ACC2 DATA CENTER - HITEC DRUPS REPLACEMENT PH3 - INSTALL DRUPS FEEDERS AND CONTROL WIRING,Broad Run,Issued,,,,,060182916000,,ELECC-2025-006730,1 44490 PL,1740632400000,Electrical (Commercial)
loudoun_permit,Loudoun County,FMOMH-2026-017684,EHS Annual Permit for Data Centers - IAD57,Sterling,Issued,,,,,045175529000,,FMOMH-2026-017684,1 22755 DR,1776176335000,FMO - Moderate/High Hazard
loudoun_permit,Loudoun County,ELECC-2025-048028,Data Center core and shell - service switch gear 8,Loudoun County,Issued,,,,,124369522000,,ELECC-2025-048028,1 43304 RD,1761624000000,Electrical (Commercial)
loudoun_permit,Loudoun County,VSMP-2022-0026,"DULLES BERRY LC4 DATA CENTER - REQUEST APPROVAL OF A VIRGINIA STORMWATER MANAGEMENT PROGRAM (VSMP) FOR THE DISTURBED AREA OF 51.93 ACRES, IN THE PLANNED DEVELOPMENT-RESEARCH AND DEVELOPMENT PARK (PDRDP) ZONING DISTRICT. AM",Broad Run,Issued,,,,,062256361000,,VSMP-2022-0026,1 22200 PKWY,1648699200000,VESMP
loudoun_permit,Loudoun County,BLDC-2025-057912,Data Center Tenant Fitout Construction - Phase 05,Dulles,Issued,,,,,096183926000,,BLDC-2025-057912,1 25374 DR,1778472000000,Building (Commercial)
loudoun_permit,Loudoun County,V90244140001,NEW DATA CENTER,Unknown,Issued,,,,,061177666001,,V90244140001,1 21955 PKWY,1631592000000,Elevator Maintenance
loudoun_permit,Loudoun County,BLDC-2026-000615,"Electrical equipment updates, and related overhead cable supports, within existing 1-story data center building. Electronic copy.",Dulles,Issued,6000.0,,,,097354183000,,BLDC-2026-000615,1 25311 LN,1771304400000,Building (Commercial)
loudoun_permit,Loudoun County,FMOMH-2026-013287,Data Centers,Broad Run,Issued,,,,,089382215000,,FMOMH-2026-013287,43940 PLZ,1774884512000,FMO - Moderate/High Hazard
loudoun_permit,Loudoun County,FMOMH-2026-013287,Data Centers,Broad Run,Issued,,,,,089291706000,,FMOMH-2026-013287,43940 PLZ,1774884512000,FMO - Moderate/High Hazard
loudoun_permit,Loudoun County,FMOMH-2026-013287,Data Centers,Broad Run,Issued,,,,,089367531000,,FMOMH-2026-013287,43940 PLZ,1774884512000,FMO - Moderate/High Hazard
loudoun_permit,Loudoun County,FMOMH-2026-013287,Data Centers,Broad Run,Issued,,,,,089374763000,,FMOMH-2026-013287,43940 PLZ,1774884512000,FMO - Moderate/High Hazard
loudoun_permit,Loudoun County,FMOMH-2026-013287,Data Centers,Broad Run,Issued,,,,,089278681000,,FMOMH-2026-013287,43940 PLZ,1774884512000,FMO - Moderate/High Hazard
loudoun_permit,Loudoun County,BLDC-2026-000074,Data Center Tenant Fitout Construction - Phase 04 IAD 327,Dulles,Issued,,,,,096183926000,,BLDC-2026-000074,1 25145 DR,1778472000000,Building (Commercial)
loudoun_permit,Loudoun County,ZONC-2026-014166,Data Center Architectural and Structural Tenant Fit-Out for Phase 6 of the data center. There are a total of 15 phases in this project.,Leesburg,Issued,,,,,193178229000,,ZONC-2026-014166,1 42590 DR,1777867200000,Zoning (Commercial)
loudoun_permit,Loudoun County,ELECC-2025-022526,low voltage for HVAC controls for NEW DATA CENTER SBP3A.,Leesburg,Issued,,,,,194498227000,,ELECC-2025-022526,1 20480 LN,1747972800000,Electrical (Commercial)
loudoun_permit,Loudoun County,PLUMC-2025-000573,"PHASE 10/Data Center Architectural and Structural Tenant Fit-Out for Phase 10. This project involves the fitout of the AWS datacenter covered under the C&S Permit. Phases 1-18 of the datacenter are modular in nature and there is a separate ""Office"" phase. See drawings for exact equipment sizes/quantities.",Leesburg,Issued,,,,,193274995000,,PLUMC-2025-000573,1 20335 DR,1737522000000,Plumbing (Commercial)
loudoun_permit,Loudoun County,ELECC-2026-026656,"Electrical Low Voltage Security Pathway Only Construction of ""SDC Fit out Scope No.3"" within the new construction of a 3-story data center Core-&-Shell building.",Loudoun County,Issued,,,,,113167503000,,ELECC-2026-026656,1 19560 LN,1781236800000,Electrical (Commercial)
loudoun_permit,Loudoun County,V00225450001,NEW DATA CENTER - ELEVATOR,Broad Run,Issued,,,,,061275931000,,V00225450001,1 44621 RD,1588564800000,Elevator Maintenance
loudoun_permit,Loudoun County,PLUMC-2025-000579,"PHASE 14/Data Center Architectural and Structural Tenant Fit-Out for Phase 14. This project involves the fitout of the AWS datacenter covered under the C&S Permit. Phases 1-18 of the datacenter are modular in nature and there is a separate ""Office"" phase. See drawings for exact equipment sizes/quantities.",Leesburg,Issued,,,,,193274995000,,PLUMC-2025-000579,1 20335 DR,1737522000000,Plumbing (Commercial)
loudoun_permit,Loudoun County,PLUMC-2024-063361,"PHASE 16/This is a three story data center that includes both core & shell and tenant fit-up. This is for Phase 16. 3 Water Service Lines (Industrial Water, Domestic Water, Fire Water), 2 Waste (IWW & DW)",Dulles,Issued,,,,,203170856000,,PLUMC-2024-063361,1 42090 LN,1751428800000,Plumbing (Commercial)
loudoun_permit,Loudoun County,ELECC-2025-011153,Data Center Architectural and Structural Tenant Fit-Out for Phase 9; USB 1.3B SERVICE,Leesburg,Issued,,,,,193276668000,,ELECC-2025-011153,1 20575 DR,1744603200000,Electrical (Commercial)
loudoun_permit,Loudoun County,B20656720100,DATA CENTER SHELL,Little River,Issued,252600.0,,,,246203645000,,B20656720100,1 24214 LN,1684987200000,Building (Commercial)
loudoun_permit,Loudoun County,BLDC-2024-035592,Data Center Architectural and Structural Tenant Fit-Out for Phase 9,Leesburg,Issued,19845.8,,,,193276668000,,BLDC-2024-035592,1 20575 DR,1732078800000,Building (Commercial)
loudoun_permit,Loudoun County,BLDC-2024-054882,This is a three story data center that includes both core & shell and tenant fit-up. This is for Phase 10.,Dulles,Issued,22374.1,,,,203170856000,,BLDC-2024-054882,1 42090 LN,1750996800000,Building (Commercial)
loudoun_permit,Loudoun County,ELECC-2025-003468,Construct Core and Shell for Data Center.,Sterling,Issued,,,,,044461959000,,ELECC-2025-003468,1 22214 LN,1749441600000,Electrical (Commercial)
loudoun_permit,Loudoun County,V20150140001,DATA CENTER,Broad Run,Issued,,,,,030392674000,,V20150140001,1 21111 CIR,1427428800000,Elevator Maintenance
loudoun_permit,Loudoun County,ELECC-2025-011149,Data Center Architectural and Structural Tenant Fit-Out for Phase 6; USB 1.2B SERVICE,Leesburg,Issued,,,,,193276668000,,ELECC-2025-011149,1 20575 DR,1745208000000,Electrical (Commercial)
loudoun_permit,Loudoun County,ZONC-2024-041765,Data Center Architectural and Structural Tenant Fit-Out for Phase 14,Leesburg,Issued,,,,,193274995000,,ZONC-2024-041765,1 20335 DR,1734757200000,Zoning (Commercial)
loudoun_permit,Loudoun County,ELECC-2025-022665,New construction 3-story data center (Telecommunications systems - DH1100 Upfit),Sterling,Issued,,,,,044155625000,,ELECC-2025-022665,1 22280 DR,1748836800000,Electrical (Commercial)
loudoun_permit,Loudoun County,PLUMC-2024-049901,FAST TRACK; NEW DATA CENTER SBP3A: UG PLUMBING SERVICE SITE CONTRACTORS' UTILITY PERMIT,Leesburg,Issued,,,,,194498227000,,PLUMC-2024-049901,1 20480 LN,1727928000000,Plumbing (Commercial)
loudoun_permit,Loudoun County,ZONC-2023-020891,Tenant Fit-Out/Data Hall in an existing Data Center Core and Shell.,Sterling,Issued,,,,,044370416000,,ZONC-2023-020891,1 44820 DR,1726718400000,Zoning (Commercial)
loudoun_permit,Loudoun County,ZONC-2024-060393,This is a three story data center that includes both core & shell and tenant fit-up. This is for Phase 14.,Dulles,Issued,,,,,203170856000,,ZONC-2024-060393,1 42090 LN,1750996800000,Zoning (Commercial)
loudoun_permit,Loudoun County,ZONC-2024-060489,This is a three story data center that includes both core & shell and tenant fit-up. This is for Phase 5.,Dulles,Issued,,,,,203170856000,,ZONC-2024-060489,1 42090 LN,1750996800000,Zoning (Commercial)
loudoun_permit,Loudoun County,ELECC-2026-026615,"Scope of Work consists of tenant fit out or existing rooms within the Edge core A01 Data Center building. Tenant improvements include interior fit out of three existing 36MW Data halls and office spaces with an approx. total area of 107,583 Square feet.",Sterling,Issued,,,,,030292034000,,ELECC-2026-026615,1 45831 RD,1782273600000,Electrical (Commercial)
loudoun_permit,Loudoun County,ELECC-2025-004851,Underground electrical conduit for new construction data center,Sterling,Issued,,,,,044155625000,,ELECC-2025-004851,1 22280 DR,1739422800000,Electrical (Commercial)
loudoun_permit,Loudoun County,ELECC-2026-007253,Low voltage for HVAC controls for New Data Center Construction,Dulles,Issued,,,,,096183926000,,ELECC-2026-007253,1 25410 DR,1770786000000,Electrical (Commercial)
loudoun_permit,Loudoun County,MECHC-2024-057325,"Mechanical Fit-out of Colo 1 data center Drawing #'s: IAD13-M-D-101-1, IAD13-M-M-01-0",Little River,Issued,,,,,203354208000,,MECHC-2024-057325,1 42010 LN,1732597200000,Mechanical (Commercial)
loudoun_permit,Loudoun County,FIREC-2026-019675,"Scope of work includes the design and installation of a complete automatic fire sprinkler system, fire pump assembly, manual wet standpipe system, and manual dry standpipe system for a new four-story data center facility.",Sterling,Issued,,,,,063479549001,,FIREC-2026-019675,1 44595 LN,1783396800000,Fire Protection (Commercial)
loudoun_permit,Loudoun County,BLDC-2024-047460,"New Construction - Data Center. Electronic copy NTT VA7 is a two-story data center on a 78 acre site. Overall, the facility contains over 268,503.26 SF. 127,700 SF of data hall space and 21,380 SF of office space.",Broad Run,Issued,268503.0,,,,088407447000,,BLDC-2024-047460,1 44395 PLZ,1746676800000,Building (Commercial)
loudoun_permit,Loudoun County,BLDC-2024-047460,"New Construction - Data Center. Electronic copy NTT VA7 is a two-story data center on a 78 acre site. Overall, the facility contains over 268,503.26 SF. 127,700 SF of data hall space and 21,380 SF of office space.",Broad Run,Issued,268503.0,,,,061450432000,,BLDC-2024-047460,1 44395 PLZ,1746676800000,Building (Commercial)
loudoun_permit,Loudoun County,ZONC-2026-006313,Data Center Tenant Fitout Construction - Phase 04 IAD 327,Dulles,Issued,,,,,096183926000,,ZONC-2026-006313,1 25145 DR,1778472000000,Zoning (Commercial)
loudoun_permit,Loudoun County,BLDC-2026-008378,Data center suite fit-out.,Broad Run,Issued,,,,,061394321000,,BLDC-2026-008378,1 21780 CT,1776052800000,Building (Commercial)
loudoun_permit,Loudoun County,ELECC-2025-056455,Scope of Work: Suite 100 - Service C- New construction/electrical system for a new data hall suite with a newly built IAD56 data center building,Broad Run,Issued,,,,,061394321000,,ELECC-2025-056455,1 21780 CT,1775102400000,Electrical (Commercial)
loudoun_permit,Loudoun County,ELECC-2024-063880,EPMS- 25 LV EPMS SCADA DEVICES INSTALLATION FOR PHASE 13 FOR DATA CENTER,Sterling,Issued,,,,,062275493003,,ELECC-2024-063880,1 22275 RD,1736226000000,Electrical (Commercial)
loudoun_permit,Loudoun County,PLUMC-2024-060846,PHASE 10/Data Center Architectural and Structural Tenant Fit-Out for Phase 10,Leesburg,Issued,,,,,193276668000,,PLUMC-2024-060846,1 20575 DR,1734498000000,Plumbing (Commercial)
loudoun_permit,Loudoun County,BLDC-2023-004503,Building 1 of 2 on campus. Revision. Electronic copy CURRENT: CORE/SHELL 3 STORY FLEX WAREHOUSE AND COMMERCIAL OFFICE FUTURE PURPOSE OF SPACE: 3 STORY SINGLE TENANT COMPUTER DATA CENTER Associated grading permit: (County #X20231280001),Loudoun County,Issued,414253.0,,,,193180871000,,BLDC-2023-004503,1 20575 DR,1704258000000,Building (Commercial)
loudoun_permit,Loudoun County,BLDC-2024-035660,Data Center Architectural and Structural Tenant Fit-Out for Phase 17. Parent permit + 13 mass approvals. To replace BLDC-2024-012234(cancelled) as parent permit. electronic copy.,Leesburg,Issued,21594.2,,,,193274995000,,BLDC-2024-035660,1 20335 DR,1734757200000,Building (Commercial)
loudoun_permit,Loudoun County,ZONC-2026-014155,Data Center Architectural and Structural Tenant Fit-Out for Phase 2 of the data center. There are a total of 15 phases in this project.,Leesburg,Issued,,,,,193178229000,,ZONC-2026-014155,1 42590 DR,1777867200000,Zoning (Commercial)
loudoun_permit,Loudoun County,VSMP-2023-000104,The 22675 Dulles Summit Court Project includes the demolition of three existing industrial buildings and construction of a data center and associated infrastructure under STPL- 2023-0015.,Sterling,Issued,,,,,045252512000,,VSMP-2023-000104,22665 CT,1698065390000,VESMP
loudoun_permit,Loudoun County,VSMP-2023-000104,The 22675 Dulles Summit Court Project includes the demolition of three existing industrial buildings and construction of a data center and associated infrastructure under STPL- 2023-0015.,Sterling,Issued,,,,,045254007000,,VSMP-2023-000104,22665 CT,1698065390000,VESMP
loudoun_permit,Loudoun County,BLDC-2026-013225,Data Center Architectural and Structural Tenant Fit-Out for Phase 13 of the data center. There are a total of 18 phases in this project.,Leesburg,Issued,19412.0,,,,193281883000,,BLDC-2026-013225,1 42376 DR,1777262400000,Building (Commercial)
loudoun_permit,Loudoun County,ZONC-2025-026215,New data center build. Phase 16,Sterling,Issued,,,,,122207249000,,ZONC-2025-026215,1 43855 PLZ,1777521600000,Zoning (Commercial)
loudoun_permit,Loudoun County,FIREC-2026-014401,"IAD 158 - Two story, 12 Romp Data Center - Phase 2",Dulles,Issued,,,,,096183926000,,FIREC-2026-014401,1 25410 DR,1782100800000,Fire Protection (Commercial)
loudoun_permit,Loudoun County,ZONC-2025-026040,New data center build. Phase 10,Sterling,Issued,,,,,122207249000,,ZONC-2025-026040,1 43855 PLZ,1777521600000,Zoning (Commercial)
loudoun_permit,Loudoun County,ELECC-2026-004792,"Data Center Tenant Fitout Construction - Phase 01 C1 - Includes outdoor 2800kVA padmount transformer and 2750kW generator, indoor switchboard is rated for 4000A",Dulles,Issued,,,,,096183926000,,ELECC-2026-004792,1 25190 DR,1772686800000,Electrical (Commercial)
loudoun_permit,Loudoun County,ZONC-2026-006322,Data Center Tenant Fitout Construction - Phase 09,Dulles,Issued,,,,,096183926000,,ZONC-2026-006322,1 25145 DR,1778472000000,Zoning (Commercial)
loudoun_permit,Loudoun County,ELECC-2026-029925,Telecommunication Pathways and Details for COLO 2 AREA in IAD 13 Microsoft Data Center Building,Little River,Issued,,,,,203354208000,,ELECC-2026-029925,1 42010 LN,1784088000000,Electrical (Commercial)
loudoun_permit,Loudoun County,Z20655910101,DATA CENTER SHELL,Little River,Issued,,,,,246203645000,,Z20655910101,1 24234 LN,1684987200000,Zoning (Commercial)
loudoun_permit,Loudoun County,PLUMC-2025-033469,Data Center Tenant Fitout Construction - Phase 08,Dulles,Issued,,,,,096183926000,,PLUMC-2025-033469,1 25190 DR,1771822800000,Plumbing (Commercial)
loudoun_permit,Loudoun County,ZONC-2024-041036,Data Center Architectural and Structural Tenant Fit-Out for Office Phase,Leesburg,Issued,,,,,193274995000,,ZONC-2024-041036,1 20335 DR,1732510800000,Zoning (Commercial)
loudoun_permit,Loudoun County,BLDC-2025-026608,Data Center Tenant Fitout Construction - Phase 03,Dulles,Issued,,,,,096183926000,,BLDC-2025-026608,1 25190 DR,1770786000000,Building (Commercial)
loudoun_permit,Loudoun County,ELECC-2025-003366,"This project is identified as LC11 Data Center. This site is located east of Route 607 (Loudoun County Parkway) and north of Route 267 (Dulles Greenway). This data center consists of a three-story building and associated utilities and infrastructure. This permit will be for low voltage phase 1 and includes telecom, security, and fire alarm. The attachment shown is only for LC11, LC12 pages have been removed.",Broad Run,Issued,,,,,089496314001,,ELECC-2025-003366,1 22235 PKWY,1747713600000,Electrical (Commercial)
loudoun_permit,Loudoun County,BLDC-2023-008323,"Replacement of existing, end-of-life exterior water storage tanks with new water storage tanks and redundant water pumping equipment in new enclosure at existing data center.",Loudoun County,Issued,1800.0,,,,045175529000,,BLDC-2023-008323,1 22745 DR,1712030400000,Building (Commercial)
loudoun_permit,Loudoun County,ELECC-2024-026995,Installation of Low Voltage Copper and Fiber Optic Cable in Data Halls and Office space for tenant fitout of a data center,Sterling,Issued,,,,,045399350000,,ELECC-2024-026995,1 22588 DR,1717992000000,Electrical (Commercial)
loudoun_permit,Loudoun County,ELECC-2025-022373,New construction 3-story data center fire alarm low-voltage electrical work (DH3100 Upfit),Sterling,Issued,,,,,044155625000,,ELECC-2025-022373,1 22280 DR,1748836800000,Electrical (Commercial)
loudoun_permit,Loudoun County,ZONC-2023-009548,Electrical equipment and busway upgrades in existing 1-story data center building.,Little River,Issued,,,,,162392026000,,ZONC-2023-009548,1 42948 LN,1726459200000,Zoning (Commercial)
loudoun_permit,Loudoun County,PLUMC-2026-019104,"Data center new construction, UNDERGROUND plumbing permit",Loudoun County,Issued,,,,,113162785000,,PLUMC-2026-019104,1 19570 LN,1777608000000,Plumbing (Commercial)
loudoun_permit,Loudoun County,PLUMC-2026-000220,Data Center New Construction Phase 2 Plumbing Existing Permit #: BLDC-2024-008905,Leesburg,Issued,,,,,194498227000,,PLUMC-2026-000220,1 20480 LN,1770958800000,Plumbing (Commercial)
loudoun_permit,Loudoun County,ELECC-2026-023018,NTT VA-7 DATA CENTER VAULT 2.3 ELECTRICAL PERMIT,Broad Run,Issued,,,,,061450432000,,ELECC-2026-023018,1 44395 PLZ,1784692800000,Electrical (Commercial)
loudoun_permit,Loudoun County,E70438410001,DATA CENTER 2ND FLOOR,Unknown,Issued,,,,,042394385001,,E70438410001,1 21350 BLVD,1510722000000,Electrical (Commercial)
loudoun_permit,Loudoun County,ELECC-2025-032831,low voltage for HVAC controls for Data Center Architectural and Structural Tenant Fit-Out for Phase 7,Leesburg,Issued,,,,,193274995000,,ELECC-2025-032831,1 20335 DR,1753934400000,Electrical (Commercial)
loudoun_permit,Loudoun County,FMOMH-2026-014686,Data Centers G,Broad Run,Issued,,,,,089291706000,,FMOMH-2026-014686,1 43940 PLZ,1777383254000,FMO - Moderate/High Hazard
loudoun_permit,Loudoun County,ELECC-2026-026650,"Electrical Low Voltage Voice Data Pathway Only Construction of ""SDC Fit out Scope No.2"" within the new construction of a 3-story data center Core-&-Shell building.",Loudoun County,Issued,,,,,113167503000,,ELECC-2026-026650,1 19560 LN,1781236800000,Electrical (Commercial)
loudoun_permit,Loudoun County,MECHC-2025-000606,"Data Center Architectural and Structural Tenant Fit-Out for Phase 8. This project involves the fitout of the AWS data center covered under the C&S Permit. Phases 1-18 of the datacenter are modular in nature and there is a separate ""Office"" phase. See drawings for exact equipment sizes/quantities. Phase 1-18 mechanical equipment consist Datahall Air Handling Units (93,500 CFM air handling unit each with a direct evaporation coil) and Rooftop Exhaust Fan Arrays (68,000 CFM each). See drawings for exact equipment sizes/quantities.",Leesburg,Issued,,,,,193274995000,,MECHC-2025-000606,1 20335 DR,1739250000000,Mechanical (Commercial)
loudoun_permit,Loudoun County,BLDC-2026-007326,Data Center Vault Phasing Package. Vault 1.3 - Phase 5. Electronic Copy,Broad Run,Issued,21130.0,,,,061450432000,,BLDC-2026-007326,1 44395 PLZ,1778472000000,Building (Commercial)
loudoun_permit,Loudoun County,ZONC-2026-013445,Data Center Architectural and Structural Tenant Fit-Out for Phase 8 of the data center. There are a total of 18 phases in this project.,Leesburg,Issued,,,,,193281883000,,ZONC-2026-013445,1 42376 DR,1777262400000,Zoning (Commercial)
loudoun_permit,Loudoun County,ZONC-2026-013423,Data Center Architectural and Structural Tenant Fit-Out for Phase 3 of the data center. There are a total of 18 phases in this project.,Leesburg,Issued,,,,,193281883000,,ZONC-2026-013423,1 42376 DR,1777262400000,Zoning (Commercial)
loudoun_permit,Loudoun County,ELEVM-2023-006982,NEW DATA CENTER,Broad Run,Issued,,,,,088407447000,,ELEVM-2023-006982,1 44495 PLZ,1706210379000,Elevator Maintenance
loudoun_permit,Loudoun County,BLDC-2025-057916,Data Center Tenant Fitout Construction - Phase 09,Dulles,Issued,,,,,096183926000,,BLDC-2025-057916,1 25374 DR,1778472000000,Building (Commercial)
loudoun_permit,Loudoun County,ZONC-2024-060546,This is a three story data center that includes both core & shell and tenant fit-up. This is for Phase 13.,Dulles,Issued,,,,,203170856000,,ZONC-2024-060546,1 42090 LN,1750996800000,Zoning (Commercial)
loudoun_permit,Loudoun County,BLDC-2026-013347,Data Center Architectural and Structural Tenant Fit-Out for Phase 10 of the data center. There are a total of 15 phases in this project.,Leesburg,Issued,21594.0,,,,193178229000,,BLDC-2026-013347,1 42590 DR,1777867200000,Building (Commercial)
loudoun_permit,Loudoun County,BLDC-2026-013233,Data Center Architectural and Structural Tenant Fit-Out for Phase 16 of the data center. There are a total of 18 phases in this project.,Leesburg,Issued,21594.0,,,,193281883000,,BLDC-2026-013233,1 42376 DR,1777262400000,Building (Commercial)
loudoun_permit,Loudoun County,V00400700002,NEW DATA CENTER,Broad Run,Issued,,,,,061298643000,,V00400700002,1 22175 CIR,1753675200000,Elevator Maintenance
loudoun_permit,Loudoun County,MECHC-2024-061622,"Data Center Architectural and Structural Tenant Fit-Out for Phase 7. This project involves the fitout of the AWS data center covered under the C&S Permit. Phases 1-12 of the datacenter are modular in nature and there is a separate ""Office"" phase. See drawings for exact equipment sizes/quantities. Phase 1-12 mechanical equipment consist Datahall Air Handling Units (93,500 CFM air handling unit each with a direct evaporation coil) and Rooftop Exhaust Fan Arrays (68,000 CFM each). See drawings for exact equipment sizes/quantities.",Leesburg,Issued,,,,,193276668000,,MECHC-2024-061622,1 20575 DR,1739250000000,Mechanical (Commercial)
loudoun_permit,Loudoun County,ELECC-2025-011182,Data Center Architectural and Structural Tenant Fit-Out for Phase 6; USB 1.2B SERVICE,Leesburg,Issued,,,,,193274995000,,ELECC-2025-011182,1 20335 DR,1745467200000,Electrical (Commercial)
loudoun_permit,Loudoun County,V90205900003,DATA CENTER CORE & SHELL,Unknown,Issued,,,,,042394385001,,V90205900003,1 21350 BLVD,1554350400000,Elevator Maintenance
loudoun_permit,Loudoun County,MECHC-2024-059039,Fit-out of Colo 2 data center,Little River,Issued,,,,,203354208000,,MECHC-2024-059039,1 42010 LN,1733374800000,Mechanical (Commercial)
loudoun_permit,Loudoun County,ELECC-2025-011191,Data Center Architectural and Structural Tenant Fit-Out for Phase 14; USB 2.5E SERVICE,Leesburg,Issued,,,,,193274995000,,ELECC-2025-011191,1 20335 DR,1745467200000,Electrical (Commercial)
loudoun_permit,Loudoun County,ELECC-2025-056463,Scope of Work: Suite 100 - Service R - New construction/electrical system for a new data hall suite with a newly built IAD56 data center building,Broad Run,Issued,,,,,061394321000,,ELECC-2025-056463,1 21780 CT,1774497600000,Electrical (Commercial)
loudoun_permit,Loudoun County,BLDC-2025-053422,Electrical equipment upgrades within existing computer rooms in 1-story data center building. Interior Renovation to equipment and electrical upgrades. Electronic Copy,Broad Run,Issued,6000.0,,,,059309091000,,BLDC-2025-053422,1 20945 PKWY,1769576400000,Building (Commercial)
loudoun_permit,Loudoun County,ELECC-2024-041743,*FAAST TRACK* ARA3A DATA CENTER PERUN (EQUIPMENT YARD) LOW VOLTAGE,Loudoun County,Issued,,,,,162176713000,,ELECC-2024-041743,1 24331 LN,1724126400000,Electrical (Commercial)
loudoun_permit,Loudoun County,V20090190001,NEW DATA CENTER,Dulles,Issued,,,,,060170268000,,V20090190001,1 44521 DR,1245038400000,Elevator Maintenance
loudoun_permit,Loudoun County,ZONC-2025-022731,"Construction of ""SDC Fitout Scope No.3"" within the new construction of a 3-story data center Core-&-Shell building. The new construction data center ""Core-&-Shell"" is currently under review by Loudoun County under permit case number BLDC-2025-009449. Marked-up colored drawings are provided under this permit and similarly under the BLDC-2025-009449 permit to clearly delineate the ""Core-&-Shell"" scopes versus the ""SDC Fitout Scope No.3"" scopes.",Ashburn,Issued,,,,,113163850000,,ZONC-2025-022731,1 19560 LN,1775534400000,Zoning (Commercial)
loudoun_permit,Loudoun County,BLDC-2025-057913,Data Center tenant Fitout Construction - Phase 06,Dulles,Issued,,,,,096183926000,,BLDC-2025-057913,1 25374 DR,1778472000000,Building (Commercial)
loudoun_permit,Loudoun County,E10495230113,DATA CENTER,Broad Run,Issued,,,,,060209652000,,E10495230113,1 44740 CIR,1652932800000,Electrical (Commercial)
loudoun_permit,Loudoun County,M20683790103,NEW DATA CENTER,Sterling,Issued,,,,,032155119000,,M20683790103,1 22435 DR,1690344000000,Elevator Construction (Commercial)
loudoun_permit,Loudoun County,FIREC-2026-012460,TI Build-out of IAD-174 a Two Story 12 POD Data Center,Sterling,Issued,,,,,030455548000,,FIREC-2026-012460,1 21215 BLVD,1776916800000,Fire Protection (Commercial)
loudoun_permit,Loudoun County,ELECC-2026-008990,This project is identified as LC8 Data Center. This data center consists of a 2-story building. This permit includes VESDA.,Sterling,Issued,,,,,062257134000,,ELECC-2026-008990,1 22190 PKWY,1771822800000,Electrical (Commercial)
loudoun_permit,Loudoun County,FIREC-2025-039221,VESDA System for new construction data center (Core & Shell),Sterling,Issued,,,,,044155625000,,FIREC-2025-039221,1 22280 DR,1761192000000,Fire Protection (Commercial)
loudoun_permit,Loudoun County,ELECC-2026-014785,"Suite 110, Service C-New construction/electrical system for a new data hall suite with a newly built IAD56 data center building.",Broad Run,Issued,,,,,061394321000,,ELECC-2026-014785,1 21780 CT,1782187200000,Electrical (Commercial)
loudoun_permit,Loudoun County,ELECC-2025-056447,Scope of Work: Suite 100 - Service A - New construction/electrical system for a new data hall suite with a newly built IAD56 data center building,Broad Run,Issued,,,,,061394321000,,ELECC-2025-056447,1 21780 CT,1775102400000,Electrical (Commercial)
loudoun_permit,Loudoun County,ELECC-2024-055399,Data Center Architectural and Structural Tenant Fit-Out for Phase 10,Leesburg,Issued,,,,,193276668000,,ELECC-2024-055399,1 20575 DR,1739250000000,Electrical (Commercial)
loudoun_permit,Loudoun County,ZONC-2025-003117,Phase 3 Tenant Interiors buildout of the LC11 Data Center building. Phase 3 includes mechanical and electrical rooms and equipment on Levels 2 to support turnover of 1 of 4 Data Halls.,Broad Run,Issued,,,,,089496314001,,ZONC-2025-003117,1 22235 PKWY,1747713600000,Zoning (Commercial)
loudoun_permit,Loudoun County,BLDC-2026-004364,"Phase 2 Tenant Interiors Buildout of the LC8 Data Center Building. Phase 2 includes mechanical, electrical rooms and equipment on levels 1-3 to support turnover of data halls 102 and 202.",Sterling,Issued,215952.0,,,,062257134000,,BLDC-2026-004364,1 22190 PKWY,1779163200000,Building (Commercial)
loudoun_permit,Loudoun County,ZONC-2024-063779,Permit for the Construction on a Post and Panel Retaining Wall to Support NOVEC Electrical Substation for Tech Park at Brambleton Data Center Campus,Little River,Issued,,,,,161264481000,,ZONC-2024-063779,23896 RD,1736226000000,Zoning (Commercial)
loudoun_permit,Loudoun County,ZONC-2024-063779,Permit for the Construction on a Post and Panel Retaining Wall to Support NOVEC Electrical Substation for Tech Park at Brambleton Data Center Campus,Little River,Issued,,,,,202206213000,,ZONC-2024-063779,23896 RD,1736226000000,Zoning (Commercial)
loudoun_permit,Loudoun County,ZONC-2024-063779,Permit for the Construction on a Post and Panel Retaining Wall to Support NOVEC Electrical Substation for Tech Park at Brambleton Data Center Campus,Little River,Issued,,,,,161253540000,,ZONC-2024-063779,23896 RD,1736226000000,Zoning (Commercial)
loudoun_permit,Loudoun County,ZONC-2024-063779,Permit for the Construction on a Post and Panel Retaining Wall to Support NOVEC Electrical Substation for Tech Park at Brambleton Data Center Campus,Little River,Issued,,,,,202104192000,,ZONC-2024-063779,23896 RD,1736226000000,Zoning (Commercial)
loudoun_permit,Loudoun County,PLUMC-2024-065069,OFFICE AREA/This is a three story data center that includes both core & shell and tenant fit-up. This is for the office phase.,Dulles,Issued,,,,,203170856000,,PLUMC-2024-065069,1 42090 LN,1751428800000,Plumbing (Commercial)
loudoun_permit,Loudoun County,ZONC-2026-005313,"Phase 1 Tenant Interiors Buildout of the LC8 Data Center Building. Phase 1 includes Corridors, Restrooms, Reserve Electric/Mechanical Rooms, Level 2 office space, Loading dock, and the passenger elevator.",Sterling,Issued,,,,,062257134000,,ZONC-2026-005313,1 22190 PKWY,1776398400000,Zoning (Commercial)
loudoun_permit,Loudoun County,ELECC-2025-032071,Providing a new electrical system for a ground-up data center project.,Broad Run,Issued,,,,,061394321000,,ELECC-2025-032071,1 21780 CT,1760673600000,Electrical (Commercial)
loudoun_permit,Loudoun County,ZONC-2024-041106,Data Center Architectural and Structural Tenant Fit-Out for Phase 4,Leesburg,Issued,,,,,193274995000,,ZONC-2024-041106,1 20335 DR,1734325200000,Zoning (Commercial)
loudoun_permit,Loudoun County,BLDC-2026-013345,Data Center Architectural and Structural Tenant Fit-Out for Phase 9 of the data center. There are a total of 15 phases in this project.,Loudoun County,Issued,19567.0,,,,193178229000,,BLDC-2026-013345,1 42590 DR,1777867200000,Building (Commercial)
loudoun_permit,Loudoun County,ELECC-2026-025008,Phase 4 Data Center,Sterling,Issued,,,,,062275493002,,ELECC-2026-025008,1 22285 RD,1782964800000,Electrical (Commercial)
loudoun_permit,Loudoun County,BLDC-2025-023112,New data center build. Phase 4,Sterling,Issued,,,,,122207249000,,BLDC-2025-023112,1 43855 PLZ,1777608000000,Building (Commercial)
loudoun_permit,Loudoun County,BLDC-2025-023259,New data center build. Phase 13,Sterling,Issued,,,,,122207249000,,BLDC-2025-023259,1 43855 PLZ,1777521600000,Building (Commercial)
loudoun_permit,Loudoun County,BLDC-2025-026620,Data Center Tenant Fitout Construction - Phase 08,Dulles,Issued,,,,,096183926000,,BLDC-2025-026620,1 25190 DR,1770786000000,Building (Commercial)
loudoun_permit,Loudoun County,ELECC-2026-012151,"CloudHQ LC8 is a two-story 96MW Data Center located at 22190 Loudoun County Pkwy., Ashburn VA, 20147. This permit is for equipment and service to HVS-MVR104-01 (Service 3). The associated building permit is BLDC-2025-029746 and the associated Electrical permit is ELECC-2025-052183.",Sterling,Issued,,,,,062257134000,,ELECC-2026-012151,1 22190 PKWY,1780632000000,Electrical (Commercial)
loudoun_permit,Loudoun County,ZONC-2026-005314,"Phase 2 Tenant Interiors Buildout of the LC8 Data Center Building. Phase 2 includes mechanical, electrical rooms and equipment on levels 1-3 to support turnover of data halls 102 and 202.",Sterling,Issued,,,,,062257134000,,ZONC-2026-005314,1 22190 PKWY,1779163200000,Zoning (Commercial)
loudoun_permit,Loudoun County,E60397180001,DATA CENTER,Broad Run,Issued,,,,,060170268000,,E60397180001,1 44521 DR,1474948800000,Electrical (Commercial)
loudoun_permit,Loudoun County,BLDC-2024-035654,Data Center Architectural and Structural Tenant Fit-Out for Phase 12,Leesburg,Issued,21594.2,,,,193274995000,,BLDC-2024-035654,1 20335 DR,1738731600000,Building (Commercial)
loudoun_permit,Loudoun County,ELECC-2025-036605,Low Voltage Electrical permit for Fire Alarm System installation wiring for Core and Shell building and 3rd Floor Data Center.,Sterling,Issued,,,,,030292034000,,ELECC-2025-036605,1 45831 RD,1756267200000,Electrical (Commercial)
loudoun_permit,Loudoun County,ELECC-2026-023724,Tenant fitout in existing data center (DH3100) LV Fire Alarm,Sterling,Issued,,,,,044155625000,,ELECC-2026-023724,1 22280 DR,1779336000000,Electrical (Commercial)
loudoun_permit,Loudoun County,V90244140002,NEW DATA CENTER,Unknown,Issued,,,,,061177666001,,V90244140002,1 21955 PKWY,1631592000000,Elevator Maintenance
loudoun_permit,Loudoun County,ZONC-2025-027930,Data Center Tenant Fitout Construction - Phase 10,Dulles,Issued,,,,,096183926000,,ZONC-2025-027930,1 25190 DR,1770786000000,Zoning (Commercial)
loudoun_permit,Loudoun County,MECHC-2025-003463,Construct Core and Shell for Data Center.,Sterling,Issued,,,,,044461959000,,MECHC-2025-003463,1 22190 LN,1749096000000,Mechanical (Commercial)
loudoun_permit,Loudoun County,FMOMH-2026-013287,Data Centers,Broad Run,Issued,,,,,089374763000,,FMOMH-2026-013287,43915 DR,1774884512000,FMO - Moderate/High Hazard
loudoun_permit,Loudoun County,FMOMH-2026-013287,Data Centers,Broad Run,Issued,,,,,089382215000,,FMOMH-2026-013287,43915 DR,1774884512000,FMO - Moderate/High Hazard
loudoun_permit,Loudoun County,FMOMH-2026-013287,Data Centers,Broad Run,Issued,,,,,089291706000,,FMOMH-2026-013287,43915 DR,1774884512000,FMO - Moderate/High Hazard
loudoun_permit,Loudoun County,FMOMH-2026-013287,Data Centers,Broad Run,Issued,,,,,089367531000,,FMOMH-2026-013287,43915 DR,1774884512000,FMO - Moderate/High Hazard
loudoun_permit,Loudoun County,FMOMH-2026-013287,Data Centers,Broad Run,Issued,,,,,089278681000,,FMOMH-2026-013287,43915 DR,1774884512000,FMO - Moderate/High Hazard
loudoun_permit,Loudoun County,ELECC-2025-011188,Data Center Architectural and Structural Tenant Fit-Out for Phase 11; USB 2.4E SERVICE,Leesburg,Issued,,,,,193274995000,,ELECC-2025-011188,1 20335 DR,1745467200000,Electrical (Commercial)
loudoun_permit,Loudoun County,ELECC-2025-011192,Data Center Architectural and Structural Tenant Fit-Out for Phase 15; USB 1.5E SERVICE,Leesburg,Issued,,,,,193274995000,,ELECC-2025-011192,1 20335 DR,1745467200000,Electrical (Commercial)
loudoun_permit,Loudoun County,ELECC-2026-029677,IAD 13 Admin - Telecommunication Pathways and Details for Admin Building in IAD 13 Microsoft Data Center Building,Little River,Issued,,,,,203354208000,,ELECC-2026-029677,1 42010 LN,1784174400000,Electrical (Commercial)
loudoun_permit,Loudoun County,FIREC-2026-012470,TI Build-out of IAD-174 a Two Story 12 POD Data Center - Phase 8,Sterling,Issued,,,,,030455548000,,FIREC-2026-012470,1 21215 BLVD,1776916800000,Fire Protection (Commercial)
loudoun_permit,Loudoun County,FMOMH-2026-013995,Data Center Bldg D,Broad Run,Issued,,,,,089367531000,,FMOMH-2026-013995,1 43791 DR,1777382705000,FMO - Moderate/High Hazard
loudoun_permit,Loudoun County,GRADE-2024-000139,IAD05 Microsoft Data Center,Leesburg,Issued,,,,,235297431000,,GRADE-2024-000139,1 41785 LN,1728273600000,Grading
loudoun_permit,Loudoun County,ZONC-2025-054539,Electrical equipment upgrades within existing computer rooms in 1-story data center building.,Broad Run,Issued,,,,,059309091000,,ZONC-2025-054539,1 20945 PKWY,1769576400000,Zoning (Commercial)
loudoun_permit,Loudoun County,GRADE-2024-000026,"Cochran Mill Road - The project consists of the redevelopment of multiple material manufacturing plants and new development of an existing forested property. The project proposes three (3) data centers, two (2) warehouses, driveways, parking bays, and associated utilities and infrastructure.",Leesburg,Issued,,,,,150175175000,,GRADE-2024-000026,42055 RD,1772082000000,Grading
loudoun_permit,Loudoun County,GRADE-2024-000026,"Cochran Mill Road - The project consists of the redevelopment of multiple material manufacturing plants and new development of an existing forested property. The project proposes three (3) data centers, two (2) warehouses, driveways, parking bays, and associated utilities and infrastructure.",Leesburg,Issued,,,,,151483174000,,GRADE-2024-000026,42055 RD,1772082000000,Grading
loudoun_permit,Loudoun County,GRADE-2024-000026,"Cochran Mill Road - The project consists of the redevelopment of multiple material manufacturing plants and new development of an existing forested property. The project proposes three (3) data centers, two (2) warehouses, driveways, parking bays, and associated utilities and infrastructure.",Leesburg,Issued,,,,,151476655000,,GRADE-2024-000026,42055 RD,1772082000000,Grading
loudoun_permit,Loudoun County,GRADE-2024-000026,"Cochran Mill Road - The project consists of the redevelopment of multiple material manufacturing plants and new development of an existing forested property. The project proposes three (3) data centers, two (2) warehouses, driveways, parking bays, and associated utilities and infrastructure.",Leesburg,Issued,,,,,151494358000,,GRADE-2024-000026,42055 RD,1772082000000,Grading
loudoun_permit,Loudoun County,GRADE-2024-000026,"Cochran Mill Road - The project consists of the redevelopment of multiple material manufacturing plants and new development of an existing forested property. The project proposes three (3) data centers, two (2) warehouses, driveways, parking bays, and associated utilities and infrastructure.",Leesburg,Issued,,,,,151488568000,,GRADE-2024-000026,42055 RD,1772082000000,Grading
loudoun_permit,Loudoun County,GRADE-2024-000026,"Cochran Mill Road - The project consists of the redevelopment of multiple material manufacturing plants and new development of an existing forested property. The project proposes three (3) data centers, two (2) warehouses, driveways, parking bays, and associated utilities and infrastructure.",Leesburg,Issued,,,,,151491670000,,GRADE-2024-000026,42055 RD,1772082000000,Grading
loudoun_permit,Loudoun County,GRADE-2024-000026,"Cochran Mill Road - The project consists of the redevelopment of multiple material manufacturing plants and new development of an existing forested property. The project proposes three (3) data centers, two (2) warehouses, driveways, parking bays, and associated utilities and infrastructure.",Leesburg,Issued,,,,,151472463000,,GRADE-2024-000026,42055 RD,1772082000000,Grading
loudoun_permit,Loudoun County,GRADE-2024-000026,"Cochran Mill Road - The project consists of the redevelopment of multiple material manufacturing plants and new development of an existing forested property. The project proposes three (3) data centers, two (2) warehouses, driveways, parking bays, and associated utilities and infrastructure.",Leesburg,Issued,,,,,150177049000,,GRADE-2024-000026,42055 RD,1772082000000,Grading
loudoun_permit,Loudoun County,GRADE-2024-000026,"Cochran Mill Road - The project consists of the redevelopment of multiple material manufacturing plants and new development of an existing forested property. The project proposes three (3) data centers, two (2) warehouses, driveways, parking bays, and associated utilities and infrastructure.",Leesburg,Issued,,,,,151492686000,,GRADE-2024-000026,42055 RD,1772082000000,Grading
loudoun_permit,Loudoun County,BLDC-2025-023106,New data center build. Phase 3,Sterling,Issued,,,,,122207249000,,BLDC-2025-023106,1 43855 PLZ,1777608000000,Building (Commercial)
loudoun_permit,Loudoun County,ZONC-2026-013407,Data Center Architectural and Structural Tenant Fit-Out for Phase 2 of the data center. There are a total of 18 phases in this project.,Leesburg,Issued,,,,,193281883000,,ZONC-2026-013407,1 42376 DR,1777262400000,Zoning (Commercial)
loudoun_permit,Loudoun County,E70247020103,FUTURE TENANT FIT UP/DATA CENTER,Broad Run,Issued,,,,,034462865000,,E70247020103,1 22811 DR,1487653200000,Electrical (Commercial)
loudoun_permit,Loudoun County,ELECC-2026-023004,NTT VA-7 DATA CENTER VAULT 1.1 ELECTRICAL PERMIT,Broad Run,Issued,,,,,061450432000,,ELECC-2026-023004,1 44395 PLZ,1782187200000,Electrical (Commercial)
loudoun_permit,Loudoun County,ZONC-2026-014185,Data Center Architectural and Structural Tenant Fit-Out for Phase 10 of the data center. There are a total of 15 phases in this project.,Leesburg,Issued,,,,,193178229000,,ZONC-2026-014185,1 42590 DR,1777867200000,Zoning (Commercial)
loudoun_permit,Loudoun County,ZONC-2025-051972,Data center suite fit-out.,Broad Run,Issued,,,,,061394321000,,ZONC-2025-051972,1 21780 CT,1779422400000,Zoning (Commercial)
loudoun_permit,Loudoun County,VSMP-2024-000089,LC11 & LC12 Data Center - THE SUBJECT OF THIS APPLICATION CONSISTS OF THE DESIGN OF TWO THREE-STORY DATA CENTER BUILDINGS AND ASSOCIATED UTILITIES AND INFRASTRUCTURE.,Broad Run,Issued,,,,,089496314000,,VSMP-2024-000089,22225 PKWY,1737608400000,VESMP
loudoun_permit,Loudoun County,VSMP-2024-000089,LC11 & LC12 Data Center - THE SUBJECT OF THIS APPLICATION CONSISTS OF THE DESIGN OF TWO THREE-STORY DATA CENTER BUILDINGS AND ASSOCIATED UTILITIES AND INFRASTRUCTURE.,Broad Run,Issued,,,,,062265030000,,VSMP-2024-000089,22225 PKWY,1737608400000,VESMP
loudoun_permit,Loudoun County,VSMP-2024-000089,LC11 & LC12 Data Center - THE SUBJECT OF THIS APPLICATION CONSISTS OF THE DESIGN OF TWO THREE-STORY DATA CENTER BUILDINGS AND ASSOCIATED UTILITIES AND INFRASTRUCTURE.,Broad Run,Issued,,,,,089496246000,,VSMP-2024-000089,22225 PKWY,1737608400000,VESMP
loudoun_permit,Loudoun County,VSMP-2024-000089,LC11 & LC12 Data Center - THE SUBJECT OF THIS APPLICATION CONSISTS OF THE DESIGN OF TWO THREE-STORY DATA CENTER BUILDINGS AND ASSOCIATED UTILITIES AND INFRASTRUCTURE.,Broad Run,Issued,,,,,088195276000,,VSMP-2024-000089,22225 PKWY,1737608400000,VESMP
loudoun_permit,Loudoun County,VSMP-2024-000089,LC11 & LC12 Data Center - THE SUBJECT OF THIS APPLICATION CONSISTS OF THE DESIGN OF TWO THREE-STORY DATA CENTER BUILDINGS AND ASSOCIATED UTILITIES AND INFRASTRUCTURE.,Broad Run,Issued,,,,,062256361000,,VSMP-2024-000089,22225 PKWY,1737608400000,VESMP
loudoun_permit,Loudoun County,VSMP-2024-000089,LC11 & LC12 Data Center - THE SUBJECT OF THIS APPLICATION CONSISTS OF THE DESIGN OF TWO THREE-STORY DATA CENTER BUILDINGS AND ASSOCIATED UTILITIES AND INFRASTRUCTURE.,Broad Run,Issued,,,,,089496523000,,VSMP-2024-000089,22225 PKWY,1737608400000,VESMP
loudoun_permit,Loudoun County,ELECC-2026-011463,"LC11 Data Center Phase 1 Low Voltage Security. 3 story building all cable will be installed in conduit, network cable and conduit installed by others. 195 Readers, 139 Cameras",Broad Run,Issued,,,,,089496314000,,ELECC-2026-011463,1 22235 PKWY,1773115200000,Electrical (Commercial)
loudoun_permit,Loudoun County,ELECC-2025-003299,This project is identified as LC11 Data Center. This site is located east of Route 607 (Loudoun County Parkway) and north of Route 267 (Dulles Greenway). This data center consists of a three-story building and associated utilities and infrastructure. This permit will be for temporary service phase 2 (T2). This is the temporary service for trailer yard and break area.,Broad Run,Issued,,,,,089496314001,,ELECC-2025-003299,1 22235 PKWY,1749700800000,Electrical (Commercial)
loudoun_permit,Loudoun County,BLDC-2026-004383,Phase 4 Tenant Interiors Buildout of the LC8 Data Center Building. Phase 4 includes tenant office space and storage rooms.,Sterling,Issued,22578.0,,,,062257134000,,BLDC-2026-004383,1 22190 PKWY,1778731200000,Building (Commercial)
loudoun_permit,Loudoun County,ELECC-2025-003357,"This project is identified as LC11 Data Center. This site is located east of Route 607 (Loudoun County Parkway) and north of Route 267 (Dulles Greenway). This data center consists of a three-story building and associated utilities and infrastructure. This permit will be for low voltage CDS. This includes telecom, fire alarm devices. and security. The attachment shown is only for LC11, LC12 pages have been removed.",Broad Run,Issued,,,,,089496314001,,ELECC-2025-003357,1 22235 PKWY,1740114000000,Electrical (Commercial)
loudoun_permit,Loudoun County,FIREC-2026-014400,"IAD 158 - Two story, 12 Romp Data Center - Phase 01",Dulles,Issued,,,,,096183926000,,FIREC-2026-014400,1 25410 DR,1782100800000,Fire Protection (Commercial)
loudoun_permit,Loudoun County,BLDC-2025-022535,"Construction of ""SDC Fitout Scope No.3"" within the new construction of a 3-story data center Core-&-Shell building. The new construction data center ""Core-&-Shell"" is currently under review by Loudoun County under permit case number BLDC-2025-009449. Marked-up colored drawings are provided under this permit and similarly under the BLDC-2025-009449 permit to clearly delineate the ""Core-&-Shell"" scopes versus the ""SDC Fitout Scope No.3"" scopes.",Loudoun County,Issued,,,,,113163850000,,BLDC-2025-022535,1 19560 LN,1775534400000,Building (Commercial)
loudoun_permit,Loudoun County,ZONC-2024-042119,Data Center Architectural and Structural Tenant Fit-Out for Phase 3,Leesburg,Issued,,,,,193276668000,,ZONC-2024-042119,1 20575 DR,1732078800000,Zoning (Commercial)
loudoun_permit,Loudoun County,PLUMC-2025-009771,Data Center,Loudoun County,Issued,,,,,162176713000,,PLUMC-2025-009771,1 24400 LN,1741237200000,Plumbing (Commercial)
loudoun_permit,Loudoun County,ELECC-2024-063874,EPMS- 25 LV EPMS SCADA DEVICES FOR PHASE 11 FOR DATA CENTER,Sterling,Issued,,,,,062275493003,,ELECC-2024-063874,1 22275 RD,1736226000000,Electrical (Commercial)
loudoun_permit,Loudoun County,PLUMC-2025-000568,"PHASE 6/Data Center Architectural and Structural Tenant Fit-Out for Phase 6. This project involves the fitout of the AWS datacenter covered under the C&S Permit. Phases 1-18 of the datacenter are modular in nature and there is a separate ""Office"" phase. See drawings for exact equipment sizes/quantities.",Leesburg,Issued,,,,,193274995000,,PLUMC-2025-000568,1 20335 DR,1739163600000,Plumbing (Commercial)
loudoun_permit,Loudoun County,E70427720001,TENANT FIT-UP DATA CENTER,Broad Run,Issued,,,,,089291706000,,E70427720001,1 43780 PLZ,1508817600000,Electrical (Commercial)
loudoun_permit,Loudoun County,V70393680002,DATA CENTER,Broad Run,Issued,,,,,060209652000,,V70393680002,1 44790 CIR,1503374400000,Elevator Maintenance
loudoun_permit,Loudoun County,ELECC-2025-022668,New construction 3-story data center (Telecommunications systems - DH2100 Upfit),Sterling,Issued,,,,,044155625000,,ELECC-2025-022668,1 22280 DR,1753070400000,Electrical (Commercial)
loudoun_permit,Loudoun County,Z50449830101,NEW WAREHOUSE/DATA CENTER,Broad Run,Issued,,,,,060307119000,,Z50449830101,1 44862 PL,1444881600000,Zoning (Commercial)
loudoun_permit,Loudoun County,V40400070001,DATA CENTER,Broad Run,Issued,,,,,089291706000,,V40400070001,1 44060 PLZ,1409803200000,Elevator Maintenance
loudoun_permit,Loudoun County,ZONC-2026-004433,New Data Center Shell Construction - IAD159 Building and Zoning permit application - SHELL,Dulles,Issued,,,,,096183926000,,ZONC-2026-004433,1 25374 DR,1777608000000,Zoning (Commercial)
loudoun_permit,Loudoun County,ZONC-2025-012960,"Construction of ""SDC Fitout Scope No.1"" within the new construction of a 3-story data center Core-&-Shell building. The new construction data center ""Core-&-Shell"" is currently under review by Loudoun County under permit case number BLDC-2025-009449. Marked-up colored drawings are provided under this permit and similarly under the BLDC-2025-009449 permit to clearly delineate the ""Core-&-Shell"" scopes versus the ""SDC Fitout Scope No.1"" scopes.",Ashburn,Issued,,,,,113163850000,,ZONC-2025-012960,1 19560 LN,1775534400000,Zoning (Commercial)
loudoun_permit,Loudoun County,FMOMH-2026-014003,Bldg K - Data Center,Broad Run,Issued,,,,,089291706000,,FMOMH-2026-014003,1 44060 PLZ,1777382239000,FMO - Moderate/High Hazard
loudoun_permit,Loudoun County,V70302310001,DATA CENTER,Broad Run,Issued,,,,,061361948000,,V70302310001,1 21745 DR,1492401600000,Elevator Maintenance
loudoun_permit,Loudoun County,ELECC-2025-006668,low voltage for HVAC controls for Fit-out of Colo 4 data center,Little River,Issued,,,,,203354208000,,ELECC-2025-006668,1 42031 LN,1740632400000,Electrical (Commercial)
loudoun_permit,Loudoun County,V20130040001,NEW DATA CENTER,Broad Run,Issued,,,,,089291706000,,V20130040001,1 43940 PLZ,1364443200000,Elevator Maintenance
loudoun_permit,Loudoun County,ZONC-2024-059920,This is a three story data center that includes both core & shell and tenant fit-up. This is for Phase 3.,Dulles,Issued,,,,,203170856000,,ZONC-2024-059920,1 42090 LN,1750996800000,Zoning (Commercial)
loudoun_permit,Loudoun County,FIREC-2026-003725,"IAD 158 - Two story, 12 Romp Data Center.",Dulles,Issued,,,,,096183926000,,FIREC-2026-003725,1 25410 DR,1782100800000,Fire Protection (Commercial)
loudoun_permit,Loudoun County,ELECC-2026-025026,Phase 14 Data Center,Sterling,Issued,,,,,062275493002,,ELECC-2026-025026,1 22285 RD,1783396800000,Electrical (Commercial)
loudoun_permit,Loudoun County,ZONC-2026-006321,Data Center Tenant Fitout Construction - Phase 12,Dulles,Issued,,,,,096183926000,,ZONC-2026-006321,1 25145 DR,1778472000000,Zoning (Commercial)
loudoun_permit,Loudoun County,ELECC-2026-031164,Telecommunication and Security Pathways for COLO 1 Building in IAD 12 Data Center Building,Little River,Issued,,,,,203354208000,,ELECC-2026-031164,1 42031 LN,1784260800000,Electrical (Commercial)
loudoun_permit,Loudoun County,VSMP-2023-000104,The 22675 Dulles Summit Court Project includes the demolition of three existing industrial buildings and construction of a data center and associated infrastructure under STPL- 2023-0015.,Sterling,Issued,,,,,045252512000,,VSMP-2023-000104,22661 CT,1698065390000,VESMP
loudoun_permit,Loudoun County,VSMP-2023-000104,The 22675 Dulles Summit Court Project includes the demolition of three existing industrial buildings and construction of a data center and associated infrastructure under STPL- 2023-0015.,Sterling,Issued,,,,,045254007000,,VSMP-2023-000104,22661 CT,1698065390000,VESMP
loudoun_permit,Loudoun County,BLDC-2024-002978,Fit-out of Colo 5 data center,Little River,Issued,52156.0,,,,203354208000,,BLDC-2024-002978,1 42031 LN,1733374800000,Building (Commercial)
loudoun_permit,Loudoun County,ZONC-2023-005380,Building 2 of 2 on campus CURRENT: CORE/SHELL 3 STORY FLEX WAREHOUSE AND COMMERCIAL OFFICE FUTURE PURPOSE OF SPACE: 3 STORY SINGLE TENANT COMPUTER DATA CENTER Associated grading permit: (County #X20231280001),Leesburg,Issued,,,,,193180871000,,ZONC-2023-005380,1 20335 DR,1704299035000,Zoning (Commercial)
loudoun_permit,Loudoun County,ZONC-2025-036681,SDC BUILDING 2 NEW CORE/SHELL DATA CENTER W/ PHASED OCCUPANCY DATA HALL BUILDING PERMIT,Sterling,Issued,,,,,063477734000,,ZONC-2025-036681,1 44525 LN,1758081600000,Zoning (Commercial)
loudoun_permit,Loudoun County,BLDC-2026-001576,"Electrical equipment updates, and related overhead cable supports, within existing 1-story data center building. Electronic copy.",Broad Run,Issued,6000.0,,,,041352218000,,BLDC-2026-001576,1 20935 PKWY,1775188800000,Building (Commercial)
loudoun_permit,Loudoun County,BLDC-2025-002415,Phase 1 Tenant Interiors buildout of the LC11 Data Center building. Phase 1 includes mechanical and electrical rooms and equipment on Levels 1 - 3 to support turnover of 1 of 4 Data Halls.,Broad Run,Issued,,,,,089496314001,,BLDC-2025-002415,1 22235 PKWY,1747713600000,Building (Commercial)
loudoun_permit,Loudoun County,ZONC-2026-006303,Data Center Tenant Fitout Construction - Phase 07,Dulles,Issued,,,,,096183926000,,ZONC-2026-006303,1 25145 DR,1778472000000,Zoning (Commercial)
loudoun_permit,Loudoun County,ELECC-2025-052897,low voltage for HVAC controls for Interior datacenter fit-out of 2nd floor data center and corresponding equipment infrastructure on roof and in generator yard areas.,Broad Run,Issued,,,,,042152579000,,ELECC-2025-052897,1 21529 CIR,1763960400000,Electrical (Commercial)
loudoun_permit,Loudoun County,FMOMH-2026-013287,Data Centers,Broad Run,Issued,,,,,089374763000,,FMOMH-2026-013287,43780 PLZ,1774884512000,FMO - Moderate/High Hazard
loudoun_permit,Loudoun County,FMOMH-2026-013287,Data Centers,Broad Run,Issued,,,,,089382215000,,FMOMH-2026-013287,43780 PLZ,1774884512000,FMO - Moderate/High Hazard
loudoun_permit,Loudoun County,FMOMH-2026-013287,Data Centers,Broad Run,Issued,,,,,089291706000,,FMOMH-2026-013287,43780 PLZ,1774884512000,FMO - Moderate/High Hazard
loudoun_permit,Loudoun County,FMOMH-2026-013287,Data Centers,Broad Run,Issued,,,,,089367531000,,FMOMH-2026-013287,43780 PLZ,1774884512000,FMO - Moderate/High Hazard
loudoun_permit,Loudoun County,FMOMH-2026-013287,Data Centers,Broad Run,Issued,,,,,089278681000,,FMOMH-2026-013287,43780 PLZ,1774884512000,FMO - Moderate/High Hazard
loudoun_permit,Loudoun County,ELECC-2024-055206,Data Center Architectural and Structural Tenant Fit-Out for Phase 8,Leesburg,Issued,,,,,193276668000,,ELECC-2024-055206,1 20575 DR,1739250000000,Electrical (Commercial)
loudoun_permit,Loudoun County,VSMP-2023-000104,The 22675 Dulles Summit Court Project includes the demolition of three existing industrial buildings and construction of a data center and associated infrastructure under STPL- 2023-0015.,Sterling,Issued,,,,,045252512000,,VSMP-2023-000104,22725 CT,1698065390000,VESMP
loudoun_permit,Loudoun County,VSMP-2023-000104,The 22675 Dulles Summit Court Project includes the demolition of three existing industrial buildings and construction of a data center and associated infrastructure under STPL- 2023-0015.,Sterling,Issued,,,,,045254007000,,VSMP-2023-000104,22725 CT,1698065390000,VESMP
loudoun_permit,Loudoun County,ZONC-2026-008257,Data Center Vault Phasing Package. Vault 1.1 - Phase 1. This work is to perform the tenant fit-out for a single Data Hall Vault and the alterations in the corridor.,Broad Run,Issued,,,,,061450432000,,ZONC-2026-008257,1 44395 PLZ,1778731200000,Zoning (Commercial)
loudoun_permit,Loudoun County,ELECC-2026-022909,New 900A Service to Data Center Building 4 Core and Shell.,Loudoun County,Issued,,,,,113167503000,,ELECC-2026-022909,1 19560 LN,1782187200000,Electrical (Commercial)
loudoun_permit,Loudoun County,ZONC-2026-013465,Data Center Architectural and Structural Tenant Fit-Out for Phase 17 of the data center. There are a total of 18 phases in this project.,Leesburg,Issued,,,,,193281883000,,ZONC-2026-013465,1 42376 DR,1777262400000,Zoning (Commercial)
loudoun_permit,Loudoun County,MECHC-2025-033443,Data Center Tenant Fitout Construction - Phase 09,Dulles,Issued,,,,,096183926000,,MECHC-2025-033443,1 25190 DR,1771822800000,Mechanical (Commercial)
loudoun_permit,Loudoun County,ELECC-2026-011575,Data Center Tenant Fitout Construction - Phase 01 MVB - Switchgear rated for 1200A,Dulles,Issued,,,,,096183926000,,ELECC-2026-011575,1 25190 DR,1779940800000,Electrical (Commercial)
loudoun_permit,Loudoun County,ZONC-2024-042132,Data Center Architectural and Structural Tenant Fit-Out for Phase 4,Leesburg,Issued,,,,,193276668000,,ZONC-2024-042132,1 20575 DR,1732078800000,Zoning (Commercial)
loudoun_permit,Loudoun County,ELECC-2026-031171,Telecommunication and Security Pathways and Details for COLO 4 Building in IAD 12 Microsoft Data Center Building,Little River,Issued,,,,,203354208000,,ELECC-2026-031171,1 42031 LN,1784260800000,Electrical (Commercial)
loudoun_permit,Loudoun County,ELECC-2026-030022,Tenant office fitout in existing data center (3rd Floor) - Telecom,Sterling,Issued,,,,,044155625000,,ELECC-2026-030022,1 22280 DR,1784088000000,Electrical (Commercial)
loudoun_permit,Loudoun County,ZONC-2024-060553,This is a three story data center that includes both core & shell and tenant fit-up. This is for the office phase.,Dulles,Issued,,,,,203170856000,,ZONC-2024-060553,1 42090 LN,1750996800000,Zoning (Commercial)
loudoun_permit,Loudoun County,ELECC-2025-006671,low voltage for HVAC controls for Fit-out of Colo 1 data center,Little River,Issued,,,,,203354208000,,ELECC-2025-006671,1 42010 LN,1740114000000,Electrical (Commercial)
loudoun_permit,Loudoun County,ELECC-2025-006676,Low voltage for HVAC controls for Fit-out of Colo 4 data center,Little River,Issued,,,,,203354208000,,ELECC-2025-006676,1 42010 LN,1740114000000,Electrical (Commercial)
loudoun_permit,Loudoun County,PLUMC-2024-063261,"PHASE 5/This is a three story data center that includes both core & shell and tenant fit-up. This is for Phase 5. 3 Water Service Lines (Industrial Water, Domestic Water, Fire Water), 2 Waste (IWW & DW)",Dulles,Issued,,,,,203170856000,,PLUMC-2024-063261,1 42090 LN,1751428800000,Plumbing (Commercial)
loudoun_permit,Loudoun County,ELECC-2026-015028,"Suite 210, Service F-New construction/electrical system for a new data hall suite with a newly built IAD56 data center building",Broad Run,Issued,,,,,061394321000,,ELECC-2026-015028,1 21780 CT,1782187200000,Electrical (Commercial)
loudoun_permit,Loudoun County,ELECC-2025-000433,"Data Center Architectural and Structural Tenant Fit-Out for Phase 8. This project involves the fitout of the AWS datacenter covered under the C&S Permit. Phases 1-18 of the datacenter are modular in nature and there is a separate ""Office"" phase. See drawings for exact equipment sizes/quantities.",Leesburg,Issued,,,,,193274995000,,ELECC-2025-000433,1 20335 DR,1745467200000,Electrical (Commercial)
loudoun_permit,Loudoun County,Z10399400101,NEW DATA CENTER,Broad Run,Issued,,,,,061285496000,,Z10399400101,1 44631 RD,1656475200000,Zoning (Commercial)
loudoun_permit,Loudoun County,BLDC-2024-035652,Data Center Architectural and Structural Tenant Fit-Out for Phase 10,Leesburg,Issued,21594.2,,,,193274995000,,BLDC-2024-035652,1 20335 DR,1734757200000,Building (Commercial)
loudoun_permit,Loudoun County,BLDC-2024-035573,Data Center Architectural and Structural Tenant Fit-Out for Phase 5,Leesburg,Issued,19688.4,,,,193276668000,,BLDC-2024-035573,1 20575 DR,1732078800000,Building (Commercial)
loudoun_permit,Loudoun County,ZONC-2025-003119,"Phase 4 Tenant Interiors buildout of the LC11 Data Center building. Phase 4 includes mechanical and electrical rooms and equipment on Level 2 to support turnover of 1 of 4 Data Halls, as well as tenant spaces on Level 1.",Broad Run,Issued,,,,,089496314001,,ZONC-2025-003119,1 22235 PKWY,1747713600000,Zoning (Commercial)
loudoun_permit,Loudoun County,FMOMH-2026-017682,EHS Annual Permit for Data Centers - IAD144,Sterling,Issued,,,,,034357851000,,FMOMH-2026-017682,1 22945 DR,1776177508000,FMO - Moderate/High Hazard
loudoun_permit,Loudoun County,V60438470002,SHELL DATA CENTER/NO INTERIOR WALLS/CORE,Broad Run,Issued,,,,,089291706000,,V60438470002,1 43780 PLZ,1481173200000,Elevator Maintenance
loudoun_permit,Loudoun County,X20231850001,"IAD04 DATA CENTER, BONDED GRADING, 0.75MI S OF BATTLEFIELD PKWY, 0.2MI E OF DULLES GREENWAY",Leesburg,Issued,,,,,235297431000,,X20231850001,1 19540 PKWY,1694577600000,Grading
loudoun_permit,Loudoun County,BLDC-2023-016518,2 STORY SINGLE TENANT COMPUTER DATA CENTER Associated grading permit: (County #X20222730001) BUILDING A . ISSUED FULL BUILDING APPROVAL,Loudoun County,Issued,258716.0,,,,122208248000,,BLDC-2023-016518,1 43975 PLZ,1731646800000,Building (Commercial)
loudoun_permit,Loudoun County,VSMP-2024-000089,LC11 & LC12 Data Center - THE SUBJECT OF THIS APPLICATION CONSISTS OF THE DESIGN OF TWO THREE-STORY DATA CENTER BUILDINGS AND ASSOCIATED UTILITIES AND INFRASTRUCTURE.,Broad Run,Issued,,,,,062265030000,,VSMP-2024-000089,1 22200 PKWY,1737608400000,VESMP
loudoun_permit,Loudoun County,VSMP-2024-000089,LC11 & LC12 Data Center - THE SUBJECT OF THIS APPLICATION CONSISTS OF THE DESIGN OF TWO THREE-STORY DATA CENTER BUILDINGS AND ASSOCIATED UTILITIES AND INFRASTRUCTURE.,Broad Run,Issued,,,,,089496314000,,VSMP-2024-000089,1 22200 PKWY,1737608400000,VESMP
loudoun_permit,Loudoun County,VSMP-2024-000089,LC11 & LC12 Data Center - THE SUBJECT OF THIS APPLICATION CONSISTS OF THE DESIGN OF TWO THREE-STORY DATA CENTER BUILDINGS AND ASSOCIATED UTILITIES AND INFRASTRUCTURE.,Broad Run,Issued,,,,,062256361000,,VSMP-2024-000089,1 22200 PKWY,1737608400000,VESMP
loudoun_permit,Loudoun County,VSMP-2024-000089,LC11 & LC12 Data Center - THE SUBJECT OF THIS APPLICATION CONSISTS OF THE DESIGN OF TWO THREE-STORY DATA CENTER BUILDINGS AND ASSOCIATED UTILITIES AND INFRASTRUCTURE.,Broad Run,Issued,,,,,089496246000,,VSMP-2024-000089,1 22200 PKWY,1737608400000,VESMP
loudoun_permit,Loudoun County,VSMP-2024-000089,LC11 & LC12 Data Center - THE SUBJECT OF THIS APPLICATION CONSISTS OF THE DESIGN OF TWO THREE-STORY DATA CENTER BUILDINGS AND ASSOCIATED UTILITIES AND INFRASTRUCTURE.,Broad Run,Issued,,,,,088195276000,,VSMP-2024-000089,1 22200 PKWY,1737608400000,VESMP
loudoun_permit,Loudoun County,VSMP-2024-000089,LC11 & LC12 Data Center - THE SUBJECT OF THIS APPLICATION CONSISTS OF THE DESIGN OF TWO THREE-STORY DATA CENTER BUILDINGS AND ASSOCIATED UTILITIES AND INFRASTRUCTURE.,Broad Run,Issued,,,,,089496523000,,VSMP-2024-000089,1 22200 PKWY,1737608400000,VESMP
loudoun_permit,Loudoun County,ELECC-2026-014766,"Suite 110, Service R: New construction/electrical system for a new data hall suite with a newly built IAD56 data center building.",Broad Run,Issued,,,,,061394321000,,ELECC-2026-014766,1 21780 CT,1782187200000,Electrical (Commercial)
loudoun_permit,Loudoun County,BLDC-2025-057907,New Data Center Shell Construction - IAD159 Building and Zoning permit application - SHELL,Dulles,Issued,253714.0,,,,096183926000,,BLDC-2025-057907,1 25374 DR,1777608000000,Building (Commercial)
loudoun_permit,Loudoun County,BLDC-2024-054843,. This is a three story data center that includes both core & shell and tenant fit-up. This is for Phase 4.,Dulles,Issued,20113.2,,,,203170856000,,BLDC-2024-054843,1 42090 LN,1750996800000,Building (Commercial)
loudoun_permit,Loudoun County,GRADE-2024-000026,"Cochran Mill Road - The project consists of the redevelopment of multiple material manufacturing plants and new development of an existing forested property. The project proposes three (3) data centers, two (2) warehouses, driveways, parking bays, and associated utilities and infrastructure.",Leesburg,Issued,,,,,150177049000,,GRADE-2024-000026,42105 RD,1772082000000,Grading
loudoun_permit,Loudoun County,GRADE-2024-000026,"Cochran Mill Road - The project consists of the redevelopment of multiple material manufacturing plants and new development of an existing forested property. The project proposes three (3) data centers, two (2) warehouses, driveways, parking bays, and associated utilities and infrastructure.",Leesburg,Issued,,,,,151472463000,,GRADE-2024-000026,42105 RD,1772082000000,Grading
loudoun_permit,Loudoun County,GRADE-2024-000026,"Cochran Mill Road - The project consists of the redevelopment of multiple material manufacturing plants and new development of an existing forested property. The project proposes three (3) data centers, two (2) warehouses, driveways, parking bays, and associated utilities and infrastructure.",Leesburg,Issued,,,,,151491670000,,GRADE-2024-000026,42105 RD,1772082000000,Grading
loudoun_permit,Loudoun County,GRADE-2024-000026,"Cochran Mill Road - The project consists of the redevelopment of multiple material manufacturing plants and new development of an existing forested property. The project proposes three (3) data centers, two (2) warehouses, driveways, parking bays, and associated utilities and infrastructure.",Leesburg,Issued,,,,,151476655000,,GRADE-2024-000026,42105 RD,1772082000000,Grading
loudoun_permit,Loudoun County,GRADE-2024-000026,"Cochran Mill Road - The project consists of the redevelopment of multiple material manufacturing plants and new development of an existing forested property. The project proposes three (3) data centers, two (2) warehouses, driveways, parking bays, and associated utilities and infrastructure.",Leesburg,Issued,,,,,151483174000,,GRADE-2024-000026,42105 RD,1772082000000,Grading
loudoun_permit,Loudoun County,GRADE-2024-000026,"Cochran Mill Road - The project consists of the redevelopment of multiple material manufacturing plants and new development of an existing forested property. The project proposes three (3) data centers, two (2) warehouses, driveways, parking bays, and associated utilities and infrastructure.",Leesburg,Issued,,,,,151494358000,,GRADE-2024-000026,42105 RD,1772082000000,Grading
loudoun_permit,Loudoun County,GRADE-2024-000026,"Cochran Mill Road - The project consists of the redevelopment of multiple material manufacturing plants and new development of an existing forested property. The project proposes three (3) data centers, two (2) warehouses, driveways, parking bays, and associated utilities and infrastructure.",Leesburg,Issued,,,,,151488568000,,GRADE-2024-000026,42105 RD,1772082000000,Grading
loudoun_permit,Loudoun County,GRADE-2024-000026,"Cochran Mill Road - The project consists of the redevelopment of multiple material manufacturing plants and new development of an existing forested property. The project proposes three (3) data centers, two (2) warehouses, driveways, parking bays, and associated utilities and infrastructure.",Leesburg,Issued,,,,,150175175000,,GRADE-2024-000026,42105 RD,1772082000000,Grading
loudoun_permit,Loudoun County,GRADE-2024-000026,"Cochran Mill Road - The project consists of the redevelopment of multiple material manufacturing plants and new development of an existing forested property. The project proposes three (3) data centers, two (2) warehouses, driveways, parking bays, and associated utilities and infrastructure.",Leesburg,Issued,,,,,151492686000,,GRADE-2024-000026,42105 RD,1772082000000,Grading
loudoun_permit,Loudoun County,FMOMH-2026-017283,Data Center - Bldg. A,Little River,Issued,,,,,194103673001,,FMOMH-2026-017283,1 42310 DR,1775759327000,FMO - Moderate/High Hazard
loudoun_permit,Loudoun County,ELECC-2026-015018,Low voltage for security and voice/data for Core and Shell for Data Center. Electronic Copy,Sterling,Issued,,,,,044461959000,,ELECC-2026-015018,1 22214 LN,1774843200000,Electrical (Commercial)
loudoun_permit,Loudoun County,GRADE-2024-000026,"Cochran Mill Road - The project consists of the redevelopment of multiple material manufacturing plants and new development of an existing forested property. The project proposes three (3) data centers, two (2) warehouses, driveways, parking bays, and associated utilities and infrastructure.",Leesburg,Issued,,,,,150175175000,,GRADE-2024-000026,42211 RD,1772082000000,Grading
loudoun_permit,Loudoun County,GRADE-2024-000026,"Cochran Mill Road - The project consists of the redevelopment of multiple material manufacturing plants and new development of an existing forested property. The project proposes three (3) data centers, two (2) warehouses, driveways, parking bays, and associated utilities and infrastructure.",Leesburg,Issued,,,,,151494358000,,GRADE-2024-000026,42211 RD,1772082000000,Grading
loudoun_permit,Loudoun County,GRADE-2024-000026,"Cochran Mill Road - The project consists of the redevelopment of multiple material manufacturing plants and new development of an existing forested property. The project proposes three (3) data centers, two (2) warehouses, driveways, parking bays, and associated utilities and infrastructure.",Leesburg,Issued,,,,,151488568000,,GRADE-2024-000026,42211 RD,1772082000000,Grading
loudoun_permit,Loudoun County,GRADE-2024-000026,"Cochran Mill Road - The project consists of the redevelopment of multiple material manufacturing plants and new development of an existing forested property. The project proposes three (3) data centers, two (2) warehouses, driveways, parking bays, and associated utilities and infrastructure.",Leesburg,Issued,,,,,151483174000,,GRADE-2024-000026,42211 RD,1772082000000,Grading
loudoun_permit,Loudoun County,GRADE-2024-000026,"Cochran Mill Road - The project consists of the redevelopment of multiple material manufacturing plants and new development of an existing forested property. The project proposes three (3) data centers, two (2) warehouses, driveways, parking bays, and associated utilities and infrastructure.",Leesburg,Issued,,,,,151476655000,,GRADE-2024-000026,42211 RD,1772082000000,Grading
loudoun_permit,Loudoun County,GRADE-2024-000026,"Cochran Mill Road - The project consists of the redevelopment of multiple material manufacturing plants and new development of an existing forested property. The project proposes three (3) data centers, two (2) warehouses, driveways, parking bays, and associated utilities and infrastructure.",Leesburg,Issued,,,,,151491670000,,GRADE-2024-000026,42211 RD,1772082000000,Grading
loudoun_permit,Loudoun County,GRADE-2024-000026,"Cochran Mill Road - The project consists of the redevelopment of multiple material manufacturing plants and new development of an existing forested property. The project proposes three (3) data centers, two (2) warehouses, driveways, parking bays, and associated utilities and infrastructure.",Leesburg,Issued,,,,,150177049000,,GRADE-2024-000026,42211 RD,1772082000000,Grading
loudoun_permit,Loudoun County,GRADE-2024-000026,"Cochran Mill Road - The project consists of the redevelopment of multiple material manufacturing plants and new development of an existing forested property. The project proposes three (3) data centers, two (2) warehouses, driveways, parking bays, and associated utilities and infrastructure.",Leesburg,Issued,,,,,151472463000,,GRADE-2024-000026,42211 RD,1772082000000,Grading
loudoun_permit,Loudoun County,GRADE-2024-000026,"Cochran Mill Road - The project consists of the redevelopment of multiple material manufacturing plants and new development of an existing forested property. The project proposes three (3) data centers, two (2) warehouses, driveways, parking bays, and associated utilities and infrastructure.",Leesburg,Issued,,,,,151492686000,,GRADE-2024-000026,42211 RD,1772082000000,Grading
loudoun_permit,Loudoun County,ELECC-2026-022912,New 900A service for Data Center Building 4 SDC Fit Out Scope No.2.,Loudoun County,Issued,,,,,113167503000,,ELECC-2026-022912,1 19560 LN,1782273600000,Electrical (Commercial)
loudoun_permit,Loudoun County,ZONC-2025-027944,Data Center Tenant Fitout Construction - Phase 11,Dulles,Issued,,,,,096183926000,,ZONC-2025-027944,1 25190 DR,1771304400000,Zoning (Commercial)
loudoun_permit,Loudoun County,BLDC-2026-007328,Data Center Vault Phasing Package. Vault 2.3. Electronic copy,Broad Run,Issued,21130.0,,,,061450432000,,BLDC-2026-007328,1 44395 PLZ,1778126400000,Building (Commercial)
loudoun_permit,Loudoun County,BLDC-2024-048504,2 STORY SINGLE TENANT COMPUTER DATA CENTER *FULL APPROVAL*,Sterling,Issued,223175.7,,,,122207249000,,BLDC-2024-048504,1 43649 PLZ,1758254400000,Building (Commercial)
loudoun_permit,Loudoun County,MECHC-2025-033438,Data Center Tenant Fitout Construction - Phase 06,Dulles,Issued,,,,,096183926000,,MECHC-2025-033438,1 25190 DR,1771822800000,Mechanical (Commercial)
loudoun_permit,Loudoun County,GRADE-2024-000198,"Grading Permit Application for DATA CENTER AND ASSOCIATED SITE, GRADING, AND UTILITY IMPROVEMENTS (STMP-2019-0009)",Sterling,Issued,,,,,030382006000,,GRADE-2024-000198,1 45761 RD,1736312400000,Grading
loudoun_permit,Loudoun County,GRADE-2024-000198,"Grading Permit Application for DATA CENTER AND ASSOCIATED SITE, GRADING, AND UTILITY IMPROVEMENTS (STMP-2019-0009)",Sterling,Issued,,,,,030286764000,,GRADE-2024-000198,1 45761 RD,1736312400000,Grading
loudoun_permit,Loudoun County,ELECC-2025-006737,ACC3 DATA CENTER - HITEC DRUPS REPLACEMENT PH3 - INSTALL DRUPS FEEDERS AND CONTROL WIRING,Broad Run,Issued,,,,,060182916000,,ELECC-2025-006737,1 44520 DR,1740632400000,Electrical (Commercial)
loudoun_permit,Loudoun County,BLDC-2024-010722,*FAST TRACK**** NEW DATA CENTER VA 15,Sterling,Issued,182782.0,,,,,,BLDC-2024-010722,1 45210 PLZ,1719806400000,Building (Commercial)
loudoun_permit,Loudoun County,BLDC-2024-010722,*FAST TRACK**** NEW DATA CENTER VA 15,Sterling,Issued,182782.0,,,,044292829000,,BLDC-2024-010722,1 45210 PLZ,1719806400000,Building (Commercial)
loudoun_permit,Loudoun County,MECHC-2025-000609,"Data Center Architectural and Structural Tenant Fit-Out for Phase 11. This project involves the fitout of the AWS data center covered under the C&S Permit. Phases 1-18 of the datacenter are modular in nature and there is a separate ""Office"" phase. See drawings for exact equipment sizes/quantities. Phase 1-18 mechanical equipment consist Datahall Air Handling Units (93,500 CFM air handling unit each with a direct evaporation coil) and Rooftop Exhaust Fan Arrays (68,000 CFM each). See drawings for exact equipment sizes/quantities.",Leesburg,Issued,,,,,193274995000,,MECHC-2025-000609,1 20335 DR,1739250000000,Mechanical (Commercial)
loudoun_permit,Loudoun County,MECHC-2025-003470,Construct Core and Shell for Data Center.,Sterling,Issued,,,,,044461959000,,MECHC-2025-003470,1 22214 LN,1749441600000,Mechanical (Commercial)
loudoun_permit,Loudoun County,X20231020001,"Vantage VA3 Entire Site - PRELIMINARY CLEARING FOR DATA CENTER, BONDED GRADING, SOUTH OF HARRY BYRD HIGHWAY (ROUTE 7) WEST OF BELMONT RIDGE",Ashburn,Issued,,,,,113372932000,,X20231020001,1 19509 RD,1695182400000,Grading
loudoun_permit,Loudoun County,ZONC-2026-005319,Phase 4 Tenant Interiors Buildout of the LC8 Data Center Building. Phase 4 includes tenant office space and storage rooms.,Sterling,Issued,,,,,062257134000,,ZONC-2026-005319,1 22190 PKWY,1778731200000,Zoning (Commercial)
loudoun_permit,Loudoun County,PLUMC-2025-000565,"PHASE 4/Data Center Architectural and Structural Tenant Fit-Out for Phase 4. This project involves the fitout of the AWS datacenter covered under the C&S Permit. Phases 1-18 of the datacenter are modular in nature and there is a separate ""Office"" phase. See drawings for exact equipment sizes/quantities.",Leesburg,Issued,,,,,193274995000,,PLUMC-2025-000565,1 20335 DR,1737522000000,Plumbing (Commercial)
loudoun_permit,Loudoun County,BLDC-2025-023231,New data center build. Phase 10,Sterling,Issued,,,,,122207249000,,BLDC-2025-023231,1 43855 PLZ,1777521600000,Building (Commercial)
loudoun_permit,Loudoun County,ZONC-2024-041715,Data Center Architectural and Structural Tenant Fit-Out for Phase 11,Leesburg,Issued,,,,,193274995000,,ZONC-2024-041715,1 20335 DR,1734411600000,Zoning (Commercial)
loudoun_permit,Loudoun County,BLDC-2025-054097,Electrical equipment upgrades within existing computer rooms in 1-story data center building.,Sterling,Issued,7000.0,,,,033201325000,,BLDC-2025-054097,1 45930 PLZ,1768885200000,Building (Commercial)
loudoun_permit,Loudoun County,ZONC-2024-060472,This is a three story data center that includes both core & shell and tenant fit-up. This is for Phase 18.,Dulles,Issued,,,,,203170856000,,ZONC-2024-060472,1 42090 LN,1750996800000,Zoning (Commercial)
loudoun_permit,Loudoun County,ZONC-2025-053007,"Proposed Facility Use Description for Occupancy Permit: Dynamic Lifecycle Innovations, Inc. will operate a logistics and light processing facility for used electronic equipment at the Loudoun County facility. The primary operations involve receiving, sorting, and pre-processing refurbished and end-of-life electronics from commercial institutions and data centers, fitting within the ""manufacturing, processing, fabrication, assembly, and distribution of products"" as permitted under Section 723.3.1 of the 1972 Loudoun County Zoning Ordinance (PDGI Zone). The specific activities include: Transportation and inbound shipping/receiving via box trucks. Warehousing and storage of electronic equipment. Sorting and categorization of materials to be then sent off for reuse, recycling, or further processing. Asset tracking through data entry and inventory management. Light preprocessing, including hard drive wiping for data sanitization or hard drive destruction for bad drives. Outbound shipping/receiving for distribution to recycling or reuse processing locations. Additionally, a small (3HP) hard drive shredder will be used as an accessory and incidental operation (per Section 720.1) to securely destroy hard drives on-site. Shredded materials will be sent off-site for further processing or brokering. This accessory use is customarily incidental and subordinate to the primary operations and does not constitute a ""junk yard"" per zoning definitions. Per correspondence with Loudoun County’s Department of Planning and Zoning (dated September 29, 2025), these operations are acceptable within the PDGI Zone without requiring a special exception (SPEX) or ZCOR approval.",Sterling,Issued,,,,,045274849000,,ZONC-2025-053007,1 22650 DR,1765947600000,Zoning (Commercial)
loudoun_permit,Loudoun County,BLDC-2024-002989,Fit-out of Colo 4 data center,Little River,Issued,51746.0,,,,203354208000,,BLDC-2024-002989,1 42010 LN,1732078800000,Building (Commercial)
loudoun_permit,Loudoun County,BLDC-2026-013236,Data Center Architectural and Structural Tenant Fit-Out for Phase 18 of the data center. There are a total of 18 phases in this project.,Leesburg,Issued,21594.0,,,,193281883000,,BLDC-2026-013236,1 42376 DR,1777262400000,Building (Commercial)
loudoun_permit,Loudoun County,MECHC-2024-063323,This is a three story data center that includes both core & shell and tenant fit-up. This is for Phase 9.,Dulles,Issued,,,,,203170856000,,MECHC-2024-063323,1 42090 LN,1751515200000,Mechanical (Commercial)
loudoun_permit,Loudoun County,MECHC-2024-043659,data center complex and associated infrastructure,Sterling,Issued,,,,,043175778000,,MECHC-2024-043659,1 45870 PLZ,1740718800000,Mechanical (Commercial)
loudoun_permit,Loudoun County,VSMP-2023-000104,The 22675 Dulles Summit Court Project includes the demolition of three existing industrial buildings and construction of a data center and associated infrastructure under STPL- 2023-0015.,Sterling,Issued,,,,,045252512000,,VSMP-2023-000104,22725 CT,1698065390000,VESMP
loudoun_permit,Loudoun County,VSMP-2023-000104,The 22675 Dulles Summit Court Project includes the demolition of three existing industrial buildings and construction of a data center and associated infrastructure under STPL- 2023-0015.,Sterling,Issued,,,,,045254007000,,VSMP-2023-000104,22725 CT,1698065390000,VESMP
loudoun_permit,Loudoun County,BLDC-2025-057919,Data Center Tenant Fitout Construction - Phase 12. Electronic copy,Dulles,Issued,,,,,096183926000,,BLDC-2025-057919,1 25374 DR,1778472000000,Building (Commercial)
loudoun_permit,Loudoun County,ELECC-2026-031169,Telecommunication and Security Pathways and Details for COLO 3 Building in IAD 12 Microsoft Data Center Building,Little River,Issued,,,,,203354208000,,ELECC-2026-031169,1 42031 LN,1784174400000,Electrical (Commercial)
loudoun_permit,Loudoun County,ZONC-2025-013162,Data center core & shell building.,Broad Run,Issued,,,,,061394321000,,ZONC-2025-013162,1 21780 CT,1752033600000,Zoning (Commercial)
loudoun_permit,Loudoun County,PLUMC-2025-033461,Data Center Tenant Fitout Construction - Phase 02,Dulles,Issued,,,,,096183926000,,PLUMC-2025-033461,1 25190 DR,1771822800000,Plumbing (Commercial)
loudoun_permit,Loudoun County,FIREC-2025-036582,Data Center - Data Hall fit-out,Leesburg,Issued,,,,,235297431000,,FIREC-2025-036582,1 41785 LN,1759377600000,Fire Protection (Commercial)
loudoun_permit,Loudoun County,V90314380001,DATA CENTER,Ashburn,Issued,,,,,088392214000,,V90314380001,1 21745 DR,1756958400000,Elevator Maintenance
loudoun_permit,Loudoun County,BLDC-2024-058387,Permit for the Construction on a Post and Panel Retaining Wall to Support NOVEC Electrical Substation for Tech Park at Brambleton Data Center Campus,Little River,Issued,14650.0,,,,202206213000,,BLDC-2024-058387,23896 RD,1736226000000,Building (Commercial)
loudoun_permit,Loudoun County,BLDC-2024-058387,Permit for the Construction on a Post and Panel Retaining Wall to Support NOVEC Electrical Substation for Tech Park at Brambleton Data Center Campus,Little River,Issued,14650.0,,,,161253540000,,BLDC-2024-058387,23896 RD,1736226000000,Building (Commercial)
loudoun_permit,Loudoun County,BLDC-2024-058387,Permit for the Construction on a Post and Panel Retaining Wall to Support NOVEC Electrical Substation for Tech Park at Brambleton Data Center Campus,Little River,Issued,14650.0,,,,202104192000,,BLDC-2024-058387,23896 RD,1736226000000,Building (Commercial)
loudoun_permit,Loudoun County,BLDC-2024-058387,Permit for the Construction on a Post and Panel Retaining Wall to Support NOVEC Electrical Substation for Tech Park at Brambleton Data Center Campus,Little River,Issued,14650.0,,,,161264481000,,BLDC-2024-058387,23896 RD,1736226000000,Building (Commercial)
loudoun_permit,Loudoun County,MECHC-2025-020661,"Phase 4 Tenant Interiors buildout of the LC11 Data Center building. Phase 4 includes mechanical and electrical rooms and equipment on Level 2 to support turnover of 1 of 4 Data Halls, as well as tenant spaces on Level 1.",Broad Run,Issued,,,,,089496314001,,MECHC-2025-020661,1 22235 PKWY,1747800000000,Mechanical (Commercial)
loudoun_permit,Loudoun County,MECHC-2026-018755,"Data center new construction, phase 1 mechanical",Loudoun County,Issued,,,,,113162785000,,MECHC-2026-018755,1 19570 LN,1778644800000,Mechanical (Commercial)
loudoun_permit,Loudoun County,ZONC-2025-007397,Installation of additional communications cabling pathways between existing computer rooms in existing data center building.,Sterling,Issued,,,,,043482656000,,ZONC-2025-007397,1 21645 DR,1744344000000,Zoning (Commercial)
loudoun_permit,Loudoun County,VSMP-2021-0085,"LOUDOUN METRO DATA CENTERS LM5-LM8 REQUEST APPROVAL OF A VIRGINIA STORMWATER MANAGEMENT PROGRAM (VSMP) FOR THE DISTURBED AREA OF 42.02 ACRES, IN THE (PDOP) PLANNDED DEVELOPMENT-OFFICE PARK ZONING DISTRICT. SDM",Broad Run,Issued,,,,,089496246000,,VSMP-2021-0085,22235 PKWY,1635134400000,VESMP
loudoun_permit,Loudoun County,VSMP-2021-0085,"LOUDOUN METRO DATA CENTERS LM5-LM8 REQUEST APPROVAL OF A VIRGINIA STORMWATER MANAGEMENT PROGRAM (VSMP) FOR THE DISTURBED AREA OF 42.02 ACRES, IN THE (PDOP) PLANNDED DEVELOPMENT-OFFICE PARK ZONING DISTRICT. SDM",Broad Run,Issued,,,,,089309997000,,VSMP-2021-0085,22235 PKWY,1635134400000,VESMP
loudoun_permit,Loudoun County,VSMP-2021-0085,"LOUDOUN METRO DATA CENTERS LM5-LM8 REQUEST APPROVAL OF A VIRGINIA STORMWATER MANAGEMENT PROGRAM (VSMP) FOR THE DISTURBED AREA OF 42.02 ACRES, IN THE (PDOP) PLANNDED DEVELOPMENT-OFFICE PARK ZONING DISTRICT. SDM",Broad Run,Issued,,,,,089496523000,,VSMP-2021-0085,22235 PKWY,1635134400000,VESMP
loudoun_permit,Loudoun County,V80337900003,DATA CENTER/SHELL & CORE WORK,Broad Run,Issued,,,,,044154872000,,V80337900003,1 22271 DR,1755230400000,Elevator Maintenance
loudoun_permit,Loudoun County,BLDC-2024-054888,This is a three story data center that includes both core & shell and tenant fit-up. This is for Phase 11.,Dulles,Issued,22374.1,,,,203170856000,,BLDC-2024-054888,1 42090 LN,1750996800000,Building (Commercial)
loudoun_permit,Loudoun County,PLUMC-2024-063355,"PHASE 14/This is a three story data center that includes both core & shell and tenant fit-up. This is for Phase 14. 3 Water Service Lines (Industrial Water, Domestic Water, Fire Water), 2 Waste (IWW & DW)",Dulles,Issued,,,,,203170856000,,PLUMC-2024-063355,1 42090 LN,1751428800000,Plumbing (Commercial)
loudoun_permit,Loudoun County,VSMP-2022-0078,"DARVISH DATA CENTER Request approval of a Virginia Stormwater Management Program (VSMP) for the disturbed are of 11.08 acres, in the PDIP Planned Development- Industrial Park zoning district. HK",Broad Run,Issued,,,,,045195615000,,VSMP-2022-0078,1 22760 BLVD,1661313600000,VESMP
loudoun_permit,Loudoun County,BLDC-2025-023201,New data center build. Phase 5,Sterling,Issued,,,,,122207249000,,BLDC-2025-023201,1 43855 PLZ,1777608000000,Building (Commercial)
loudoun_permit,Loudoun County,BLDC-2025-017606,New data center build.304000000,Sterling,Issued,412905.0,,,,122207249000,,BLDC-2025-017606,1 43855 PLZ,1770181200000,Building (Commercial)
loudoun_permit,Loudoun County,V00225450002,NEW DATA CENTER - ELEVATOR,Broad Run,Issued,,,,,061275931000,,V00225450002,1 44621 RD,1720411200000,Elevator Maintenance
loudoun_permit,Loudoun County,ELECC-2025-032837,low voltage for HVAC controls for Data Center Architectural and Structural Tenant Fit-Out for Phase 10,Leesburg,Issued,,,,,193274995000,,ELECC-2025-032837,1 20335 DR,1753934400000,Electrical (Commercial)
loudoun_permit,Loudoun County,BLDC-2024-035597,Data Center Architectural and Structural Tenant Fit-Out for Phase 10,Leesburg,Issued,21901.5,,,,193276668000,,BLDC-2024-035597,1 20575 DR,1732078800000,Building (Commercial)
loudoun_permit,Loudoun County,BLDC-2025-056057,Data Center Tenant Fitout Construction - Phase 05 MEP trades from BLDC-2025-026613 need to be assigned to this permit. Data Center Tenant Fit-out Construction - Phase 05. This permit is replacing BLDC-2025-026613(canceled). the design was approved under BLDC-2025-003107 (mass approval),Dulles,Issued,,,,,096183926000,,BLDC-2025-056057,1 25190 DR,1773201600000,Building (Commercial)
loudoun_permit,Loudoun County,BLDC-2023-008325,"Replacement of existing, end-of-life exterior water storage tanks with new water storage tanks and redundant water pumping equipment in new enclosure at existing data center.",Loudoun County,Issued,1600.0,,,,045175529000,,BLDC-2023-008325,1 22755 DR,1712030400000,Building (Commercial)
loudoun_permit,Loudoun County,ZONC-2024-063811,Installation of additional communications cabling pathways between existing computer rooms in existing data center.,Sterling,Issued,,,,,044193385000,,ZONC-2024-063811,1 22370 DR,1740027600000,Zoning (Commercial)
loudoun_permit,Loudoun County,ELECC-2025-048358,Data Hall and Electrical Room Build. Also includes a 2nd floor and 1st floor data center build out which consist of 24 MWs. (Phase 3),Sterling,Issued,,,,,030292034000,,ELECC-2025-048358,1 45831 RD,1770008400000,Electrical (Commercial)
loudoun_permit,Loudoun County,VSMP-2021-0081,"LOUDOUN CENTER LC3 DATA CENTER REQUEST APPROVAL OF A VIRGINIA STORMWATER MANAGEMENT PROGRAM (VSMP) FOR THE DISTURBED AREA OF 11.33 ACRES, IN THE PLANNED DEVELOPMENT OFFICE PARK (PDOP) ZONING DISTRICT. AM",Broad Run,Issued,,,,,061285496000,,VSMP-2021-0081,1 44621 RD,1631592000000,VESMP
loudoun_permit,Loudoun County,VSMP-2021-0081,"LOUDOUN CENTER LC3 DATA CENTER REQUEST APPROVAL OF A VIRGINIA STORMWATER MANAGEMENT PROGRAM (VSMP) FOR THE DISTURBED AREA OF 11.33 ACRES, IN THE PLANNED DEVELOPMENT OFFICE PARK (PDOP) ZONING DISTRICT. AM",Broad Run,Issued,,,,,061177666000,,VSMP-2021-0081,1 44621 RD,1631592000000,VESMP
loudoun_permit,Loudoun County,VSMP-2021-0081,"LOUDOUN CENTER LC3 DATA CENTER REQUEST APPROVAL OF A VIRGINIA STORMWATER MANAGEMENT PROGRAM (VSMP) FOR THE DISTURBED AREA OF 11.33 ACRES, IN THE PLANNED DEVELOPMENT OFFICE PARK (PDOP) ZONING DISTRICT. AM",Broad Run,Issued,,,,,061275931000,,VSMP-2021-0081,1 44621 RD,1631592000000,VESMP
loudoun_permit,Loudoun County,FIREC-2025-051707,New fire protection system to be installed to accommodate code requirements needed for a new data center.,Broad Run,Issued,,,,,060209652000,,FIREC-2025-051707,1 44710 CIR,1765429200000,Fire Protection (Commercial)
loudoun_permit,Loudoun County,ZONC-2024-041713,Data Center Architectural and Structural Tenant Fit-Out for Phase 10,Leesburg,Issued,,,,,193274995000,,ZONC-2024-041713,1 20335 DR,1734757200000,Zoning (Commercial)
loudoun_permit,Loudoun County,GRADE-2026-000012,MASS GRADING @ ALLEGRO NORTH CAMPUS BLDGS 2B-2E Early grading construction plan and profiles for a data center.,Little River,Issued,,,,,202285740000,,GRADE-2026-000012,1 41567 LN,1780459200000,Grading
loudoun_permit,Loudoun County,ELECC-2025-011181,Data Center Architectural and Structural Tenant Fit-Out for Phase 5; USB 2.2B SERVICE,Leesburg,Issued,,,,,193274995000,,ELECC-2025-011181,1 20335 DR,1744776000000,Electrical (Commercial)
loudoun_permit,Loudoun County,ELECC-2026-004692,Data Center Tenant Fit out Construction - Phase 07 USB 2.1A,Dulles,Issued,,,,,096183926000,,ELECC-2026-004692,1 25145 DR,1780459200000,Electrical (Commercial)
loudoun_permit,Loudoun County,B20539370100,DATA CENTER RENOVATION,Broad Run,Issued,,,,,061483407000,,B20539370100,1 21715 CT,1667188800000,Building (Commercial)
loudoun_permit,Loudoun County,BLDC-2026-007324,Data Center Vault Phasing Package. Vault 1.2 - Phase 3. Electronic copy,Broad Run,Issued,21130.0,,,,061450432000,,BLDC-2026-007324,1 44395 PLZ,1778472000000,Building (Commercial)
loudoun_permit,Loudoun County,V90297760001,DATA CENTER,Ashburn,Issued,,,,,088392214000,,V90297760001,1,1697860800000,Elevator Maintenance
loudoun_permit,Loudoun County,ELECC-2025-006674,low voltage for HVAC controls for Fit-out of Colo 2 data center,Little River,Issued,,,,,203354208000,,ELECC-2025-006674,1 42010 LN,1740114000000,Electrical (Commercial)
loudoun_permit,Loudoun County,ZONC-2024-042684,Data Center Architectural and Structural Tenant Fit-Out for Phase 12,Leesburg,Issued,,,,,193276668000,,ZONC-2024-042684,1 20575 DR,1732078800000,Zoning (Commercial)
loudoun_permit,Loudoun County,PLUMC-2024-063358,"PHASE 15/This is a three story data center that includes both core & shell and tenant fit-up. This is for Phase 15. 3 Water Service Lines (Industrial Water, Domestic Water, Fire Water), 2 Waste (IWW & DW)",Dulles,Issued,,,,,203170856000,,PLUMC-2024-063358,1 42090 LN,1751428800000,Plumbing (Commercial)
loudoun_permit,Loudoun County,V80337900002,DATA CENTER/SHELL & CORE WORK,Broad Run,Issued,,,,,044154872000,,V80337900002,1 22271 DR,1531281600000,Elevator Maintenance
loudoun_permit,Loudoun County,VSMP-2024-000089,LC11 & LC12 Data Center - THE SUBJECT OF THIS APPLICATION CONSISTS OF THE DESIGN OF TWO THREE-STORY DATA CENTER BUILDINGS AND ASSOCIATED UTILITIES AND INFRASTRUCTURE.,Broad Run,Issued,,,,,089496314000,,VSMP-2024-000089,22225 PKWY,1737608400000,VESMP
loudoun_permit,Loudoun County,VSMP-2024-000089,LC11 & LC12 Data Center - THE SUBJECT OF THIS APPLICATION CONSISTS OF THE DESIGN OF TWO THREE-STORY DATA CENTER BUILDINGS AND ASSOCIATED UTILITIES AND INFRASTRUCTURE.,Broad Run,Issued,,,,,062265030000,,VSMP-2024-000089,22225 PKWY,1737608400000,VESMP
loudoun_permit,Loudoun County,VSMP-2024-000089,LC11 & LC12 Data Center - THE SUBJECT OF THIS APPLICATION CONSISTS OF THE DESIGN OF TWO THREE-STORY DATA CENTER BUILDINGS AND ASSOCIATED UTILITIES AND INFRASTRUCTURE.,Broad Run,Issued,,,,,088195276000,,VSMP-2024-000089,22225 PKWY,1737608400000,VESMP
loudoun_permit,Loudoun County,VSMP-2024-000089,LC11 & LC12 Data Center - THE SUBJECT OF THIS APPLICATION CONSISTS OF THE DESIGN OF TWO THREE-STORY DATA CENTER BUILDINGS AND ASSOCIATED UTILITIES AND INFRASTRUCTURE.,Broad Run,Issued,,,,,089496246000,,VSMP-2024-000089,22225 PKWY,1737608400000,VESMP
loudoun_permit,Loudoun County,VSMP-2024-000089,LC11 & LC12 Data Center - THE SUBJECT OF THIS APPLICATION CONSISTS OF THE DESIGN OF TWO THREE-STORY DATA CENTER BUILDINGS AND ASSOCIATED UTILITIES AND INFRASTRUCTURE.,Broad Run,Issued,,,,,062256361000,,VSMP-2024-000089,22225 PKWY,1737608400000,VESMP
loudoun_permit,Loudoun County,VSMP-2024-000089,LC11 & LC12 Data Center - THE SUBJECT OF THIS APPLICATION CONSISTS OF THE DESIGN OF TWO THREE-STORY DATA CENTER BUILDINGS AND ASSOCIATED UTILITIES AND INFRASTRUCTURE.,Broad Run,Issued,,,,,089496523000,,VSMP-2024-000089,22225 PKWY,1737608400000,VESMP
loudoun_permit,Loudoun County,FIREC-2026-014404,"IAD 158 - Two story, 12 Romp Data Center - Phase 05",Dulles,Issued,,,,,096183926000,,FIREC-2026-014404,1 25410 DR,1782100800000,Fire Protection (Commercial)
loudoun_permit,Loudoun County,V00405020001,DATA CENTER / CORE & SHELL,Unknown,Issued,,,,,042394385003,,V00405020001,1 21340 BLVD,1605589200000,Elevator Maintenance
loudoun_permit,Loudoun County,FIREC-2026-004473,Fire alarm for Data Center. New construction.,Loudoun County,Issued,,,,,162176713000,,FIREC-2026-004473,1 24400 LN,1781755200000,Fire Protection (Commercial)
loudoun_permit,Loudoun County,PLUMC-2025-043813,Plumbing for foundation only for 2 STORY SINGLE TENANT COMPUTER DATA CENTER.,Sterling,Issued,,,,,122207249000,,PLUMC-2025-043813,1 43649 PLZ,1758772800000,Plumbing (Commercial)
loudoun_permit,Loudoun County,PLUMC-2024-063313,"PHASE 8/This is a three story data center that includes both core & shell and tenant fit-up. This is for Phase 8. 3 Water Service Lines (Industrial Water, Domestic Water, Fire Water), 2 Waste (IWW & DW)",Dulles,Issued,,,,,203170856000,,PLUMC-2024-063313,1 42090 LN,1751947200000,Plumbing (Commercial)
loudoun_permit,Loudoun County,ELECC-2025-032839,low voltage for HVAC controls for Data Center Architectural and Structural Tenant Fit-Out for Phase 11,Leesburg,Issued,,,,,193274995000,,ELECC-2025-032839,1 20335 DR,1753934400000,Electrical (Commercial)
loudoun_permit,Loudoun County,ZONC-2026-007419,"Electrical equipment upgrades, along with related mechanical equipment installations, within existing 1-story data center building. Electronic copy.",Sterling,Issued,,,,,033201325000,,ZONC-2026-007419,1 45900 PLZ,1775793600000,Zoning (Commercial)
loudoun_permit,Loudoun County,FIREC-2026-014241,New 2 story Data Center - Phase 06,Dulles,Issued,,,,,096183926000,,FIREC-2026-014241,1 25190 DR,1783656000000,Fire Protection (Commercial)
loudoun_permit,Loudoun County,ZONC-2023-005378,Building 1 of 2 on campus CURRENT: CORE/SHELL 3 STORY FLEX WAREHOUSE AND COMMERCIAL OFFICE FUTURE PURPOSE OF SPACE: 3 STORY SINGLE TENANT COMPUTER DATA CENTER Associated grading permit: (County #X20231280001),Leesburg,Issued,,,,,193180871000,,ZONC-2023-005378,1 20575 DR,1704298897000,Zoning (Commercial)
loudoun_permit,Loudoun County,ELECC-2026-025004,Phase 2 Data Center,Sterling,Issued,,,,,062275493002,,ELECC-2026-025004,1 22285 RD,1782964800000,Electrical (Commercial)
loudoun_permit,Loudoun County,BLDC-2024-035657,Data Center Architectural and Structural Tenant Fit-Out for Phase 14,Leesburg,Issued,19412.1,,,,193274995000,,BLDC-2024-035657,1 20335 DR,1734757200000,Building (Commercial)
loudoun_permit,Loudoun County,MECHC-2025-033440,Data Center Tenant Fitout Construction - Phase 07,Dulles,Issued,,,,,096183926000,,MECHC-2025-033440,1 25190 DR,1771822800000,Mechanical (Commercial)
loudoun_permit,Loudoun County,FIREC-2026-014402,"IAD 158 - Two story, 12 Romp Data Center - Phase 3",Dulles,Issued,,,,,096183926000,,FIREC-2026-014402,1 25410 DR,1782100800000,Fire Protection (Commercial)
loudoun_permit,Loudoun County,ZONC-2024-042349,Data Center Architectural and Structural Tenant Fit-Out for Phase 7,Leesburg,Issued,,,,,193276668000,,ZONC-2024-042349,1 20575 DR,1732078800000,Zoning (Commercial)
loudoun_permit,Loudoun County,BLDC-2025-009449,"*FULL APPROVAL CONSTRUCTION* New construction of a 3-story data center facility ""Core-&-Shell"" with data halls, electrical and mechanical infrastructure, and a 2-story administrative area. Includes a separate 3-story exterior gantry structure adjacent to the building to support the electrical and mechanical equipment. Mechanical chillers and associated electrical support are located on roof dunnage above the building and extend over the gantry.Scanned under BLDC-2025-009449. electronic copy",Ashburn,Issued,270000.0,,,,113167503000,,BLDC-2025-009449,1 19560 LN,1751947200000,Building (Commercial)
loudoun_permit,Loudoun County,FIREC-2025-030279,Fire Alarm system for Core & Shell new construction data center,Sterling,Issued,,,,,044155625000,,FIREC-2025-030279,1 22280 DR,1758254400000,Fire Protection (Commercial)
loudoun_permit,Loudoun County,ZONC-2024-065264,Core and Shell building with an admin area. Also includes a 3rd floor data center build out which consist of 24 MWs.,Sterling,Issued,,,,,030292034000,,ZONC-2024-065264,1 45831 RD,1740546000000,Zoning (Commercial)
loudoun_permit,Loudoun County,ZONC-2023-019682,"THE PROPOSED PROJECT IS A 3-STORY, SINGLE TENANT, PHASED INTERIOR BUILD-OUT OF AN EXISTING SHELL BUILDING FOR USE AS A DATA CENTER - WHICH WILL HOUSE COMPUTERS, RELATED INFRASTRUCTURE, ADMINISTRATIVE/OFFICE AREAS, AND DATA HALL WITH ASSOCIATED AIR HANDLING & ELECTRICAL EQUIPMENT IN PHASE 1. SUBSEQUENT DATA HALL AREA(S) WITH ASSOCIATED AIR HANDLING & ELECTRICAL EQUIPMENT ROOMS SHALL BE CONTRUCTED IN SUCCESSIVE PHASES (REFER TO ARCHITECT'S PHASING PLAN). PARTIAL/TEMPORARY OCCUPANCY WITH ASSOCIATED INSPECTIONS SHALL BE MADE AT THE COMPLETION OF EACH PHASE, FOLLOWED BY FINAL INSPECTIONS AT THE END OF THE LAST PHASE TO ACCOMMODATE TENANT OCCUPANCY OF THE ENTIRE BUILDING INTERIOR. THE DRAWINGS, IN CONCERT WITH THE SPECIFICATIONS, COMPRISE THE CONTRACT DOCUMENTS OUTLINING THE DESIGN INTENT AND PROJECT SCOPE, AND MAY BE SUPPLEMENTED BY FURTHER INFORMATION ISSUED BY ARCHITECT. THE BUILDING'S AUTOMATIC DRY-PIPE SPRINKLER SYSTEM SHALL BE OPERATIONAL BEFORE OCCUPANCY OCCURS.",Sterling,Issued,,,,,062279710000,,ZONC-2023-019682,1 22275 RD,1716575058000,Zoning (Commercial)
loudoun_permit,Loudoun County,E00207510001,2 TIER CABLE TRAY FOR DATA CENTER FIT UP,Broad Run,Issued,,,,,062493798000,,E00207510001,1 44751 PLZ,1579237200000,Electrical (Commercial)
loudoun_permit,Loudoun County,ZONC-2025-054551,Electrical equipment upgrades within existing computer rooms in 1-story data center building.,Sterling,Issued,,,,,033201325000,,ZONC-2025-054551,1 45930 PLZ,1768885200000,Zoning (Commercial)
loudoun_permit,Loudoun County,MECHC-2024-063335,This is a three story data center that includes both core & shell and tenant fit-up. This is for Phase 11.,Dulles,Issued,,,,,203170856000,,MECHC-2024-063335,1 42090 LN,1751515200000,Mechanical (Commercial)
loudoun_permit,Loudoun County,FIREC-2025-049763,Fire Alarm system for new construction data center (DH2100),Sterling,Issued,,,,,044155625000,,FIREC-2025-049763,1 22280 DR,1776830400000,Fire Protection (Commercial)
loudoun_permit,Loudoun County,ELECC-2025-011196,Data Center Architectural and Structural Tenant Fit-Out for Phase 18; USB 1.6E SERVICE,Leesburg,Issued,,,,,193274995000,,ELECC-2025-011196,1 20335 DR,1745467200000,Electrical (Commercial)
loudoun_permit,Loudoun County,FIREC-2026-004472,Fire alarm control panel replacement for Data Center. New construction.,Loudoun County,Issued,,,,,162176713000,,FIREC-2026-004472,1 24400 LN,1776916800000,Fire Protection (Commercial)
loudoun_permit,Loudoun County,FMOMH-2026-015957,Data Center - VA 11 - Renewal FMOMH-2025-017409,Sterling,Issued,,,,,044288975001,,FMOMH-2026-015957,1 45200 PLZ,1775062908000,FMO - Moderate/High Hazard
loudoun_permit,Loudoun County,ELECC-2024-064069,DC17 Phase 1 - New Data Center/Fire Alarm Permit Request,Broad Run,Issued,,,,,060209652000,,ELECC-2024-064069,1 44710 CIR,1746417600000,Electrical (Commercial)
loudoun_permit,Loudoun County,ZONC-2024-010753,Data Center Core and Shell NEW DATA CENTER VA 15,Sterling,Issued,,,,,044292829001,,ZONC-2024-010753,1 45210 PLZ,1719806400000,Zoning (Commercial)
loudoun_permit,Loudoun County,FIREC-2026-014403,"IAD 158 - Two story, 12 Romp Data Center - Phase 04",Dulles,Issued,,,,,096183926000,,FIREC-2026-014403,1 25410 DR,1782100800000,Fire Protection (Commercial)
loudoun_permit,Loudoun County,BLDC-2025-015403,PHASE 2 of same project as permit #BLDC-2024-063845 - Interior datacenter fit-out of 1st floor data center and corresponding equipment infrastructure on roof and in generator yard areas.,Broad Run,Issued,110000.0,,,,042152579000,,BLDC-2025-015403,1 21529 CIR,1750132800000,Building (Commercial)
loudoun_permit,Loudoun County,VSMP-2023-000104,The 22675 Dulles Summit Court Project includes the demolition of three existing industrial buildings and construction of a data center and associated infrastructure under STPL- 2023-0015.,Sterling,Issued,,,,,045252512000,,VSMP-2023-000104,22665 CT,1698065390000,VESMP
loudoun_permit,Loudoun County,VSMP-2023-000104,The 22675 Dulles Summit Court Project includes the demolition of three existing industrial buildings and construction of a data center and associated infrastructure under STPL- 2023-0015.,Sterling,Issued,,,,,045254007000,,VSMP-2023-000104,22665 CT,1698065390000,VESMP
loudoun_permit,Loudoun County,ELECC-2025-055313,Low Voltage for new data center,Broad Run,Issued,,,,,061450432000,,ELECC-2025-055313,1 44395 PLZ,1765170000000,Electrical (Commercial)
loudoun_permit,Loudoun County,ELECC-2025-022357,New construction 3-story data center (Data Hall 2100 Upfit),Sterling,Issued,,,,,044155625000,,ELECC-2025-022357,1 22280 DR,1752206400000,Electrical (Commercial)
loudoun_permit,Loudoun County,E20656720105,DATA CENTER SHELL,Little River,Issued,,,,,246203645000,,E20656720105,1 24214 LN,1685678400000,Electrical (Commercial)
loudoun_permit,Loudoun County,BLDC-2025-023292,New data center build. Phase 17,Sterling,Issued,,,,,122207249000,,BLDC-2025-023292,1 43855 PLZ,1777521600000,Building (Commercial)
loudoun_permit,Loudoun County,BLDC-2026-000067,Data Center Tenant Fitout Construction - Phase 03,Dulles,Issued,,,,,096183926000,,BLDC-2026-000067,1 25145 DR,1778472000000,Building (Commercial)
loudoun_permit,Loudoun County,ELECC-2025-011185,Data Center Architectural and Structural Tenant Fit-Out for Phase 8; USB 2.3B SERVICE,Leesburg,Issued,,,,,193274995000,,ELECC-2025-011185,1 20335 DR,1745467200000,Electrical (Commercial)
loudoun_permit,Loudoun County,BLDC-2025-023099,New data center build. Phase 2,Sterling,Issued,,,,,122207249000,,BLDC-2025-023099,1 43855 PLZ,1777608000000,Building (Commercial)
loudoun_permit,Loudoun County,BLDC-2025-002422,Phase 2 Tenant Interiors buildout of the LC11 Data Center building. Phase 2 includes mechanical and electrical rooms and equipment on Level 3 to support turnover of 1 of 2 Data Halls on Level 3.,Broad Run,Issued,,,,,089496314001,,BLDC-2025-002422,1 22235 PKWY,1747713600000,Building (Commercial)
loudoun_permit,Loudoun County,BLDC-2025-023235,New data center build. Phase 11,Sterling,Issued,,,,,122207249000,,BLDC-2025-023235,1 43855 PLZ,1777521600000,Building (Commercial)
loudoun_permit,Loudoun County,FMOMH-2026-014391,Bldg H - Data Centers,Broad Run,Issued,,,,,089291706000,,FMOMH-2026-014391,1 43780 PLZ,1777383106000,FMO - Moderate/High Hazard
loudoun_permit,Loudoun County,BLDC-2024-035576,Data Center Architectural and Structural Tenant Fit-Out for Phase 6,Leesburg,Issued,19688.4,,,,193276668000,,BLDC-2024-035576,1 20575 DR,1732078800000,Building (Commercial)
loudoun_permit,Loudoun County,ZONC-2026-005762,"Electrical equipment updates with related overhead cable supports, within existing 1-story data center building. Electronic copy.",Dulles,Issued,,,,,124299328000,,ZONC-2026-005762,1 23825 DR,1774411200000,Zoning (Commercial)
loudoun_permit,Loudoun County,V90367480004,DATA CENTER,Catoctin,Issued,,,,,194498227000,,V90367480004,1 20491 LN,1750651200000,Elevator Maintenance
loudoun_permit,Loudoun County,ELECC-2025-000440,"Data Center Architectural and Structural Tenant Fit-Out for Phase 10. This project involves the fitout of the AWS datacenter covered under the C&S Permit. Phases 1-18 of the datacenter are modular in nature and there is a separate ""Office"" phase. See drawings for exact equipment sizes/quantities.",Leesburg,Issued,,,,,193274995000,,ELECC-2025-000440,1 20335 DR,1745467200000,Electrical (Commercial)
loudoun_permit,Loudoun County,BLDC-2024-054893,This is a three story data center that includes both core & shell and tenant fit-up. This is for Phase 12.,Dulles,Issued,22374.1,,,,203170856000,,BLDC-2024-054893,1 42090 LN,1750996800000,Building (Commercial)
loudoun_permit,Loudoun County,ZONC-2025-019516,New data center build.304000000,Sterling,Issued,,,,,122207249000,,ZONC-2025-019516,1 43855 PLZ,1770181200000,Zoning (Commercial)
loudoun_permit,Loudoun County,V90205900001,DATA CENTER CORE & SHELL,Unknown,Issued,,,,,042394385001,,V90205900001,1 21350 BLVD,1554350400000,Elevator Maintenance
loudoun_permit,Loudoun County,ZONC-2025-057184,"TENANT FIT OUT (TFO) OF EXISTING ROOMS WITHIN THE EDGECORE AS01 DATA CENTER BUILDING. THE TENANT IMPROVEMENTS INCLUDE THE INTERIOR FIT OUT OF THREE EXISTING 36MW DATA HALLS AND OFFICE SPACES WITH AN APPROXIMATE TOTAL AREA OF 107,583 SQUARE FEET.",Sterling,Issued,,,,,030292034000,,ZONC-2025-057184,1 45831 RD,1772082000000,Zoning (Commercial)
loudoun_permit,Loudoun County,B20655910100,DATA CENTER SHELL,Little River,Issued,252600.0,,,,246203645000,,B20655910100,1 24234 LN,1684987200000,Building (Commercial)
loudoun_permit,Loudoun County,FIREC-2026-012468,TI Build-out of IAD-174 a Two Story 12 POD Data Center - Phase 7,Sterling,Issued,,,,,030455548000,,FIREC-2026-012468,1 21215 BLVD,1780891200000,Fire Protection (Commercial)
loudoun_permit,Loudoun County,BLDC-2026-013140,Data Center Architectural and Structural Tenant Fit-Out for Phase 11 of the data center. There are a total of 18 phases in this project.,Leesburg,Issued,21594.0,,,,193281883000,,BLDC-2026-013140,1 42376 DR,1777262400000,Building (Commercial)
loudoun_permit,Loudoun County,ZONC-2025-026205,New data center build. Phase 13,Sterling,Issued,,,,,122207249000,,ZONC-2025-026205,1 43855 PLZ,1777521600000,Zoning (Commercial)
loudoun_permit,Loudoun County,ELECC-2025-016279,"Installation of new exterior electrical equipment to power new traffic control arm, sliding gates, site lighting and security equipment at existing data center campus entrance.",Sterling,Issued,,,,,062159785000,,ELECC-2025-016279,1 44305 PLZ,1767589200000,Electrical (Commercial)
loudoun_permit,Loudoun County,ELECC-2025-057669,Service C: New construction/electrical system for a new data hall suite with a newly built IAD56 data center building.,Broad Run,Issued,,,,,061394321000,,ELECC-2025-057669,1 21780 CT,1774497600000,Electrical (Commercial)
loudoun_permit,Loudoun County,BLDC-2024-035610,Data Center Architectural and Structural Tenant Fit-Out for Phase 1,Leesburg,Issued,31082.9,,,,193274995000,,BLDC-2024-035610,1 20335 DR,1734238800000,Building (Commercial)
loudoun_permit,Loudoun County,BLDC-2026-013231,Data Center Architectural and Structural Tenant Fit-Out for Phase 15 of the data center. There are a total of 18 phases in this project.,Leesburg,Issued,19412.0,,,,193281883000,,BLDC-2026-013231,1 42376 DR,1777262400000,Building (Commercial)
loudoun_permit,Loudoun County,ELECC-2025-006733,ACC2 DATA CENTER - HITEC DRUPS REPLACEMENT PH3 - INSTALL DRUPS FEEDERS AND CONTROL WIRING,Broad Run,Issued,,,,,060182916000,,ELECC-2025-006733,1 44490 PL,1740114000000,Electrical (Commercial)
loudoun_permit,Loudoun County,ELECC-2026-005988,Low voltage for HVAC controls for Suite Tenant Fit-Out/Data Hall in an existing Data Center Core and Shell,Broad Run,Issued,,,,,061394321000,,ELECC-2026-005988,1 21780 CT,1779940800000,Electrical (Commercial)
loudoun_permit,Loudoun County,FIREC-2026-029944,New Construction Phasing Plan - Phase 2 Vault 2-1 / Data Center.,Broad Run,Issued,,,,,061450432000,,FIREC-2026-029944,1 44395 PLZ,1783483200000,Fire Protection (Commercial)
loudoun_permit,Loudoun County,BLDC-2024-035653,Data Center Architectural and Structural Tenant Fit-Out for Phase 11,Leesburg,Issued,21594.2,,,,193274995000,,BLDC-2024-035653,1 20335 DR,1734411600000,Building (Commercial)
loudoun_permit,Loudoun County,PLUMC-2026-021847,Plumbing for 2 STORY SINGLE TENANT COMPUTER DATA CENTER *FULL APPROVAL*,Sterling,Issued,,,,,122207249000,,PLUMC-2026-021847,1 43649 PLZ,1780286400000,Plumbing (Commercial)
loudoun_permit,Loudoun County,X20210550001,"DATA CENTER, BONDED GRADING, .32 MI S OF ARCOLA MILLS DR .30 MI N OF JOHN MOSBY HWY",Blue Ridge,Issued,,,,,162176713000,,X20210550001,1 24400 LN,1617940800000,Grading
loudoun_permit,Loudoun County,BLDC-2024-039132,Third building on the campus. CURRENT: CORE/SHELL 3-STORY FLEX WAREHOUSE AND COMMERICAL OFFICE. FUTURE PURPOSE OF SPACE: 3-STORY SINGLE TENANT COMPUTER DATA CENTER.,Leesburg,Issued,413099.0,,,,193281883000,,BLDC-2024-039132,1 42376 DR,1738299600000,Building (Commercial)
loudoun_permit,Loudoun County,V70432060001,DATA CENTER,Ashburn,Issued,,,,,088407447000,,V70432060001,1 44245 PLZ,1511240400000,Elevator Maintenance
loudoun_permit,Loudoun County,FMOMH-2026-013287,Data Centers,Broad Run,Issued,,,,,089382215000,,FMOMH-2026-013287,1 43881 DR,1774884512000,FMO - Moderate/High Hazard
loudoun_permit,Loudoun County,FMOMH-2026-013287,Data Centers,Broad Run,Issued,,,,,089291706000,,FMOMH-2026-013287,1 43881 DR,1774884512000,FMO - Moderate/High Hazard
loudoun_permit,Loudoun County,FMOMH-2026-013287,Data Centers,Broad Run,Issued,,,,,089367531000,,FMOMH-2026-013287,1 43881 DR,1774884512000,FMO - Moderate/High Hazard
loudoun_permit,Loudoun County,FMOMH-2026-013287,Data Centers,Broad Run,Issued,,,,,089374763000,,FMOMH-2026-013287,1 43881 DR,1774884512000,FMO - Moderate/High Hazard
loudoun_permit,Loudoun County,FMOMH-2026-013287,Data Centers,Broad Run,Issued,,,,,089278681000,,FMOMH-2026-013287,1 43881 DR,1774884512000,FMO - Moderate/High Hazard
loudoun_permit,Loudoun County,E70418360001,DATA CENTER,Broad Run,Issued,,,,,089372808000,,E70418360001,1 43831 DR,1506657600000,Electrical (Commercial)
loudoun_permit,Loudoun County,GRADE-2025-000034,Existing Data Center equipment yard improvements. STMP-2021-0006 & SPAM-2022-0033,Broad Run,Issued,,,,,042152579000,,GRADE-2025-000034,1 21529 CIR,1746676800000,Grading
loudoun_permit,Loudoun County,VSMP-2023-000104,The 22675 Dulles Summit Court Project includes the demolition of three existing industrial buildings and construction of a data center and associated infrastructure under STPL- 2023-0015.,Sterling,Issued,,,,,045252512000,,VSMP-2023-000104,22661 CT,1698065390000,VESMP
loudoun_permit,Loudoun County,VSMP-2023-000104,The 22675 Dulles Summit Court Project includes the demolition of three existing industrial buildings and construction of a data center and associated infrastructure under STPL- 2023-0015.,Sterling,Issued,,,,,045254007000,,VSMP-2023-000104,22661 CT,1698065390000,VESMP
loudoun_permit,Loudoun County,BLDC-2024-064895,Construct Core and Shell for Data Center.,Sterling,Issued,110000.0,,,,044461959000,,BLDC-2024-064895,1 22190 LN,1749096000000,Building (Commercial)
loudoun_permit,Loudoun County,BLDC-2026-004354,"Phase 1 Tenant Interiors Buildout of the LC8 Data Center Building. Phase 1 includes Corridors, Restrooms, Reserve Electric/Mechanical Rooms, Level 2 office space, Loading dock, and the passenger elevator.",Sterling,Issued,64302.0,,,,062257134000,,BLDC-2026-004354,1 22190 PKWY,1776398400000,Building (Commercial)
loudoun_permit,Loudoun County,ELECC-2025-017888,New data center build.,Sterling,Issued,,,,,122207249000,,ELECC-2025-017888,1 43855 PLZ,1768885200000,Electrical (Commercial)
loudoun_permit,Loudoun County,FMOMH-2026-013872,Data Center - VA 13 Renewal FMOMH-2025-017428,Sterling,Issued,,,,,044381108001,,FMOMH-2026-013872,1 45070 PLZ,1774281362000,FMO - Moderate/High Hazard
loudoun_permit,Loudoun County,G70239800001,DATA CENTER,Dulles,Issued,,,,,128408530000,,G70239800001,1,1483678800000,Gas (Commercial)
loudoun_permit,Loudoun County,VSMP-2024-000089,LC11 & LC12 Data Center - THE SUBJECT OF THIS APPLICATION CONSISTS OF THE DESIGN OF TWO THREE-STORY DATA CENTER BUILDINGS AND ASSOCIATED UTILITIES AND INFRASTRUCTURE.,Broad Run,Issued,,,,,089496314000,,VSMP-2024-000089,22235 PKWY,1737608400000,VESMP
loudoun_permit,Loudoun County,VSMP-2024-000089,LC11 & LC12 Data Center - THE SUBJECT OF THIS APPLICATION CONSISTS OF THE DESIGN OF TWO THREE-STORY DATA CENTER BUILDINGS AND ASSOCIATED UTILITIES AND INFRASTRUCTURE.,Broad Run,Issued,,,,,062265030000,,VSMP-2024-000089,22235 PKWY,1737608400000,VESMP
loudoun_permit,Loudoun County,VSMP-2024-000089,LC11 & LC12 Data Center - THE SUBJECT OF THIS APPLICATION CONSISTS OF THE DESIGN OF TWO THREE-STORY DATA CENTER BUILDINGS AND ASSOCIATED UTILITIES AND INFRASTRUCTURE.,Broad Run,Issued,,,,,089496523000,,VSMP-2024-000089,22235 PKWY,1737608400000,VESMP
loudoun_permit,Loudoun County,VSMP-2024-000089,LC11 & LC12 Data Center - THE SUBJECT OF THIS APPLICATION CONSISTS OF THE DESIGN OF TWO THREE-STORY DATA CENTER BUILDINGS AND ASSOCIATED UTILITIES AND INFRASTRUCTURE.,Broad Run,Issued,,,,,062256361000,,VSMP-2024-000089,22235 PKWY,1737608400000,VESMP
loudoun_permit,Loudoun County,VSMP-2024-000089,LC11 & LC12 Data Center - THE SUBJECT OF THIS APPLICATION CONSISTS OF THE DESIGN OF TWO THREE-STORY DATA CENTER BUILDINGS AND ASSOCIATED UTILITIES AND INFRASTRUCTURE.,Broad Run,Issued,,,,,088195276000,,VSMP-2024-000089,22235 PKWY,1737608400000,VESMP
loudoun_permit,Loudoun County,VSMP-2024-000089,LC11 & LC12 Data Center - THE SUBJECT OF THIS APPLICATION CONSISTS OF THE DESIGN OF TWO THREE-STORY DATA CENTER BUILDINGS AND ASSOCIATED UTILITIES AND INFRASTRUCTURE.,Broad Run,Issued,,,,,089496246000,,VSMP-2024-000089,22235 PKWY,1737608400000,VESMP
loudoun_permit,Loudoun County,BLDC-2026-013350,Data Center Architectural and Structural Tenant Fit-Out for Phase 13 of the data center. There are a total of 15 phases in this project.,Leesburg,Issued,19412.0,,,,193178229000,,BLDC-2026-013350,1 42590 DR,1777867200000,Building (Commercial)
loudoun_permit,Loudoun County,ZONC-2024-002362,Data Center - Data Hall fit-out,Leesburg,Issued,,,,,235297431000,,ZONC-2024-002362,1 41785 LN,1720624349000,Zoning (Commercial)
loudoun_permit,Loudoun County,V60438470001,SHELL DATA CENTER/NO INTERIOR WALLS/CORE,Broad Run,Issued,,,,,089291706000,,V60438470001,1 43780 PLZ,1481173200000,Elevator Maintenance
loudoun_permit,Loudoun County,ELECC-2026-025005,Phase 3 Data Center,Sterling,Issued,,,,,062275493002,,ELECC-2026-025005,1 22285 RD,1782964800000,Electrical (Commercial)
loudoun_permit,Loudoun County,ZONC-2024-060039,This is a three story data center that includes both core & shell and tenant fit-up. This is for Phase 9.,Dulles,Issued,,,,,203170856000,,ZONC-2024-060039,1 42090 LN,1750996800000,Zoning (Commercial)
loudoun_permit,Loudoun County,ELECC-2026-004800,"Data Center Tenant Fitout Construction - Phase 01 MVA - Switchgear rated for 1200A, Fire Pump transformer rated for 112.5kVA",Dulles,Issued,,,,,096183926000,,ELECC-2026-004800,1 25190 DR,1772686800000,Electrical (Commercial)
loudoun_permit,Loudoun County,ZONC-2025-027852,Data Center Tenant Fitout Construction - Phase 01,Dulles,Issued,,,,,096183926000,,ZONC-2025-027852,1 25190 DR,1770613200000,Zoning (Commercial)
loudoun_permit,Loudoun County,ELECC-2025-032645,Fire alarm system installation for data center core and shell,Loudoun County,Issued,,,,,124369522000,,ELECC-2025-032645,1 43304 RD,1753761600000,Electrical (Commercial)
loudoun_permit,Loudoun County,BLDC-2025-009505,"Data Center. New construction, gen yard mech enclosure and cooling tower. Electronic Copy",Loudoun County,Issued,4500.0,,,,162176713000,,BLDC-2025-009505,1 24400 LN,1746590400000,Building (Commercial)
loudoun_permit,Loudoun County,FMOMH-2026-017680,EHS Annual Permit for Data Centers - IAD175,Sterling,Issued,,,,,034263373000,,FMOMH-2026-017680,1 23005 DR,1776176773000,FMO - Moderate/High Hazard
loudoun_permit,Loudoun County,FIREC-2025-049768,VESDA system for new construction data center (DH2100),Sterling,Issued,,,,,044155625000,,FIREC-2025-049768,1 22280 DR,1778040000000,Fire Protection (Commercial)
loudoun_permit,Loudoun County,ZONC-2026-013454,Data Center Architectural and Structural Tenant Fit-Out for Phase 13 of the data center. There are a total of 18 phases in this project.,Leesburg,Issued,,,,,193281883000,,ZONC-2026-013454,1 42376 DR,1777262400000,Zoning (Commercial)
loudoun_permit,Loudoun County,E70384400001,DATA CENTER,Broad Run,Issued,,,,,060178810000,,E70384400001,1 44480 DR,1504843200000,Electrical (Commercial)
loudoun_permit,Loudoun County,ZONC-2026-004208,"Electrical equipment updates, and related overhead cable supports, within existing 1-story data center building. Electronic copy.",Dulles,Issued,,,,,097354183000,,ZONC-2026-004208,1 25311 LN,1771304400000,Zoning (Commercial)
loudoun_permit,Loudoun County,ELECC-2025-000450,"Data Center Architectural and Structural Tenant Fit-Out for Phase 16. This project involves the fitout of the AWS datacenter covered under the C&S Permit. Phases 1-18 of the datacenter are modular in nature and there is a separate ""Office"" phase. See drawings for exact equipment sizes/quantities.",Leesburg,Issued,,,,,193274995000,,ELECC-2025-000450,1 20335 DR,1745467200000,Electrical (Commercial)
loudoun_permit,Loudoun County,FIREC-2025-044452,New 2 story Data Center,Dulles,Issued,,,,,096183926000,,FIREC-2025-044452,1 25190 DR,1770958800000,Fire Protection (Commercial)
loudoun_permit,Loudoun County,ZONC-2024-061757,New construction of a 4-level data center facility.,Sterling,Issued,,,,,063477734000,,ZONC-2024-061757,1 44595 LN,1750132800000,Zoning (Commercial)
loudoun_permit,Loudoun County,ELECC-2025-032650,Security system installation for data center core & shell.,Loudoun County,Issued,,,,,124369522000,,ELECC-2025-032650,1 43304 RD,1753761600000,Electrical (Commercial)
loudoun_permit,Loudoun County,PLUMC-2024-032411,*FAST TRACK* NEW DATA CENTER; STACK NVA06 BLD B CORE/SHELL ADMIIN,Leesburg,Issued,,,,,234382603000,,PLUMC-2024-032411,1 19275 PKWY,1737608400000,Plumbing (Commercial)
loudoun_permit,Loudoun County,BLDC-2024-032400,*FAST TRACK* NEW DATA CENTER; STACK NVA06 BLD B CORE/SHELL ADMIIN,Leesburg,Issued,232886.0,,,,234382603000,,BLDC-2024-032400,1 19275 PKWY,1732510800000,Building (Commercial)
loudoun_permit,Loudoun County,MECHC-2024-063297,This is a three story data center that includes both core & shell and tenant fit-up. This is for Phase 7.,Dulles,Issued,,,,,203170856000,,MECHC-2024-063297,1 42090 LN,1751515200000,Mechanical (Commercial)
loudoun_permit,Loudoun County,PLUMC-2025-003466,Construct Core and Shell for Data Center.,Sterling,Issued,,,,,044461959000,,PLUMC-2025-003466,1 22190 LN,1740114000000,Plumbing (Commercial)
loudoun_permit,Loudoun County,MECHC-2024-063346,This is a three story data center that includes both core & shell and tenant fit-up. This is for Phase 13.,Dulles,Issued,,,,,203170856000,,MECHC-2024-063346,1 42090 LN,1751515200000,Mechanical (Commercial)
loudoun_permit,Loudoun County,Z00424980101,REPAIRS TO EXISTING DATA CENTER,Broad Run,Issued,,,,,034365461000,,Z00424980101,1 22916 DR,1613019600000,Zoning (Commercial)
loudoun_permit,Loudoun County,Z30531920101,NEW DATA CENTER,Sterling,Issued,,,,,061307718000,,Z30531920101,1 21800 CIR,1685073600000,Zoning (Commercial)
loudoun_permit,Loudoun County,ZONC-2026-013460,Data Center Architectural and Structural Tenant Fit-Out for Phase 14 of the data center. There are a total of 18 phases in this project.,Leesburg,Issued,,,,,193281883000,,ZONC-2026-013460,1 42376 DR,1777262400000,Zoning (Commercial)
loudoun_permit,Loudoun County,MECHC-2024-061636,"Data Center Architectural and Structural Tenant Fit-Out for Phase 10. This project involves the fitout of the AWS data center covered under the C&S Permit. Phases 1-12 of the datacenter are modular in nature and there is a separate ""Office"" phase. See drawings for exact equipment sizes/quantities. Phase 1-12 mechanical equipment consist Datahall Air Handling Units (93,500 CFM air handling unit each with a direct evaporation coil) and Rooftop Exhaust Fan Arrays (68,000 CFM each). See drawings for exact equipment sizes/quantities.",Leesburg,Issued,,,,,193276668000,,MECHC-2024-061636,1 20575 DR,1739250000000,Mechanical (Commercial)
loudoun_permit,Loudoun County,ZONC-2025-027867,Data Center Tenant Fitout Construction - Phase 04,Dulles,Issued,,,,,096183926000,,ZONC-2025-027867,1 25190 DR,1770786000000,Zoning (Commercial)
loudoun_permit,Loudoun County,BLDC-2024-058762,"Electrical equipment upgrades in existing 1-story data center building, along with related mechanical installations.",Sterling,Issued,10000.0,,,,045282657000,,BLDC-2024-058762,1 45111 LN,1749441600000,Building (Commercial)
loudoun_permit,Loudoun County,PLUMC-2024-060847,PHASE 11/Data Center Architectural and Structural Tenant Fit-Out for Phase 11,Leesburg,Issued,,,,,193276668000,,PLUMC-2024-060847,1 20575 DR,1734498000000,Plumbing (Commercial)
loudoun_permit,Loudoun County,ZONC-2026-014186,Data Center Architectural and Structural Tenant Fit-Out for Phase 11 of the data center. There are a total of 15 phases in this project.,Leesburg,Issued,,,,,193178229000,,ZONC-2026-014186,1 42590 DR,1777867200000,Zoning (Commercial)
loudoun_permit,Loudoun County,V20080460001,DATA CENTER,Broad Run,Issued,,,,,040464286000,,V20080460001,1 45005 PKWY,1223956800000,Elevator Maintenance
loudoun_permit,Loudoun County,ELECC-2026-005985,Low voltage for HVAC controls for Data center suite fit out.,Broad Run,Issued,,,,,061394321000,,ELECC-2026-005985,1 21780 CT,1779940800000,Electrical (Commercial)
loudoun_permit,Loudoun County,MECHC-2024-063310,This is a three story data center that includes both core & shell and tenant fit-up. This is for Phase 8.,Dulles,Issued,,,,,203170856000,,MECHC-2024-063310,1 42090 LN,1751515200000,Mechanical (Commercial)
loudoun_permit,Loudoun County,BLDC-2025-057918,Data Center Tenant Fitout Construction- Phase 11,Dulles,Issued,,,,,096183926000,,BLDC-2025-057918,1 25374 DR,1778472000000,Building (Commercial)
loudoun_permit,Loudoun County,ZONC-2024-065591,Construct Core and Shell for Data Center.,Sterling,Issued,,,,,044461959000,,ZONC-2024-065591,1 22190 LN,1749096000000,Zoning (Commercial)
loudoun_permit,Loudoun County,BLDC-2025-002432,"Phase 4 Tenant Interiors buildout of the LC11 Data Center building. Phase 4 includes mechanical and electrical rooms and equipment on Level 2 to support turnover of 1 of 4 Data Halls, as well as tenant spaces on Level 1.",Broad Run,Issued,,,,,089496314001,,BLDC-2025-002432,1 22235 PKWY,1747713600000,Building (Commercial)
loudoun_permit,Loudoun County,PLUMC-2026-010465,"Electrical equipment upgrades, along with related mechanical equipment installations, including new condensate drainpipe from new heat pumps to existing floor sink, at existing 1-story data center building. Electronic copy.",Sterling,Issued,,,,,033201325000,,PLUMC-2026-010465,1 45900 PLZ,1778558400000,Plumbing (Commercial)
loudoun_permit,Loudoun County,X20200630001,"IAD01 DATA CENTER, BONDED GRADING,",Catoctin,Issued,,,,,235297431000,,X20200630001,1 19540 PKWY,1617336000000,Grading
loudoun_permit,Loudoun County,FIREC-2025-038238,New Fire Alarm System installation for Core and Shell building and 3rd Floor Data Center.,Sterling,Issued,,,,,030292034000,,FIREC-2025-038238,1 45831 RD,1760673600000,Fire Protection (Commercial)
loudoun_permit,Loudoun County,PLUMC-2024-060850,PHASE 12/Data Center Architectural and Structural Tenant Fit-Out for Phase 12,Leesburg,Issued,,,,,193276668000,,PLUMC-2024-060850,1 20575 DR,1739163600000,Plumbing (Commercial)
loudoun_permit,Loudoun County,ZONC-2024-047072,"Fourth building on the campus. CURRENT: CORE/SHELL 3-STORY FLEX WAREHOUSE AND COMMERCIAL OFFICE, FUTURE PURPOSE OF SPACE: 3-STORY SINGLE TENANT COMPUTER DATA CENTER.",Leesburg,Issued,,,,,193178229000,,ZONC-2024-047072,1 42590 DR,1740978000000,Zoning (Commercial)
loudoun_permit,Loudoun County,FIREC-2026-002243,"IAD 605 Ski Lodge support building for data center campus. Includes data hall, office, electrical room, and Loading dock.",Dulles,Issued,,,,,096183926000,,FIREC-2026-002243,1 25218 DR,1778558400000,Fire Protection (Commercial)
loudoun_permit,Loudoun County,Z10275570201,DATA CENTER,Blue Ridge,Issued,,,,,162176713000,,Z10275570201,1 24550 LN,1649995200000,Zoning (Commercial)
loudoun_permit,Loudoun County,ZONC-2024-037899,*FAST TRACK* NEW DATA CENTER; STACK NVA06 BLD B CORE/SHELL ADMIIN,Leesburg,Issued,,,,,234382603000,,ZONC-2024-037899,1 19275 PKWY,1732510800000,Zoning (Commercial)
loudoun_permit,Loudoun County,ELECC-2026-014780,"Suite 110, Service D: New construction/electrical system for a new data hall suite with a newly built IAD56 data center building.",Broad Run,Issued,,,,,061394321000,,ELECC-2026-014780,1 21780 CT,1782187200000,Electrical (Commercial)
loudoun_permit,Loudoun County,PLUMC-2024-063211,"PHASE 2 This is a three story data center that includes both core & shell and tenant fit-up. This is for Phase 2. 3 Water Service Lines (Industrial Water, Domestic Water, Fire Water), 2 Waste (IWW & DW)",Dulles,Issued,,,,,203170856000,,PLUMC-2024-063211,1 42090 LN,1751428800000,Plumbing (Commercial)
loudoun_permit,Loudoun County,MECHC-2025-019848,New Data Center Construction,Dulles,Issued,,,,,096183926000,,MECHC-2025-019848,1 25410 DR,1747368000000,Mechanical (Commercial)
loudoun_permit,Loudoun County,BLDC-2024-001396,Data Center - Administrative office fit-out,Leesburg,Issued,20356.0,,,,235297431000,,BLDC-2024-001396,1 41785 LN,1724731200000,Building (Commercial)
loudoun_permit,Loudoun County,E70247020102,FUTURE TENANT FIT UP/DATA CENTER,Broad Run,Issued,,,,,034462865000,,E70247020102,1 22811 DR,1487653200000,Electrical (Commercial)
loudoun_permit,Loudoun County,ZONC-2026-013462,Data Center Architectural and Structural Tenant Fit-Out for Phase 15 of the data center. There are a total of 18 phases in this project.,Leesburg,Issued,,,,,193281883000,,ZONC-2026-013462,1 42376 DR,1777262400000,Zoning (Commercial)
loudoun_permit,Loudoun County,ZONC-2026-008273,Data Center Vault Phasing Package. Vault 2.3.,Broad Run,Issued,,,,,061450432000,,ZONC-2026-008273,1 44395 PLZ,1778126400000,Zoning (Commercial)
loudoun_permit,Loudoun County,ZONC-2026-006307,Data Center Tenant Fitout Construction - Phase 08,Dulles,Issued,,,,,096183926000,,ZONC-2026-006307,1 25145 DR,1778472000000,Zoning (Commercial)
loudoun_permit,Loudoun County,BLDC-2026-013342,Data Center Architectural and Structural Tenant Fit-Out for Phase 8 of the data center. There are a total of 15 phases in this project.,Leesburg,Issued,19567.0,,,,193178229000,,BLDC-2026-013342,1 42590 DR,1777953600000,Building (Commercial)
loudoun_permit,Loudoun County,ZONC-2026-006315,Data Center Tenant Fitout Construction phase 05 IAD 327,Dulles,Issued,,,,,096183926000,,ZONC-2026-006315,1 25145 DR,1778472000000,Zoning (Commercial)
loudoun_permit,Loudoun County,ZONC-2023-009276,"Replacement of existing, end-of-life exterior water storage tanks with new water storage tanks and redundant water pumping equipment in new enclosure at existing data center.",Sterling,Issued,,,,,045175529000,,ZONC-2023-009276,1 22755 DR,1711467796000,Zoning (Commercial)
loudoun_permit,Loudoun County,MECHC-2024-063353,This is a three story data center that includes both core & shell and tenant fit-up. This is for Phase 14.,Dulles,Issued,,,,,203170856000,,MECHC-2024-063353,1 42090 LN,1751515200000,Mechanical (Commercial)
loudoun_permit,Loudoun County,PLUMC-2025-014227,"Phase 4 Tenant Interiors buildout of the LC11 Data Center building. Phase 4 includes mechanical and electrical rooms and equipment on Level 2 to support turnover of 1 of 4 Data Halls, as well as tenant spaces on Level 1.",Broad Run,Issued,,,,,089496314001,,PLUMC-2025-014227,1 22235 PKWY,1747800000000,Plumbing (Commercial)
loudoun_permit,Loudoun County,ZONC-2026-012645,Interior partial renovation of an existing data hall suite in an existing data center building,Broad Run,Issued,,,,,061467942000,,ZONC-2026-012645,1 21625 DR,1777953600000,Zoning (Commercial)
loudoun_permit,Loudoun County,ELECC-2025-000406,"Data Center Architectural and Structural Tenant Fit-Out for Phase 5. This project involves the fitout of the AWS datacenter covered under the C&S Permit. Phases 1-18 of the datacenter are modular in nature and there is a separate ""Office"" phase. See drawings for exact equipment sizes/quantities.",Leesburg,Issued,,,,,193274995000,,ELECC-2025-000406,1 20335 DR,1745467200000,Electrical (Commercial)
loudoun_permit,Loudoun County,VSMP-2021-0085,"LOUDOUN METRO DATA CENTERS LM5-LM8 REQUEST APPROVAL OF A VIRGINIA STORMWATER MANAGEMENT PROGRAM (VSMP) FOR THE DISTURBED AREA OF 42.02 ACRES, IN THE (PDOP) PLANNDED DEVELOPMENT-OFFICE PARK ZONING DISTRICT. SDM",Broad Run,Issued,,,,,089496246000,,VSMP-2021-0085,22130 PKWY,1635134400000,VESMP
loudoun_permit,Loudoun County,VSMP-2021-0085,"LOUDOUN METRO DATA CENTERS LM5-LM8 REQUEST APPROVAL OF A VIRGINIA STORMWATER MANAGEMENT PROGRAM (VSMP) FOR THE DISTURBED AREA OF 42.02 ACRES, IN THE (PDOP) PLANNDED DEVELOPMENT-OFFICE PARK ZONING DISTRICT. SDM",Broad Run,Issued,,,,,089309997000,,VSMP-2021-0085,22130 PKWY,1635134400000,VESMP
loudoun_permit,Loudoun County,VSMP-2021-0085,"LOUDOUN METRO DATA CENTERS LM5-LM8 REQUEST APPROVAL OF A VIRGINIA STORMWATER MANAGEMENT PROGRAM (VSMP) FOR THE DISTURBED AREA OF 42.02 ACRES, IN THE (PDOP) PLANNDED DEVELOPMENT-OFFICE PARK ZONING DISTRICT. SDM",Broad Run,Issued,,,,,089496523000,,VSMP-2021-0085,22130 PKWY,1635134400000,VESMP
loudoun_permit,Loudoun County,V90283550001,DATA CENTER,Catoctin,Issued,,,,,194498227000,,V90283550001,1 20491 LN,1750651200000,Elevator Maintenance
loudoun_permit,Loudoun County,PLUMC-2025-003472,Construct Core and Shell for Data Center.,Sterling,Issued,,,,,044461959000,,PLUMC-2025-003472,1 22214 LN,1740114000000,Plumbing (Commercial)
loudoun_permit,Loudoun County,ELECC-2026-025011,Phase 6 Data Center,Sterling,Issued,,,,,062275493002,,ELECC-2026-025011,1 22285 RD,1782964800000,Electrical (Commercial)
loudoun_permit,Loudoun County,ELECC-2025-011148,Data Center Architectural and Structural Tenant Fit-Out for Phase 5; USB 2.2B SERVICE,Leesburg,Issued,,,,,193276668000,,ELECC-2025-011148,1 20575 DR,1744776000000,Electrical (Commercial)
loudoun_permit,Loudoun County,MECHC-2025-044784,"NEW DATA CENTER BUILDING. WORK INCLUDES CONSTRUCTION OF NEW EXTERIOR AND INTERIOR PARTITIONS, MECHANICAL AS INDICATED ON DRAWINGS.",Dulles,Issued,,,,,128408530000,,MECHC-2025-044784,1 43571 TPKE,1761019200000,Mechanical (Commercial)
loudoun_permit,Loudoun County,M60389740102,CHANGE OF USE/DATA CENTER,Ashburn,Issued,,,,,088381788000,,M60389740102,1 21631 DR,1495598400000,Mechanical (Commercial)
loudoun_permit,Loudoun County,ZONC-2026-013438,Data Center Architectural and Structural Tenant Fit-Out for Phase 6 of the data center. There are a total of 18 phases in this project.,Leesburg,Issued,,,,,193281883000,,ZONC-2026-013438,1 42376 DR,1777262400000,Zoning (Commercial)
loudoun_permit,Loudoun County,ELECC-2026-023012,NTT VA-7 DATA CENTER VAULT 2.1 ELECTRICAL PERMIT,Broad Run,Issued,,,,,061450432000,,ELECC-2026-023012,1 44395 PLZ,1784692800000,Electrical (Commercial)
loudoun_permit,Loudoun County,E60445340001,DATA CENTER,Broad Run,Issued,,,,,045458114000,,E60445340001,1 1510 RD,1482210000000,Electrical (Commercial)
loudoun_permit,Loudoun County,MECHC-2025-000607,"Data Center Architectural and Structural Tenant Fit-Out for Phase 9. This project involves the fitout of the AWS data center covered under the C&S Permit. Phases 1-18 of the datacenter are modular in nature and there is a separate ""Office"" phase. See drawings for exact equipment sizes/quantities. Phase 1-18 mechanical equipment consist Datahall Air Handling Units (93,500 CFM air handling unit each with a direct evaporation coil) and Rooftop Exhaust Fan Arrays (68,000 CFM each). See drawings for exact equipment sizes/quantities.",Leesburg,Issued,,,,,193274995000,,MECHC-2025-000607,1 20335 DR,1739250000000,Mechanical (Commercial)
loudoun_permit,Loudoun County,MECHC-2026-010464,"Electrical equipment upgrades, along with related mechanical equipment installations, including 1 1000cfm ERV on roof, at existing 1-story data center building. Electronic copy.",Sterling,Issued,,,,,033201325000,,MECHC-2026-010464,1 45900 PLZ,1778817600000,Mechanical (Commercial)
loudoun_permit,Loudoun County,ELECC-2026-015044,"Suite 210, Service A-New construction/electrical system for a new data hall suite with a newly built IAD56 data center building. Related Permits: ELECC-2026-015021 ELECC-2026-015028 ELECC-2026-015032 ELECC-2026-015036 ELECC-2026-015039",Broad Run,Issued,,,,,061394321000,,ELECC-2026-015044,1 21780 CT,1782446400000,Electrical (Commercial)
loudoun_permit,Loudoun County,ELECC-2026-026648,"Electrical Low Voltage Security Pathway Only Construction of ""SDC Fit out Scope No.1"" within the new construction of a 3-story data center Core-&-Shell building.",Loudoun County,Issued,,,,,113167503000,,ELECC-2026-026648,1 19560 LN,1781236800000,Electrical (Commercial)
loudoun_permit,Loudoun County,VESMP-2026-000033,THE PURPOSE OF THIS PROJECT IS THE CONSTRUCTION OF A 1-STORY DATA CENTER BUILDING.,Dulles,Issued,,,,,124105978000,,VESMP-2026-000033,1 23825 DR,1784001600000,VESMP
loudoun_permit,Loudoun County,VESMP-2026-000033,THE PURPOSE OF THIS PROJECT IS THE CONSTRUCTION OF A 1-STORY DATA CENTER BUILDING.,Dulles,Issued,,,,,124299328000,,VESMP-2026-000033,1 23825 DR,1784001600000,VESMP
loudoun_permit,Loudoun County,PLUMC-2024-060157,104 OTHERS - 4 TANKS 100 CONECTIONS TO AHU /Plumbing for 2 STORY SINGLE TENANT COMPUTER DATA CENTER.,Sterling,Issued,,,,,122208248000,,PLUMC-2024-060157,1 43975 PLZ,1734498000000,Plumbing (Commercial)
loudoun_permit,Loudoun County,ELECC-2025-003314,"This project is identified as LC11 Data Center. This site is located east of Route 607 (Loudoun County Parkway) and north of Route 267 (Dulles Greenway). This data center consists of a three-story building and associated utilities and infrastructure. This permit will be for Cold Dark Shell. The attachment shown is only for LC11, LC12 pages have been removed.",Broad Run,Issued,,,,,089496314001,,ELECC-2025-003314,1 22235 PKWY,1745294400000,Electrical (Commercial)
loudoun_permit,Loudoun County,ELECC-2026-023014,NTT VA-7 DATA CENTER VAULT 2.2 ELECTRICAL PERMIT,Broad Run,Issued,,,,,061450432000,,ELECC-2026-023014,1 44395 PLZ,1784692800000,Electrical (Commercial)
loudoun_permit,Loudoun County,ELECC-2024-055187,Data Center Architectural and Structural Tenant Fit-Out for Phase 5,Leesburg,Issued,,,,,193276668000,,ELECC-2024-055187,1 20575 DR,1739250000000,Electrical (Commercial)
loudoun_permit,Loudoun County,VSMP-2023-000129,Parcel J at Ashburn Center - VSMP Permit for Data Center,Loudoun County,Issued,,,,,088381788000,,VSMP-2023-000129,1,1705899600000,VESMP
loudoun_permit,Loudoun County,ELECC-2025-033012,"Low voltage control wiring for building automation systems (BAS). This consists of wiring connections between the control panels and the devices and equipment that monitor the temperature, pressure and humidity of the building and rooms. Work involves connecting plenum rated RS-485 communication wire, 18 to 22 gauge control wires and ¼” polytube from control panels to multiple temperature and humidity sensors throughout the data center. These control wires will be installed in 3/4""-1"" conduit and/or free hanging in ceiling plenum areas. The low voltage panels and devices will be supplied by the owner.",Sterling,Issued,,,,,045279612000,,ELECC-2025-033012,1 22715 DR,1754884800000,Electrical (Commercial)
loudoun_permit,Loudoun County,FMOMH-2026-021378,Hazardous Materials Data Center,Broad Run,Issued,,,,,088101859000,,FMOMH-2026-021378,1 21821 DR,1777907907000,FMO - Moderate/High Hazard
loudoun_permit,Loudoun County,ELECC-2026-025021,Phase 12 Data Center,Sterling,Issued,,,,,062275493002,,ELECC-2026-025021,1 22285 RD,1783310400000,Electrical (Commercial)
loudoun_permit,Loudoun County,ZONC-2024-059927,This is a three story data center that includes both core & shell and tenant fit-up. This is for Phase 10.,Dulles,Issued,,,,,203170856000,,ZONC-2024-059927,1 42090 LN,1750996800000,Zoning (Commercial)
loudoun_permit,Loudoun County,V30478280002,NEW DATA CENTER,Broad Run,Issued,,,,,088481748000,,V30478280002,1 21630 DR,1726632000000,Elevator Maintenance
loudoun_permit,Loudoun County,BLDC-2026-021262,RENOVATION TO EXISTING DATA CENTER,Sterling,Issued,4965.0,,,,044152877000,,BLDC-2026-021262,1 22271 DR,1782705600000,Building (Commercial)
loudoun_permit,Loudoun County,ZONC-2026-014189,Data Center Architectural and Structural Tenant Fit-Out for Phase 12 of the data center. There are a total of 15 phases in this project.,Leesburg,Issued,,,,,193178229000,,ZONC-2026-014189,1 42590 DR,1777867200000,Zoning (Commercial)
loudoun_permit,Loudoun County,ELECC-2025-022456,New construction 3-story data center (Security systems - DH1100 Upfit),Sterling,Issued,,,,,044155625000,,ELECC-2025-022456,1 22280 DR,1748923200000,Electrical (Commercial)
loudoun_permit,Loudoun County,ZONC-2026-005450,Data Center Tenant Fitout Construction - Phase 10,Dulles,Issued,,,,,096183926000,,ZONC-2026-005450,1 25374 DR,1778472000000,Zoning (Commercial)
loudoun_permit,Loudoun County,PLUMC-2025-000575,"PHASE 11/Data Center Architectural and Structural Tenant Fit-Out for Phase 11. This project involves the fitout of the AWS datacenter covered under the C&S Permit. Phases 1-18 of the datacenter are modular in nature and there is a separate ""Office"" phase. See drawings for exact equipment sizes/quantities.",Leesburg,Issued,,,,,193274995000,,PLUMC-2025-000575,1 20335 DR,1737522000000,Plumbing (Commercial)
loudoun_permit,Loudoun County,ELECC-2026-026654,"Electrical Low Voltage Voice Data Pathway Only Construction of ""SDC Fit out Scope No.3"" within the new construction of a 3-story data center Core-&-Shell building.",Loudoun County,Issued,,,,,113167503000,,ELECC-2026-026654,1 19560 LN,1781236800000,Electrical (Commercial)
loudoun_permit,Loudoun County,ELECC-2025-026630,"Phase #1 Low voltage control wiring for building automation systems (BAS). This consists of wiring connections between the control panels and the devices and equipment that monitor the temperature, pressure and humidity of the building and rooms. Work involves connecting plenum rated RS-485 communication wire, 18 to 22 gauge control wires and ¼” polytube from control panels to multiple temperature and humidity sensors throughout the data center. These control wires will be installed in 3/4""-1"" conduit and/or free hanging in ceiling plenum areas. The low voltage panels and devices will be supplied by the owner. Total number of devices to be connected is 279. Related parent permit is BLDC-2025-002415.",Broad Run,Issued,,,,,089496314001,,ELECC-2025-026630,1 22235 PKWY,1750046400000,Electrical (Commercial)
loudoun_permit,Loudoun County,ZONC-2024-012188,"*FAST TRACK**-new construction, FULL CONSTRUCTION NEW DATA CENTER SUBMISSION STACK NVA 06A",Leesburg,Issued,,,,,234382603000,,ZONC-2024-012188,1 19265 PKWY,1719892800000,Zoning (Commercial)
loudoun_permit,Loudoun County,ELECC-2025-000427,"Data Center Architectural and Structural Tenant Fit-Out for Phase 6. This project involves the fitout of the AWS datacenter covered under the C&S Permit. Phases 1-18 of the datacenter are modular in nature and there is a separate ""Office"" phase. See drawings for exact equipment sizes/quantities.",Leesburg,Issued,,,,,193274995000,,ELECC-2025-000427,1 20335 DR,1745467200000,Electrical (Commercial)
loudoun_permit,Loudoun County,V90367480001,DATA CENTER,Catoctin,Issued,,,,,194498227000,,V90367480001,1 20491 LN,1750651200000,Elevator Maintenance
loudoun_permit,Loudoun County,Z10415920101,DATA CENTER,Broad Run,Issued,,,,,042152579000,,Z10415920101,1 21529 CIR,1661918400000,Zoning (Commercial)
loudoun_permit,Loudoun County,FIREC-2026-029946,"Phasing Breakout - Phase 4, Vault 2-2 / Data Center",Broad Run,Issued,,,,,061450432000,,FIREC-2026-029946,1 44395 PLZ,1783483200000,Fire Protection (Commercial)
loudoun_permit,Loudoun County,MECHC-2025-000616,"Data Center Architectural and Structural Tenant Fit-Out for Phase 18. This project involves the fitout of the AWS data center covered under the C&S Permit. Phases 1-18 of the datacenter are modular in nature and there is a separate ""Office"" phase. See drawings for exact equipment sizes/quantities. Phase 1-18 mechanical equipment consist Datahall Air Handling Units (93,500 CFM air handling unit each with a direct evaporation coil) and Rooftop Exhaust Fan Arrays (68,000 CFM each). See drawings for exact equipment sizes/quantities.",Leesburg,Issued,,,,,193274995000,,MECHC-2025-000616,1 20335 DR,1739250000000,Mechanical (Commercial)
loudoun_permit,Loudoun County,V90205900002,DATA CENTER CORE & SHELL,Unknown,Issued,,,,,042394385001,,V90205900002,1 21350 BLVD,1554350400000,Elevator Maintenance
loudoun_permit,Loudoun County,FIREC-2025-041944,DLR FILIGREE | INSTALLATION OF SPRINKLER SYSTEMS FOR NEW CORE & SHELL DATA CENTER BUILDING,Broad Run,Issued,,,,,061394321000,,FIREC-2025-041944,1 21780 CT,1761105600000,Fire Protection (Commercial)
loudoun_permit,Loudoun County,FMOMH-2026-017678,EHS Annual Permit for Data Center - IAD192,Sterling,Issued,,,,,045299249000,,FMOMH-2026-017678,1 22574 BLVD,1776175902000,FMO - Moderate/High Hazard
loudoun_permit,Loudoun County,ELECC-2025-011180,Data Center Architectural and Structural Tenant Fit-Out for Phase 4; USB 3.2B SERVICE,Leesburg,Issued,,,,,193274995000,,ELECC-2025-011180,1 20335 DR,1744776000000,Electrical (Commercial)
loudoun_permit,Loudoun County,BLDC-2023-018612,Construction of a three story Data Center on an existing campus.,Loudoun County,Issued,330060.0,,,,088392214000,,BLDC-2023-018612,1 21735 DR,1717732800000,Building (Commercial)
loudoun_permit,Loudoun County,ELECC-2025-040560,INSTALL AIR SAMPLING SYSTEM IN CORE & SHELL 3RD FL DATA CENTER,Sterling,Issued,,,,,030292034000,,ELECC-2025-040560,1 45831 RD,1757044800000,Electrical (Commercial)
loudoun_permit,Loudoun County,ELECC-2025-011187,Data Center Architectural and Structural Tenant Fit-Out for Phase 10; USB 3.4E SERVICE,Leesburg,Issued,,,,,193274995000,,ELECC-2025-011187,1 20335 DR,1745467200000,Electrical (Commercial)
loudoun_permit,Loudoun County,ZONC-2026-006310,Data Center Tenant Fitout Construction - Phase 10,Dulles,Issued,,,,,096183926000,,ZONC-2026-006310,1 25145 DR,1778472000000,Zoning (Commercial)
loudoun_permit,Loudoun County,BLDC-2026-013141,Data Center Architectural and Structural Tenant Fit-Out for Phase 12 of the data center. There are a total of 18 phases in this project.,Leesburg,Issued,21594.0,,,,193281883000,,BLDC-2026-013141,1 42376 DR,1777262400000,Building (Commercial)
loudoun_permit,Loudoun County,ZONC-2024-065269,Interior datacenter fit-out of 2nd floor data center and corresponding equipment infrastructure on roof and in generator yard areas.,Broad Run,Issued,,,,,042152579000,,ZONC-2024-065269,1 21529 CIR,1741579200000,Zoning (Commercial)
loudoun_permit,Loudoun County,BLDC-2024-001400,Data Center - Data Hall fit-out,Leesburg,Issued,50297.0,,,,235297431000,,BLDC-2024-001400,1 41785 LN,1724731200000,Building (Commercial)
loudoun_permit,Loudoun County,MECHC-2024-058908,Fit-out of Colo 4 data center,Little River,Issued,,,,,203354208000,,MECHC-2024-058908,1 42010 LN,1733893200000,Mechanical (Commercial)
loudoun_permit,Loudoun County,ZONC-2025-026219,New data center build. Phase 18,Sterling,Issued,,,,,122207249000,,ZONC-2025-026219,1 43855 PLZ,1777521600000,Zoning (Commercial)
loudoun_permit,Loudoun County,BLDC-2024-035605,Data Center Architectural and Structural Tenant Fit-Out for Office Phase,Leesburg,Issued,41637.8,,,,193274995000,,BLDC-2024-035605,1 20335 DR,1732510800000,Building (Commercial)
loudoun_permit,Loudoun County,ZONC-2026-006292,"Electrical equipment updates with related overhead cable supports, within existing 1-story data center building. Electronic copy.",Sterling,Issued,,,,,042197707000,,ZONC-2026-006292,1 W 45305 WAY,1774497600000,Zoning (Commercial)
loudoun_permit,Loudoun County,ZONC-2026-005317,"Phase 3 Tenant Interiors Buildout of the LC8 Data Center Building. Phase 3 includes mechanical, electrical rooms and equipment on levels 1-3 to support turnover of data halls 101 and 201.",Sterling,Issued,,,,,062257134000,,ZONC-2026-005317,1 22190 PKWY,1776398400000,Zoning (Commercial)
loudoun_permit,Loudoun County,BLDC-2024-035656,Data Center Architectural and Structural Tenant Fit-Out for Phase 13,Leesburg,Issued,19412.1,,,,193274995000,,BLDC-2024-035656,1 20335 DR,1734757200000,Building (Commercial)
loudoun_permit,Loudoun County,ZONC-2024-065611,Construct Core and Shell for Data Center.,Sterling,Issued,,,,,044461959000,,ZONC-2024-065611,1 22214 LN,1749441600000,Zoning (Commercial)
loudoun_permit,Loudoun County,GRADE-2024-000026,"Cochran Mill Road - The project consists of the redevelopment of multiple material manufacturing plants and new development of an existing forested property. The project proposes three (3) data centers, two (2) warehouses, driveways, parking bays, and associated utilities and infrastructure.",Leesburg,Issued,,,,,151472463000,,GRADE-2024-000026,1 42047 RD,1772082000000,Grading
loudoun_permit,Loudoun County,GRADE-2024-000026,"Cochran Mill Road - The project consists of the redevelopment of multiple material manufacturing plants and new development of an existing forested property. The project proposes three (3) data centers, two (2) warehouses, driveways, parking bays, and associated utilities and infrastructure.",Leesburg,Issued,,,,,150177049000,,GRADE-2024-000026,1 42047 RD,1772082000000,Grading
loudoun_permit,Loudoun County,GRADE-2024-000026,"Cochran Mill Road - The project consists of the redevelopment of multiple material manufacturing plants and new development of an existing forested property. The project proposes three (3) data centers, two (2) warehouses, driveways, parking bays, and associated utilities and infrastructure.",Leesburg,Issued,,,,,151491670000,,GRADE-2024-000026,1 42047 RD,1772082000000,Grading
loudoun_permit,Loudoun County,GRADE-2024-000026,"Cochran Mill Road - The project consists of the redevelopment of multiple material manufacturing plants and new development of an existing forested property. The project proposes three (3) data centers, two (2) warehouses, driveways, parking bays, and associated utilities and infrastructure.",Leesburg,Issued,,,,,150175175000,,GRADE-2024-000026,1 42047 RD,1772082000000,Grading
loudoun_permit,Loudoun County,GRADE-2024-000026,"Cochran Mill Road - The project consists of the redevelopment of multiple material manufacturing plants and new development of an existing forested property. The project proposes three (3) data centers, two (2) warehouses, driveways, parking bays, and associated utilities and infrastructure.",Leesburg,Issued,,,,,151494358000,,GRADE-2024-000026,1 42047 RD,1772082000000,Grading
loudoun_permit,Loudoun County,GRADE-2024-000026,"Cochran Mill Road - The project consists of the redevelopment of multiple material manufacturing plants and new development of an existing forested property. The project proposes three (3) data centers, two (2) warehouses, driveways, parking bays, and associated utilities and infrastructure.",Leesburg,Issued,,,,,151488568000,,GRADE-2024-000026,1 42047 RD,1772082000000,Grading
loudoun_permit,Loudoun County,GRADE-2024-000026,"Cochran Mill Road - The project consists of the redevelopment of multiple material manufacturing plants and new development of an existing forested property. The project proposes three (3) data centers, two (2) warehouses, driveways, parking bays, and associated utilities and infrastructure.",Leesburg,Issued,,,,,151483174000,,GRADE-2024-000026,1 42047 RD,1772082000000,Grading
loudoun_permit,Loudoun County,GRADE-2024-000026,"Cochran Mill Road - The project consists of the redevelopment of multiple material manufacturing plants and new development of an existing forested property. The project proposes three (3) data centers, two (2) warehouses, driveways, parking bays, and associated utilities and infrastructure.",Leesburg,Issued,,,,,151476655000,,GRADE-2024-000026,1 42047 RD,1772082000000,Grading
loudoun_permit,Loudoun County,GRADE-2024-000026,"Cochran Mill Road - The project consists of the redevelopment of multiple material manufacturing plants and new development of an existing forested property. The project proposes three (3) data centers, two (2) warehouses, driveways, parking bays, and associated utilities and infrastructure.",Leesburg,Issued,,,,,151492686000,,GRADE-2024-000026,1 42047 RD,1772082000000,Grading
loudoun_permit,Loudoun County,MECHC-2024-063330,This is a three story data center that includes both core & shell and tenant fit-up. This is for Phase 10.,Dulles,Issued,,,,,203170856000,,MECHC-2024-063330,1 42090 LN,1751515200000,Mechanical (Commercial)
loudoun_permit,Loudoun County,ZONC-2025-003111,Phase 1 Tenant Interiors buildout of the LC11 Data Center building. Phase 1 includes mechanical and electrical rooms and equipment on Levels 1 - 3 to support turnover of 1 of 4 Data Halls.,Broad Run,Issued,,,,,089496314001,,ZONC-2025-003111,1 22235 PKWY,1747713600000,Zoning (Commercial)
loudoun_permit,Loudoun County,PLUMC-2024-063364,"PHASE 17/This is a three story data center that includes both core & shell and tenant fit-up. This is for Phase 17. 3 Water Service Lines (Industrial Water, Domestic Water, Fire Water), 2 Waste (IWW & DW)",Dulles,Issued,,,,,203170856000,,PLUMC-2024-063364,1 42090 LN,1751515200000,Plumbing (Commercial)
loudoun_permit,Loudoun County,BLDC-2026-013134,Data Center Architectural and Structural Tenant Fit-Out for Phase 6 of the data center. There are a total of 18 phases in this project.,Leesburg,Issued,19412.0,,,,193281883000,,BLDC-2026-013134,1 42376 DR,1777262400000,Building (Commercial)
loudoun_permit,Loudoun County,ELECC-2025-000446,"Data Center Architectural and Structural Tenant Fit-Out for Phase 13. This project involves the fitout of the AWS datacenter covered under the C&S Permit. Phases 1-18 of the datacenter are modular in nature and there is a separate ""Office"" phase. See drawings for exact equipment sizes/quantities.",Leesburg,Issued,,,,,193274995000,,ELECC-2025-000446,1 20335 DR,1745467200000,Electrical (Commercial)
loudoun_permit,Loudoun County,ZONC-2024-042313,Data Center Architectural and Structural Tenant Fit-Out for Phase 6,Leesburg,Issued,,,,,193276668000,,ZONC-2024-042313,1 20575 DR,1732078800000,Zoning (Commercial)
loudoun_permit,Loudoun County,GRADE-2025-000093,Construction of a Data Center.,Loudoun County,Issued,,,,,124369522000,,GRADE-2025-000093,1 43304 RD,1750996800000,Grading
loudoun_permit,Loudoun County,GRADE-2024-000026,"Cochran Mill Road - The project consists of the redevelopment of multiple material manufacturing plants and new development of an existing forested property. The project proposes three (3) data centers, two (2) warehouses, driveways, parking bays, and associated utilities and infrastructure.",Leesburg,Issued,,,,,151491670000,,GRADE-2024-000026,42195 RD,1772082000000,Grading
loudoun_permit,Loudoun County,GRADE-2024-000026,"Cochran Mill Road - The project consists of the redevelopment of multiple material manufacturing plants and new development of an existing forested property. The project proposes three (3) data centers, two (2) warehouses, driveways, parking bays, and associated utilities and infrastructure.",Leesburg,Issued,,,,,151472463000,,GRADE-2024-000026,42195 RD,1772082000000,Grading
loudoun_permit,Loudoun County,GRADE-2024-000026,"Cochran Mill Road - The project consists of the redevelopment of multiple material manufacturing plants and new development of an existing forested property. The project proposes three (3) data centers, two (2) warehouses, driveways, parking bays, and associated utilities and infrastructure.",Leesburg,Issued,,,,,150177049000,,GRADE-2024-000026,42195 RD,1772082000000,Grading
loudoun_permit,Loudoun County,GRADE-2024-000026,"Cochran Mill Road - The project consists of the redevelopment of multiple material manufacturing plants and new development of an existing forested property. The project proposes three (3) data centers, two (2) warehouses, driveways, parking bays, and associated utilities and infrastructure.",Leesburg,Issued,,,,,151483174000,,GRADE-2024-000026,42195 RD,1772082000000,Grading
loudoun_permit,Loudoun County,GRADE-2024-000026,"Cochran Mill Road - The project consists of the redevelopment of multiple material manufacturing plants and new development of an existing forested property. The project proposes three (3) data centers, two (2) warehouses, driveways, parking bays, and associated utilities and infrastructure.",Leesburg,Issued,,,,,151476655000,,GRADE-2024-000026,42195 RD,1772082000000,Grading
loudoun_permit,Loudoun County,GRADE-2024-000026,"Cochran Mill Road - The project consists of the redevelopment of multiple material manufacturing plants and new development of an existing forested property. The project proposes three (3) data centers, two (2) warehouses, driveways, parking bays, and associated utilities and infrastructure.",Leesburg,Issued,,,,,151488568000,,GRADE-2024-000026,42195 RD,1772082000000,Grading
loudoun_permit,Loudoun County,GRADE-2024-000026,"Cochran Mill Road - The project consists of the redevelopment of multiple material manufacturing plants and new development of an existing forested property. The project proposes three (3) data centers, two (2) warehouses, driveways, parking bays, and associated utilities and infrastructure.",Leesburg,Issued,,,,,151494358000,,GRADE-2024-000026,42195 RD,1772082000000,Grading
loudoun_permit,Loudoun County,GRADE-2024-000026,"Cochran Mill Road - The project consists of the redevelopment of multiple material manufacturing plants and new development of an existing forested property. The project proposes three (3) data centers, two (2) warehouses, driveways, parking bays, and associated utilities and infrastructure.",Leesburg,Issued,,,,,150175175000,,GRADE-2024-000026,42195 RD,1772082000000,Grading
loudoun_permit,Loudoun County,GRADE-2024-000026,"Cochran Mill Road - The project consists of the redevelopment of multiple material manufacturing plants and new development of an existing forested property. The project proposes three (3) data centers, two (2) warehouses, driveways, parking bays, and associated utilities and infrastructure.",Leesburg,Issued,,,,,151492686000,,GRADE-2024-000026,42195 RD,1772082000000,Grading
loudoun_permit,Loudoun County,FIREC-2026-014237,New 2 story Data Center - Phase 04,Dulles,Issued,,,,,096183926000,,FIREC-2026-014237,1 25190 DR,1783656000000,Fire Protection (Commercial)
loudoun_permit,Loudoun County,X20150750001,"CONSTRUCTION OF DATA CENTER, BONDED GRADING, W/S RT 607 LOUDOUN COUNTY PARKWAY 0.3 MILES SOUTH OF GLOUSCE",Broad Run,Issued,,,,,060209652000,,X20150750001,1 44941 CIR,1430193600000,Grading
loudoun_permit,Loudoun County,BLDC-2025-019837,New Data Center Construction,Dulles,Issued,259000.0,,,,096183926000,,BLDC-2025-019837,1 25410 DR,1757908800000,Building (Commercial)
loudoun_permit,Loudoun County,BLDC-2024-042496,data center complex and associated infrastructure,Sterling,Issued,254174.0,,,,043175778000,,BLDC-2024-042496,1 45870 PLZ,1738040400000,Building (Commercial)
loudoun_permit,Loudoun County,ZONC-2026-005445,Data Center Tenant Fitout Construction- Phase 08,Dulles,Issued,,,,,096183926000,,ZONC-2026-005445,1 25374 DR,1778472000000,Zoning (Commercial)
loudoun_permit,Loudoun County,GRADE-2024-000232,45865 Maries Road - AS01 - Data center with parking lot and utilities (STPL-2023-0035),Sterling,Issued,,,,,030292034000,,GRADE-2024-000232,1 45831 RD,1733806800000,Grading
loudoun_permit,Loudoun County,ELECC-2025-054937,"CloudHQ LC8 is a two-story 96MW Data Center located at 22190 Loudoun County Pkwy., Ashburn VA, 20147, including associated utilities and infrastructure for Critical Power Distribution and House Power. This permit is for low voltage telecom, security and Fire Alarm Low Voltage pathways & devices. The associated building permit is BLDC-2025-029746.",Sterling,Issued,,,,,062257134000,,ELECC-2025-054937,1 22190 PKWY,1764824400000,Electrical (Commercial)
loudoun_permit,Loudoun County,ELECC-2026-030019,Tenant office fitout in existing data center (3rd Floor) - LV Security,Sterling,Issued,,,,,044155625000,,ELECC-2026-030019,1 22280 DR,1784088000000,Electrical (Commercial)
loudoun_permit,Loudoun County,BLDC-2024-054868,This is a three story data center that includes both core & shell and tenant fit-up. This is for Phase 9.,Dulles,Issued,20274.0,,,,203170856000,,BLDC-2024-054868,1 42090 LN,1750996800000,Building (Commercial)
loudoun_permit,Loudoun County,ELECC-2026-026647,"Electrical Low Voltage Voice Data Pathway Only Construction of ""SDC Fit out Scope No.1"" within the new construction of a 3-story data center Core-&-Shell building.",Loudoun County,Issued,,,,,113167503000,,ELECC-2026-026647,1 19560 LN,1781236800000,Electrical (Commercial)
loudoun_permit,Loudoun County,FIREC-2026-014247,New 2-Story Data Center—Phase 10,Dulles,Issued,,,,,096183926000,,FIREC-2026-014247,1 25190 DR,1783656000000,Fire Protection (Commercial)
loudoun_permit,Loudoun County,FIREC-2026-014412,"IAD 158 - Two story, 12 Romp Data Center - Phase 10",Dulles,Issued,,,,,096183926000,,FIREC-2026-014412,1 25410 DR,1782100800000,Fire Protection (Commercial)
loudoun_permit,Loudoun County,FIREC-2026-029948,"Phasing Breakout - Phase 5, Vault 1-3 / Data Center",Broad Run,Issued,,,,,061450432000,,FIREC-2026-029948,1 44395 PLZ,1783483200000,Fire Protection (Commercial)
loudoun_permit,Loudoun County,PLUMC-2025-014220,Phase 2 Tenant Interiors buildout of the LC11 Data Center building. Phase 2 includes mechanical and electrical rooms and equipment on Level 3 to support turnover of 1 of 2 Data Halls on Level 3.,Broad Run,Issued,,,,,089496314001,,PLUMC-2025-014220,1 22235 PKWY,1747800000000,Plumbing (Commercial)
loudoun_permit,Loudoun County,ZONC-2025-026019,New data center build. Phase 6,Sterling,Issued,,,,,122207249000,,ZONC-2025-026019,1 43855 PLZ,1777521600000,Zoning (Commercial)
loudoun_permit,Loudoun County,PLUMC-2025-033467,Data Center Tenant Fitout Construction - Phase 06,Dulles,Issued,,,,,096183926000,,PLUMC-2025-033467,1 25190 DR,1772686800000,Plumbing (Commercial)
loudoun_permit,Loudoun County,BLDC-2024-035612,Data Center Architectural and Structural Tenant Fit-Out for Phase 2,Leesburg,Issued,18395.9,,,,193274995000,,BLDC-2024-035612,1 20335 DR,1734238800000,Building (Commercial)
loudoun_permit,Loudoun County,BLDC-2026-013021,Data Center Architectural and Structural Tenant Fit-Out for the office area and Phase 1 of the data center. There are a total of 15 phases in this project.,Leesburg,Issued,72721.0,,,,193178229000,,BLDC-2026-013021,1 42590 DR,1777867200000,Building (Commercial)
loudoun_permit,Loudoun County,ELECC-2026-025023,Phase 13 Data Center,Sterling,Issued,,,,,062275493002,,ELECC-2026-025023,1 22285 RD,1783310400000,Electrical (Commercial)
loudoun_permit,Loudoun County,M20683790102,NEW DATA CENTER,Sterling,Issued,,,,,032155119000,,M20683790102,1 22435 DR,1690344000000,Elevator Construction (Commercial)
loudoun_permit,Loudoun County,ELECC-2026-023680,LV Fire Alarm for tenant fitout in existing data center (DH2100),Sterling,Issued,,,,,044155625000,,ELECC-2026-023680,1 22280 DR,1779336000000,Electrical (Commercial)
loudoun_permit,Loudoun County,ZONC-2025-026014,New data center build. Phase 5,Sterling,Issued,,,,,122207249000,,ZONC-2025-026014,1 43855 PLZ,1777608000000,Zoning (Commercial)
loudoun_permit,Loudoun County,PLUMC-2024-063245,". PHASE 4/ This is a three story data center that includes both core & shell and tenant fit-up. This is for Phase 4. 3 Water Service Lines (Industrial Water, Domestic Water, Fire Water), 2 Waste (IWW & DW)",Dulles,Issued,,,,,203170856000,,PLUMC-2024-063245,1 42090 LN,1751428800000,Plumbing (Commercial)
loudoun_permit,Loudoun County,ELEVM-2023-018362,DATA CENTER,Broad Run,Issued,,,,,060209652000,,ELEVM-2023-018362,1 44740 CIR,1701447292000,Elevator Maintenance
loudoun_permit,Loudoun County,BLDC-2024-041620,"VA16 building is to be constructed to operate as a data center facility in Sterling, Virginia.",Sterling,Issued,191952.0,,,,044175589000,,BLDC-2024-041620,1 22321 BLVD,1731992400000,Building (Commercial)
loudoun_permit,Loudoun County,ELEVM-2023-018426,DATA CENTER,Broad Run,Issued,,,,,060209652000,,ELEVM-2023-018426,1 44740 CIR,1701460653000,Elevator Maintenance
loudoun_permit,Loudoun County,ELECC-2023-021126,Tenant fit out of an existing data center,Loudoun County,Issued,,,,,162176713000,,ELECC-2023-021126,1 24400 LN,1706590800000,Electrical (Commercial)
loudoun_permit,Loudoun County,GRADE-2025-000203,Project Allegro North Campus Building 2A Data Center (EPLAN-2023-0104),Loudoun County,Issued,,,,,202260981000,,GRADE-2025-000203,1 42455 LN,1770181200000,Grading
loudoun_permit,Loudoun County,PLUMC-2025-033653,Data Center Tenant Fitout Construction - Phase 05,Dulles,Issued,,,,,096183926000,,PLUMC-2025-033653,1 25190 DR,1771822800000,Plumbing (Commercial)
loudoun_permit,Loudoun County,FIREC-2025-048736,DLR IAD59 | INSTALLATION OF FIRE SPRINKLER SYSTEMS FOR NEW CORE & SHELL DATA CENTER BUILDING,Dulles,Issued,,,,,093365404000,,FIREC-2025-048736,1 43715 DR,1763701200000,Fire Protection (Commercial)
loudoun_permit,Loudoun County,E20656720101,DATA CENTER SHELL,Little River,Issued,,,,,246203645000,,E20656720101,1 24214 LN,1719201600000,Electrical (Commercial)
loudoun_permit,Loudoun County,ELECC-2026-025017,Phase 8 Data Center,Sterling,Issued,,,,,062275493002,,ELECC-2026-025017,1 22285 RD,1783310400000,Electrical (Commercial)
loudoun_permit,Loudoun County,FMOMH-2026-017674,EHS Annual Permit for Data Center - IAD285,Sterling,Issued,,,,,062275493003,,FMOMH-2026-017674,1 22275 RD,1776176680000,FMO - Moderate/High Hazard
loudoun_permit,Loudoun County,BLDC-2024-063290,Core and Shell building with an admin area. Also includes a 3rd floor data center build out which consist of 24 MWs. Electronic copy,Sterling,Issued,416100.0,,,,030292034000,,BLDC-2024-063290,1 45831 RD,1740546000000,Building (Commercial)
loudoun_permit,Loudoun County,BLDC-2026-013139,Data Center Architectural and Structural Tenant Fit-Out for Phase 10 of the data center. There are a total of 18 phases in this project.,Leesburg,Issued,21594.0,,,,193281883000,,BLDC-2026-013139,1 42376 DR,1777262400000,Building (Commercial)
loudoun_permit,Loudoun County,ZONC-2023-009399,Construction of new 2 story data center.,Sterling,Issued,,,,,045252512000,,ZONC-2023-009399,1 22665 CT,1726459200000,Zoning (Commercial)
loudoun_permit,Loudoun County,FMOMH-2026-017683,EHS Annual Permit for Data Centers - IAD58,Sterling,Issued,,,,,045175529000,,FMOMH-2026-017683,1 22745 DR,1776177539000,FMO - Moderate/High Hazard
loudoun_permit,Loudoun County,BLDC-2026-013352,Data Center Architectural and Structural Tenant Fit-Out for Phase 15 of the data center. There are a total of 15 phases in this project.,Leesburg,Issued,19412.0,,,,193178229000,,BLDC-2026-013352,1 42590 DR,1777867200000,Building (Commercial)
loudoun_permit,Loudoun County,ELECC-2025-056456,Scope of Work: Suite 100 - Service D - New construction/electrical system for a new data hall suite with a newly built IAD56 data center building,Broad Run,Issued,,,,,061394321000,,ELECC-2025-056456,1 21780 CT,1774497600000,Electrical (Commercial)
loudoun_permit,Loudoun County,BLDC-2025-051482,Data center suite fit-out.,Broad Run,Issued,56184.0,,,,061394321000,,BLDC-2025-051482,1 21780 CT,1779422400000,Building (Commercial)
loudoun_permit,Loudoun County,ZONC-2024-061364,A THREE-STORY DATA CENTER BUILDING SHELL.,Broad Run,Issued,,,,,089496314000,,ZONC-2024-061364,1 22235 PKWY,1739422800000,Zoning (Commercial)
loudoun_permit,Loudoun County,ZONC-2025-026484,New Data Center Build.,Sterling,Issued,,,,,122207249000,,ZONC-2025-026484,1 43765 PLZ,1770181200000,Zoning (Commercial)
loudoun_permit,Loudoun County,BLDC-2025-052819,Electrical equipment and distribution upgrades to create more redundant electrical distribution system in existing 1-story data center building. Interior Renovation to hot aisle and electrical upgrades. Electronic Copy,Sterling,Issued,6000.0,,,,034357851000,,BLDC-2025-052819,1 22945 DR,1769576400000,Building (Commercial)
loudoun_permit,Loudoun County,ELEVM-2023-018423,DATA CENTER,Broad Run,Issued,,,,,060209652000,,ELEVM-2023-018423,1 44740 CIR,1701460218000,Elevator Maintenance
loudoun_permit,Loudoun County,BLDC-2026-000015,New Data Center Shell Construction,Dulles,Issued,253550.0,,,,096183926000,,BLDC-2026-000015,1 25145 DR,1777608000000,Building (Commercial)
loudoun_permit,Loudoun County,MECHC-2024-063363,This is a three story data center that includes both core & shell and tenant fit-up. This is for Phase 17.,Dulles,Issued,,,,,203170856000,,MECHC-2024-063363,1 42090 LN,1751515200000,Mechanical (Commercial)
loudoun_permit,Loudoun County,ZONC-2025-026442,New data center build. Phase 11,Sterling,Issued,,,,,122207249000,,ZONC-2025-026442,1 43855 PLZ,1777521600000,Zoning (Commercial)
loudoun_permit,Loudoun County,BLDC-2024-054818,This is a three story data center that includes both core & shell and tenant fit-up. This is for Phase 2.,Dulles,Issued,19060.2,,,,203170856000,,BLDC-2024-054818,1 42090 LN,1751035232000,Building (Commercial)
loudoun_permit,Loudoun County,PLUMC-2025-000580,"PHASE 15/Data Center Architectural and Structural Tenant Fit-Out for Phase 15. This project involves the fitout of the AWS datacenter covered under the C&S Permit. Phases 1-18 of the datacenter are modular in nature and there is a separate ""Office"" phase. See drawings for exact equipment sizes/quantities.",Leesburg,Issued,,,,,193274995000,,PLUMC-2025-000580,1 20335 DR,1739163600000,Plumbing (Commercial)
loudoun_permit,Loudoun County,ELECC-2025-003368,"This project is identified as LC11 Data Center. This site is located east of Route 607 (Loudoun County Parkway) and north of Route 267 (Dulles Greenway). This data center consists of a three-story building and associated utilities and infrastructure. This permit will be for low voltage phase 2. This includes telecom and fire alarm. The attachment shown is only for LC11, LC12 pages have been removed.",Broad Run,Issued,,,,,089496314001,,ELECC-2025-003368,1 22235 PKWY,1747772929000,Electrical (Commercial)
loudoun_permit,Loudoun County,PLUMC-2025-000583,"PHASE 18/Data Center Architectural and Structural Tenant Fit-Out for Phase 18. This project involves the fitout of the AWS datacenter covered under the C&S Permit. Phases 1-18 of the datacenter are modular in nature and there is a separate ""Office"" phase. See drawings for exact equipment sizes/quantities.",Leesburg,Issued,,,,,193274995000,,PLUMC-2025-000583,1 20335 DR,1739163600000,Plumbing (Commercial)
loudoun_permit,Loudoun County,ELECC-2026-014777,"Suite 110, Service F: New construction/electrical system for a new data hall suite with a newly built IAD56 data center building.",Broad Run,Issued,,,,,061394321000,,ELECC-2026-014777,1 21780 CT,1782187200000,Electrical (Commercial)
loudoun_permit,Loudoun County,BLDC-2025-023219,New data center build. Phase 8,Sterling,Issued,,,,,122207249000,,BLDC-2025-023219,1 43855 PLZ,1777521600000,Building (Commercial)
loudoun_permit,Loudoun County,ELECC-2024-055143,Data Center Architectural and Structural Tenant Fit-Out for the Office Phase,Leesburg,Issued,,,,,193276668000,,ELECC-2024-055143,1 20575 DR,1739163600000,Electrical (Commercial)
loudoun_permit,Loudoun County,MECHC-2025-000612,"Data Center Architectural and Structural Tenant Fit-Out for Phase 14. This project involves the fitout of the AWS data center covered under the C&S Permit. Phases 1-18 of the datacenter are modular in nature and there is a separate ""Office"" phase. See drawings for exact equipment sizes/quantities. Phase 1-18 mechanical equipment consist Datahall Air Handling Units (93,500 CFM air handling unit each with a direct evaporation coil) and Rooftop Exhaust Fan Arrays (68,000 CFM each). See drawings for exact equipment sizes/quantities.",Leesburg,Issued,,,,,193274995000,,MECHC-2025-000612,1 20335 DR,1739250000000,Mechanical (Commercial)
loudoun_permit,Loudoun County,ELECC-2025-032841,low voltage for HVAC controls for Data Center Architectural and Structural Tenant Fit-Out for Phase 12,Leesburg,Issued,,,,,193274995000,,ELECC-2025-032841,1 20335 DR,1753934400000,Electrical (Commercial)
loudoun_permit,Loudoun County,ZONC-2024-002385,"Installation of new mechanical units in existing data center, along with energization of existing upblast fans on roof.",Sterling,Issued,,,,,042197707000,,ZONC-2024-002385,1 W 45305 WAY,1709010000000,Zoning (Commercial)
loudoun_permit,Loudoun County,ELEVM-2023-000025,NEW DATA CENTER,Broad Run,Issued,,,,,088407447000,,ELEVM-2023-000025,1 44495 PLZ,1692026075000,Elevator Maintenance
loudoun_permit,Loudoun County,FIREC-2026-012485,TI Build-out of IAD-174 a Two Story 12 POD Data Center - Phase 12,Sterling,Issued,,,,,030455548000,,FIREC-2026-012485,1 21215 BLVD,1776916800000,Fire Protection (Commercial)
loudoun_permit,Loudoun County,VSMP-2023-000104,The 22675 Dulles Summit Court Project includes the demolition of three existing industrial buildings and construction of a data center and associated infrastructure under STPL- 2023-0015.,Sterling,Issued,,,,,045252512000,,VSMP-2023-000104,22725 CT,1698065390000,VESMP
loudoun_permit,Loudoun County,VSMP-2023-000104,The 22675 Dulles Summit Court Project includes the demolition of three existing industrial buildings and construction of a data center and associated infrastructure under STPL- 2023-0015.,Sterling,Issued,,,,,045254007000,,VSMP-2023-000104,22725 CT,1698065390000,VESMP
loudoun_permit,Loudoun County,ELECC-2026-029926,Telecommunication Pathways and Details for COLO 3 Area in IAD 13 Microsoft Data Center Building,Little River,Issued,,,,,203354208000,,ELECC-2026-029926,1 42010 LN,1784174400000,Electrical (Commercial)
loudoun_permit,Loudoun County,PLUMC-2024-041091,"plumbing - underground piping and floor drains for 2 STORY SINGLE TENANT COMPUTER DATA CENTER - FOUNDATION ONLY, BUILDING A",Sterling,Issued,,,,,122208248000,,PLUMC-2024-041091,1 43975 PLZ,1722916800000,Plumbing (Commercial)
loudoun_permit,Loudoun County,ELECC-2026-006300,"Electrical Construction of ""SDC Fit out Scope No.1"" within the new construction of a 3-story data center Core-&-Shell building. The new Electrical construction data center ""Core-&-Shell"" is currently under review by Loudoun County under permit case number ELECC-2025-056635 which is a child permit of BLDC-2025-009449. Marked-up colored drawings are provided under this permit and similarly under the ELECC-2025-056635 permit to clearly delineate the ""Core-&-Shell"" scopes versus the ""SDC Fit out Scope No.1"" scopes. Scanned under ELECC-2025-056635 electronic copy",Loudoun County,Issued,,,,,113167503000,,ELECC-2026-006300,1 19560 LN,1775620800000,Electrical (Commercial)
loudoun_permit,Loudoun County,ELECC-2025-032924,Low Voltage for HVAC controls for Data Center Architectural and Structural Tenant Fit-Out for Phase 14,Leesburg,Issued,,,,,193274995000,,ELECC-2025-032924,1 20335 DR,1753934400000,Electrical (Commercial)
loudoun_permit,Loudoun County,BLDC-2025-013711,"Installation of new traffic control arm, sliding gates, fencing modifications and related electrical and security infrastructure at existing data center campus entrance.",Sterling,Issued,14000.0,,,,062159785000,,BLDC-2025-013711,1 44305 PLZ,1764565200000,Building (Commercial)
loudoun_permit,Loudoun County,BLDC-2026-013131,Data Center Architectural and Structural Tenant Fit-Out for Phase 3 of the data center. There are a total of 18 phases in this project.,Leesburg,Issued,18396.0,,,,193281883000,,BLDC-2026-013131,1 42376 DR,1777262400000,Building (Commercial)
loudoun_permit,Loudoun County,ZONC-2024-010322,FAST TRACK; NEW DATA CENTER ARA3A; SUBMISSION FOR FOOTINGS AND FOUNDATIONS TO BE RELEASED UPON CONDITIONAL SITE PLAN APPROVALS;,Dulles,Issued,,,,,162176713000,,ZONC-2024-010322,1 24555 LN,1732078800000,Zoning (Commercial)
loudoun_permit,Loudoun County,BLDC-2023-004504,Building 2 of 2 on campus. revisions. electronic copy CURRENT: CORE/SHELL 3 STORY FLEX WAREHOUSE AND COMMERCIAL OFFICE FUTURE PURPOSE OF SPACE: 3 STORY SINGLE TENANT COMPUTER DATA CENTER Associated grading permit: (County #X20231280001),Leesburg,Issued,413999.0,,,,193274995000,,BLDC-2023-004504,1 20335 DR,1704258000000,Building (Commercial)
loudoun_permit,Loudoun County,BLDC-2024-058387,Permit for the Construction on a Post and Panel Retaining Wall to Support NOVEC Electrical Substation for Tech Park at Brambleton Data Center Campus,Little River,Issued,14650.0,,,,202104192000,,BLDC-2024-058387,1 23844 RD,1736226000000,Building (Commercial)
loudoun_permit,Loudoun County,BLDC-2024-058387,Permit for the Construction on a Post and Panel Retaining Wall to Support NOVEC Electrical Substation for Tech Park at Brambleton Data Center Campus,Little River,Issued,14650.0,,,,161253540000,,BLDC-2024-058387,1 23844 RD,1736226000000,Building (Commercial)
loudoun_permit,Loudoun County,BLDC-2024-058387,Permit for the Construction on a Post and Panel Retaining Wall to Support NOVEC Electrical Substation for Tech Park at Brambleton Data Center Campus,Little River,Issued,14650.0,,,,202206213000,,BLDC-2024-058387,1 23844 RD,1736226000000,Building (Commercial)
loudoun_permit,Loudoun County,BLDC-2024-058387,Permit for the Construction on a Post and Panel Retaining Wall to Support NOVEC Electrical Substation for Tech Park at Brambleton Data Center Campus,Little River,Issued,14650.0,,,,161264481000,,BLDC-2024-058387,1 23844 RD,1736226000000,Building (Commercial)
loudoun_permit,Loudoun County,ZONC-2026-008266,Data Center Vault Phasing Package. Vault 2.2 - Phase 4.,Broad Run,Issued,,,,,061450432000,,ZONC-2026-008266,1 44395 PLZ,1778472000000,Zoning (Commercial)
loudoun_permit,Loudoun County,GRADE-2024-000026,"Cochran Mill Road - The project consists of the redevelopment of multiple material manufacturing plants and new development of an existing forested property. The project proposes three (3) data centers, two (2) warehouses, driveways, parking bays, and associated utilities and infrastructure.",Leesburg,Issued,,,,,150175175000,,GRADE-2024-000026,42217 RD,1772082000000,Grading
loudoun_permit,Loudoun County,GRADE-2024-000026,"Cochran Mill Road - The project consists of the redevelopment of multiple material manufacturing plants and new development of an existing forested property. The project proposes three (3) data centers, two (2) warehouses, driveways, parking bays, and associated utilities and infrastructure.",Leesburg,Issued,,,,,151488568000,,GRADE-2024-000026,42217 RD,1772082000000,Grading
loudoun_permit,Loudoun County,GRADE-2024-000026,"Cochran Mill Road - The project consists of the redevelopment of multiple material manufacturing plants and new development of an existing forested property. The project proposes three (3) data centers, two (2) warehouses, driveways, parking bays, and associated utilities and infrastructure.",Leesburg,Issued,,,,,151494358000,,GRADE-2024-000026,42217 RD,1772082000000,Grading
loudoun_permit,Loudoun County,GRADE-2024-000026,"Cochran Mill Road - The project consists of the redevelopment of multiple material manufacturing plants and new development of an existing forested property. The project proposes three (3) data centers, two (2) warehouses, driveways, parking bays, and associated utilities and infrastructure.",Leesburg,Issued,,,,,151483174000,,GRADE-2024-000026,42217 RD,1772082000000,Grading
loudoun_permit,Loudoun County,GRADE-2024-000026,"Cochran Mill Road - The project consists of the redevelopment of multiple material manufacturing plants and new development of an existing forested property. The project proposes three (3) data centers, two (2) warehouses, driveways, parking bays, and associated utilities and infrastructure.",Leesburg,Issued,,,,,151476655000,,GRADE-2024-000026,42217 RD,1772082000000,Grading
loudoun_permit,Loudoun County,GRADE-2024-000026,"Cochran Mill Road - The project consists of the redevelopment of multiple material manufacturing plants and new development of an existing forested property. The project proposes three (3) data centers, two (2) warehouses, driveways, parking bays, and associated utilities and infrastructure.",Leesburg,Issued,,,,,151491670000,,GRADE-2024-000026,42217 RD,1772082000000,Grading
loudoun_permit,Loudoun County,GRADE-2024-000026,"Cochran Mill Road - The project consists of the redevelopment of multiple material manufacturing plants and new development of an existing forested property. The project proposes three (3) data centers, two (2) warehouses, driveways, parking bays, and associated utilities and infrastructure.",Leesburg,Issued,,,,,151472463000,,GRADE-2024-000026,42217 RD,1772082000000,Grading
loudoun_permit,Loudoun County,GRADE-2024-000026,"Cochran Mill Road - The project consists of the redevelopment of multiple material manufacturing plants and new development of an existing forested property. The project proposes three (3) data centers, two (2) warehouses, driveways, parking bays, and associated utilities and infrastructure.",Leesburg,Issued,,,,,150177049000,,GRADE-2024-000026,42217 RD,1772082000000,Grading
loudoun_permit,Loudoun County,GRADE-2024-000026,"Cochran Mill Road - The project consists of the redevelopment of multiple material manufacturing plants and new development of an existing forested property. The project proposes three (3) data centers, two (2) warehouses, driveways, parking bays, and associated utilities and infrastructure.",Leesburg,Issued,,,,,151492686000,,GRADE-2024-000026,42217 RD,1772082000000,Grading
loudoun_permit,Loudoun County,FIREC-2026-012466,TI Build-out of IAD-174 a Two Story 12 POD Data Center - Phase 6,Sterling,Issued,,,,,030455548000,,FIREC-2026-012466,1 21215 BLVD,1776916800000,Fire Protection (Commercial)
loudoun_permit,Loudoun County,ELECC-2026-025014,Phase 7 Data Center,Sterling,Issued,,,,,062275493002,,ELECC-2026-025014,1 22285 RD,1783310400000,Electrical (Commercial)
loudoun_permit,Loudoun County,FMOMH-2026-017672,EHS Annual Permit for Data Center - IAD214,Sterling,Issued,,,,,045195615000,,FMOMH-2026-017672,1 22760 BLVD,1776176461000,FMO - Moderate/High Hazard
loudoun_permit,Loudoun County,X20211030001,"IAD11 DATA CENTER, BONDED GRADING, .7 MI N OF RTE 50 0 MI E OF QUAIL RIDGE RD",Blue Ridge,Issued,,,,,203354208000,,X20211030001,1 24397 LN,1628136000000,Grading
loudoun_permit,Loudoun County,ZONC-2025-040818,Suite 100 Tenant Fit-Out/Data Hall in an existing Data Center Core and Shell,Broad Run,Issued,,,,,061394321000,,ZONC-2025-040818,1 21780 CT,1760932800000,Zoning (Commercial)
loudoun_permit,Loudoun County,ELECC-2025-000404,"Data Center Architectural and Structural Tenant Fit-Out for Phase 4. This project involves the fitout of the AWS datacenter covered under the C&S Permit. Phases 1-18 of the datacenter are modular in nature and there is a separate ""Office"" phase. See drawings for exact equipment sizes/quantities.",Leesburg,Issued,,,,,193274995000,,ELECC-2025-000404,1 20335 DR,1745467200000,Electrical (Commercial)
loudoun_permit,Loudoun County,BLDC-2025-003107,New Data Center Construction. Parent Permit +13 mass approvals. All scanned under this permit.,Dulles,Issued,259420.0,,,,096183926000,,BLDC-2025-003107,1 25190 DR,1751300973000,Building (Commercial)
loudoun_permit,Loudoun County,V90367480003,DATA CENTER,Catoctin,Issued,,,,,194498227000,,V90367480003,1 20491 LN,1750651200000,Elevator Maintenance
loudoun_permit,Loudoun County,FMOMH-2026-017681,EHS Annual Permit for Data Centers - IAD145,Sterling,Issued,,,,,034365461000,,FMOMH-2026-017681,1 22916 DR,1776177455000,FMO - Moderate/High Hazard
loudoun_permit,Loudoun County,ELEVM-2023-015782,DATA CENTER,Broad Run,Issued,,,,,042152579000,,ELEVM-2023-015782,1 21529 CIR,1699977877000,Elevator Maintenance
loudoun_permit,Loudoun County,ZONC-2024-003525,Fit-out of Colo 5 data center,Little River,Issued,,,,,203354208000,,ZONC-2024-003525,1 42031 LN,1733425147000,Zoning (Commercial)
loudoun_permit,Loudoun County,PLUMC-2024-060838,PHASE 6/Data Center Architectural and Structural Tenant Fit-Out for Phase 6,Leesburg,Issued,,,,,193276668000,,PLUMC-2024-060838,1 20575 DR,1739250000000,Plumbing (Commercial)
loudoun_permit,Loudoun County,E70373200001,DATA CENTER,Broad Run,Issued,,,,,060209652000,,E70373200001,1 44790 CIR,1502337600000,Electrical (Commercial)
loudoun_permit,Loudoun County,MECHC-2025-033451,Data Center Tenant Fitout Construction - Phase 12,Dulles,Issued,,,,,096183926000,,MECHC-2025-033451,1 25190 DR,1771822800000,Mechanical (Commercial)
loudoun_permit,Loudoun County,BLDC-2026-000106,Data Center Tenant Fitout Construction - Phase 12,Dulles,Issued,,,,,096183926000,,BLDC-2026-000106,1 25145 DR,1778472000000,Building (Commercial)
loudoun_permit,Loudoun County,ELECC-2026-006592,SDC BUILDING 2 NEW CORE/SHELL DATA CENTER ELECTRICAL TEMPORARY POWER PERMIT,Loudoun County,Issued,,,,,063477734000,,ELECC-2026-006592,1 44525 LN,1777608000000,Electrical (Commercial)
loudoun_permit,Loudoun County,ELEVM-2025-053020,NEW DATA CENTER,Sterling,Issued,,,,,032155119000,,ELEVM-2025-053020,1 22435 DR,1763653271000,Elevator Maintenance
loudoun_permit,Loudoun County,ELECC-2026-029927,Telecommunication and Security Pathways and Details for COLO 4 Area in IAD 13 Microsoft Data Center Building,Little River,Issued,,,,,203354208000,,ELECC-2026-029927,1 42010 LN,1784088000000,Electrical (Commercial)
loudoun_permit,Loudoun County,ELECC-2025-000451,"Data Center Architectural and Structural Tenant Fit-Out for Phase 17. This project involves the fitout of the AWS datacenter covered under the C&S Permit. Phases 1-18 of the datacenter are modular in nature and there is a separate ""Office"" phase. See drawings for exact equipment sizes/quantities.",Leesburg,Issued,,,,,193274995000,,ELECC-2025-000451,1 20335 DR,1745467200000,Electrical (Commercial)
loudoun_permit,Loudoun County,MECHC-2025-017917,New Data Center Build.,Sterling,Issued,,,,,122207249000,,MECHC-2025-017917,1 43765 PLZ,1773633600000,Mechanical (Commercial)
loudoun_permit,Loudoun County,BLDC-2026-005470,"Electrical equipment updates with related overhead cable supports, within existing 1-story data center building. Electronic copy.",Dulles,Issued,8000.0,,,,124299328000,,BLDC-2026-005470,1 23825 DR,1774411200000,Building (Commercial)
loudoun_permit,Loudoun County,ELECC-2025-045695,Low voltage for HVAC controls for Data center core & shell building.,Broad Run,Issued,,,,,061394321000,,ELECC-2025-045695,1 21780 CT,1759723200000,Electrical (Commercial)
loudoun_permit,Loudoun County,BLDC-2024-055591,A THREE-STORY DATA CENTER BUILDING SHELL.,Broad Run,Issued,2242904.0,,,,089496246000,,BLDC-2024-055591,1 22235,1746622938000,Building (Commercial)
loudoun_permit,Loudoun County,BLDC-2026-013138,Data Center Architectural and Structural Tenant Fit-Out for Phase 9 of the data center. There are a total of 18 phases in this project.,Leesburg,Issued,19567.0,,,,193281883000,,BLDC-2026-013138,1 42376 DR,1777262400000,Building (Commercial)
loudoun_permit,Loudoun County,ELECC-2025-009767,Data Center,Loudoun County,Issued,,,,,162176713000,,ELECC-2025-009767,1 24400 LN,1744603200000,Electrical (Commercial)
loudoun_permit,Loudoun County,ZONC-2026-008261,Data Center Vault Phasing Package Vault 2.1 - Phase 2,Broad Run,Issued,,,,,061450432000,,ZONC-2026-008261,1 44395 PLZ,1778126400000,Zoning (Commercial)
loudoun_permit,Loudoun County,BLDC-2024-035619,Data Center Architectural and Structural Tenant Fit-Out for Phase 3,Leesburg,Issued,18395.9,,,,193274995000,,BLDC-2024-035619,1 20335 DR,1734238800000,Building (Commercial)
loudoun_permit,Loudoun County,PLUMC-2024-063324,"PHASE 9/This is a three story data center that includes both core & shell and tenant fit-up. This is for Phase 9. 3 Water Service Lines (Industrial Water, Domestic Water, Fire Water), 2 Waste (IWW & DW)",Dulles,Issued,,,,,203170856000,,PLUMC-2024-063324,1 42090 LN,1751428800000,Plumbing (Commercial)
loudoun_permit,Loudoun County,V10319730002,NEW DATA CENTER,Broad Run,Issued,,,,,089100937000,,V10319730002,1 22291 RD,1761710400000,Elevator Maintenance
loudoun_permit,Loudoun County,K70418360001,DATA CENTER,Broad Run,Issued,,,,,089372808000,,K70418360001,1 43831 DR,1506657600000,Fire Protection (Commercial)
loudoun_permit,Loudoun County,ELECC-2025-017176,New construction data center (Service #2 - MVG-02),Sterling,Issued,,,,,044155625000,,ELECC-2025-017176,1 22280 DR,1752724800000,Electrical (Commercial)
loudoun_permit,Loudoun County,ELECC-2026-011416,Install as per code 200 category 6a low voltage cables for wireless access points in renovation of existing data center space,Broad Run,Issued,,,,,061483407000,,ELECC-2026-011416,1 21721 CT,1773115200000,Electrical (Commercial)
loudoun_permit,Loudoun County,BLDC-2024-035564,Data Center Architectural and Structural Tenant Fit-Out for the Phase 1,Leesburg,Issued,31082.9,,,,193276668000,,BLDC-2024-035564,1 20575 DR,1732078800000,Building (Commercial)
loudoun_permit,Loudoun County,E70247020101,FUTURE TENANT FIT UP/DATA CENTER,Broad Run,Issued,,,,,034462865000,,E70247020101,1 22811 DR,1487653200000,Electrical (Commercial)
loudoun_permit,Loudoun County,ZONC-2026-004253,"Electrical equipment updates, and related overhead cable supports, within existing 1-story data center building. Electronic copy.",Little River,Issued,,,,,162392026000,,ZONC-2026-004253,1 24178 LN,1773720000000,Zoning (Commercial)
loudoun_permit,Loudoun County,ELECC-2026-004690,Data Center Tenant Fit out Construction Phase 06 USB 1.6A IAD 327,Dulles,Issued,,,,,096183926000,,ELECC-2026-004690,1 25145 DR,1780459200000,Electrical (Commercial)
loudoun_permit,Loudoun County,ZONC-2024-060479,This is a three story data center that includes both core & shell and tenant fit-up. This is for Phase 17.,Dulles,Issued,,,,,203170856000,,ZONC-2024-060479,1 42090 LN,1750996800000,Zoning (Commercial)
loudoun_permit,Loudoun County,BLDC-2024-015164,data center shell building,Sterling,Issued,367750.0,,,,062275493000,,BLDC-2024-015164,1 22285 RD,1719892800000,Building (Commercial)
loudoun_permit,Loudoun County,FMOMH-2026-013875,Data Center - VA 12 Renewal FMOMH-2025-017418,Sterling,Issued,,,,,044288975002,,FMOMH-2026-013875,45200 PLZ,1774281653000,FMO - Moderate/High Hazard
loudoun_permit,Loudoun County,FMOMH-2026-013875,Data Center - VA 12 Renewal FMOMH-2025-017418,Sterling,Issued,,,,,044288975001,,FMOMH-2026-013875,45200 PLZ,1774281653000,FMO - Moderate/High Hazard
loudoun_permit,Loudoun County,PLUMC-2025-033481,Data Center Tenant Fitout Construction - Phase 12,Dulles,Issued,,,,,096183926000,,PLUMC-2025-033481,1 25190 DR,1771822800000,Plumbing (Commercial)
loudoun_permit,Loudoun County,ELECC-2026-004476,"Low voltage for fire alarm for Data Center. New construction, gen yard mech enclosure and cooling tower.",Loudoun County,Issued,,,,,162176713000,,ELECC-2026-004476,1 24400 LN,1769058000000,Electrical (Commercial)
loudoun_permit,Loudoun County,V20140160001,DATA CENTER,Broad Run,Issued,,,,,061467942000,,V20140160001,1 21625 DR,1402372800000,Elevator Maintenance
loudoun_permit,Loudoun County,ZONC-2026-005435,Data Center Tenant Fitout Construction - Phase 03,Dulles,Issued,,,,,096183926000,,ZONC-2026-005435,1 25374 DR,1778472000000,Zoning (Commercial)
loudoun_permit,Loudoun County,ELECC-2026-031148,Telecommunication and Security Pathways and Details for Admin Building in IAD 12 Microsoft Data Center Building,Little River,Issued,,,,,203354208000,,ELECC-2026-031148,1 42031 LN,1784174400000,Electrical (Commercial)
loudoun_permit,Loudoun County,ELECC-2025-011147,Data Center Architectural and Structural Tenant Fit-Out for Phase 4; USB 3.2B SERVICE,Leesburg,Issued,,,,,193276668000,,ELECC-2025-011147,1 20575 DR,1744603200000,Electrical (Commercial)
loudoun_permit,Loudoun County,ELEVM-2023-018364,DATA CENTER,Broad Run,Issued,,,,,060209652000,,ELEVM-2023-018364,1 44740 CIR,1662555483000,Elevator Maintenance
loudoun_permit,Loudoun County,FIREC-2025-049767,Fire Alarm system for new construction data center (DH3100),Sterling,Issued,,,,,044155625000,,FIREC-2025-049767,1 22280 DR,1778817600000,Fire Protection (Commercial)
loudoun_permit,Loudoun County,ELECC-2025-011186,Data Center Architectural and Structural Tenant Fit-Out for Phase 9; USB 1.3B SERVICE,Leesburg,Issued,,,,,193274995000,,ELECC-2025-011186,1 20335 DR,1745467200000,Electrical (Commercial)
loudoun_permit,Loudoun County,FIREC-2026-029943,New Construction Phasing Plan - Phase I Vault 1-1 / Data Center.,Broad Run,Issued,,,,,061450432000,,FIREC-2026-029943,1 44395 PLZ,1783483200000,Fire Protection (Commercial)
loudoun_permit,Loudoun County,ZONC-2023-006287,"New construction of a 250,000 SF, 4-story, precast data center with 8 data halls. Phase 1 will consist of a customer care area and 4 data halls with the the associated structural, mechanical, electrical, and plumbing work that is necessary to support the build-out.",Sterling,Issued,,,,,061301740000,,ZONC-2023-006287,1 22165 CIR,1724731200000,Zoning (Commercial)
loudoun_permit,Loudoun County,FIREC-2024-041096,"fire line - section 5 feet outside of building to first joint inside of building for 2 STORY SINGLE TENANT COMPUTER DATA CENTER - FOUNDATION ONLY, BUILDING A",Sterling,Issued,,,,,122208248000,,FIREC-2024-041096,43975 PLZ,1724040000000,Fire Protection (Commercial)
loudoun_permit,Loudoun County,FIREC-2026-014242,New 2 story Data Center - Phase 07,Dulles,Issued,,,,,096183926000,,FIREC-2026-014242,1 25190 DR,1783656000000,Fire Protection (Commercial)
loudoun_permit,Loudoun County,ELECC-2024-063111,Data Center - Phase 2 Construction,Broad Run,Issued,,,,,060209652000,,ELECC-2024-063111,1 44710 CIR,1778126400000,Electrical (Commercial)
loudoun_permit,Loudoun County,BLDC-2024-002983,Fit-out of Colo 2 data center,Little River,Issued,51746.0,,,,203354208000,,BLDC-2024-002983,1 42010 LN,1732078800000,Building (Commercial)
loudoun_permit,Loudoun County,FIREC-2024-005225,"290 feet total of 8"" fire line at vantage data centers",Loudoun County,Issued,,,,,113372932000,,FIREC-2024-005225,1 19509 RD,1707368400000,Fire Protection (Commercial)
loudoun_permit,Loudoun County,VSMP-2023-0029,H5 DATA CENTER,Sterling,Issued,,,,,061307791000,,VSMP-2023-0029,21800 CIR,1680667200000,VESMP
loudoun_permit,Loudoun County,VSMP-2023-0029,H5 DATA CENTER,Sterling,Issued,,,,,061208870000,,VSMP-2023-0029,21800 CIR,1680667200000,VESMP
loudoun_permit,Loudoun County,VSMP-2023-0029,H5 DATA CENTER,Sterling,Issued,,,,,043350507000,,VSMP-2023-0029,21800 CIR,1680667200000,VESMP
loudoun_permit,Loudoun County,ELECC-2026-015036,"Suite210, Service C-New construction/electrical system for a new data hall suite with a newly built IAD56 data center building.",Broad Run,Issued,,,,,061394321000,,ELECC-2026-015036,1 21780 CT,1782705600000,Electrical (Commercial)
loudoun_permit,Loudoun County,BLDC-2025-057914,Data center Tenant Fitout Construction Phase 07,Dulles,Issued,,,,,096183926000,,BLDC-2025-057914,1 25374 DR,1778472000000,Building (Commercial)
loudoun_permit,Loudoun County,ELECC-2024-055443,Data Center Architectural and Structural Tenant Fit-Out for Phase 12,Leesburg,Issued,,,,,193276668000,,ELECC-2024-055443,1 20575 DR,1739250000000,Electrical (Commercial)
loudoun_permit,Loudoun County,ZONC-2024-047745,"VA16 building is to be constructed to operate as a data center facility in Sterling, Virginia.",Sterling,Issued,,,,,044175589000,,ZONC-2024-047745,1 22321 BLVD,1731992400000,Zoning (Commercial)
loudoun_permit,Loudoun County,MECHC-2025-033649,Data Center Tenant Fitout Construction - Phase 05,Dulles,Issued,,,,,096183926000,,MECHC-2025-033649,1 25190 DR,1773288000000,Mechanical (Commercial)
loudoun_permit,Loudoun County,PLUMC-2024-058198,"Plumbing Fit-out of Colo 4 data center Drawing #'s: IAD12-P-E-201-4, IAD12-P-F-02-1, IAD12-P-F-03-1",Little River,Issued,,,,,203354208000,,PLUMC-2024-058198,1 42031 LN,1733979600000,Plumbing (Commercial)
loudoun_permit,Loudoun County,MECHC-2024-063202,This is a three story data center that includes both core & shell and tenant fit-up. This is for Phase 2.,Dulles,Issued,,,,,203170856000,,MECHC-2024-063202,1 42090 LN,1751515200000,Mechanical (Commercial)
loudoun_permit,Loudoun County,ELECC-2026-025020,Phase 11 Data Center,Sterling,Issued,,,,,062275493002,,ELECC-2026-025020,1 22285 RD,1783310400000,Electrical (Commercial)
loudoun_permit,Loudoun County,ELECC-2026-010463,"Electrical equipment upgrades, along with related mechanical equipment installations, at existing 1-story data center building. Electronic copy.",Sterling,Issued,,,,,033201325000,,ELECC-2026-010463,1 45900 PLZ,1775793600000,Electrical (Commercial)
loudoun_permit,Loudoun County,GRADE-2024-000026,"Cochran Mill Road - The project consists of the redevelopment of multiple material manufacturing plants and new development of an existing forested property. The project proposes three (3) data centers, two (2) warehouses, driveways, parking bays, and associated utilities and infrastructure.",Leesburg,Issued,,,,,151472463000,,GRADE-2024-000026,42277 RD,1772082000000,Grading
loudoun_permit,Loudoun County,GRADE-2024-000026,"Cochran Mill Road - The project consists of the redevelopment of multiple material manufacturing plants and new development of an existing forested property. The project proposes three (3) data centers, two (2) warehouses, driveways, parking bays, and associated utilities and infrastructure.",Leesburg,Issued,,,,,150177049000,,GRADE-2024-000026,42277 RD,1772082000000,Grading
loudoun_permit,Loudoun County,GRADE-2024-000026,"Cochran Mill Road - The project consists of the redevelopment of multiple material manufacturing plants and new development of an existing forested property. The project proposes three (3) data centers, two (2) warehouses, driveways, parking bays, and associated utilities and infrastructure.",Leesburg,Issued,,,,,151491670000,,GRADE-2024-000026,42277 RD,1772082000000,Grading
loudoun_permit,Loudoun County,GRADE-2024-000026,"Cochran Mill Road - The project consists of the redevelopment of multiple material manufacturing plants and new development of an existing forested property. The project proposes three (3) data centers, two (2) warehouses, driveways, parking bays, and associated utilities and infrastructure.",Leesburg,Issued,,,,,151483174000,,GRADE-2024-000026,42277 RD,1772082000000,Grading
loudoun_permit,Loudoun County,GRADE-2024-000026,"Cochran Mill Road - The project consists of the redevelopment of multiple material manufacturing plants and new development of an existing forested property. The project proposes three (3) data centers, two (2) warehouses, driveways, parking bays, and associated utilities and infrastructure.",Leesburg,Issued,,,,,151476655000,,GRADE-2024-000026,42277 RD,1772082000000,Grading
loudoun_permit,Loudoun County,GRADE-2024-000026,"Cochran Mill Road - The project consists of the redevelopment of multiple material manufacturing plants and new development of an existing forested property. The project proposes three (3) data centers, two (2) warehouses, driveways, parking bays, and associated utilities and infrastructure.",Leesburg,Issued,,,,,151494358000,,GRADE-2024-000026,42277 RD,1772082000000,Grading
loudoun_permit,Loudoun County,GRADE-2024-000026,"Cochran Mill Road - The project consists of the redevelopment of multiple material manufacturing plants and new development of an existing forested property. The project proposes three (3) data centers, two (2) warehouses, driveways, parking bays, and associated utilities and infrastructure.",Leesburg,Issued,,,,,151488568000,,GRADE-2024-000026,42277 RD,1772082000000,Grading
loudoun_permit,Loudoun County,GRADE-2024-000026,"Cochran Mill Road - The project consists of the redevelopment of multiple material manufacturing plants and new development of an existing forested property. The project proposes three (3) data centers, two (2) warehouses, driveways, parking bays, and associated utilities and infrastructure.",Leesburg,Issued,,,,,150175175000,,GRADE-2024-000026,42277 RD,1772082000000,Grading
loudoun_permit,Loudoun County,GRADE-2024-000026,"Cochran Mill Road - The project consists of the redevelopment of multiple material manufacturing plants and new development of an existing forested property. The project proposes three (3) data centers, two (2) warehouses, driveways, parking bays, and associated utilities and infrastructure.",Leesburg,Issued,,,,,151492686000,,GRADE-2024-000026,42277 RD,1772082000000,Grading
loudoun_permit,Loudoun County,ELECC-2025-011157,Data Center Architectural and Structural Tenant Fit-Out for Phase 12; USB 1.4B SERVICE,Leesburg,Issued,,,,,193276668000,,ELECC-2025-011157,1 20575 DR,1744603200000,Electrical (Commercial)
loudoun_permit,Loudoun County,ZONC-2024-041446,Data Center Architectural and Structural Tenant Fit-Out for Phase 6,Leesburg,Issued,,,,,193274995000,,ZONC-2024-041446,1 20335 DR,1734238800000,Zoning (Commercial)
loudoun_permit,Loudoun County,ELECC-2026-023007,NTT VA-7 DATA CENTER VAULT 1.2 ELECTRICAL PERMIT,Broad Run,Issued,,,,,061450432000,,ELECC-2026-023007,1 44395 PLZ,1784779200000,Electrical (Commercial)
loudoun_permit,Loudoun County,BLDC-2024-035650,Data Center Architectural and Structural Tenant Fit-Out for Phase 8,Leesburg,Issued,19567.4,,,,193274995000,,BLDC-2024-035650,1 20335 DR,1734757200000,Building (Commercial)
loudoun_permit,Loudoun County,ELECC-2025-047330,low voltage for HVAC controls for Construction of a three story Data Center on an existing campus.,Broad Run,Issued,,,,,088392214000,,ELECC-2025-047330,1 21735 DR,1760500800000,Electrical (Commercial)
loudoun_permit,Loudoun County,V90415580001,NEW DATA CENTER,Broad Run,Issued,,,,,061355894000,,V90415580001,1 21890 DR,1760414400000,Elevator Maintenance
loudoun_permit,Loudoun County,BLDC-2026-000813,"Electrical equipment updates, and related overhead cable supports, within existing 1-story data center building. Electronic copy.",Little River,Issued,8000.0,,,,162392026000,,BLDC-2026-000813,1 24178 LN,1773720000000,Building (Commercial)
loudoun_permit,Loudoun County,ZONC-2023-005010,Suite 110 Data Hall fit-out in an existing data center,Dulles,Issued,,,,,092192834000,,ZONC-2023-005010,1 43704 DR,1725854400000,Zoning (Commercial)
loudoun_permit,Loudoun County,BLDC-2026-013348,Data Center Architectural and Structural Tenant Fit-Out for Phase 11 of the data center. There are a total of 15 phases in this project.,Leesburg,Issued,21594.0,,,,193178229000,,BLDC-2026-013348,1 42590 DR,1777867200000,Building (Commercial)
loudoun_permit,Loudoun County,ZONC-2026-014168,Data Center Architectural and Structural Tenant Fit-Out for Phase 7 of the data center. There are a total of 15 phases in this project.,Leesburg,Issued,,,,,193178229000,,ZONC-2026-014168,1 42590 DR,1777867200000,Zoning (Commercial)
loudoun_permit,Loudoun County,Z30544590101,"Columbia Gas Transmission control valves, metering, equipment and ECM structure (data center)",Sterling,Issued,,,,,032155119000,,Z30544590101,1 22435 DR,1697029369000,Zoning (Commercial)
loudoun_permit,Loudoun County,ZONC-2024-035533,Three story data center that includes both core & shell and tenant fit-up. The tenant fit-up is broken into office + 18 phases and we would like each phase to have a separate permit. We are initially submitting Architectural and Structural drawing sets for review with the remainder of the discipline sets to be submitted once the Architectural and Structural sets are approved.,Dulles,Issued,,,,,203170856000,,ZONC-2024-035533,1 42090 LN,1746504000000,Zoning (Commercial)
loudoun_permit,Loudoun County,V20140330001,DATA CENTER,Broad Run,Issued,,,,,089291706000,,V20140330001,1 44060 PLZ,1409198400000,Elevator Maintenance
loudoun_permit,Loudoun County,ELECC-2025-056452,Scope of Work: Suite 100 - Service B - New construction/electrical system for a new data hall suite with a newly built IAD56 data center building,Broad Run,Issued,,,,,061394321000,,ELECC-2025-056452,1 21780 CT,1774497600000,Electrical (Commercial)
loudoun_permit,Loudoun County,ZONC-2026-024589,TechnoGuard will utilize the space to perform light component assembly for items included in Data Center airflow containment structures.,Sterling,Issued,,,,,031494873000,,ZONC-2026-024589,1 45888 RD,1780459200000,Zoning (Commercial)
loudoun_permit,Loudoun County,ELECC-2025-011190,Data Center Architectural and Structural Tenant Fit-Out for Phase 13; USB 3.5E SERVICE,Leesburg,Issued,,,,,193274995000,,ELECC-2025-011190,1 20335 DR,1745467200000,Electrical (Commercial)
loudoun_permit,Loudoun County,ELECC-2026-004789,Data Center Tenant Fitout Construction - Phase 01 USB 2.1B,Dulles,Issued,,,,,096183926000,,ELECC-2026-004789,1 25190 DR,1772686800000,Electrical (Commercial)
loudoun_permit,Loudoun County,MECHC-2025-033434,Data Center Tenant Fitout Construction - Phase 02,Dulles,Issued,,,,,096183926000,,MECHC-2025-033434,1 25190 DR,1771822800000,Mechanical (Commercial)
loudoun_permit,Loudoun County,ELECC-2026-012159,"CloudHQ LC8 is a two-story 96MW Data Center located at 22190 Loudoun County Pkwy., Ashburn VA, 20147. This permit is for equipment and service to HVS-MVR101-01 (Service 5). The associated building permit is BLDC-2025-029746 and the associated Electrical permit is ELECC-2025-052183.",Sterling,Issued,,,,,062257134000,,ELECC-2026-012159,1 22190 PKWY,1782792000000,Electrical (Commercial)
loudoun_permit,Loudoun County,ZONC-2025-026011,New data center build. Phase 4,Sterling,Issued,,,,,122207249000,,ZONC-2025-026011,1 43855 PLZ,1777608000000,Zoning (Commercial)
loudoun_permit,Loudoun County,ZONC-2025-006884,"IAD 57 SHELL/ PBB; NEW DATA CENTER W/ CORE SHELL, OFFICE AREA WITH FUTURE FITOUTS",Dulles,Issued,,,,,093365404002,,ZONC-2025-006884,43705 DR,1745380800000,Zoning (Commercial)
loudoun_permit,Loudoun County,ZONC-2025-006884,"IAD 57 SHELL/ PBB; NEW DATA CENTER W/ CORE SHELL, OFFICE AREA WITH FUTURE FITOUTS",Dulles,Issued,,,,,093365404000,,ZONC-2025-006884,43705 DR,1745380800000,Zoning (Commercial)
loudoun_permit,Loudoun County,PLUMC-2025-033466,Data Center Tenant Fitout Construction - Phase 04,Dulles,Issued,,,,,096183926000,,PLUMC-2025-033466,1 25190 DR,1771822800000,Plumbing (Commercial)
loudoun_permit,Loudoun County,FMOMH-2026-014006,Bldg A - Data Center,Broad Run,Issued,,,,,089382215000,,FMOMH-2026-014006,1 43915 DR,1782217810000,FMO - Moderate/High Hazard
loudoun_permit,Loudoun County,GRADE-2024-000294,Grading permit for a data center project associated with EPLAN-2023-0116,Sterling,Issued,,,,,044461959000,,GRADE-2024-000294,1 22020 DR,1741838400000,Grading
loudoun_permit,Loudoun County,B00424980100,REPAIRS TO EXISTING DATA CENTER,Broad Run,Issued,,,,,034365461000,,B00424980100,1 22916 DR,1613019600000,Building (Commercial)
loudoun_permit,Loudoun County,ZONC-2024-041482,Data Center Architectural and Structural Tenant Fit-Out for Phase 8,Leesburg,Issued,,,,,193274995000,,ZONC-2024-041482,1 20335 DR,1734757200000,Zoning (Commercial)
loudoun_permit,Loudoun County,Z20683790101,NEW DATA CENTER,Sterling,Issued,,,,,032155119000,,Z20683790101,1 22435 DR,1681185600000,Zoning (Commercial)
loudoun_permit,Loudoun County,ZONC-2025-026044,New data center build. Phase 12,Sterling,Issued,,,,,122207249000,,ZONC-2025-026044,1 43855 PLZ,1777521600000,Zoning (Commercial)
loudoun_permit,Loudoun County,ELECC-2024-043646,data center complex and associated infrastructure,Sterling,Issued,,,,,043175778000,,ELECC-2024-043646,1 45870 PLZ,1739854800000,Electrical (Commercial)
loudoun_permit,Loudoun County,BLDC-2024-035570,Data Center Architectural and Structural Tenant Fit-Out for Phase 4,Leesburg,Issued,19688.4,,,,193276668000,,BLDC-2024-035570,1 20575 DR,1732078800000,Building (Commercial)
loudoun_permit,Loudoun County,V90367580001,NEW DATA CENTER,Broad Run,Issued,,,,,060209652000,,V90367580001,1 44780 CIR,,Elevator Maintenance
loudoun_permit,Loudoun County,M20656720101,DATA CENTER SHELL,Little River,Issued,,,,,246203645000,,M20656720101,1 24214 LN,1715832000000,Mechanical (Commercial)
loudoun_permit,Loudoun County,V30488590001,NEW DATA CENTER,Sterling,Issued,,,,,063498140000,,V30488590001,1 44675 LN,1674709200000,Elevator Maintenance
loudoun_permit,Loudoun County,ZONC-2026-014180,Data Center Architectural and Structural Tenant Fit-Out for Phase 9 of the data center. There are a total of 15 phases in this project.,Leesburg,Issued,,,,,193178229000,,ZONC-2026-014180,1 42590 DR,1777867200000,Zoning (Commercial)
loudoun_permit,Loudoun County,V70393680001,DATA CENTER,Broad Run,Issued,,,,,060209652000,,V70393680001,1 44790 CIR,1503374400000,Elevator Maintenance
loudoun_permit,Loudoun County,BLDC-2025-026626,Data Center Tenant Fitout Construction - Phase 12,Dulles,Issued,,,,,096183926000,,BLDC-2025-026626,1 25190 DR,1770786000000,Building (Commercial)
loudoun_permit,Loudoun County,GRADE-2024-000069,Site Grading Permit for IAD 12-13 Data Center. The current VSMP Permit and Grading Permit are specific to the entire campus site and the awarded LOD's for the IAD 12-13 Data Center fall within the campus permit. Another General Contractor holds the existing VSMP Permit and the Owner has the existing Grading Permit. Hensel Phelps is not the owner.,Little River,Issued,,,,,203354208000,,GRADE-2024-000069,1 41840 LN,1714708800000,Grading
loudoun_permit,Loudoun County,Z20656720101,DATA CENTER SHELL,Little River,Issued,,,,,246203645000,,Z20656720101,1 24214 LN,1684987200000,Zoning (Commercial)
loudoun_permit,Loudoun County,ZONC-2025-015549,PHASE 2 of same project as permit #BLDC-2024-063845 - Interior datacenter fit-out of 1st floor data center and corresponding equipment infrastructure on roof and in generator yard areas.,Broad Run,Issued,,,,,042152579000,,ZONC-2025-015549,1 21529 CIR,1750132800000,Zoning (Commercial)
loudoun_permit,Loudoun County,ZONC-2026-005436,Data Center Tenant Fitout Construction - Phase 04,Dulles,Issued,,,,,096183926000,,ZONC-2026-005436,1 25374 DR,1778472000000,Zoning (Commercial)
loudoun_permit,Loudoun County,PLUMC-2025-008103,"Connection of three 2"" Industrial Water (IW) pipes to existing 4"" IW line for AHU's and 3 Heat pump condensate drain lines to existing floor sink in existing Data Center; Phase 2 of 2.",Broad Run,Issued,,,,,059309091000,,PLUMC-2025-008103,1 20945 PKWY,1741838400000,Plumbing (Commercial)
loudoun_permit,Loudoun County,BLDC-2024-035651,Data Center Architectural and Structural Tenant Fit-Out for Phase 9,Leesburg,Issued,19567.4,,,,193274995000,,BLDC-2024-035651,1 20335 DR,1734757200000,Building (Commercial)
pw_building,Prince William County,VA1,Iron Mountain Data Center VA-1,,Completed,165230.0,,,,7596-47-5780,,BLD2017-00581,11680 HAYDEN RD,2017,Finaled
pw_building,Prince William County,VA2,Iron Mountain Data Center VA-2,,Completed,211000.0,,,,7596-57-4735,,BLD2018-04430,11660 HAYDEN RD,2019,Finaled
pw_building,Prince William County,VA3,Iron Mountain Data Center VA-3,,Completed,304654.0,,,,7596-56-1578,,BLD2023-00509,11640 HAYDEN RD,2024,Finaled
pw_building,Prince William County,VA4,Iron Mountain Data Center VA-4,,Completed,182032.0,,,,7596-66-0725,,BLD2023-03506,11600 HAYDEN RD,2024,Finaled
pw_building,Prince William County,VA5,Iron Mountain Data Center VA-5,,Completed,220134.0,,,,7596-66-0725,,BLD2023-03508,11580 HAYDEN RD,2025,Finaled
pw_building,Prince William County,VA6,Iron Mountain Data Center VA-6,,Completed,213000.0,,,,7596-64-9220,,BLD2023-05363,7745 WELLINGTON RD,2025,Finaled
pw_building,Prince William County,VA7,Iron Mountain Data Center VA-7,,Completed,290307.0,,,,7596-66-8266,,BLD2024-02971,8330 BETHLEHEM RD,2025,Finaled
pw_building,Prince William County,VA8/9,Iron Mountain Data Center VA-8/9,,Planned,347183.0,,,,7596-55-9338,,<Null>,11530 ELEVATE DR 100,,Planned
pw_building,Prince William County,IAD74,Amazon AWS IAD-74 Manassas,,Completed,146962.0,,,,7596-17-3979,,BLD2015-22325,7070 WELLINGTON RD,2016,Finaled
pw_building,Prince William County,IAD73,Amazon AWS IAD-73 Manassas,,Completed,146962.0,,,,7596-17-3979,,BLD2015-23921,7060 WELLINGTON RD,2016,Finaled
pw_building,Prince William County,A,South Point Phase II Building A,,Completed,265000.0,,,,7596-27-0053,,BLD2024-01532,8300 BUCKEYE TIMBER DR,2026,Finaled
pw_building,Prince William County,B,South Point Phase II Building B,,Under Construction,265000.0,,,,7596-16-5979,,BLD2025-00827,8400 BUCKEYE TIMBER DR,,Issued
pw_building,Prince William County,DC23,Amazon Bethlehem Technology Park DC23,,Completed,147530.0,,,,7596-58-8732,,BLD2018-03269,8190 BETHLEHEM RD,2020,Finaled
pw_building,Prince William County,DC18,Amazon Bethlehem Technology Park DC18,,Completed,211816.0,,,,7596-58-8732,,BLD2017-02845,8180 BETHLEHEM RD,2017,Finaled
pw_building,Prince William County,DC19,Amazon Bethlehem Technology Park DC19,,Completed,147530.0,,,,7596-58-8732,,BLD2016-06361,8200 BETHLEHEM RD,2017,Finaled
pw_building,Prince William County,DC20,Amazon Bethlehem Technology Park DC20,,Completed,211816.0,,,,7596-58-8732,,BLD2017-01263,8210 BETHLEHEM RD,2017,Finaled
pw_building,Prince William County,IAD107,Amazon AWS IAD-107,,Completed,216067.0,,,,7695-36-1324,PLN2007-0074,BLD2023-00752,9740 INNOVATION DR,2025,Finaled
pw_building,Prince William County,IAD106,Amazon AWS IAD-106,,Completed,233757.0,,,,7695-26-7645,PLN2007-0074,BLD2022-04680,9720 INNOVATION DR,2025,Finaled
pw_building,Prince William County,IAD105,Amazon AWS IAD-105,,Completed,223757.0,,,,7695-26-4469,PLN2007-0074,BLD2022-03130,9700 INNOVATION DR,2024,Finaled
pw_building,Prince William County,IAD104,Amazon AWS IAD-104,,Completed,213320.0,,,,7695-17-9607,PLN2007-0074,BLD2022-01092,9680 INNOVATION DR,2024,Finaled
pw_building,Prince William County,DC6,QTS Manassas DC6,,Under Construction,199720.0,,,,7695-47-3376,,BLD2024-06788,9540 GODWIN DR,,Issued
pw_building,Prince William County,DC5,QTS Manassas DC5,,Completed,310000.0,,,,7695-39-0644,,BLD2021-04300,9301 FREEDOM CENTER BLVD,2023,Finaled
pw_building,Prince William County,DC1,QTS Manassas DC1,,Completed,121028.0,,,,7695-48-1668,,BLD2018-06634,9400 GODWIN DR,2019,Finaled
pw_building,Prince William County,DC3,QTS Manassas DC3,,Completed,269091.0,,,,7695-58-1491,,BLD2022-06119,9450 GODWIN DR,2024,Finaled
pw_building,Prince William County,DC2,QTS Manassas DC2,,Under Construction,136228.0,,,,7695-48-5650,,BLD2023-04643,9420 GODWIN DR,,Issued
pw_building,Prince William County,DC4,QTS Manassas DC4,,Under Construction,350000.0,,,,7695-38-4851,,BLD2025-03459,9351 FREEDOM CENTER BLVD,,Issued
pw_building,Prince William County,IAD130,Amazon AWS IAD-130,,Completed,204211.0,,,,7696-21-7764,,BLD2019-01155,9040 FREEDOM CENTER BLVD,2020,Finaled
pw_building,Prince William County,IAD131,Amazon AWS IAD-131,,Completed,204211.0,,,,7696-21-7764,,BLD2019-04018,9020 FREEDOM CENTER BLVD,2020,Finaled
pw_building,Prince William County,TPC,TPC Data Centers,,Completed,361500.0,,,,7696-42-1559,REZ2024-00008,BLD2024-04783,8819 WELLINGTON RD,2026,Finaled
pw_building,Prince William County,NVA05B,Stack Northern Virginia NVA05B,,Under Construction,261558.0,,,,7696-31-9262,REZ2024-00009,BLD2025-03129,9001 FREEDOM CENTER BLVD,,Issued
pw_building,Prince William County,NVA05C,Stack Northern Virginia NVA05C,,Under Construction,179320.0,,,,7696-41-6854,REZ2024-00042,BLD2025-03019,8930 WELLINGTON RD,,Issued
pw_building,Prince William County,NVA05A,Stack Northern Virginia NVA05A,,Completed,270540.0,,,,7696-30-4783,REZ2024-00009,BLD2023-00562,9101 FREEDOM CENTER BLVD,2025,Finaled
pw_building,Prince William County,NVA05E,Stack Northern Virginia NVA05E,,Planned,326500.0,,,,7696-33-1105,REZ2023-00026,,8671 WELLINGTON RD,,Planned
pw_building,Prince William County,IAD77,Amazon AWS IAD-77,,Completed,247608.0,,,,7595-96-0662,PLN2007-00535,BLD2007-04468,9651 HORNBAKER RD,2010,Finaled
pw_building,Prince William County,IN-1,Amazon AWS IAD - Thomasson Barn 1,,Completed,149404.0,,,,7595-95-6147,,BLD2019-02581,11200 THOMASSON BARN RD,2019,Finaled
pw_building,Prince William County,IN-2,Amazon AWS IAD - Thomasson Barn 2,,Completed,202626.0,,,,7595-95-6147,,BLD2019-01459,11150 THOMASSON BARN RD,2020,Finaled
pw_building,Prince William County,NVA02A,Stack Northern Virginia NVA02A,,Completed,224592.0,,,,7595-85-6929,,BLD2021-02881,9750 HORNBAKER RD,2025,Finaled
pw_building,Prince William County,NVA02B,Stack Northern Virginia NVA02B,,Completed,217502.0,,,,7595-85-3742,,BLD2022-07412,9740 HORNBAKER RD,2025,Finaled
pw_building,Prince William County,NVA02C,Stack Northern Virginia NVA02C,,Completed,14160.0,,,,7595-85-6929,,BLD2022-01720,9730 HORNBAKER RD,2025,Finaled
pw_building,Prince William County,NVA02D,Stack Northern Virginia NVA02D,,Completed,281000.0,,,,7595-76-6544.00,,BLD2022-00534,9590 HORNBAKER RD,2023,Finaled
pw_building,Prince William County,NVA02G,Stack Northern Virginia NVA02G,,Under Construction,185803.0,,,,7595-76-2590,,BLD2024-05348,9530 HORNBAKER RD,,Issued
pw_building,Prince William County,NVA02E,Stack Northern Virginia NVA02E,,Completed,261686.0,,,,7595-65-9789.00,,BLD2023-03853,9570 HORNBAKER RD,2024,Finaled
pw_building,Prince William County,NVA02H,Stack Northern Virginia NVA02H,,Under Construction,256280.0,,,,7595-54-7478,REZ2019-00034,BLD2025-06092,10161 LINTON HALL RD,,Issued
pw_building,Prince William County,NVA02I,Stack Northern Virginia NVA02I,,Under Construction,256212.0,,,,7595-54-7478,REZ2019-00034,BLD2025-03391,10167 LINTON HALL RD,,Issued
pw_building,Prince William County,NVA02F,Stack Northern Virginia NVA02F,,Under Construction,367927.0,,,,7595-75-3611,,BLD2025-01136,9640 HORNBAKER RD,,Issued
pw_building,Prince William County,IAD100,Amazon AWS IAD-100,,Completed,212017.0,,,,7695-62-8723,REZ2018-00002,BLD2020-00115,10321 TANNER WAY,2021,Finaled
pw_building,Prince William County,IAD103,Amazon AWS IAD-103,,Completed,153582.0,,,,7695-62-8723,REZ2018-00002,BLD2021-00330,10261 TANNER WAY,2023,Finaled
pw_building,Prince William County,IAD101,Amazon AWS IAD-101,,Completed,214796.0,,,,7695-62-8723,REZ2018-00002,BLD2020-04380,10301 TANNER WAY,2022,Finaled
pw_building,Prince William County,IAD102,Amazon AWS IAD-102,,Completed,214796.0,,,,7695-62-8723,REZ2018-00002,BLD2020-05182,10281 TANNER WAY,2022,Finaled
pw_building,Prince William County,MCC2,CloudHQ Manassas Corporate Center 2,,Completed,392565.0,,,,7694-87-3694,,BLD2019-02023,10100 HARRY J PARRISH BLVD,2021,Finaled
pw_building,Prince William County,MCC1,CloudHQ Manassas Corporate Center 1,,Completed,460248.0,,,,7694-85-3066,,BLD2016-05888,10880 AIRMAN AVE,2017,Finaled
pw_building,Prince William County,MCC6A,CloudHQ Manassas Corporate Center 6A,,Under Construction,317944.0,,,,7694-95-7303.00,,BLD2020-04041,10900 AIRMAN AVE,,Issued
pw_building,Prince William County,MCC3,CloudHQ Manassas Corporate Center 3,,Planned,317944.0,,,,7794-06-4463,,,10740 AIRMAN AVE,,Planned
pw_building,Prince William County,MCC4,CloudHQ Manassas Corporate Center 4,,Planned,252309.0,,,,7694-96-2732,,,10849 AIRMAN AVE,,Planned
pw_building,Prince William County,MCC5,CloudHQ Manassas Corporate Center 5,,Planned,317944.0,,,,7694-84-2446,,,10940 AIRMAN AVE,,Planned
pw_building,Prince William County,MCC7,CloudHQ Manassas Corporate Center 7,,Under Review,343283.0,,,,7694-87-2108,REZ2024-00025,BLD2026-04432,10101 HARRY J PARRISH BLVD,,Pending
pw_building,Prince William County,A,Manassas Tech Center Building A,,Under Construction,220132.0,,,,7596-61-8378.00,,BLD2025-00144,8890 MIKE GARCIA DR,,Issued
pw_building,Prince William County,A,DLR IAD-51,,Under Construction,801246.0,,,,7695-53-7717,REZ2018-00002,BLD2024-02491,10051 BRICKYARD WAY,,Issued
pw_building,Prince William County,B,DLR IAD-50,,Under Construction,816374.0,,,,7695-53-7717,REZ2018-00002,BLD2025-02545,10050 BRICKYARD WAY,,Issued
pw_building,Prince William County,MDC2,CloudHQ Manassas Data Center 2,,Under Construction,523151.0,,,,7695-50-2882,REZ2018-00001,BLD2026-01701,10450 HARRY J PARRISH BLVD,,Issued
pw_building,Prince William County,MDC1,CloudHQ Manassas Data Center 1,,Under Construction,597947.0,,,,7695-50-9420,REZ2018-00001,BLD2025-04928,10430 HARRY J PARRISH BLVD,,Issued
pw_building,Prince William County,NVA02J,Stack Northern Virginia NVA02J,,Under Construction,201000.0,,,,7595-54-7478,REZ2019-00034,BLD2026-01905,10155 LINTON HALL RD,,Issued
pw_building,Prince William County,DC1,Iron Mountain Manassas Point DC1,,Planned,580035.0,,,,7596-79-3589,,,11461 CONNECTIVITY DR,,Planned
pw_building,Prince William County,DC3,Iron Mountain Manassas Point DC3,,Planned,580035.0,,,,7596-89-0058,,,11451 CONNECTIVITY DR,,Planned
pw_building,Prince William County,DC2,Iron Mountain Manassas Point DC2,,Planned,580035.0,,,,7596-79-3589,,,11441 CONNECTIVITY DR,,Planned
pw_building,Prince William County,IAD7,Amazon AWS IAD-7,,Completed,167193.0,,,,7597-72-1867,,BLD2009-02929,7505 MASON KING CT,2012,Finaled
pw_building,Prince William County,IAD14,Amazon AWS IAD-14,,Planned,199003.0,,,,7597-42-2107,,,11801 BREWERS SPRING RD,,Planned
pw_building,Prince William County,IAD11,Amazon AWS IAD-11,,Completed,167145.0,,,,7597-62-3841,,85101402B00,7510 MASON KING CT,1986,Finaled
pw_building,Prince William County,IAD24,Amazon AWS IAD-24,,Completed,41786.0,,,,7597-62-3841,,BLD2012-02503,7610 MASON KING CT,2012,Finaled
pw_building,Prince William County,IAD52,Amazon AWS IAD-52,,Planned,226123.0,,,,7597-42-1456,,,11800 BREWERS SPRING RD,,Planned
pw_building,Prince William County,IAD59,Amazon AWS IAD-59,,Planned,226132.0,,,,7597-42-1395,,,7600 DOANE DR,,Planned
pw_building,Prince William County,MNZ01,Microsoft Azure MNZ01,,Under Review,566280.0,,,,7597-85-1215,,BLD2024-06291,11320 BALLS FORD RD,,Pending
pw_building,Prince William County,MNZ02,Microsoft Azure MNZ02,,Planned,566280.0,,,,7597-85-1215,,,11324 BALLS FORD RD,,Planned
pw_building,Prince William County,IAD05,Aligned Data Centers IAD05,,Planned,432742.0,,,,7597-95-8953,,,10920 BALLS FORD RD,,Planned
pw_building,Prince William County,3,Microsoft Azure 3,,Pending,633333.0,,,,7497-43-7416,REZ1958-0021,,13490 UNIVERSITY BLVD,,Planned
pw_building,Prince William County,A,Amazon AWS IAD A,,Under Construction,258716.0,,,,7497-41-7199,REZ1958-0021,BLD2022-05922,7725 DEACON FALLS DR,,Issued
pw_building,Prince William County,IAD B,Amazon AWS IAD B,,Planned,316065.0,,,,7497-32-5305,REZ1958-0021,,13225 SKYLARK VIEW WAY,,Planned
pw_building,Prince William County,GCDC1,Corscale Gainesville Crossing 1,,Completed,600000.0,,,,7497-46-2858,REZ2018-00008,BLD2021-08185,13760 UNIVERSITY BLVD,2024,Finaled
pw_building,Prince William County,GCDC3,Corscale Gainesville Crossing 3,,Under Construction,600000.0,,,,7497-45-9757,REZ2018-00008,BLD2024-07030,13720 UNIVERSITY BLVD,,Issued
pw_building,Prince William County,GCDC5,Corscale Gainesville Crossing 5,,Planned,600000.0,,,,7497-57-7904,REZ2018-00008,,13750 UNIVERSITY BLVD,,Planned
pw_building,Prince William County,GCDC4,Corscale Gainesville Crossing 4,,Planned,600000.0,,,,7497-55-7796,REZ2018-00008,BLD2026-04211,13746 UNIVERSITY BLVD,,Pending
pw_building,Prince William County,GCDC2,Corscale Gainesville Crossing 2,,Completed,480200.0,,,,7497-45-3874,REZ2018-00008,BLD2023-02498,13710 UNIVERSITY BLVD,2026,Finaled
pw_building,Prince William County,VA10,Iron Mountain Data Center VA-10,,Completed,33574.0,,,,7596-64-6285,,BLD2024-02696,11451 ELEVATE DR,2025,Finaled
pw_building,Prince William County,MNZ03,Microsoft Azure MNZ03,,Under Construction,312931.0,,,,7496-88-1217,,BLD2023-07492,13060 HANSEN FARM RD,,Issued
pw_building,Prince William County,MNZ04,Microsoft Azure MNZ04,,Planned,310856.0,,,,7496-88-1217,,BLD2025-02384,13062 HANSEN FARM RD,,Planned
pw_building,Prince William County,MNZ05,Microsoft Azure MNZ05,,Planned,310856.0,,,,7496-88-1217,,<Null>,13064 HANSEN FARM RD,,Planned
pw_building,Prince William County,MNZ06,Microsoft Azure MNZ06,,Planned,495709.0,,,,7496-88-1217,,<Null>,13066 HANSEN FARM RD,,Planned
pw_building,Prince William County,1,Yondr Bristow Campus Building 1,,Completed,324580.0,,,,7496-47-2405,REZ2017-00023,BLD2022-03616,13051 ROLLINS FORD RD,2025,Finaled
pw_building,Prince William County,2,Yondr Bristow Campus Building 2,,Completed,288530.0,,,,7496-47-2405,REZ2017-00023,BLD2023-01345,13085 ROLLINS FORD RD,2025,Finaled
pw_building,Prince William County,3,Yondr Bristow Campus Building 3,,Under Construction,288530.0,,,,7496-47-2405,REZ2017-00023,BLD2023-04428,13040 ROLLINS FORD RD,,Issued
pw_building,Prince William County,VA4,Digital Realty VA4,,Completed,227465.0,,,,7496-07-8757,REZ1958-0021,BLD2001-04142,8217 LINTON HALL RD,2002,Finaled
pw_building,Prince William County,4,Village Place Technology Park Bldg 4,,Under Construction,252966.0,,,,7397-36-1468,,BLD2023-01296,14495 JOHN MARSHALL HWY,,Issued
pw_building,Prince William County,3,Village Place Technology Park Bldg 3,,Under Construction,253470.0,,,,7397-36-2834,,BLD2023-04861,14475 JOHN MARSHALL HWY,,Issued
pw_building,Prince William County,2,Village Place Technology Park Bldg 2,,Under Construction,253816.0,,,,7397-35-5597,,BLD2023-07720,14455 JOHN MARSHALL HWY,,Issued
pw_building,Prince William County,1,Village Place Technology Park Bldg 1,,Under Construction,217917.0,,,,7397-35-8363,,BLD2024-03062,14435 JOHN MARSHALL HWY,,Issued
pw_building,Prince William County,NTT VA10,NTT Grove at Gainesville VA10,,Under Construction,560942.0,,,,7397-56-8403,,BLD2023-05471,7253 GROVE HILL BLVD,,Issued
pw_building,Prince William County,NTT VA12,NTT Grove at Gainesville VA12,,Planned,580498.0,,,,7397-56-8403,,BLD2026-05831,7250 GROVE HILL BLVD,,Planned
pw_building,Prince William County,NTT VA13,NTT Grove at Gainesville VA13,,Planned,557012.0,,,,7397-56-8403,,,7151 CATHARPIN RD,,Planned
pw_building,Prince William County,NTT VA11,NTT Grove at Gainesville VA11,,Under Construction,580498.0,,,,7397-56-8403,,BLD2025-04670,7251 GROVE HILL BLVD,,Issued
pw_building,Prince William County,IAD55,Amazon AWS IAD-55,,Completed,230150.0,,,,7298-51-5907,,BLD2014-01766,15395 JOHN MARSHALL HWY,2014,Finaled
pw_building,Prince William County,3,Amazon AWS IAD 15445 John Marshall,,Completed,141592.0,,,,7298-41-4524,,BLD2022-07765,15445 JOHN MARSHALL HWY,2024,Finaled
pw_building,Prince William County,IAD64,Amazon AWS IAD-64,,Completed,147187.0,,,,7298-41-4524,,BLD2016-04280,15465 JOHN MARSHALL HWY,2017,Finaled
pw_building,Prince William County,IAD84,Amazon AWS IAD-84,,Completed,147187.0,,,,7298-41-4524,,BLD2018-06209,15455 JOHN MARSHALL HWY,2023,Finaled
pw_building,Prince William County,IAD64-Ext,Amazon AWS IAD-64 Ext,,Completed,17421.0,,,,7298-41-4524,,BLD2020-04888,15475 JOHN MARSHALL HWY,2021,Finaled
pw_building,Prince William County,1,Wellington Glen Technology Park,,Planned,475000.0,,,,7596-54-4132,,,11750 STONE CROP DR,,Planned
pw_building,Prince William County,B,Amazon AWS IAD B,,Under Construction,248483.0,,,,7497-41-7199,REZ1958-0021,BLD2024-05622,7751 DEACON FALLS DR,,Issued
pw_building,Prince William County,C,Amazon AWS IAD C,,Under Construction,218391.0,,,,7497-41-7199,REZ1958-0021,BLD2026-00592,7701 DEACON FALLS DR,,Issued
pw_building,Prince William County,D,Amazon AWS IAD D,,Planned,218391.0,,,,7497-41-7199,REZ1958-0021,BLD2026-00593,7675 DEACON FALLS DR,,Pending
pw_building,Prince William County,IAD A,Amazon AWS IAD A,,Planned,244166.0,,,,7497-32-5305,REZ1958-0021,BLD2026-05277,13235 SKYLARK VIEW WAY,,Pending
pw_building,Prince William County,1,Microsoft Azure 1,,Pending,633333.0,,,,7497-43-7416,REZ1958-0021,,13490 UNIVERSITY BLVD,,Planned
pw_building,Prince William County,6,Microsoft Azure 6,,Pending,633333.0,,,,7497-43-7416,REZ1958-0021,,13490 UNIVERSITY BLVD,,Planned
pw_building,Prince William County,2,Microsoft Azure 2,,Pending,633333.0,,,,7497-43-7416,REZ1958-0021,,13490 UNIVERSITY BLVD,,Planned
pw_building,Prince William County,5,Microsoft Azure 5,,Pending,633333.0,,,,7497-43-7416,REZ1958-0021,,13490 UNIVERSITY BLVD,,Planned
pw_building,Prince William County,4,Microsoft Azure 4,,Pending,633333.0,,,,7497-43-7416,REZ1958-0021,,13490 UNIVERSITY BLVD,,Planned
pw_building,Prince William County,G,Devlin Technology Park G,,Planned,222950.0,,,,7496-63-4453,,,9000 DEVLIN RD,,Planned
pw_building,Prince William County,D,Devlin Technology Park D,,Planned,222950.0,,,,7496-63-4453,,,9000 DEVLIN RD,,Planned
pw_building,Prince William County,F,Devlin Technology Park F,,Planned,222950.0,,,,7496-63-4453,,,9000 DEVLIN RD,,Planned
pw_building,Prince William County,C,Devlin Technology Park C,,Planned,222950.0,,,,7496-63-4453,,,9000 DEVLIN RD,,Planned
pw_building,Prince William County,E,Devlin Technology Park E,,Planned,222950.0,,,,7496-63-4453,,,9000 DEVLIN RD,,Planned
pw_building,Prince William County,B,Devlin Technology Park B,,Planned,222950.0,,,,7496-63-4453,,,9000 DEVLIN RD,,Planned
pw_building,Prince William County,A,Devlin Technology Park A,,Planned,222950.0,,,,7496-63-4453,,,9000 DEVLIN RD,,Planned
pw_building,Prince William County,H,Devlin Technology Park H,,Planned,222950.0,,,,7496-63-4453,,,9000 DEVLIN RD,,Planned
pw_building,Prince William County,1,Innovation on the Parkway,,Planned,576952.0,,,,7695-09-7902,,,11101 UNIVERSITY BLVD,,Planned
pw_building,Prince William County,MCC6B,CloudHQ Manassas Corporate Center 6B,,Planned,317944.0,,,,7694-95-2326.00,,,10910 AIRMAN AVE,,Planned
pw_building,Prince William County,MCC6C,CloudHQ Manassas Corporate Center 6C,,Planned,317944.0,,,,7694-95-2326.00,,,10910 AIRMAN AVE,,Planned
pw_building,Prince William County,1,Amazon Colchester Industrial Park 2,,Planned,224173.0,,,,7991-45-0874,REZ2024-00006,,14901 DUMFRIES RD,,Planned
pw_building,Prince William County,3,Amazon Colchester Industrial Park 1,,Planned,224173.0,,,,7991-45-0874,REZ2024-00006,,14901 DUMFRIES RD,,Planned
pw_building,Prince William County,3,Amazon Parsons Business Park 3,,Planned,227153.0,,,,7891-69-0322,REZ2023-00028,,14237 DUMFRIES RD,,Planned
pw_building,Prince William County,1,Amazon Parsons Business Park 1,,Planned,171785.0,,,,7891-69-0322,REZ2023-00028,,14237 DUMFRIES RD,,Planned
pw_building,Prince William County,2,Amazon Parsons Business Park 2,,Planned,227153.0,,,,7891-69-0322,REZ2023-00028,,14237 DUMFRIES RD,,Planned
pw_building,Prince William County,4,Amazon Parsons Business Park 4,,Planned,227153.0,,,,7891-69-0322,REZ2023-00028,,14237 DUMFRIES RD,,Planned
pw_building,Prince William County,5,Amazon Parsons Business Park 5,,Planned,227153.0,,,,7891-69-0322,REZ2023-00028,,14237 DUMFRIES RD,,Planned
pw_building,Prince William County,GP4,Gardner Property 4,,Pending,616620.0,,,,7397-34-3968,,,14414 MCGRAWS CORNER DR,,Planned
pw_building,Prince William County,ADC1,Ashton Data Center 1,,Pending,300000.0,,,,7696-46-3403,REZ2022-00031,,8552 ASHTON AVE,,Planned
pw_building,Prince William County,PB1,Piney Branch 1,,Planned,495709.0,,,,7496-68-8838,,,8101 PINEY BRANCH LN,,Planned
pw_building,Prince William County,PB2,Piney Branch 2,,Planned,495709.0,,,,7496-68-8838,,,8121 PINEY BRANCH LN,,Planned
pw_building,Prince William County,,Digital Gateway North,,Planned,583333.0,,,,,,,,,Planned
pw_building,Prince William County,,Digital Gateway North,,Planned,583333.0,,,,,,,,,Planned
pw_building,Prince William County,,Compass Datacenters PWC,,Planned,679718.0,,,,,,,,,Planned
pw_building,Prince William County,,Compass Datacenters PWC,,Planned,679718.0,,,,,,,,,Planned
pw_building,Prince William County,,Digital Gateway South,,Planned,462500.0,,,,,,,,,Planned
pw_building,Prince William County,,Compass Datacenters PWC,,Planned,679718.0,,,,,,,,,Planned
pw_building,Prince William County,,Digital Gateway South,,Planned,462500.0,,,,,,,,,Planned
pw_building,Prince William County,,Compass Datacenters PWC,,Planned,679718.0,,,,,,,,,Planned
pw_building,Prince William County,Verizon,Verizon Manassas 7777 Infantry Ridge,,Completed,226527.0,,,,7697-47-3772,,BLD2026-02975,7777 INFANTRY RIDGE RD,2002,Finaled
pw_building,Prince William County,DC14,Equinix Manassas DC14,,Completed,109800.0,,,,7697-47-7005,REZ1999-0038,BLD2006-05319,7400 INFANTRY RIDGE RD,2009,Finaled
pw_building,Prince William County,GP5,Gardner Property 5,,Pending,350000.0,,,,7397-34-3968,,,14414 MCGRAWS CORNER DR,,Planned
pw_building,Prince William County,GP3,Gardner Property 3,,Pending,500000.0,,,,7397-34-3968,,,14414 MCGRAWS CORNER DR,,Planned
pw_building,Prince William County,GP2,Gardner Property 2,,Pending,350000.0,,,,7397-34-3968,,,14414 MCGRAWS CORNER DR,,Planned
pw_building,Prince William County,GP1,Gardner Property 1,,Pending,200000.0,,,,7397-34-3968,,,14414 MCGRAWS CORNER DR,,Planned
pw_building,Prince William County,A,Project Well A,,Planned,245485.0,,,,7596-08-1375,REZ2025-00026,,6894 WELLINGTON RD,,Planned
pw_building,Prince William County,B,Project Well B,,Planned,245485.0,,,,7496-97-8786,REZ2025-00026,,6898 WELLINGTON RD,,Planned
pw_building,Prince William County,ADC2,Ashton Data Center 2,,Pending,300000.0,,,,7696-46-3403,REZ2022-00031,,8552 ASHTON AVE,,Planned
pw_building,Prince William County,1,Hunter Property 1,,Pending,401000.0,,,,7496-25-7319,,,8510 NIMBUS PL,,Planned
pw_building,Prince William County,2,Hunter Property 2,,Pending,401000.0,,,,7496-25-7319,,,8505 NIMBUS PL,,Planned
pw_building,Prince William County,7,Hunter Property 7,,Pending,401000.0,,,,7496-25-7319,,,8545 NIMBUS PL,,Planned
pw_building,Prince William County,6,Hunter Property 6,,Pending,401000.0,,,,7496-25-7319,,,8525 NIMBUS PL,,Planned
pw_building,Prince William County,5,Hunter Property 5,,Pending,401000.0,,,,7496-25-7319,,,8530 NIMBUS PL,,Planned
pw_building,Prince William County,4,Hunter Property 4,,Pending,401000.0,,,,7496-25-7319,,,8550 NIMBUS PL,,Planned
pw_building,Prince William County,3,Hunter Property 3,,Pending,401000.0,,,,7496-25-7319,,,8570 NIMBUS PL,,Planned
pw_building,Prince William County,8,Hunter Property 8,,Pending,401000.0,,,,7496-43-8199,,,8650 NIMBUS PL,,Planned
pw_building,Prince William County,9,Hunter Property 9,,Pending,401000.0,,,,7496-43-8199,,,8670 NIMBUS PL,,Planned
pw_building,Prince William County,10,Hunter Property 10,,Pending,401000.0,,,,7496-43-8199,,,8675 NIMBUS PL,,Planned
pw_building,Prince William County,,Digital Gateway South,,Planned,462500.0,,,,,,,,,Planned
pw_building,Prince William County,,Digital Gateway South,,Planned,462500.0,,,,,,,,,Planned
pw_building,Prince William County,,Digital Gateway South,,Planned,462500.0,,,,,,,,,Planned
pw_building,Prince William County,,Digital Gateway South,,Planned,462500.0,,,,,,,,,Planned
pw_building,Prince William County,,Digital Gateway South,,Planned,462500.0,,,,,,,,,Planned
pw_building,Prince William County,,Digital Gateway South,,Planned,462500.0,,,,,,,,,Planned
pw_building,Prince William County,,Digital Gateway North,,Planned,583333.0,,,,,,,,,Planned
pw_building,Prince William County,,Digital Gateway North,,Planned,583333.0,,,,,,,,,Planned
pw_building,Prince William County,,Digital Gateway North,,Planned,583333.0,,,,,,,,,Planned
pw_building,Prince William County,,Digital Gateway North,,Planned,583333.0,,,,,,,,,Planned
pw_building,Prince William County,,Digital Gateway North,,Planned,583333.0,,,,,,,,,Planned
pw_building,Prince William County,,Digital Gateway North,,Planned,583333.0,,,,,,,,,Planned
pw_building,Prince William County,,Digital Gateway North,,Planned,583333.0,,,,,,,,,Planned
pw_building,Prince William County,,Digital Gateway North,,Planned,583333.0,,,,,,,,,Planned
pw_building,Prince William County,,Digital Gateway North,,Planned,583333.0,,,,,,,,,Planned
pw_building,Prince William County,,Digital Gateway North,,Planned,583333.0,,,,,,,,,Planned
pw_building,Prince William County,,Compass Datacenters PWC,,Planned,679718.0,,,,,,,,,Planned
pw_building,Prince William County,,Compass Datacenters PWC,,Planned,679718.0,,,,,,,,,Planned
pw_building,Prince William County,,Compass Datacenters PWC,,Planned,679718.0,,,,,,,,,Planned
pw_building,Prince William County,,Compass Datacenters PWC,,Planned,679718.0,,,,,,,,,Planned
pw_building,Prince William County,,Compass Datacenters PWC,,Planned,679718.0,,,,,,,,,Planned
pw_building,Prince William County,,Compass Datacenters PWC,,Planned,679718.0,,,,,,,,,Planned
pw_building,Prince William County,,Compass Datacenters PWC,,Planned,679718.0,,,,,,,,,Planned
pw_building,Prince William County,,Compass Datacenters PWC,,Planned,679718.0,,,,,,,,,Planned
pw_building,Prince William County,,Compass Datacenters PWC,,Planned,679718.0,,,,,,,,,Planned
pw_building,Prince William County,,Compass Datacenters PWC,,Planned,679718.0,,,,,,,,,Planned
pw_building,Prince William County,,Compass Datacenters PWC,,Planned,679718.0,,,,,,,,,Planned
pw_building,Prince William County,,Compass Datacenters PWC,,Planned,679718.0,,,,,,,,,Planned
pw_building,Prince William County,,Compass Datacenters PWC,,Planned,679718.0,,,,,,,,,Planned
pw_building,Prince William County,HB2,Hornbaker Road 2,,Planned,435760.0,,,,7596-81-5396,REZ2025-00014,,9001 HORNBAKER RD,,Planned
pw_building,Prince William County,MCC8,CloudHQ Manassas Corporate Center 8,,Pending,860788.0,,,,7794-06-1635,REZ2026-00032,,AIRMAN AVE,,Planned
pw_building,Prince William County,A,Project Industry A,,Pending,171758.0,,,,7496-58-4088,REZ2025-00003,,8021 INDUSTRIAL PARK CT,,Planned
pw_building,Prince William County,B,Project Industry B,,Pending,171758.0,,,,7496-58-0951,REZ2025-00003,,8010 INDUSTRIAL PARK CT,,Planned
pw_building,Prince William County,B,B,,Planned,292750.0,,,,7694-78-6585,REZ1987-0021,,10230 HARRY J PARRISH BLVD,,Planned
pw_building,Prince William County,C,C,,Planned,455633.0,,,,7694-68-7035,REZ1987-0021,,10231 HARRY J PARRISH BLVD,,Planned
pw_building,Prince William County,A,A,,Planned,372608.0,,,,7694-69-8742,REZ1987-0021,,10250 HARRY J PARRISH BLVD,,Planned
pw_building,Prince William County,1,Gainesville RLC,,Planned,989867.0,,,,7497-14-5061,REZ1958-0021,,5547 WELLINGTON RD,,Planned
pw_building,Prince William County,1,Hansen Farm North,,Planned,311000.0,,,,7597-11-2534,REZ1958-0034,,7751 WELLINGFORD DR,,Planned
pw_building,Prince William County,B,Rose East B,,Planned,265546.0,,,,7596-09-7967,PLN2004-00071,,6895 WELLINGTON RD,,Planned
pw_building,Prince William County,A,Rose East A,,Planned,356640.0,,,,7596-09-7967,PLN2004-00071,,6895 WELLINGTON RD,,Planned
pw_building,Prince William County,1,Rose West,,Planned,246068.0,,,,7596-09-7967,PLN2004-00071,,"7911 MERRIFIELD GARDEN WAY MANASSAS, VA",,Planned
pw_building,Prince William County,1,Hansen Farm South,,Planned,228140.0,,,,7497-80-5986,REZ1990-0076,,"7800 PINEY BRANCH LN BRISTOW, VA 20136",,Planned
pw_building,Prince William County,1,Manassas Tech Park North 1,,Planned,170000.0,,,,7596-50-2719,REZ1985-0048,,9251 INDUSTRIAL CT,,Planned
pw_building,Prince William County,2,Manassas Tech Park North 2,,Planned,170000.0,,,,7595-49-8655,REZ1985-0048,,9250 INDUSTRIAL CT,,Planned
pw_building,Prince William County,1,Manassas Data Center,,Planned,460740.0,,,,7497-03-2210,REZ1989-0038,,3555 WELLINGTON CENTER CIR,,Planned
pw_building,Prince William County,F,Redstone Tech Park South F,,Planned,196102.0,,,,7595-77-5466,PLN2007-00406,,9512 HORNBAKER RD,,Planned
pw_building,Prince William County,E,Redstone Tech Park South E,,Planned,200785.0,,,,7595-78-4035,REZ1998-0006,,11101 INDUSTRIAL RD,,Planned
pw_building,Prince William County,1,Patriot Business Center,,Planned,252265.0,,,,,REZ1969-0021,,BREWERS SPRING RD,,Planned
pw_building,Prince William County,1,Six Towers 1,,Pending,472626.0,,,,7892-50-1385,REZ2026-00019,,7830 SIX TOWERS RD,,Planned
pw_building,Prince William County,2,Six Towers 2,,Pending,472626.0,,,,7892-50-1385,REZ2026-00019,,7830 SIX TOWERS RD,,Planned
pw_building,Prince William County,3,Redstone 3,,Planned,14387.0,,,,7595-67-8821,REZ1994-0013,,"9651 HAWKINS DR MANASSAS, VA 20109",,Planned
pw_building,Prince William County,4,Redstone 4,,Planned,14387.0,,,,7595-67-8821,REZ1994-0013,,"9651 HAWKINS DR MANASSAS, VA 20109",,Planned
pw_building,Prince William County,F,Amazon AWS IAD-F,,Planned,201000.0,,,,7695-17-9607,PLN2007-0074,,9670 INNOVATION DR,,
pw_building,Prince William County,1,Wellington Road West,,Planned,255500.0,,,,7497-04-7126,REZ1958-0021,,"5451 WELLINGTON RD GAINESVILLE, VA 20155",,
pw_building,Prince William County,E,Redstone Tech Park North E,,Planned,148500.0,,,,7595-88-0593,REZ1996-0016,,11090 INDUSTRIAL RD,,Planned
pw_building,Prince William County,D,Redstone Tech Park North D,,Planned,190336.0,,,,7595-78-0192,REZ1996-0016,,11124 INDUSTRIAL RD,,Planned
pw_building,Prince William County,C,Redstone Tech Park North C,,Planned,248665.0,,,,7595-69-4800,REZ1996-0016,,11138 INDUSTRIAL RD,,Planned
pw_building,Prince William County,B,Redstone Tech Park North B,,Planned,405000.0,,,,7595-69-2101,REZ1985-0048,,11144 INDUSTRIAL RD,,Planned
pw_building,Prince William County,A,Redstone Tech Park North A,,Planned,270000.0,,,,7595-69-2565,PLN2008-00253,,11140 INDUSTRIAL RD,,Planned
pw_building,Prince William County,B,Manassas Tech Center Building B,,Planned,210329.0,,,,7596-62-9148.00,REZ2026-00022,BLD2026-06372,8880 MIKE GARCIA DR,,Planned
pw_building,Prince William County,C,Manassas Tech Center Building C,,Pending,256260.0,,,,,,,8881 MIKE GARCIA DR,,Planned
pw_building,Prince William County,B,Wellington Road East,,Planned,116550.0,,,,7497-13-3597,REZ1958-0021,,"5551 WELLINGTON RD GAINESVILLE, VA 20155",,Planned
pw_building,Prince William County,VA5,Digital Realty VA5,,Planned,155427.0,,,,7496-07-8757,REZ1958-0021,,8217 LINTON HALL RD,,
pw_building,Prince William County,6,Amazon Parsons Business Park 6,,Planned,15943.0,,,,7891-69-0322,REZ2023-00028,,14237 DUMFRIES RD,,Planned
pw_building,Prince William County,A,SUDLEY MANOR DRIVE A,,Pending,293236.0,,,,,REZ2020-00010,,"11951 SUDLEY MANOR DR MANASSAS, VA 20109",,Planned
pw_building,Prince William County,1,Exeter Property Group,,Planned,155610.0,,,,7697-75-5985,REZ1987-0015,,7901 COPPERMINE DR,,Planned
pw_building,Prince William County,North,Astrid North,,Planned,1700000.0,,,,7497-61-8568,REZ1958-0021,,6201 WELLINGTON RD,,Planned
pw_building,Prince William County,South,Astrid South,,Planned,1100000.0,,,,7497-61-8568,REZ1958-0021,,6201 WELLINGTON RD,,Planned
pw_building,Prince William County,3,Atlantic Funding 3,,Pending,200627.0,,,,8290-03-9812,REZ2026-00041,,16251 DUMFRIES ROAD,,Planned
pw_building,Prince William County,2,Atlantic Funding 2,,Pending,200627.0,,,,8290-03-9812,REZ2026-00041,,16251 DUMFRIES ROAD,,Planned
pw_building,Prince William County,1,Atlantic Funding 1,,Pending,200627.0,,,,8290-03-9812,REZ2026-00041,,16251 DUMFRIES ROAD,,Planned
pw_building,Prince William County,4,Yondr Bristow Campus Building 4,,Planned,167514.0,,,,7496-47-2405,REZ2017-00023,,12998 ROLLINS FORD RD,,Planned
pw_building,Prince William County,2,Century Park 2,,Planned,164000.0,,,,7597-54-9420.01,REZ1969-0021,,7300 CENTURY PARK DR,,Planned
pw_building,Prince William County,1,Century Park 1,,Planned,252000.0,,,,7597-54-1893.01,REZ1969-0021,,7101 CENTURY PARK DR,,Planned
pw_building,Prince William County,DC6,Power loft DC6,,Planned,21340.0,,,,7595-96-0662,PLN2007-00535,,9651 HORNBAKER RD,,Planned
pw_building,Prince William County,1,Southgate South 1,,Pending,303000.0,,,,8190-90-6518,REZ2026-00044,,16401 DUMFRIES RD,,Planned
pw_building,Prince William County,3,Southgate South 3,,Pending,303000.0,,,,8190-90-6518,REZ2026-00044,,16401 DUMFRIES RD,,Planned
pw_building,Prince William County,2,Southgate South 2,,Pending,303000.0,,,,8190-90-6518,REZ2026-00044,,16401 DUMFRIES RD,,Planned
pw_building,Prince William County,MDC3,CloudHQ Manassas Data Center 3,,Under Construction,523151.0,,,,7695-41-6086,REZ2018-00001,BLD2026-02951,10470 HARRY J PARRISH BLVD,,Issued
pw_building,Prince William County,9251,Manassas Tech Park II South,,Planned,198500.0,,,,7595-59-2712,REZ1985-0048,,9320 INDUSTRIAL CT,,Planned
pw_building,Prince William County,DC19,Equinix Manassas DC19,,Planned,85125.0,,,,7697-47-2201,REZ1998-0027,,7200 INFANTRY RIDGE RD,,Planned
pw_campus,Prince William County,,Compass Datacenters PWC,,Planned,11555200.0,,,,,REZ2022-00036,,,,PBD
pw_campus,Prince William County,,Digital Gateway North,,Planned,7000000.0,,,,,REZ2022-00032,,,,PBD
pw_campus,Prince William County,,Digital Gateway South,,Planned,3700000.0,,,,,REZ2022-00033,,,,PBD
pw_campus,Prince William County,,CorScale Gainesville Crossing,,Planned,1981643.0,,,,,REZ2018-00008,,,,PBD
pw_campus,Prince William County,,Microsoft Azure Gainesville Tech Park,,Planned,1245499.0,,,,,REZ2020-00011,,,,M-2
pw_campus,Prince William County,,Hunter Property,,Pending,4010000.0,,,,,REZ2022-00019,,,,M-2
pw_campus,Prince William County,,Devlin Technology Park,,Planned,3530000.0,,,,,REZ2022-00022,,,,M-2
pw_campus,Prince William County,,University Business Park,,Pending,3800000.0,,,,,REZ2023-00019,,,,M-1
pw_campus,Prince William County,,Microsoft Azure Balls Ford Road,,Planned,1145989.0,,,,,REZ2019-00025,,,,PBD
pw_campus,Prince William County,,Yondr Bristow,,Planned,2427137.0,,,,,REZ2017-00023,,,,M-2
pw_campus,Prince William County,,Amazon Wellington South,,Completed,297160.0,,,,,REZ1989-0069,,,,M-2
pw_campus,Prince William County,,South Point Phase II,,Planned,530000.0,,,,,REZ2020-00021,,,,M-2
pw_campus,Prince William County,,Amazon Bethlehem Technology Park,,Completed,740000.0,,,,,REZ2016-00024,,,,M-2
pw_campus,Prince William County,,Iron Mountain,,Planned,1953604.0,,,,,REZ2021-00022,,,,M-2 PBD
pw_campus,Prince William County,,Manassas Tech Center,,Pending,696554.0,,,,,REZ2026-00022,,,,PBD PMD
pw_campus,Prince William County,,Ashton Data Center,,Pending,600000.0,,,,,REZ2022-00031,,,,M/T
pw_campus,Prince William County,,Stack Northern Virginia NVA05,,Planned,326500.0,,,,,REZ2023-00026,,,,M-2
pw_campus,Prince William County,,TPC Data Centers,,Completed,361500.0,,,,,REZ2024-00008,,,,M-2
pw_campus,Prince William County,,Wellington Glen Technology Park,,Planned,673198.0,,,,,REZ2024-00018,,,,PMD
pw_campus,Prince William County,,Amazon Freedom Boulevard,,Completed,409252.0,,,,,REZ1989-0022,,,,M-2
pw_campus,Prince William County,,George Mason Research Park,,Planned,711418.0,,,,,REZ2024-00009,,,,PBD
pw_campus,Prince William County,,QTS Manassas 1,,Planned,1356387.0,,,,,REZ1980-0030,,,,M-2 PBD
pw_campus,Prince William County,,Amazon Innovation Drive,,Planned,1087901.0,,,,,PLN2007-00749,,,,PBD
pw_campus,Prince William County,,Innovation on the Parkway,,Planned,576952.0,,,,,REZ2023-00001,,,,PBD
pw_campus,Prince William County,,CloudHQ Manassas Hornbaker,,Planned,247608.0,,,,,PLN2007-00535,,,,PBD
pw_campus,Prince William County,,Amazon Tanner Way,,Completed,1798534.0,,,,,REZ2018-00002,,,,M-1
pw_campus,Prince William County,,Digital Realty,,Planned,1602558.0,,,,,REZ2018-00002,,,,M-1
pw_campus,Prince William County,,CloudHQ Manassas Data Center (MDC),,Planned,1644498.0,,,,,REZ2018-00001,,,,M-2
pw_campus,Prince William County,,CloudHQ Manassas Corporate Center (MCC),,Planned,2326576.0,,,,,PLN2011-00437,,,,M/T PBD
pw_campus,Prince William County,,Amazon Thomasson Barn,,Completed,352530.0,,,,,PLN2007-00535,,,,PBD
pw_campus,Prince William County,,Amazon Colchester Industrial Park,,Planned,664715.0,,,,,REZ2024-00006,,,,M-2 M/T
pw_campus,Prince William County,,Amazon Parsons Business Park,,Planned,1876409.0,,,,,REZ2023-00028,,,,PBD
pw_campus,Prince William County,,NTT Grove at Gainesville,,Planned,2248452.0,,,,,REZ2021-00001,,,,B-1
pw_campus,Prince William County,,Amazon Village Place Technology Park,,Planned,978169.0,,,,,REZ2020-00024,,,,PMD
pw_campus,Prince William County,,Gardner Property,,Pending,2016620.0,,,,,REZ2023-00018,,,,PBD
pw_campus,Prince William County,,Amazon Midwood Center,,Completed,689469.0,,,,,PLN2003-00108,,,,M-2 PBD
pw_campus,Prince William County,,Aligned Manassas,,Planned,1275141.0,,,,,REZ2019-00022,,,,PMD
pw_campus,Prince William County,,Amazon Mason King Court,,Completed,259543.0,,,,,REZ1969-0021,,,,M-1
pw_campus,Prince William County,,Patriot Business Center,,Planned,903523.0,,,,,REZ1969-0021,,,,M-1
pw_campus,Prince William County,,Iron Mountain Manassas Point,,Planned,5818876.0,,,,,REZ2024-00001,,,,M-1
pw_campus,Prince William County,,Gainesville Tech Park Piney Branch,,Planned,343402.0,,,,,REZ2020-00011,,,,M-2
pw_campus,Prince William County,,Equinix Manassas,,Planned,194925.0,,,,,REZ1999-0038,,,,PBD
pw_campus,Prince William County,,Verizon Manassas 7777 Infantry Ridge,,Completed,227465.0,,,,,REZ1988-0030,,,,PBD
pw_campus,Prince William County,,Stack Infrastructure NVA02 YFT,,Planned,713607.0,,,,,REZ2019-00034,,,,PBD
pw_campus,Prince William County,,Stack Infrastructure NVA02 Manassas,,Planned,1559831.0,,,,,REZ2019-00028,,,,PBD
pw_campus,Prince William County,,Hornbaker Road,,Planned,435760.0,,,,,REZ2025-00014,,,,M-2
pw_campus,Prince William County,,Project Well,,Planned,490970.0,,,,,REZ1979-0021,,,,M-2
pw_campus,Prince William County,,CloudHQ Manassas Corporate Center (MCC),,Pending,860788.0,,,,,REZ2026-00032,,,,PBD
pw_campus,Prince William County,,Digital Realty,,Planned,382892.0,,,,,REZ1958-0021,,,,M-1
pw_campus,Prince William County,,Project Industry,,Pending,643390.0,,,,,REZ2025-00003,,,,M/T
pw_campus,Prince William County,,Six Towers Industrial Park,,Pending,945252.0,,,,,REZ2026-00019,,,,PBD
pw_campus,Prince William County,,Project Gulfstream,,Planned,1120991.0,,,,,REZ1987-0021,,,,M-2
pw_campus,Prince William County,,Gainesville RLC Data Center,,Planned,989867.0,,,,,REZ1958-0021,,,,M-1
pw_campus,Prince William County,,Hansen Farm North,,Planned,311000.0,,,,,REZ1958-0034,,,,M-1
pw_campus,Prince William County,,Rose East/West,,Planned,622186.0,,,,,PLN2004-00071,,,,M/T
pw_campus,Prince William County,,Hansen Farm South,,Planned,228140.0,,,,,REZ1990-0076,,,,M-1
pw_campus,Prince William County,,Manassas Tech Park North,,Planned,340000.0,,,,,REZ1985-0048,,,,M/T
pw_campus,Prince William County,,Manassas Data Center,,Planned,460740.0,,,,,REZ1989-0038,,,,M-2
pw_campus,Prince William County,,Redstone Tech Park South,,Planned,396887.0,,,,,PLN2007-00406,,,,M/T
pw_campus,Prince William County,,Gainesville West,,Planned,694020.0,,,,,REZ1958-0021,,,,M-1
pw_campus,Prince William County,,Project Gainesville,,Planned,943981.0,,,,,REZ1958-0021,,,,M-1
pw_campus,Prince William County,,Redstone Tech Park Central,,Planned,28774.0,,,,,REZ1994-0013,,,,M-1
pw_campus,Prince William County,,Wellington West,,Planned,372050.0,,,,,REZ1958-0021,,,,M-1
pw_campus,Prince William County,,Redstone Tech Park North,,Planned,1262501.0,,,,,PLN2008-00253,,,,M-1
pw_campus,Prince William County,,Sudley Manor Drive,,Pending,293236.0,,,,,REZ2026-00039,,,,PBD
pw_campus,Prince William County,,Manassas Tech Center,,Pending,,,,,,REZ2025-00032,,,,PBD PMD
pw_campus,Prince William County,,Exter Property Group,,Planned,155610.0,,,,,REZ1987-0015,,,,M-2
pw_campus,Prince William County,,Astrid,,Planned,2800000.0,,,,,REZ1958-0021,,,,M-1
pw_campus,Prince William County,,Atlantic Funding,,Pending,601882.0,,,,,REZ2026-00041,,,,M-2
pw_campus,Prince William County,,Century Park 2 & 3,,Planned,416000.0,,,,,REZ1969-0021,,,,
pw_campus,Prince William County,,Southgate South,,Pending,909000.0,,,,,REZ2026-00044,,,,M-2
pw_campus,Prince William County,,Manassas Tech Park II South,,Planned,198500.0,,,,,REZ1985-0048,,,,M/T M-2
pec,Caroline County,PEC-CAR-0001/PEC-SPO-0003,Mattameade Tech Campus,Amazon Data Services Inc,Proposed,4500000.0,,,,27-A-4A,,,Stonewall Jackson Road just east of the Mudd Tavern,,updated=2024-04-10
pec,Caroline County,PEC-CAR-0002,VALCO Data Center Park,VALCO CAROLINE COUNTY,Proposed,1216000.0,,,,80-A-43,,,Mt Airy Road,,updated=2024-04-10
pec,Caroline County,PEC-CAR-0003,Carmel Church Data Hub,W & F PARTNERS,Proposed,1600000.0,,,,82-14-A,,,Welcom Way Dr,,updated=2024-04-10
pec,Chesterfield County,PEC-CHE-0001,Digital Fortress: Richmond,CHIRISA RICHMOND LLC,Existing,242042.0,25.0,,,823657720300000,,,1401 MEADOWVILLE TECH PARKWAY,,updated=2024-04-10
pec,Chesterfield County,PEC-CHE-0002,Virginia Information Technologies Agency,SLK GLOBAL SOLUTIONS AMERICA,Existing,192195.0,,,,822656429800000,,,11751 MEADOWVILLE LANE,,updated=2024-04-10
pec,Culpeper County,PEC-CUL-0001,Equinix,EQUINIX,Existing,370000.0,,,,51-83A1,,,18155 TECHNOLOGY DR,,updated=2024-04-10
pec,Culpeper County,PEC-CUL-0002,SWIFT,SWIFT,Existing,90000.0,,,,51 83F,,,,,updated=2024-04-10
pec,Culpeper County,PEC-CUL-0003,Cielo Digital Infrastructure,Edgecore,Proposed,1400000.0,,,,41-110,,,Cielo Digital Infrastructure,,updated=2024-04-10
pec,Culpeper County,PEC-CUL-0004,CloudHQ,CloudHQ,Proposed,2100000.0,,,,41-106D,,,14521 MCDEVITT DR,,updated=2024-04-10
pec,Culpeper County,PEC-CUL-0005,Copper Ridge,STACK INFRASTRUCTURE,Proposed,2200000.0,,,,,,,,,updated=2024-04-10
pec,Culpeper County,PEC-CUL-0006,Culpeper Technology Campus,STACK INFRASTRUCTURE,Proposed,2100000.0,,,,,,,,,updated=2024-04-10
pec,Culpeper County,PEC-CUL-0007,Marvell Developments,Amazon Data Services Inc,Proposed,445000.0,,,,54-14C,,,20420 GERMANNA HWY,,updated=2024-04-10
pec,Culpeper County,PEC-CUL-0008,DataBank,Databank,Proposed,900000.0,,,,51-84E,,,14601 GERMANNA HWY,,updated=2024-04-10
pec,Culpeper County,PEC-CUL-0009,Keyser Farm,"Red Ace, Keyser Family",Proposed,1506582.0,,,,41-97,,,15140 KEYSER RD,,updated=2024-04-10
pec,Fairfax County,PEC-FAX-0001,Amazon Web Services Mallory,Amazon Data Services Inc,Existing,440870.0,,,,0341 03 0013,,,14501 AVION PKWY,,updated=2024-04-10
pec,Fairfax County,PEC-FAX-0002,AWS Westfax A,Amazon Data Services Inc,Existing,95000.0,,,,0343 09 0004,,,4101 WESTFAX DR,,updated=2024-04-10
pec,Fairfax County,PEC-FAX-0003,AWS Westfax B,Amazon Data Services Inc,Existing,95000.0,,,,0343 09 0003A,,,4100 WESTFAX DR,,updated=2024-04-10
pec,Fairfax County,PEC-FAX-0004,BIT HOLDINGS FIFTY-FOUR,BIT HOLDINGS FIFTY-FOUR INC,Existing,338364.0,,,,0552 01 0019,,,12902 FEDERAL SYSTEMS PARK DR,,updated=2024-04-10
pec,Fairfax County,PEC-FAX-0005,CHANTILLY TECHNOLOGY PARTNERS,CHANTILLY TECHNOLOGY PARTNERS LLC,Existing,145409.0,,,,0332 01 0010D,,,4030 LAFAYETTE CENTER DR,,updated=2024-04-10
pec,Fairfax County,PEC-FAX-0006,COPT STONECROFT,COPT STONECROFT LLC,Existing,320330.0,,,,0432 02 0039C,,,4850 STONECROFT BLVD,,updated=2024-04-10
pec,Fairfax County,PEC-FAX-0007,Coresite 12100 SV & 12098 SV,Coresite,Existing,332957.0,,,,0173 01 0032A,,,12379 A SUNRISE VALLEY DR,,updated=2024-04-10
pec,Fairfax County,PEC-FAX-0007A,Coresite 12100 SV & 12098 SV,Coresite,Proposed,610643.0,,,,0173 01 0032A,,,12379 A SUNRISE VALLEY DR,,updated=2024-04-10
pec,Fairfax County,PEC-FAX-0008,SUNRISE TECHNOLOGY PARK,Coresite,Existing,423341.0,,,,0173 083A0001A,,,12098 SUNRISE VALLEY DR,,updated=2024-04-10
pec,Fairfax County,PEC-FAX-0009,LEMUR PROPERTIES LLC,Digital Realty,Existing,264888.0,,,,0183 08 0009A,,,1780 BUSINESS CENTER DR,,updated=2024-04-10
pec,Fairfax County,PEC-FAX-0010,ELIAS DC ASSETS,ELIAS DC ASSETS LLC,Existing,69089.0,,,,0294 06 0097F,,,1764 A OLD MEADOW LN,,updated=2024-04-10
pec,Fairfax County,PEC-FAX-0011,Equinix DC 97,LDI PROPCO 2 LLC,Existing,63912.0,,,,0162 54 0002,,,460 SPRINGPARK PL,,updated=2024-04-10
pec,Fairfax County,PEC-FAX-0012,LEE ROAD PROPERTY,LEE ROAD PROPERTY LLC,Existing,20118.0,,,,0343 01 0023E1,,,14558 LEE RD,,updated=2024-04-10
pec,Fairfax County,PEC-FAX-0013,Northrop Grumman Systems Corporation,NORTHROP GRUMMAN SYSTEMS CORP,Existing,602257.0,,,,0303 28 C2,,,7555 COLSHIRE DR,,updated=2024-04-10
pec,Fairfax County,PEC-FAX-0014,Northrop Grummon Systems Corporation,NORTHROP GRUMMAN SYSTEMS CORP,Existing,358898.0,,,,0494 13 0013,,,2980 FAIRVIEW PARK DR,,updated=2024-04-10
pec,Fairfax County,PEC-FAX-0015,RDC-1807 MICHAEL FARADAY COURT,RDC-1807 MICHAEL FARADAY COURT LLC,Existing,30609.0,,,,0183 05 0010,,,1807 MICHAEL FARADAY CT,,updated=2024-04-10
pec,Fairfax County,PEC-FAX-0016,Roosevelt Building,YOSEMITE DC ASSETS LLC,Existing,72546.0,,,,0294 06 0105,,,1755 OLD MEADOW RD,,updated=2024-04-10
pec,Fairfax County,PEC-FAX-0017,Science Applications International Corp (SAIC),DISCOVERY SQUARE LLC,Existing,,,,,0173 01 0005,,,12010 SUNSET HILLS RD,,updated=2024-04-10
pec,Fairfax County,PEC-FAX-0018,TFG INDEPENDENCE CENTER I PROPERTY,TFG INDEPENDENCE CENTER I PROPERTY LLC,Existing,293514.0,,,,0432 02 0029B2,,,15036 CONFERENCE CENTER DR,,updated=2024-04-10
pec,Fairfax County,PEC-FAX-0019,Tysons Enterprise West,EQUINIX,Existing,202500.0,,,,0392 01 0013D,,,7990 Quantum Dr,,updated=2024-04-10
pec,Fairfax County,PEC-FAX-0020,VA 95 BUILDING NINE LP,VA 95 BUILDING NINE LP,Existing,69832.0,,,,0991 12 0010,,,7600 BOSTON BLVD,,updated=2024-04-10
pec,Fairfax County,PEC-FAX-0021,Valo Park,TAMARES 7950 OWNER LLC,Existing,842366.0,,,,0292 15 C1,,,7950 JONES BRANCH DR,,updated=2024-04-10
pec,Fairfax County,PEC-FAX-0002A,AVION DATA CENTER,Amazon Data Services Inc,Proposed,768392.0,,,,0341 03 0013,,,14501 AVION PKWY,,updated=2024-04-10
pec,Fairfax County,PEC-FAX-0022,AWS Loisdale Station,Amazon Data Services Inc,Proposed,240000.0,,,,0992 01 0008A,,,7961 Loisdale Rd,,updated=2024-04-10
pec,Fairfax County,PEC-FAX-0023,"PARKSTONE TECH PARK, LLC","PARKSTONE TECH PARK, LLC",Proposed,500000.0,,,,0434 06 0037B,,,Conference Center Dr,,updated=2024-04-10
pec,Fairfax County,PEC-FAX-0024,PDCREF 2 Chantilly,PDCREF 2 CHANTILLY LLC,Proposed,402000.0,,,,0332 01 0006,,,Lee Jackson Memorial HWY,,updated=2024-04-10
pec,Fairfax County,PEC-FAX-0025,Perspecta Datacenter Campus,Amazon Data Services Inc,Existing,271471.0,,,,0244 01 0006B8,,,13600 EDS DR,,updated=2024-04-10
pec,Fairfax County,PEC-FAX-0025A,Perspecta Datacenter Campus,Amazon Data Services Inc,Proposed,1046632.0,,,,0244 01 0006B8,,,13600 EDS DR,,updated=2024-04-10
pec,Fairfax County,PEC-FAX-0026,Renaissance Technology Park,RP INDUSTRIAL OWNER II LLC,Proposed,2136040.0,,,,0242 14 0004,,,13850 PARK CENTER RD,,updated=2024-04-10
pec,Fauquier County,PEC-FAQ-0001,DATA CENTER VINT HILL,DATA CENTER VINT HILL LLC,Existing,84199.0,,,,7915-86-3249-000,,,6872 WATSON CT,,updated=2024-04-10
pec,Fauquier County,PEC-FAQ-0003,Gigaland Remington,Gigaland Data Centers,Proposed,1600000.0,,,,6887-78-2050-000,,,LUCKY HILL LLC,,updated=2024-04-10
pec,Fauquier County,PEC-FAQ-0004,Maple Tree Farm,,Proposed,,,,,6983-96-2271-000,,,8275 MAPLE TREE LN,,updated=2024-04-10
pec,Fauquier County,PEC-FAQ-0005,Remington Technology Park,REMINGTON TECHNOLOGY PARK LTD PTNRSHP,Proposed,1700000.0,300.0,,,6888-60-2817-000,,,6980 HELM DR,,updated=2024-04-10
pec,Fauquier County,PEC-FAQ-0006,SAMX Data Center,SAMX Data,Proposed,1140000.0,,,,6888-62-0664-000,,,11825 REMINGTON RD,,updated=2024-04-10
pec,Fauquier County,PEC-FAQ-0007,Vint Hill Technology Campus (CyrusOne),C1 Vint Hill LLC,Proposed,981000.0,,,,7915-88-3261-000,,,Vint Hill Pkwy,,updated=2025-10-10
pec,Fauquier County,PEC-FAQ-0008,Warrenton Amazon Data Center,Amazon Data Services Inc,Proposed,220000.0,,,,6984-69-2419-000,,,719 BLACKWELL RD,,updated=2024-04-10
pec,Frederick County,PEC-FRE-0001,Middletown Data Center,MIDDLETOWN DATA CENTER LLC,Existing,33483.0,6.7,,,90 A 58C,,,8209 Valley Pike,,updated=2024-04-10
pec,Hanover County,PEC-HAN-0001,Pixel Factory,PIXEL FACTORY DEVELOPMENT LLC,Existing,6000.0,,,,7797-09-6870,,,9680 ATLEE COMMONS DRIVE,,updated=2024-04-10
pec,Hanover County,PEC-HAN-0002,Tract Technology Campus,VALCO HANOVER COUNTY,Proposed,11000000.0,,,,7881-62-7381,,,Hickory Hill Rd,,updated=2024-04-10
pec,Harrisonburg City,PEC-HAR-0001,DBT Data Cyber Integration Center,AC 139 TYCO STREET LLC,Existing,95500.0,,,,041 E 3,,,139 TYCO ST,,updated=2024-04-10
pec,Harrisonburg City,PEC-HAR-0001A,DBT DATA Cyber Integration Center,AC 139 TYCO STREET LLC,Proposed,30000.0,,,,041 E 3,,,139 TYCO ST,,updated=2024-04-10
pec,Henrico County,PEC-HEN-0001,Bank of America,Bank of America,Existing,382408.0,,,,849-706-0950,,,6050 TECHNOLOGY CREEK DR,,updated=2024-04-10
pec,Henrico County,PEC-HEN-0002,Cavalier Innsbrook Data Center,HIGHWOODS PROP,Existing,,,,,750-765-9452,,,4551 COX RD,,updated=2024-04-10
pec,Henrico County,PEC-HEN-0003,EdgeConneX Richmond - EDCRIC01,NORTH RUN LH LLC,Existing,17888.0,,,,781-757-7788,,,1450 E PARHAM RD,,updated=2024-04-10
pec,Henrico County,PEC-HEN-0004,6200 TECHNOLOGY BLVD,FACEBOOK,Existing,320459.0,,,,849-701-2260,,,6200 TECHNOLOGY BLVD,,updated=2024-04-10
pec,Henrico County,PEC-HEN-0005,7301 TECHNOLOGY BLVD,FACEBOOK,Existing,338899.0,,,,852-700-2714,,,7301 TECHNOLOGY BLVD,,updated=2024-04-10
pec,Henrico County,PEC-HEN-0006,Infotel Systems Data Center,Infotel,Existing,572.0,,,,780-748-2431,,,6008 HERMITAGE RD,,updated=2024-04-10
pec,Henrico County,PEC-HEN-0007,Lumen Richmond 1,LEVEL 3 COMMUNICATIONS LLC,Existing,36508.0,,,,790-760-2582,,,8851 PARK CENTRAL DR,,updated=2024-04-10
pec,Henrico County,PEC-HEN-0008,Lumen Richmond 2,LEVEL 3 COMMUNICATIONS LLC,Existing,5522.0,,,,771-752-8623,,,8145 Staples Mill Road,,updated=2024-04-10
pec,Henrico County,PEC-HEN-0009,White Oak Tech Park (QTS),QTS,Existing,769186.0,,,,847-703-4371,,,6000 TECHNOLOGY BLVD,,updated=2024-04-10
pec,Henrico County,PEC-HEN-0009A,Project Tropical,FACEBOOK,Proposed,675000.0,,,,850-698-1623,,,3951 PORTUGEE RD,,updated=2024-04-10
pec,Henrico County,PEC-HEN-0010,Atlantic Crossing,ATLANTIC CROSSING LLC,Proposed,,,,,840-713-3163,,,2801 OLD WILLIAMSBURG RD,,updated=2024-04-10
pec,King George County,PEC-KGE-0001,Birchwood AWS,Amazon Data Services Inc,Proposed,7250000.0,,,,21 50,,,10900 BIRCHWOOD DR,,updated=2024-04-10
pec,Loudoun County,PEC-LDN-0001,Loudoun Commerce Center,Amazon Data Services Inc,Proposed,311670.0,,,,030208833000,,,45975 Nokes Blvd,,updated=2024-04-10
pec,Loudoun County,PEC-LDN-0002,MECP 1 ASHBURN 2 LLC,Edgecore,Proposed,348000.0,,,,030292034000,,,45831 MARIES RD,,updated=2025-08-01
pec,Loudoun County,PEC-LDN-0003,NV-8 CYRUSONE,C1 NORTHERN VIRGINIA - STERLING VIII LLC,Existing,154100.0,,,,030296913000,,,45905 MARIES RD,,updated=2024-04-10
pec,Loudoun County,PEC-LDN-0004,CYXTERA DC2 COLOCATION,MEDINA DC 2 ASSETS LLC,Existing,89072.0,,,,030297084000,,,45901 NOKES BLVD,,updated=2024-04-10
pec,Loudoun County,PEC-LDN-0005,Manekin Plaza,Amazon Data Services Inc,Proposed,313000.0,,,,030309421000,,,46000 MANEKIN PLZ,,updated=2024-04-10
pec,Loudoun County,PEC-LDN-0006,MARIES TECH PARK LLC,Amazon Data Services Inc,Existing,426710.0,,,,030382006000,,,45761 MARIES RD,,updated=2024-04-10
pec,Loudoun County,PEC-LDN-0007,45845 NOKES BLVD,MEDINA DC 2 ASSETS LLC,Existing,79300.0,,,,030391106000,,,45845 NOKES BLVD,,updated=2024-04-10
pec,Loudoun County,PEC-LDN-0008,C1 NORTHERN VA - STERLING I-III,CyrusOne,Existing,420000.0,48.0,,,030393965001,,,21111 Ridgetop,,updated=2024-04-10
pec,Loudoun County,PEC-LDN-0009,CYXTERA COLOCATION,MEDINA DC 2 ASSETS LLC,Existing,135500.0,,,,030399036000,,,21110 RIDGETOP CIR,,updated=2024-04-10
pec,Loudoun County,PEC-LDN-0010,Vantage V2 Campus 22318 Glenn Drive,VANTAGE DATA CENTERS VA2 LLC,Existing,565680.0,,,,032155119000,,,22435 GLENN DR,,updated=2024-04-10
pec,Loudoun County,PEC-LDN-0011,CPUS STERLING LP,CPUS STERLING LP,Existing,441780.0,,,,033201325000,,,45900 PATHFINDER PLZ,,updated=2024-04-10
pec,Loudoun County,PEC-LDN-0012,23005 INTERNATIONAL DR,DULLES NCP II LLC,Existing,169960.0,,,,034263373000,,,23005 INTERNATIONAL DR,,updated=2024-04-10
pec,Loudoun County,PEC-LDN-0013,22945 INTERNATIONAL DR AWS,Amazon Data Services Inc,Existing,147900.0,,,,034357851000,,,22945 INTERNATIONAL DR,,updated=2024-04-10
pec,Loudoun County,PEC-LDN-0014,DULLES NCP LLC,DULLES NCP LLC,Existing,203200.0,,,,034365461000,,,22916 INTERNATIONAL DR,,updated=2024-04-10
pec,Loudoun County,PEC-LDN-0015,WATERSIDE AWS,WATERSIDE I LLC,Existing,976046.0,,,,034385918000,,,22900 PLATFORM PLZ,,updated=2024-04-10
pec,Loudoun County,PEC-LDN-0016,NV-4 CYRUSONE LLC,C1 NORTHERN VIRGINIA - STERLING IV LLC,Existing,128500.0,13.0,,,034462865000,,,22811 INTERNATIONAL DR,,updated=2024-04-10
pec,Loudoun County,PEC-LDN-0017,IAD2 Evoque Cyxtera,22810-22860 INTERNATIONAL DRIVE LLC,Existing,118541.0,,,,034468458000,,,22810 INTERNATIONAL DR,,updated=2024-04-10
pec,Loudoun County,PEC-LDN-0018,Dulles 2000 Redevelopment,BCG JV Sterling LLC; Phil Tager,Proposed,530550.0,,,,035457494000,,,,,updated=2024-04-10
pec,Loudoun County,PEC-LDN-0019,VISA USA INC,VISA USA INC,Existing,365855.0,,,,040464286000,,,44901 RUSSELL BRANCH PKWY,,updated=2024-04-10
pec,Loudoun County,PEC-LDN-0020,BEAUMEADE LC PHASE III LLC,BEAUMEADE LC PHASE III LLC,Existing,147600.0,,,,041352218000,,,20935 LOUDOUN COUNTY PKWY,,updated=2024-04-10
pec,Loudoun County,PEC-LDN-0021,PowerHouse/AREP ABX-1,AREP BEAUMEADE LLC,Existing,259194.0,,,,042152579000,,,21529 BEAUMEADE CIR,,updated=2024-04-10
pec,Loudoun County,PEC-LDN-0022,DC 21/IAD 98,BCORE COPT DC-21 LLC,Existing,296380.0,,,,042197707000,,,45305 W SEVERN WAY,,updated=2024-04-10
pec,Loudoun County,PEC-LDN-0023,GI TC 45360 SEVERN WAY LLC,GI TC 45360 SEVERN WAY LLC,Existing,126900.0,,,,042200988000,,,45360 W SEVERN WAY,,updated=2024-04-10
pec,Loudoun County,PEC-LDN-0024,1304 SQUIRE CT,ELECTRIC BUILDING LLC,Existing,36000.0,,,,042295813000,,,1304 SQUIRE CT,,updated=2024-04-10
pec,Loudoun County,PEC-LDN-0025,Dulles 28 Technology Park,BlackChamber Group,Proposed,685000.0,,,,043176560000,,,45870 MEMPHIS PLZ,,updated=2025-08-06
pec,Loudoun County,PEC-LDN-0027,Paragon Park Lot 3B,BlackChamber Group,Proposed,405611.0,,,,043395471000,,,Intersection of Pacific Blvd and Charles View Dr,,updated=2025-08-06
pec,Loudoun County,PEC-LDN-0028,21641 CHARLES VIEW DR,Amazon Data Services Inc,Existing,685682.0,,,,043482656000,,,21641 CHARLES VIEW DR,,updated=2024-04-10
pec,Loudoun County,PEC-LDN-0029,DULLES NORTH CORPORATE PARK 8,John Collich/BF SAUL REAL ESTATE INVESTMENT,Proposed,262000.0,,,,044104706000,,,,,updated=2024-04-10
pec,Loudoun County,PEC-LDN-0030,QTS BRODERICK ACQUISITION CO LLC,QTS,Existing,427300.0,,,,044152877000,,,22271 BRODERICK DR,,updated=2024-04-10
pec,Loudoun County,PEC-LDN-0031,VERISIGN INC,VERISIGN INC,Existing,64300.0,,,,044174648000,,,22340 DRESDEN ST,,updated=2024-04-10
pec,Loudoun County,PEC-LDN-0032,22370 KIPPER DR AWS,Amazon Data Services Inc,Existing,203460.0,,,,044193385000,,,22370 KIPPER DR,,updated=2024-04-10
pec,Loudoun County,PEC-LDN-0033,NVA01 STACK INFRASTRUCTURE,STACK INFRASTRUCTURE,Existing,180000.0,,,,044261032000,,,22080 PACIFIC BLVD,,updated=2024-04-10
pec,Loudoun County,PEC-LDN-0034,SENTINEL ASHBURN II,GI TC LOUDOUN LLC,Existing,234100.0,,,,044282013000,,,22262 CLOUD PLZ,,updated=2024-04-10
pec,Loudoun County,PEC-LDN-0035,VANTAGE DATA CENTERS VA11,VANTAGE DATA CENTERS,Existing,253352.0,,,,044288975001,,,45200 VANTAGE DATA PLZ,,updated=2024-04-10
pec,Loudoun County,PEC-LDN-0036,VANTAGE DATA CENTERS VA12,VANTAGE DATA CENTERS,Existing,228606.0,,,,044288975002,,,45194 VANTAGE DATA PLZ,,updated=2024-04-10
pec,Loudoun County,PEC-LDN-0037,DIGITAL LOUDOUN IV,DIGITAL LOUDOUN IV LLC,Existing,800702.0,,,,044370416000,,,22125 BRODERICK DR,,updated=2024-04-10
pec,Loudoun County,PEC-LDN-0038,Arcola Pacific Campus,PowerHouse Data Centers,Proposed,1100000.0,,,,044461959000,,,22020 BRODERICK DR,,updated=2024-04-10
pec,Loudoun County,PEC-LDN-0039,FR SUMMIT AWS,FR SUMMIT LLC,Existing,149200.0,,,,045159083000,,,22630 DULLES SUMMIT CT,,updated=2024-04-10
pec,Loudoun County,PEC-LDN-0040,MCP 22745 & 22755 RELOCATION DRIVE,MCP 22745 & 22755 RELOCATION DRIVE LLC,Existing,251091.0,,,,045175529000,,,22745 RELOCATION DR,,updated=2024-04-10
pec,Loudoun County,PEC-LDN-0041,PROLOGIS PARK GATEWAY II,Prologis,Proposed,294000.0,,,,045185843002,,,45180 GLOBAL PLZ,,updated=2024-04-10
pec,Loudoun County,PEC-LDN-0043,DCT DULLES PHASE II,DCT DULLES PHASE II LLC,Existing,75800.0,,,,045254455000,,,22651 DULLES SUMMIT CT,,updated=2024-04-10
pec,Loudoun County,PEC-LDN-0044,113 EXECUTIVE DR Prologis,Prologis,Proposed,750000.0,,,,045269479000,,,113 EXECUTIVE DR,,updated=2024-04-10
pec,Loudoun County,PEC-LDN-0044A,22660 Executive Dr Prologis,Prologis,Proposed,,,,,045274849000,,,22660 Executive Dr,,updated=2024-04-10
pec,Loudoun County,PEC-LDN-0046,Aligned Energy Data Center,VANTAGE DATA CENTERS,Existing,306224.0,,,,045279612000,,,22715 RELOCATION DR,,updated=2025-08-01
pec,Loudoun County,PEC-LDN-0048,DIGITAL STERLING PREMIER,DIGITAL STERLING PREMIER LLC,Existing,258252.0,,,,045299249000,,,22574 PACIFIC BLVD,,updated=2024-04-10
pec,Loudoun County,PEC-LDN-0049,IAD76,FR RANDOLPH DRIVE LLC,Existing,138900.0,,,,045352692000,,,22520 RANDOLPH DR,,updated=2024-04-10
pec,Loudoun County,PEC-LDN-0050,DATA CENTER BUILDING C,DCT DULLES PHASE II LLC,Existing,103000.0,,,,045358110000,,,22631 DULLES SUMMIT CT,,updated=2024-04-10
pec,Loudoun County,PEC-LDN-0052,IAD03,ALIGNED ENERGY DATA CENTERS ASHBURN LLC,Existing,180355.0,72.0,,,045399350000,,,22580 RELOCATION DR,,updated=2025-08-06
pec,Loudoun County,PEC-LDN-0053,QTS Ashburn-Moran,QTS,Existing,65058.0,,,,045458114000,,,1506 MORAN RD,,updated=2024-04-10
pec,Loudoun County,PEC-LDN-0054,1501 Moran Road,Edgecore,Proposed,285000.0,,,,045465016000,,,1501 Moran Road,,updated=2025-08-06
pec,Loudoun County,PEC-LDN-0055,22350 KIPPER DR AWS,Amazon Data Services Inc,Existing,203460.0,,,,045494813000,,,22350 KIPPER DR,,updated=2024-04-10
pec,Loudoun County,PEC-LDN-0056,IAD3 Evoque Cyxtera,22995 WILDER COURT LLC,Existing,130400.0,,,,046368231000,,,22995 WILDER CT,,updated=2024-04-10
pec,Loudoun County,PEC-LDN-0057,IAD114,BEAUMEADE LC PHASE III LLC,Existing,147600.0,,,,059309091000,,,20945 LOUDOUN COUNTY PKWY,,updated=2024-04-10
pec,Loudoun County,PEC-LDN-0058,21551 BEAUMEADE CIR,BEAUMEADE TECHNOLOGY PARTNERS LLC,Existing,152400.0,,,,060108050000,,,21551 BEAUMEADE CIR,,updated=2024-04-10
pec,Loudoun County,PEC-LDN-0059,ACC5 ACC6 Digital Realty,FOX PROPERTIES LLC,Existing,518449.0,,,,060170268000,,,44521 HASTINGS DR,,updated=2024-04-10
pec,Loudoun County,PEC-LDN-0061,44470 Chilum Place,EQUINIX,Existing,100121.0,,,,060182916001,,,44470 CHILUM PL,,updated=2024-04-10
pec,Loudoun County,PEC-LDN-0062,44490 CHILUM PL,BLUE SLING ACC 2 LLC,Existing,87560.0,,,,060182916002,,,44490 CHILUM PL,,updated=2024-04-10
pec,Loudoun County,PEC-LDN-0063,44520 HASTINGS DR,QUILL EQUITY LLC,Existing,148717.0,,,,060182916003,,,44520 HASTINGS DR,,updated=2024-04-10
pec,Loudoun County,PEC-LDN-0064,21745 BEAUMEADE CIR,21673 BEAUMEADE CIRCLE LLC,Existing,455793.0,,,,060189720000,,,21745 BEAUMEADE CIR,,updated=2024-04-10
pec,Loudoun County,PEC-LDN-0064A,21673 BEAUMEADE CIRCLE LLC,Cologix,Proposed,544207.0,,,,060189720000,,,21673 BEAUMEADE CIRCLE,,updated=2024-04-10
pec,Loudoun County,PEC-LDN-0065,MONTEREY DC ASSETS,MONTEREY DC ASSETS LLC,Existing,164455.0,,,,060202337000,,,21571 BEAUMEADE CIR,,updated=2024-04-10
pec,Loudoun County,PEC-LDN-0066,44790 PERFORMANCE CIR,EQUINIX,Existing,672244.0,,,,060209652000,,,44790 PERFORMANCE CIR,,updated=2024-04-10
pec,Loudoun County,PEC-LDN-0067,RAGING WIRE VA1,RAGINGWIRE DATA CENTERS INC,Existing,109300.0,,,,060298548000,,,44664 GUILFORD DR,,updated=2024-04-10
pec,Loudoun County,PEC-LDN-0068,BCORE COPT DC-15,BCORE COPT DC-15 LLC,Existing,446732.0,,,,060307119000,,,44862 INTERCONNECTION PL,,updated=2024-04-10
pec,Loudoun County,PEC-LDN-0069,DBT-DATA ASHBURN HOLDING I,NTT GLOBAL DATA CENTERS AMERICAS INC,Existing,123200.0,,,,060386530000,,,44610 GUILFORD DR,,updated=2024-04-10
pec,Loudoun County,PEC-LDN-0070,DC 8 9 10 DE,DC 8 9 10 DE LLC,Existing,429711.0,,,,060485060000,,,21271 SMITH SWITCH RD,,updated=2024-04-10
pec,Loudoun County,PEC-LDN-0071,21955 LOUDOUN COUNTY PKWY,CloudHQ,Existing,983994.0,,,,061177666002,,,21955 LOUDOUN COUNTY PKWY,,updated=2024-04-10
pec,Loudoun County,PEC-LDN-0072,21455 Beaumeade Circle,EQUINIX,Proposed,265000.0,,,,061205971000,,,Corner of Beaumeade Circle and Waxpool Rd,,updated=2024-04-10
pec,Loudoun County,PEC-LDN-0073,DIGITAL REALTY ACC10,BLUE SLING ACC 10 LLC,Existing,288400.0,,,,061268762000,,,21744 SIR TIMOTHY DR,,updated=2024-04-10
pec,Loudoun County,PEC-LDN-0074,44621 WAXPOOL RD,KAVEH VENTURES LLC,Existing,493504.0,,,,061275931000,,,44621 WAXPOOL RD,,updated=2024-04-10
pec,Loudoun County,PEC-LDN-0075,CLOUD HQ LC3,LOHRASP VENTURES LLC,Existing,585593.0,,,,061285496000,,,44631 WAXPOOL RD,,updated=2024-04-10
pec,Loudoun County,PEC-LDN-0076,EQUINIX DC21,EQUINIX,Existing,156458.0,,,,061298643000,,,22175 BEAUMEADE CIR,,updated=2024-04-10
pec,Loudoun County,PEC-LDN-0077,EQUINIX ASHBURN EAST,EQUINIX,Proposed,361600.0,,,,061200160000,,,22165 BEAUMEADE CIR,,updated=2025-08-06
pec,Loudoun County,PEC-LDN-0078,21310 BEAUMEADE CIR,BEAUMEADE DC BUILDING LLC,Existing,190250.0,,,,061303369000,,,21310 BEAUMEADE CIR,,updated=2024-04-10
pec,Loudoun County,PEC-LDN-0079,H5 CAPITAL-ASHBURN,ASHBURN DATA PROPERTY OWNER LP,Existing,228816.0,,,,061307791000,,,21800 BEAUMEADE CIR,,updated=2024-04-10
pec,Loudoun County,PEC-LDN-0080,ALIGNED DATA CENTER IAD01,ALIGNED ENERGY DATA CENTERS,Existing,368600.0,,,,061355894000,,,21890 UUNET DR,,updated=2024-04-10
pec,Loudoun County,PEC-LDN-0081,BLUE SLING ACC 9,BLUE SLING ACC 9 LLC,Existing,362100.0,,,,061361948000,,,21745 SIR TIMOTHY DR,,updated=2024-04-10
pec,Loudoun County,PEC-LDN-0082,Digital Filigree,Digital Realty,Proposed,342003.0,,,,061394321000,,,21780 FILIGREE CT,,updated=2025-08-06
pec,Loudoun County,PEC-LDN-0083,21320 BEAUMEADE CIR,BEAUMEADE DC BUILDING LLC,Existing,190250.0,,,,061407107000,,,21320 BEAUMEADE CIR,,updated=2024-04-10
pec,Loudoun County,PEC-LDN-0084,ACC7 Digital Realty,ALSHAIN VENTURES LLC,Existing,446500.0,,,,061467942000,,,21625 GRESHAM DR,,updated=2024-04-10
pec,Loudoun County,PEC-LDN-0085,Filigree Ct Campus,EQUINIX,Existing,679455.0,,,,061483407000,,,21701 FILIGREE CT,,updated=2024-04-10
pec,Loudoun County,PEC-LDN-0088,IAD Round Table Campus Digital Realty,DIGITAL LOUDOUN 3 LLC,Existing,1564173.0,,,,062462761000,,,44274 ROUND TABLE PLZ,,updated=2024-04-10
pec,Loudoun County,PEC-LDN-0089,"IAD 41, IAD 42, BLDG P",DIGITAL LOUDOUN 3 LLC,Existing,789300.0,,,,062493798000,,,44757 ROUND TABLE PLZ,,updated=2024-04-10
pec,Loudoun County,PEC-LDN-0090,QTS Lockridge ASH2 Quality Tech Lane DC2,QTS,Existing,252473.0,,,,063494014000,,,44655 QUALITY TECH LN,,updated=2024-04-10
pec,Loudoun County,PEC-LDN-0091,QTS Lockridge ASH2 Quality Tech Lane DC1,ASHBURN ACQUISITION CO II LLC,Existing,308630.0,,,,063498140000,,,44675 QUALITY TECH LN,,updated=2024-04-10
pec,Loudoun County,PEC-LDN-0092,19508 Freedom Trail Road,JK Land Holdings,Proposed,1100000.0,,,,083359224000,,,19508 Freedom Trail Road,,updated=2024-04-10
pec,Loudoun County,PEC-LDN-0093,21821 UUNET DR,ALIGNED ENERGY DATA CENTERS,Existing,438460.0,,,,088101859000,,,21821 UUNET DR,,updated=2024-04-10
pec,Loudoun County,PEC-LDN-0094,EQUINEX DC13,EQUINIX,Existing,108300.0,,,,088200644000,,,21830 UUNET DR,,updated=2024-04-10
pec,Loudoun County,PEC-LDN-0095,ALIGNED ENERGY DATA CENTERS ASHBURN,ALIGNED ENERGY DATA CENTERS,Existing,107253.0,,,,088205761000,,,21838 UUNET DR,,updated=2024-04-10
pec,Loudoun County,PEC-LDN-0097,Red Rum Dr Campus Sabey Data Centers,INTERGATE ASHBURN I LLC,Existing,400232.0,,,,088392214000,,,21735 RED RUM DR,,updated=2024-04-10
pec,Loudoun County,PEC-LDN-0099,IAD3 DataBank,ZCOLO LLC,Existing,286800.0,,,,088481748000,,,21630 RED RUM DR,,updated=2024-04-10
pec,Loudoun County,PEC-LDN-0100,QTS DATA CENTER ASH3-DC1,QTS,Existing,310717.0,,,,089100937000,,,22291 SHELLHORN RD,,updated=2024-04-10
pec,Loudoun County,PEC-LDN-0101,ASH3 DC2,QTS,Existing,302180.0,,,,089104437000,,,22271 SHELLHORN RD,,updated=2024-04-10
pec,Loudoun County,PEC-LDN-0102,IAD12,Digital Realty,Existing,180000.0,,,,089278681000,,,43881 DEVIN SHAFRON DR,,updated=2024-04-10
pec,Loudoun County,PEC-LDN-0103,IAD Digital Loudoun Plaza,Digital Realty,Existing,1137740.0,,,,089291706000,,,43940 DIGITAL LOUDOUN PLZ,,updated=2024-04-10
pec,Loudoun County,PEC-LDN-0104,Zebra East,"WALSH, COLUCCI, LUBELEY & WALS / MINCHEW RANDALL J.",Proposed,723779.0,,,,089309997000,,,22130 LOUDOUN COUNTY PKWY,,updated=2025-08-06
pec,Loudoun County,PEC-LDN-0105,IAD14,Digital Realty,Existing,135000.0,,,,089367531000,,,43791 DEVIN SHAFRON DR,,updated=2024-04-10
pec,Loudoun County,PEC-LDN-0106,43831 DEVIN SHAFRON DR,Digital Realty,Existing,117000.0,,,,089372808000,,,43831 DEVIN SHAFRON DR,,updated=2024-04-10
pec,Loudoun County,PEC-LDN-0107,IAD24,DIGITAL LOUDOUN II LLC,Existing,266742.0,,,,089374763002,,,43830 DEVIN SHAFRON DR,,updated=2024-04-10
pec,Loudoun County,PEC-LDN-0108,DIGITAL-GCEAR1 ASHBURN,GI TC DEVIN SHAFRON LLC,Existing,138600.0,,,,089382215000,,,43915 DEVIN SHAFRON DR,,updated=2024-04-10
pec,Loudoun County,PEC-LDN-0110,Western Lands,Digital Realty,Proposed,11700000.0,,,,093365404006,,,43616 CAPACITY DR,,updated=2025-08-06
pec,Loudoun County,PEC-LDN-0112,AWS IAD61-IAD63 South Riding,Amazon Data Services Inc,Existing,778426.0,,,,097354183000,,,25316 PREDICTION LN,,updated=2024-04-10
pec,Loudoun County,PEC-LDN-0113,Sutton Bay,Amazon Data Services Inc,Existing,508000.0,,,,097398776000,,,25800 SUTTON BAY PLZ,,updated=2024-04-10
pec,Loudoun County,PEC-LDN-0114,Firefox Dulles,Amazon Data Services Inc,Proposed,641451.0,,,,097409598000,,,44150 WADE DR,,updated=2024-04-10
pec,Loudoun County,PEC-LDN-0121,Leesburg Gateway,Google,Proposed,600000.0,,,,148350679000,,,481 POTOMAC STATION DR,,updated=2026-05-27
pec,Loudoun County,PEC-LDN-0122,Villages at Leesburg,STACK INFRASTRUCTURE,Proposed,250000.0,,,,149192542000,,,42830 GOLF CLUB RD,,updated=2025-08-06
pec,Loudoun County,PEC-LDN-0123,Tuscarora Crossing Landbay 3,BlackChamber Group,Proposed,701400.0,,,,150151774000,,,Intersection of Crosstrail Blvd and Natchez Dr,,updated=2024-04-10
pec,Loudoun County,PEC-LDN-0125,Dulles Trade Center West,10 Trade West Drive LLC/Charles S Kuhn Manager,Proposed,386800.0,,,,161170879000,,,42670 TRADE WEST DR,,updated=2024-04-10
pec,Loudoun County,PEC-LDN-0126,ARCOLA,PowerHouse Data Centers,Proposed,614300.0,,,,162151929000,,,,,updated=2024-04-10
pec,Loudoun County,PEC-LDN-0128,Fadeley Campus,Amazon Data Services Inc,Existing,695321.0,,,,162392026000,,,42949 FADELEY LN,,updated=2024-04-10
pec,Loudoun County,PEC-LDN-0129,Cross Mill Center,"Kuhn, Charles C/JK Holdings II LLC",Proposed,546500.0,,,,192163918000,,,20040 SYCOLIN RD,,updated=2024-04-10
pec,Loudoun County,PEC-LDN-0130,Project Celtic Phase 1,Google,Existing,743608.0,,,,193274995000,,,20680 CELTIC PARK DR,,updated=2025-08-12
pec,Loudoun County,PEC-LDN-0132,HAYDEN TECHNOLOGIES,HAYDEN TECHNOLOGIES LLC,Existing,563584.0,,,,194498227000,,,20491 GOOSE LANDING LN,,updated=2025-08-11
pec,Loudoun County,PEC-LDN-0133,Tech Park at Brambleton,BlackChamber Group,Proposed,1700000.0,,,,202206213000,,,23896 BELMONT RIDGE RD,,updated=2024-04-10
pec,Loudoun County,PEC-LDN-0134,42139 REEDS FARM LN,Amazon Data Services Inc,Proposed,429213.0,,,,203170856000,,,42090 REEDS FARM LN,,updated=2025-08-06
pec,Loudoun County,PEC-LDN-0135,IAD11,Microsoft Corporation,Existing,759405.0,,,,203354208000,,,41840 GROWTH MINDSET LN,,updated=2025-08-06
pec,Loudoun County,PEC-LDN-0136,ALLEGRO SOUTH CAMPUS,YONDR JK 2 LLC,Existing,335638.0,,,,203371445000,,,24171 YOUNGWOOD LN,,updated=2024-04-10
pec,Loudoun County,PEC-LDN-0139,IAD 01-04,MICROSOFT CORP,Existing,809314.0,,,,235297431000,,,19540 COMPASS CREEK PKWY,,updated=2024-04-10
pec,Loudoun County,PEC-LDN-0140,Orme Farm Rezoning,Van Metre Communities LLC/Roy Barnett,Proposed,508000.0,,,,236387331000,,,41451 SHREVE MILL RD,,updated=2024-04-10
pec,Loudoun County,PEC-LDN-0141,Greenlin Park,Charles S Kuhn/JK Landholdings II LLC,Proposed,227184.0,,,,237395293000,,,41453 HOGELAND MILL RD,,updated=2024-04-10
pec,Loudoun County,PEC-LDN-0142,24244 QUAIL RIDGE LN,Amazon Data Services Inc,Existing,412400.0,,,,246200886000,,,24244 QUAIL RIDGE LN,,updated=2024-04-10
pec,Loudoun County,PEC-LDN-0143,Quail Ridge C - D,Amazon Data Services Inc,Existing,505200.0,,,,246203645000,,,24214 QUAIL RIDGE LN,,updated=2024-04-10
pec,Loudoun County,PEC-LDN-0145,DULLES BERRY LC4,CloudHQ,Existing,1434706.0,,,,062256361000,,,22200 LOUDOUN COUNTY PKWY,,updated=2024-04-10
pec,Louisa County,PEC-LOU-0001,Lake Anna Tech Campus,Amazon Data Services Inc,Proposed,1700000.0,,,,30 48,,,Intersection of Haley Dr and Kentucky Springs Rd,,updated=2024-04-10
pec,Louisa County,PEC-LOU-0002,North Creek Tech Campus,Amazon Data Services Inc,Proposed,8700000.0,,,,58 32,,,Mount Airy Rd,,updated=2024-04-10
pec,Mecklenburg County,PEC-MEC-0001,Hillcrest Data Center,Microsoft Corporation,Proposed,,,,,39166,,,49 COUNTRY LANE,,updated=2024-04-10
pec,Mecklenburg County,PEC-MEC-0002,Microsoft Azure,Microsoft Corporation,Existing,1625704.0,,,,3675,,,925 RIDGE ROAD,,updated=2024-04-10
pec,Mecklenburg County,PEC-MEC-0002A,Microsoft Azure,Microsoft Corporation,Proposed,,,,,38795,,,925 RIDGE ROAD,,updated=2024-04-10
pec,Mecklenburg County,PEC-MEC-0003,LYH03 Bailey – Microsoft,Microsoft Corporation,Proposed,,,,,39284,,,313-A HIGH STREET,,updated=2024-04-10
pec,Montgomery County,PEC-MON-0001,Brush Mountain Blacksburg,BRUSH MOUNTAIN DATA CENTER LLC,Existing,1886.0,,,,240135,,,2200 KRAFT DR STE 2025,,updated=2024-04-10
pec,Norfolk City,PEC-NOR-0001,EdgeConneX Norfolk,"Warehouse 888, Llc",Existing,4610.0,,,,1448514202,,,3800 VILLAGE AVENUE,,updated=2024-04-10
pec,Norfolk City,PEC-NOR-0002,Zone5,Fair Holdings Llc,Existing,,,,,1458078286,,,2415 ALMEDA AVENUE,,updated=2024-04-10
pec,Orange County,PEC-ORA-0001,Wilderness Crossing,Amazon Data Services Inc,Proposed,5000000.0,,,,01300000000100,,,4447 GERMANNA HWY,,updated=2024-04-10
pec,Prince Edward County,PEC-PED-0001,Heartland Innovative Technology (HIT) Park,Prince Edward County Industrial Development Authority,Proposed,1300000.0,,,,039 A 3,,,230 KELLY LANE,,updated=2024-04-10
pec,Prince William County,PEC-PWM-0001,Gainsville Tech Park,Microsoft Corporation,Proposed,1588901.0,,,,7496-88-1217,,,13050 HANSEN FARM RD,,updated=2026-03-19
pec,Prince William County,PEC-PWM-0002,KH Data Capital Development,IRON MOUNTAIN DATA CENTERS,Existing,201083.0,,,,7596-66-0725,,,11560 HAYDEN RD,,updated=2024-04-10
pec,Prince William County,PEC-PWM-0004,AMAZON DATA SERVICES INC,AMAZON DATA SERVICES INC,Existing,453174.0,,,,7298-41-4524,,,15435 JOHN MARSHALL HWY,,updated=2025-07-15
pec,Prince William County,PEC-PWM-0005,DC 11 DE LLC (Amazon),Amazon Data Services Inc,Existing,236082.0,,,,7298-51-5907,,,15395 JOHN MARSHALL HWY,,updated=2025-07-15
pec,Prince William County,PEC-PWM-0006,Gardner Property,Delaware Land LLC,Proposed,2016620.0,,,,7397-34-3968,,,14414 MCGRAWS CORNER,,updated=2026-03-19
pec,Prince William County,PEC-PWM-0007,Village Place at Gainesville Technology Park,CTP-I LLC,Proposed,978169.0,,,,7397-36-4811,,,14403 JOHN MARSHALL HWY,,updated=2026-03-19
pec,Prince William County,PEC-PWM-0008,John Marshall CommonsTech Park,CTP-1 LLC,Proposed,530000.0,,,,7397-46-4281,,,14392 JOHN MARSHALL HWY,,updated=2025-07-15
pec,Prince William County,PEC-PWM-0009,I-66 and Route 29 Technology Park,NTT Global Data Centers,Proposed,2248452.0,,,,7397-55-9794,,,14300 JOHN MARSHALL HWY,,updated=2026-03-19
pec,Prince William County,PEC-PWM-0011,PORPOISE VENTURES LLC (Digital Realty Trust),Digital Realty,Existing,227465.0,,,,7496-07-8757,,,8217 LINTON HALL RD,,updated=2024-04-10
pec,Prince William County,PEC-PWM-0012,Hunter Property,LHR GAINESVILLE LLC,Proposed,4010000.0,,,,7496-25-7319,,,8613 LINTON HALL RD,,updated=2026-03-19
pec,Prince William County,PEC-PWM-0013,NOVA MANGO FARMS LLC C/O CORPORATION SERVICE COMPANY,Google,Existing,2427137.0,,,,7496-47-2405,,,13001 ROLLINS FORD RD,,updated=2026-03-19
pec,Prince William County,PEC-PWM-0014,Delvin Technology Park,"STANLEY MARTIN HOMES, LLC",Proposed,3530000.0,,,,7496-63-4146,,,8900 DEVLIN RD,,updated=2024-04-10
pec,Prince William County,PEC-PWM-0015,SES AMERICOM INC,SES AMERICOM INC,Existing,20534.0,,,,7496-79-1270,,,8000 GAINSFORD CT,,updated=2024-04-10
pec,Prince William County,PEC-PWM-0016,Gainsville East,Amazon Data Services Inc,Proposed,2200000.0,,,,7497-41-7199,,,5945 WELLINGTON RD,,updated=2024-04-10
pec,Prince William County,PEC-PWM-0017,University Business Park,Microsoft Corporation,Proposed,3800000.0,,,,7497-43-7416,,,13490 UNIVERSITY BLVD,,updated=2024-04-10
pec,Prince William County,PEC-PWM-0018,Gainesville Crossing Data Campus,CORSCALE,Existing,482223.0,,,,7497-45-3874,,,13700 UNIVERSITY BLVD,,updated=2024-04-10
pec,Prince William County,PEC-PWM-0018A,Gainesville Crossing Data Campus,CORSCALE,Proposed,1817777.0,306.0,,,7497-45-3874,,,13700 UNIVERSITY BLVD,,updated=2024-04-10
pec,Prince William County,PEC-PWM-0019,GCDC PURCHASER PHASE 1 LLC,GCDC PURCHASER PHASE 1 LLC,Existing,482223.0,,,,7497-46-2858,,,13760 UNIVERSITY BLVD,,updated=2024-04-10
pec,Prince William County,PEC-PWM-0020,Sharpless Enterprises LLC,Sharpless Enterprises LLC,Proposed,1750000.0,,,,7497-61-8568,,,6201 WELLINGTON RD,,updated=2026-03-19
pec,Prince William County,PEC-PWM-0021,MICROSOFT CORPORATION,Microsoft Corporation,Proposed,200000.0,,,,7497-80-6210,,,7745 Piney Branch Ln,,updated=2024-04-10
pec,Prince William County,PEC-PWM-0022,SI NVA17 LLC,STACK INFRASTRUCTURE,Proposed,637282.0,,,,7595-54-7331,,,11859 HAZEL CIRCLE DR,,updated=2024-04-10
pec,Prince William County,PEC-PWM-0024,NVA16 LLC,Amazon Data Services Inc,Proposed,24000.0,48.0,,,7595-66-9366,,,9530 HORNBAKER RD,,updated=2024-04-10
pec,Prince William County,PEC-PWM-0025,NVA15 LLC,STACK INFRASTRUCTURE,Proposed,24000.0,48.0,,,7595-75-4021,,,9650 HORNBAKER RD,,updated=2024-04-10
pec,Prince William County,PEC-PWM-0026,SI NVA 04 LLC (Avanti at Innovation),STACK INFRASTRUCTURE,Existing,281000.0,,,,7595-76-6546.01,,,9590 HORNBAKER RD,,updated=2025-07-15
pec,Prince William County,PEC-PWM-0027,SI NVA02 LLC,STACK INFRASTRUCTURE,Existing,224652.0,,,,7595-85-3439,,,9720 HORNBAKER RD,,updated=2025-07-15
pec,Prince William County,PEC-PWM-0028,SI NVA02 LLC,STACK INFRASTRUCTURE,Existing,241249.0,,,,7595-85-6929,,,9750 HORNBAKER RD,,updated=2025-07-15
pec,Prince William County,PEC-PWM-0029,COPT DC INNOVATION LLC,COPT DC INNOVATION LLC,Existing,352030.0,,,,7595-95-6147,,,11120 THOMASSON BARN RD,,updated=2024-04-10
pec,Prince William County,PEC-PWM-0030,POWERLOFT @ INNOVATION I,POWERLOFT @ INNOVATION I,Existing,247608.0,,,,7595-96-0662,,,9651 HORNBAKER RD,,updated=2024-04-10
pec,Prince William County,PEC-PWM-0031,DC 12 14 DE LLC (Amazon),Amazon Data Services Inc,Existing,311198.0,,,,7596-17-3979,,,7056 WELLINGTON RD,,updated=2024-04-10
pec,Prince William County,PEC-PWM-0032,South Point Phase II LLC,South Point Phase II LLC,Proposed,530000.0,,,,7596-27-0053,,,8300 BUCKEYE TIMBER DR,,updated=2024-04-10
pec,Prince William County,PEC-PWM-0033,KH DATA CAPITAL BUILDING 4 LLC C/O IRON MOUNTAIN GLOBAL REAL ESTATE,KH DATA CAPITAL BUILDING 4 LLC C/O IRON MOUNTAIN GLOBAL REAL ESTATE,Existing,165230.0,,,,7596-47-5780,,,11680 HAYDEN RD,,updated=2024-04-10
pec,Prince William County,PEC-PWM-0035,KH DATA CAPITAL DEVELOPMENT LAND LLC C/O IRON MOUNTAIN GLOBAL REAL ESTATE,KH DATA CAPITAL DEVELOPMENT LAND LLC C/O IRON MOUNTAIN GLOBAL REAL ESTATE,Existing,597590.0,,,,7596-57-4735,,,11650 HAYDEN RD,,updated=2024-04-10
pec,Prince William County,PEC-PWM-0036,COPT DC 19 LLC,COPT DC 19 LLC,Existing,719742.0,,,,7596-58-8732,,,8170 BETHLEHEM RD,,updated=2024-04-10
pec,Prince William County,PEC-PWM-0038,VA6B1 and VA6B2,IRON MOUNTAIN DATA CENTERS,Existing,230706.0,,,,7596-64-9220,,,7749 WELLINGTON RD,,updated=2024-04-10
pec,Prince William County,PEC-PWM-0039,Iron Mountain Building 7,IRON MOUNTAIN DATA CENTERS,Proposed,304000.0,,,,7596-66-8266,,,8328 BETHLEHEM RD,,updated=2024-04-10
pec,Prince William County,PEC-PWM-0041,AMAZON DATA SERVICES INC,Amazon Data Services Inc,Existing,127700.0,,,,7597-42-1395,,,7600 DOANE DR,,updated=2024-04-10
pec,Prince William County,PEC-PWM-0042,AMAZON DATA SERVICES INC,Amazon Data Services Inc,Existing,123534.0,,,,7597-42-1456,,,11800 BREWERS SPRING RD,,updated=2024-04-10
pec,Prince William County,PEC-PWM-0043,AMAZON DATA SERVICES INC,Amazon Data Services Inc,Existing,115600.0,,,,7597-42-2107,,,11801 BREWERS SPRING RD,,updated=2024-04-10
pec,Prince William County,PEC-PWM-0044,Amazon Data Center,Amazon Data Services Inc,Proposed,,,,,7597-54-1893.01,,,7101 CENTURY PARK DR,,updated=2024-04-10
pec,Prince William County,PEC-PWM-0045,Amazon Data Center,Amazon Data Services Inc,Proposed,,,,,7597-54-9420.01,,,7300 CENTURY PARK DR,,updated=2024-04-10
pec,Prince William County,PEC-PWM-0046,GI TC 7510 MASON KING CT LLC (Amazon),Amazon Data Services Inc,Existing,150000.0,,,,7597-62-3841,,,7510 MASON KING CT,,updated=2024-04-10
pec,Prince William County,PEC-PWM-0047,MANASSAS TECHNOLOGY PARTNERS LLC (Amazon),Amazon Data Services Inc,Existing,109543.0,,,,7597-72-1867,,,7505 MASON KING CT,,updated=2024-04-10
pec,Prince William County,PEC-PWM-0048,Amazon Data Center,Amazon Data Services Inc,Proposed,,,,,7597-72-7289,,,7500 BETHLEHEM RD,,updated=2024-04-10
pec,Prince William County,PEC-PWM-0049,Westview 66,Microsoft Corporation,Proposed,1145989.0,,,,7597-85-1215,,,11314 BALLS FORD RD,,updated=2026-03-19
pec,Prince William County,PEC-PWM-0050,Alligned Data Centers (Balls Ford),PROPCO LLC,Proposed,1275141.0,,,,7597-95-8953,,,10920 BALLS FORD RD,,updated=2024-04-10
pec,Prince William County,PEC-PWM-0051,Airport Gateway Commerce Center,CloudHQ,Proposed,369600.0,,,,7694-84-2446,,,10940 AIRMAN AVE,,updated=2026-03-19
pec,Prince William County,PEC-PWM-0052,ABTEEN VENTURES LLC (CloudHQ),CloudHQ,Existing,394593.0,,,,7694-85-3066,,,10880 AIRMAN AVE,,updated=2026-03-19
pec,Prince William County,PEC-PWM-0053,BOURZOU VENTURES LLC (CloudHQ),CloudHQ,Existing,347876.0,,,,7694-87-3694,,,10100 HARRY J PARRISH BLVD,,updated=2026-03-19
pec,Prince William County,PEC-PWM-0054,MANUCHEHR VENTURES LLC,CloudHQ,Existing,139000.0,,,,7694-95-7303,,,10900 AIRMAN AVE,,updated=2026-03-19
pec,Prince William County,PEC-PWM-0055,"UNICORN INTERESTS LLC, PCL C1",CloudHQ,Proposed,250144.0,,,,7694-96-2732,,,10849 AIRMAN AVE,,updated=2026-03-19
pec,Prince William County,PEC-PWM-0056,AIRPORT GATEWAY COMMERCE CENTER,CloudHQ,Proposed,,,,,7694-97-2419,,,10850 Airman Ave,,updated=2026-03-19
pec,Prince William County,PEC-PWM-0057,Innovation On The Parkway PRA,"University Blvd, LLC",Proposed,576952.0,,,,7695-09-7902,,,11101 UNIVERSITY BLVD,,updated=2026-03-19
pec,Prince William County,PEC-PWM-0058,SI NVA05 LLC,STACK INFRASTRUCTURE,Existing,213320.0,,,,7695-17-9607,,,9680 INNOVATION DR,,updated=2025-07-15
pec,Prince William County,PEC-PWM-0059,SI NVA06 LLC,STACK INFRASTRUCTURE,Existing,223757.0,,,,7695-26-4469,,,9700 INNOVATION DR,,updated=2025-07-15
pec,Prince William County,PEC-PWM-0060,SI NVA07 LLC,STACK INFRASTRUCTURE,Existing,233757.0,,,,7695-26-7645,,,9720 INNOVATION DR,,updated=2025-07-15
pec,Prince William County,PEC-PWM-0061,SI NVA08 LLC,STACK INFRASTRUCTURE,Existing,216067.0,,,,7695-36-1324,,,9740 INNOVATION DR,,updated=2025-07-15
pec,Prince William County,PEC-PWM-0062,DC-4,QTS,Proposed,323526.0,,,,7695-38-4751,,,10680 UNIVERSITY BLVD,,updated=2024-04-10
pec,Prince William County,PEC-PWM-0063,QTS Manassas DC 5,QTS,Existing,305510.0,,,,7695-39-0644,,,9301 FREEDOM CENTER BLVD,,updated=2024-04-10
pec,Prince William County,PEC-PWM-0064,QTS MANASSAS I DC6 LLC,QTS,Proposed,269091.0,,,,7695-47-4075,,,9540 GODWIN DR,,updated=2024-04-10
pec,Prince William County,PEC-PWM-0065,QTS Manassas DC 2,QTS,Existing,127000.0,,,,7695-48-1668,,,9400 GODWIN DR,,updated=2024-04-10
pec,Prince William County,PEC-PWM-0066,INNOVATION EXECUTIVE CENTER DC-3,QTS,Proposed,174719.0,,,,7695-48-5745,,,9420 GODWIN DR,,updated=2024-04-10
pec,Prince William County,PEC-PWM-0067,Ashwood Addition,CloudHQ,Proposed,1644498.0,,,,7695-50-2997,,,10400 HARRY J PARRISH BLVD,,updated=2026-03-19
pec,Prince William County,PEC-PWM-0085,Digital Second Manassas,DIGITAL CARVER BRICKYARD LLC,Proposed,1759136.0,,,,7695-53-7717,,,10000 BRICKYARD WAY,,updated=2024-04-10
pec,Prince William County,PEC-PWM-0068,QTS MANASSAS I DC3 LLC,QTS MANASSAS I DC3 LLC,Existing,269091.0,,,,7695-58-1491,,,9480 GODWIN DR,,updated=2024-04-10
pec,Prince William County,PEC-PWM-0068A,QTS MANASSAS I DC6 LLC,QTS MANASSAS I DC3 LLC,Proposed,,,,,7695-58-1491,,,9480 GODWIN DR,,updated=2024-04-10
pec,Prince William County,PEC-PWM-0069,AMAZON DATA SERVICES INC,Amazon Data Services Inc,Existing,,,,,7695-62-8723,,,10201 TANNER WAY,,updated=2024-04-10
pec,Prince William County,PEC-PWM-0070,MANASSAS NCP LLC,MANASSAS NCP LLC,Existing,409252.0,,,,7696-21-7764,,,9000 FREEDOM CENTER BLVD,,updated=2024-04-10
pec,Prince William County,PEC-PWM-0072,Vulcan Data Center,Amazon Data Services Inc,Proposed,1071000.0,,,,7696-34-7899,,,8501 VULCAN LN,,updated=2024-04-10
pec,Prince William County,PEC-PWM-0073,ALEXANDRIA TECHNOLOGY CENTER,QTS,Proposed,,,,,7696-40-1403,,,10600 PYRAMID PL,,updated=2024-04-10
pec,Prince William County,PEC-PWM-0075,Compton Property SUP,Amazon Data Services Inc,Proposed,1062000.0,,,,7696-56-8064,,,8750 RIXLEW LN,,updated=2024-04-10
pec,Prince William County,PEC-PWM-0076,MCI COMMUNICATION SERVICES LLC VERIZON GLOBAL REAL ESTATE,MCI COMMUNICATION SERVICES LLC VERIZON GLOBAL REAL ESTATE,Existing,227465.0,,,,7697-47-3772,,,7777 INFANTRY RIDGE RD,,updated=2024-04-10
pec,Prince William County,PEC-PWM-0077,EQUINIX DC14,EQUINIX,Existing,859040.0,,,,7697-47-7005,,,7400 INFANTRY RIDGE RD,,updated=2026-03-19
pec,Prince William County,PEC-PWM-0078,MCC5,CloudHQ,Proposed,400000.0,,,,7794-06-4463,,,10740 AIRMAN AVE,,updated=2026-03-19
pec,Prince William County,PEC-PWM-0080,Potomac Technology Park,Plaza Realty Management Inc,Proposed,1170320.0,,,,7991-04-7237,,,14854 DUMFRIES RD,,updated=2026-03-19
pec,Prince William County,PEC-PWM-0082,Amazon Data Center,Amazon Data Services Inc,Proposed,,,,,,,,,,updated=2024-04-10
pec,Scott County,PEC-SCO-0001,Scott County Regional Business & Technology Park,SCOTT COUNTY INDUSTRIAL DEV.,Proposed,,,,,80A3-A-8,,,372 Technology Trail Ln,,updated=2024-04-10
pec,Spotsylvania County,PEC-SPO-0001,Carter's Store Tech Campus,Amazon Data Services Inc,Proposed,2600000.0,,,,36-A-46,,,,,updated=2024-04-10
pec,Spotsylvania County,PEC-SPO-0002,Cosner Tech Campus,Amazon Data Services Inc,Proposed,1900000.0,,,,50-A-126,,,4049 Massaponax Church Road,,updated=2024-04-10
pec,Spotsylvania County,PEC-SPO-0003/PEC-CAR-0001,Hunter's Ridge,Hunters Ridge LLC,Proposed,900000.0,,,,36-A-41D,,,4110 Overview Drive,,updated=2024-04-10
pec,Spotsylvania County,PEC-SPO-0004,Mattameade Tech Campus,Amazon Data Services Inc,Proposed,,,,,,,,,,updated=2024-04-10
pec,Spotsylvania County,PEC-SPO-0005,PowerHouse95,PowerHouse Data Centers,Proposed,3500000.0,,,,36-A-41D,,,"0 Overview DR Fredericksburg, VA",,updated=2024-04-10
pec,Spotsylvania County,PEC-SPO-0006,Summit Crossing Tech Campus,Amazon Data Services Inc,Proposed,2100000.0,,,,51-A-33,,,Summit Crossing Road,,updated=2024-04-10
pec,Stafford County,PEC-STA-0001,Old Potomac Church Data Center,Amazon Data Services Inc,Proposed,510000.0,,,,39-71A,,,Old Potomac Church Road,,updated=2024-04-10
pec,Stafford County,PEC-STA-0002,Stafford Technology Campus,"Jon M. Peterson, Stafford Technology, LC",Proposed,5500000.0,,,,38-124,,,"east side of Richmond Highway, across from Sage Lane",,updated=2024-04-10
pec,Surry County,PEC-SUR-0001,Green Energy Center,Green Energy Partners,Proposed,,,,,31-22,,,HOG ISLAND ROAD,,updated=2024-04-10
pec,Virginia Beach City,PEC-VAB-0001A,Telxius Cable Landing Station Virginia Beach,Telxius,Proposed,140000.0,,,,24152291580000,,,1900 Corporate Landing Pkwy Cm,,updated=2024-04-10
pec,Virginia Beach City,PEC-VAB-0002,Globalinx Virginia Beach,LANDING 888 LLC,Existing,9712.0,,,,24152434460000,,,1632 Corporate Landing Pkwy,,updated=2024-04-10
pec,Virginia Beach City,PEC-VAB-0001,Telxius Cable Landing Station Virginia Beach,Telxius,Existing,10750.0,,,,24152291580000,,,1900 Corporate Landing Pkwy Cm,,updated=2024-04-10
pec,Wise County,PEC-WIS-0001,DP Facilities: Mineral Gap,DP FACILITIES INC SOUTH LLC,Existing,65000.0,,,,042710,,,5978 WINDSWEPT BLVD,,updated=2024-04-10
pec,Scott County,PEC-SCO-0002,Duffield Premier Data Center Site,ONEPARTNER LLC,Existing,9200.0,,,,80A3-3-8,,,158 Advanced Technology Dr,,updated=2024-04-10
pec,Hanover County,PEC-HAN-0003,Iron Horse Data Center Rezoning,"Harris and Douglass Properties, LLC",Proposed,3300000.0,,,,7880-70-4924,,,10171 East Patrick Henry Road,,updated=2026-05-27
pec,Loudoun County,PEC-LDN-0146,MECP1 ASHBURN 1 LLC,MECP1 ASHBURN 1 LLC,Existing,258716.0,,,,030455548000,,,21215 ATLANTIC BLVD,,updated=2024-08-07
pec,Loudoun County,PEC-LDN-0147,MECP2 ASHBURN 2 LLC,MECP2 ASHBURN 2 LLC,Existing,258716.0,,,,029151508000,,,21205 ATLANTIC BLVD,,updated=2024-08-07
pec,Loudoun County,PEC-LDN-0148,MECP3 ASHBURN 3 LLC,MECP3 ASHBURN 3 LLC,Existing,258716.0,,,,041108666000,,,21195 ATLANTIC BLVD,,updated=2024-08-07
pec,Fauquier County,PEC-FAQ-0001A,OVHcloud Data Center Expansion,OVHcloud,Proposed,120000.0,,,,7915-86-3249-000,,,6872 Watson Ct,,updated=2024-08-22
pec,Fauquier County,PEC-FAQ-0009,Convergent Technology Park,Convergent VA LLC,Proposed,1056000.0,,,,6888-13-7752-000,,,"James Madison St, Remington VA",,updated=2024-08-22
pec,Fauquier County,PEC-FAQ-0010,Vint Hill Corners,Vint Hill Corners LLC,Proposed,360000.0,,,,7915-54-0780-000,,,"4295 AIKEN DR WARRENTON, VA 20187",,updated=2024-08-22
pec,Appomattox County,PEC-APP-0001,Hercules,Avaio Digital Partners,Proposed,250000.0,300.0,,,64A6 1 G,,,1296 CONFEDERATE BLVD,,updated=2026-04-01
pec,Pittsylvania County,PEC-PIT-0001,unnamed,"BOLES, BRENDA ET ALS EAST, SHARON ET ALS BOLES, DOUGLAS ET ALS KELLEY, OTEY HARRIS III ET ALS KELLEY, CHARLES ET ALS",Proposed,2280801.0,,,,2531-47-0247,,,6321 ROCKFORD SCH RD,,updated=2025-01-15
pec,Greensville County,PEC-GRE-0001,Mid-Atlantic Advanced Manufacturing Center,Arup Americas Inc,Proposed,,,,,21-97E,,,"1781 Greensville County Cir, Emporia, VA 23847",,updated=2024-12-19
pec,Henrico County,PEC-HEN-0011,Azalea,BWS Enterprises,Proposed,456108.0,,,,795-746-5940,,,5209 WILKINSON RD,,updated=2024-08-28
pec,Loudoun County,PEC-LDN-0149,Oaklawn,Keane Enterprises,Proposed,700000.0,,,,2.33396106e+11,,,101 OAKLAWN DR,,updated=2024-08-28
pec,Powhatan County,PEC-POW-0001,Province Group,Province Group,Proposed,1500000.0,,,,043-61,,,1318 PAGE RD MIDLOTHIAN VA 23113,,updated=2024-08-22
pec,Wise County,PEC-WIS-0001A,DP Facilities: Mineral Gap,DP FACILITIES INC SOUTH LLC,Proposed,200000.0,45.0,,,10852,,,5978 WINDSWEPT BLVD,,updated=2024-04-10
pec,Stafford County,PEC-STA-0003,Blaisdell Property Data Center,TC Blaisdell of Delaware,Proposed,1480000.0,,,,53 1M,,,"Old Forge Drive, Fredricksburg",,updated=2025-04-28
pec,Stafford County,PEC-STA-0004,George Washington Village Data Center,Garrett Development Corporation,Proposed,7900000.0,,,,38 70,,,"Courthouse Rd/Interstate 95, Hartwood District",,updated=2025-04-28
pec,Stafford County,PEC-STA-0005,Accokeek Center,"A.I., INC",Proposed,520000.0,,,,38 96,,,RT 1/Interstate 95 South of Rappahannock Regional Jail,,updated=2025-04-28
pec,Stafford County,PEC-STA-0006,Austin Ridge Logisitics Center,NP AUSTIN RIDGE LLC,Proposed,1600000.0,,,,38 68,,,"End of Cedar Lane, Hartwood",,updated=2025-04-28
pec,Stafford County,PEC-STA-0007,Enon Road Technologies,ENON RD LLC,Proposed,2000000.0,,,,45 227,,,south of Enon Road near the intersection with Wyatt Lane,,updated=2025-04-28
pec,Stafford County,PEC-STA-0008,Cranes Corner Data Center,GAM 403 MOUNTAIN LLC,Proposed,900000.0,,,,46 10,,,"east of U.S. 1 and about 1,400 feet north of the Centreport Parkway intersection",,updated=2025-04-28
pec,Botetourt County,PEC-BOT-0001,Greenfield,Google,Proposed,,,,,88(26)3,,,"INTERNATIONAL PKWY DALEVILLE, VA 24083",,updated=2025-07-09
pec,Prince William County,PEC-PWM-0074,Wellington Road PRA,TPC WELLINGTON EAST LC,Proposed,370175.0,,,,7696-42-2354,,,8819 Wellington Rd,,updated=2025-07-11
pec,Prince William County,PEC-PWM-0079,PARSONS BUSINESS PARK LLC,PARSONS BUSINESS PARK LLC,Proposed,2628411.0,,,,7891-69-0322,,,14237 DUMFRIES RD,,updated=2025-07-11
pec,Prince William County,PEC-PWM-0081,Mid-County Industrial Park,Amazon Data Services,Proposed,664715.0,,,,7991-45-0874,,,14901 DUMFRIES RD,,updated=2026-03-19
pec,Prince William County,PEC-PWM-0084,Stoneview,8625 WELLINGTON ROAD LLC,Proposed,149558.0,,,,7696-23-5325,,,8625 Wellington Rd,,updated=2025-07-11
pec,Prince William County,PEC-PWM-0086,NVA05C,SDC Capital Partners,Proposed,,,,,7696-41-4699,,,"8860 WELLINGTON RD , MANASSAS, VA, 20109",,updated=2025-07-12
pec,Prince William County,PEC-PWM-0087,PROJECT INDUSTRY,INDUSTRIAL PARK COURT LLC,Proposed,1838000.0,,,,7496-59-2613,,,8001 INDUSTRIAL PARK CT,,updated=2025-07-12
pec,Prince William County,PEC-PWM-0088,9001 Hornbaker Rd,MJV ASSOCIATES LLC,Proposed,871518.0,,,,7596-81-5396,,,9001 HORNBAKER RD,,updated=2025-07-12
pec,Prince William County,PEC-PWM-0010,Project Well,Amazon Data Services Inc,Proposed,1341019.0,,,,7596-08-1375,,,6894 WELLINGTON RD,,updated=2026-04-30
pec,Prince William County,PEC-PWM-0023,Bristow Campus,STACK INFRASTRUCTURE,Proposed,540000.0,,,,7595-63-4137,,,11480 NOKESVILLE RD,,updated=2025-07-14
pec,Prince William County,PEC-PWM-0034,IRON MOUNTAIN DATA CENTERS LLC,IRON MOUNTAIN DATA CENTERS,Proposed,165428.0,,,,7596-55-9338,,,7729 WELLINGTON RD,,updated=2025-07-14
pec,Prince William County,PEC-PWM-0037,WELLINGTON GLEN TECHNOLOGY PARK,Amazon Data Services Inc,Proposed,673198.0,,,,7596-63-6606,,,11901 SUDLEY MANOR DR,,updated=2026-03-19
pec,Prince William County,PEC-PWM-0040,Manassas Point,MANASSAS DC OPERATING LLC,Proposed,1739350.0,,,,7596-79-3589,,,7816 BETHLEHEM RD,,updated=2025-07-14
pec,Prince William County,PEC-PWM-0071,NVA05A & NVA05B Proffer Amendment and Rezoning,STACK INFRASTRUCTURE,Proposed,814777.0,,,,7696-30-4783,,,9101 FREEDOM CENTER BLVD,,updated=2025-07-14
pec,Loudoun County,PEC-LDN-0087A,STACK NVA04,STACK INFRASTRUCTURE,Existing,371941.0,,,,062275493002,,,22285 LOCKRIDGE RD,,updated=2025-08-06
pec,Loudoun County,PEC-LDN-0087,STACK NVA04,STACK INFRASTRUCTURE,Existing,371211.0,,,,062275493003,,,22271 LOCKRIDGE RD,,updated=2025-08-06
pec,Loudoun County,PEC-LDN-0087B,STACK NVA04,STACK INFRASTRUCTURE,Proposed,371941.0,,,,062275493001,,,22295 LOCKRIDGE RD,,updated=2025-08-06
pec,Loudoun County,PEC-LDN-0111,AWS H&M Property,Amazon Data Services Inc,Existing,274000.0,,,,96183926000,,,25500 MEADOWDALE DR,,updated=2025-08-06
pec,Loudoun County,PEC-LDN-0111A,AWS H&M Property,Amazon Data Services Inc,Proposed,259000.0,,,,96183926000,,,25500 MEADOWDALE DR,,updated=2025-08-06
pec,Loudoun County,PEC-LDN-0111C,AWS H&M Property,Amazon Data Services Inc,Proposed,958000.0,,,,96183926000,,,25500 MEADOWDALE DR,,updated=2025-08-06
pec,Loudoun County,PEC-LDN-0111B,AWS H&M Property,Amazon Data Services Inc,Proposed,259000.0,,,,96183926000,,,25500 MEADOWDALE DR,,updated=2025-08-06
pec,Loudoun County,PEC-LDN-0117,Northwoods Property,Amazon Data Services Inc,Proposed,755090.0,,,,122207249000,,,43649 LIGHT SPEED PLZ,,updated=2025-08-06
pec,Loudoun County,PEC-LDN-0117A,Northwoods Property,Amazon Data Services Inc,Existing,263340.0,,,,122207249000,,,43649 LIGHT SPEED PLZ,,updated=2025-08-06
pec,Loudoun County,PEC-LDN-0109,IAD44,Digital Realty,Existing,784204.0,,,,92192834000,,,43704 EFFICIENCY DR,,updated=2025-08-06
pec,Loudoun County,PEC-LDN-0118,PROLOGIS-EXCHANGE 43461 OLD OX ROAD,Prologis,Existing,474570.0,,,,124299328000,,,23845 ERINS RUN DR,,updated=2025-08-06
pec,Loudoun County,PEC-LDN-0118A,Dulles Commerce,Prologis,Proposed,441175.0,,,,124398485000,,,23700 PEBBLE RUN PL,,updated=2025-08-06
pec,Loudoun County,PEC-LDN-0118B,PROLOGIS-EXCHANGE 43461 OLD OX ROAD,Prologis,Proposed,2023449.0,,,,124105978000,,,23965 CARTERS SCHOOL RD,,updated=2025-08-06
pec,Loudoun County,PEC-LDN-0150,Spring Valley Technology Park,SVTP Spring Valley LLC,Proposed,3483902.0,,,,241270467000,,,"22532 EVERGREEN MILLS RD , LEESBURG, VA, 20175",,updated=2025-08-06
pec,Loudoun County,PEC-LDN-0115,Vantage VA 3,VANTAGE DATA CENTERS,Proposed,2329165.0,,,,113372932000,,,19509 BELMONT RIDGE RD,,updated=2025-08-06
pec,Loudoun County,PEC-LDN-0115A,Vantage VA 3,VANTAGE DATA CENTERS,Existing,385398.0,,,,113272390000,,,43321 DATA DR,,updated=2025-08-06
pec,Loudoun County,PEC-LDN-0138,NVA06 Campus,STACK INFRASTRUCTURE,Existing,232886.0,48.0,,,234371847002,,,19275 COMPASS CREEK PKWY SE,,updated=2025-08-06
pec,Loudoun County,PEC-LDN-0138A,NVA06 Campus,STACK INFRASTRUCTURE,Existing,388150.0,24.0,,,234371847001,,,19265 COMPASS CREEK PKWY,,updated=2025-08-06
pec,Loudoun County,PEC-LDN-0127,WHEELER SURVEY COMPANY,WHEELER SURVEY COMPANY LLC,Existing,538565.0,,,,162176713000,,,24400 HOWLING ROOSTER LN,,updated=2025-08-06
pec,Loudoun County,PEC-LDN-0127A,WHEELER SURVEY COMPANY,WHEELER SURVEY COMPANY LLC,Proposed,353385.0,,,,162176713000,,,24400 HOWLING ROOSTER LN,,updated=2025-08-06
pec,Loudoun County,PEC-LDN-0151,JK TECHNOLOGY PARK #3,STONE SPRINGS LLC,Proposed,184080.0,,,,203295737000,,,24393 STONE SPRINGS BLVD,,updated=2025-08-06
pec,Loudoun County,PEC-LDN-0152,Allegro North Campus,YONDR JK 1 LLC,Proposed,1260000.0,,,,202285740000,,,"41567 BRIARFIELD LN , ALDIE, VA, 20105",,updated=2025-08-06
pec,Loudoun County,PEC-LDN-0175,BRAMBLETON SHREVEPORT SOUTH DATA CENTER,STACK INFRASTRUCTURE,Proposed,1317531.0,,,,161269137000,,,Evergreen Mills and Belmont Ridge Rd,,updated=2025-08-06
pec,Loudoun County,PEC-LDN-0153,Brambleton Business Campus Data Center,Amazon Data Services Inc,Proposed,936191.0,,,,161397058000,,,"42842 ARCOLA BLVD , ASHBURN",,updated=2025-08-06
pec,Loudoun County,PEC-LDN-0154,Farah-Naples Data Center,BROAD RUN HOLDINGS LLC,Proposed,100000.0,,,,124256520000,,,Loudoun County Parkway and Old Ox Road,,updated=2025-08-06
pec,Loudoun County,PEC-LDN-0119,NV-9 CYRUSONE,CyrusOne,Existing,525482.0,135.0,,,124369522000,,,43290 OLD OX RD,,updated=2025-08-06
pec,Loudoun County,PEC-LDN-0119A,NV-9 CYRUSONE,CyrusOne,Proposed,158696.0,,,,124369522000,,,43290 OLD OX RD,,updated=2025-08-06
pec,Loudoun County,PEC-LDN-0156,MERCURE BUSINESS PARK LOT 4A1B,Chuck Kuhn,Proposed,101579.0,,,,91482155000,,,"44122 MERCURE CIR , STERLING",,updated=2025-08-06
pec,Loudoun County,PEC-LDN-0159,GLENN DRIVE NORTH & SOUTH,Prologis,Proposed,1668261.0,,,,33179880000,,,"22815 GLENN DR 101 , STERLING, VA, 20164",,updated=2025-08-07
pec,Loudoun County,PEC-LDN-0161,108 CARPENTER DRIVE,CARPENTER DRIVE LLC/ CHARLES S KUHN,Proposed,52744.0,,,,33370100000,,,"108 CARPENTER DR , STERLING",,updated=2025-08-07
pec,Loudoun County,PEC-LDN-0162,IAD214,Amazon Data Services Inc,Existing,226456.0,,,,45195615000,,,22760 PACIFIC BLV,,updated=2025-08-07
pec,Loudoun County,PEC-LDN-0051,DCT DULLES DOWNS Land Bay B,DCT DULLES DOWNS LLC,Existing,143563.0,,,,45391908000,,,45220 PROLOGIS PLZ,,updated=2025-08-08
pec,Loudoun County,PEC-LDN-0051A,DCT DULLES DOWNS Land Bay B,DCT DULLES DOWNS LLC,Proposed,670953.0,,,,45391908000,,,22685 RELOCATION DR,,updated=2025-08-08
pec,Loudoun County,PEC-LDN-0047,DCT DULLES DOWNS Land Bay A,DCT DULLES DOWNS LLC,Existing,287460.0,,,,45282657000,,,45111 LOUDOUN DOWNS LN,,updated=2025-08-08
pec,Loudoun County,PEC-LDN-0047A,DCT DULLES DOWNS Land Bay A,DCT DULLES DOWNS LLC,Proposed,896837.0,,,,45282657000,,,45111 LOUDOUN DOWNS LN,,updated=2025-08-08
pec,Loudoun County,PEC-LDN-0164,DULLES DISTRIBUTION Landbay B,Prologis,Proposed,660000.0,,,,46275921000,,,"45085 OLD OX RD , STERLING",,updated=2025-08-08
pec,Loudoun County,PEC-LDN-0163,DULLES DISTRIBUTION Landbay A,Prologis,Proposed,305000.0,,,,46278993000,,,"45055 UNDERWOOD LN , STERLING, VA, 20166",,updated=2025-08-08
pec,Loudoun County,PEC-LDN-0042,Prologis NOVA 1,Prologis,Existing,256092.0,,,,045252512000,,,22675 DULLES SUMMIT CT,,updated=2025-08-08
pec,Loudoun County,PEC-LDN-0042A,DCT DULLES PHASE II,DCT DULLES PHASE II LLC,Existing,75800.0,,,,45254455000,,,22651 DULLES SUMMIT CT,,updated=2025-08-08
pec,Loudoun County,PEC-LDN-0165,VA 16,VANTAGE DATA CENTERS,Existing,255935.0,,,,44175589000,,,"22321 PACIFIC BLVD , STERLING",,updated=2025-08-08
pec,Loudoun County,PEC-LDN-0166,ME-DC Pacific,LOUDOUN TECHNOLOGY PARTNERS PROPERTY LLC,Proposed,589400.0,,,,44267923000,,,22255 PACIFIC BLVD,,updated=2025-08-08
pec,Loudoun County,PEC-LDN-0167,ASH1-BRODERICK DC2,QTS,Proposed,189890.0,,,,44155625000,,,22280 RANDOLPH DR,,updated=2025-08-08
pec,Loudoun County,PEC-LDN-0086,SDC ASHBURN I,SDC ASHBURN ALPHA I LLC,Existing,531592.0,,,,62159785000,,,44351 IMPORT PLZ,,updated=2025-08-10
pec,Loudoun County,PEC-LDN-0086A,SDC ASHBURN I,SDC ASHBURN ALPHA I LLC,Proposed,20000.0,,,,62159785000,,,44351 IMPORT PLZ,,updated=2025-08-10
pec,Loudoun County,PEC-LDN-0168,DARAB VENTURES SIX,CloudHQ,Proposed,1538288.0,,,,89496314001,,,22235 LOUDOUN COUNTY PKWY,,updated=2025-08-10
pec,Loudoun County,PEC-LDN-0170,CORSCALE VA2 BLDG 1,Corscale,Proposed,460000.0,,,,41398662000,,,45695 RUSSELL BRANCH PKWY,,updated=2025-08-10
pec,Loudoun County,PEC-LDN-0171,Thayer Road,"JK LAND HOLDINGS II LLC & GOELLER, KEVIN & GOELLER, RYAN",Proposed,305593.0,,,,30465708000,,,45564 THAYER RD,,updated=2025-08-10
pec,Loudoun County,PEC-LDN-0169,"STERLING VI, V",CyrusOne,Existing,1178308.0,,,,42394385003,,,21340 PACIFIC BLVD,,updated=2025-08-10
pec,Loudoun County,PEC-LDN-0172,RIDGETOP CENTER,Amazon Data Services Inc,Proposed,268339.0,,,,30306633000,,,21670 RIDGETOP CIR,,updated=2025-08-10
pec,Loudoun County,PEC-LDN-0173,HORSESHOE DRIVE,TA Realty,Proposed,481220.0,,,,30300991000,,,45925 HORSESHOE DR,,updated=2025-08-10
pec,Loudoun County,PEC-LDN-0174,Ashburn Data Center,SCOREBOARD LANDCO BORROWER LLC,Proposed,1176000.0,,,,42363888000,,,21300 COACH GIBBS DR,,updated=2025-08-10
pec,City of Fredericksburg,PEC-COF-0001,NEON AT CELEBRATE VIRGINIA SOUTH,STACK INFRASTRUCTURE,Proposed,,,,,7860-50-3126,,,3050 GORDON W SHELTON,,updated=2025-08-11
pec,Stafford County,PEC-STA-0009,Forest Lane Data Center,Real Estate Pursuits 2LC,Proposed,7068000.0,,,,59-70,,,South of Forest Lane,,updated=2025-08-11
pec,Stafford County,PEC-STA-0010,Sisson North,Real Estate Pursuits 2LC,Proposed,1140000.0,,,,59 75D,,,1301 KINGS HWY,,updated=2025-08-11
pec,Loudoun County,PEC-LDN-0155,MERCURE BUSINESS PARK LOTS 19 AND 20,Chuck Kuhn,Proposed,178648.0,,,,91490220000,,,"44083 MERCURE CIR , STERLING, VA, 20166",,updated=2025-08-06
pec,Loudoun County,PEC-LDN-0158,SHAW ROAD BUSINESS PARK,ICOV II SHAW ROAD OWNER LLC,Proposed,,,,,034372453000,,,22930 SHAW RD,,updated=2025-08-06
pec,Loudoun County,PEC-LDN-0060,ACC4 Digital Realty,Digital Realty,Existing,286865.0,,,,060178810000,,,44480 HASTINGS DR,,updated=2025-08-11
pec,Loudoun County,PEC-LDN-0060A,ACC11 Digital Realty,Digital Realty,Proposed,395829.0,,,,061373570000,,,Corner of Gresham and Waxpool,,updated=2025-08-11
pec,Loudoun County,PEC-LDN-0098,NTT Global Data Centers,NTT GLOBAL DATA CENTERS VA LLC,Existing,1376853.0,32.0,,,088407447000,,,44245 GIGABIT PLZ,,updated=2025-08-11
pec,Loudoun County,PEC-LDN-0098A,NTT Global Data Centers Building 7,NTT GLOBAL DATA CENTERS VA LLC,Existing,270856.0,,,,088407447000,,,44245 GIGABIT PLZ,,updated=2025-08-11
pec,Loudoun County,PEC-LDN-0098B,NTT Global Data Centers Building 9,NTT GLOBAL DATA CENTERS VA LLC,Proposed,220132.0,,,,088407447000,,,44245 GIGABIT PLZ,,updated=2025-08-11
pec,Loudoun County,PEC-LDN-0096,AID1 DataBank,GI TC ASHBURN LLC,Existing,146154.0,,,,088381788000,,,21625 RED RUM DR,,updated=2025-08-11
pec,Loudoun County,PEC-LDN-0096A,Parcel J at Ashburn Center,GI TC ASHBURN LLC,Proposed,154583.0,,,,088381788000,,,21625 RED RUM DR,,updated=2025-08-11
pec,Loudoun County,PEC-LDN-0176,CYRUSONE BROADLANDS DATA CENTER,CyrusOne,Proposed,784600.0,,,,154199491000,,,Belmont Road and Dulles Greenway,,updated=2025-08-11
pec,Loudoun County,PEC-LDN-0132A,PROJECT ASPEN,HAYDEN TECHNOLOGIES LLC,Proposed,324890.0,,,,194498227000,,,20491 GOOSE LANDING LN,,updated=2025-08-11
pec,Loudoun County,PEC-LDN-0130A,Project Celtic Phase 2,Google,Proposed,1190996.0,,,,193186982000,,,20649 ENERGY PARK DR,,updated=2025-08-11
pec,Loudoun County,PEC-LDN-0131,COMPASS DATACENTERS IAD I,Compass,Existing,551029.0,,,,194103673001,,,42247 THUNDERBALL DR,,updated=2025-08-11
pec,Loudoun County,PEC-LDN-0177,Cochran Mill Road,Twin Creeks LLC,Proposed,811129.0,,,,151494358000,,,42277 COCHRAN MILL RD,,updated=2025-08-11
pec,Loudoun County,PEC-LDN-0178,TELOS DATA CENTER,MARC SOLOMON,Proposed,180000.0,,,,083287772000,,,19886 ASHBURN RD,,updated=2025-08-11
pec,Caroline County,PEC-CAR-0012,CleanArc,"CleanArc Data Centers Operating, LLC",Proposed,490000.0,,,,53-A-64B,,,"18188 Bazaar Ave, Ruther Glen",,updated=2025-09-12
pec,Chesterfield County,PEC-CHE-0006,Project Peanut,Google,Proposed,855000.0,,,,8306513084,,,2700 Bermuda Hundred Road,,updated=2026-03-19
pec,Chesterfield County,PEC-CHE-0003,Project Loch,Google,Proposed,,,,,7.16706972e+14,,,751 WATKINS CENTRE PKWY,,updated=2025-09-12
pec,Fairfax County,PEC-FAX-0028,Plaza 500,Starwood Capital Group/Plaza 500 LLC,Proposed,461444.0,,,,0812 01 0007,,,"6295 Edsall Rd. Alexandria, VA 22312",,updated=2025-09-12
pec,King George County,PEC-KGE-0003,Dahlgren West,"Dahlgren Innovation Hub, LLC",Proposed,9000000.0,,,,17-24,,,"west of the intersection of Route 301 and Route 616, just up the road from the Chestnut Hill Loop",,updated=2025-07-17
pec,Fauquier County,PEC-FAQ-0011,Remington Innovation Campus,SDC Capital Partners,Proposed,2221560.0,,,,6888-99-6331-000,,,"11462 REMINGTON RD , REMINGTON, VA, 22734",,updated=2025-07-17
pec,King George County,PEC-KGE-0002,Green Energy Ventures Data Center,Green Energy Ventures LLC,Proposed,6500000.0,,,,21-49,,,Graves Corner Northwest of the intersection of Bloomsbury Road and Kings HWY,,updated=2025-07-17
pec,Loudoun County,PEC-LDN-0157,MERCURE BUSINESS PARK LOT 22,L22 LLC/ John Cox,Proposed,95658.0,,,,091493983000,,,"44211 MERCURE CIR , STERLING",,updated=2025-10-17
pec,Loudoun County,PEC-LDN-0179,Tuscarora Crossing Campus,Blackchamber Group,Proposed,701400.0,,,,150151774000,,,19560 CROSSTRAIL BLVD,,updated=2025-08-11
pec,Prince William County,PEC-PWM-0089,9720 Dean Drive,Amazon Data Services Inc,Proposed,250000.0,,,,101/ 02 00/ 55B,,,9720 Dean Drive and 9811 Nokesville Road,,updated=2025-11-19
pec,Prince William County,PEC-PWM-0003,Manassas Corporate Center MCC-7 PRA,CloudHQ,Proposed,1082231.0,,,,7694-87-2108,,,10101 HARRY J PARRISH BLVD,,updated=2026-03-19
pec,Prince William County,PEC-PWM-0090,Six Towers Industrial Park,Noble Terra LLC,Proposed,750974.0,,,,7892-60-4187,,,8030 Six Towers Rd,,updated=2025-12-01
pec,Wyth County,PEC-WYT-0001,Progress Park Data Center,Solis Arx,Proposed,,,,,,,,Peppers Ferry Road and E Lee Trinkle Lane,,updated=2025-12-19
pec,Loudoun County,PEC-LDN-0179,Oppidan,Oppidan Investment Company,Proposed,413000.0,,,,33392929000,,,22630 DAVIS DR,,updated=2026-02-28
pec,Frederick County,PEC-FRE-0002,Winchester Gateway LLC,Winchester Gateway LLC,Proposed,901419.0,,,,63-A-801,,,Apple Valley Rd,,updated=2026-02-28
pec,Loudoun County,PEC-LDN-0180,DULLES DESIGN DATA CENTER,PointOne LLC,Proposed,244400.0,,,,30155049000,,,45449 E SEVERN WAY,,updated=2026-02-28
pec,City of Petersburg,PEC-PET-0001,2233 Halifax Road,Warrenton Group,Proposed,870000.0,,,,76030800,,,2233 Halifax Road,,updated=2026-02-28
pec,Hanover County,PEC-HAN-0006,OLD RIDGE ROAD LLC,OLD RIDGE ROAD LLC,Proposed,,,,,7881-69-6763,,,10165 Old Ridge RD,,updated=2026-03-16
pec,Loudoun County,PEC-LDN-0181,George Washington University,Amazon Data Services Inc,Proposed,,,,,039168997000,,,44983 KNOLL SQ,,updated=2026-03-16
pec,Stafford County,PEC-STA-0011,Potomac Creek Campus,METTS LC,Proposed,975000.0,,,,38 126,,,South of Black Willow Pl,,updated=2026-03-16
pec,Stafford County,PEC-STA-0012,Eskimo Hill Tech Center,HUNTERS RIDGE LLC,Proposed,681800.0,,,,38 130,,,360 ESKIMO HILL RD,,updated=2026-03-16
pec,Stafford County,PEC-STA-0013,Centreport Gateway Pemberton Tech Center,STAFFORD PROPERTY OWNER LP,Proposed,577000.0,,,,37 25,,,385 MOUNTAIN VIEW RD,,updated=2026-03-16
pec,Stafford County,PEC-STA-0014,Vantage 4,VANTAGE DATA CENTERS,Proposed,929000.0,,,,37 30,,,225 CENTREPORT PKWY,,updated=2026-03-16
pec,Stafford County,PEC-STA-0015,Stafford One,STAFFORD ONE INVESTMENTS LLC,Proposed,474100.0,,,,46 1,,,Centreport Pkwy and Richmond Hwy,,updated=2026-03-16
pec,Pittsylvania County,PEC-PIT-0003,Southern Virginia Megasite at Berry Hill,STACK INFRASTRUCTURE,Proposed,,,,,1367-30-1931,,,3312 BERRY HILL RD,,updated=2026-03-19
pec,Caroline County,PEC-CAR-0013,SAC III,STACK INFRASTRUCTURE,Proposed,1500000.0,,,,83-A-83B1,,,WC Spratt Dr,,updated=2026-03-19
pec,Prince William County,PEC-PWM-0092,Wellington Glen Parcel K,WELLINGTON GLEN PHASE 2 LLC,Proposed,1801693.0,,,,7596-62-9148.00,,,8881 MIKE GARCIA DR,,updated=2026-03-19
pec,Louisa County,PEC-LOU-0003,Shannon Hill Regional Business Park,Edgecore,Proposed,3900000.0,1100.0,,,79 35,,,"Between Parrish Rd and Shannon Hill Road, North of 66",,updated=2026-03-20
pec,Caroline County,PEC-CAR-0004,Airlee Industrial and Data Center Site,AIRLEE DEVELOPMENT LLC,Proposed,1500000.0,,,,68-1-2,,,"Intersection of Rt. 1 and CCC Road, Ruther Glen, VA 22546",,updated=2025-07-16
pec,Caroline County,PEC-CAR-0005,ADP Ladysmith Data Hub,GOOD EARTH HORTICULTURE INC,Proposed,1600000.0,,,,53-A-65,,,"18577 GREEN RD, RUTHERFORD",,updated=2025-07-16
pec,Caroline County,PEC-CAR-0006,Caroline Center for Innovation,CARNEAL MELISSA W,Proposed,3000000.0,,,,84-A-6,,,23286 CARNEAL LN,,updated=2025-07-16
pec,Caroline County,PEC-CAR-0007,Carmel Technology & Enterprise Center,Q-FIVE INC,Proposed,5600000.0,,,,81-A-67,,,"Jericho Road, west of the intersection of Jericho Road, Rogers Clark Blvd. & U.S. Route 1",,updated=2025-07-16
pec,Caroline County,PEC-CAR-0008,Bull Church Data Center,"Mid Atlantic State Fund, LLC",Proposed,792000.0,,,,53-A-66,,,"Bull Church Road, east of I-95 near the Ladysmith interchange",,updated=2025-07-16
pec,Caroline County,PEC-CAR-0009,Thornberry Data Center Campus,"Thornberry, LLC",Proposed,3300000.0,,,,84-A-1,,,23202 Carneal Lane,,updated=2025-07-16
pec,Caroline County,PEC-CAR-0010,Caroline Center for Innovation - North,"CCCII CDEFG, LLC, Owner",Proposed,1500000.0,,,,83-A-83B1,,,"13039 Mickey's Wy, Ruther Glen, VA 22546",,updated=2025-07-16
pec,Caroline County,PEC-CAR-0011,Ladysmith Technology Park,"Mattan Ladysmith, LLC",Proposed,1684480.0,,,,52-A-129,,,"Ladysmith Road, northwest of I-95 & Ladysmith Road Intersection",,updated=2025-07-17
pec,Loudoun County,PEC-LDN-0056A,IAD3 Evoque Cyxtera,22995 WILDER COURT LLC,Existing,130400.0,,,,46368231000,,,22995 WILDER CT,,updated=2026-01-09
pec,Loudoun County,PEC-LDN-0116,Belmont Innovation Campus,LOUDOUN GC LLC,Proposed,1300000.0,,,,1.1436045300e+11,,,43121 GOOSE GLEN LN,,updated=2024-04-10
pec,Spotsylvania County,PEC-SPO-0007,Summit Technology Park,GAM Spotsylvania LLC,Proposed,2200000.0,,,,51-A-63,,,"2901 Summit Crossing RD Fredericksburg, VA",,updated=2025-07-18
pec,Spotsylvania County,PEC-SPO-0008,Gateway Commerce Center,"Four Points, LLC",Proposed,2200000.0,,,,3-A-3A,,,"5654 Hickory Ridge RD Spotsylvania, VA",,updated=2025-07-18
pec,Fluvanna County,PEC-FLU-0001,Fluvanna Data Center Site,US DELTA TIMBERLANDS LLC C/O F & W FORESTRY SERVICES,Proposed,,,,,59-7-3,,,"0 BREMO ROAD, BREMO BLUFF, VA 23022",,updated=2026-04-01
pec,Loudoun County,PEC-LDN-0182,FARKAS PROPERTY REZONING,Bernard Farkas,Proposed,,,,,2.3719986200e+11,,,Gulick Mill Road near Creek Bend Place,,updated=2026-04-24
pec,Fairfax County,PEC-FAX-0029,Vienna Cloud,Serverfarm,Proposed,316230.0,,,,0392 01 0013E,,,"7980 Quantum Dr, Tysons Corner",,updated=2026-04-30
pec,Frederick County,PEC-FRE-0003,Virginia Technology Park,Equus Capital Partners Ltd,Proposed,2350000.0,,,,33 A 90,,,"Rest Church Rd, Ruebuck Ln, west of 81",,updated=2026-04-30
pec,Hanover County,PEC-HAN-0007,VALCO Hanover County Four,VALCO,Proposed,2600000.0,900.0,,,7757-98-4106,,,"Winns Church Rd and Mountain Road, North of 295",,updated=2026-04-30
pec,Spotsylvania County,PEC-SPO-0009,Crossroads Technology Campus,"RCK DIGITAL CROSSROADS, LLC",Proposed,2278500.0,,,,37-A-20,,,"3215 EAGLE DR / 0 EAGLE DR / 0 BENCHMARK RD, Fredricksburg",,updated=2026-05-27
pec,Chesterfield County,PEC-CHE-0007,Old Bermuda Data Center,"Washington Single Family Fund3 LLC, Jacob Manevich",Proposed,792000.0,,,,8.0464741810e+14,,,1931 Old Bermuda Hundred Road,,updated=2026-05-27
pec,Chesterfield County,PEC-CHE-0008,Digital Drive,PowerHouse Data Centers,Proposed,422000.0,,,,8.2165575290e+14,,,"1551 Digital Drive, Chester, VA",,updated=2026-05-27
pec,Chesterfield County,PEC-CHE-0009,Project Gale,Tradeport 95 LLC,Proposed,2388160.0,,,,8.0066906760e+14,,,1250 BATTERY BROOKE PKWY,,updated=2026-05-27
pec,Loudoun County,PEC-LDN-0183,DULLES TECHNOLOGY PARK,Dulles Technology Park LLC,Proposed,979055.0,,,,33159716000,,,"Holiday Drive, Sterling",,updated=2026-06-01
pec,Wythe County,PEC-WYT-0002,TAC Data Center,TAC Data Centers,Proposed,4000000.0,1000.0,,,31-24,,,Oglesby Road and Interstate 81,,updated=2026-06-29
pec,Loudoun County,PEC-LDN-0184,ASHBROOK TECH CENTER,Amazon Data Services Inc,Proposed,535644.0,,,,83103527000,,,"Leesburg Pike, Ashburn Village Blvd, and Russell Branch Pkwy in Ashburn, VA 20147",,updated=2026-06-29
pec,Chesterfield County,PEC-CHE-0004,Project Skye,Google,Proposed,,,,,6.986840455e+14,,,4201 MOSELEY ROAD,,updated=2026-06-29
pec,Goochland County,PEC-GOO-0001,Tuckahoe Technology Park,Tract,Proposed,,900.0,,,63-14-0-A-0,,,"44 Cobblestone Circle and 70 Fleetwood Lane bounded to the west by Hockett Road, bounded to the east by Route 288, and bounded to the south by Patterson Avenue",,updated=2026-06-29
pec,Shenandoah County,PEC-SHE-0001,Project Tallmadge,Takanock,Proposed,2000000.0,180.0,,,,,,"North of John Marshall Hwy, bounded by I81 and railroad north of Borden Mowery Dr",,updated=2026-06-29
