meeting,page,need_number,needs_on_slide,substations,process_stage,driver,county,requesting_entity,mw,mw_basis,mw_all_values,in_service,is_data_center,text
20250107,3,DOM-2024-0018,DOM-2024-0018,Thicket,Solution Meeting,Customer Service,Henrico,DEV,,excluded_unanchored_mw,,,yes,TEAC – Dominion Supplemental 01/07/2025 Dominion Transmission Zone: Supplemental Customer Load Request Need Number: DOM-2024-0018 Process Stage: Solution Meeting 01/07/2025 Previously Presented: Need Meeting 07/09/2024 Project Driver: Customer Service Specific Assumption References: Customer load request will be evaluated per Dominion’s Facility Interconnection Requirements Document and Dominion’s
20250107,4,DOM-2024-0018,DOM-2024-0018 DOM-2022-0038-DNH,Thicket,Solution Meeting,Customer Service,,,,excluded_do_no_harm,,,,TEAC – Dominion Supplemental 01/07/2025 Dominion Transmission Zone: Supplemental Thicket 230kV Delivery - DEVNeed Number: DOM-2024-0018 Process Stage: Solution Meeting 01/07/2025 Project Driver: Customer Service Proposed Solution: Cut and loop future 230kV Line 2294 (Chickahominy to White Oak) in and out of proposed Thicket substation. Line 2294 to terminate in a 230kV six-breaker ring arrangement
20250107,5,DOM-2024-0020,DOM-2024-0020,Saltwood,Solution Meeting,Customer Service,Henrico,DEV,,excluded_unanchored_mw,,7/01/2027,yes,TEAC – Dominion Supplemental 01/07/2025 Dominion Transmission Zone: Supplemental Customer Load Request Need Number: DOM-2024-0020 Process Stage: Solution Meeting 01/07/2025 Previously Presented: Need Meeting 07/09/2024 Project Driver: Customer Service Specific Assumption References: Customer load request will be evaluated per Dominion’s Facility Interconnection Requirements Document and Dominion’s
20250107,6,DOM-2024-0020,DOM-2024-0020,Thicket | Saltwood,Solution Meeting,Customer Service,,,,,,,,TEAC – Dominion Supplemental 01/07/2025 Dominion Transmission Zone: Supplemental Saltwood 230kV Delivery - DEV Need Number: DOM-2024-0020 Process Stage: Solution Meeting 01/07/2025 Project Driver: Customer Service Proposed Solution: Extend two 230kV lines from proposed Thicket substation to proposed Saltwood substation. Lines to terminate in a 230kV six-breaker ring arrangement. Estimated Project 
20250107,7,DOM-2024-0040,DOM-2024-0040,Bunker,Solution Meeting,Customer Service,Henrico,DEV,,excluded_unanchored_mw,,,yes,TEAC – Dominion Supplemental 01/07/2024 Dominion Transmission Zone: Supplemental Customer Load Request Need Number: DOM-2024-0040 Process Stage: Solution Meeting 01/07/2025 Previously Presented: Need Meeting 08/06/2024 Project Driver: Customer Service Specific Assumption References: Customer load request will be evaluated per Dominion’s Facility Interconnection Requirements Document and Dominion’s
20250107,8,DOM-2024-0040,DOM-2024-0040,Thicket | Saltwood | Bunker,Solution Meeting,Customer Service,,,,,,,,TEAC – Dominion Supplemental 01/07/2024 Dominion Transmission Zone: Supplemental Bunker 230kV Delivery - DEV Need Number: DOM-2024-0040 Process Stage: Solution Meeting 01/07/2025 Project Driver: Customer Service Proposed Solution: Cut and loop future 230kV line between proposed Thicket substation and proposed Saltwood substation in and out of proposed Bunker substation. Lines to terminate in a 230
20250107,9,DOM-2024-0019,DOM-2024-0019,Gray Bark,Solution Meeting,Customer Service,Henrico,DEV,,excluded_unanchored_mw,,7/01/2027,yes,TEAC – Dominion Supplemental 01/07/2025 Dominion Transmission Zone: Supplemental Customer Load Request Need Number: DOM-2024-0019 Process Stage: Solution Meeting 01/07/2025 Previously Presented: Need Meeting 07/09/2024 Project Driver: Customer Service Specific Assumption References: Customer load request will be evaluated per Dominion’s Facility Interconnection Requirements Document and Dominion’s
20250107,10,DOM-2024-0019,DOM-2024-0019,Saltwood | Gray Bark,Solution Meeting,Customer Service,,,,,,,,TEAC – Dominion Supplemental 01/07/2025 Dominion Transmission Zone: Supplemental Gray Bark 230kV Delivery - DEV Need Number: DOM-2024-0019 Process Stage: Solution Meeting 01/07/2025 Project Driver: Customer Service Proposed Solution: Extend two 230kV lines from proposed Saltwood substation to proposed Gray Bark substation. Cut and loop existing 230kV Line 2091 (Chickahominy to Portugee) into Gray 
20250204,3,DOM-2024-0031,DOM-2024-0031,Duval,Solution Meeting,Customer Service,Chesterfield,DEV,,excluded_unanchored_mw,,5/01/2027,,TEAC – Dominion Supplemental 2/04/2025 Duval Sub 230kV Delivery Dominion Transmission Zone: Supplemental Customer Load Request Need Number: DOM-2024-0031 Process Stage: Solution Meeting 2/04/2024 Previously Presented: Need Meeting 04/30/2024 Project Driver: Customer Service Specific Assumption References: Customer load request will be evaluated per Dominion’s Facility Interconnection Requirements 
20250204,4,DOM-2024-0031,DOM-2024-0031,Midlothian | Duval | Winterpock,Solution Meeting,Customer Service,,,,,,,,TEAC – Dominion Supplemental 2/04/2025 Dominion Transmission Zone: Supplemental Duval 230kV Delivery - DEV Need Number: DOM-2024-0031 Process Stage: Solution Meeting 2/04/2025 Project Driver: Customer Service Proposed Solution: Connect the new substation by extending four new 230kV lines from Midlothian substation to proposed Duval substation. Lines to terminate in a 230kV six-breaker ring arrange
20250204,5,DOM-2024-0086,DOM-2024-0086,,Solution Meeting,,,,,,,,,"TEAC – Dominion Supplemental 2025 Dominion Transmission Zone: Supplemental Equipment Material Condition, Performance and Risk Need Number: DOM-2024-0086 Process Stage: Solution Meeting 02/04/2025 Previously Presented: Need Meeting 12/03/2024 Project Driver: Equipment Material Condition, Performance and Risk Specific Assumption References: See details on Equipment Material Condition, Performance an"
20250204,6,DOM-2024-0086,DOM-2024-0086,,Solutions Meeting,,,,,,,,,"TEAC – Dominion Supplemental 2025 Dominion Transmission Zone: Supplemental Replace Landstown TX#1 - DEVNeed Number: DOM-2024-0086 Process Stage: Solutions Meeting 02/04/2025 Proposed Solution: Replace Landstown TX#1 with a new three-phase, 230/115/13.2 kV, 224 MVA unit. Include other ancillary equipment (high side breaker, arresters, switches, relays, etc.) as needed. Estimated Project Cost: $5.1 "
20250204,7,DOM-2024-0087,DOM-2024-0087,,Solution Meeting,,,,,,,,,"TEAC – Dominion Supplemental 2025 Dominion Transmission Zone: Supplemental Equipment Material Condition, Performance and Risk Need Number: DOM-2024-0087 Process Stage: Solution Meeting 02/04/2025 Previously Presented: Need Meeting 12/03/2024 Project Driver: Equipment Material Condition, Performance and Risk Specific Assumption References: See details on Equipment Material Condition, Performance an"
20250204,8,DOM-2024-0087,DOM-2024-0087,,Solutions Meeting,,,,,,,,,"TEAC – Dominion Supplemental 2025 Dominion Transmission Zone: Supplemental Replace Landstown TX#2 - DEVNeed Number: DOM-2024-0087 Process Stage: Solutions Meeting 02/04/2025 Proposed Solution: Replace Landstown TX#2 with a new three-phase, 230/115/13.2 kV, 224 MVA unit. Include other ancillary equipment (high side breaker, arresters, switches, relays, etc.) as needed. Estimated Project Cost: $4.76"
20250204,9,DOM-2022-0034,DOM-2022-0034,,Solutions Meeting,Customer Service,,,,excluded_unanchored_mw,,06/01/2024,yes,TEAC – Dominion Supplemental 02/04/2025 Dominion Transmission Zone: Supplemental Customer Load Request Need Number: DOM-2022-0034 (Update) Process Stage: Solutions Meeting 02/04/2025 Previously Presented: Solution Meeting 09/06/2022 Project Driver: Customer Service Specific Assumption References: Customer load request will be evaluated per Dominion’s Facility Interconnection Requirements Document 
20250204,10,DOM-2022-0034,DOM-2022-0034,Mountain Run,Solutions Meeting,,,,,,,,,TEAC – Dominion Supplemental 02/04/2025 Dominion Transmission Zone: Supplemental Mountain Run 230kV Delivery - RECNeed Number: DOM-2022-0034 (Update) Process Stage: Solutions Meeting 02/04/2025 Proposed Solution: 1. Build a new switching station Kyser next to the existing Mountain Run substation. Construct Kyser to accommodate a 230-kV breaker and a half configuration with 2 rows initially install
20250204,11,DOM-2024-0085,DOM-2024-0085,,Solution Meeting,Customer Service,Culpeper,DEV,,excluded_unanchored_mw,,07/01/2028,yes,TEAC – Dominion Supplemental 02/04/2025 Dominion Transmission Zone: Supplemental Customer Load Request Need Number: DOM-2024-0085 Process Stage: Solution Meeting 02/04/2025 Previously Presented: Need Meeting 11/06/2024 Project Driver: Customer Service Specific Assumption References: Customer load request will be evaluated per Dominion’s Facility Interconnection Requirements Document and Dominion’s
20250204,12,DOM-2024-0085,DOM-2024-0085,Cirrus,Solution Meeting,,,,,,,,,TEAC – Dominion Supplemental 02/04/2025 Dominion Transmission Zone: Supplemental Palomino 230kV Delivery - DEVNeed Number: DOM-2024-0085 Process Stage: Solution Meeting 02/04/2025 Proposed Solution: Connect the new substation Palomino by extending a new double circuit 230kV feed from future Cirrus Substation. Lines to terminate in a 230kV six-breaker ring arrangement. Estimated Project Cost: $38.6
20250204,13,DOM-2024-0082,DOM-2024-0082,,Solution Meeting,Customer Service,Culpeper,DEV,,excluded_unanchored_mw,,10/15/2027,yes,TEAC – Dominion Supplemental 02/04/2025 Dominion Transmission Zone: Supplemental Customer Load Request Need Number: DOM-2024-0082 Process Stage: Solution Meeting 02/04/2025 Previously Presented: Need Meeting 11/06/2024 Project Driver: Customer Service Specific Assumption References: Customer load request will be evaluated per Dominion’s Facility Interconnection Requirements Document and Dominion’s
20250204,14,DOM-2024-0082,DOM-2024-0082,Palomino,Solutions Meeting,,,,,,,,,TEAC – Dominion Supplemental 02/04/2025 Dominion Transmission Zone: Supplemental Chandler 230kV Delivery - DEVNeed Number: DOM-2024-0082 Process Stage: Solutions Meeting 02/04/2025 Proposed Solution: Connect the new substation by extending a new double circuit 230kV feed from future Palomino Substation. Lines to terminate in a 230kV six-breaker ring arrangement. Estimated Project Cost: $20.8M • Su
20250204,15,DOM-2024-0083,DOM-2024-0083,,Solution Meeting,Customer Service,Culpeper,DEV,,excluded_unanchored_mw,,10/15/2027,yes,TEAC – Dominion Supplemental 02/04/2025 Dominion Transmission Zone: Supplemental Customer Load Request Need Number: DOM-2024-0083 Process Stage: Solution Meeting 02/04/2025 Previously Presented: Need Meeting 11/06/2024 Project Driver: Customer Service Specific Assumption References: Customer load request will be evaluated per Dominion’s Facility Interconnection Requirements Document and Dominion’s
20250204,16,DOM-2024-0083,DOM-2024-0083,Chandler,Solution Meeting,,,,,,,,,TEAC – Dominion Supplemental 02/04/2025 Dominion Transmission Zone: Supplemental McDevitt 230kV Delivery - DEVNeed Number: DOM-2024-0083 Process Stage: Solution Meeting 02/04/2025 Proposed Solution: Connect the new substation by extending a new double circuit 230kV feed from future Chandler Substation. Lines to terminate in a 230kV six-breaker ring arrangement. Estimated Project Cost: $19.8M • Sub
20250204,17,DOM-2024-0084,DOM-2024-0084,,Solution Meeting,Customer Service,Culpeper,DEV,,excluded_unanchored_mw,,01/01/2027,yes,TEAC – Dominion Supplemental 02/04/2025 Dominion Transmission Zone: Supplemental Customer Load Request Need Number: DOM-2024-0084 Process Stage: Solution Meeting 02/04/2025 Previously Presented: Need Meeting 11/06/2024 Project Driver: Customer Service Specific Assumption References: Customer load request will be evaluated per Dominion’s Facility Interconnection Requirements Document and Dominion’s
20250204,18,DOM-2024-0084,DOM-2024-0084,McDevitt,Solution Meeting,,,,,,,,,TEAC – Dominion Supplemental 02/04/2025 Dominion Transmission Zone: Supplemental Mt Pony 230kV Delivery - DEVNeed Number: DOM-2024-0084 Process Stage: Solution Meeting 02/04/2025 Proposed Solution: Connect the new substation by extending a new double circuit 230kV feed from future McDevitt Substation. Lines to terminate in a 230kV six-breaker ring arrangement. Estimated Project Cost: $39.8M • Subs
20250204,19,DOM-2024-0084-DNH,DOM-2024-0084-DNH,,Solution Meeting,Do-No-Harm analysis,Culpeper,,,excluded_do_no_harm,,,yes,TEAC – Dominion Supplemental 02/04/2025 Dominion Transmission Zone: Supplemental Do No Harm Analysis Need Number: DOM-2024-0084-DNH Process Stage: Solution Meeting 02/04/2025 Project Driver: Do-No-Harm analysis Specific Assumption References: Customer load request will be evaluated per Dominion’s Facility Interconnection Requirements Document and Dominion’s Transmission Planning Criteria. Problem 
20250204,20,DOM-2024-0084-DNH,DOM-2024-0084-DNH,,Solution Meeting,,,,,excluded_do_no_harm,,,,TEAC – Dominion Supplemental 02/04/2025 Dominion Transmission Zone: Supplemental Do No Harm Analysis Need Number: DOM-2024-0084-DNH Process Stage: Solution Meeting 02/04/2025 Proposed Solution: 1. Convert lines #2 and #1065 from Remington Sub to Potato Run and Potato Run to Oak Green Sub to 230kV 2. At Oak Green Sub – Expand the station and install a 230kV ring bus with 3 breakers (allow for futur
20250304,3,DOM-2025-0001,DOM-2025-0001,Trabue,Need Meeting,Customer Service,,DEV,,excluded_unanchored_mw,,,,TEAC - Dominion Supplemental 03/04/2025 Dominion Transmission Zone: Supplemental Customer Load Request Need Number: DOM-2025-0001 Process Stage: Need Meeting 03/04/2025 Project Driver: Customer Service Specific Assumption References: Customer load request will be evaluated per Dominion’s Facility Interconnection Requirements Document and Dominion’s Transmission Planning Criteria. Problem Statement
20250304,4,DOM-2025-0010,DOM-2025-0010,Enon,Need Meeting,Customer Service,,DEV,,excluded_unanchored_mw,,03/01/2028,,TEAC - Dominion Supplemental 03/04/2025 Dominion Transmission Zone: Supplemental Customer Load Request Need Number: DOM-2025-0010 Process Stage: Need Meeting 03/04/2025 Project Driver: Customer Service Specific Assumption References: Customer load request will be evaluated per Dominion’s Facility Interconnection Requirements Document and Dominion’s Transmission Planning Criteria. Problem Statement
20250304,6,DOM-2024-0025,DOM-2024-0025,Shawboro Switching | Elizabeth City,Solution Meeting,,,,,excluded_unanchored_mw,,,,"TEAC - Dominion Supplemental 03/04/2025 Dominion Transmission Zone: Supplemental Equipment Material Condition, Performance and Risk Need Number: DOM-2024-0025 Process Stage: Solution Meeting 03/04/2025 Previously Presented: Need Meeting 04/30/2024 Project Driver: Equipment Material Condition, Performance Risk Specific Assumption References: See details on Equipment Material Condition, Performance "
20250304,7,DOM-2024-0025,DOM-2024-0025,,Solution Meeting,,,,,,,,,TEAC - Dominion Supplemental 03/04/2025 Dominion Transmission Zone: Supplemental 230kV Line 2021 – EOL Rebuild Need Number: DOM-2024-0025 Process Stage: Solution Meeting 03/04/2025 Proposed Solution: Rebuild approximately 10.3 miles of Line 2021 between Shawboro and Elizabeth City to current 230kV standards. The normal rating of the line conductor will be 1573 MVA. Estimated Project Cost: $30.6M A
20250401,3,DOM-2025-0001,DOM-2025-0001,Trabue,Solution Meeting,Customer Service,,DEV,,excluded_unanchored_mw,,,,TEAC – Dominion Supplemental 04/01/2025 Dominion Transmission Zone: Supplemental Customer Load Request Need Number: DOM-2025-0001 Process Stage: Solution Meeting 04/01/2025 Previously Presented: Need Meeting 03/04/2025 Project Driver: Customer Service Specific Assumption References: Customer load request will be evaluated per Dominion’s Facility Interconnection Requirements Document and Dominion’s
20250401,4,DOM-2025-0001,DOM-2025-0001,Trabue,Solution Meeting,Customer Service,,,,excluded_unanchored_mw,,,,TEAC – Dominion Supplemental 04/01/2025 Dominion Transmission Zone: Supplemental Trabue 230kV Delivery - DEV Need Number: DOM-2025-0001 Process Stage: Solution Meeting 3/04/2025 Project Driver: Customer Service Proposed Solution: • Construct a four breaker 230kV ring bus at Trabue substation which is required by Dominion’s Facility Interconnection Requirements for substation loads in excess of 100
20250401,5,DOM-2025-0010,DOM-2025-0010,Enon,Solution Meeting,Customer Service,,DEV,,excluded_unanchored_mw,,03/01/2028,,TEAC – Dominion Supplemental 04/01/2025 Dominion Transmission Zone: Supplemental Customer Load Request Need Number: DOM-2025-0010 Process Stage: Solution Meeting 4/1/2024 Previously Presented: Need Meeting 3/4/2025 Project Driver: Customer Service Specific Assumption References: Customer load request will be evaluated per Dominion’s Facility Interconnection Requirements Document and Dominion’s Tra
20250401,6,DOM-2025-0010,DOM-2025-0010,,Solution Meeting,Customer Service,,,,,,,,"TEAC – Dominion Supplemental 04/01/2025 Dominion Transmission Zone: Supplemental Enon 230kV Delivery - DEV Need Number: DOM-2025-0010 Process Stage: Solution Meeting 4/01/2025 Project Driver: Customer Service Proposed Solution: • Install an 84 MVA transformer #3 and associated high side equipment Estimated Project Cost: Substation: $1.6M Alternatives Considered: None, work is at an existing substa"
20250401,7,DOM-2024-0012,DOM-2024-0012,,Solution Meeting,Customer Service,Caroline,ODEC,,excluded_unanchored_mw,,7/1/2027,yes,TEAC – Dominion Supplemental 04/01/2025 Dominion Transmission Zone: Supplemental Customer Load Request Need Number: DOM-2024-0012 Process Stage: Solution Meeting 4/01/2025 Previously Presented: Need Meeting 02/06/2024 Project Driver: Customer Service Specific Assumption References: Customer load request will be evaluated per Dominion’s Facility Interconnection Requirements Document and Dominion’s 
20250401,8,DOM-2024-0012,DOM-2024-0012,Ruther Glen,Solution Meeting,Customer Service,,,,,,,,TEAC – Dominion Supplemental 04/01/2025 Dominion Transmission Zone: Supplemental Ruther Glen 230kV Delivery - DEV Need Number: DOM-2024-0012 Process Stage: Solution Meeting 4/01/2025 Project Driver: Customer Service Proposed Solution: • Construct new Ruther Glen 230kV substation with 6 breaker ring bus configuration. • Cut existing 230kV Line 256 (Ladysmith CT to Four Rivers) and extend double cir
20250401,9,DOM-2023-0055,DOM-2023-0055,,Solution Meeting,Customer Service,Caroline,ODEC,,excluded_unanchored_mw,,7/1/2027,yes,TEAC – Dominion Supplemental 04/01/2025 Dominion Transmission Zone: Supplemental Customer Load Request Need Number: DOM-2023-0055 Process Stage: Solution Meeting 4/01/2025 Previously Presented: Need Meeting 12/05/2023 Project Driver: Customer Service Specific Assumption References: Customer load request will be evaluated per Dominion’s Facility Interconnection Requirements Document and Dominion’s 
20250401,10,DOM-2023-0055,DOM-2023-0055 DOM-2024-0012,Carmel Church,Solution Meeting,Customer Service,,,,,,,,TEAC – Dominion Supplemental 04/01/2025 Dominion Transmission Zone: Supplemental Carmel Church 230kV Delivery - DEV Need Number: DOM-2023-0055 Process Stage: Solution Meeting 4/01/2025 Project Driver: Customer Service Proposed Solution: • Construct new Carmel Church 230kV substation with 4 breaker ring bus configuration. • Cut existing 230kV Line 256 (Ladysmith CT to Four Rivers) and extend double
20250401,11,DOM-2023-0016,DOM-2023-0016,New Post,Solutions Meeting,Customer Service,Spotsylvania,,,excluded_unanchored_mw,,05/01/2025,yes,TEAC – Dominion Supplemental 04/01/2025 Dominion Transmission Zone: Supplemental Customer Load Request Need Number: DOM-2023-0016 Process Stage: Solutions Meeting 04/01/2025 Previously Presented: Need Meeting 03/07/2023 Project Driver: Customer Service Specific Assumption References: Customer load request will be evaluated per Dominion’s Facility Interconnection Requirements Document and Dominion’
20250401,12,DOM-2023-0016,DOM-2023-0016,,Solutions Meeting,,,,,,,,,TEAC – Dominion Supplemental 04/01/2025 Dominion Transmission Zone: Supplemental New Post 230kV Delivery - DEV Need Number: DOM-2023-0016 Process Stage: Solutions Meeting 10/08/2024 Proposed Solution: • Construct New Post 230 kV switching station with 4-breaker ring bus configuration. • Cut Line #2090 (Fredericksburg – Ladysmith CT) and extend double-circuit 230kV lines for approx. 0.3 miles to Ne
20250401,13,DOM-2023-0053,DOM-2023-0053,,Solutions Meeting,Customer Service,Spotsylvania,ODEC,,excluded_unanchored_mw,,10/01/2025,yes,TEAC – Dominion Supplemental 04/01/2025 Dominion Transmission Zone: Supplemental Need Number: DOM-2023-0053 Hunters Ridge Lee’s Hill Process Stage: Solutions Meeting 04/01/2025 Previously Presented: Need Meeting 12/05/2023 Project Driver: Customer Service Specific Assumption References: Customer load request will be evaluated per Dominion’s Facility Interconnection Requirements Document and Domini
20250401,14,DOM-2023-0053,DOM-2023-0053 DOM-2023-0016,,Solutions Meeting,,,,,,,,,TEAC – Dominion Supplemental 04/01/2025 Dominion Transmission Zone: Supplemental Lee’s Hill 230kV Delivery - DEV Need Number: DOM-2023-0053 Process Stage: Solutions Meeting 04/01/2025 Proposed Solution: • Construct Lee’s Hill 230 kV switching station with 4-breaker ring bus configuration. • Cut the existing 230kV Line from Fredericksburg to New Post and extend double-circuit 230kV lines for approx
20250401,15,DOM-2023-0016,DOM-2023-0016 DOM-2023-0053 DOM-2023-0055 DOM-2024-0012,,Solutions Meeting,Do No Harm Analysis,,,,excluded_do_no_harm,,,,"TEAC – Dominion Supplemental 04/01/2025 Dominion Transmission Zone: Supplemental Do No Harm AnalysisNeed Number: DOM-2023-0016, 0053, 0055, 2024-0012 - DNH Meeting Date: 04/01/2025 Process Stage: Solutions Meeting 04/01/2025 Supplemental Project Driver: Do No Harm Analysis Specific Assumption Reference: Customer load request will be evaluated per Dominion’s Facility Interconnections Requirements D"
20250401,16,DOM-2023-0016,DOM-2023-0016,,Solutions Meeting,,,,,excluded_do_no_harm,,,,"TEAC – Dominion Supplemental 04/01/2025 Need Number: DOM-2023-0016, 0053, 0055, 2024-0012 - DNH Meeting Date: 04/01/2025 Process Stage: Solutions Meeting 04/01/2025 Proposed Solution - Phase1 (01/2028): 1. Rebuild approximately 6.5 miles of the existing 230kV Line #2090 between Summit DP and Fredericksburg Sub with double-circuit structures using a higher capacity conductor and associated substati"
20250506,3,DOM-2025-0020,DOM-2025-0020,,Need Meeting,Customer Service,,,,excluded_unanchored_mw,,,yes,TEAC– Dominion Supplemental 05/06/2025 Dominion Transmission Zone: Supplemental Customer Load Request Need Number: DOM-2025-0020 Process Stage: Need Meeting 05/06/2025 Project Driver: Customer Service Specific Assumption References: Customer load request will be evaluated per Dominion’s Facility Interconnection Requirements Document and Dominion’s Transmission Planning Criteria. Problem Statement:
20250506,4,DOM-2024-0044,DOM-2024-0044,Trigon,Need Meeting,Customer Service,Chesterfield,DEV,,excluded_unanchored_mw,,12/1/2030,yes,TEAC– Dominion Supplemental 05/06/2025 Dominion Transmission Zone: Supplemental Customer Load Request Need Number: DOM-2024-0044 Process Stage: Need Meeting 05/06/2025 Project Driver: Customer Service Specific Assumption References: Customer load request will be evaluated per Dominion’s Facility Interconnection Requirements Document and Dominion’s Transmission Planning Criteria. Problem Statement:
20250506,5,DOM-2025-0023,DOM-2025-0023,Parham,Need Meeting,Customer Service,Hanover,DEV,,excluded_unanchored_mw,,,,TEAC– Dominion Supplemental 05/06/2025 Dominion Transmission Zone: Supplemental Customer Load Request Need Number: DOM-2025-0023 Process Stage: Need Meeting 05/06/2025 Project Driver: Customer Service Specific Assumption References: Customer load request will be evaluated per Dominion’s Facility Interconnection Requirements Document and Dominion’s Transmission Planning Criteria. Problem Statement:
20250506,7,DOM-2024-0018,DOM-2024-0018,,Solutions Meeting,Do No Harm Analysis,,,,excluded_do_no_harm,,,,"TEAC– Dominion Supplemental 05/06/2025 Dominion Transmission Zone: Supplemental Do No Harm Analysis Need Number: DOM-2024-0018, 0019, 0020, 0040 - DNH Process Stage: Solutions Meeting 05/06/2025 – Do No Harm Previously Presented Solutions – 06/04/2024 and 12/03/2024 Supplemental Project Driver: Do No Harm Analysis Specific Assumption Reference: Customer load request will be evaluated per Dominion’"
20250506,8,DOM-2024-0018,DOM-2024-0018 DOM-2022-0038-DNH DOM-2024-0019 DOM-2024-0020 DOM-2024-0040,White Oak | Chickahominy,Solutions Meeting,,,,,excluded_do_no_harm,,,,"TEAC– Dominion Supplemental 05/06/2025 Need Number: DOM-2024-0018, 0019, 0020, 0040 - DNH Process Stage: Solutions Meeting 05/06/2025 Proposed Solutions: • The majority of Line #286 structures date back to the 1940s and 70s. Rebuild approximately 13.7 miles of existing 230kV Line #286 between Techpark Place and Darbytown. The majority of Line #286 shares structures with other lines, so rebuild wit"
20250506,9,DOM-2024-0023,DOM-2024-0023,Meadowville | Sycamore Springs | Hopewell | Carson | Clubhouse,Do No Harm Solution Meeting,Do No Harm Analysis – Meadowville,,,,excluded_do_no_harm,,,,TEAC– Dominion Supplemental 05/06/2025 Dominion Transmission Zone: Supplemental Do No Harm Analysis Need Number: DOM-2024-0023 - DNH Process Stage: Do No Harm Solution Meeting 05/06/2025 Previously Presented: Solution Meeting 12/03/2024 Project Driver: Do No Harm Analysis – Meadowville Specific Assumption References: Customer load request will be evaluated per Dominion’s Facility Interconnection R
20250506,10,DOM-2024-0023,DOM-2024-0023,Sycamore Springs | Hopewell | Carson | Clubhouse,Solution Meeting,Do No Harm – Meadowville,,,,excluded_do_no_harm,,,,TEAC– Dominion Supplemental 05/06/2025 Need Number: DOM-2024-0023 - DNH Process Stage: Solution Meeting 05/06/2025 Project Driver: Do No Harm – Meadowville Proposed Solution: • Reconductor 5.5 miles of existing Lines 211 and 228 from future Sycamore Springs substation to existing Hopewell substation with new 230kV conductor to bring the normal summer rating to 1573 MVA. • Rebuild 28 miles of exist
20250506,11,DOM-2024-0052,DOM-2024-0052 DOM-2024-0054,,Solution Meeting,Customer Service,Mecklenburg,,,excluded_unanchored_mw,,12/01/2028,yes,TEAC– Dominion Supplemental 05/06/2025 Dominion Transmission Zone: Supplemental Customer Load Request Need Number: DOM-2024-0052 DOM-2024-0054 Process Stage: Solution Meeting 05/06/2025 Previously Presented: Need Meeting 07/09/2024 Project Driver: Customer Service Specific Assumption References: Customer load request will be evaluated per Dominion’s Facility Interconnection Requirements Document a
20250506,12,DOM-2024-0054,DOM-2024-0054,,Solutions Meeting,,,,,,,,,"TEAC– Dominion Supplemental 05/06/2025 Dominion Transmission Zone: Supplemental Nebula 230kV Delivery - MEC Need Number: DOM-2024-0054 Process Stage: Solutions Meeting 05/06/2025 Proposed Solution: • A new 230kV line from Cloud to Raines was selected in the PJM 2024 Window 1 and assigned baseline numbers b4000.331, 332 and 333 • Cut, re-route approximately 0.9 mile and loop the future 230kV line #"
20250506,13,DOM-2024-0063-DNH,DOM-2024-0063-DNH DOM-2024-0063,,Solutions Meeting,Do No Harm Analysis,,,,excluded_do_no_harm,,,,TEAC– Dominion Supplemental 05/06/2025 Dominion Transmission Zone: Supplemental Do No Harm Analysis Need Number: DOM-2024-0063-DNH Process Stage: Solutions Meeting 05/06/2025 Project Driver: Do No Harm Analysis Specific Assumption References: Customer load request will be evaluated per Dominion’s Facility Interconnection Requirements Document and Dominion’s Transmission Planning Criteria. Problem 
20250506,14,DOM-2024-0063-DNH,DOM-2024-0063-DNH,Vint Hill,Solutions Meeting,,,,,excluded_do_no_harm,,,,TEAC– Dominion Supplemental 05/06/2025 Dominion Transmission Zone: Supplemental Do No Harm AnalysisNeed Number: DOM-2024-0063-DNH Process Stage: Solutions Meeting 05/06/2025 Proposed Solution: • String (1) 230 kV transmission line on shared tower structures for approximately 7.0 miles from Devlin to Vint Hill Substation with a minimum summer normal conductor rating of 1572 MVA. • The 230 kV circui
20250605,3,DOM-2025-0028,DOM-2025-0028,,TEAC Meeting,Operational Flexibility and Efficiency,,,,,,,,TEAC – Dominion Supplemental 06/05/2025 Dominion Transmission Zone: Supplemental Operational Flexibility and EfficiencyNeed Number: DOM-2025-0028 Process Stage: TEAC Meeting 06/05/2025 Project Driver: Operational Flexibility and Efficiency Specific Assumption References: See details on Operational Flexibility and Efficiency in Dominion’s Planning Assumptions presented in December 2024. Problem Sta
20250605,4,DOM-2025-0026,DOM-2025-0026,Providence Forge | Turner,Need Meeting,,,,,,,,,"TEAC – Dominion Supplemental 06/05/2025 Dominion Transmission Zone: Supplemental Equipment Material Condition, Performance and RiskNeed Number: DOM-2025-0026 Process Stage: Need Meeting 06/05/2025 Project Driver: Equipment Material Condition, Performance Risk Specific Assumption References: See details on Equipment Material Condition, Performance and Risk in Dominion’s Planning Assumptions present"
20250605,6,DOM-2024-0009,DOM-2024-0009,,Solutions Meeting,Customer Service,,ODEC,,excluded_unanchored_mw,,05/31/2025,yes,TEAC – Dominion Supplemental 06/05/2025 Dominion Transmission Zone: Supplemental Customer Load Request Need Number: DOM-2024-0009 Process Stage: Solutions Meeting 06/05/2025 Previously Presented: Need Meeting 02/06/2024 Project Driver: Customer Service Specific Assumption References: Customer load request will be evaluated per Dominion’s Facility Interconnection Requirements Document and Dominion’
20250605,7,DOM-2024-0009,DOM-2024-0009,,Solutions Meeting,,,,,,,,,TEAC – Dominion Supplemental 06/05/2025 Dominion Transmission Zone: Supplemental Tributary 230kV Delivery - REC Need Number: DOM-2024-0009 Process Stage: Solutions Meeting 06/05/2025 Proposed Solution: • Construct Tributary 230 kV switching station with a 4-breaker ring bus configuration. • Cut Line #2090 (New Post – Ladysmith CT) and extend double-circuit 230kV lines for approx. 2.4 miles to Trib
20250605,8,DOM-2023-0002,DOM-2023-0002,Reed Farm,Solutions Meeting,Customer Service,Loudoun,NOVEC,,excluded_unanchored_mw,,9/30/2026,,TEAC – Dominion Supplemental 06/05/2025 Dominion Transmission Zone: Supplemental Customer Load Request Need Number: DOM-2023-0002 Process Stage: Solutions Meeting 06/05/2025 Previously Presented: Need Meeting 02/07/2023 Project Driver: Customer Service Specific Assumption References: Customer load request will be evaluated per Dominion’s Facility Interconnection Requirements Document and Dominion’
20250605,9,DOM-2023-0002,DOM-2023-0002,Reed Farm,Solutions Meeting,,,,,,,,,TEAC – Dominion Supplemental 06/05/2025 Dominion Transmission Zone: Supplemental South Fork 230kV Delivery - NOVEC Need Number: DOM-2023-0002 Process Stage: Solutions Meeting 06/05/2025 Proposed Solution: Interconnect the new substation by cutting and extending Line #2094 (Racefield - Loudoun) approximately 0.2 mile to the proposed Reed Farm Substation. Lines to terminate in a 230kV four-breaker r
20250605,10,DOM-2024-0051,DOM-2024-0051,,Solution Meeting,Operational Flexibility and Efficiency,,,,excluded_unanchored_mw,,,yes,TEAC – Dominion Supplemental 06/05/2025 Dominion Transmission Zone: Supplemental Operational Flexibility and EfficiencyNeed Number: DOM-2024-0051 Process Stage: Solution Meeting 06/05/2025 Previously Presented: Need Meeting 08/06/2024 Project Driver: Operational Flexibility and Efficiency Specific Assumption References: See details on Operational Flexibility and Efficiency in Dominion’s Planning A
20250605,11,DOM-2024-0051,DOM-2024-0051,,Solution Meeting,Operational Flexibility and Efficiency,,,,,,,,TEAC – Dominion Supplemental 06/05/2025 Dominion Transmission Zone: Supplemental Operational Flexibility and Efficiency Need Number: DOM-2024-0051 Process Stage: Solution Meeting 06/05/2025 Project Driver: Operational Flexibility and Efficiency Specific Assumption References: See details on Operational Flexibility and Efficiency in Dominion’s Planning Assumptions presented in December 2023. Proble
20250605,12,DOM-2024-0051,DOM-2024-0051 DOM-2023-0016,,Solution Meeting,Operational Flexibility and Efficiency,,,,excluded_do_no_harm,,,,"TEAC – Dominion Supplemental 06/05/2025 Dominion Transmission Zone: Supplemental Operational Flexibility and Efficiency Need Number: DOM-2024-0051 Process Stage: Solution Meeting 06/05/2025 Project Driver: Operational Flexibility and Efficiency Proposed Solution 1 – Previously presented Do No Harm supplemental project DOM-2023-0016, 0053, 0055, 2024-0012 will wreck and rebuild 230kV line 256/2032 "
20250708,3,DOM-2025-0026,DOM-2025-0026,Providence Forge | Turner,Solution Meeting,,,,,,,,,"TEAC – Dominion Supplemental 07/08/2025 Dominion Transmission Zone: Supplemental Equipment Material Condition, Performance and RiskNeed Number: DOM-2025-0026 Process Stage: Solution Meeting 07/08/2025 Previously Presented: Need Meeting 06/05/2025 Project Driver: Equipment Material Condition, Performance Risk Specific Assumption References: See details on Equipment Material Condition, Performance a"
20250708,4,DOM-2025-0026,DOM-2025-0026,,Solution Meeting,,,,,,,,,"TEAC – Dominion Supplemental 07/08/2025 Dominion Transmission Zone: Supplemental Lines #92, #287, and #2129 EOL Rebuild Need Number: DOM-2025-0026 Process Stage: Solution Meeting 07/08/2025 Project Driver: Equipment Material Condition, Performance Risk Proposed Solution: Rebuild approximately 30 miles of Line 92 from Chesterfield to Lanexa to current 230kV standards but will operate at 115 kV. Reb"
20251008,3,DOM-2025-0032,DOM-2025-0032,Mudd Tavern,Need Meeting,Customer Service,Caroline,,300.0,stated_load,,8/1/2029,yes,TEAC – Dominion Supplemental 10/08/2025 Dominion Transmission Zone: Supplemental Customer Load Request Need Number: DOM-2025-0032 Process Stage: Need Meeting 10/8/2025 Project Driver: Customer Service Specific Assumption References: Customer load request will be evaluated per Dominion’s Facility Interconnection Requirements Document and Dominion’s Transmission Planning Criteria. Problem Statement:
20251008,4,DOM-2025-0054,DOM-2025-0054,West Creek,Need Meeting,Customer Service,Goochland,DEV,100.0,stated_load,,1/2/2029,,TEAC – Dominion Supplemental 10/08/2025 Dominion Transmission Zone: Supplemental Customer Load Request Need Number: DOM-2025-0054 Process Stage: Need Meeting 10/08/2025 Project Driver: Customer Service Specific Assumption References: Customer load request will be evaluated per Dominion’s Facility Interconnection Requirements Document and Dominion’s Transmission Planning Criteria. Problem Statement
20251008,5,DOM-2025-0042,DOM-2025-0042,Sky Lark,Need Meeting,Customer Service,Prince William,NOVEC,202.0,stated_load,,12/31/2030,yes,TEAC – Dominion Supplemental 10/08/2025 Dominion Transmission Zone: Supplemental Customer Load Request Need Number: DOM-2025-0042 Process Stage: Need Meeting 10/08/2025 Project Driver: Customer Service Specific Assumption References: Customer load request will be evaluated per Dominion’s Facility Interconnection Requirements Document and Dominion’s Transmission Planning Criteria. Problem Statement
20251008,6,DOM-2025-0043,DOM-2025-0043,Diamond Hill,Need Meeting,Customer Service,Prince William,NOVEC,300.0,stated_load,,12/01/2031,yes,TEAC – Dominion Supplemental 10/08/2025 Dominion Transmission Zone: Supplemental Customer Load Request Need Number: DOM-2025-0043 Process Stage: Need Meeting 10/08/2025 Project Driver: Customer Service Specific Assumption References: Customer load request will be evaluated per Dominion’s Facility Interconnection Requirements Document and Dominion’s Transmission Planning Criteria. Problem Statement
20251008,7,DOM-2025-0044,DOM-2025-0044,Javelin,Need Meeting,Customer Service,Prince William,NOVEC,168.0,stated_load,,12/31/2030,yes,TEAC – Dominion Supplemental 10/08/2025 Dominion Transmission Zone: Supplemental Customer Load Request Need Number: DOM-2025-0044 Process Stage: Need Meeting 10/08/2025 Project Driver: Customer Service Specific Assumption References: Customer load request will be evaluated per Dominion’s Facility Interconnection Requirements Document and Dominion’s Transmission Planning Criteria. Problem Statement
20251008,8,DOM-2025-0045,DOM-2025-0045,Antique,Need Meeting,Customer Service,Prince William,,70.0,stated_load,,12/31/2030,yes,TEAC – Dominion Supplemental 10/08/2025 Dominion Transmission Zone: Supplemental Customer Load Request Need Number: DOM-2025-0045 Process Stage: Need Meeting 10/08/2025 Project Driver: Customer Service Specific Assumption References: Customer load request will be evaluated per Dominion’s Facility Interconnection Requirements Document and Dominion’s Transmission Planning Criteria. Problem Statement
20251008,9,DOM-2025-0047,DOM-2025-0047,Acadian,Need Meeting,Customer Service,Prince William,,30.0,stated_load,,12/31/2030,yes,TEAC – Dominion Supplemental 10/08/2025 Dominion Transmission Zone: Supplemental Customer Load Request Need Number: DOM-2025-0047 Process Stage: Need Meeting 10/08/2025 Project Driver: Customer Service Specific Assumption References: Customer load request will be evaluated per Dominion’s Facility Interconnection Requirements Document and Dominion’s Transmission Planning Criteria. Problem Statement
20251008,10,DOM-2025-0050,DOM-2025-0050,Artemis,Need Meeting,Customer Service,Prince William,NOVEC,300.0,stated_load,,12/30/2031,yes,TEAC – Dominion Supplemental 10/08/2025 Dominion Transmission Zone: Supplemental Customer Load Request Need Number: DOM-2025-0050 Process Stage: Need Meeting 10/08/2025 Project Driver: Customer Service Specific Assumption References: Customer load request will be evaluated per Dominion’s Facility Interconnection Requirements Document and Dominion’s Transmission Planning Criteria. Problem Statement
20251008,11,DOM-2025-0055,DOM-2025-0055,Hera,Need Meeting,Customer Service,Prince William,NOVEC,300.0,stated_load,,12/30/2031,yes,TEAC – Dominion Supplemental 10/08/2025 Dominion Transmission Zone: Supplemental Customer Load Request Need Number: DOM-2025-0055 Process Stage: Need Meeting 10/08/2025 Project Driver: Customer Service Specific Assumption References: Customer load request will be evaluated per Dominion’s Facility Interconnection Requirements Document and Dominion’s Transmission Planning Criteria. Problem Statement
20251008,12,DOM-2025-0056,DOM-2025-0056,Atlas,Need Meeting,Customer Service,Prince William,DEV,300.0,stated_load,,12/31/2030,,TEAC – Dominion Supplemental 10/08/2025 Dominion Transmission Zone: Supplemental Customer Load Request Need Number: DOM-2025-0056 Process Stage: Need Meeting 10/08/2025 Project Driver: Customer Service Specific Assumption References: Customer load request will be evaluated per Dominion’s Facility Interconnection Requirements Document and Dominion’s Transmission Planning Criteria. Problem Statement
20251008,13,DOM-2025-0057,DOM-2025-0057,Nero,Need Meeting,Customer Service,Prince William,NOVEC,300.0,stated_load,,12/30/2030,yes,TEAC – Dominion Supplemental 10/08/2025 Dominion Transmission Zone: Supplemental Customer Load Request Need Number: DOM-2025-0057 Process Stage: Need Meeting 10/08/2025 Project Driver: Customer Service Specific Assumption References: Customer load request will be evaluated per Dominion’s Facility Interconnection Requirements Document and Dominion’s Transmission Planning Criteria. Problem Statement
20251008,14,DOM-2025-0068,DOM-2025-0068,Caesar,Need Meeting,Customer Service,Prince William,NOVEC,300.0,stated_load,,12/30/2030,yes,TEAC – Dominion Supplemental 10/08/2025 Dominion Transmission Zone: Supplemental Customer Load Request Need Number: DOM-2025-0068 Process Stage: Need Meeting 10/08/2025 Project Driver: Customer Service Specific Assumption References: Customer load request will be evaluated per Dominion’s Facility Interconnection Requirements Document and Dominion’s Transmission Planning Criteria. Problem Statement
20251008,15,DOM-2025-0061,DOM-2025-0061,Phobos,Need Meeting,Customer Service,Loudoun,NOVEC,300.0,stated_load,,12/01/2029,yes,TEAC – Dominion Supplemental 10/08/2025 Dominion Transmission Zone: Supplemental Customer Load Request Need Number: DOM-2025-0061 Process Stage: Need Meeting 10/08/2025 Project Driver: Customer Service Specific Assumption References: Customer load request will be evaluated per Dominion’s Facility Interconnection Requirements Document and Dominion’s Transmission Planning Criteria. Problem Statement
20251008,16,DOM-2025-0062,DOM-2025-0062,Deimos,Need Meeting,Customer Service,Loudoun,NOVEC,240.0,stated_load,,12/01/2029,yes,TEAC – Dominion Supplemental 10/08/2025 Dominion Transmission Zone: Supplemental Customer Load Request Need Number: DOM-2025-0062 Process Stage: Need Meeting 10/08/2025 Project Driver: Customer Service Specific Assumption References: Customer load request will be evaluated per Dominion’s Facility Interconnection Requirements Document and Dominion’s Transmission Planning Criteria. Problem Statement
20251008,17,DOM-2025-0063,DOM-2025-0063,Lenticular,Need Meeting,Customer Service,Loudoun,DEV,290.0,stated_load,,12/31/2029,yes,TEAC – Dominion Supplemental 10/08/2025 Dominion Transmission Zone: Supplemental Customer Load Request Need Number: DOM-2025-0063 Process Stage: Need Meeting 10/08/2025 Project Driver: Customer Service Specific Assumption References: Customer load request will be evaluated per Dominion’s Facility Interconnection Requirements Document and Dominion’s Transmission Planning Criteria. Problem Statement
20251008,18,DOM-2025-0064,DOM-2025-0064,Fractus,Need Meeting,Customer Service,Loudoun,DEV,244.0,stated_load,,06/19/2029,yes,TEAC – Dominion Supplemental 10/08/2025 Dominion Transmission Zone: Supplemental Customer Load Request Need Number: DOM-2025-0064 Process Stage: Need Meeting 10/08/2025 Project Driver: Customer Service Specific Assumption References: Customer load request will be evaluated per Dominion’s Facility Interconnection Requirements Document and Dominion’s Transmission Planning Criteria. Problem Statement
20251008,19,DOM-2025-0065,DOM-2025-0065,Radar,Need Meeting,Customer Service,Loudoun,DEV,168.0,stated_load,,05/30/2030,yes,TEAC – Dominion Supplemental 10/08/2025 Dominion Transmission Zone: Supplemental Customer Load Request Need Number: DOM-2025-0065 Process Stage: Need Meeting 10/08/2025 Project Driver: Customer Service Specific Assumption References: Customer load request will be evaluated per Dominion’s Facility Interconnection Requirements Document and Dominion’s Transmission Planning Criteria. Problem Statement
20251008,20,DOM-2025-0066,DOM-2025-0066,Celtic,Need Meeting,Customer Service,Loudoun,NOVEC,117.0,stated_load,,12/30/2030,yes,TEAC – Dominion Supplemental 10/08/2025 Dominion Transmission Zone: Supplemental Customer Load Request Need Number: DOM-2025-0066 Process Stage: Need Meeting 10/08/2025 Project Driver: Customer Service Specific Assumption References: Customer load request will be evaluated per Dominion’s Facility Interconnection Requirements Document and Dominion’s Transmission Planning Criteria. Problem Statement
20251008,21,DOM-2025-0069,DOM-2025-0069,Summerhouse,Need Meeting,Customer Service,Loudoun,DEV,280.0,stated_load,,12/31/2030,,TEAC – Dominion Supplemental 10/08/2025 Dominion Transmission Zone: Supplemental Customer Load Request Need Number: DOM-2025-0069 Process Stage: Need Meeting 10/08/2025 Project Driver: Customer Service Specific Assumption References: Customer load request will be evaluated per Dominion’s Facility Interconnection Requirements Document and Dominion’s Transmission Planning Criteria. Problem Statement
20251008,22,DOM-2025-0070,DOM-2025-0070,,Need Meeting,Customer Service,Culpeper,REC,300.0,stated_load,,05/01/2028,yes,TEAC – Dominion Supplemental 10/08/2025 Dominion Transmission Zone: Supplemental Customer Load Request Need Number: DOM-2025-0070 Process Stage: Need Meeting 10/08/2025 Project Driver: Customer Service Specific Assumption References: Customer load request will be evaluated per Dominion’s Facility Interconnection Requirements Document and Dominion’s Transmission Planning Criteria. Problem Statement
20251008,23,DOM-2025-0071,DOM-2025-0071,,Need Meeting,Customer Service,Louisa,REC,176.0,stated_load,,08/01/2027,yes,TEAC – Dominion Supplemental 10/08/2025 Dominion Transmission Zone: Supplemental Customer Load Request Need Number: DOM-2025-0071 Process Stage: Need Meeting 10/08/2025 Project Driver: Customer Service Specific Assumption References: Customer load request will be evaluated per Dominion’s Facility Interconnection Requirements Document and Dominion’s Transmission Planning Criteria. Problem Statement
20251008,24,DOM-2025-0072,DOM-2025-0072,,Need Meeting,Customer Service,Louisa,REC,270.0,stated_load,,03/01/2029,yes,TEAC – Dominion Supplemental 10/08/2025 Dominion Transmission Zone: Supplemental Customer Load Request Need Number: DOM-2025-0072 Process Stage: Need Meeting 10/08/2025 Project Driver: Customer Service Specific Assumption References: Customer load request will be evaluated per Dominion’s Facility Interconnection Requirements Document and Dominion’s Transmission Planning Criteria. Problem Statement
20251008,25,DOM-2025-0046,DOM-2025-0046,,Need Meeting,Customer Service,Stafford,DEV,300.0,stated_load,,6/30/2030,yes,TEAC – Dominion Supplemental 10/08/2025 Dominion Transmission Zone: Supplemental Customer Load Request Need Number: DOM-2025-0046 Process Stage: Need Meeting 10/08/2025 Project Driver: Customer Service Specific Assumption References: Customer load request will be evaluated per Dominion’s Facility Interconnection Requirements Document and Dominion’s Transmission Planning Criteria. Problem Statement
20251008,26,DOM-2025-0049,DOM-2025-0049,Surveyors,Need Meeting,Customer Service,Stafford,DEV,300.0,stated_load,,12/31/2031,yes,TEAC – Dominion Supplemental 10/08/2025 Dominion Transmission Zone: Supplemental Customer Load Request Need Number: DOM-2025-0049 Process Stage: Need Meeting 10/08/2025 Project Driver: Customer Service Specific Assumption References: Customer load request will be evaluated per Dominion’s Facility Interconnection Requirements Document and Dominion’s Transmission Planning Criteria. Problem Statement
20251008,27,DOM-2025-0052,DOM-2025-0052,Dahlgren West,Need Meeting,Customer Service,,,300.0,stated_load,,12/1/2030,yes,TEAC – Dominion Supplemental 10/08/2025 Dominion Transmission Zone: Supplemental Customer Load Request Need Number: DOM-2025-0052 Process Stage: Need Meeting 10/08/2025 Project Driver: Customer Service Specific Assumption References: Customer load request will be evaluated per Dominion’s Facility Interconnection Requirements Document and Dominion’s Transmission Planning Criteria. Problem Statement
20251008,28,DOM-2025-0053,DOM-2025-0053,Kettler Crossroads,Need Meeting,Customer Service,Spotsylvania,REC,300.0,stated_load,,12/1/2031,yes,TEAC – Dominion Supplemental 10/08/2025 Dominion Transmission Zone: Supplemental Customer Load Request Need Number: DOM-2025-0053 Process Stage: Need Meeting 10/08/2025 Project Driver: Customer Service Specific Assumption References: Customer load request will be evaluated per Dominion’s Facility Interconnection Requirements Document and Dominion’s Transmission Planning Criteria. Problem Statement
20251008,30,DOM-2022-0062,DOM-2022-0062,Tropical,Solution Meeting,Customer Service,Henrico,DEV,,excluded_unanchored_mw,,,yes,TEAC – Dominion Supplemental 10/08/2025 Dominion Transmission Zone: Supplemental Customer Load Request Need Number: DOM-2022-0062 Process Stage: Solution Meeting 10/08/2025 Previously Presented: Need Meeting 11/06/2024 Project Driver: Customer Service Specific Assumption References: Customer load request will be evaluated per Dominion’s Facility Interconnection Requirements Document and Dominion’s
20251008,31,DOM-2022-0062,DOM-2022-0062,Tropical,Solution Meeting,Customer Service,,,,,,,,TEAC – Dominion Supplemental 10/08/2025 Dominion Transmission Zone: Supplemental Tropical 230kV Delivery - DEV Need Number: DOM-2022-0062 Process Stage: Solution Meeting 10/08/2025 Project Driver: Customer Service Proposed Solution: • Cut existing 230kV Lines #286 and #2091 in and out of proposed Tropical substation. Lines to terminate in a breaker and a half scheme of twelve breakers. Customer ha
20251008,32,DOM-2024-0058,DOM-2024-0058,Flamingo,Solution Meeting,Customer Service,Hanover,DEV,,excluded_unanchored_mw,,01/01/2029,yes,TEAC – Dominion Supplemental 10/08/2025 Dominion Transmission Zone: Supplemental Customer Load Request Need Number: DOM-2024-0058 Process Stage: Solution Meeting 10/08/2025 Previously Presented: Need Meeting 09/10/2024 Project Driver: Customer Service Specific Assumption References: Customer load request will be evaluated per Dominion’s Facility Interconnection Requirements Document and Dominion’s
20251008,33,DOM-2024-0058,DOM-2024-0058,Flamingo,Solution Meeting,Customer Service,,,,,,,,"TEAC – Dominion Supplemental 10/08/2025 Dominion Transmission Zone: Supplemental Flamingo 230kV Delivery - DEV Need Number: DOM-2024-0058 Process Stage: Solution Meeting 10/08/2025 Project Driver: Customer Service Proposed Solution: Cut existing 230kV Line 2103 (Elmont to Short Pump) in and out of proposed Flamingo substation. Lines to terminate initially in a 230kV four-breaker ring arrangement, "
20251008,34,DOM-2018-0018,DOM-2018-0018,Lucky Hill Helm | Helm,Solutions Meeting,Customer Service,Fauquier,DEV,,excluded_unanchored_mw,,09/15/2020,yes,TEAC – Dominion Supplemental 10/08/2025 Dominion Transmission Zone: Supplemental Customer Load Request Need Number: DOM-2018-0018 (Update) Previously Presented: Submission of Supplemental Project for Inclusion in the Local Plan - 07/25/2019 Process Stage: Solutions Meeting 10/08/2025 Project Driver: Customer Service Specific Assumption References: Customer load request will be evaluated per Domini
20251008,35,DOM-2018-0018,DOM-2018-0018,Lucky Hill Helm,Solutions Meeting,,,,,,,,,TEAC – Dominion Supplemental 10/08/2025 Dominion Transmission Zone: Supplemental Helm 230kV Delivery – DEVNeed Number: DOM-2018-0018 (Update) Process Stage: Solutions Meeting 10/08/2025 Proposed Solution: • Interconnect the new DP substation by cutting and extending Line #2199 (Remington – Gordonsville) #2276 (Remington – Kyser) to the new Lucky Hill Helm Substation. • Terminate both ends into a f
20251008,36,DOM-2022-0046,DOM-2022-0046,Mint Springs Burrell | Burrell,Solutions Meeting,Customer Service,Prince William,NOVEC,,excluded_unanchored_mw,,01/02/2026,yes,TEAC – Dominion Supplemental 10/08/2025 Dominion Transmission Zone: Supplemental Customer Load Request Need Number: DOM-2022-0046 (Update) Process Stage: Solutions Meeting 10/08/2025 Previously Presented: Submission of Supplemental Project for Inclusion in the Local Plan - 07/25/2019 Project Driver: Customer Service Specific Assumption References: Customer load request will be evaluated per Domini
20251008,37,DOM-2022-0046,DOM-2022-0046,Mint Springs Burrell,Solutions Meeting,,,,,,,,,TEAC – Dominion Supplemental 10/08/2025 Dominion Transmission Zone: Supplemental Burrell 230kV Delivery - NOVECNeed Number: DOM-2022-0046 (Update) Process Stage: Solutions Meeting 10/08/2025 Proposed Solution: Interconnect the new substation by cutting and extending Line #2030 (Loudoun - Gainesville) Line #2151 (Railroad - Gainesville) to the proposed Mint Springs Burrell Substation. Lines to term
20251008,38,DOM-2023-0056,DOM-2023-0056,,Solutions Meeting,Customer Service,Stafford,DEV,,excluded_unanchored_mw,,07/02/2027,yes,TEAC – Dominion Supplemental 10/08/2025 Dominion Transmission Zone: Supplemental Customer Load Request Need Number: DOM-2023-0056 Process Stage: Solutions Meeting 10/08/2025 Previously Presented: Need Meeting 12/05/2023 Project Driver: Customer Service Specific Assumption References: Customer load request will be evaluated per Dominion’s Facility Interconnection Requirements Document and Dominion’
20251008,39,DOM-2023-0056,DOM-2023-0056 DOM-2024-0008 DOM-2025-0046,Alto,Solutions Meeting,,,,,,,,,TEAC – Dominion Supplemental 10/08/2025 Dominion Transmission Zone: Supplemental Alto 230kV Delivery - NOVECNeed Number: DOM-2023-0056 Process Stage: Solutions Meeting 10/08/2025 Proposed Solution: • Cut and extend Line #2104 (Spartan – Centreport) and Line #2305 (Aquia Harbor – Allman) approx. 0.3 miles to interconnect the proposed Alto Substation. • Lines to terminate into a 230 kV six-breaker r
20251008,40,DOM-2024-0008,DOM-2024-0008,,Solutions Meeting,Customer Service,Stafford,DEV,,excluded_unanchored_mw,,10/01/2028,yes,TEAC – Dominion Supplemental 10/08/2025 Dominion Transmission Zone: Supplemental Customer Load Request Need Number: DOM-2024-0008 Process Stage: Solutions Meeting 10/08/2025 Previously Presented: Need Meeting 02/06/2024 Project Driver: Customer Service Specific Assumption References: Customer load request will be evaluated per Dominion’s Facility Interconnection Requirements Document and Dominion’
20251008,41,DOM-2024-0008,DOM-2024-0008,Baritone | Alto,Solutions Meeting,,,,,,,,,TEAC – Dominion Supplemental 10/08/2025 Dominion Transmission Zone: Supplemental Baritone 230kV Delivery - NOVECNeed Number: DOM-2024-0008 Process Stage: Solutions Meeting 10/08/2025 Proposed Solution: • Cut and extend Line #2104 (Alto – Centreport) and #9575 (Alto – Allman) to interconnect the proposed Baritone Substation. • Lines to terminate into a 230 kV six-breaker ring arrangement. Estimated
20251008,42,DOM-2024-0061,DOM-2024-0061,Aphrodite,Solutions Meeting,Customer Service,Prince William,NOVEC,,excluded_unanchored_mw,,09/30/2027,yes,TEAC – Dominion Supplemental 10/08/2025 Dominion Transmission Zone: Supplemental Customer Load Request Need Number: DOM-2024-0061 Process Stage: Solutions Meeting 10/08/2025 Previously Presented: Need Meeting 09/10/2024 Project Driver: Customer Service Specific Assumption References: Customer load request will be evaluated per Dominion’s Facility Interconnection Requirements Document and Dominion’
20251008,43,DOM-2024-0061,DOM-2024-0061,Aphrodite,Solutions Meeting,,,,,,,,,TEAC – Dominion Supplemental 10/08/2025 Dominion Transmission Zone: Supplemental Aphrodite 230kV Delivery - NOVECNeed Number: DOM-2024-0061 Process Stage: Solutions Meeting 10/08/2025 Proposed Solution: • Cut Line #2030 (Loudoun – Gainesville) to interconnect the proposed Aphrodite Substation. • Lines to terminate into a 230 kV four-breaker ring arrangement. Estimated Project Cost: $14M (Total) Tr
20251008,44,DOM-2024-0062,DOM-2024-0062,Demeter,Solutions Meeting,Customer Service,Prince William,NOVEC,,excluded_unanchored_mw,,05/01/2028,yes,TEAC – Dominion Supplemental 10/08/2025 Dominion Transmission Zone: Supplemental Customer Load Request Need Number: DOM-2024-0062 Process Stage: Solutions Meeting 10/08/2025 Previously Presented: Need Meeting 09/10/2024 Project Driver: Customer Service Specific Assumption References: Customer load request will be evaluated per Dominion’s Facility Interconnection Requirements Document and Dominion’
20251008,45,DOM-2024-0062,DOM-2024-0062,Demeter,Solutions Meeting,,,,,,,,,TEAC – Dominion Supplemental 10/08/2025 Dominion Transmission Zone: Supplemental Demeter 230kV Delivery - NOVECNeed Number: DOM-2024-0062 Process Stage: Solutions Meeting 10/08/2025 Proposed Solution: • Cut and extend Line #2140 (Loudoun – Old Limb) approx. 0.3 miles to interconnect the proposed Demeter Substation. • Lines to terminate into a 230 kV four-breaker ring arrangement able to accommodat
20251104,3,DOM-2025-0005,DOM-2025-0005,Amethyst,Need Meeting,Customer Service,Chesterfield,DEV,300.0,stated_load,,10/1/2031,yes,TEAC – Dominion Supplemental 11/04/2025 Dominion Transmission Zone: Supplemental Customer Load Request Need Number: DOM-2025-0005 Process Stage: Need Meeting 11/4/2025 Project Driver: Customer Service Specific Assumption References: Customer load request will be evaluated per Dominion’s Facility Interconnection Requirements Document and Dominion’s Transmission Planning Criteria. Problem Statement:
20251104,4,DOM-2025-0006,DOM-2025-0006,Garnet,Need Meeting,Customer Service,Chesterfield,DEV,300.0,stated_load,,10/1/2028,yes,TEAC – Dominion Supplemental 11/04/2025 Dominion Transmission Zone: Supplemental Customer Load Request Need Number: DOM-2025-0006 Process Stage: Need Meeting 11/4/2025 Project Driver: Customer Service Specific Assumption References: Customer load request will be evaluated per Dominion’s Facility Interconnection Requirements Document and Dominion’s Transmission Planning Criteria. Problem Statement:
20251104,5,DOM-2025-0007,DOM-2025-0007,Topaz,Need Meeting,Customer Service,Chesterfield,DEV,300.0,stated_load,,10/1/2030,yes,TEAC – Dominion Supplemental 11/04/2025 Dominion Transmission Zone: Supplemental Customer Load Request Need Number: DOM-2025-0007 Process Stage: Need Meeting 11/4/2025 Project Driver: Customer Service Specific Assumption References: Customer load request will be evaluated per Dominion’s Facility Interconnection Requirements Document and Dominion’s Transmission Planning Criteria. Problem Statement:
20251104,6,DOM-2025-0011,DOM-2025-0011,Hibie St,Need Meeting,Customer Service,,DEV,,,,12/31/2027,,TEAC – Dominion Supplemental 11/04/2025 Dominion Transmission Zone: Supplemental Customer Load Request Need Number: DOM-2025-0011 Process Stage: Need Meeting 11/04/2025 Project Driver: Customer Service Specific Assumption References: Customer load request will be evaluated per Dominion’s Facility Interconnection Requirements Document and Dominion’s Transmission Planning Criteria. Problem Statement
20251104,7,DOM-2025-0017,DOM-2025-0017,Hanover,Need Meeting,Customer Service,,,,,,12/31/2026,,TEAC – Dominion Supplemental 11/04/2025 Dominion Transmission Zone: Supplemental Customer Load Request Need Number: DOM-2025-0017 Process Stage: Need Meeting 11/4/2025 Project Driver: Customer Service Specific Assumption References: Customer load request will be evaluated per Dominion’s Facility Interconnection Requirements Document and Dominion’s Transmission Planning Criteria. Problem Statement:
20251104,8,DOM-2025-0051,DOM-2025-0051,Emy,Need Meeting,Customer Service,Spotsylvania,,212.0,stated_load,,05/01/2030,yes,TEAC – Dominion Supplemental 11/04/2025 Dominion Transmission Zone: Supplemental Customer Load Request Need Number: DOM-2025-0051 Process Stage: Need Meeting 11/4/2025 Project Driver: Customer Service Specific Assumption References: Customer load request will be evaluated per Dominion’s Facility Interconnection Requirements Document and Dominion’s Transmission Planning Criteria. Problem Statement:
20251104,9,DOM-2025-0059,DOM-2025-0059,Powell Creek,Need Meeting,Customer Service,Prince William,DEV,84.0,stated_load,,12/31/2028,yes,TEAC – Dominion Supplemental 11/04/2025 Dominion Transmission Zone: Supplemental Customer Load Request Need Number: DOM-2025-0059 Process Stage: Need Meeting 11/04/2025 Project Driver: Customer Service Specific Assumption References: Customer load request will be evaluated per Dominion’s Facility Interconnection Requirements Document and Dominion’s Transmission Planning Criteria. Problem Statement
20260106,3,DOM-2025-0030,DOM-2025-0030,Sunset Hill,Need Meeting,Customer Service,,DEV,100.0,stated_load,,"December 31, 2028",yes,TEAC – Dominion Supplemental 01/06/2026 Dominion Transmission Zone: Supplemental Customer Load Request Need Number: DOM-2025-0030 Process Stage: Need Meeting 01/06/2026 Project Driver: Customer Service Specific Assumption References: Customer load request will be evaluated per Dominion’s Facility Interconnection Requirements Document and Dominion’s Transmission Planning Criteria. Problem Statement
20260106,4,DOM-2025-0031,DOM-2025-0031,Elm Farm,Need Meeting,Customer Service,Prince William,DEV,69.0,stated_load,,"December 31, 2027",yes,TEAC – Dominion Supplemental 01/06/2026 Dominion Transmission Zone: Supplemental Customer Load Request Need Number: DOM-2025-0031 Process Stage: Need Meeting 01/06/2026 Project Driver: Customer Service Specific Assumption References: Customer load request will be evaluated per Dominion’s Facility Interconnection Requirements Document and Dominion’s Transmission Planning Criteria. Problem Statement
20260106,5,DOM-2025-0078,DOM-2025-0078,Barrister,Need Meeting,Customer Service,Loudoun,DEV,290.0,stated_load,,"May 31, 2029",yes,TEAC – Dominion Supplemental 01/06/2026 Dominion Transmission Zone: Supplemental Customer Load Request Need Number: DOM-2025-0078 Process Stage: Need Meeting 01/06/2026 Project Driver: Customer Service Specific Assumption References: Customer load request will be evaluated per Dominion’s Facility Interconnection Requirements Document and Dominion’s Transmission Planning Criteria. Problem Statement
20260106,6,DOM-2025-0098,DOM-2025-0098,Quantico,Need Meeting,Customer Service,Prince William,DEV,30.3,stated_load,,12/31/2029,,TEAC – Dominion Supplemental 01/06/2026 Dominion Transmission Zone: Supplemental Customer Load Request Need Number: DOM-2025-0098 Process Stage: Need Meeting 01/06/2026 Project Driver: Customer Service Specific Assumption References: Customer load request will be evaluated per Dominion’s Facility Interconnection Requirements Document and Dominion’s Transmission Planning Criteria. Problem Statement
20260106,7,DOM-2026-0001,DOM-2026-0001,Correctional,Need Meeting,Customer Service,,DEV,,excluded_unanchored_mw,,12/31/2028,,TEAC – Dominion Supplemental 01/06/2026 Dominion Transmission Zone: Supplemental Customer Load Request Need Number: DOM-2026-0001 Process Stage: Need Meeting 01/06/2026 Project Driver: Customer Service Specific Assumption References: Customer load request will be evaluated per Dominion’s Facility Interconnection Requirements Document and Dominion’s Transmission Planning Criteria. Problem Statement
20260106,8,DOM-2025-0073,DOM-2025-0073,Correctional | Paper Mill | Harmony Village | Lanexa | Owl Trap | Creek,Need Meeting,,,,,excluded_unanchored_mw,,,,"TEAC – Dominion Supplemental 01/06/2026 Dominion Transmission Zone: Supplemental Equipment Material Condition, Performance and Risk Need Number: DOM-2025-0073 Process Stage: Need Meeting 1/6/2026 Project Driver: Equipment Material Condition, Performance and Risk Specific Assumption References: See details on Equipment Material Condition, Performance and Risk in Dominion’s Planning Assumptions pres"
20260106,10,DOM-2025-0017,DOM-2025-0017,Hanover,Solution Meeting,Customer Service,,,,,,12/31/2026,,TEAC – Dominion Supplemental 01/06/2026 Dominion Transmission Zone: Supplemental Customer Load Request Need Number: DOM-2025-0017 Process Stage: Solution Meeting 1/6/2026 Previously Presented: Need Meeting 11/4/2025 Project Driver: Customer Service Specific Assumption References: Customer load request will be evaluated per Dominion’s Facility Interconnection Requirements Document and Dominion’s Tr
20260106,11,DOM-2025-0017,DOM-2025-0017,,Solution Meeting,Customer Service,,,,,,,,"TEAC – Dominion Supplemental 01/06/2026 Dominion Transmission Zone: Supplemental Hanover 230 kV Delivery – TX Upgrade - DEV Need Number: DOM-2025-0017 Process Stage: Solution Meeting 1/6/2026 Previously Presented: Need Meeting 11/4/2025 Project Driver: Customer Service Proposed Solution: Install high side equipment to facilitate installation of a new 84 MVA, 230-34.5 kV transformer. Estimated Proj"
20260106,12,DOM-2025-0054,DOM-2025-0054,West Creek,Solution Meeting,Customer Service,Goochland,DEV,100.0,stated_load,,01/02/2029,,TEAC – Dominion Supplemental 01/06/2026 Dominion Transmission Zone: Supplemental Customer Load Request Need Number: DOM-2025-0054 Process Stage: Solution Meeting 01/06/2026 Previously Presented: Need Meeting 10/08/2025 Project Driver: Customer Service Specific Assumption References: Customer load request will be evaluated per Dominion’s Facility Interconnection Requirements Document and Dominion’s
20260106,13,DOM-2025-0054,DOM-2025-0054,West Creek,Solution Meeting,Customer Service,,,,,,,,"TEAC – Dominion Supplemental 01/06/2026 Dominion Transmission Zone: Supplemental West Creek 230kV Delivery - DEV Need Number: DOM-2025-0054 Process Stage: Solution Meeting 01/06/2026 Previously Presented: Need Meeting 10/08/2025 Project Driver: Customer Service Proposed Solution: Cut existing 230kV Line 2009 between Short Pump and Rockville and extend a new 230kV double circuit loop, approximately"
20260106,14,DOM-2025-0070,DOM-2025-0070,,Solution Meeting,Customer Service,Culpeper,REC,300.0,stated_load,,05/01/2028,yes,TEAC – Dominion Supplemental 01/06/2026 Dominion Transmission Zone: Supplemental Customer Load Request Need Number: DOM-2025-0070 Process Stage: Solution Meeting 01/06/2026 Previously Presented: Need Meeting 10/08/2025 Project Driver: Customer Service Specific Assumption References: Customer load request will be evaluated per Dominion’s Facility Interconnection Requirements Document and Dominion’s
20260106,15,DOM-2025-0070,DOM-2025-0070,Shaw,Solution Meeting,Customer Service,,,,,,,,TEAC – Dominion Supplemental 01/06/2026 Dominion Transmission Zone: Supplemental Shaw 230kV Delivery - REC Need Number: DOM-2025-0070 Process Stage: Solution Meeting 01/06/2026 Previously Presented: Need Meeting 10/08/2025 Project Driver: Customer Service Proposed Solution: Cut and extend Line #2276 (Kyser-Remington) line approximately 0.6 miles on double- circuit 230 kV structures to the new Shaw
20260106,16,DOM-2025-0071,DOM-2025-0071,,Solution Meeting,Customer Service,Louisa,REC,176.0,stated_load,,08/01/2027,yes,TEAC – Dominion Supplemental 01/06/2026 Dominion Transmission Zone: Supplemental Customer Load Request Need Number: DOM-2025-0071 Process Stage: Solution Meeting 01/06/2026 Previously Presented: Need Meeting 10/08/2025 Project Driver: Customer Service Specific Assumption References: Customer load request will be evaluated per Dominion’s Facility Interconnection Requirements Document and Dominion’s
20260106,17,DOM-2025-0071,DOM-2025-0071,Frances | Southall,Solution Meeting,Customer Service,,,,,,,,TEAC – Dominion Supplemental 01/06/2026 Dominion Transmission Zone: Supplemental Frances 230kV Delivery - REC Need Number: DOM-2025-0071 Process Stage: Solution Meeting 01/06/2026 Previously Presented: Need Meeting 10/08/2025 Project Driver: Customer Service Proposed Solution: Connect a new Frances substation by extending a new double circuit 230kV feed from Southall substation. Lines will termina
20260106,18,DOM-2025-0071-DNH,DOM-2025-0071-DNH,Southall,Solution Meeting,Do No Harm Analysis,Louisa,,,excluded_do_no_harm,,,,TEAC – Dominion Supplemental 01/06/2026 Dominion Transmission Zone: Supplemental Do No Harm Analysis Need Number: DOM-2025-0071-DNH Process Stage: Solution Meeting 01/06/2026 Project Driver: Do No Harm Analysis Specific Assumption References: Customer load request will be evaluated per Dominion’s Facility Interconnection Requirements Document and Dominion’s Transmission Planning Criteria. Problem 
20260106,19,DOM-2025-0071-DNH,DOM-2025-0071-DNH,North Anna,Solution Meeting,Do No Harm Analysis,,,,excluded_do_no_harm,,,,TEAC – Dominion Supplemental 01/06/2026 Dominion Transmission Zone: Supplemental Do No Harm Analysis Need Number: DOM-2025-0071-DNH Process Stage: Solution Meeting 01/06/2026 Project Driver: Do No Harm Analysis Proposed Solution: • Rebuild single-circuit 230 kV Line #255 (Southall-North Anna) approximately 1.1 miles as 230 kV double-circuit lines back to North Anna. • Expand North Anna substation 
20260106,20,DOM-2025-0072,DOM-2025-0072,,Solution Meeting,Customer Service,Louisa,REC,292.0,stated_load,270 292,03/01/2029,yes,TEAC – Dominion Supplemental 01/06/2026 Dominion Transmission Zone: Supplemental Customer Load Request Need Number: DOM-2025-0072 Process Stage: Solution Meeting 01/06/2026 Previously Presented: Need Meeting 10/08/2025 Project Driver: Customer Service Specific Assumption References: Customer load request will be evaluated per Dominion’s Facility Interconnection Requirements Document and Dominion’s
20260106,21,DOM-2025-0072,DOM-2025-0072,Wesbey Drive | Foxbrook Lane,Solution Meeting,Customer Service,,,,,,,,TEAC – Dominion Supplemental 01/06/2026 Dominion Transmission Zone: Supplemental Wesbey Drive 230kV Delivery - REC Need Number: DOM-2025-0072 Process Stage: Solution Meeting 01/06/2026 Previously Presented: Need Meeting 10/08/2025 Project Driver: Customer Service Proposed Solution: Connect a new Wesbey Drive substation by extending a new double circuit 230kV feed from Foxbrook Lane substation. Lin
20260106,22,DOM-2019-0021,DOM-2019-0021 DOM-2024-0022 DOM-2024-0023 DOM-2024-0024,,Solution Meeting,Do No Harm Analysis – Meadowville Load Area,,,,excluded_do_no_harm,,,yes,"TEAC – Dominion Supplemental 01/06/2026 Meadowville Load Area Dominion Transmission Zone: Supplemental Do No Harm Analysis Need Number: DOM-2019-0021, DOM-2024-0022, DOM-2024-0023, DOM-2024-0024 - DNH Process Stage: Solution Meeting 12/03/2024; Update 1/6/2026 Previously Presented: Solution Meeting 6/30/2024: DOM-2019-0021 & DOM-2024-0022 Solution Meeting 12/03/2024: DOM-2024-0023 & DOM-2024-0024 "
20260106,23,DOM-2019-0021,DOM-2019-0021 DOM-2024-0022 DOM-2024-0023 DOM-2024-0024,Meadowville | Enon | Shand Creek | Enon Shand Creek | Bermuda Hundred | Chickahominy,Solution Meeting,Do No Harm – Meadowville Load Area,,,,excluded_do_no_harm,,,,"TEAC – Dominion Supplemental 01/06/2026 Need Number: DOM-2019-0021, DOM-2024-0022, DOM-2024-0023, DOM-2024-0024 - DNH Process Stage: Solution Meeting 12/03/2024; Update 1/6/2026 Project Driver: Do No Harm – Meadowville Load Area Proposed Solution: • Connect future Meadowville substation to existing Enon substation a new switching station (Shand Creek) by constructing approximately two miles of dou"
20260203,3,DOM-2025-0032,DOM-2025-0032,Mudd Tavern,Solutions Meeting,Customer Service,Caroline,,300.0,stated_load,,08/01/2029,yes,TEAC – Dominion Supplemental 02/03/2026 Dominion Transmission Zone: Supplemental Customer Load Request Need Number: DOM-2025-0032 Process Stage: Solutions Meeting 02/03/2026 Previously Presented: Need Meeting 10/08/2025 Project Driver: Customer Service Specific Assumption References: Customer load request will be evaluated per Dominion’s Facility Interconnection Requirements Document and Dominion’
20260203,4,DOM-2025-0032,DOM-2025-0032,Mudd Tavern,Solutions Meeting,Customer Service,,,,,,,,"TEAC – Dominion Supplemental 02/03/2026 Dominion Transmission Zone: Supplemental Mudd Tavern 230kV Delivery - REC Need Number: DOM-2025-0032 Process Stage: Solutions Meeting 02/03/2026 Project Driver: Customer Service Proposed Solution: Extend two 230 kV lines approximately one mile from Orrock(Matta) to Mudd Tavern. Mudd Tavern Substation will be constructed with a 230 kV ring-bus, configured for"
20260203,5,DOM-2024-0036,DOM-2024-0036,James Hill Jamestown Drive,Solution Meeting,Customer Service,,DEV,,excluded_unanchored_mw,,12/31/2028,yes,TEAC – Dominion Supplemental 02/03/2026 Dominion Transmission Zone: Supplemental Customer Load Request Need Number: DOM-2024-0036 Process Stage: Solution Meeting 02/03/2026 Previously Presented: Need Meeting 06/04/2024 Project Driver: Customer Service Specific Assumption References: Customer load request will be evaluated per Dominion’s Facility Interconnection Requirements Document and Dominion’s
20260203,6,DOM-2024-0036,DOM-2024-0036,James Hill | Poe,Solution Meeting,Customer Service,,,,,,,,TEAC – Dominion Supplemental 02/03/2026 Dominion Transmission Zone: Supplemental James Hill 230kV Delivery - DEV Need Number: DOM-2024-0036 Process Stage: Solution Meeting 02/03/2026 Project Driver: Customer Service Proposed Solution: Construct James Hill substation with a 230 kV four-breaker ring arrangement. Cut and extend 230 kV Line #2003 (Chesterfield – Poe) approximately 1.0 miles in and out
20260203,7,DOM-2025-0051,DOM-2025-0051,Emy,Solution Meeting,Customer Service,Spotsylvania,,212.0,stated_load,,07/05/2027,yes,TEAC – Dominion Supplemental 02/03/2026 Dominion Transmission Zone: Supplemental Customer Load Request Need Number: DOM-2025-0051 Process Stage: Solution Meeting 02/03/2026 Previously Presented: Need Meeting 11/04/2025 Project Driver: Customer Service Specific Assumption References: Customer load request will be evaluated per Dominion’s Facility Interconnection Requirements Document and Dominion’s
20260203,8,DOM-2025-0051,DOM-2025-0051,New Post,Solution Meeting,Customer Service,,,,,,,,TEAC – Dominion Supplemental 02/03/2026 Dominion Transmission Zone: Supplemental Emy 230kV Delivery - REC Need Number: DOM-2025-0051 Process Stage: Solution Meeting 02/03/2026 Project Driver: Customer Service Proposed Solution: Extend two new 230 kV lines from New Post to Emy. Add two new 230 kV breakers at New Post substation to accommodate the new lines. Cut two 230 kV lines into Emy from the So
20260203,9,DOM-2025-0083,DOM-2025-0083,Cosner,Solution Meeting,Customer Service,Spotsylvania,,300.0,stated_load,,12/01/2027,yes,TEAC – Dominion Supplemental 02/03/2026 Dominion Transmission Zone: Supplemental Customer Load Request Need Number: DOM-2025-0083 Process Stage: Solution Meeting 02/03/2026 Previously Presented: Need Meeting 12/08/2025 Project Driver: Customer Service Specific Assumption References: Customer load request will be evaluated per Dominion’s Facility Interconnection Requirements Document and Dominion’s
20260203,10,DOM-2025-0083,DOM-2025-0083,,Solution Meeting,Customer Service,,,,,,,,"TEAC – Dominion Supplemental 02/03/2026 Dominion Transmission Zone: Supplemental Cosner 230kV Delivery - REC Need Number: DOM-2025-0083 Process Stage: Solution Meeting 02/03/2026 Project Driver: Customer Service Proposed Solution: Cut double-circuit New Post to Lee’s Hill lines south of Cosner and Lee’s Hill and terminate at Cosner, removing the existing line terminations at Lee’s Hill. Extend two"
20260310,3,DOM-2026-0010,DOM-2026-0010,,Need Meeting,Customer Service,Louisa,REC,259.6,stated_load,,12/31/2032,yes,TEAC – Dominion Supplemental 03/10/2026 Dominion Transmission Zone: Supplemental Customer Load Request Need Number: DOM-2026-0010 Process Stage: Need Meeting 03/10/2026 Project Driver: Customer Service Specific Assumption References: Customer load request will be evaluated per Dominion’s Facility Interconnection Requirements Document and Dominion’s Transmission Planning Criteria. Problem Statement
20260310,5,DOM-2025-0072,DOM-2025-0072,Foxbrook Lane,Solution Meeting,Do No Harm Analysis,Louisa,,,excluded_do_no_harm,,,,TEAC – Dominion Supplemental 03/10/2026 Dominion Transmission Zone: Supplemental Do No Harm Analysis Need Number: DOM-2025-0072 DNH Previously Presented: Solution Meeting 01/06/2026 Process Stage: Solution Meeting 03/10/2026 Project Driver: Do No Harm Analysis Specific Assumption References: Customer load request will be evaluated per Dominion’s Facility Interconnection Requirements Document and D
20260310,6,DOM-2025-0072,DOM-2025-0072,Gordonsville | Wesbey Drive,Solution Meeting,Do No Harm Analysis,,,,excluded_do_no_harm,,,,"TEAC – Dominion Supplemental 03/10/2026 Dominion Transmission Zone: Supplemental Do No Harm Analysis Need Number: DOM-2025-0072 DNH Previously Presented: Solution Meeting 01/06/2026 Process Stage: Solution Meeting 03/10/2026 Project Driver: Do No Harm Analysis Proposed Solution: Wreck and rebuild the existing transmission lines #2088 (Gordonsville - Louisa CT), #2074 (Louisa CT – South Anna), #220"
20260310,7,DOM-2024-0004,DOM-2024-0004,,Solution Meeting,Customer Service,,DEV,300.0,stated_load,,1/01/2026,yes,TEAC – Dominion Supplemental 03/10/2026 Dominion Transmission Zone: Supplemental Customer Load Request Need Number: DOM-2024-0004 Process Stage: Solution Meeting 3/10/2026 Previously Presented: Need Meeting 02/06/2024 Project Driver: Customer Service Specific Assumption References: Customer load request will be evaluated per Dominion’s Facility Interconnection Requirements Document and Dominion’s 
20260310,8,DOM-2024-0004,DOM-2024-0004,Slayden Creek,Solution Meeting,,,,,,,,,"TEAC – Dominion Supplemental 03/10/2026 Dominion Transmission Zone: Supplemental Slayden Creek 230kV Delivery - DEV Need Number: DOM-2024-0004 Process Stage: Solution Meeting 3/10/2026 Proposed Solution: Cut existing 230kV Line 2032 between Hanover and Four Rivers and extend a new 230kV double circuit loop, approximately .5 miles, in and out of Slayden Creek Substation. Slayden Creek Substation wi"
20260407,3,DOM-2025-0100,DOM-2025-0100,Darbytown,Need Meeting,Operational Flexibility and Efficiency,,,,,,,,TEAC – Dominion Supplemental 04/07/2026 Dominion Transmission Zone: Supplemental Operational Flexibility and Efficiency Need Number: DOM-2025-0100 Process Stage: Need Meeting 04/07/2026 Project Driver: Operational Flexibility and Efficiency Specific Assumption References: See details on Operational Flexibility and Efficiency in Dominion’s Planning Assumptions presented in December 2025. Problem St
20260407,4,DOM-2026-0015,DOM-2026-0015,Simms,Need Meeting,Customer Service,,,296.0,stated_load,,12/01/2029,yes,TEAC – Dominion Supplemental 04/07/2026 Dominion Transmission Zone: Supplemental Customer Load Request Need Number: DOM-2026-0015 Process Stage: Need Meeting 04/07/2026 Project Driver: Customer Service Specific Assumption References: Customer load request will be evaluated per Dominion’s Facility Interconnection Requirements Document and Dominion’s Transmission Planning Criteria. Problem Statement
20260407,5,DOM-2026-0016,DOM-2026-0016,Pleasant View | Greenwich | Liberty | Clifton | Lanexa | Jefferson Street | Valley | Newport News,Need Meeting,,,,,,,,,"TEAC – Dominion Supplemental 04/07/2026 Dominion Transmission Zone: Supplemental Equipment Material Condition, Performance Risk Need Number: DOM-2026-0016 Process Stage: Need Meeting 04/07/2026 Project Driver: Equipment Material Condition, Performance Risk Specific Assumption References: See details on Equipment Material Condition, Performance and Risk in Dominion’s Planning Assumptions presented "
20260407,6,DOM-2025-0086,DOM-2025-0086,,Need Meeting,,,,,excluded_unanchored_mw,,,,"TEAC – Dominion Supplemental 04/07/2026 Dominion Transmission Zone: Supplemental Equipment Material Condition, Performance and Risk Need Number: DOM-2025-0086 Process Stage: Need Meeting 04/07/2026 Project Driver: Equipment Material Condition, Performance and Risk Specific Assumption References: See details on Equipment Material Condition, Performance and Risk in Dominion’s Planning Assumptions pr"
20260407,7,DOM-2025-0088,DOM-2025-0088,Crystal,Need Meeting,,,,,excluded_unanchored_mw,,,,"TEAC – Dominion Supplemental 04/07/2026 Dominion Transmission Zone: Supplemental Equipment Material Condition, Performance and Risk Need Number: DOM-2025-0088 Process Stage: Need Meeting 04/07/2026 Project Driver: Equipment Material Condition, Performance and Risk Specific Assumption References: See details on Equipment Material Condition, Performance and Risk in Dominion’s Planning Assumptions pr"
20260407,9,DOM-2023-0031,DOM-2023-0031,Auto World,Solution Meeting,Customer Service,Loudoun,DEV,,excluded_unanchored_mw,,06/15/2026,yes,TEAC – Dominion Supplemental 04/07/2026 Dominion Transmission Zone: Supplemental Customer Load Request Need Number: DOM-2023-0031 Process Stage: Solution Meeting 04/07/2026 Previously Presented: Need Meeting 05/09/2023 Project Driver: Customer Service Specific Assumption References: Customer load request will be evaluated per Dominion’s Facility Interconnection Requirements Document and Dominion’s
20260407,10,DOM-2023-0031,DOM-2023-0031,,Solution Meeting,Customer Service,,,,,,,,TEAC – Dominion Supplemental 04/07/2026 Dominion Transmission Zone: Supplemental Auto World 230kV Delivery - DEV Need Number: DOM-2023-0031 Process Stage: Solution Meeting 04/07/2026 Project Driver: Customer Service Proposed Solution: Interconnect the new substation by cutting and extending Lines #2081 and #2150 (Paragon Park – Golden – Sterling Park) into the proposed Auto World 230kV Substation.
20260407,11,DOM-2024-0016,DOM-2024-0016,Firehouse,Solutions Meeting,Customer Service,Loudoun,DEV,,excluded_unanchored_mw,,01/31/2028,yes,TEAC – Dominion Supplemental 04/07/2026 Dominion Transmission Zone: Supplemental Customer Load Request Need Number: DOM-2024-0016 Process Stage: Solutions Meeting 04/07/2026 Previously Presented: Need Meeting 04/02/2024 Project Driver: Customer Service Specific Assumption References: Customer load request will be evaluated per Dominion’s Facility Interconnection Requirements Document and Dominion’
20260407,12,DOM-2024-0016,DOM-2024-0016,Firehouse,Solutions Meeting,Customer Service,,,,,,,,"TEAC – Dominion Supplemental 04/07/2026 Dominion Transmission Zone: Supplemental Firehouse 230kV Delivery - DEV Need Number: DOM-2024-0016 Process Stage: Solutions Meeting 04/07/2026 Project Driver: Customer Service Proposed Solution: • Construct new Firehouse Substation to accommodate a 230kV ring bus with an ultimate configuration of four (4) breakers, with all breakers initially installed. • Cu"
20260508,3,DOM-2026-0019,DOM-2026-0019,,Need Meeting,,,,,,,,,"TEAC – Dominion Supplemental 05/08/2026 Dominion Transmission Zone: Supplemental Equipment Material Condition, Performance and Risk Need Number: DOM-2026-0019 Process Stage: Need Meeting 05/08/2026 Project Driver: Equipment Material Condition, Performance Risk Specific Assumption References: See details on Equipment Material Condition, Performance and Risk in Dominion’s Planning Assumptions presen"
20260508,4,DOM-2026-0022,DOM-2026-0022,,Need Meeting,Operational Flexibility and Efficiency,,,,excluded_unanchored_mw,,,yes,TEAC – Dominion Supplemental 05/08/2026 Dominion Transmission Zone: Supplemental Operational Flexibility and Efficiency Need Number: DOM-2026-0022 Process Stage: Need Meeting 05/08/2026 Project Driver: Operational Flexibility and Efficiency Specific Assumption References: See details on Operational Flexibility and Efficiency in Dominion’s Planning Assumptions presented in December 2025. Problem St
20260508,6,DOM-2021-0006,DOM-2021-0006,Lebanon,Solution Meeting Update,,,,,excluded_unanchored_mw,,,,TEAC – Dominion Supplemental 05/08/2026 Partial rebuild Line #209 and Line #58 between Skiffes Creek and C&O Junction Partial rebuild Line #58 between Structure 58/305 and Yorktown C&O Junction Structure 58/305 Dominion Transmission Zone M-3 Process Line #209 and Line #58 Partial Rebuild Need Number: DOM-2021-0006 Update Process Stage: Solution Meeting Update 05/08/2026 Previous Stages: Need – 03/
20260508,7,DOM-2021-0006,DOM-2021-0006,,Solution Meeting Update,,,,,,,,,TEAC – Dominion Supplemental 05/08/2026 Dominion Transmission Zone M-3 Process Line #209 and Line #58 Partial Rebuild Need Number: DOM-2021-0006 Update Process Stage: Solution Meeting Update 05/08/2026 Previous Stage: Submission of Supplemental Project for Inclusion in the Local Plan – 11/12/2021 Selected Solution: Rebuild approximately 6.2 miles double circuit segment of Line #209 and Line #58 be
20260508,8,DOM-2024-0049,DOM-2024-0049,Stockholm,Solution Meeting,Customer Service,Henrico,DEV,300.0,stated_load,,,yes,TEAC – Dominion Supplemental 05/08/2026 Dominion Transmission Zone: Supplemental Customer Load Request Need Number: DOM-2024-0049 Process Stage: Solution Meeting 05/08/2026 Previously Presented: Need Meeting 07/09/2024 Project Driver: Customer Service Specific Assumption References: Customer load request will be evaluated per Dominion’s Facility Interconnection Requirements Document and Dominion’s
20260508,9,DOM-2024-0049,DOM-2024-0049 DOM-2022-0038 DOM-2024-0018,Thicket | Stockholm,Solution Meeting,Customer Service,,,,,,,,TEAC – Dominion Supplemental 05/08/2026 Dominion Transmission Zone: Supplemental Stockholm 230kV Delivery - DEVNeed Number: DOM-2024-0049 Process Stage: Solution Meeting 05/08/2026 Project Driver: Customer Service Proposed Solution: Approved project DOM-2022-0038 DNH cuts existing 230kV Line 2075 (Elmont to Chickahominy) in and out of White Oak creating Line 2075 (Elmont to White Oak) and Line 229
20260602,3,DOM-2026-0025,DOM-2026-0025,Mudel,Need Meeting,Customer Service,Prince William,NOVEC,300.0,stated_load,,12/30/2029,yes,TEAC – Dominion Supplemental 06/02/2026 Dominion Transmission Zone: Supplemental Customer Load Request Need Number: DOM-2026-0025 Process Stage: Need Meeting 06/02/2026 Project Driver: Customer Service Specific Assumption References: Customer load request will be evaluated per Dominion’s Facility Interconnection Requirements Document and Dominion’s Transmission Planning Criteria. Problem Statement
20260602,5,DOM-2025-0070-DNH,DOM-2025-0070-DNH DOM-2025-0070,,Solution Meeting,Do No Harm Analysis,Culpeper,,,excluded_do_no_harm,,,,TEAC – Dominion Supplemental 06/02/2026 Dominion Transmission Zone: Supplemental Do No Harm Analysis Need Number: DOM-2025-0070-DNH Process Stage: Solution Meeting 06/02/2026 Previously Presented: N/A Project Driver: Do No Harm Analysis Specific Assumption References: Customer load request will be evaluated per Dominion’s Facility Interconnection Requirements Document and Dominion’s Transmission P
20260602,6,DOM-2025-0070-DNH,DOM-2025-0070-DNH,Shaw,Solution Meeting,Do No Harm Analysis,,,,excluded_do_no_harm,,,,TEAC – Dominion Supplemental 06/02/2026 Dominion Transmission Zone: Supplemental Do No Harm Analysis Need Number: DOM-2025-0070-DNH Process Stage: Solution Meeting 06/02/2026 Project Driver: Do No Harm Analysis Proposed Solution: Install a 150 MVAr Capacitor Bank at Shaw substation Estimated Project Cost: $4M Alternatives Considered: No feasible alternatives Projected In-service Date: 5/1/2028 Pro
20260602,7,DOM-2026-0022,DOM-2026-0022,,Solution Meeting,Operational Flexibility and Efficiency,,,,excluded_unanchored_mw,,,yes,TEAC – Dominion Supplemental 06/02/2026 Dominion Transmission Zone: Supplemental Operational Flexibility and Efficiency Need Number: DOM-2026-0022 Process Stage: Solution Meeting 06/02/2026 Previously Presented: Need Meeting 05/08/2026 Project Driver: Operational Flexibility and Efficiency Specific Assumption References: See details on Operational Flexibility and Efficiency in Dominion’s Planning 
20260602,8,DOM-2026-0022,DOM-2026-0022,,Solution Meeting,Operational Flexibility and Efficiency,,,,,,,,TEAC – Dominion Supplemental 06/02/2026 Dominion Transmission Zone: Supplemental Install 230 kV Conductor on North Anna to Bristers Structures Need Number: DOM-2026-0022 Process Stage: Solution Meeting 06/02/2026 Project Driver: Operational Flexibility and Efficiency Proposed Solution • Approved baseline projects PJM b4000.344 and b4000.345 will build a 500kV line from North Anna - Thornburg and T
20260602,9,DOM-2023-0016,DOM-2023-0016 DOM-2023-0053 DOM-2023-0055 DOM-2024-0012,,Solution Meeting,Do No Harm Analysis,,,,excluded_do_no_harm,,,,"TEAC – Dominion Supplemental 06/02/2026 Dominion Transmission Zone: Supplemental Do No Harm Analysis Need Number: DOM-2023-0016, 0053, 0055, 2024-0012 - DNH Process Stage: Solution Meeting 06/02/2026 - Update Previously Presented: Solution Meeting 04/01/2025 Supplemental Project Driver: Do No Harm Analysis Specific Assumption Reference: Customer load request will be evaluated per Dominion’s Facili"
20260602,10,DOM-2023-0016,DOM-2023-0016,,Solution Meeting,Do No Harm Analysis,,,,excluded_do_no_harm,,,,"TEAC – Dominion Supplemental 06/02/2026 Need Number: DOM-2023-0016, 0053, 0055, 2024-0012 - DNH Process Stage: Solution Meeting 06/02/2026 - Update Supplemental Project Driver: Do No Harm Analysis Proposed Solution - Phase1 (01/2028): 1. Rebuild approximately 6.5 miles of the existing 230kV Line #2090 between Summit DP and Fredericksburg Sub with double-circuit structures using a higher capacity c"
20260602,12,DOM-2024-0051,DOM-2024-0051,,Solution Meeting,Operational Flexibility and Efficiency,,,,excluded_unanchored_mw,,,yes,TEAC – Dominion Supplemental 06/02/2026 Dominion Transmission Zone: Supplemental Operational Flexibility and EfficiencyNeed Number: DOM-2024-0051 Process Stage: Solution Meeting 06/02/2026 - Update Previously Presented: Solution Meeting 06/05/2025 Project Driver: Operational Flexibility and Efficiency Specific Assumption References: See details on Operational Flexibility and Efficiency in Dominion
20260602,13,DOM-2024-0051,DOM-2024-0051,,Solution Meeting,Operational Flexibility and Efficiency,,,,,,,,TEAC – Dominion Supplemental 06/02/2026 Dominion Transmission Zone: Supplemental Operational Flexibility and Efficiency Need Number: DOM-2024-0051 Process Stage: Solution Meeting 06/02/2026 - Update Project Driver: Operational Flexibility and Efficiency Specific Assumption References: See details on Operational Flexibility and Efficiency in Dominion’s Planning Assumptions presented in December 202
20260602,14,DOM-2024-0051,DOM-2024-0051 DOM-2023-0016,,Solution Meeting,Operational Flexibility and Efficiency,,,,excluded_do_no_harm,,,,"TEAC – Dominion Supplemental 06/02/2026 Dominion Transmission Zone: Supplemental Operational Flexibility and Efficiency Need Number: DOM-2024-0051 Process Stage: Solution Meeting 06/02/2026 - Update Project Driver: Operational Flexibility and Efficiency Proposed Solution 1 – Previously presented Do No Harm supplemental project DOM-2023-0016, 0053, 0055, 2024-0012 will wreck and rebuild 230kV line "
20260707,3,DOM-2026-0026,DOM-2026-0026,,TEAC Meeting,Operational Flexibility and Efficiency,Prince William,,,,,,yes,TEAC – Dominion Supplemental 7/7/2026 Dominion Transmission Zone: Supplemental Operational Flexibility and EfficiencyNeed Number: DOM-2026-0026 Process Stage: TEAC Meeting 07/07/2026 Project Driver: Operational Flexibility and Efficiency Specific Assumption References: See details on Operational Flexibility and Efficiency in Dominion’s Planning Assumptions presented in December 2025. Problem State
20260707,5,DOM-2022-0062-DNH,DOM-2022-0062-DNH DOM-2022-0062,Tropical,Do No Harm Solution Meeting,Do No Harm Analysis - Tropical,,,,excluded_do_no_harm,,,,TEAC – Dominion Supplemental 7/7/2026 Dominion Transmission Zone: Supplemental Do No Harm Analysis Need Number: DOM-2022-0062-DNH Process Stage: Do No Harm Solution Meeting 07/07/2026 Previously Presented: Solution Meeting 10/08/2025 Project Driver: Do No Harm Analysis - Tropical Specific Assumption References: Customer load request will be evaluated per Dominion’s Facility Interconnection Require
20260707,6,DOM-2022-0062-DNH,DOM-2022-0062-DNH,,Solution Meeting,Do No Harm Analysis - Tropical,,,,excluded_do_no_harm,,,,TEAC – Dominion Supplemental 7/7/2026 Dominion Transmission Zone: Supplemental Do No Harm Analysis Need Number: DOM-2022-0062-DNH Process Stage: Solution Meeting 07/07/2026 Project Driver: Do No Harm Analysis - Tropical Proposed Solution: • Rebuild 230 kV Line #2368 (Bermuda Hundred - Allied) to current 230 kV standards to achieve a minimum normal summer rating of 1573 MVA. Upgrade substation equi
20260707,7,DOM-2023-0023,DOM-2023-0023,,Do No Harm Solution Meeting,,,,,excluded_do_no_harm,,,,TEAC – Dominion Supplemental 7/7/2026 Dominion Transmission Zone: Supplemental Do No Harm Analysis Need Number: DOM-2023-0023 - DNH Process Stage: Do No Harm Solution Meeting 07/07/2026 Previously Presented: Solution Meeting 09/09/2025 Project Driver: Do No Harm Analysis – Orrock (fka Matta) Specific Assumption References: Customer load request will be evaluated per Dominion’s Facility Interconnec
20260707,8,DOM-2023-0023,DOM-2023-0023,,Solution Meeting,,,,,excluded_do_no_harm,,,,TEAC – Dominion Supplemental 7/7/2026 Dominion Transmission Zone: Supplemental Do No Harm Analysis Need Number: DOM-2023-0023 - DNH Process Stage: Solution Meeting 07/07/2026 Project Driver: Do No Harm – Orrock (fka Matta) Proposed Solution: Replace Elmont 500/230 kV TX #2 with new 1440 MVA TX and replace low-side equipment limiting TX rating. Estimated Project Cost: $17.5M Substation Alternatives
20260707,9,DOM-2024-0036-DNH,DOM-2024-0036-DNH DOM-2024-0036,James Hill,Do No Harm Solution Meeting,Do No Harm Analysis – James Hill,,,,excluded_do_no_harm,,,,TEAC – Dominion Supplemental 7/7/2026 Dominion Transmission Zone: Supplemental Do No Harm Analysis Need Number: DOM-2024-0036-DNH Process Stage: Do No Harm Solution Meeting 07/07/2026 Previously Presented: Solution Meeting 02/03/2026 Project Driver: Do No Harm Analysis – James Hill Specific Assumption References: Customer load request will be evaluated per Dominion’s Facility Interconnection Requi
20260707,10,DOM-2024-0036-DNH,DOM-2024-0036-DNH,,Solution Meeting,Do No Harm Analysis – James Hill,,,,excluded_do_no_harm,,,,"TEAC – Dominion Supplemental 7/7/2026 Dominion Transmission Zone: Supplemental Do No Harm Analysis Need Number: DOM-2024-0036-DNH Process Stage: Solution Meeting 07/07/2026 Project Driver: Do No Harm Analysis – James Hill Proposed Solution: § Replace Carson 500/230 kV TX #2 with new 1440 MVA TX bank (3-480MVA, and a spare) and replace any low-side equipment that limits the TX rating. § Rebuild 230"
20260707,11,DOM-2025-0030,DOM-2025-0030,Sunset Hill,Solution Meeting,Customer Service,,DEV,100.0,stated_load,,"December 31, 2028",yes,TEAC – Dominion Supplemental 7/7/2026 Dominion Transmission Zone: Supplemental Customer Load RequestNeed Number: DOM-2025-0030 Process Stage: Solution Meeting 07/07/2026 Previously Presented: Need Meeting 01/06/2026 Project Driver: Customer Service Specific Assumption References: Customer load request will be evaluated per Dominion’s Facility Interconnection Requirements Document and Dominion’s Tr
20260707,12,DOM-2025-0030,DOM-2025-0030,,Solution Meeting,Customer Service,,,,,,,,"TEAC – Dominion Supplemental 7/7/2026 Dominion Transmission Zone: Supplemental Sunset Hill 230 kV Delivery – Install 2nd TX - DEV Need Number: DOM-2025-0030 Process Stage: Solution Meeting 07/07/2026 Project Driver: Customer Service Proposed Solution: Install one (1) 1200 Amp, 63kAIC circuit switcher and associated equipment to facilitate installation of a second 84 MVA, 230/34.5 kV transformer. E"
20260707,13,DOM-2025-0031,DOM-2025-0031,Elm Farm,Solution Meeting,Customer Service,Prince William,DEV,69.0,stated_load,,"December 31, 2027",yes,TEAC – Dominion Supplemental 7/7/2026 Dominion Transmission Zone: Supplemental Customer Load Request Need Number: DOM-2025-0031 Process Stage: Solution Meeting 07/07/2026 Previously Process Stage: Need Meeting 01/06/2026 Project Driver: Customer Service Specific Assumption References: Customer load request will be evaluated per Dominion’s Facility Interconnection Requirements Document and Dominion
20260707,14,DOM-2025-0031,DOM-2025-0031,,Solution Meeting,Customer Service,,,,,,,,"TEAC – Dominion Supplemental 7/7/2026 Dominion Transmission Zone: Supplemental Elm Farm 230 kV Delivery – Install 2nd TX - DEV Need Number: DOM-2025-0031 Process Stage: Solution Meeting 07/07/2026 Project Driver: Customer Service Proposed Solution: Install one (1) 1200 Amp, 25kAIC circuit switcher and associated equipment to facilitate installation of a second 56 MVA, 115/34.5 kV transformer. Esti"
20260707,15,DOM-2019-0021,DOM-2019-0021 DOM-2024-0022 DOM-2024-0023 DOM-2024-0024,Hopewell,Solution Meeting,Do No Harm Analysis – Meadowville Load Area,,,,excluded_do_no_harm,,,yes,"TEAC – Dominion Supplemental 7/7/2026 Meadowville Load Area Dominion Transmission Zone: Supplemental Do No Harm Analysis Need Number: DOM-2019-0021, DOM-2024-0022, DOM-2024-0023, DOM-2024-0024 - DNH Process Stage: Solution Meeting 12/03/2024; Update 1/6/2026; Update 7/7/2026 Previously Presented: Solution Meeting 6/30/2024: DOM-2019-0021 & DOM-2024-0022 Solution Meeting 12/03/2024: DOM-2024-0023 &"
20260804,3,DOM-2023-0011,DOM-2023-0011,Atlas,Update Meeting,Customer Service,,DEV,,excluded_unanchored_mw,,04/01/2028,yes,TEAC – Dominion Supplemental 08/04/2026 Dominion Transmission Zone: Supplemental Customer Load Request Need Number: DOM-2023-0011 UPDATE Process Stage: Update Meeting 08/04/2026 Previously Presented: Submission of Supplemental Project for Inclusion in the Local Plan 02/21/2024 Project Driver: Customer Service Specific Assumption References: Customer load request will be evaluated per Dominion’s Fa
20260804,4,DOM-2023-0011,DOM-2023-0011 DOM-2023-0009-DNH,Atlas | Gemini,Update Meeting,,,,,excluded_do_no_harm,,,,TEAC – Dominion Supplemental 08/04/2026 Dominion Transmission Zone: Supplemental Atlas 230kV Delivery - DEVNeed Number: DOM-2023-0011 Process Stage: Update Meeting 08/04/2026 Proposed Solution: • Interconnect the new substation by extending approx. 1200’ of (1) (2) new 230 kV lines from Gemini to the proposed Atlas Substation. Re-terminate (1) of the 230 kV segments from Daves Store to Trident (DO
20260908,3,DOM-2026-0036,DOM-2026-0036,CIA | Idylwood,Need Meeting,,,,,excluded_unanchored_mw,,,,"TEAC – Dominion Supplemental 9/08/2026 Dominion Transmission Zone: Supplemental Equipment Material Condition, Performance and Risk Need Number: DOM-2026-0036 Process Stage: Need Meeting 09/08/2026 Project Driver: Equipment Material Condition, Performance and Risk Specific Assumption References: See details on Equipment Material Condition, Performance and Risk in Dominion’s Planning Assumptions pre"
20260908,4,DOM-2026-0037,DOM-2026-0037,New Road,Need Meeting,Operational Flexibility and Efficiency,,,,,,,,TEAC – Dominion Supplemental 9/08/2026 Dominion Transmission Zone: Supplemental Operational Flexibility and Efficiency Need Number: DOM-2026-0037 Process Stage: Need Meeting 09/08/2026 Project Driver: Operational Flexibility and Efficiency Specific Assumption References: See details on Operational Flexibility and Efficiency in Dominion’s Planning Assumptions presented in December 2025. Problem Sta
20260908,6,DOM-2026-0016,DOM-2026-0016,Pleasant View | Greenwich | Liberty | Clifton | Lanexa | Jefferson Street | Valley | Newport News,Solution Meeting,,,,,,,,,"TEAC – Dominion Supplemental 9/08/2026 Dominion Transmission Zone: Supplemental Equipment Material Condition, Performance Risk Need Number: DOM-2026-0016 Process Stage: Solution Meeting 9/8/2026 Previously Presented: Need Meeting 4/7/2026 Project Driver: Equipment Material Condition, Performance Risk Specific Assumption References: See details on Equipment Material Condition, Performance and Risk "
20260908,7,DOM-2026-0016,DOM-2026-0016,Valley Newport News,Solution Meeting,,,,,,,,,"TEAC – Dominion Supplemental 9/08/2026 Need Number: DOM-2026-0016 Process Stage: Solution Meeting 09/08/2026 Project Driver: Equipment Material Condition, Performance Risk Proposed Solution: Replace the 230 kV cap banks at Liberty, Clifton, Greenwich, Lanexa, Pleasant View, Jefferson Street, Valley and Newport News with like-for-like replacements. Table provides replacement cap bank sizes. Estimat"
20260908,8,DOM-2026-0019,DOM-2026-0019,,Solution Meeting,,,,,,,,,"TEAC – Dominion Supplemental 9/08/2026 Dominion Transmission Zone: Supplemental Equipment Material Condition, Performance and Risk Need Number: DOM-2026-0019 Process Stage: Solution Meeting 09/08/2026 Previously Presented: Need Meeting 05/08/2026 Project Driver: Equipment Material Condition, Performance Risk Specific Assumption References: See details on Equipment Material Condition, Performance a"
20260908,9,DOM-2026-0019,DOM-2026-0019,Bremo | Fork Union,Solution Meeting,,,,,,,,,"TEAC – Dominion Supplemental 9/08/2026 Dominion Transmission Zone: Supplemental Line #298 EOL Rebuild – Farmville to Fork Union Need Number: DOM-2026-0019 Process Stage: Solution Meeting 09/08/2026 Previously Presented: Need Meeting 05/08/2026 Project Driver: Equipment Material Condition, Performance and Risk Proposed Solution: Wreck and rebuild the existing #298 transmission line from Farmville t"
20260908,11,DOM-2024-0058,DOM-2024-0058,Flamingo,Cancellation Meeting,Customer Service,Hanover,,,excluded_unanchored_mw,,01/01/2029,yes,TEAC – Dominion Supplemental 9/08/2026 Dominion Transmission Zone: Supplemental Customer Load Request Need Number: DOM-2024-0058 (Canceled) Process Stage: Cancellation Meeting 09/08/2026 Previously Presented: Solution Meeting 10/08/2025 Project Driver: Customer Service Specific Assumption References: Customer load request will be evaluated per Dominion’s Facility Interconnection Requirements Docum
20260908,12,DOM-2024-0058,DOM-2024-0058,Flamingo,Cancellation Meeting,Customer Service,,,,,,,,TEAC – Dominion Supplemental 9/08/2026 Dominion Transmission Zone: Supplemental Flamingo 230kV Delivery - DEV Need Number: DOM-2024-0058 (Canceled) Process Stage: Cancellation Meeting 09/08/2026 Project Driver: Customer Service Proposed Solution: Cut existing 230kV Line 2103 (Elmont to Short Pump) in and out of proposed Flamingo substation. Lines to terminate initially in a 230kV four-breaker ring
20260908,13,DOM-2024-0061,DOM-2024-0061,Aphrodite,Cancellation Meeting,Customer Service,Prince William,,,excluded_unanchored_mw,,09/30/2027,yes,TEAC – Dominion Supplemental 9/08/2026 Dominion Transmission Zone: Supplemental Customer Load Request Need Number: DOM-2024-0061(Canceled) Process Stage: Cancellation Meeting 09/08/2026 Previously Presented: Solution Meeting 10/08/2025 Project Driver: Customer Service Specific Assumption References: Customer load request will be evaluated per Dominion’s Facility Interconnection Requirements Docume
20260908,14,DOM-2024-0061,DOM-2024-0061,Aphrodite,Cancellation Meeting,Customer Service,,,,,,,,TEAC – Dominion Supplemental 9/08/2026 Dominion Transmission Zone: Supplemental Aphrodite 230kV Delivery - NOVECNeed Number: DOM-2024-0061(Canceled) Process Stage: Cancellation Meeting 09/08/2026 Project Driver: Customer Service Proposed Solution: • Cut Line #2030 (Loudoun – Gainesville) to interconnect the proposed Aphrodite Substation. • Lines to terminate into a 230 kV four-breaker ring arrange
20260908,15,DOM-2024-0062,DOM-2024-0062,Demeter,Cancellation Meeting,Customer Service,Prince William,,,excluded_unanchored_mw,,05/01/2028,yes,TEAC – Dominion Supplemental 9/08/2026 Dominion Transmission Zone: Supplemental Customer Load Request Need Number: DOM-2024-0062(Canceled) Process Stage: Cancellation Meeting 09/08/2026 Previously Presented: Solution Meeting 10/08/2025 Project Driver: Customer Service Specific Assumption References: Customer load request will be evaluated per Dominion’s Facility Interconnection Requirements Docume
20260908,16,DOM-2024-0062,DOM-2024-0062,Demeter,Cancellation Meeting,Customer Service,,,,,,,,TEAC – Dominion Supplemental 9/08/2026 Dominion Transmission Zone: Supplemental Demeter 230kV Delivery - NOVECNeed Number: DOM-2024-0062(Canceled) Process Stage: Cancellation Meeting 09/08/2026 Project Driver: Customer Service Proposed Solution: • Cut and extend Line #2140 (Loudoun – Old Limb) approx. 0.3 miles to interconnect the proposed Demeter Substation. • Lines to terminate into a 230 kV fou
20260908,17,DOM-2024-0067,DOM-2024-0067,Harlem,Cancellation Meeting,Customer Service,Hanover,,,excluded_unanchored_mw,,01/01/2029,yes,TEAC – Dominion Supplemental 9/08/2026 Dominion Transmission Zone: Supplemental Customer Load Request Need Number: DOM-2024-0067 (Canceled) Process Stage: Cancellation Meeting 09/08/2026 Previously Presented: Need Meeting 9/13/2024 Project Driver: Customer Service Specific Assumption References: Customer load request will be evaluated per Dominion’s Facility Interconnection Requirements Document a
20260908,18,DOM-2025-0050,DOM-2025-0050,Artemis,Cancellation Meeting,Customer Service,Prince William,,300.0,stated_load,,12/30/2031,yes,TEAC – Dominion Supplemental 9/08/2026 Dominion Transmission Zone: Supplemental Customer Load Request Need Number: DOM-2025-0050(Canceled) Process Stage: Cancellation Meeting 09/08/2026 Previously Presented: Solution Meeting 10/08/2025 Project Driver: Customer Service Specific Assumption References: Customer load request will be evaluated per Dominion’s Facility Interconnection Requirements Docume
20260908,19,DOM-2025-0055,DOM-2025-0055,Hera,Cancellation Meeting,Customer Service,Prince William,,300.0,stated_load,,12/30/2031,yes,TEAC – Dominion Supplemental 9/08/2026 Dominion Transmission Zone: Supplemental Customer Load Request Need Number: DOM-2025-0055 (Canceled) Process Stage: Cancellation Meeting 09/08/2026 Previously Presented: Need Meeting 10/08/2025 Project Driver: Customer Service Specific Assumption References: Customer load request will be evaluated per Dominion’s Facility Interconnection Requirements Document 
20260908,20,DOM-2025-0057,DOM-2025-0057,Nero,Cancellation Meeting,Customer Service,Prince William,,300.0,stated_load,,12/30/2030,yes,TEAC – Dominion Supplemental 9/08/2026 Dominion Transmission Zone: Supplemental Customer Load Request Need Number: DOM-2025-0057(Canceled) Process Stage: Cancellation Meeting 09/08/2026 Previously Presented: Need Meeting 10/08/2025 Project Driver: Customer Service Specific Assumption References: Customer load request will be evaluated per Dominion’s Facility Interconnection Requirements Document a
20260908,21,DOM-2025-0068,DOM-2025-0068,Caesar,Cancellation Meeting,Customer Service,Prince William,,300.0,stated_load,,12/30/2030,yes,TEAC – Dominion Supplemental 9/08/2026 Dominion Transmission Zone: Supplemental Customer Load Request Need Number: DOM-2025-0068 (Canceled) Process Stage: Cancellation Meeting 09/08/2026 Previously Presented: Need Meeting 10/08/2025 Project Driver: Customer Service Specific Assumption References: Customer load request will be evaluated per Dominion’s Facility Interconnection Requirements Document 
20260908,22,DOM-2025-0100,DOM-2025-0100,Darbytown,Cancellation Meeting,Operational Flexibility and Efficiency,,,,,,,,TEAC – Dominion Supplemental 9/08/2026 Dominion Transmission Zone: Supplemental Operational Flexibility and Efficiency Need Number: DOM-2025-0100(Canceled) Process Stage: Cancellation Meeting 09/08/2026 Previously Presented: Need Meeting 4/7/2026 Project Driver: Operational Flexibility and Efficiency Specific Assumption References: See details on Operational Flexibility and Efficiency in Dominion’
