asset_id,kind,pwsid,pws_name,primacy_agency,population_served,service_connections,boundary_method,verification_status,data_source,echo_url,overlapping_systems
site-e3f13d4da0,site,MO1010415,KANSAS CITY PWS,MO,513800,178734,System Sourced,,https://services5.arcgis.com/OCY4MgI6bGqUzBPm/arcgis/rest/services/KCWater_Boundary_view/FeatureServer,https://echo.epa.gov/detailed-facility-report?fid=MO1010415&sys=SDWIS,1
site-79f8e8a702,site,CA3810011,SFPUC CITY DISTRIBUTION DIVISION,CA,848019,171099,System Sourced,Not Verified,https://gis.data.ca.gov/datasets/fbba842bf134497c9d611ad506ec48cc/explore,https://echo.epa.gov/detailed-facility-report?fid=CA3810011&sys=SDWIS,1
site-8abda5886f,site,OH3102612,CINCINNATI PUBLIC WATER SYSTEM,OH,750200,244716,System Sourced,Not Verified,https://gcww.maps.arcgis.com/apps/webappviewer/index.html?id=0a170c268c694e46a8a4e394630df0bd,https://echo.epa.gov/detailed-facility-report?fid=OH3102612&sys=SDWIS,1
site-73baf1f9d2,site,MN1270024,Minneapolis,MN,425300,98065,System Sourced,,https://www.minneapolismn.gov/resident-services/utility-services/water/water-quality/water-quality-lead/plumbing-faucets/lead-service-line-map/,https://echo.epa.gov/detailed-facility-report?fid=MN1270024&sys=SDWIS,1
site-9599644981,site,NH0691010,UNH/DURHAM WATER SYS,NH,16000,1250,System Sourced,,https://www.arcgis.com/home/item.html?id=f7f367ce57c74d2595c3e84a8f31ad74,https://echo.epa.gov/detailed-facility-report?fid=NH0691010&sys=SDWIS,1
site-1f599095a7,site,NH1951020,PEASE TRADE PORT,NH,9900,326,System Sourced,,https://www.arcgis.com/home/item.html?id=f7f367ce57c74d2595c3e84a8f31ad74,https://echo.epa.gov/detailed-facility-report?fid=NH1951020&sys=SDWIS,1
site-3769d404f0,site,MO1010415,KANSAS CITY PWS,MO,513800,178734,System Sourced,,https://services5.arcgis.com/OCY4MgI6bGqUzBPm/arcgis/rest/services/KCWater_Boundary_view/FeatureServer,https://echo.epa.gov/detailed-facility-report?fid=MO1010415&sys=SDWIS,1
site-ca41a43dcd,site,NC0114010,"LENOIR, CITY OF",NC,25573,10068,System Sourced,Verified ,https://www.nconemap.gov/datasets/nconemap::type-a-current-public-water-systems-2004/about,https://echo.epa.gov/detailed-facility-report?fid=NC0114010&sys=SDWIS,1
site-394522b2e1,site,MO1010415,KANSAS CITY PWS,MO,513800,178734,System Sourced,,https://services5.arcgis.com/OCY4MgI6bGqUzBPm/arcgis/rest/services/KCWater_Boundary_view/FeatureServer,https://echo.epa.gov/detailed-facility-report?fid=MO1010415&sys=SDWIS,1
site-68d6f7394b,site,MO1010415,KANSAS CITY PWS,MO,513800,178734,System Sourced,,https://services5.arcgis.com/OCY4MgI6bGqUzBPm/arcgis/rest/services/KCWater_Boundary_view/FeatureServer,https://echo.epa.gov/detailed-facility-report?fid=MO1010415&sys=SDWIS,1
site-cfb4ef0f7e,site,MA3009000,ANDOVER WATER DEPT,MA,36569,10110,System Sourced,Verified,https://www.mass.gov/info-details/massgis-data-massdep-estimated-public-drinking-water-system-service-area-boundaries,https://echo.epa.gov/detailed-facility-report?fid=MA3009000&sys=SDWIS,1
site-3e204ec4f7,site,WA5377050,SEATTLE PUBLIC UTILITIES,WA,1091904,171515,System Sourced,,https://geo.wa.gov/datasets/WADOH::drinking-water-service-areas/explore,https://echo.epa.gov/detailed-facility-report?fid=WA5377050&sys=SDWIS,1
site-494ebb81e7,site,VA6059501,FAIRFAX COUNTY WATER AUTHORITY,VA,1121613,281686,System Sourced,,https://fairfaxwater.maps.arcgis.com/apps/instant/sidebar/index.html?appid=371af69b796b48ce84e63e3aebc5c0fb,https://echo.epa.gov/detailed-facility-report?fid=VA6059501&sys=SDWIS,1
site-6d1707f1b8,site,VA6059501,FAIRFAX COUNTY WATER AUTHORITY,VA,1121613,281686,System Sourced,,https://fairfaxwater.maps.arcgis.com/apps/instant/sidebar/index.html?appid=371af69b796b48ce84e63e3aebc5c0fb,https://echo.epa.gov/detailed-facility-report?fid=VA6059501&sys=SDWIS,1
site-ce38e011f1,site,VA6059501,FAIRFAX COUNTY WATER AUTHORITY,VA,1121613,281686,System Sourced,,https://fairfaxwater.maps.arcgis.com/apps/instant/sidebar/index.html?appid=371af69b796b48ce84e63e3aebc5c0fb,https://echo.epa.gov/detailed-facility-report?fid=VA6059501&sys=SDWIS,1
site-1d125162dc,site,WA5370450,QUINCY WATER DEPARTMENT CITY OF,WA,8415,2763,System Sourced,,https://geo.wa.gov/datasets/WADOH::drinking-water-service-areas/explore,https://echo.epa.gov/detailed-facility-report?fid=WA5370450&sys=SDWIS,1
site-e36d03b589,site,MO1010415,KANSAS CITY PWS,MO,513800,178734,System Sourced,,https://services5.arcgis.com/OCY4MgI6bGqUzBPm/arcgis/rest/services/KCWater_Boundary_view/FeatureServer,https://echo.epa.gov/detailed-facility-report?fid=MO1010415&sys=SDWIS,1
site-74fc5d7f4d,site,IL0430900,WEST CHICAGO,IL,25166,6869,Modeled,,,https://echo.epa.gov/detailed-facility-report?fid=IL0430900&sys=SDWIS,1
site-1fb24c5a14,site,OH2200203,ERIE CO MARGARETTA DISTRICT,OH,5131,2180,System Sourced,Not Verified,https://epa.ohio.gov/divisions-and-offices/drinking-and-ground-waters/reports-and-data/lead-lines-mapping,https://echo.epa.gov/detailed-facility-report?fid=OH2200203&sys=SDWIS,1
site-9ebc0dcf6f,site,CA1910040,"EL SEGUNDO-CITY, WATER DEPT.",CA,16445,6364,System Sourced,Verified,https://gis.data.ca.gov/datasets/fbba842bf134497c9d611ad506ec48cc/explore,https://echo.epa.gov/detailed-facility-report?fid=CA1910040&sys=SDWIS,1
site-cb02f1883d,site,VA4087125,HENRICO COUNTY WATER SYSTEM,VA,292000,95816,System Sourced,,https://services.arcgis.com/LxWK4CxNTBBlLshT/arcgis/rest/services/Parcel_Lead_Status_Point/FeatureServer/2,https://echo.epa.gov/detailed-facility-report?fid=VA4087125&sys=SDWIS,1
site-9624de1a57,site,FL4130871,MDWASA - MAIN SYSTEM,FL,2300000,560000,System Sourced,,https://experience.arcgis.com/experience/914132252dbb4639873d02988af59f23/page/english,https://echo.epa.gov/detailed-facility-report?fid=FL4130871&sys=SDWIS,1
site-036d58e7ec,site,WI1130224,MADISON WATER UTILITY,WI,272000,100740,System Sourced,,https://www.cityofmadison.com/water/water-quality/lead-copper-in-water/lead-service-line-inventory,https://echo.epa.gov/detailed-facility-report?fid=WI1130224&sys=SDWIS,1
site-37326288ad,site,CA4310011,SAN JOSE WATER,CA,1039920,237130,System Sourced,Not Verified,https://gis.data.ca.gov/datasets/fbba842bf134497c9d611ad506ec48cc/explore,https://echo.epa.gov/detailed-facility-report?fid=CA4310011&sys=SDWIS,2
site-b003d6d369,site,CA4310011,SAN JOSE WATER,CA,1039920,237130,System Sourced,Not Verified,https://gis.data.ca.gov/datasets/fbba842bf134497c9d611ad506ec48cc/explore,https://echo.epa.gov/detailed-facility-report?fid=CA4310011&sys=SDWIS,2
site-3ec6528031,site,CA1910179,"BURBANK-CITY, WATER DEPT.",CA,105603,27172,System Sourced,Verified,https://gis.data.ca.gov/datasets/fbba842bf134497c9d611ad506ec48cc/explore,https://echo.epa.gov/detailed-facility-report?fid=CA1910179&sys=SDWIS,1
site-5a5dca3a03,site,CA1910067,"LOS ANGELES-CITY, DEPT. OF WATER & POWER",CA,3856043,709623,System Sourced,Verified,https://gis.data.ca.gov/datasets/fbba842bf134497c9d611ad506ec48cc/explore,https://echo.epa.gov/detailed-facility-report?fid=CA1910067&sys=SDWIS,1
site-9a04dad6dc,site,TX0150018,SAN ANTONIO WATER SYSTEM,TX,1999472,725972,System Sourced,,https://www3.twdb.texas.gov/apps/WaterServiceBoundaries/Home/Overview,https://echo.epa.gov/detailed-facility-report?fid=TX0150018&sys=SDWIS,1
site-39d181b7c8,site,TX0150018,SAN ANTONIO WATER SYSTEM,TX,1999472,725972,System Sourced,,https://www3.twdb.texas.gov/apps/WaterServiceBoundaries/Home/Overview,https://echo.epa.gov/detailed-facility-report?fid=TX0150018&sys=SDWIS,1
site-023583e4d0,site,TN0000494,METRO WATER SERVICES,TN,778153,336863,System Sourced,,https://tdec-division-of-water-tdec.hub.arcgis.com/datasets/cc62b90b5775475c94f503cf225c5fd7_0,https://echo.epa.gov/detailed-facility-report?fid=TN0000494&sys=SDWIS,1
site-2ab7bf4fab,site,GA0670003,COBB COUNTY,GA,695000,183518,System Sourced,,,https://echo.epa.gov/detailed-facility-report?fid=GA0670003&sys=SDWIS,1
site-4b028a9847,site,OH2504412,COLUMBUS PUBLIC WATER SYSTEM,OH,1305946,284610,System Sourced,,https://service-line-inventory-columbus.hub.arcgis.com/,https://echo.epa.gov/detailed-facility-report?fid=OH2504412&sys=SDWIS,1
site-23ef4dc9c9,site,IN5203002,COLUMBUS MUNICIPAL UTILITY,IN,56490,22596,System Sourced,,https://www.arcgis.com/home/item.html?id=f9e31b43dbd84fe39763ba7a95e4fff3,https://echo.epa.gov/detailed-facility-report?fid=IN5203002&sys=SDWIS,1
site-e625f860e2,site,TX1010013,CITY OF HOUSTON,TX,2202531,954657,System Sourced,,https://www3.twdb.texas.gov/apps/WaterServiceBoundaries/Home/Overview,https://echo.epa.gov/detailed-facility-report?fid=TX1010013&sys=SDWIS,1
site-772d54c3e3,site,TX0570015,CITY OF RICHARDSON,TX,122615,58307,System Sourced,,https://www3.twdb.texas.gov/apps/WaterServiceBoundaries/Home/Overview,https://echo.epa.gov/detailed-facility-report?fid=TX0570015&sys=SDWIS,1
site-9d011da9e7,site,NJ0820001,WEST DEPTFORD TWP WATER DEPT,NJ,22000,5782,System Sourced,,https://rutgers.maps.arcgis.com/home/item.html?id=0cb88cd0315e48f491f2122cb824c158,https://echo.epa.gov/detailed-facility-report?fid=NJ0820001&sys=SDWIS,1
site-c2151ce879,site,NE3105507,METROPOLITAN UTILITIES DISTRICT,NE,600000,220882,System Sourced,,https://experience.arcgis.com/experience/0b2b8f5ae71b41e2b483db56eb4ad486,https://echo.epa.gov/detailed-facility-report?fid=NE3105507&sys=SDWIS,1
site-00ae4bc616,site,FL3480327,TOWN OF EATONVILLE,FL,2727,779,System Sourced,,https://data-floridaswater.opendata.arcgis.com/datasets/f2f54ba2896e464a890ce827644f250d_0/explore,https://echo.epa.gov/detailed-facility-report?fid=FL3480327&sys=SDWIS,1
site-81f5bcb956,site,MO2010429,KIRKSVILLE PWS,MO,17566,7336,Modeled,,,https://echo.epa.gov/detailed-facility-report?fid=MO2010429&sys=SDWIS,1
site-a756a74a7f,site,NJ1225001,MIDDLESEX WATER COMPANY,NJ,233376,58344,System Sourced,,https://rutgers.maps.arcgis.com/home/item.html?id=0cb88cd0315e48f491f2122cb824c158,https://echo.epa.gov/detailed-facility-report?fid=NJ1225001&sys=SDWIS,1
site-56dd7a2edc,site,TX2430001,CITY OF WICHITA FALLS,TX,102316,57144,System Sourced,,https://www3.twdb.texas.gov/apps/WaterServiceBoundaries/Home/Overview,https://echo.epa.gov/detailed-facility-report?fid=TX2430001&sys=SDWIS,1
site-ba781b4142,site,NJ2004002,NJ AMERICAN WATER - RARITAN,NJ,615430,205035,System Sourced,,https://rutgers.maps.arcgis.com/home/item.html?id=0cb88cd0315e48f491f2122cb824c158,https://echo.epa.gov/detailed-facility-report?fid=NJ2004002&sys=SDWIS,1
site-5f23fd8296,site,MT0000304,PHILIPSBURG  TOWN OF,MT,1360,544,Modeled,,,https://echo.epa.gov/detailed-facility-report?fid=MT0000304&sys=SDWIS,1
site-00d2f02310,site,CO0203002,ARAPAHOE CNTY WWWA,CO,31000,3951,System Sourced,,https://www.arcgis.com/home/item.html?id=186d23c71dee48fd84e915924c028b70,https://echo.epa.gov/detailed-facility-report?fid=CO0203002&sys=SDWIS,1
site-e8b6fe991e,site,NY5903465,YONKERS CITY,NY,211569,30000,System Sourced,,https://water.ny.gov/doh2/applinks/waterqual/#/waterMaps,https://echo.epa.gov/detailed-facility-report?fid=NY5903465&sys=SDWIS,1
site-45576e7258,site,WA5370450,QUINCY WATER DEPARTMENT CITY OF,WA,8415,2763,System Sourced,,https://geo.wa.gov/datasets/WADOH::drinking-water-service-areas/explore,https://echo.epa.gov/detailed-facility-report?fid=WA5370450&sys=SDWIS,1
site-efc32006bf,site,WA5321800,EAST WENATCHEE WATER DISTRICT,WA,26519,11820,System Sourced,,https://geo.wa.gov/datasets/WADOH::drinking-water-service-areas/explore,https://echo.epa.gov/detailed-facility-report?fid=WA5321800&sys=SDWIS,2
site-6a61aa6d70,site,TN0000069,BRENTWOOD WATER DEPARTMENT,TN,30493,10662,System Sourced,,https://tdec-division-of-water-tdec.hub.arcgis.com/datasets/cc62b90b5775475c94f503cf225c5fd7_0,https://echo.epa.gov/detailed-facility-report?fid=TN0000069&sys=SDWIS,1
site-f7e64e172f,site,NY3100585,WHEATFIELD WD,NY,18117,6358,System Sourced,,https://water.ny.gov/doh2/applinks/waterqual/#/waterMaps,https://echo.epa.gov/detailed-facility-report?fid=NY3100585&sys=SDWIS,1
site-e796fb5b18,site,AZ0410112,TUCSON CITY OF,AZ,732906,191264,System Sourced,,https://gisdata2016-11-18t150447874z-azwater.opendata.arcgis.com/datasets/cws-service-area-1/about,https://echo.epa.gov/detailed-facility-report?fid=AZ0410112&sys=SDWIS,1
site-45f6df4f50,site,NC0114010,"LENOIR, CITY OF",NC,25573,10068,System Sourced,Verified ,https://www.nconemap.gov/datasets/nconemap::type-a-current-public-water-systems-2004/about,https://echo.epa.gov/detailed-facility-report?fid=NC0114010&sys=SDWIS,1
site-454336c79f,site,KS2009110,WATER DISTRICT 1 OF JOHNSON CO,KS,482000,157164,System Sourced,,https://hub.kansasgis.org/maps/KSDOT::rural-water-districts/about ,https://echo.epa.gov/detailed-facility-report?fid=KS2009110&sys=SDWIS,1
site-8c3e261116,site,TN0000041,BEAN STATION UTILITY DISTRICT,TN,10378,4102,System Sourced,,https://tdec-division-of-water-tdec.hub.arcgis.com/datasets/cc62b90b5775475c94f503cf225c5fd7_0,https://echo.epa.gov/detailed-facility-report?fid=TN0000041&sys=SDWIS,1
site-6b26b2f908,site,CO0103005,AURORA CITY OF,CO,487365,91912,System Sourced,,https://lead-service-cityofaurora.hub.arcgis.com/,https://echo.epa.gov/detailed-facility-report?fid=CO0103005&sys=SDWIS,1
site-6008f8f0c3,site,NY1400399,ECWA AMHERST,NY,80228,29335,System Sourced,,https://water.ny.gov/doh2/applinks/waterqual/#/waterMaps,https://echo.epa.gov/detailed-facility-report?fid=NY1400399&sys=SDWIS,1
site-284b5d6a1a,site,WI2520062,RACINE WATERWORKS,WI,105100,38925,System Sourced,,https://r-m.maps.arcgis.com/apps/webappviewer/index.html?id=e9fbfa7648fa4fdf8514c3d4100c7ccf,https://echo.epa.gov/detailed-facility-report?fid=WI2520062&sys=SDWIS,1
site-6965cfa84e,site,NC0190413,UNION COUNTY WATER SYSTEM,NC,167554,65966,System Sourced,Verified ,https://www.nconemap.gov/datasets/nconemap::type-a-current-public-water-systems-2004/about,https://echo.epa.gov/detailed-facility-report?fid=NC0190413&sys=SDWIS,1
site-41b0db2cda,site,CA3710027,VISTA IRRIGATION DISTRICT,CA,132430,27798,System Sourced,Verified,https://gis.data.ca.gov/datasets/fbba842bf134497c9d611ad506ec48cc/explore,https://echo.epa.gov/detailed-facility-report?fid=CA3710027&sys=SDWIS,1
site-1c1f258092,site,NJ1808001,FRANKLIN TOWNSHIP DEPT OF PUBLIC WORKS,NJ,57150,13287,System Sourced,,https://rutgers.maps.arcgis.com/home/item.html?id=0cb88cd0315e48f491f2122cb824c158,https://echo.epa.gov/detailed-facility-report?fid=NJ1808001&sys=SDWIS,1
site-61d7a33d31,site,AZ0407094,GOODYEAR WATER DEPARTMENT,AZ,50001,18277,System Sourced,,https://gisdata2016-11-18t150447874z-azwater.opendata.arcgis.com/datasets/cws-service-area-1/about,https://echo.epa.gov/detailed-facility-report?fid=AZ0407094&sys=SDWIS,1
site-39f3f010ae,site,IA7727031,DES MOINES WATER WORKS,IA,246055,94000,System Sourced,,,https://echo.epa.gov/detailed-facility-report?fid=IA7727031&sys=SDWIS,1
site-ffbfe22253,site,OK1020418,TULSA,OK,413000,162343,System Sourced,,https://experience.arcgis.com/experience/a6030c6575af4caaad5d5534cf6d5d09/page/Service-Line-Inspection,https://echo.epa.gov/detailed-facility-report?fid=OK1020418&sys=SDWIS,1
site-09c0a1c2f6,site,CT1480011,WALLINGFORD WATER DEPARTMENT,CT,37267,13204,System Sourced,,https://portal.ct.gov/dph/drinking-water/dws/public-water-supply-map,https://echo.epa.gov/detailed-facility-report?fid=CT1480011&sys=SDWIS,1
site-21fba76db0,site,GA1210005,NORTH FULTON COUNTY,GA,434517,149451,System Sourced,,Fulton County Water Service Lookuphttps://fulcogis.maps.arcgis.com/apps/webappviewer/index.html?id=308db7d1802b4158b97f57fa9cb86a7b,https://echo.epa.gov/detailed-facility-report?fid=GA1210005&sys=SDWIS,1
site-8f74e99e7d,site,AZ0402005,"BENSON, CITY OF WATER SYSTEM",AZ,5355,2423,System Sourced,,https://gisdata2016-11-18t150447874z-azwater.opendata.arcgis.com/datasets/cws-service-area-1/about,https://echo.epa.gov/detailed-facility-report?fid=AZ0402005&sys=SDWIS,1
site-3249614081,site,VA4041845,CHESTERFIELD CO CENTRAL WATER SYSTEM,VA,383115,122825,System Sourced,,https://services3.arcgis.com/TsynfzBSE6sXfoLq/arcgis/rest/services/Water_Service_Line_Material_Shape_File/FeatureServer,https://echo.epa.gov/detailed-facility-report?fid=VA4041845&sys=SDWIS,1
site-520cf82574,site,NY4303673,VEOLIA WATER NEW YORK,NY,270000,56150,System Sourced,,https://water.ny.gov/doh2/applinks/waterqual/#/waterMaps,https://echo.epa.gov/detailed-facility-report?fid=NY4303673&sys=SDWIS,1
site-ab723343bb,site,NY3100568,NIAGARA FALLS WATER BOARD,NY,50193,19500,System Sourced,,https://water.ny.gov/doh2/applinks/waterqual/#/waterMaps,https://echo.epa.gov/detailed-facility-report?fid=NY3100568&sys=SDWIS,1
site-b256c590ed,site,VA6107300,"LEESBURG, TOWN OF",VA,65028,16511,System Sourced,,https://services1.arcgis.com/7owdfh5mgjEgbCSM/arcgis/rest/services/LCCRSeptGeocoding_Result/FeatureServer,https://echo.epa.gov/detailed-facility-report?fid=VA6107300&sys=SDWIS,1
site-44a18e2808,site,IL1190250,EDWARDSVILLE,IL,26808,9436,Modeled,,,https://echo.epa.gov/detailed-facility-report?fid=IL1190250&sys=SDWIS,1
site-2fbd22b425,site,WI6170268,MENOMONIE WATERWORKS,WI,15950,4206,System Sourced,,https://www.arcgis.com/home/item.html?id=df3f96cb62974055bb58522fbcdd79d3,https://echo.epa.gov/detailed-facility-report?fid=WI6170268&sys=SDWIS,1
site-dc2080cbb1,site,NM3511707,LAS CRUCES MUNICIPAL WATER SYSTEM,NM,98175,40401,System Sourced,,https://geospatialdata-ose.opendata.arcgis.com/datasets/OSE::new-mexico-public-water-system-boundaries/about,https://echo.epa.gov/detailed-facility-report?fid=NM3511707&sys=SDWIS,1
site-7a5814172b,site,TX0150018,SAN ANTONIO WATER SYSTEM,TX,1999472,725972,System Sourced,,https://www3.twdb.texas.gov/apps/WaterServiceBoundaries/Home/Overview,https://echo.epa.gov/detailed-facility-report?fid=TX0150018&sys=SDWIS,1
site-5f0e174336,site,IL0314400,ELK GROVE VILLAGE,IL,34700,12535,Modeled,,,https://echo.epa.gov/detailed-facility-report?fid=IL0314400&sys=SDWIS,1
site-9f112886a8,site,VA6107350,LOUDOUN WATER - CENTRAL SYSTEM,VA,334808,83426,System Sourced,,https://geodata.dep.state.fl.us/datasets/pws-lead-service-line-inventories-lsli-2/about,https://echo.epa.gov/detailed-facility-report?fid=VA6107350&sys=SDWIS,1
site-38eb70d2ce,site,OH2101412,"DEL-CO WATER COMPANY, INC.",OH,150000,55000,System Sourced,Not Verified,https://del-co.maps.arcgis.com/apps/webappviewer/index.html?id=b13fd43c5eb24f498fafb1d59a96efaa,https://echo.epa.gov/detailed-facility-report?fid=OH2101412&sys=SDWIS,1
site-f724aa0900,site,AZ0407095,MESA CITY OF,AZ,466000,142500,System Sourced,,https://gisdata2016-11-18t150447874z-azwater.opendata.arcgis.com/datasets/cws-service-area-1/about,https://echo.epa.gov/detailed-facility-report?fid=AZ0407095&sys=SDWIS,1
site-f0ff51a73e,site,OK3005106,MUSKOGEE CO. RWD #1 (OKTAHA),OK,2280,932,System Sourced,,https://owrb.csa.ou.edu/server/rest/services/Water_Supply/Water_Systems/MapServer/0,https://echo.epa.gov/detailed-facility-report?fid=OK3005106&sys=SDWIS,1
site-60241eb0cf,site,KS2009110,WATER DISTRICT 1 OF JOHNSON CO,KS,482000,157164,System Sourced,,https://hub.kansasgis.org/maps/KSDOT::rural-water-districts/about ,https://echo.epa.gov/detailed-facility-report?fid=KS2009110&sys=SDWIS,1
site-6213e91668,site,OH2504412,COLUMBUS PUBLIC WATER SYSTEM,OH,1305946,284610,System Sourced,,https://service-line-inventory-columbus.hub.arcgis.com/,https://echo.epa.gov/detailed-facility-report?fid=OH2504412&sys=SDWIS,1
site-1f515bce53,site,MS0450006,CITY OF CANTON,MS,16980,6432,System Sourced,,https://mpsc-mississippi.opendata.arcgis.com/datasets/5a08ea9c3f6140479260f1f15e115bd1_1/about,https://echo.epa.gov/detailed-facility-report?fid=MS0450006&sys=SDWIS,1
site-ab33723ade,site,TX0150018,SAN ANTONIO WATER SYSTEM,TX,1999472,725972,System Sourced,,https://www3.twdb.texas.gov/apps/WaterServiceBoundaries/Home/Overview,https://echo.epa.gov/detailed-facility-report?fid=TX0150018&sys=SDWIS,1
site-13694f0698,site,VA6107350,LOUDOUN WATER - CENTRAL SYSTEM,VA,334808,83426,System Sourced,,https://geodata.dep.state.fl.us/datasets/pws-lead-service-line-inventories-lsli-2/about,https://echo.epa.gov/detailed-facility-report?fid=VA6107350&sys=SDWIS,1
site-a46ad9ccb0,site,AZ0407095,MESA CITY OF,AZ,466000,142500,System Sourced,,https://gisdata2016-11-18t150447874z-azwater.opendata.arcgis.com/datasets/cws-service-area-1/about,https://echo.epa.gov/detailed-facility-report?fid=AZ0407095&sys=SDWIS,1
site-15099c4d20,site,TX0030004,CITY OF LUFKIN,TX,51236,28478,System Sourced,,https://www3.twdb.texas.gov/apps/WaterServiceBoundaries/Home/Overview,https://echo.epa.gov/detailed-facility-report?fid=TX0030004&sys=SDWIS,1
site-6e6ecc8b55,site,TX1270006,HAWLEY WSC,TX,7830,2610,System Sourced,,https://www3.twdb.texas.gov/apps/WaterServiceBoundaries/Home/Overview,https://echo.epa.gov/detailed-facility-report?fid=TX1270006&sys=SDWIS,1
site-8923400c87,site,KS2000702,"MEDICINE LODGE, CITY OF",KS,1723,1020,System Sourced,,https://hub.kansasgis.org/maps/KSDOT::rural-water-districts/about ,https://echo.epa.gov/detailed-facility-report?fid=KS2000702&sys=SDWIS,1
site-edfa96c37a,site,TX0140005,CITY OF TEMPLE,TX,94935,40907,System Sourced,,https://www3.twdb.texas.gov/apps/WaterServiceBoundaries/Home/Overview,https://echo.epa.gov/detailed-facility-report?fid=TX0140005&sys=SDWIS,1
site-edaf2eb301,site,VA6107350,LOUDOUN WATER - CENTRAL SYSTEM,VA,334808,83426,System Sourced,,https://geodata.dep.state.fl.us/datasets/pws-lead-service-line-inventories-lsli-2/about,https://echo.epa.gov/detailed-facility-report?fid=VA6107350&sys=SDWIS,1
site-35ed4f87e7,site,VA6107350,LOUDOUN WATER - CENTRAL SYSTEM,VA,334808,83426,System Sourced,,https://geodata.dep.state.fl.us/datasets/pws-lead-service-line-inventories-lsli-2/about,https://echo.epa.gov/detailed-facility-report?fid=VA6107350&sys=SDWIS,1
site-65de06c201,site,WA5370450,QUINCY WATER DEPARTMENT CITY OF,WA,8415,2763,System Sourced,,https://geo.wa.gov/datasets/WADOH::drinking-water-service-areas/explore,https://echo.epa.gov/detailed-facility-report?fid=WA5370450&sys=SDWIS,1
site-4568e63e8f,site,TX2270001,CITY OF AUSTIN WATER & WASTEWATER,TX,1115323,279758,System Sourced,,https://www3.twdb.texas.gov/apps/WaterServiceBoundaries/Home/Overview,https://echo.epa.gov/detailed-facility-report?fid=TX2270001&sys=SDWIS,1
site-9e4ac0dd01,site,NY2902856,WESTBURY WD,NY,20500,5978,System Sourced,,https://water.ny.gov/doh2/applinks/waterqual/#/waterMaps,https://echo.epa.gov/detailed-facility-report?fid=NY2902856&sys=SDWIS,1
site-8540c17caf,site,NY2900000,TOWN OF HEMPSTEAD WATER DEPARTMENT,NY,110000,34956,System Sourced,,https://water.ny.gov/doh2/applinks/waterqual/#/waterMaps,https://echo.epa.gov/detailed-facility-report?fid=NY2900000&sys=SDWIS,1
site-e8531dfcf6,site,NM3510701,ALBUQUERQUE WATER SYSTEM,NM,560326,206795,System Sourced,,https://geospatialdata-ose.opendata.arcgis.com/datasets/OSE::new-mexico-public-water-system-boundaries/about,https://echo.epa.gov/detailed-facility-report?fid=NM3510701&sys=SDWIS,1
site-5e1eb67b4e,site,MI0006160,SOUTHFIELD,MI,71739,20167,System Sourced,,https://services3.arcgis.com/g3QkxoHFTJZSqad1/arcgis/rest/services/Southfield_Master_CDSMI_Updated_View/FeatureServer,https://echo.epa.gov/detailed-facility-report?fid=MI0006160&sys=SDWIS,1
site-165f31b4ab,site,MI0006160,SOUTHFIELD,MI,71739,20167,System Sourced,,https://services3.arcgis.com/g3QkxoHFTJZSqad1/arcgis/rest/services/Southfield_Master_CDSMI_Updated_View/FeatureServer,https://echo.epa.gov/detailed-facility-report?fid=MI0006160&sys=SDWIS,1
site-a16f5a39e4,site,MI0001023,BYRON-GAINES UTILITY AUTHORITY,MI,37464,20736,Modeled,,,https://echo.epa.gov/detailed-facility-report?fid=MI0001023&sys=SDWIS,1
site-618c1331f4,site,MO1010580,NORTH KANSAS CITY PWS,MO,4500,2100,Modeled,,,https://echo.epa.gov/detailed-facility-report?fid=MO1010580&sys=SDWIS,1
site-473e837aad,site,NE3105507,METROPOLITAN UTILITIES DISTRICT,NE,600000,220882,System Sourced,,https://experience.arcgis.com/experience/0b2b8f5ae71b41e2b483db56eb4ad486,https://echo.epa.gov/detailed-facility-report?fid=NE3105507&sys=SDWIS,1
site-6b057740e4,site,NJ0714001,NEWARK WATER DEPARTMENT,NJ,294274,36402,System Sourced,,https://rutgers.maps.arcgis.com/home/item.html?id=0cb88cd0315e48f491f2122cb824c158,https://echo.epa.gov/detailed-facility-report?fid=NJ0714001&sys=SDWIS,1
site-dfbdbbb454,site,OH2504412,COLUMBUS PUBLIC WATER SYSTEM,OH,1305946,284610,System Sourced,,https://service-line-inventory-columbus.hub.arcgis.com/,https://echo.epa.gov/detailed-facility-report?fid=OH2504412&sys=SDWIS,1
site-fe3d4c1dc4,site,AZ0407025,PHOENIX CITY OF,AZ,1695000,430118,System Sourced,,https://gisdata2016-11-18t150447874z-azwater.opendata.arcgis.com/datasets/cws-service-area-1/about,https://echo.epa.gov/detailed-facility-report?fid=AZ0407025&sys=SDWIS,1
site-93dea1af46,site,MA3305000,WAKEFIELD WATER DEPT,MA,27090,8557,System Sourced,Not Verified,https://www.mass.gov/info-details/massgis-data-massdep-estimated-public-drinking-water-system-service-area-boundaries,https://echo.epa.gov/detailed-facility-report?fid=MA3305000&sys=SDWIS,1
site-14641e2114,site,NV0000190,TRUCKEE MEADOWS WATER AUTHORITY,NV,442000,120047,System Sourced,,Lead and Copper: What TMWA Customers Need to Know - Truckee Meadows Water Authority,https://echo.epa.gov/detailed-facility-report?fid=NV0000190&sys=SDWIS,1
site-5f242a5f3d,site,MA3035000,BOSTON WATER AND SEWER COMMISSION (MWRA),MA,675647,88360,System Sourced,Verified,https://www.mass.gov/info-details/massgis-data-massdep-estimated-public-drinking-water-system-service-area-boundaries,https://echo.epa.gov/detailed-facility-report?fid=MA3035000&sys=SDWIS,1
site-3472cfcdf7,site,MN1600004,East Grand Forks,MN,9206,3019,System Sourced,,https://maps.umn.edu/LSL/,https://echo.epa.gov/detailed-facility-report?fid=MN1600004&sys=SDWIS,1
site-c4366ca601,site,WI2410100,MILWAUKEE WATERWORKS,WI,626000,231851,System Sourced,,https://services1.arcgis.com/O7h3OCRVxKceyg19/arcgis/rest/services/Lead_in_MIlwaukee_Drinking_Water_WFL1/FeatureServer,https://echo.epa.gov/detailed-facility-report?fid=WI2410100&sys=SDWIS,1
site-a581ffdb3c,site,NY1400422,BUFFALO WATER AUTHORITY,NY,276000,80000,System Sourced,,https://water.ny.gov/doh2/applinks/waterqual/#/waterMaps,https://echo.epa.gov/detailed-facility-report?fid=NY1400422&sys=SDWIS,1
site-568a0cad3c,site,TX1010013,CITY OF HOUSTON,TX,2202531,954657,System Sourced,,https://www3.twdb.texas.gov/apps/WaterServiceBoundaries/Home/Overview,https://echo.epa.gov/detailed-facility-report?fid=TX1010013&sys=SDWIS,1
site-5c36ab9e09,site,CA3810011,SFPUC CITY DISTRIBUTION DIVISION,CA,848019,171099,System Sourced,Not Verified,https://gis.data.ca.gov/datasets/fbba842bf134497c9d611ad506ec48cc/explore,https://echo.epa.gov/detailed-facility-report?fid=CA3810011&sys=SDWIS,1
site-05499e2374,site,NJ2004002,NJ AMERICAN WATER - RARITAN,NJ,615430,205035,System Sourced,,https://rutgers.maps.arcgis.com/home/item.html?id=0cb88cd0315e48f491f2122cb824c158,https://echo.epa.gov/detailed-facility-report?fid=NJ2004002&sys=SDWIS,1
site-b6ed82a210,site,CO0103005,AURORA CITY OF,CO,487365,91912,System Sourced,,https://lead-service-cityofaurora.hub.arcgis.com/,https://echo.epa.gov/detailed-facility-report?fid=CO0103005&sys=SDWIS,1
site-8ec31030de,site,NJ0238001,VEOLIA WATER NEW JERSEY HACKENSACK,NJ,792713,193600,System Sourced,,https://rutgers.maps.arcgis.com/home/item.html?id=0cb88cd0315e48f491f2122cb824c158,https://echo.epa.gov/detailed-facility-report?fid=NJ0238001&sys=SDWIS,1
site-7733e2d16e,site,NY5110526,SUFFOLK COUNTY WATER AUTHORITY,NY,1100000,336418,System Sourced,,https://water.ny.gov/doh2/applinks/waterqual/#/waterMaps,https://echo.epa.gov/detailed-facility-report?fid=NY5110526&sys=SDWIS,1
site-c4e2b051b1,site,MI0006160,SOUTHFIELD,MI,71739,20167,System Sourced,,https://services3.arcgis.com/g3QkxoHFTJZSqad1/arcgis/rest/services/Southfield_Master_CDSMI_Updated_View/FeatureServer,https://echo.epa.gov/detailed-facility-report?fid=MI0006160&sys=SDWIS,1
site-0a6d26703f,site,FL4060989,OAKLAND PARK CITY OF,FL,27984,8700,System Sourced,,https://www.arcgis.com/home/item.html?id=f3230cda1a734904b6a6bc02de6c9174,https://echo.epa.gov/detailed-facility-report?fid=FL4060989&sys=SDWIS,2
site-c6415c9a04,site,MA2170000,MARLBOROUGH DPW  WATER DIV. (MWRA),MA,41799,10920,System Sourced,Verified,https://www.mass.gov/info-details/massgis-data-massdep-estimated-public-drinking-water-system-service-area-boundaries,https://echo.epa.gov/detailed-facility-report?fid=MA2170000&sys=SDWIS,1
site-6398aa4d08,site,NY7003493,NEW YORK CITY SYSTEM,NY,8271000,727058,System Sourced,,https://water.ny.gov/doh2/applinks/waterqual/#/waterMaps,https://echo.epa.gov/detailed-facility-report?fid=NY7003493&sys=SDWIS,1
site-b4109667bd,site,PA1510001,PHILADELPHIA WATER DEPARTMENT,PA,1600000,524021,System Sourced,,https://newdata-padep-1.opendata.arcgis.com/maps/fdf53cdeb2ec42b8a9422569f2e9531b/about,https://echo.epa.gov/detailed-facility-report?fid=PA1510001&sys=SDWIS,1
site-570d1f239e,site,CA3410015,GOLDEN STATE WATER CO. - CORDOVA,CA,47161,14913,System Sourced,Pending,https://gis.data.ca.gov/datasets/fbba842bf134497c9d611ad506ec48cc/explore,https://echo.epa.gov/detailed-facility-report?fid=CA3410015&sys=SDWIS,1
site-c71375afc2,site,TX0570015,CITY OF RICHARDSON,TX,122615,58307,System Sourced,,https://www3.twdb.texas.gov/apps/WaterServiceBoundaries/Home/Overview,https://echo.epa.gov/detailed-facility-report?fid=TX0570015&sys=SDWIS,1
site-70e49a689f,site,GA0670007,SMYRNA,GA,40508,15580,Modeled,,,https://echo.epa.gov/detailed-facility-report?fid=GA0670007&sys=SDWIS,2
site-8174d81487,site,NY7003493,NEW YORK CITY SYSTEM,NY,8271000,727058,System Sourced,,https://water.ny.gov/doh2/applinks/waterqual/#/waterMaps,https://echo.epa.gov/detailed-facility-report?fid=NY7003493&sys=SDWIS,1
site-ff0df693ef,site,FL4130871,MDWASA - MAIN SYSTEM,FL,2300000,560000,System Sourced,,https://experience.arcgis.com/experience/914132252dbb4639873d02988af59f23/page/english,https://echo.epa.gov/detailed-facility-report?fid=FL4130871&sys=SDWIS,1
site-1e8a53153f,site,MN1690011,Duluth,MN,86859,28742,System Sourced,,https://maps.umn.edu/LSL/,https://echo.epa.gov/detailed-facility-report?fid=MN1690011&sys=SDWIS,1
site-8a2c5be43a,site,VA6107350,LOUDOUN WATER - CENTRAL SYSTEM,VA,334808,83426,System Sourced,,https://geodata.dep.state.fl.us/datasets/pws-lead-service-line-inventories-lsli-2/about,https://echo.epa.gov/detailed-facility-report?fid=VA6107350&sys=SDWIS,1
site-0605a6d8a6,site,FL4060163,BCWWS 2A,FL,54622,18322,System Sourced,,https://www.arcgis.com/home/item.html?id=f08963e186774d2a95a9ebbea21cddb3,https://echo.epa.gov/detailed-facility-report?fid=FL4060163&sys=SDWIS,1
site-5243052974,site,NY2902824,GARDEN CITY (V),NY,23272,6789,System Sourced,,https://water.ny.gov/doh2/applinks/waterqual/#/waterMaps,https://echo.epa.gov/detailed-facility-report?fid=NY2902824&sys=SDWIS,1
site-1e100e7ad5,site,NJ2004002,NJ AMERICAN WATER - RARITAN,NJ,615430,205035,System Sourced,,https://rutgers.maps.arcgis.com/home/item.html?id=0cb88cd0315e48f491f2122cb824c158,https://echo.epa.gov/detailed-facility-report?fid=NJ2004002&sys=SDWIS,1
site-8c9970f641,site,NM3510701,ALBUQUERQUE WATER SYSTEM,NM,560326,206795,System Sourced,,https://geospatialdata-ose.opendata.arcgis.com/datasets/OSE::new-mexico-public-water-system-boundaries/about,https://echo.epa.gov/detailed-facility-report?fid=NM3510701&sys=SDWIS,1
site-91e0d38233,site,WI1130224,MADISON WATER UTILITY,WI,272000,100740,System Sourced,,https://www.cityofmadison.com/water/water-quality/lead-copper-in-water/lead-service-line-inventory,https://echo.epa.gov/detailed-facility-report?fid=WI1130224&sys=SDWIS,1
site-23a9615c21,site,NY0301651,"BINGHAMTON, CITY OF",NY,47600,14500,System Sourced,,https://water.ny.gov/doh2/applinks/waterqual/#/waterMaps,https://echo.epa.gov/detailed-facility-report?fid=NY0301651&sys=SDWIS,1
site-3fc81b7b79,site,ND0900336,FARGO CITY OF,ND,120762,30766,System Sourced,,https://www.arcgis.com/home/item.html?id=220ef3f0704b4fd48f0a818254c4f68f,https://echo.epa.gov/detailed-facility-report?fid=ND0900336&sys=SDWIS,1
site-bd0f1a13f4,site,MN1140008,Moorhead,MN,44583,13250,System Sourced,,https://maps.umn.edu/LSL/,https://echo.epa.gov/detailed-facility-report?fid=MN1140008&sys=SDWIS,1
site-517a47914c,site,IA9778054,SIOUX CITY WATER SUPPLY,IA,85791,29424,System Sourced,,https://www.sioux-city.org/government/departments-q-to-z/water-plant/general-info,https://echo.epa.gov/detailed-facility-report?fid=IA9778054&sys=SDWIS,1
site-bedb492eaf,site,NY7003493,NEW YORK CITY SYSTEM,NY,8271000,727058,System Sourced,,https://water.ny.gov/doh2/applinks/waterqual/#/waterMaps,https://echo.epa.gov/detailed-facility-report?fid=NY7003493&sys=SDWIS,1
site-a7fa0c2ae4,site,NC0114010,"LENOIR, CITY OF",NC,25573,10068,System Sourced,Verified ,https://www.nconemap.gov/datasets/nconemap::type-a-current-public-water-systems-2004/about,https://echo.epa.gov/detailed-facility-report?fid=NC0114010&sys=SDWIS,1
site-aa21c9d729,site,CA5010010,"MODESTO, CITY OF",CA,218771,70793,System Sourced,Not Verified,https://gis.data.ca.gov/datasets/fbba842bf134497c9d611ad506ec48cc/explore,https://echo.epa.gov/detailed-facility-report?fid=CA5010010&sys=SDWIS,2
site-6bc951af8b,site,VA6059501,FAIRFAX COUNTY WATER AUTHORITY,VA,1121613,281686,System Sourced,,https://fairfaxwater.maps.arcgis.com/apps/instant/sidebar/index.html?appid=371af69b796b48ce84e63e3aebc5c0fb,https://echo.epa.gov/detailed-facility-report?fid=VA6059501&sys=SDWIS,1
site-1a60853236,site,PA1510001,PHILADELPHIA WATER DEPARTMENT,PA,1600000,524021,System Sourced,,https://newdata-padep-1.opendata.arcgis.com/maps/fdf53cdeb2ec42b8a9422569f2e9531b/about,https://echo.epa.gov/detailed-facility-report?fid=PA1510001&sys=SDWIS,1
site-1519cac542,site,AK2210906,MOA MUNICIPALITY OF ANCHORAGE,AK,221351,59801,System Sourced,,https://gis-awwu.hub.arcgis.com/apps/e48ebfb0f6a64c4683b10853da01e444/explore,https://echo.epa.gov/detailed-facility-report?fid=AK2210906&sys=SDWIS,1
site-91e0ba29bf,site,WY5600005,"BUFFALO, CITY OF",WY,4419,2155,System Sourced,,Region 8,https://echo.epa.gov/detailed-facility-report?fid=WY5600005&sys=SDWIS,1
site-51c563a01f,site,WY5601415,"CASPER, CITY OF",WY,59000,22754,System Sourced,,,https://echo.epa.gov/detailed-facility-report?fid=WY5601415&sys=SDWIS,1
site-9e0683c00f,site,MT0000180,COLSTRIP  CITY OF,MT,2350,913,Modeled,,,https://echo.epa.gov/detailed-facility-report?fid=MT0000180&sys=SDWIS,1
site-03ec6d8c3e,site,WY5600047,"RIVERTON, CITY OF",WY,10330,4300,System Sourced,,Region 8,https://echo.epa.gov/detailed-facility-report?fid=WY5600047&sys=SDWIS,1
site-8a2116a76e,site,WY5600052,"SHERIDAN, CITY OF",WY,22700,9841,System Sourced,,Region 8,https://echo.epa.gov/detailed-facility-report?fid=WY5600052&sys=SDWIS,1
site-f621b97d40,site,WY5600187,"WHEATLAND, TOWN OF",WY,3659,2008,System Sourced,,Region 8,https://echo.epa.gov/detailed-facility-report?fid=WY5600187&sys=SDWIS,1
site-0794fe2b59,site,FL6531992,WINTER HAVEN WATER DEPARTMENT,FL,87537,33798,System Sourced,,https://www.mywinterhaven.com/DocumentCenter/View/796/Map-of-Winter-Haven-Utility-Service-Area-PDF,https://echo.epa.gov/detailed-facility-report?fid=FL6531992&sys=SDWIS,1
site-d454049aa6,site,SD4600294,SIOUX FALLS,SD,198524,59763,System Sourced,,https://www.arcgis.com/home/item.html?id=24d2a31ef4254e4482131e76cf7df113&sublayer=0,https://echo.epa.gov/detailed-facility-report?fid=SD4600294&sys=SDWIS,2
site-3d34ffd2cf,site,CA3310009,EASTERN MUNICIPAL WD,CA,666581,175318,System Sourced,Verified,https://gis.data.ca.gov/datasets/fbba842bf134497c9d611ad506ec48cc/explore,https://echo.epa.gov/detailed-facility-report?fid=CA3310009&sys=SDWIS,1
site-3d442303c9,site,AR0000004,FORREST CITY WATERWORKS,AR,9986,4076,System Sourced,,https://gis.arkansas.gov/product/public-water-systems-polygon/,https://echo.epa.gov/detailed-facility-report?fid=AR0000004&sys=SDWIS,1
site-1a531a56cb,site,AR0000230,HOPE WATER LIGHT COMM,AR,11500,4346,System Sourced,,https://gis.arkansas.gov/product/public-water-systems-polygon/,https://echo.epa.gov/detailed-facility-report?fid=AR0000230&sys=SDWIS,1
site-22450194c4,site,CA1910102,PALMDALE WATER DIST.,CA,126804,27652,System Sourced,Verified,https://gis.data.ca.gov/datasets/fbba842bf134497c9d611ad506ec48cc/explore,https://echo.epa.gov/detailed-facility-report?fid=CA1910102&sys=SDWIS,1
site-ae3d51eb7a,site,CA3710020,"SAN DIEGO, CITY OF",CA,1385379,282783,System Sourced,Verified,https://gis.data.ca.gov/datasets/fbba842bf134497c9d611ad506ec48cc/explore,https://echo.epa.gov/detailed-facility-report?fid=CA3710020&sys=SDWIS,1
site-6bb1ba14f9,site,AL0000804,AUBURN WATER WORKS,AL,65313,21771,System Sourced,,https://static.auburnalabama.org/media/apps/www/water-resource-management/water-operations/Lead-and-copper-information/LSLI.pdf?v=1,https://echo.epa.gov/detailed-facility-report?fid=AL0000804&sys=SDWIS,1
site-f4c97e6434,site,VA6153251,PWCSA - WEST,VA,136409,42896,System Sourced,,https://services2.arcgis.com/9mMyRMFMS5yNDCCd/arcgis/rest/services/Service_Line_Inventory/FeatureServer/0,https://echo.epa.gov/detailed-facility-report?fid=VA6153251&sys=SDWIS,1
site-6853206733,site,AZ0407025,PHOENIX CITY OF,AZ,1695000,430118,System Sourced,,https://gisdata2016-11-18t150447874z-azwater.opendata.arcgis.com/datasets/cws-service-area-1/about,https://echo.epa.gov/detailed-facility-report?fid=AZ0407025&sys=SDWIS,1
site-6fe90ac1d9,site,NC0332010,"DURHAM, CITY OF",NC,322083,97873,System Sourced,Verified ,https://www.nconemap.gov/datasets/nconemap::type-a-current-public-water-systems-2004/about,https://echo.epa.gov/detailed-facility-report?fid=NC0332010&sys=SDWIS,1
site-e322f8cf2d,site,FL6290327,CITY OF TAMPA WATER DEPARTMENT,FL,733886,143661,System Sourced,,https://services1.arcgis.com/IbNXlmt2RVVRCZ6M/ArcGIS/rest/services/ServiceLine_viewing_469fff81ff5c43559cf4a24d19263539/FeatureServer/0,https://echo.epa.gov/detailed-facility-report?fid=FL6290327&sys=SDWIS,1
site-a4f0b401f3,site,WA5321800,EAST WENATCHEE WATER DISTRICT,WA,26519,11820,System Sourced,,https://geo.wa.gov/datasets/WADOH::drinking-water-service-areas/explore,https://echo.epa.gov/detailed-facility-report?fid=WA5321800&sys=SDWIS,2
site-6a74160939,site,MN1270024,Minneapolis,MN,425300,98065,System Sourced,,https://www.minneapolismn.gov/resident-services/utility-services/water/water-quality/water-quality-lead/plumbing-faucets/lead-service-line-map/,https://echo.epa.gov/detailed-facility-report?fid=MN1270024&sys=SDWIS,1
site-691d9733c3,site,CA3010001,CITY OF ANAHEIM,CA,348593,62288,System Sourced,Not Verified,https://gis.data.ca.gov/datasets/fbba842bf134497c9d611ad506ec48cc/explore,https://echo.epa.gov/detailed-facility-report?fid=CA3010001&sys=SDWIS,1
site-4d022fc8d5,site,MD0150005,WASHINGTON SUBURBAN SANITARY COMMISSION,MD,1900000,438639,System Sourced,,Personal Communication,https://echo.epa.gov/detailed-facility-report?fid=MD0150005&sys=SDWIS,1
site-2555310fee,site,DC0000002,D.C. WATER AND SEWER AUTHORITY,DC,632323,140000,System Sourced,,,https://echo.epa.gov/detailed-facility-report?fid=DC0000002&sys=SDWIS,1
site-ed43af40a2,site,MD0300002,CITY OF BALTIMORE,MD,1600000,424600,System Sourced,,Personal Communication,https://echo.epa.gov/detailed-facility-report?fid=MD0300002&sys=SDWIS,1
site-e427887c01,site,MD0150005,WASHINGTON SUBURBAN SANITARY COMMISSION,MD,1900000,438639,System Sourced,,Personal Communication,https://echo.epa.gov/detailed-facility-report?fid=MD0150005&sys=SDWIS,1
site-2bb4b18bb0,site,AK2310730,GOLDEN HEART UTILITIES,AK,78324,6951,System Sourced,,https://www.myutility.us/docs/default-source/akwater/regulatory/ghu_customer_lines_web.pdf?sfvrsn=99bc3b5b_2,https://echo.epa.gov/detailed-facility-report?fid=AK2310730&sys=SDWIS,1
site-bcfc301f48,site,AK2210906,MOA MUNICIPALITY OF ANCHORAGE,AK,221351,59801,System Sourced,,https://gis-awwu.hub.arcgis.com/apps/e48ebfb0f6a64c4683b10853da01e444/explore,https://echo.epa.gov/detailed-facility-report?fid=AK2210906&sys=SDWIS,1
site-204b6ad214,site,AZ0407100,TEMPE CITY OF,AZ,165000,40000,System Sourced,,https://gisdata2016-11-18t150447874z-azwater.opendata.arcgis.com/datasets/cws-service-area-1/about,https://echo.epa.gov/detailed-facility-report?fid=AZ0407100&sys=SDWIS,1
site-ed80fb3a0a,site,TX0430007,CITY OF PLANO,TX,288800,125840,System Sourced,,https://www3.twdb.texas.gov/apps/WaterServiceBoundaries/Home/Overview,https://echo.epa.gov/detailed-facility-report?fid=TX0430007&sys=SDWIS,1
site-d6d1f92daa,site,IL0314710,NORTHLAKE,IL,12840,3093,Modeled,,,https://echo.epa.gov/detailed-facility-report?fid=IL0314710&sys=SDWIS,1
site-dc949e19b5,site,TX0430007,CITY OF PLANO,TX,288800,125840,System Sourced,,https://www3.twdb.texas.gov/apps/WaterServiceBoundaries/Home/Overview,https://echo.epa.gov/detailed-facility-report?fid=TX0430007&sys=SDWIS,1
site-5787c54b26,site,AZ0407025,PHOENIX CITY OF,AZ,1695000,430118,System Sourced,,https://gisdata2016-11-18t150447874z-azwater.opendata.arcgis.com/datasets/cws-service-area-1/about,https://echo.epa.gov/detailed-facility-report?fid=AZ0407025&sys=SDWIS,1
site-0a94e2a13a,site,UTAH18020,WEST JORDAN CITY WATER SYSTEM,UT,117025,30738,System Sourced,,https://dwre-utahdnr.opendata.arcgis.com/datasets/culinarywaterserviceareas/explore,https://echo.epa.gov/detailed-facility-report?fid=UTAH18020&sys=SDWIS,1
site-6aa62c1a88,site,AZ0407090,CHANDLER CITY OF,AZ,247328,81165,System Sourced,,https://gisdata2016-11-18t150447874z-azwater.opendata.arcgis.com/datasets/cws-service-area-1/about,https://echo.epa.gov/detailed-facility-report?fid=AZ0407090&sys=SDWIS,1
site-963e4fa61d,site,PA3390073,LCA WLSA CENTRAL DIVISION,PA,47693,18805,System Sourced,,https://newdata-padep-1.opendata.arcgis.com/maps/fdf53cdeb2ec42b8a9422569f2e9531b/about,https://echo.epa.gov/detailed-facility-report?fid=PA3390073&sys=SDWIS,1
site-c22eaa5919,site,AZ0407095,MESA CITY OF,AZ,466000,142500,System Sourced,,https://gisdata2016-11-18t150447874z-azwater.opendata.arcgis.com/datasets/cws-service-area-1/about,https://echo.epa.gov/detailed-facility-report?fid=AZ0407095&sys=SDWIS,1
site-a62a89826b,site,HI0000335,WAIPAHU-EWA-WAIANAE,HI,217479,40092,System Sourced,,https://health.hawaii.gov/news/newsroom/bws-alerts-doh-to-pfas-in-waipahu-%CA%BBewa-wai%CA%BBanae-water-system/,https://echo.epa.gov/detailed-facility-report?fid=HI0000335&sys=SDWIS,1
site-ec3dc94a1d,site,HI0000335,WAIPAHU-EWA-WAIANAE,HI,217479,40092,System Sourced,,https://health.hawaii.gov/news/newsroom/bws-alerts-doh-to-pfas-in-waipahu-%CA%BBewa-wai%CA%BBanae-water-system/,https://echo.epa.gov/detailed-facility-report?fid=HI0000335&sys=SDWIS,1
site-d1d0d95404,site,WV3302016,WVAWC-KANAWHA VALLEY DIST,WV,207319,90250,System Sourced,,https://experience.arcgis.com/experience/4997839853a040a8b1f330523b8d929b/,https://echo.epa.gov/detailed-facility-report?fid=WV3302016&sys=SDWIS,1
site-bf3702c95c,site,TX2270001,CITY OF AUSTIN WATER & WASTEWATER,TX,1115323,279758,System Sourced,,https://www3.twdb.texas.gov/apps/WaterServiceBoundaries/Home/Overview,https://echo.epa.gov/detailed-facility-report?fid=TX2270001&sys=SDWIS,1
site-c3a8a6ed1f,site,TX2200012,CITY OF FORT WORTH,TX,955900,653251,System Sourced,,https://www3.twdb.texas.gov/apps/WaterServiceBoundaries/Home/Overview,https://echo.epa.gov/detailed-facility-report?fid=TX2200012&sys=SDWIS,1
site-280850cdfd,site,TX1010013,CITY OF HOUSTON,TX,2202531,954657,System Sourced,,https://www3.twdb.texas.gov/apps/WaterServiceBoundaries/Home/Overview,https://echo.epa.gov/detailed-facility-report?fid=TX1010013&sys=SDWIS,1
site-3b4ca57fce,site,TX1880001,AMARILLO MUNICIPAL WATER SYSTEM,TX,201291,75435,System Sourced,,https://www3.twdb.texas.gov/apps/WaterServiceBoundaries/Home/Overview,https://echo.epa.gov/detailed-facility-report?fid=TX1880001&sys=SDWIS,1
site-f7b19cbdd6,site,CA4310012,CITY OF SANTA CLARA,CA,130746,24103,System Sourced,Verified,https://gis.data.ca.gov/datasets/fbba842bf134497c9d611ad506ec48cc/explore,https://echo.epa.gov/detailed-facility-report?fid=CA4310012&sys=SDWIS,2
site-2aac95ab77,site,TX0150018,SAN ANTONIO WATER SYSTEM,TX,1999472,725972,System Sourced,,https://www3.twdb.texas.gov/apps/WaterServiceBoundaries/Home/Overview,https://echo.epa.gov/detailed-facility-report?fid=TX0150018&sys=SDWIS,1
site-5676bd23ef,site,OH2504412,COLUMBUS PUBLIC WATER SYSTEM,OH,1305946,284610,System Sourced,,https://service-line-inventory-columbus.hub.arcgis.com/,https://echo.epa.gov/detailed-facility-report?fid=OH2504412&sys=SDWIS,1
site-b87a5b98da,site,VA6107350,LOUDOUN WATER - CENTRAL SYSTEM,VA,334808,83426,System Sourced,,https://geodata.dep.state.fl.us/datasets/pws-lead-service-line-inventories-lsli-2/about,https://echo.epa.gov/detailed-facility-report?fid=VA6107350&sys=SDWIS,1
site-3190800d99,site,VA6059501,FAIRFAX COUNTY WATER AUTHORITY,VA,1121613,281686,System Sourced,,https://fairfaxwater.maps.arcgis.com/apps/instant/sidebar/index.html?appid=371af69b796b48ce84e63e3aebc5c0fb,https://echo.epa.gov/detailed-facility-report?fid=VA6059501&sys=SDWIS,1
site-f31de0e738,site,VA6153251,PWCSA - WEST,VA,136409,42896,System Sourced,,https://services2.arcgis.com/9mMyRMFMS5yNDCCd/arcgis/rest/services/Service_Line_Inventory/FeatureServer/0,https://echo.epa.gov/detailed-facility-report?fid=VA6153251&sys=SDWIS,1
site-5a6824a84e,site,VA6107350,LOUDOUN WATER - CENTRAL SYSTEM,VA,334808,83426,System Sourced,,https://geodata.dep.state.fl.us/datasets/pws-lead-service-line-inventories-lsli-2/about,https://echo.epa.gov/detailed-facility-report?fid=VA6107350&sys=SDWIS,1
site-b1478ed549,site,VA6059501,FAIRFAX COUNTY WATER AUTHORITY,VA,1121613,281686,System Sourced,,https://fairfaxwater.maps.arcgis.com/apps/instant/sidebar/index.html?appid=371af69b796b48ce84e63e3aebc5c0fb,https://echo.epa.gov/detailed-facility-report?fid=VA6059501&sys=SDWIS,1
site-e7755846e2,site,VA6107350,LOUDOUN WATER - CENTRAL SYSTEM,VA,334808,83426,System Sourced,,https://geodata.dep.state.fl.us/datasets/pws-lead-service-line-inventories-lsli-2/about,https://echo.epa.gov/detailed-facility-report?fid=VA6107350&sys=SDWIS,1
site-a460f49e8c,site,VA6153251,PWCSA - WEST,VA,136409,42896,System Sourced,,https://services2.arcgis.com/9mMyRMFMS5yNDCCd/arcgis/rest/services/Service_Line_Inventory/FeatureServer/0,https://echo.epa.gov/detailed-facility-report?fid=VA6153251&sys=SDWIS,1
site-52c0ad6382,site,VA6153251,PWCSA - WEST,VA,136409,42896,System Sourced,,https://services2.arcgis.com/9mMyRMFMS5yNDCCd/arcgis/rest/services/Service_Line_Inventory/FeatureServer/0,https://echo.epa.gov/detailed-facility-report?fid=VA6153251&sys=SDWIS,1
site-69d953a75e,site,VA6107350,LOUDOUN WATER - CENTRAL SYSTEM,VA,334808,83426,System Sourced,,https://geodata.dep.state.fl.us/datasets/pws-lead-service-line-inventories-lsli-2/about,https://echo.epa.gov/detailed-facility-report?fid=VA6107350&sys=SDWIS,1
site-6204abeab5,site,VA6107350,LOUDOUN WATER - CENTRAL SYSTEM,VA,334808,83426,System Sourced,,https://geodata.dep.state.fl.us/datasets/pws-lead-service-line-inventories-lsli-2/about,https://echo.epa.gov/detailed-facility-report?fid=VA6107350&sys=SDWIS,1
site-b84271523c,site,VA6153251,PWCSA - WEST,VA,136409,42896,System Sourced,,https://services2.arcgis.com/9mMyRMFMS5yNDCCd/arcgis/rest/services/Service_Line_Inventory/FeatureServer/0,https://echo.epa.gov/detailed-facility-report?fid=VA6153251&sys=SDWIS,1
site-824f5a298b,site,VA6107350,LOUDOUN WATER - CENTRAL SYSTEM,VA,334808,83426,System Sourced,,https://geodata.dep.state.fl.us/datasets/pws-lead-service-line-inventories-lsli-2/about,https://echo.epa.gov/detailed-facility-report?fid=VA6107350&sys=SDWIS,1
site-c109e19fd9,site,VA6107350,LOUDOUN WATER - CENTRAL SYSTEM,VA,334808,83426,System Sourced,,https://geodata.dep.state.fl.us/datasets/pws-lead-service-line-inventories-lsli-2/about,https://echo.epa.gov/detailed-facility-report?fid=VA6107350&sys=SDWIS,1
site-5376062735,site,VA6107350,LOUDOUN WATER - CENTRAL SYSTEM,VA,334808,83426,System Sourced,,https://geodata.dep.state.fl.us/datasets/pws-lead-service-line-inventories-lsli-2/about,https://echo.epa.gov/detailed-facility-report?fid=VA6107350&sys=SDWIS,1
site-2bc55abfb0,site,VA6153251,PWCSA - WEST,VA,136409,42896,System Sourced,,https://services2.arcgis.com/9mMyRMFMS5yNDCCd/arcgis/rest/services/Service_Line_Inventory/FeatureServer/0,https://echo.epa.gov/detailed-facility-report?fid=VA6153251&sys=SDWIS,1
site-5ffc12bfb9,site,VA6107350,LOUDOUN WATER - CENTRAL SYSTEM,VA,334808,83426,System Sourced,,https://geodata.dep.state.fl.us/datasets/pws-lead-service-line-inventories-lsli-2/about,https://echo.epa.gov/detailed-facility-report?fid=VA6107350&sys=SDWIS,1
site-d31d53525b,site,OR4100130,"BOARDMAN, CITY OF",OR,5749,959,Modeled,,,https://echo.epa.gov/detailed-facility-report?fid=OR4100130&sys=SDWIS,1
site-6a985542fb,site,TX2200031,CITY OF EULESS,TX,61543,27917,System Sourced,,https://www3.twdb.texas.gov/apps/WaterServiceBoundaries/Home/Overview,https://echo.epa.gov/detailed-facility-report?fid=TX2200031&sys=SDWIS,1
site-d01db62748,site,VA6153251,PWCSA - WEST,VA,136409,42896,System Sourced,,https://services2.arcgis.com/9mMyRMFMS5yNDCCd/arcgis/rest/services/Service_Line_Inventory/FeatureServer/0,https://echo.epa.gov/detailed-facility-report?fid=VA6153251&sys=SDWIS,1
site-f0d79226e8,site,OH2504412,COLUMBUS PUBLIC WATER SYSTEM,OH,1305946,284610,System Sourced,,https://service-line-inventory-columbus.hub.arcgis.com/,https://echo.epa.gov/detailed-facility-report?fid=OH2504412&sys=SDWIS,1
site-621726e6b1,site,OR4100130,"BOARDMAN, CITY OF",OR,5749,959,Modeled,,,https://echo.epa.gov/detailed-facility-report?fid=OR4100130&sys=SDWIS,1
site-4b4808434b,site,VA6153251,PWCSA - WEST,VA,136409,42896,System Sourced,,https://services2.arcgis.com/9mMyRMFMS5yNDCCd/arcgis/rest/services/Service_Line_Inventory/FeatureServer/0,https://echo.epa.gov/detailed-facility-report?fid=VA6153251&sys=SDWIS,1
site-237f154b61,site,VA6107350,LOUDOUN WATER - CENTRAL SYSTEM,VA,334808,83426,System Sourced,,https://geodata.dep.state.fl.us/datasets/pws-lead-service-line-inventories-lsli-2/about,https://echo.epa.gov/detailed-facility-report?fid=VA6107350&sys=SDWIS,1
site-6a4442f057,site,VA6059501,FAIRFAX COUNTY WATER AUTHORITY,VA,1121613,281686,System Sourced,,https://fairfaxwater.maps.arcgis.com/apps/instant/sidebar/index.html?appid=371af69b796b48ce84e63e3aebc5c0fb,https://echo.epa.gov/detailed-facility-report?fid=VA6059501&sys=SDWIS,1
site-0207cd4d1b,site,OH2504412,COLUMBUS PUBLIC WATER SYSTEM,OH,1305946,284610,System Sourced,,https://service-line-inventory-columbus.hub.arcgis.com/,https://echo.epa.gov/detailed-facility-report?fid=OH2504412&sys=SDWIS,1
site-b034d2492f,site,OH2504412,COLUMBUS PUBLIC WATER SYSTEM,OH,1305946,284610,System Sourced,,https://service-line-inventory-columbus.hub.arcgis.com/,https://echo.epa.gov/detailed-facility-report?fid=OH2504412&sys=SDWIS,1
site-5e42189187,site,VA6107350,LOUDOUN WATER - CENTRAL SYSTEM,VA,334808,83426,System Sourced,,https://geodata.dep.state.fl.us/datasets/pws-lead-service-line-inventories-lsli-2/about,https://echo.epa.gov/detailed-facility-report?fid=VA6107350&sys=SDWIS,1
site-2fdc3b2fbd,site,OH2504412,COLUMBUS PUBLIC WATER SYSTEM,OH,1305946,284610,System Sourced,,https://service-line-inventory-columbus.hub.arcgis.com/,https://echo.epa.gov/detailed-facility-report?fid=OH2504412&sys=SDWIS,1
site-5228429349,site,OH2504412,COLUMBUS PUBLIC WATER SYSTEM,OH,1305946,284610,System Sourced,,https://service-line-inventory-columbus.hub.arcgis.com/,https://echo.epa.gov/detailed-facility-report?fid=OH2504412&sys=SDWIS,1
site-a32bc0be49,site,OH2504412,COLUMBUS PUBLIC WATER SYSTEM,OH,1305946,284610,System Sourced,,https://service-line-inventory-columbus.hub.arcgis.com/,https://echo.epa.gov/detailed-facility-report?fid=OH2504412&sys=SDWIS,1
site-ded873db67,site,VA6685100,"MANASSAS, CITY OF",VA,42696,11385,Modeled,,,https://echo.epa.gov/detailed-facility-report?fid=VA6685100&sys=SDWIS,1
site-98887ba6e5,site,VA6059501,FAIRFAX COUNTY WATER AUTHORITY,VA,1121613,281686,System Sourced,,https://fairfaxwater.maps.arcgis.com/apps/instant/sidebar/index.html?appid=371af69b796b48ce84e63e3aebc5c0fb,https://echo.epa.gov/detailed-facility-report?fid=VA6059501&sys=SDWIS,1
site-7a36f12fed,site,VA6107350,LOUDOUN WATER - CENTRAL SYSTEM,VA,334808,83426,System Sourced,,https://geodata.dep.state.fl.us/datasets/pws-lead-service-line-inventories-lsli-2/about,https://echo.epa.gov/detailed-facility-report?fid=VA6107350&sys=SDWIS,1
site-e6a03a8086,site,OH2504412,COLUMBUS PUBLIC WATER SYSTEM,OH,1305946,284610,System Sourced,,https://service-line-inventory-columbus.hub.arcgis.com/,https://echo.epa.gov/detailed-facility-report?fid=OH2504412&sys=SDWIS,1
site-58abb3139a,site,VA6107350,LOUDOUN WATER - CENTRAL SYSTEM,VA,334808,83426,System Sourced,,https://geodata.dep.state.fl.us/datasets/pws-lead-service-line-inventories-lsli-2/about,https://echo.epa.gov/detailed-facility-report?fid=VA6107350&sys=SDWIS,1
site-a3d59dd00d,site,NC0392010,"RALEIGH, CITY OF",NC,640000,200114,System Sourced,Verified ,https://www.nconemap.gov/datasets/nconemap::type-a-current-public-water-systems-2004/about,https://echo.epa.gov/detailed-facility-report?fid=NC0392010&sys=SDWIS,1
site-37e846fd2c,site,OH8752812,NORTHWESTERN W AND SD - TOLEDO SVC,OH,19758,6412,System Sourced,,https://services1.arcgis.com/lAWlC1VwZYAIzeQJ/arcgis/rest/services/Water_Service_Areas_Revised/FeatureServer,https://echo.epa.gov/detailed-facility-report?fid=OH8752812&sys=SDWIS,1
site-d22146fb84,site,AL0000681,"DOTHAN UTILITIES, CITY OF",AL,97146,31153,System Sourced,,https://www.arcgis.com/home/item.html?id=ba0d4207898f467fbb33891380a0493b,https://echo.epa.gov/detailed-facility-report?fid=AL0000681&sys=SDWIS,1
site-7850ecd7a4,site,IN5271011,NEW CARLISLE WATER WORKS,IN,1861,772,Modeled,,,https://echo.epa.gov/detailed-facility-report?fid=IN5271011&sys=SDWIS,1
site-823663c28e,site,NJ1352003,WALL TWP WATER DEPT,NJ,26000,10400,System Sourced,,https://rutgers.maps.arcgis.com/home/item.html?id=0cb88cd0315e48f491f2122cb824c158,https://echo.epa.gov/detailed-facility-report?fid=NJ1352003&sys=SDWIS,1
site-67e251925a,site,IL0311980,MOUNT PROSPECT,IL,41492,14079,Modeled,,,https://echo.epa.gov/detailed-facility-report?fid=IL0311980&sys=SDWIS,1
site-ff2e2ae87c,site,IA2573701,XENIA RWD (DES MOINES),IA,12860,5144,System Sourced,,https://www.arcgis.com/home/item.html?id=38eff0d28ce3473c867ef1e514193eba,https://echo.epa.gov/detailed-facility-report?fid=IA2573701&sys=SDWIS,1
site-ee7b8085e0,site,AZ0407095,MESA CITY OF,AZ,466000,142500,System Sourced,,https://gisdata2016-11-18t150447874z-azwater.opendata.arcgis.com/datasets/cws-service-area-1/about,https://echo.epa.gov/detailed-facility-report?fid=AZ0407095&sys=SDWIS,1
site-ba1e47a05f,site,ND0901483; ND0901060; ND0901124; ND0901131,,ND,,,System Sourced,,https://www.arcgis.com/home/item.html?id=a4f83983d536407eb1adee8740f1ccde,https://echo.epa.gov/detailed-facility-report?fid=ND0901483; ND0901060; ND0901124; ND0901131&sys=SDWIS,1
site-67710321e4,site,MN1690011,Duluth,MN,86859,28742,System Sourced,,https://maps.umn.edu/LSL/,https://echo.epa.gov/detailed-facility-report?fid=MN1690011&sys=SDWIS,1
site-ccf145427e,site,GA1210005,NORTH FULTON COUNTY,GA,434517,149451,System Sourced,,Fulton County Water Service Lookuphttps://fulcogis.maps.arcgis.com/apps/webappviewer/index.html?id=308db7d1802b4158b97f57fa9cb86a7b,https://echo.epa.gov/detailed-facility-report?fid=GA1210005&sys=SDWIS,1
site-34589ed784,site,IL0314710,NORTHLAKE,IL,12840,3093,Modeled,,,https://echo.epa.gov/detailed-facility-report?fid=IL0314710&sys=SDWIS,1
site-49cb6a20ac,site,GA1210001,ATLANTA,GA,1089893,262059,System Sourced,,,https://echo.epa.gov/detailed-facility-report?fid=GA1210001&sys=SDWIS,1
site-79a0862761,site,GA1210001,ATLANTA,GA,1089893,262059,System Sourced,,,https://echo.epa.gov/detailed-facility-report?fid=GA1210001&sys=SDWIS,1
site-6a8e88b355,site,MD0150003,CITY OF ROCKVILLE,MD,52000,17500,System Sourced,,Personal Communication,https://echo.epa.gov/detailed-facility-report?fid=MD0150003&sys=SDWIS,1
site-6c0b239a90,site,MD0150005,WASHINGTON SUBURBAN SANITARY COMMISSION,MD,1900000,438639,System Sourced,,Personal Communication,https://echo.epa.gov/detailed-facility-report?fid=MD0150005&sys=SDWIS,1
site-2ce79b683e,site,MN1270024,Minneapolis,MN,425300,98065,System Sourced,,https://www.minneapolismn.gov/resident-services/utility-services/water/water-quality/water-quality-lead/plumbing-faucets/lead-service-line-map/,https://echo.epa.gov/detailed-facility-report?fid=MN1270024&sys=SDWIS,1
site-face770b89,site,IN5271014,SOUTH BEND WATER WORKS,IN,115000,46000,System Sourced,,https://epa.maps.arcgis.com/home/item.html?id=3fbf3493f45a49e1a7b6f6ca3840da70,https://echo.epa.gov/detailed-facility-report?fid=IN5271014&sys=SDWIS,1
site-8dfb2ee7a8,site,IA7727031,DES MOINES WATER WORKS,IA,246055,94000,System Sourced,,,https://echo.epa.gov/detailed-facility-report?fid=IA7727031&sys=SDWIS,1
site-2c215f3851,site,IA7785007,WEST DES MOINES WATER WORKS,IA,68723,25833,System Sourced,,https://gis.wdmww.com/arcgis/rest/services/Hosted/ServiceLine_viewing/FeatureServer/0/,https://echo.epa.gov/detailed-facility-report?fid=IA7785007&sys=SDWIS,1
site-c11c81ed9e,site,MA2170000,MARLBOROUGH DPW  WATER DIV. (MWRA),MA,41799,10920,System Sourced,Verified,https://www.mass.gov/info-details/massgis-data-massdep-estimated-public-drinking-water-system-service-area-boundaries,https://echo.epa.gov/detailed-facility-report?fid=MA2170000&sys=SDWIS,1
site-4d13eae9f8,site,TX2270001,CITY OF AUSTIN WATER & WASTEWATER,TX,1115323,279758,System Sourced,,https://www3.twdb.texas.gov/apps/WaterServiceBoundaries/Home/Overview,https://echo.epa.gov/detailed-facility-report?fid=TX2270001&sys=SDWIS,1
site-1746409060,site,CO0107152,BOULDER CITY OF,CO,166080,31959,System Sourced,,https://gis.bouldercolorado.gov/ags_svr3/rest/services/util/WaterQualityLSLI_Public/MapServer,https://echo.epa.gov/detailed-facility-report?fid=CO0107152&sys=SDWIS,1
site-97cbd647c4,site,NJ2004002,NJ AMERICAN WATER - RARITAN,NJ,615430,205035,System Sourced,,https://rutgers.maps.arcgis.com/home/item.html?id=0cb88cd0315e48f491f2122cb824c158,https://echo.epa.gov/detailed-facility-report?fid=NJ2004002&sys=SDWIS,1
site-7e9417dbe0,site,WA5301300,ALDERWOOD WATER DISTRICT,WA,200000,81535,System Sourced,,https://geo.wa.gov/datasets/WADOH::drinking-water-service-areas/explore,https://echo.epa.gov/detailed-facility-report?fid=WA5301300&sys=SDWIS,1
site-dc0b15e71f,site,NJ0716001,NUTLEY WATER DEPT,NJ,29500,8448,System Sourced,,https://rutgers.maps.arcgis.com/home/item.html?id=0cb88cd0315e48f491f2122cb824c158,https://echo.epa.gov/detailed-facility-report?fid=NJ0716001&sys=SDWIS,1
site-6ffedc6ca9,site,OR4100081,"BEAVERTON, CITY OF",OR,88045,24386,System Sourced,,https://public.tableau.com/app/profile/regionalh2o/viz/Portlandmetroareawaterproviders_16436540090100/WaterProviders,https://echo.epa.gov/detailed-facility-report?fid=OR4100081&sys=SDWIS,1
site-ceead38cb9,site,MD0300002,CITY OF BALTIMORE,MD,1600000,424600,System Sourced,,Personal Communication,https://echo.epa.gov/detailed-facility-report?fid=MD0300002&sys=SDWIS,1
site-4c231a58bc,site,NJ2004002,NJ AMERICAN WATER - RARITAN,NJ,615430,205035,System Sourced,,https://rutgers.maps.arcgis.com/home/item.html?id=0cb88cd0315e48f491f2122cb824c158,https://echo.epa.gov/detailed-facility-report?fid=NJ2004002&sys=SDWIS,1
site-fb3eb9e984,site,KS2012301,"BELOIT, CITY OF",KS,3407,1850,System Sourced,,https://hub.kansasgis.org/maps/KSDOT::rural-water-districts/about ,https://echo.epa.gov/detailed-facility-report?fid=KS2012301&sys=SDWIS,1
site-e1d735c6b5,site,OR4100100,BEND WATER DEPARTMENT,OR,77704,29071,System Sourced,,https://www.arcgis.com/home/item.html?id=7a08d60af7a04c5ca78cdcf71e8f713b,https://echo.epa.gov/detailed-facility-report?fid=OR4100100&sys=SDWIS,1
site-1246d19f36,site,MO1010415,KANSAS CITY PWS,MO,513800,178734,System Sourced,,https://services5.arcgis.com/OCY4MgI6bGqUzBPm/arcgis/rest/services/KCWater_Boundary_view/FeatureServer,https://echo.epa.gov/detailed-facility-report?fid=MO1010415&sys=SDWIS,1
site-d8eef9a76c,site,NY3100568,NIAGARA FALLS WATER BOARD,NY,50193,19500,System Sourced,,https://water.ny.gov/doh2/applinks/waterqual/#/waterMaps,https://echo.epa.gov/detailed-facility-report?fid=NY3100568&sys=SDWIS,1
site-776956a8dd,site,NY4303673,VEOLIA WATER NEW YORK,NY,270000,56150,System Sourced,,https://water.ny.gov/doh2/applinks/waterqual/#/waterMaps,https://echo.epa.gov/detailed-facility-report?fid=NY4303673&sys=SDWIS,1
site-afd69ac36c,site,FL1460144,"FORT WALTON BEACH, CITY OF",FL,24113,9645,System Sourced,,https://www.arcgis.com/home/item.html?id=858392c5a6454275bad2a05bc0b9e4bf,https://echo.epa.gov/detailed-facility-report?fid=FL1460144&sys=SDWIS,1
site-bd23dfb000,site,OH1801212,CLEVELAND PUBLIC WATER SYSTEM,OH,1308955,453705,System Sourced,Not Verified,https://clevelandgis.maps.arcgis.com/apps/instant/sidebar/index.html?appid=4cf4e820059747ecb38bdac89a44895d,https://echo.epa.gov/detailed-facility-report?fid=OH1801212&sys=SDWIS,1
site-7745f3d0c8,site,OH1801212,CLEVELAND PUBLIC WATER SYSTEM,OH,1308955,453705,System Sourced,Not Verified,https://clevelandgis.maps.arcgis.com/apps/instant/sidebar/index.html?appid=4cf4e820059747ecb38bdac89a44895d,https://echo.epa.gov/detailed-facility-report?fid=OH1801212&sys=SDWIS,1
site-40f7eb4096,site,KY0560258,LOUISVILLE WATER COMPANY,KY,764769,311310,System Sourced,,,https://echo.epa.gov/detailed-facility-report?fid=KY0560258&sys=SDWIS,1
site-016496759e,site,NC0150035,TUCKASEIGEE WATER & SEWER AUTH,NC,7528,2964,System Sourced,Verified ,https://www.nconemap.gov/datasets/nconemap::type-a-current-public-water-systems-2004/about,https://echo.epa.gov/detailed-facility-report?fid=NC0150035&sys=SDWIS,1
site-9c21caafd6,site,CA3710020,"SAN DIEGO, CITY OF",CA,1385379,282783,System Sourced,Verified,https://gis.data.ca.gov/datasets/fbba842bf134497c9d611ad506ec48cc/explore,https://echo.epa.gov/detailed-facility-report?fid=CA3710020&sys=SDWIS,1
site-fcadc73647,site,NC0332010,"DURHAM, CITY OF",NC,322083,97873,System Sourced,Verified ,https://www.nconemap.gov/datasets/nconemap::type-a-current-public-water-systems-2004/about,https://echo.epa.gov/detailed-facility-report?fid=NC0332010&sys=SDWIS,1
site-ca2697d3d5,site,OH2504412,COLUMBUS PUBLIC WATER SYSTEM,OH,1305946,284610,System Sourced,,https://service-line-inventory-columbus.hub.arcgis.com/,https://echo.epa.gov/detailed-facility-report?fid=OH2504412&sys=SDWIS,1
site-960ffbbfd9,site,NY5110526,SUFFOLK COUNTY WATER AUTHORITY,NY,1100000,336418,System Sourced,,https://water.ny.gov/doh2/applinks/waterqual/#/waterMaps,https://echo.epa.gov/detailed-facility-report?fid=NY5110526&sys=SDWIS,1
site-52fa12244e,site,CA1910179,"BURBANK-CITY, WATER DEPT.",CA,105603,27172,System Sourced,Verified,https://gis.data.ca.gov/datasets/fbba842bf134497c9d611ad506ec48cc/explore,https://echo.epa.gov/detailed-facility-report?fid=CA1910179&sys=SDWIS,1
site-6278f52540,site,MS0530012,MS STATE UNIVERSITY,MS,15000,285,Modeled,,,https://echo.epa.gov/detailed-facility-report?fid=MS0530012&sys=SDWIS,1
site-cecb35ac41,site,IL0311980,MOUNT PROSPECT,IL,41492,14079,Modeled,,,https://echo.epa.gov/detailed-facility-report?fid=IL0311980&sys=SDWIS,1
site-cbcdf848e9,site,IL0430700,OAK BROOK,IL,9400,3295,System Sourced,,https://www.arcgis.com/home/item.html?id=a3329a235ab34c0982706796f93f70a5,https://echo.epa.gov/detailed-facility-report?fid=IL0430700&sys=SDWIS,1
site-4e2cab900e,site,NC0160010,CHARLOTTE WATER,NC,1163701,323527,System Sourced,Verified ,https://www.nconemap.gov/datasets/nconemap::type-a-current-public-water-systems-2004/about,https://echo.epa.gov/detailed-facility-report?fid=NC0160010&sys=SDWIS,1
site-60b933aac8,site,OH2504412,COLUMBUS PUBLIC WATER SYSTEM,OH,1305946,284610,System Sourced,,https://service-line-inventory-columbus.hub.arcgis.com/,https://echo.epa.gov/detailed-facility-report?fid=OH2504412&sys=SDWIS,1
site-7710a76dca,site,NV0000190,TRUCKEE MEADOWS WATER AUTHORITY,NV,442000,120047,System Sourced,,Lead and Copper: What TMWA Customers Need to Know - Truckee Meadows Water Authority,https://echo.epa.gov/detailed-facility-report?fid=NV0000190&sys=SDWIS,1
site-b7f139ff72,site,TX0610008,CITY OF ROANOKE,TX,10127,3122,System Sourced,,https://www3.twdb.texas.gov/apps/WaterServiceBoundaries/Home/Overview,https://echo.epa.gov/detailed-facility-report?fid=TX0610008&sys=SDWIS,1
site-279cb75bae,site,NC0160010,CHARLOTTE WATER,NC,1163701,323527,System Sourced,Verified ,https://www.nconemap.gov/datasets/nconemap::type-a-current-public-water-systems-2004/about,https://echo.epa.gov/detailed-facility-report?fid=NC0160010&sys=SDWIS,1
site-49fa14f4d6,site,VA6153251,PWCSA - WEST,VA,136409,42896,System Sourced,,https://services2.arcgis.com/9mMyRMFMS5yNDCCd/arcgis/rest/services/Service_Line_Inventory/FeatureServer/0,https://echo.epa.gov/detailed-facility-report?fid=VA6153251&sys=SDWIS,1
site-13ed35b1d5,site,ID1280053,COEUR D ALENE CITY OF,ID,54115,20174,Modeled,,,https://echo.epa.gov/detailed-facility-report?fid=ID1280053&sys=SDWIS,1
site-72ef87faa7,site,WA5305600,BELLINGHAM-WATER DIVISION CITY OF,WA,135023,26283,System Sourced,,https://geo.wa.gov/datasets/WADOH::drinking-water-service-areas/explore,https://echo.epa.gov/detailed-facility-report?fid=WA5305600&sys=SDWIS,1
site-9c72059384,site,WA5377050,SEATTLE PUBLIC UTILITIES,WA,1091904,171515,System Sourced,,https://geo.wa.gov/datasets/WADOH::drinking-water-service-areas/explore,https://echo.epa.gov/detailed-facility-report?fid=WA5377050&sys=SDWIS,1
site-5c452e4add,site,NY5110526,SUFFOLK COUNTY WATER AUTHORITY,NY,1100000,336418,System Sourced,,https://water.ny.gov/doh2/applinks/waterqual/#/waterMaps,https://echo.epa.gov/detailed-facility-report?fid=NY5110526&sys=SDWIS,1
site-e1ec6a5bb9,site,MO3010181,CITY OF COLUMBIA UTILITIES,MO,126254,50207,System Sourced,,https://gis.gocolumbiamo.com/arcgis/rest/services/WL/WLWaterServiceTerritory/MapServer/0,https://echo.epa.gov/detailed-facility-report?fid=MO3010181&sys=SDWIS,1
site-84844eef6c,site,NC0160010,CHARLOTTE WATER,NC,1163701,323527,System Sourced,Verified ,https://www.nconemap.gov/datasets/nconemap::type-a-current-public-water-systems-2004/about,https://echo.epa.gov/detailed-facility-report?fid=NC0160010&sys=SDWIS,1
site-cba446c055,site,FL6290327,CITY OF TAMPA WATER DEPARTMENT,FL,733886,143661,System Sourced,,https://services1.arcgis.com/IbNXlmt2RVVRCZ6M/ArcGIS/rest/services/ServiceLine_viewing_469fff81ff5c43559cf4a24d19263539/FeatureServer/0,https://echo.epa.gov/detailed-facility-report?fid=FL6290327&sys=SDWIS,1
site-c179c510a3,site,OH5002303,YOUNGSTOWN CITY PWS,OH,130530,52603,System Sourced,Not Verified,https://ysuarc.maps.arcgis.com/apps/instant/interactivelegend/index.html?appid=2a23cd738e55459ead978e4839cd8e22,https://echo.epa.gov/detailed-facility-report?fid=OH5002303&sys=SDWIS,1
site-8da0659db7,site,LA1033005,BATON ROUGE WATER COMPANY,LA,579714,193238,Modeled,,Service & Plumbing Line Inventory Search – Baton Rouge Water Company,https://echo.epa.gov/detailed-facility-report?fid=LA1033005&sys=SDWIS,1
site-81dd437558,site,WA5370050,PUYALLUP CITY OF,WA,39100,16200,System Sourced,,https://geo.wa.gov/datasets/WADOH::drinking-water-service-areas/explore,https://echo.epa.gov/detailed-facility-report?fid=WA5370050&sys=SDWIS,1
site-4d1732e5fd,site,GA0970000,DOUGLASVILLE-DOUGLAS COUNTY WSA,GA,110219,45913,System Sourced,,https://koordinates.com/layer/108336-douglas-county-georgia-water-mains/,https://echo.epa.gov/detailed-facility-report?fid=GA0970000&sys=SDWIS,1
site-17e5bcaeb1,site,MA3308000,WALTHAM WATER DEPARTMENT,MA,65218,14042,System Sourced,Verified,https://www.mass.gov/info-details/massgis-data-massdep-estimated-public-drinking-water-system-service-area-boundaries,https://echo.epa.gov/detailed-facility-report?fid=MA3308000&sys=SDWIS,1
site-d81b91e389,site,MA3314000,WATERTOWN WATER DEPT. (MWRA),MA,35329,7662,System Sourced,Verified,https://www.mass.gov/info-details/massgis-data-massdep-estimated-public-drinking-water-system-service-area-boundaries,https://echo.epa.gov/detailed-facility-report?fid=MA3314000&sys=SDWIS,1
site-8b276400f2,site,IL0316000,CHICAGO,IL,2746388,484979,System Sourced,,https://sli.chicagowaterquality.org/,https://echo.epa.gov/detailed-facility-report?fid=IL0316000&sys=SDWIS,1
site-219c034be1,site,OH2101412,"DEL-CO WATER COMPANY, INC.",OH,150000,55000,System Sourced,Not Verified,https://del-co.maps.arcgis.com/apps/webappviewer/index.html?id=b13fd43c5eb24f498fafb1d59a96efaa,https://echo.epa.gov/detailed-facility-report?fid=OH2101412&sys=SDWIS,1
site-0701cec745,site,TX0570004,DALLAS WATER UTILITY,TX,1356479,958265,System Sourced,,https://www3.twdb.texas.gov/apps/WaterServiceBoundaries/Home/Overview,https://echo.epa.gov/detailed-facility-report?fid=TX0570004&sys=SDWIS,1
site-f69cb963aa,site,CO0118015,HIGHLANDS RANCH WSD,CO,103444,42300,System Sourced,,https://www.arcgis.com/home/item.html?id=dc20584fc2d546aab7aaa0018580343b,https://echo.epa.gov/detailed-facility-report?fid=CO0118015&sys=SDWIS,1
site-1287a80354,site,IL0314400,ELK GROVE VILLAGE,IL,34700,12535,Modeled,,,https://echo.epa.gov/detailed-facility-report?fid=IL0314400&sys=SDWIS,1
site-e7fe47c509,site,VA6107350,LOUDOUN WATER - CENTRAL SYSTEM,VA,334808,83426,System Sourced,,https://geodata.dep.state.fl.us/datasets/pws-lead-service-line-inventories-lsli-2/about,https://echo.epa.gov/detailed-facility-report?fid=VA6107350&sys=SDWIS,1
site-84299c5883,site,VA6107350,LOUDOUN WATER - CENTRAL SYSTEM,VA,334808,83426,System Sourced,,https://geodata.dep.state.fl.us/datasets/pws-lead-service-line-inventories-lsli-2/about,https://echo.epa.gov/detailed-facility-report?fid=VA6107350&sys=SDWIS,1
site-3b00be8769,site,VA6107350,LOUDOUN WATER - CENTRAL SYSTEM,VA,334808,83426,System Sourced,,https://geodata.dep.state.fl.us/datasets/pws-lead-service-line-inventories-lsli-2/about,https://echo.epa.gov/detailed-facility-report?fid=VA6107350&sys=SDWIS,1
site-f4bebe13be,site,VA6107350,LOUDOUN WATER - CENTRAL SYSTEM,VA,334808,83426,System Sourced,,https://geodata.dep.state.fl.us/datasets/pws-lead-service-line-inventories-lsli-2/about,https://echo.epa.gov/detailed-facility-report?fid=VA6107350&sys=SDWIS,1
site-73de90ad05,site,IL0430551,LISLE,IL,24233,6097,Modeled,,,https://echo.epa.gov/detailed-facility-report?fid=IL0430551&sys=SDWIS,1
site-0a53880ff4,site,CA3010092,IRVINE RANCH WATER DISTRICT,CA,444800,121167,System Sourced,Not Verified,https://gis.data.ca.gov/datasets/fbba842bf134497c9d611ad506ec48cc/explore,https://echo.epa.gov/detailed-facility-report?fid=CA3010092&sys=SDWIS,1
site-ed83ff31d1,site,CA1910047,HAWTHORNE-CITY WATER DEPT.,CA,44718,6202,System Sourced,Verified,https://gis.data.ca.gov/datasets/fbba842bf134497c9d611ad506ec48cc/explore,https://echo.epa.gov/detailed-facility-report?fid=CA1910047&sys=SDWIS,1
site-abf516bb0a,site,CA3010092,IRVINE RANCH WATER DISTRICT,CA,444800,121167,System Sourced,Not Verified,https://gis.data.ca.gov/datasets/fbba842bf134497c9d611ad506ec48cc/explore,https://echo.epa.gov/detailed-facility-report?fid=CA3010092&sys=SDWIS,1
site-8117078a70,site,WA5349270,LYNNWOOD CITY OF,WA,66947,17466,System Sourced,,https://geo.wa.gov/datasets/WADOH::drinking-water-service-areas/explore,https://echo.epa.gov/detailed-facility-report?fid=WA5349270&sys=SDWIS,1
site-b32405ecd6,site,MN1700009,Shakopee,MN,47000,12651,System Sourced,,https://maps.umn.edu/LSL/,https://echo.epa.gov/detailed-facility-report?fid=MN1700009&sys=SDWIS,1
site-0f9a072416,site,NJ0238001,VEOLIA WATER NEW JERSEY HACKENSACK,NJ,792713,193600,System Sourced,,https://rutgers.maps.arcgis.com/home/item.html?id=0cb88cd0315e48f491f2122cb824c158,https://echo.epa.gov/detailed-facility-report?fid=NJ0238001&sys=SDWIS,1
site-7a9ec27724,site,AZ0407095,MESA CITY OF,AZ,466000,142500,System Sourced,,https://gisdata2016-11-18t150447874z-azwater.opendata.arcgis.com/datasets/cws-service-area-1/about,https://echo.epa.gov/detailed-facility-report?fid=AZ0407095&sys=SDWIS,1
site-df90a9947a,site,WI2650056,WHITEWATER WATERWORKS,WI,14000,5185,Modeled,,,https://echo.epa.gov/detailed-facility-report?fid=WI2650056&sys=SDWIS,1
site-9fb7df171b,site,NY1400422,BUFFALO WATER AUTHORITY,NY,276000,80000,System Sourced,,https://water.ny.gov/doh2/applinks/waterqual/#/waterMaps,https://echo.epa.gov/detailed-facility-report?fid=NY1400422&sys=SDWIS,1
site-8b71112301,site,NY2704518,ROCHESTER CITY,NY,214000,62000,System Sourced,,https://water.ny.gov/doh2/applinks/waterqual/#/waterMaps,https://echo.epa.gov/detailed-facility-report?fid=NY2704518&sys=SDWIS,1
site-84745b1041,site,NV0000090,LAS VEGAS VALLEY WATER DISTRICT,NV,1539277,442502,System Sourced,,,https://echo.epa.gov/detailed-facility-report?fid=NV0000090&sys=SDWIS,1
site-af0f67af3f,site,GA1210001,ATLANTA,GA,1089893,262059,System Sourced,,,https://echo.epa.gov/detailed-facility-report?fid=GA1210001&sys=SDWIS,1
site-f5835469bb,site,OR4100731,SALEM PUBLIC WORKS,OR,199820,55970,System Sourced,,Public_Water_Service_Areas (FeatureServer),https://echo.epa.gov/detailed-facility-report?fid=OR4100731&sys=SDWIS,1
site-646eb5bb34,site,NV0000090,LAS VEGAS VALLEY WATER DISTRICT,NV,1539277,442502,System Sourced,,,https://echo.epa.gov/detailed-facility-report?fid=NV0000090&sys=SDWIS,1
site-32c2ff5807,site,MO1010342,HAMILTON PWS,MO,1813,801,Modeled,,,https://echo.epa.gov/detailed-facility-report?fid=MO1010342&sys=SDWIS,1
site-443b708af9,site,OK1021418,"WASHINGTON CO RWD #3 (NEW,#1)",OK,25375,10150,System Sourced,,https://owrb.csa.ou.edu/server/rest/services/Water_Supply/Water_Systems/MapServer/0,https://echo.epa.gov/detailed-facility-report?fid=OK1021418&sys=SDWIS,1
site-f371910bad,site,OK3000704,BRYAN COUNTY RURAL WATER DISTRICT #5,OK,8325,4637,System Sourced,,https://owrb.csa.ou.edu/server/rest/services/Water_Supply/Water_Systems/MapServer/0,https://echo.epa.gov/detailed-facility-report?fid=OK3000704&sys=SDWIS,1
site-6ce082ebd6,site,TX0430025,CITY OF ALLEN,TX,104870,42113,System Sourced,,https://www3.twdb.texas.gov/apps/WaterServiceBoundaries/Home/Overview,https://echo.epa.gov/detailed-facility-report?fid=TX0430025&sys=SDWIS,1
site-28412a83b5,site,WV3302016,WVAWC-KANAWHA VALLEY DIST,WV,207319,90250,System Sourced,,https://experience.arcgis.com/experience/4997839853a040a8b1f330523b8d929b/,https://echo.epa.gov/detailed-facility-report?fid=WV3302016&sys=SDWIS,1
site-7d0092e4ca,site,OH2504412,COLUMBUS PUBLIC WATER SYSTEM,OH,1305946,284610,System Sourced,,https://service-line-inventory-columbus.hub.arcgis.com/,https://echo.epa.gov/detailed-facility-report?fid=OH2504412&sys=SDWIS,1
site-7460fa2ad9,site,IN5249004,CITIZENS WATER - INDIANAPOLIS,IN,866928,346771,System Sourced,,https://experience.arcgis.com/experience/62c6ba97e9374962b57ba4fe26ab7d5a,https://echo.epa.gov/detailed-facility-report?fid=IN5249004&sys=SDWIS,1
site-e72b7406e1,site,PA5020038,PITTSBURGH WATER & SEWER AUTH,PA,520000,79034,System Sourced,,https://newdata-padep-1.opendata.arcgis.com/maps/fdf53cdeb2ec42b8a9422569f2e9531b/about,https://echo.epa.gov/detailed-facility-report?fid=PA5020038&sys=SDWIS,1
site-bf0c1404d2,site,OR4100635,SUNRISE WATER AUTHORITY,OR,50003,16771,System Sourced,,https://rlisdiscovery.oregonmetro.gov/datasets/90b4cf765a714d9b8042d6e3f3f2872c_0/explore,https://echo.epa.gov/detailed-facility-report?fid=OR4100635&sys=SDWIS,1
site-5d09f7629a,site,KS2005111,"HAYS, CITY OF",KS,21040,8293,System Sourced,,https://hub.kansasgis.org/maps/KSDOT::rural-water-districts/about ,https://echo.epa.gov/detailed-facility-report?fid=KS2005111&sys=SDWIS,1
site-fd6b84892e,site,VA6107350,LOUDOUN WATER - CENTRAL SYSTEM,VA,334808,83426,System Sourced,,https://geodata.dep.state.fl.us/datasets/pws-lead-service-line-inventories-lsli-2/about,https://echo.epa.gov/detailed-facility-report?fid=VA6107350&sys=SDWIS,1
site-f01b97586e,site,VA6153251,PWCSA - WEST,VA,136409,42896,System Sourced,,https://services2.arcgis.com/9mMyRMFMS5yNDCCd/arcgis/rest/services/Service_Line_Inventory/FeatureServer/0,https://echo.epa.gov/detailed-facility-report?fid=VA6153251&sys=SDWIS,1
site-e77e89630c,site,VA6153251,PWCSA - WEST,VA,136409,42896,System Sourced,,https://services2.arcgis.com/9mMyRMFMS5yNDCCd/arcgis/rest/services/Service_Line_Inventory/FeatureServer/0,https://echo.epa.gov/detailed-facility-report?fid=VA6153251&sys=SDWIS,1
site-62c9039053,site,CT0150011,AQUARION-EASTERN FAIRFIELD COUNTY,CT,351756,108501,System Sourced,,https://portal.ct.gov/dph/drinking-water/dws/public-water-supply-map,https://echo.epa.gov/detailed-facility-report?fid=CT0150011&sys=SDWIS,1
site-23d44d85bc,site,CT0150011,AQUARION-EASTERN FAIRFIELD COUNTY,CT,351756,108501,System Sourced,,https://portal.ct.gov/dph/drinking-water/dws/public-water-supply-map,https://echo.epa.gov/detailed-facility-report?fid=CT0150011&sys=SDWIS,1
site-12e02903b0,site,OH7700011,AKRON CITY PWS,OH,280000,94791,System Sourced,Not Verified,"https://www.akronohio.gov/departments/service/water_supply_bureau/lead_mitigation.php#:~:text=Lead%20Line%20Replacement%20and%20Lead%20Mitigation&text=Due%20to%20these%20efforts%2C%20Akron,remaining%20in%20Akron's%20distribution%20system.",https://echo.epa.gov/detailed-facility-report?fid=OH7700011&sys=SDWIS,1
site-6ddc9382c7,site,GA1210001,ATLANTA,GA,1089893,262059,System Sourced,,,https://echo.epa.gov/detailed-facility-report?fid=GA1210001&sys=SDWIS,1
site-b5e7a42400,site,MT0000153,BILLINGS  CITY OF,MT,114000,32872,System Sourced,,,https://echo.epa.gov/detailed-facility-report?fid=MT0000153&sys=SDWIS,1
site-500d8f9e6b,site,FL4500130,BOCA RATON WTP,FL,130000,37134,System Sourced,,https://geo-sfwmd.hub.arcgis.com/datasets/sfwmd::current-public-supply-utility-service-areas/about,https://echo.epa.gov/detailed-facility-report?fid=FL4500130&sys=SDWIS,1
site-eee999b18d,site,MA3308000,WALTHAM WATER DEPARTMENT,MA,65218,14042,System Sourced,Verified,https://www.mass.gov/info-details/massgis-data-massdep-estimated-public-drinking-water-system-service-area-boundaries,https://echo.epa.gov/detailed-facility-report?fid=MA3308000&sys=SDWIS,1
site-11105a907c,site,NY1400422,BUFFALO WATER AUTHORITY,NY,276000,80000,System Sourced,,https://water.ny.gov/doh2/applinks/waterqual/#/waterMaps,https://echo.epa.gov/detailed-facility-report?fid=NY1400422&sys=SDWIS,1
site-e8f7756e3a,site,NC0160010,CHARLOTTE WATER,NC,1163701,323527,System Sourced,Verified ,https://www.nconemap.gov/datasets/nconemap::type-a-current-public-water-systems-2004/about,https://echo.epa.gov/detailed-facility-report?fid=NC0160010&sys=SDWIS,1
site-205906b469,site,NC0160010,CHARLOTTE WATER,NC,1163701,323527,System Sourced,Verified ,https://www.nconemap.gov/datasets/nconemap::type-a-current-public-water-systems-2004/about,https://echo.epa.gov/detailed-facility-report?fid=NC0160010&sys=SDWIS,1
site-865aef8231,site,WY5600011,CHEYENNE BOARD OF PUBLIC UTILITIES,WY,64165,25000,System Sourced,,https://experience.arcgis.com/experience/98cc0f0b77f147df89fae212a43c0726,https://echo.epa.gov/detailed-facility-report?fid=WY5600011&sys=SDWIS,1
site-94b96d3490,site,IL0316000,CHICAGO,IL,2746388,484979,System Sourced,,https://sli.chicagowaterquality.org/,https://echo.epa.gov/detailed-facility-report?fid=IL0316000&sys=SDWIS,1
site-8914693350,site,IL0316000,CHICAGO,IL,2746388,484979,System Sourced,,https://sli.chicagowaterquality.org/,https://echo.epa.gov/detailed-facility-report?fid=IL0316000&sys=SDWIS,1
site-a61fd49504,site,OH1801212,CLEVELAND PUBLIC WATER SYSTEM,OH,1308955,453705,System Sourced,Not Verified,https://clevelandgis.maps.arcgis.com/apps/instant/sidebar/index.html?appid=4cf4e820059747ecb38bdac89a44895d,https://echo.epa.gov/detailed-facility-report?fid=OH1801212&sys=SDWIS,1
site-db3845c523,site,OH1801212,CLEVELAND PUBLIC WATER SYSTEM,OH,1308955,453705,System Sourced,Not Verified,https://clevelandgis.maps.arcgis.com/apps/instant/sidebar/index.html?appid=4cf4e820059747ecb38bdac89a44895d,https://echo.epa.gov/detailed-facility-report?fid=OH1801212&sys=SDWIS,1
site-f0d5de123d,site,OH2504412,COLUMBUS PUBLIC WATER SYSTEM,OH,1305946,284610,System Sourced,,https://service-line-inventory-columbus.hub.arcgis.com/,https://echo.epa.gov/detailed-facility-report?fid=OH2504412&sys=SDWIS,1
site-66b9f98a64,site,OH2504412,COLUMBUS PUBLIC WATER SYSTEM,OH,1305946,284610,System Sourced,,https://service-line-inventory-columbus.hub.arcgis.com/,https://echo.epa.gov/detailed-facility-report?fid=OH2504412&sys=SDWIS,1
site-cd8535f75a,site,AZ0407025,PHOENIX CITY OF,AZ,1695000,430118,System Sourced,,https://gisdata2016-11-18t150447874z-azwater.opendata.arcgis.com/datasets/cws-service-area-1/about,https://echo.epa.gov/detailed-facility-report?fid=AZ0407025&sys=SDWIS,1
site-9056484224,site,MI0001800,DETROIT CITY OF,MI,633218,237000,System Sourced,,https://experience.arcgis.com/experience/bad3aa3323f94e4daa11f2a7f9ebfe4c/,https://echo.epa.gov/detailed-facility-report?fid=MI0001800&sys=SDWIS,1
site-57b8f5b684,site,MD0130002,HOWARD COUNTY D.P.W. DISTRIBUTION,MD,286158,79084,System Sourced,,Personal Communication,https://echo.epa.gov/detailed-facility-report?fid=MD0130002&sys=SDWIS,1
site-1ca179cb8d,site,SC0310004,FAIRFAX TOWN OF (SC0310004),SC,1962,837,Modeled,,,https://echo.epa.gov/detailed-facility-report?fid=SC0310004&sys=SDWIS,1
site-378b01e512,site,TX1010013,CITY OF HOUSTON,TX,2202531,954657,System Sourced,,https://www3.twdb.texas.gov/apps/WaterServiceBoundaries/Home/Overview,https://echo.epa.gov/detailed-facility-report?fid=TX1010013&sys=SDWIS,1
site-d7ac527a63,site,CA1910059,SUBURBAN WATER SYSTEMS-LA MIRADA,CA,56793,15320,System Sourced,Verified,https://gis.data.ca.gov/datasets/fbba842bf134497c9d611ad506ec48cc/explore,https://echo.epa.gov/detailed-facility-report?fid=CA1910059&sys=SDWIS,1
site-51882465cb,site,LA1071009,NEW ORLEANS CARROLLTON WW,LA,334903,137049,System Sourced,,,https://echo.epa.gov/detailed-facility-report?fid=LA1071009&sys=SDWIS,1
site-36908fc13f,site,NY7003493,NEW YORK CITY SYSTEM,NY,8271000,727058,System Sourced,,https://water.ny.gov/doh2/applinks/waterqual/#/waterMaps,https://echo.epa.gov/detailed-facility-report?fid=NY7003493&sys=SDWIS,1
site-37f954d8f5,site,WA5341997,LAKEHAVEN WATER AND SEWER DISTRICT,WA,118273,46077,System Sourced,,https://geo.wa.gov/datasets/WADOH::drinking-water-service-areas/explore,https://echo.epa.gov/detailed-facility-report?fid=WA5341997&sys=SDWIS,1
site-3c77da69fa,site,MA1281000,SPRINGFIELD WATER AND SEWER COMMISSION,MA,167954,43265,System Sourced,Verified,https://www.mass.gov/info-details/massgis-data-massdep-estimated-public-drinking-water-system-service-area-boundaries,https://echo.epa.gov/detailed-facility-report?fid=MA1281000&sys=SDWIS,1
site-9a0610c093,site,MO6010715,ST LOUIS CITY PWS,MO,304709,95667,System Sourced,,https://services6.arcgis.com/HZXbCkpCSqbGd0vK/ArcGIS/rest/services/Utility_Side___Customer_Side_11_13_24_WFL1/FeatureServer/0,https://echo.epa.gov/detailed-facility-report?fid=MO6010715&sys=SDWIS,1
site-95c3d684c3,site,FL6290327,CITY OF TAMPA WATER DEPARTMENT,FL,733886,143661,System Sourced,,https://services1.arcgis.com/IbNXlmt2RVVRCZ6M/ArcGIS/rest/services/ServiceLine_viewing_469fff81ff5c43559cf4a24d19263539/FeatureServer/0,https://echo.epa.gov/detailed-facility-report?fid=FL6290327&sys=SDWIS,1
site-73f24f000e,site,FL3480962,ORLANDO UTILITIES COMMISSION,FL,536466,129207,System Sourced,,https://geo-sfwmd.hub.arcgis.com/datasets/sfwmd::current-public-supply-utility-service-areas/about; https://data-floridaswater.opendata.arcgis.com/datasets/f2f54ba2896e464a890ce827644f250d_0/explore,https://echo.epa.gov/detailed-facility-report?fid=FL3480962&sys=SDWIS,1
site-fc681f71ac,site,GA1210001,ATLANTA,GA,1089893,262059,System Sourced,,,https://echo.epa.gov/detailed-facility-report?fid=GA1210001&sys=SDWIS,1
site-1665bf7cd3,site,NH1471010,MANCHESTER WATER WORKS,NH,123500,32061,System Sourced,,https://www.arcgis.com/home/item.html?id=f7f367ce57c74d2595c3e84a8f31ad74,https://echo.epa.gov/detailed-facility-report?fid=NH1471010&sys=SDWIS,1
site-17392cc690,site,NY1400422,BUFFALO WATER AUTHORITY,NY,276000,80000,System Sourced,,https://water.ny.gov/doh2/applinks/waterqual/#/waterMaps,https://echo.epa.gov/detailed-facility-report?fid=NY1400422&sys=SDWIS,1
site-7f2744464f,site,FL4130871,MDWASA - MAIN SYSTEM,FL,2300000,560000,System Sourced,,https://experience.arcgis.com/experience/914132252dbb4639873d02988af59f23/page/english,https://echo.epa.gov/detailed-facility-report?fid=FL4130871&sys=SDWIS,1
site-7b5cb390b4,site,MA4001000,ABINGTON/ROCKLAND JOINT WTR. WORKS,MA,33647,11607,System Sourced,Verified,https://www.mass.gov/info-details/massgis-data-massdep-estimated-public-drinking-water-system-service-area-boundaries,https://echo.epa.gov/detailed-facility-report?fid=MA4001000&sys=SDWIS,1
site-7933ba53d7,site,MA3308000,WALTHAM WATER DEPARTMENT,MA,65218,14042,System Sourced,Verified,https://www.mass.gov/info-details/massgis-data-massdep-estimated-public-drinking-water-system-service-area-boundaries,https://echo.epa.gov/detailed-facility-report?fid=MA3308000&sys=SDWIS,1
site-27a43fb788,site,GA0670003,COBB COUNTY,GA,695000,183518,System Sourced,,,https://echo.epa.gov/detailed-facility-report?fid=GA0670003&sys=SDWIS,1
site-a347802157,site,WA5305575,BELLEVUE CITY OF,WA,317330,71089,System Sourced,,https://geo.wa.gov/datasets/WADOH::drinking-water-service-areas/explore,https://echo.epa.gov/detailed-facility-report?fid=WA5305575&sys=SDWIS,1
site-3a2f68fdf2,site,WA5371650,REDMOND WATER SYSTEM CITY OF,WA,147897,38686,System Sourced,,https://geo.wa.gov/datasets/WADOH::drinking-water-service-areas/explore,https://echo.epa.gov/detailed-facility-report?fid=WA5371650&sys=SDWIS,1
site-aa24369d27,site,WA5386800,TACOMA WATER DIVISION CITY OF,WA,448771,161793,System Sourced,,https://geo.wa.gov/datasets/WADOH::drinking-water-service-areas/explore,https://echo.epa.gov/detailed-facility-report?fid=WA5386800&sys=SDWIS,1
site-a78474ffe0,site,VA6107350,LOUDOUN WATER - CENTRAL SYSTEM,VA,334808,83426,System Sourced,,https://geodata.dep.state.fl.us/datasets/pws-lead-service-line-inventories-lsli-2/about,https://echo.epa.gov/detailed-facility-report?fid=VA6107350&sys=SDWIS,1
site-568e24129a,site,IA7727031,DES MOINES WATER WORKS,IA,246055,94000,System Sourced,,,https://echo.epa.gov/detailed-facility-report?fid=IA7727031&sys=SDWIS,1
site-6ec460c371,site,FL2161328,JEA MAJOR GRID,FL,826664,428439,System Sourced,,https://trinnex.cloud/leadcast/publicMap?tenantName=JEA,https://echo.epa.gov/detailed-facility-report?fid=FL2161328&sys=SDWIS,1
site-124c3a220e,site,FL2161328,JEA MAJOR GRID,FL,826664,428439,System Sourced,,https://trinnex.cloud/leadcast/publicMap?tenantName=JEA,https://echo.epa.gov/detailed-facility-report?fid=FL2161328&sys=SDWIS,1
site-b640f6d383,site,FL6531014,"LAKELAND, CITY OF",FL,193297,63354,System Sourced,,,https://echo.epa.gov/detailed-facility-report?fid=FL6531014&sys=SDWIS,1
site-23cfac6f28,site,NJ1424001,SOUTHEAST MORRIS COUNTY MUA,NJ,62349,17349,System Sourced,,https://rutgers.maps.arcgis.com/home/item.html?id=0cb88cd0315e48f491f2122cb824c158,https://echo.epa.gov/detailed-facility-report?fid=NJ1424001&sys=SDWIS,1
site-c21d59f220,site,NJ1429001,PARSIPPANY-TROY HILLS WATER DEPARTMENT,NJ,50400,15000,System Sourced,,https://rutgers.maps.arcgis.com/home/item.html?id=0cb88cd0315e48f491f2122cb824c158,https://echo.epa.gov/detailed-facility-report?fid=NJ1429001&sys=SDWIS,1
site-dc44baa8aa,site,CA4310012,CITY OF SANTA CLARA,CA,130746,24103,System Sourced,Verified,https://gis.data.ca.gov/datasets/fbba842bf134497c9d611ad506ec48cc/explore,https://echo.epa.gov/detailed-facility-report?fid=CA4310012&sys=SDWIS,2
site-1236554135,site,CO0130020,CONSOLIDATED MUTUAL MAPLE GROVE,CO,81400,22654,System Sourced,,,https://echo.epa.gov/detailed-facility-report?fid=CO0130020&sys=SDWIS,1
site-8f472304c0,site,TN0000450,"MEMPHIS LIGHT, GAS, & WATER",TN,659500,255620,System Sourced,,https://tdec-division-of-water-tdec.hub.arcgis.com/datasets/cc62b90b5775475c94f503cf225c5fd7_0,https://echo.epa.gov/detailed-facility-report?fid=TN0000450&sys=SDWIS,1
site-95e163ebb9,site,GA0730000,COLUMBIA COUNTY,GA,124763,53105,System Sourced,,https://koordinates.com/layer/109820-columbia-county-georgia-water-main/,https://echo.epa.gov/detailed-facility-report?fid=GA0730000&sys=SDWIS,1
site-f8ea85cfa8,site,AZ0407095,MESA CITY OF,AZ,466000,142500,System Sourced,,https://gisdata2016-11-18t150447874z-azwater.opendata.arcgis.com/datasets/cws-service-area-1/about,https://echo.epa.gov/detailed-facility-report?fid=AZ0407095&sys=SDWIS,1
site-cb904915de,site,MI0006170,SOUTHGATE,MI,30047,10510,Modeled,,,https://echo.epa.gov/detailed-facility-report?fid=MI0006170&sys=SDWIS,1
site-f1609814d6,site,TX0700033,ROCKETT SUD,TX,46614,24886,System Sourced,,https://www3.twdb.texas.gov/apps/WaterServiceBoundaries/Home/Overview,https://echo.epa.gov/detailed-facility-report?fid=TX0700033&sys=SDWIS,1
site-25b52cfa2a,site,IA7727031,DES MOINES WATER WORKS,IA,246055,94000,System Sourced,,,https://echo.epa.gov/detailed-facility-report?fid=IA7727031&sys=SDWIS,1
site-b865c1f6f5,site,VT0005053,BURLINGTON DEPT PUBLIC WORKS WATER DIV,VT,42000,9900,System Sourced,,https://experience.arcgis.com/experience/bb84323846bd4102b84d58be3562784f/,https://echo.epa.gov/detailed-facility-report?fid=VT0005053&sys=SDWIS,1
site-bd550d9e3f,site,NH1471010,MANCHESTER WATER WORKS,NH,123500,32061,System Sourced,,https://www.arcgis.com/home/item.html?id=f7f367ce57c74d2595c3e84a8f31ad74,https://echo.epa.gov/detailed-facility-report?fid=NH1471010&sys=SDWIS,1
site-fb13077997,site,TX1010013,CITY OF HOUSTON,TX,2202531,954657,System Sourced,,https://www3.twdb.texas.gov/apps/WaterServiceBoundaries/Home/Overview,https://echo.epa.gov/detailed-facility-report?fid=TX1010013&sys=SDWIS,1
site-d59f3467e2,site,OH2504412,COLUMBUS PUBLIC WATER SYSTEM,OH,1305946,284610,System Sourced,,https://service-line-inventory-columbus.hub.arcgis.com/,https://echo.epa.gov/detailed-facility-report?fid=OH2504412&sys=SDWIS,1
site-d8622c070f,site,CA1910067,"LOS ANGELES-CITY, DEPT. OF WATER & POWER",CA,3856043,709623,System Sourced,Verified,https://gis.data.ca.gov/datasets/fbba842bf134497c9d611ad506ec48cc/explore,https://echo.epa.gov/detailed-facility-report?fid=CA1910067&sys=SDWIS,1
site-3e81c0d98c,site,FL4130871,MDWASA - MAIN SYSTEM,FL,2300000,560000,System Sourced,,https://experience.arcgis.com/experience/914132252dbb4639873d02988af59f23/page/english,https://echo.epa.gov/detailed-facility-report?fid=FL4130871&sys=SDWIS,1
site-382c69d9f2,site,FL3480962,ORLANDO UTILITIES COMMISSION,FL,536466,129207,System Sourced,,https://geo-sfwmd.hub.arcgis.com/datasets/sfwmd::current-public-supply-utility-service-areas/about; https://data-floridaswater.opendata.arcgis.com/datasets/f2f54ba2896e464a890ce827644f250d_0/explore,https://echo.epa.gov/detailed-facility-report?fid=FL3480962&sys=SDWIS,1
site-e2a72d533d,site,GA1210001,ATLANTA,GA,1089893,262059,System Sourced,,,https://echo.epa.gov/detailed-facility-report?fid=GA1210001&sys=SDWIS,1
site-73684f6793,site,GA0670005,MARIETTA BOARD OF LIGHTS AND WATER,GA,60100,18100,System Sourced,,https://www.arcgis.com/home/item.html?id=193590014ae846348499b180f9cb81ae,https://echo.epa.gov/detailed-facility-report?fid=GA0670005&sys=SDWIS,1
site-d4d9245821,site,MA3274000,SOMERVILLE WATER DEPT. (MWRA),MA,81045,15109,System Sourced,Verified,https://www.mass.gov/info-details/massgis-data-massdep-estimated-public-drinking-water-system-service-area-boundaries,https://echo.epa.gov/detailed-facility-report?fid=MA3274000&sys=SDWIS,1
site-c5b3eaa027,site,IL0316000,CHICAGO,IL,2746388,484979,System Sourced,,https://sli.chicagowaterquality.org/,https://echo.epa.gov/detailed-facility-report?fid=IL0316000&sys=SDWIS,1
site-6f6531815b,site,IL0316000,CHICAGO,IL,2746388,484979,System Sourced,,https://sli.chicagowaterquality.org/,https://echo.epa.gov/detailed-facility-report?fid=IL0316000&sys=SDWIS,1
site-39060fefbc,site,DC0000002,D.C. WATER AND SEWER AUTHORITY,DC,632323,140000,System Sourced,,,https://echo.epa.gov/detailed-facility-report?fid=DC0000002&sys=SDWIS,1
site-1297322f11,site,VA6059501,FAIRFAX COUNTY WATER AUTHORITY,VA,1121613,281686,System Sourced,,https://fairfaxwater.maps.arcgis.com/apps/instant/sidebar/index.html?appid=371af69b796b48ce84e63e3aebc5c0fb,https://echo.epa.gov/detailed-facility-report?fid=VA6059501&sys=SDWIS,1
site-6b970e06d3,site,VA6059501,FAIRFAX COUNTY WATER AUTHORITY,VA,1121613,281686,System Sourced,,https://fairfaxwater.maps.arcgis.com/apps/instant/sidebar/index.html?appid=371af69b796b48ce84e63e3aebc5c0fb,https://echo.epa.gov/detailed-facility-report?fid=VA6059501&sys=SDWIS,1
site-eb81fbf20b,site,CA4310005,CITY OF MILPITAS,CA,77961,15928,System Sourced,Verified,https://gis.data.ca.gov/datasets/fbba842bf134497c9d611ad506ec48cc/explore,https://echo.epa.gov/detailed-facility-report?fid=CA4310005&sys=SDWIS,2
site-d236e4f981,site,CA4310012,CITY OF SANTA CLARA,CA,130746,24103,System Sourced,Verified,https://gis.data.ca.gov/datasets/fbba842bf134497c9d611ad506ec48cc/explore,https://echo.epa.gov/detailed-facility-report?fid=CA4310012&sys=SDWIS,2
site-7d1dcde9cc,site,TX0570004,DALLAS WATER UTILITY,TX,1356479,958265,System Sourced,,https://www3.twdb.texas.gov/apps/WaterServiceBoundaries/Home/Overview,https://echo.epa.gov/detailed-facility-report?fid=TX0570004&sys=SDWIS,1
site-f1eb145e02,site,VA4041845,CHESTERFIELD CO CENTRAL WATER SYSTEM,VA,383115,122825,System Sourced,,https://services3.arcgis.com/TsynfzBSE6sXfoLq/arcgis/rest/services/Water_Service_Line_Material_Shape_File/FeatureServer,https://echo.epa.gov/detailed-facility-report?fid=VA4041845&sys=SDWIS,1
site-884d6b0029,site,GA3130000,DALTON UTILITIES,GA,99315,36549,Modeled,,,https://echo.epa.gov/detailed-facility-report?fid=GA3130000&sys=SDWIS,1
site-560b0d10da,site,TX0610002,CITY OF DENTON,TX,150037,58289,System Sourced,,https://www3.twdb.texas.gov/apps/WaterServiceBoundaries/Home/Overview,https://echo.epa.gov/detailed-facility-report?fid=TX0610002&sys=SDWIS,1
site-180c28ad02,site,ND1101442,SOUTHEAST WUD (WEST),ND,1275,600,System Sourced,,https://www.arcgis.com/home/item.html?id=a4f83983d536407eb1adee8740f1ccde,https://echo.epa.gov/detailed-facility-report?fid=ND1101442&sys=SDWIS,2
site-e0b6cee7ee,site,NC0120025,MARBLE COMMUNITY WTR SYSTEM,NC,999,490,System Sourced,Verified ,https://www.nconemap.gov/datasets/nconemap::type-a-current-public-water-systems-2004/about,https://echo.epa.gov/detailed-facility-report?fid=NC0120025&sys=SDWIS,1
site-37c730e006,site,OK3005105,MUSKOGEE CO. RWD #6,OK,2550,1022,System Sourced,,https://owrb.csa.ou.edu/server/rest/services/Water_Supply/Water_Systems/MapServer/0,https://echo.epa.gov/detailed-facility-report?fid=OK3005105&sys=SDWIS,1
site-5bfdc44fcd,site,TX2270255,AUSTINS COLONY,TX,9987,3329,System Sourced,,https://www3.twdb.texas.gov/apps/WaterServiceBoundaries/Home/Overview,https://echo.epa.gov/detailed-facility-report?fid=TX2270255&sys=SDWIS,2
site-bcd949d232,site,GA1210005,NORTH FULTON COUNTY,GA,434517,149451,System Sourced,,Fulton County Water Service Lookuphttps://fulcogis.maps.arcgis.com/apps/webappviewer/index.html?id=308db7d1802b4158b97f57fa9cb86a7b,https://echo.epa.gov/detailed-facility-report?fid=GA1210005&sys=SDWIS,1
site-bbddd3a834,site,OR4100305,"FOREST GROVE, CITY OF",OR,26838,7250,System Sourced,,https://public.tableau.com/app/profile/regionalh2o/viz/Portlandmetroareawaterproviders_16436540090100/WaterProviders,https://echo.epa.gov/detailed-facility-report?fid=OR4100305&sys=SDWIS,1
site-38a6f7e34b,site,NJ1605002,PASSAIC VALLEY WATER COMMISSION,NJ,310483,53421,System Sourced,,https://rutgers.maps.arcgis.com/home/item.html?id=0cb88cd0315e48f491f2122cb824c158,https://echo.epa.gov/detailed-facility-report?fid=NJ1605002&sys=SDWIS,1
site-87007e1855,site,TX0210002,CITY OF COLLEGE STATION,TX,104103,41508,System Sourced,,https://www3.twdb.texas.gov/apps/WaterServiceBoundaries/Home/Overview,https://echo.epa.gov/detailed-facility-report?fid=TX0210002&sys=SDWIS,1
site-4316d990eb,site,MD0300002,CITY OF BALTIMORE,MD,1600000,424600,System Sourced,,Personal Communication,https://echo.epa.gov/detailed-facility-report?fid=MD0300002&sys=SDWIS,1
site-e50a677fe2,site,MA3035000,BOSTON WATER AND SEWER COMMISSION (MWRA),MA,675647,88360,System Sourced,Verified,https://www.mass.gov/info-details/massgis-data-massdep-estimated-public-drinking-water-system-service-area-boundaries,https://echo.epa.gov/detailed-facility-report?fid=MA3035000&sys=SDWIS,1
site-902029a996,site,NY5110526,SUFFOLK COUNTY WATER AUTHORITY,NY,1100000,336418,System Sourced,,https://water.ny.gov/doh2/applinks/waterqual/#/waterMaps,https://echo.epa.gov/detailed-facility-report?fid=NY5110526&sys=SDWIS,1
site-9956e60e67,site,OH2504412,COLUMBUS PUBLIC WATER SYSTEM,OH,1305946,284610,System Sourced,,https://service-line-inventory-columbus.hub.arcgis.com/,https://echo.epa.gov/detailed-facility-report?fid=OH2504412&sys=SDWIS,1
site-4a4cbf6653,site,CT0640011,METROPOLITAN DISTRICT COMMISSION,CT,390887,101735,System Sourced,,https://portal.ct.gov/dph/drinking-water/dws/public-water-supply-map,https://echo.epa.gov/detailed-facility-report?fid=CT0640011&sys=SDWIS,1
site-0e4cb6aeb1,site,MA2170000,MARLBOROUGH DPW  WATER DIV. (MWRA),MA,41799,10920,System Sourced,Verified,https://www.mass.gov/info-details/massgis-data-massdep-estimated-public-drinking-water-system-service-area-boundaries,https://echo.epa.gov/detailed-facility-report?fid=MA2170000&sys=SDWIS,1
site-1e54f0291c,site,NY7003493,NEW YORK CITY SYSTEM,NY,8271000,727058,System Sourced,,https://water.ny.gov/doh2/applinks/waterqual/#/waterMaps,https://echo.epa.gov/detailed-facility-report?fid=NY7003493&sys=SDWIS,1
site-834f507f42,site,PA5020038,PITTSBURGH WATER & SEWER AUTH,PA,520000,79034,System Sourced,,https://newdata-padep-1.opendata.arcgis.com/maps/fdf53cdeb2ec42b8a9422569f2e9531b/about,https://echo.epa.gov/detailed-facility-report?fid=PA5020038&sys=SDWIS,1
site-6a500c16a8,site,RI1592024,PROVIDENCE-CITY OF,RI,333142,80386,System Sourced,,https://www.rigis.org/datasets/edc::water-supply-districts-2022/explore?location=41.731691%2C-71.525611%2C10.71,https://echo.epa.gov/detailed-facility-report?fid=RI1592024&sys=SDWIS,1
site-6ccc33e0df,site,RI1592024,PROVIDENCE-CITY OF,RI,333142,80386,System Sourced,,https://www.rigis.org/datasets/edc::water-supply-districts-2022/explore?location=41.731691%2C-71.525611%2C10.71,https://echo.epa.gov/detailed-facility-report?fid=RI1592024&sys=SDWIS,1
site-3de5573371,site,MA1281000,SPRINGFIELD WATER AND SEWER COMMISSION,MA,167954,43265,System Sourced,Verified,https://www.mass.gov/info-details/massgis-data-massdep-estimated-public-drinking-water-system-service-area-boundaries,https://echo.epa.gov/detailed-facility-report?fid=MA1281000&sys=SDWIS,1
site-87d6c05d96,site,CT0150011,AQUARION-EASTERN FAIRFIELD COUNTY,CT,351756,108501,System Sourced,,https://portal.ct.gov/dph/drinking-water/dws/public-water-supply-map,https://echo.epa.gov/detailed-facility-report?fid=CT0150011&sys=SDWIS,1
site-b60aa9480e,site,NY5903464,WHITE PLAINS CITY,NY,59559,9400,System Sourced,,https://water.ny.gov/doh2/applinks/waterqual/#/waterMaps,https://echo.epa.gov/detailed-facility-report?fid=NY5903464&sys=SDWIS,1
site-136202f2b1,site,MA2348000,"WORCESTER DPWP, WATER SUPPLY DIVISION",MA,206518,43205,System Sourced,Verified,https://www.mass.gov/info-details/massgis-data-massdep-estimated-public-drinking-water-system-service-area-boundaries,https://echo.epa.gov/detailed-facility-report?fid=MA2348000&sys=SDWIS,1
site-e88f958d24,site,TX1270006,HAWLEY WSC,TX,7830,2610,System Sourced,,https://www3.twdb.texas.gov/apps/WaterServiceBoundaries/Home/Overview,https://echo.epa.gov/detailed-facility-report?fid=TX1270006&sys=SDWIS,1
site-c323f6fbc0,site,TX0380001,CITY OF CHILDRESS,TX,6105,2250,System Sourced,,https://www3.twdb.texas.gov/apps/WaterServiceBoundaries/Home/Overview,https://echo.epa.gov/detailed-facility-report?fid=TX0380001&sys=SDWIS,1
site-cbb0b1fcc3,site,CA4310012,CITY OF SANTA CLARA,CA,130746,24103,System Sourced,Verified,https://gis.data.ca.gov/datasets/fbba842bf134497c9d611ad506ec48cc/explore,https://echo.epa.gov/detailed-facility-report?fid=CA4310012&sys=SDWIS,2
site-44c0337a6e,site,CA4310014,CITY OF SUNNYVALE,CA,157566,28372,System Sourced,Verified,https://gis.data.ca.gov/datasets/fbba842bf134497c9d611ad506ec48cc/explore,https://echo.epa.gov/detailed-facility-report?fid=CA4310014&sys=SDWIS,2
site-2120ee9020,site,MD0020017,GLEN BURNIE-BROADNECK,MD,290606,83272,System Sourced,,Personal Communication,https://echo.epa.gov/detailed-facility-report?fid=MD0020017&sys=SDWIS,1
site-0a614d8444,site,TX2270001,CITY OF AUSTIN WATER & WASTEWATER,TX,1115323,279758,System Sourced,,https://www3.twdb.texas.gov/apps/WaterServiceBoundaries/Home/Overview,https://echo.epa.gov/detailed-facility-report?fid=TX2270001&sys=SDWIS,1
site-dab474bd0f,site,OH3102612,CINCINNATI PUBLIC WATER SYSTEM,OH,750200,244716,System Sourced,Not Verified,https://gcww.maps.arcgis.com/apps/webappviewer/index.html?id=0a170c268c694e46a8a4e394630df0bd,https://echo.epa.gov/detailed-facility-report?fid=OH3102612&sys=SDWIS,1
site-3fd51aa93e,site,IL0430600,LOMBARD,IL,44476,13117,Modeled,,,https://echo.epa.gov/detailed-facility-report?fid=IL0430600&sys=SDWIS,1
site-45f5e8c07d,site,IL0894070,AURORA,IL,183000,50404,System Sourced,,https://lead-service-cityofaurora.hub.arcgis.com/,https://echo.epa.gov/detailed-facility-report?fid=IL0894070&sys=SDWIS,1
site-86a7f87894,site,OH0904012,HAMILTON PUBLIC WATER SYSTEM,OH,62447,24433,System Sourced,Not Verified,https://cohohio.maps.arcgis.com/apps/webappviewer/index.html?id=eb0faa30aa3e41e788f71d8ae4d4cf5d,https://echo.epa.gov/detailed-facility-report?fid=OH0904012&sys=SDWIS,1
site-1d72139b23,site,OH8304203,WARREN CO. SOCIALVILLE PWS,OH,12587,4699,System Sourced,Not Verified,https://epa.ohio.gov/divisions-and-offices/drinking-and-ground-waters/reports-and-data/lead-lines-mapping,https://echo.epa.gov/detailed-facility-report?fid=OH8304203&sys=SDWIS,1
site-611d088ad5,site,TX0570034,CITY OF CARROLLTON,TX,136170,59408,System Sourced,,https://www3.twdb.texas.gov/apps/WaterServiceBoundaries/Home/Overview,https://echo.epa.gov/detailed-facility-report?fid=TX0570034&sys=SDWIS,1
site-675b7e272e,site,TX0610004,CITY OF LEWISVILLE,TX,140880,59632,System Sourced,,https://www3.twdb.texas.gov/apps/WaterServiceBoundaries/Home/Overview,https://echo.epa.gov/detailed-facility-report?fid=TX0610004&sys=SDWIS,1
site-16d0afb7eb,site,KY0080135,FLORENCE WATER & SEWER,KY,29351,9154,System Sourced,,https://kygisserver.ky.gov/arcgis/rest/services/WGS84WM_Services/Ky_Water_WGS84WM/MapServer/11,https://echo.epa.gov/detailed-facility-report?fid=KY0080135&sys=SDWIS,3
site-2d06a48b27,site,NC0332010,"DURHAM, CITY OF",NC,322083,97873,System Sourced,Verified ,https://www.nconemap.gov/datasets/nconemap::type-a-current-public-water-systems-2004/about,https://echo.epa.gov/detailed-facility-report?fid=NC0332010&sys=SDWIS,1
site-e1f4f08864,site,VA6107350,LOUDOUN WATER - CENTRAL SYSTEM,VA,334808,83426,System Sourced,,https://geodata.dep.state.fl.us/datasets/pws-lead-service-line-inventories-lsli-2/about,https://echo.epa.gov/detailed-facility-report?fid=VA6107350&sys=SDWIS,1
site-8a37bc3a61,site,VA6107350,LOUDOUN WATER - CENTRAL SYSTEM,VA,334808,83426,System Sourced,,https://geodata.dep.state.fl.us/datasets/pws-lead-service-line-inventories-lsli-2/about,https://echo.epa.gov/detailed-facility-report?fid=VA6107350&sys=SDWIS,1
site-a9fbef2c25,site,VA6107350,LOUDOUN WATER - CENTRAL SYSTEM,VA,334808,83426,System Sourced,,https://geodata.dep.state.fl.us/datasets/pws-lead-service-line-inventories-lsli-2/about,https://echo.epa.gov/detailed-facility-report?fid=VA6107350&sys=SDWIS,1
site-7e992a133b,site,VA6107350,LOUDOUN WATER - CENTRAL SYSTEM,VA,334808,83426,System Sourced,,https://geodata.dep.state.fl.us/datasets/pws-lead-service-line-inventories-lsli-2/about,https://echo.epa.gov/detailed-facility-report?fid=VA6107350&sys=SDWIS,1
site-f8eec2271f,site,CT1030011,NORWALK FIRST TAXING DISTRICT,CT,40256,11042,System Sourced,,https://portal.ct.gov/dph/drinking-water/dws/public-water-supply-map,https://echo.epa.gov/detailed-facility-report?fid=CT1030011&sys=SDWIS,1
site-64da80b65a,site,IA7820080,COUNCIL BLUFFS WATER WORKS,IA,64447,22374,System Sourced,,https://www.arcgis.com/home/item.html?id=32869a9b981b40018bb862db80d361bc,https://echo.epa.gov/detailed-facility-report?fid=IA7820080&sys=SDWIS,1
site-0b5d5e8d41,site,TX0150497,SAWS TEXAS RESEARCH PARK,TX,0,12355,System Sourced,,https://www3.twdb.texas.gov/apps/WaterServiceBoundaries/Home/Overview,https://echo.epa.gov/detailed-facility-report?fid=TX0150497&sys=SDWIS,1
site-df78fa26af,site,TX0150018,SAN ANTONIO WATER SYSTEM,TX,1999472,725972,System Sourced,,https://www3.twdb.texas.gov/apps/WaterServiceBoundaries/Home/Overview,https://echo.epa.gov/detailed-facility-report?fid=TX0150018&sys=SDWIS,1
site-3221f75337,site,NJ2004002,NJ AMERICAN WATER - RARITAN,NJ,615430,205035,System Sourced,,https://rutgers.maps.arcgis.com/home/item.html?id=0cb88cd0315e48f491f2122cb824c158,https://echo.epa.gov/detailed-facility-report?fid=NJ2004002&sys=SDWIS,1
site-3bfee6b014,site,NJ1612001,TOTOWA W DEPT,NJ,10804,3900,System Sourced,,https://rutgers.maps.arcgis.com/home/item.html?id=0cb88cd0315e48f491f2122cb824c158,https://echo.epa.gov/detailed-facility-report?fid=NJ1612001&sys=SDWIS,1
site-ddda31ed79,site,NY1330660,UNITED WAPPINGER WATER IMPROVEMENT DIST.,NY,14000,3808,System Sourced,,https://water.ny.gov/doh2/applinks/waterqual/#/waterMaps,https://echo.epa.gov/detailed-facility-report?fid=NY1330660&sys=SDWIS,1
site-d6749116cd,site,NJ0238001,VEOLIA WATER NEW JERSEY HACKENSACK,NJ,792713,193600,System Sourced,,https://rutgers.maps.arcgis.com/home/item.html?id=0cb88cd0315e48f491f2122cb824c158,https://echo.epa.gov/detailed-facility-report?fid=NJ0238001&sys=SDWIS,1
site-db7fd27698,site,TX2200012,CITY OF FORT WORTH,TX,955900,653251,System Sourced,,https://www3.twdb.texas.gov/apps/WaterServiceBoundaries/Home/Overview,https://echo.epa.gov/detailed-facility-report?fid=TX2200012&sys=SDWIS,1
site-1bab733314,site,FL6290327,CITY OF TAMPA WATER DEPARTMENT,FL,733886,143661,System Sourced,,https://services1.arcgis.com/IbNXlmt2RVVRCZ6M/ArcGIS/rest/services/ServiceLine_viewing_469fff81ff5c43559cf4a24d19263539/FeatureServer/0,https://echo.epa.gov/detailed-facility-report?fid=FL6290327&sys=SDWIS,1
site-3c032a4f25,site,VA2165668,R.R. DONNELLEY- RCPW,VA,1332,429,Modeled,,,https://echo.epa.gov/detailed-facility-report?fid=VA2165668&sys=SDWIS,2
site-9ba3239c3d,site,GA0890001,DEKALB COUNTY,GA,743000,193679,System Sourced,,https://services1.arcgis.com/VVapzOPgBae5joyC/arcgis/rest/services/DeKalb_LSL_Public_View/FeatureServer/0,https://echo.epa.gov/detailed-facility-report?fid=GA0890001&sys=SDWIS,1
site-24286d9f05,site,SC2310001,GREENVILLE WATER (2310001),SC,396265,187695,System Sourced,,,https://echo.epa.gov/detailed-facility-report?fid=SC2310001&sys=SDWIS,1
site-f3b2266759,site,AL0000882,HUNTSVILLE UTILITIES,AL,262158,87386,System Sourced,,,https://echo.epa.gov/detailed-facility-report?fid=AL0000882&sys=SDWIS,1
site-2ba6774d4c,site,SC2610001,MYRTLE BEACH CITY OF (SC2610001),SC,50930,26462,Modeled,,,https://echo.epa.gov/detailed-facility-report?fid=SC2610001&sys=SDWIS,1
site-2a7f2d9e3c,site,TN0000107,TENNESSEE AMERICAN WATER,TN,211499,88865,System Sourced,,https://tdec-division-of-water-tdec.hub.arcgis.com/datasets/cc62b90b5775475c94f503cf225c5fd7_0,https://echo.epa.gov/detailed-facility-report?fid=TN0000107&sys=SDWIS,1
site-e0f5a654b7,site,AL0000738,"BIRMINGHAM, THE WW BOARD OF THE CITY OF",AL,585000,195000,System Sourced,,https://services6.arcgis.com/lYqyGpgMYaP5fEPv/arcgis/rest/services/ServiceLine_viewing_4b9fd0f0410b4100b7497a8c9cc8f563/FeatureServer,https://echo.epa.gov/detailed-facility-report?fid=AL0000738&sys=SDWIS,1
site-fdcacb2cf6,site,WY5600052,"SHERIDAN, CITY OF",WY,22700,9841,System Sourced,,Region 8,https://echo.epa.gov/detailed-facility-report?fid=WY5600052&sys=SDWIS,1
site-2d5c0b3270,site,NC0160010,CHARLOTTE WATER,NC,1163701,323527,System Sourced,Verified ,https://www.nconemap.gov/datasets/nconemap::type-a-current-public-water-systems-2004/about,https://echo.epa.gov/detailed-facility-report?fid=NC0160010&sys=SDWIS,1
site-4d1c3ff3c4,site,ND0800080,BISMARCK CITY OF,ND,72417,21427,System Sourced,,https://services1.arcgis.com/XxHmL09eFqJWI0gE/arcgis/rest/services/Curb_Stops_View/FeatureServer/1,https://echo.epa.gov/detailed-facility-report?fid=ND0800080&sys=SDWIS,1
site-0a7a53960c,site,GA2150000,COLUMBUS,GA,229000,64078,System Sourced,,https://epa.maps.arcgis.com/home/item.html?id=6eb90ff16d224a96abcd9deecf1cd087,https://echo.epa.gov/detailed-facility-report?fid=GA2150000&sys=SDWIS,1
site-4f57a20de2,site,FL4130871,MDWASA - MAIN SYSTEM,FL,2300000,560000,System Sourced,,https://experience.arcgis.com/experience/914132252dbb4639873d02988af59f23/page/english,https://echo.epa.gov/detailed-facility-report?fid=FL4130871&sys=SDWIS,1
site-d29df9bdf4,site,PA5020038,PITTSBURGH WATER & SEWER AUTH,PA,520000,79034,System Sourced,,https://newdata-padep-1.opendata.arcgis.com/maps/fdf53cdeb2ec42b8a9422569f2e9531b/about,https://echo.epa.gov/detailed-facility-report?fid=PA5020038&sys=SDWIS,1
site-27bbe650f7,site,PA5100012,PA AMERICAN WATER CO BUTLER,PA,43286,19978,System Sourced,,https://newdata-padep-1.opendata.arcgis.com/maps/fdf53cdeb2ec42b8a9422569f2e9531b/about,https://echo.epa.gov/detailed-facility-report?fid=PA5100012&sys=SDWIS,1
site-7f639899d2,site,PA5020038,PITTSBURGH WATER & SEWER AUTH,PA,520000,79034,System Sourced,,https://newdata-padep-1.opendata.arcgis.com/maps/fdf53cdeb2ec42b8a9422569f2e9531b/about,https://echo.epa.gov/detailed-facility-report?fid=PA5020038&sys=SDWIS,1
site-5a358f5dab,site,HI0000331,HNL-WINDWARD-PEARL HARBOR,HI,631389,106491,Modeled,,,https://echo.epa.gov/detailed-facility-report?fid=HI0000331&sys=SDWIS,1
site-9dfcd2eae8,site,CA1910067,"LOS ANGELES-CITY, DEPT. OF WATER & POWER",CA,3856043,709623,System Sourced,Verified,https://gis.data.ca.gov/datasets/fbba842bf134497c9d611ad506ec48cc/explore,https://echo.epa.gov/detailed-facility-report?fid=CA1910067&sys=SDWIS,1
site-b8f79efb1e,site,CA1910040,"EL SEGUNDO-CITY, WATER DEPT.",CA,16445,6364,System Sourced,Verified,https://gis.data.ca.gov/datasets/fbba842bf134497c9d611ad506ec48cc/explore,https://echo.epa.gov/detailed-facility-report?fid=CA1910040&sys=SDWIS,1
site-5807f024e6,site,ND0900336,FARGO CITY OF,ND,120762,30766,System Sourced,,https://www.arcgis.com/home/item.html?id=220ef3f0704b4fd48f0a818254c4f68f,https://echo.epa.gov/detailed-facility-report?fid=ND0900336&sys=SDWIS,1
site-be8bb98a6f,site,NC0111010,ASHEVILLE CITY OF,NC,156720,61701,System Sourced,Verified ,https://www.nconemap.gov/datasets/nconemap::type-a-current-public-water-systems-2004/about,https://echo.epa.gov/detailed-facility-report?fid=NC0111010&sys=SDWIS,1
site-707a9de54c,site,LA1033005,BATON ROUGE WATER COMPANY,LA,579714,193238,Modeled,,Service & Plumbing Line Inventory Search – Baton Rouge Water Company,https://echo.epa.gov/detailed-facility-report?fid=LA1033005&sys=SDWIS,1
site-2a514b7f27,site,SC1010001,CHARLESTON WATER SYSTEM (SC1010001),SC,327422,146569,System Sourced,,https://experience.arcgis.com/experience/fcaaa7e0bc214e5194935262c0fe1bf7/,https://echo.epa.gov/detailed-facility-report?fid=SC1010001&sys=SDWIS,1
site-6f098ae7c3,site,SC4010001,COLUMBIA CITY OF (SC4010001),SC,319500,153420,System Sourced,,,https://echo.epa.gov/detailed-facility-report?fid=SC4010001&sys=SDWIS,1
site-42079cf9d6,site,IN5203002,COLUMBUS MUNICIPAL UTILITY,IN,56490,22596,System Sourced,,https://www.arcgis.com/home/item.html?id=f9e31b43dbd84fe39763ba7a95e4fff3,https://echo.epa.gov/detailed-facility-report?fid=IN5203002&sys=SDWIS,1
site-fea13f5c56,site,OH2504412,COLUMBUS PUBLIC WATER SYSTEM,OH,1305946,284610,System Sourced,,https://service-line-inventory-columbus.hub.arcgis.com/,https://echo.epa.gov/detailed-facility-report?fid=OH2504412&sys=SDWIS,1
site-ee78954cac,site,SC2310001,GREENVILLE WATER (2310001),SC,396265,187695,System Sourced,,,https://echo.epa.gov/detailed-facility-report?fid=SC2310001&sys=SDWIS,1
site-3435ad4911,site,IA5252072,NORTH LIBERTY WATER SUPPLY,IA,20491,7200,Modeled,,,https://echo.epa.gov/detailed-facility-report?fid=IA5252072&sys=SDWIS,1
site-a2e2c87dbf,site,LA1017031,SHREVEPORT WATER SYSTEM,LA,193488,64496,System Sourced,,https://services3.arcgis.com/cEsSI6IR59h5UGE4/arcgis/rest/services/Lead_Pipe_Properties/FeatureServer/50,https://echo.epa.gov/detailed-facility-report?fid=LA1017031&sys=SDWIS,1
site-743cb53ebc,site,SC4210001,SPARTANBURG WATER SYSTEM (4210001),SC,140024,68136,System Sourced,,https://www.spartanburgwater.org/files/files/Spartanburg_Water_Service_Area_Wholesale%20_Retail_Nov_6.2024.pdf,https://echo.epa.gov/detailed-facility-report?fid=SC4210001&sys=SDWIS,1
site-556e6f4f05,site,OR4100665,TUALATIN VALLEY WATER DISTRICT,OR,224600,62160,System Sourced,,Shared by Willamette Water Supply Program,https://echo.epa.gov/detailed-facility-report?fid=OR4100665&sys=SDWIS,1
site-3d040d7fb1,site,KS2009110,WATER DISTRICT 1 OF JOHNSON CO,KS,482000,157164,System Sourced,,https://hub.kansasgis.org/maps/KSDOT::rural-water-districts/about ,https://echo.epa.gov/detailed-facility-report?fid=KS2009110&sys=SDWIS,1
site-ce6f5e614f,site,TX1010013,CITY OF HOUSTON,TX,2202531,954657,System Sourced,,https://www3.twdb.texas.gov/apps/WaterServiceBoundaries/Home/Overview,https://echo.epa.gov/detailed-facility-report?fid=TX1010013&sys=SDWIS,1
site-2958df14a0,site,TX2270001,CITY OF AUSTIN WATER & WASTEWATER,TX,1115323,279758,System Sourced,,https://www3.twdb.texas.gov/apps/WaterServiceBoundaries/Home/Overview,https://echo.epa.gov/detailed-facility-report?fid=TX2270001&sys=SDWIS,1
site-44b75ca169,site,TX1010013,CITY OF HOUSTON,TX,2202531,954657,System Sourced,,https://www3.twdb.texas.gov/apps/WaterServiceBoundaries/Home/Overview,https://echo.epa.gov/detailed-facility-report?fid=TX1010013&sys=SDWIS,1
site-5f9271c2b4,site,WI2410100,MILWAUKEE WATERWORKS,WI,626000,231851,System Sourced,,https://services1.arcgis.com/O7h3OCRVxKceyg19/arcgis/rest/services/Lead_in_MIlwaukee_Drinking_Water_WFL1/FeatureServer,https://echo.epa.gov/detailed-facility-report?fid=WI2410100&sys=SDWIS,1
site-ece02375cd,site,AZ0407025,PHOENIX CITY OF,AZ,1695000,430118,System Sourced,,https://gisdata2016-11-18t150447874z-azwater.opendata.arcgis.com/datasets/cws-service-area-1/about,https://echo.epa.gov/detailed-facility-report?fid=AZ0407025&sys=SDWIS,1
site-8ffc0eb992,site,CO0121150,COLORADO SPRINGS UTILITIES,CO,464111,151608,System Sourced,,https://39606065.fs1.hubspotusercontent-na1.net/hubfs/39606065/Document%20Library/WaterServiceBoundaryMap.pdf,https://echo.epa.gov/detailed-facility-report?fid=CO0121150&sys=SDWIS,1
site-39cfa5ccf0,site,MN1270005,Brooklyn Park,MN,89995,23270,System Sourced,,https://lead-service-line-inventory-brooklynpark.hub.arcgis.com/,https://echo.epa.gov/detailed-facility-report?fid=MN1270005&sys=SDWIS,1
site-6522675af9,site,GA1210001,ATLANTA,GA,1089893,262059,System Sourced,,,https://echo.epa.gov/detailed-facility-report?fid=GA1210001&sys=SDWIS,1
site-4585b9e7cb,site,TX2270001,CITY OF AUSTIN WATER & WASTEWATER,TX,1115323,279758,System Sourced,,https://www3.twdb.texas.gov/apps/WaterServiceBoundaries/Home/Overview,https://echo.epa.gov/detailed-facility-report?fid=TX2270001&sys=SDWIS,1
site-3913f8cb5b,site,MA3035000,BOSTON WATER AND SEWER COMMISSION (MWRA),MA,675647,88360,System Sourced,Verified,https://www.mass.gov/info-details/massgis-data-massdep-estimated-public-drinking-water-system-service-area-boundaries,https://echo.epa.gov/detailed-facility-report?fid=MA3035000&sys=SDWIS,1
site-8d2d71beb8,site,IL0311980,MOUNT PROSPECT,IL,41492,14079,Modeled,,,https://echo.epa.gov/detailed-facility-report?fid=IL0311980&sys=SDWIS,1
site-f81e4b1e7e,site,IL0430700,OAK BROOK,IL,9400,3295,System Sourced,,https://www.arcgis.com/home/item.html?id=a3329a235ab34c0982706796f93f70a5,https://echo.epa.gov/detailed-facility-report?fid=IL0430700&sys=SDWIS,1
site-fc6d336f15,site,OH1801212,CLEVELAND PUBLIC WATER SYSTEM,OH,1308955,453705,System Sourced,Not Verified,https://clevelandgis.maps.arcgis.com/apps/instant/sidebar/index.html?appid=4cf4e820059747ecb38bdac89a44895d,https://echo.epa.gov/detailed-facility-report?fid=OH1801212&sys=SDWIS,1
site-702d6f4e5d,site,TX0570004,DALLAS WATER UTILITY,TX,1356479,958265,System Sourced,,https://www3.twdb.texas.gov/apps/WaterServiceBoundaries/Home/Overview,https://echo.epa.gov/detailed-facility-report?fid=TX0570004&sys=SDWIS,1
site-38fc9eb19d,site,TX0570004,DALLAS WATER UTILITY,TX,1356479,958265,System Sourced,,https://www3.twdb.texas.gov/apps/WaterServiceBoundaries/Home/Overview,https://echo.epa.gov/detailed-facility-report?fid=TX0570004&sys=SDWIS,1
site-212f8959af,site,TX0570004,DALLAS WATER UTILITY,TX,1356479,958265,System Sourced,,https://www3.twdb.texas.gov/apps/WaterServiceBoundaries/Home/Overview,https://echo.epa.gov/detailed-facility-report?fid=TX0570004&sys=SDWIS,1
site-0bcc622fd6,site,CO0203012,INVERNESS WSD,CO,8140,216,System Sourced,,https://www.arcgis.com/home/item.html?id=dc20584fc2d546aab7aaa0018580343b,https://echo.epa.gov/detailed-facility-report?fid=CO0203012&sys=SDWIS,1
site-eb73f27dac,site,CO0101170,WESTMINSTER CITY OF,CO,202078,33619,System Sourced,,https://maps.cityofwestminster.us/portal/apps/webappviewer/index.html?id=6a9d2f1f7ba544fab7f2070bb4dd137d,https://echo.epa.gov/detailed-facility-report?fid=CO0101170&sys=SDWIS,1
site-47593f20fd,site,IN5249004,CITIZENS WATER - INDIANAPOLIS,IN,866928,346771,System Sourced,,https://experience.arcgis.com/experience/62c6ba97e9374962b57ba4fe26ab7d5a,https://echo.epa.gov/detailed-facility-report?fid=IN5249004&sys=SDWIS,1
site-3a966a2b64,site,CA3010092,IRVINE RANCH WATER DISTRICT,CA,444800,121167,System Sourced,Not Verified,https://gis.data.ca.gov/datasets/fbba842bf134497c9d611ad506ec48cc/explore,https://echo.epa.gov/detailed-facility-report?fid=CA3010092&sys=SDWIS,1
site-d05b6d0319,site,KS2009110,WATER DISTRICT 1 OF JOHNSON CO,KS,482000,157164,System Sourced,,https://hub.kansasgis.org/maps/KSDOT::rural-water-districts/about ,https://echo.epa.gov/detailed-facility-report?fid=KS2009110&sys=SDWIS,1
site-09d517192b,site,NV0000090,LAS VEGAS VALLEY WATER DISTRICT,NV,1539277,442502,System Sourced,,,https://echo.epa.gov/detailed-facility-report?fid=NV0000090&sys=SDWIS,1
site-3e64c16d6c,site,VA6059501,FAIRFAX COUNTY WATER AUTHORITY,VA,1121613,281686,System Sourced,,https://fairfaxwater.maps.arcgis.com/apps/instant/sidebar/index.html?appid=371af69b796b48ce84e63e3aebc5c0fb,https://echo.epa.gov/detailed-facility-report?fid=VA6059501&sys=SDWIS,1
site-684862db5c,site,TN0000765,BARTLETT WATER SYSTEM,TN,57129,22143,System Sourced,,https://tdec-division-of-water-tdec.hub.arcgis.com/datasets/cc62b90b5775475c94f503cf225c5fd7_0,https://echo.epa.gov/detailed-facility-report?fid=TN0000765&sys=SDWIS,1
site-9aa585397a,site,FL4130871,MDWASA - MAIN SYSTEM,FL,2300000,560000,System Sourced,,https://experience.arcgis.com/experience/914132252dbb4639873d02988af59f23/page/english,https://echo.epa.gov/detailed-facility-report?fid=FL4130871&sys=SDWIS,1
site-c1454d11a9,site,MN1270011,Edina,MN,53494,14718,System Sourced,,https://edinagis.maps.arcgis.com/apps/webappviewer/index.html?id=77a1a27a5793430395ad3b97520dcff4,https://echo.epa.gov/detailed-facility-report?fid=MN1270011&sys=SDWIS,1
site-1422eab19e,site,MN1190007,Eagan,MN,68223,20393,System Sourced,,https://maps.umn.edu/LSL/,https://echo.epa.gov/detailed-facility-report?fid=MN1190007&sys=SDWIS,1
site-b2bce69f02,site,NY7003493,NEW YORK CITY SYSTEM,NY,8271000,727058,System Sourced,,https://water.ny.gov/doh2/applinks/waterqual/#/waterMaps,https://echo.epa.gov/detailed-facility-report?fid=NY7003493&sys=SDWIS,1
site-745769b7de,site,AZ0407025,PHOENIX CITY OF,AZ,1695000,430118,System Sourced,,https://gisdata2016-11-18t150447874z-azwater.opendata.arcgis.com/datasets/cws-service-area-1/about,https://echo.epa.gov/detailed-facility-report?fid=AZ0407025&sys=SDWIS,1
site-d60fc1d301,site,PA5020038,PITTSBURGH WATER & SEWER AUTH,PA,520000,79034,System Sourced,,https://newdata-padep-1.opendata.arcgis.com/maps/fdf53cdeb2ec42b8a9422569f2e9531b/about,https://echo.epa.gov/detailed-facility-report?fid=PA5020038&sys=SDWIS,1
site-ec0ed36e8b,site,PA5020034,WESTERN ALLEGHENY COUNTY MUN A,PA,19031,7521,System Sourced,,https://newdata-padep-1.opendata.arcgis.com/maps/fdf53cdeb2ec42b8a9422569f2e9531b/about,https://echo.epa.gov/detailed-facility-report?fid=PA5020034&sys=SDWIS,1
site-c3b527914e,site,TX0430007,CITY OF PLANO,TX,288800,125840,System Sourced,,https://www3.twdb.texas.gov/apps/WaterServiceBoundaries/Home/Overview,https://echo.epa.gov/detailed-facility-report?fid=TX0430007&sys=SDWIS,1
site-edbd1894fc,site,UTAH18004,BLUFFDALE WATER SYSTEM,UT,20000,5505,System Sourced,,https://dwre-utahdnr.opendata.arcgis.com/datasets/culinarywaterserviceareas/explore,https://echo.epa.gov/detailed-facility-report?fid=UTAH18004&sys=SDWIS,1
site-c85c1a766e,site,UTAH18026,SALT LAKE CITY WATER SYSTEM,UT,381174,86503,System Sourced,,https://dwre-utahdnr.opendata.arcgis.com/datasets/culinarywaterserviceareas/explore,https://echo.epa.gov/detailed-facility-report?fid=UTAH18026&sys=SDWIS,1
site-a0796e095d,site,CA3710020,"SAN DIEGO, CITY OF",CA,1385379,282783,System Sourced,Verified,https://gis.data.ca.gov/datasets/fbba842bf134497c9d611ad506ec48cc/explore,https://echo.epa.gov/detailed-facility-report?fid=CA3710020&sys=SDWIS,1
site-9594474b6d,site,CA4310012,CITY OF SANTA CLARA,CA,130746,24103,System Sourced,Verified,https://gis.data.ca.gov/datasets/fbba842bf134497c9d611ad506ec48cc/explore,https://echo.epa.gov/detailed-facility-report?fid=CA4310012&sys=SDWIS,2
site-6aa0e825b7,site,TX1550008,CITY OF WACO,TX,143355,125758,System Sourced,,https://www3.twdb.texas.gov/apps/WaterServiceBoundaries/Home/Overview,https://echo.epa.gov/detailed-facility-report?fid=TX1550008&sys=SDWIS,1
site-f0f380d8e4,site,AZ0407098,SCOTTSDALE CITY OF,AZ,241361,92701,System Sourced,,https://gisdata2016-11-18t150447874z-azwater.opendata.arcgis.com/datasets/cws-service-area-1/about,https://echo.epa.gov/detailed-facility-report?fid=AZ0407098&sys=SDWIS,1
site-9de27a82ea,site,ID4010016,VEOLIA WATER IDAHO,ID,262920,107316,System Sourced,,,https://echo.epa.gov/detailed-facility-report?fid=ID4010016&sys=SDWIS,1
site-c906f42692,site,VA6107350,LOUDOUN WATER - CENTRAL SYSTEM,VA,334808,83426,System Sourced,,https://geodata.dep.state.fl.us/datasets/pws-lead-service-line-inventories-lsli-2/about,https://echo.epa.gov/detailed-facility-report?fid=VA6107350&sys=SDWIS,1
site-f2e5376520,site,GA1210001,ATLANTA,GA,1089893,262059,System Sourced,,,https://echo.epa.gov/detailed-facility-report?fid=GA1210001&sys=SDWIS,1
site-a4741af6e9,site,TX1010013,CITY OF HOUSTON,TX,2202531,954657,System Sourced,,https://www3.twdb.texas.gov/apps/WaterServiceBoundaries/Home/Overview,https://echo.epa.gov/detailed-facility-report?fid=TX1010013&sys=SDWIS,1
site-4e3dd44443,site,TX1010013,CITY OF HOUSTON,TX,2202531,954657,System Sourced,,https://www3.twdb.texas.gov/apps/WaterServiceBoundaries/Home/Overview,https://echo.epa.gov/detailed-facility-report?fid=TX1010013&sys=SDWIS,1
site-bad472338e,site,NY4303673,VEOLIA WATER NEW YORK,NY,270000,56150,System Sourced,,https://water.ny.gov/doh2/applinks/waterqual/#/waterMaps,https://echo.epa.gov/detailed-facility-report?fid=NY4303673&sys=SDWIS,1
site-faf5942f1a,site,ME0090840,LIMESTONE WATER & SEWER DISTRICT,ME,875,350,Modeled,,,https://echo.epa.gov/detailed-facility-report?fid=ME0090840&sys=SDWIS,1
site-19992f644a,site,NY7003493,NEW YORK CITY SYSTEM,NY,8271000,727058,System Sourced,,https://water.ny.gov/doh2/applinks/waterqual/#/waterMaps,https://echo.epa.gov/detailed-facility-report?fid=NY7003493&sys=SDWIS,1
site-113c011f9d,site,NJ0906001,JERSEY CITY MUA,NJ,262000,36000,System Sourced,,https://rutgers.maps.arcgis.com/home/item.html?id=0cb88cd0315e48f491f2122cb824c158,https://echo.epa.gov/detailed-facility-report?fid=NJ0906001&sys=SDWIS,1
site-0f96c7797e,site,OR4100287,EUGENE WATER & ELECTRIC BOARD,OR,176000,64000,System Sourced,,https://services7.arcgis.com/6AM8yPAeyXiPc9eF/arcgis/rest/services/Water_Lateral/FeatureServer/0/,https://echo.epa.gov/detailed-facility-report?fid=OR4100287&sys=SDWIS,1
site-da975a2abc,site,OR4100513,MEDFORD WATER COMMISSION,OR,95354,32319,System Sourced,,https://services1.arcgis.com/D9lq8fTFSna0imTR/arcgis/rest/services/ServiceLine_viewing_fe1935fcb35941a39270d537a0e6127a/FeatureServer/0,https://echo.epa.gov/detailed-facility-report?fid=OR4100513&sys=SDWIS,1
site-0ee39506e4,site,CA4310019,CITY OF SAN JOSE - NSJ/ALVISO,CA,45559,2206,System Sourced,Verified,https://gis.data.ca.gov/datasets/fbba842bf134497c9d611ad506ec48cc/explore,https://echo.epa.gov/detailed-facility-report?fid=CA4310019&sys=SDWIS,2
site-c59b356cc6,site,OR4100081,"BEAVERTON, CITY OF",OR,88045,24386,System Sourced,,https://public.tableau.com/app/profile/regionalh2o/viz/Portlandmetroareawaterproviders_16436540090100/WaterProviders,https://echo.epa.gov/detailed-facility-report?fid=OR4100081&sys=SDWIS,1
site-cb9fe7c144,site,WA5349270,LYNNWOOD CITY OF,WA,66947,17466,System Sourced,,https://geo.wa.gov/datasets/WADOH::drinking-water-service-areas/explore,https://echo.epa.gov/detailed-facility-report?fid=WA5349270&sys=SDWIS,1
site-3397969f20,site,VA6059501,FAIRFAX COUNTY WATER AUTHORITY,VA,1121613,281686,System Sourced,,https://fairfaxwater.maps.arcgis.com/apps/instant/sidebar/index.html?appid=371af69b796b48ce84e63e3aebc5c0fb,https://echo.epa.gov/detailed-facility-report?fid=VA6059501&sys=SDWIS,1
site-1f7ce6cfc1,site,TX0570010,CITY OF GARLAND,TX,248822,95459,System Sourced,,https://www3.twdb.texas.gov/apps/WaterServiceBoundaries/Home/Overview,https://echo.epa.gov/detailed-facility-report?fid=TX0570010&sys=SDWIS,1
site-6f648cea20,site,VA6107350,LOUDOUN WATER - CENTRAL SYSTEM,VA,334808,83426,System Sourced,,https://geodata.dep.state.fl.us/datasets/pws-lead-service-line-inventories-lsli-2/about,https://echo.epa.gov/detailed-facility-report?fid=VA6107350&sys=SDWIS,1
site-1325b5b7e8,site,GA1210001,ATLANTA,GA,1089893,262059,System Sourced,,,https://echo.epa.gov/detailed-facility-report?fid=GA1210001&sys=SDWIS,1
site-cb98f671ed,site,GA0970000,DOUGLASVILLE-DOUGLAS COUNTY WSA,GA,110219,45913,System Sourced,,https://koordinates.com/layer/108336-douglas-county-georgia-water-mains/,https://echo.epa.gov/detailed-facility-report?fid=GA0970000&sys=SDWIS,1
site-95244d15d8,site,TX2270001,CITY OF AUSTIN WATER & WASTEWATER,TX,1115323,279758,System Sourced,,https://www3.twdb.texas.gov/apps/WaterServiceBoundaries/Home/Overview,https://echo.epa.gov/detailed-facility-report?fid=TX2270001&sys=SDWIS,1
site-2239d22996,site,MA3199000,NEEDHAM WATER DEPT,MA,33130,10294,System Sourced,Verified,https://www.mass.gov/info-details/massgis-data-massdep-estimated-public-drinking-water-system-service-area-boundaries,https://echo.epa.gov/detailed-facility-report?fid=MA3199000&sys=SDWIS,1
site-61eabeb4d5,site,IL0314400,ELK GROVE VILLAGE,IL,34700,12535,Modeled,,,https://echo.epa.gov/detailed-facility-report?fid=IL0314400&sys=SDWIS,1
site-17b11e433a,site,IL0314710,NORTHLAKE,IL,12840,3093,Modeled,,,https://echo.epa.gov/detailed-facility-report?fid=IL0314710&sys=SDWIS,1
site-9b6b95595f,site,NC0160010,CHARLOTTE WATER,NC,1163701,323527,System Sourced,Verified ,https://www.nconemap.gov/datasets/nconemap::type-a-current-public-water-systems-2004/about,https://echo.epa.gov/detailed-facility-report?fid=NC0160010&sys=SDWIS,1
site-e3347518a6,site,IL0310960,FRANKLIN PARK,IL,18467,5911,Modeled,,,https://echo.epa.gov/detailed-facility-report?fid=IL0310960&sys=SDWIS,1
site-90401405f9,site,TX0570034,CITY OF CARROLLTON,TX,136170,59408,System Sourced,,https://www3.twdb.texas.gov/apps/WaterServiceBoundaries/Home/Overview,https://echo.epa.gov/detailed-facility-report?fid=TX0570034&sys=SDWIS,1
site-1660542b06,site,TX0570034,CITY OF CARROLLTON,TX,136170,59408,System Sourced,,https://www3.twdb.texas.gov/apps/WaterServiceBoundaries/Home/Overview,https://echo.epa.gov/detailed-facility-report?fid=TX0570034&sys=SDWIS,1
site-b794326aaf,site,TX0570004,DALLAS WATER UTILITY,TX,1356479,958265,System Sourced,,https://www3.twdb.texas.gov/apps/WaterServiceBoundaries/Home/Overview,https://echo.epa.gov/detailed-facility-report?fid=TX0570004&sys=SDWIS,1
site-efc832b649,site,TX0570015,CITY OF RICHARDSON,TX,122615,58307,System Sourced,,https://www3.twdb.texas.gov/apps/WaterServiceBoundaries/Home/Overview,https://echo.epa.gov/detailed-facility-report?fid=TX0570015&sys=SDWIS,1
site-e19eaa1152,site,AZ0407100,TEMPE CITY OF,AZ,165000,40000,System Sourced,,https://gisdata2016-11-18t150447874z-azwater.opendata.arcgis.com/datasets/cws-service-area-1/about,https://echo.epa.gov/detailed-facility-report?fid=AZ0407100&sys=SDWIS,1
site-541aee85e9,site,GA1210006,HAPEVILLE,GA,5790,2227,Modeled,,,https://echo.epa.gov/detailed-facility-report?fid=GA1210006&sys=SDWIS,2
site-77ab33bd66,site,TX1010013,CITY OF HOUSTON,TX,2202531,954657,System Sourced,,https://www3.twdb.texas.gov/apps/WaterServiceBoundaries/Home/Overview,https://echo.epa.gov/detailed-facility-report?fid=TX1010013&sys=SDWIS,1
site-e447d3dc23,site,TX0570031,TOWN OF ADDISON,TX,16661,12434,System Sourced,,https://www3.twdb.texas.gov/apps/WaterServiceBoundaries/Home/Overview,https://echo.epa.gov/detailed-facility-report?fid=TX0570031&sys=SDWIS,1
site-7f37e22c82,site,VA6107350,LOUDOUN WATER - CENTRAL SYSTEM,VA,334808,83426,System Sourced,,https://geodata.dep.state.fl.us/datasets/pws-lead-service-line-inventories-lsli-2/about,https://echo.epa.gov/detailed-facility-report?fid=VA6107350&sys=SDWIS,1
site-ebfeaf4b2e,site,VA6107350,LOUDOUN WATER - CENTRAL SYSTEM,VA,334808,83426,System Sourced,,https://geodata.dep.state.fl.us/datasets/pws-lead-service-line-inventories-lsli-2/about,https://echo.epa.gov/detailed-facility-report?fid=VA6107350&sys=SDWIS,1
site-4d3aee3f37,site,FL4130871,MDWASA - MAIN SYSTEM,FL,2300000,560000,System Sourced,,https://experience.arcgis.com/experience/914132252dbb4639873d02988af59f23/page/english,https://echo.epa.gov/detailed-facility-report?fid=FL4130871&sys=SDWIS,1
site-3880540cb7,site,NY7003493,NEW YORK CITY SYSTEM,NY,8271000,727058,System Sourced,,https://water.ny.gov/doh2/applinks/waterqual/#/waterMaps,https://echo.epa.gov/detailed-facility-report?fid=NY7003493&sys=SDWIS,1
site-a6512bbf59,site,NJ0238001,VEOLIA WATER NEW JERSEY HACKENSACK,NJ,792713,193600,System Sourced,,https://rutgers.maps.arcgis.com/home/item.html?id=0cb88cd0315e48f491f2122cb824c158,https://echo.epa.gov/detailed-facility-report?fid=NJ0238001&sys=SDWIS,1
site-111c4c375f,site,NJ1605002,PASSAIC VALLEY WATER COMMISSION,NJ,310483,53421,System Sourced,,https://rutgers.maps.arcgis.com/home/item.html?id=0cb88cd0315e48f491f2122cb824c158,https://echo.epa.gov/detailed-facility-report?fid=NJ1605002&sys=SDWIS,1
site-d591d4533c,site,CT0150011,AQUARION-EASTERN FAIRFIELD COUNTY,CT,351756,108501,System Sourced,,https://portal.ct.gov/dph/drinking-water/dws/public-water-supply-map,https://echo.epa.gov/detailed-facility-report?fid=CT0150011&sys=SDWIS,1
site-411a680ade,site,NY7003493,NEW YORK CITY SYSTEM,NY,8271000,727058,System Sourced,,https://water.ny.gov/doh2/applinks/waterqual/#/waterMaps,https://echo.epa.gov/detailed-facility-report?fid=NY7003493&sys=SDWIS,1
site-ac51376583,site,VA6107350,LOUDOUN WATER - CENTRAL SYSTEM,VA,334808,83426,System Sourced,,https://geodata.dep.state.fl.us/datasets/pws-lead-service-line-inventories-lsli-2/about,https://echo.epa.gov/detailed-facility-report?fid=VA6107350&sys=SDWIS,1
site-5d80d3b320,site,VA6107350,LOUDOUN WATER - CENTRAL SYSTEM,VA,334808,83426,System Sourced,,https://geodata.dep.state.fl.us/datasets/pws-lead-service-line-inventories-lsli-2/about,https://echo.epa.gov/detailed-facility-report?fid=VA6107350&sys=SDWIS,1
site-fd5e191367,site,VA6107350,LOUDOUN WATER - CENTRAL SYSTEM,VA,334808,83426,System Sourced,,https://geodata.dep.state.fl.us/datasets/pws-lead-service-line-inventories-lsli-2/about,https://echo.epa.gov/detailed-facility-report?fid=VA6107350&sys=SDWIS,1
site-fa056f05fb,site,CA0110005,EAST BAY MUD,CA,1442800,392875,System Sourced,Not Verified,https://gis.data.ca.gov/datasets/fbba842bf134497c9d611ad506ec48cc/explore,https://echo.epa.gov/detailed-facility-report?fid=CA0110005&sys=SDWIS,1
site-62990eeefd,site,IL0316000,CHICAGO,IL,2746388,484979,System Sourced,,https://sli.chicagowaterquality.org/,https://echo.epa.gov/detailed-facility-report?fid=IL0316000&sys=SDWIS,1
site-a546fc9d11,site,IL0316000,CHICAGO,IL,2746388,484979,System Sourced,,https://sli.chicagowaterquality.org/,https://echo.epa.gov/detailed-facility-report?fid=IL0316000&sys=SDWIS,1
site-0cbe8dbdfd,site,OR4100665,TUALATIN VALLEY WATER DISTRICT,OR,224600,62160,System Sourced,,Shared by Willamette Water Supply Program,https://echo.epa.gov/detailed-facility-report?fid=OR4100665&sys=SDWIS,1
site-6e69413a54,site,OR4100665,TUALATIN VALLEY WATER DISTRICT,OR,224600,62160,System Sourced,,Shared by Willamette Water Supply Program,https://echo.epa.gov/detailed-facility-report?fid=OR4100665&sys=SDWIS,1
site-e6082179fd,site,AZ0407025,PHOENIX CITY OF,AZ,1695000,430118,System Sourced,,https://gisdata2016-11-18t150447874z-azwater.opendata.arcgis.com/datasets/cws-service-area-1/about,https://echo.epa.gov/detailed-facility-report?fid=AZ0407025&sys=SDWIS,1
site-77034732bc,site,AZ0407090,CHANDLER CITY OF,AZ,247328,81165,System Sourced,,https://gisdata2016-11-18t150447874z-azwater.opendata.arcgis.com/datasets/cws-service-area-1/about,https://echo.epa.gov/detailed-facility-report?fid=AZ0407090&sys=SDWIS,1
site-a8e28f777a,site,CA3810011,SFPUC CITY DISTRIBUTION DIVISION,CA,848019,171099,System Sourced,Not Verified,https://gis.data.ca.gov/datasets/fbba842bf134497c9d611ad506ec48cc/explore,https://echo.epa.gov/detailed-facility-report?fid=CA3810011&sys=SDWIS,1
site-5e4aa13d39,site,CA4310012,CITY OF SANTA CLARA,CA,130746,24103,System Sourced,Verified,https://gis.data.ca.gov/datasets/fbba842bf134497c9d611ad506ec48cc/explore,https://echo.epa.gov/detailed-facility-report?fid=CA4310012&sys=SDWIS,2
site-f6504e2231,site,CA4010009,SAN LUIS OBISPO WATER DEPARTMENT,CA,47788,17012,System Sourced,Not Verified,https://gis.data.ca.gov/datasets/fbba842bf134497c9d611ad506ec48cc/explore,https://echo.epa.gov/detailed-facility-report?fid=CA4010009&sys=SDWIS,1
site-db9bc864a3,site,MN1690011,Duluth,MN,86859,28742,System Sourced,,https://maps.umn.edu/LSL/,https://echo.epa.gov/detailed-facility-report?fid=MN1690011&sys=SDWIS,1
site-091fa64ad6,site,KY0540936,MADISONVILLE LIGHT & WATER,KY,28102,10413,System Sourced,,https://kygisserver.ky.gov/arcgis/rest/services/WGS84WM_Services/Ky_Water_WGS84WM/MapServer/11,https://echo.epa.gov/detailed-facility-report?fid=KY0540936&sys=SDWIS,2
site-686de5863a,site,PA1460073,AQUA PA MAIN SYSTEM,PA,822600,304127,System Sourced,,https://www.arcgis.com/home/item.html?id=cdf8fad139f64879806d12012e1ca010,https://echo.epa.gov/detailed-facility-report?fid=PA1460073&sys=SDWIS,1
site-d9d902a888,site,FL3481481,WINTER GARDEN WATER DEPT (3 WPS),FL,72205,20630,System Sourced,,https://data-floridaswater.opendata.arcgis.com/datasets/f2f54ba2896e464a890ce827644f250d_0/explore,https://echo.epa.gov/detailed-facility-report?fid=FL3481481&sys=SDWIS,1
site-1721e246c2,site,NC0111010,ASHEVILLE CITY OF,NC,156720,61701,System Sourced,Verified ,https://www.nconemap.gov/datasets/nconemap::type-a-current-public-water-systems-2004/about,https://echo.epa.gov/detailed-facility-report?fid=NC0111010&sys=SDWIS,1
site-d3e8032321,site,WA5324050,EVERETT PUBLIC WORKS DEPT. CITY OF,WA,215774,29185,System Sourced,,https://geo.wa.gov/datasets/WADOH::drinking-water-service-areas/explore,https://echo.epa.gov/detailed-facility-report?fid=WA5324050&sys=SDWIS,1
site-e1f5ea7d71,site,MA3163000,LYNN WATER AND SEWER COMM,MA,101253,21169,System Sourced,Verified,https://www.mass.gov/info-details/massgis-data-massdep-estimated-public-drinking-water-system-service-area-boundaries,https://echo.epa.gov/detailed-facility-report?fid=MA3163000&sys=SDWIS,1
site-241a44de73,site,CA3910001,CALIFORNIA WATER SERVICE - STOCKTON,CA,176266,44359,System Sourced,Not Verified,https://gis.data.ca.gov/datasets/fbba842bf134497c9d611ad506ec48cc/explore,https://echo.epa.gov/detailed-facility-report?fid=CA3910001&sys=SDWIS,1
site-b091f3898f,site,KY0360358,PRESTONSBURG CITY UTILITIES,KY,26788,9876,System Sourced,,https://kygisserver.ky.gov/arcgis/rest/services/WGS84WM_Services/Ky_Water_WGS84WM/MapServer/11,https://echo.epa.gov/detailed-facility-report?fid=KY0360358&sys=SDWIS,1
site-62a8c39142,site,GA1210001,ATLANTA,GA,1089893,262059,System Sourced,,,https://echo.epa.gov/detailed-facility-report?fid=GA1210001&sys=SDWIS,1
site-5c87c065f9,site,MA3031000,BILLERICA WATER WORKS,MA,42119,13758,System Sourced,Verified,https://www.mass.gov/info-details/massgis-data-massdep-estimated-public-drinking-water-system-service-area-boundaries,https://echo.epa.gov/detailed-facility-report?fid=MA3031000&sys=SDWIS,1
site-4ba093e716,site,IL0314400,ELK GROVE VILLAGE,IL,34700,12535,Modeled,,,https://echo.epa.gov/detailed-facility-report?fid=IL0314400&sys=SDWIS,1
site-93472c0ef0,site,AZ0407100,TEMPE CITY OF,AZ,165000,40000,System Sourced,,https://gisdata2016-11-18t150447874z-azwater.opendata.arcgis.com/datasets/cws-service-area-1/about,https://echo.epa.gov/detailed-facility-report?fid=AZ0407100&sys=SDWIS,1
site-c9bd6a3dc8,site,CO0203002,ARAPAHOE CNTY WWWA,CO,31000,3951,System Sourced,,https://www.arcgis.com/home/item.html?id=186d23c71dee48fd84e915924c028b70,https://echo.epa.gov/detailed-facility-report?fid=CO0203002&sys=SDWIS,1
site-aa795cab9e,site,MI0006160,SOUTHFIELD,MI,71739,20167,System Sourced,,https://services3.arcgis.com/g3QkxoHFTJZSqad1/arcgis/rest/services/Southfield_Master_CDSMI_Updated_View/FeatureServer,https://echo.epa.gov/detailed-facility-report?fid=MI0006160&sys=SDWIS,1
site-3fec234d54,site,TX1010634,WESTON MUD,TX,6699,2233,System Sourced,,https://www3.twdb.texas.gov/apps/WaterServiceBoundaries/Home/Overview,https://echo.epa.gov/detailed-facility-report?fid=TX1010634&sys=SDWIS,1
site-c92b8193ad,site,FL2161328,JEA MAJOR GRID,FL,826664,428439,System Sourced,,https://trinnex.cloud/leadcast/publicMap?tenantName=JEA,https://echo.epa.gov/detailed-facility-report?fid=FL2161328&sys=SDWIS,1
site-74e7612d4f,site,NV0000090,LAS VEGAS VALLEY WATER DISTRICT,NV,1539277,442502,System Sourced,,,https://echo.epa.gov/detailed-facility-report?fid=NV0000090&sys=SDWIS,1
site-ecbe8352fa,site,WI1130224,MADISON WATER UTILITY,WI,272000,100740,System Sourced,,https://www.cityofmadison.com/water/water-quality/lead-copper-in-water/lead-service-line-inventory,https://echo.epa.gov/detailed-facility-report?fid=WI1130224&sys=SDWIS,1
site-4a2c99e3be,site,TN0000450,"MEMPHIS LIGHT, GAS, & WATER",TN,659500,255620,System Sourced,,https://tdec-division-of-water-tdec.hub.arcgis.com/datasets/cc62b90b5775475c94f503cf225c5fd7_0,https://echo.epa.gov/detailed-facility-report?fid=TN0000450&sys=SDWIS,1
site-b177dda54d,site,FL4130871,MDWASA - MAIN SYSTEM,FL,2300000,560000,System Sourced,,https://experience.arcgis.com/experience/914132252dbb4639873d02988af59f23/page/english,https://echo.epa.gov/detailed-facility-report?fid=FL4130871&sys=SDWIS,1
site-b4578323a4,site,FL4131618,NORTH MIAMI BEACH,FL,180000,33428,System Sourced,,https://gisweb.miamidade.gov/iWASDConnect/,https://echo.epa.gov/detailed-facility-report?fid=FL4131618&sys=SDWIS,1
site-4c2c3cda94,site,TN0000494,METRO WATER SERVICES,TN,778153,336863,System Sourced,,https://tdec-division-of-water-tdec.hub.arcgis.com/datasets/cc62b90b5775475c94f503cf225c5fd7_0,https://echo.epa.gov/detailed-facility-report?fid=TN0000494&sys=SDWIS,1
site-17e09449c5,site,LA1103131,PEARL PLANTATION TOWNHSE,LA,60,21,Modeled,,,https://echo.epa.gov/detailed-facility-report?fid=LA1103131&sys=SDWIS,2
site-3490ba044c,site,VA3710100,"NORFOLK, CITY OF",VA,234220,69687,System Sourced,,https://services2.arcgis.com/fUAsosS8WXl3mXcn/arcgis/rest/services/ServiceLineInventory_PublicMap/FeatureServer/0/,https://echo.epa.gov/detailed-facility-report?fid=VA3710100&sys=SDWIS,1
site-ea79719dc1,site,AZ0407095,MESA CITY OF,AZ,466000,142500,System Sourced,,https://gisdata2016-11-18t150447874z-azwater.opendata.arcgis.com/datasets/cws-service-area-1/about,https://echo.epa.gov/detailed-facility-report?fid=AZ0407095&sys=SDWIS,1
site-31add3592e,site,PA5020038,PITTSBURGH WATER & SEWER AUTH,PA,520000,79034,System Sourced,,https://newdata-padep-1.opendata.arcgis.com/maps/fdf53cdeb2ec42b8a9422569f2e9531b/about,https://echo.epa.gov/detailed-facility-report?fid=PA5020038&sys=SDWIS,1
site-4c281cf5e0,site,OR4101513,"HILLSBORO, CITY OF",OR,92632,28385,System Sourced,,https://gis.hillsboro-oregon.gov/waterservicelineinventory/,https://echo.epa.gov/detailed-facility-report?fid=OR4101513&sys=SDWIS,1
site-911ad17e52,site,VA4087125,HENRICO COUNTY WATER SYSTEM,VA,292000,95816,System Sourced,,https://services.arcgis.com/LxWK4CxNTBBlLshT/arcgis/rest/services/Parcel_Lead_Status_Point/FeatureServer/2,https://echo.epa.gov/detailed-facility-report?fid=VA4087125&sys=SDWIS,1
site-679db06f0e,site,UTAH18007,GRANGER-HUNTER IMPROVEMENT DISTRICT,UT,121083,27680,System Sourced,,https://dwre-utahdnr.opendata.arcgis.com/datasets/culinarywaterserviceareas/explore,https://echo.epa.gov/detailed-facility-report?fid=UTAH18007&sys=SDWIS,1
site-0acf5d5226,site,CA3710020,"SAN DIEGO, CITY OF",CA,1385379,282783,System Sourced,Verified,https://gis.data.ca.gov/datasets/fbba842bf134497c9d611ad506ec48cc/explore,https://echo.epa.gov/detailed-facility-report?fid=CA3710020&sys=SDWIS,1
site-a91ed014eb,site,FL1370655,"TALLAHASSEE, CITY OF",MS,200480,86043,System Sourced,,https://www.arcgis.com/home/item.html?id=858392c5a6454275bad2a05bc0b9e4bf,https://echo.epa.gov/detailed-facility-report?fid=FL1370655&sys=SDWIS,1
site-35b0dd2e63,site,AZ0407095,MESA CITY OF,AZ,466000,142500,System Sourced,,https://gisdata2016-11-18t150447874z-azwater.opendata.arcgis.com/datasets/cws-service-area-1/about,https://echo.epa.gov/detailed-facility-report?fid=AZ0407095&sys=SDWIS,1
site-914a599ad5,site,CA4310012,CITY OF SANTA CLARA,CA,130746,24103,System Sourced,Verified,https://gis.data.ca.gov/datasets/fbba842bf134497c9d611ad506ec48cc/explore,https://echo.epa.gov/detailed-facility-report?fid=CA4310012&sys=SDWIS,2
site-27b3105107,site,CA3410015,GOLDEN STATE WATER CO. - CORDOVA,CA,47161,14913,System Sourced,Pending,https://gis.data.ca.gov/datasets/fbba842bf134497c9d611ad506ec48cc/explore,https://echo.epa.gov/detailed-facility-report?fid=CA3410015&sys=SDWIS,1
site-199cd32e1a,site,TX2270001,CITY OF AUSTIN WATER & WASTEWATER,TX,1115323,279758,System Sourced,,https://www3.twdb.texas.gov/apps/WaterServiceBoundaries/Home/Overview,https://echo.epa.gov/detailed-facility-report?fid=TX2270001&sys=SDWIS,1
site-197fbf1c4a,site,IL0431200,WOOD DALE,IL,14012,4547,Modeled,,,https://echo.epa.gov/detailed-facility-report?fid=IL0431200&sys=SDWIS,1
site-7ccf5ada9b,site,AZ0407090,CHANDLER CITY OF,AZ,247328,81165,System Sourced,,https://gisdata2016-11-18t150447874z-azwater.opendata.arcgis.com/datasets/cws-service-area-1/about,https://echo.epa.gov/detailed-facility-report?fid=AZ0407090&sys=SDWIS,1
site-3076c1eb46,site,NY7003493,NEW YORK CITY SYSTEM,NY,8271000,727058,System Sourced,,https://water.ny.gov/doh2/applinks/waterqual/#/waterMaps,https://echo.epa.gov/detailed-facility-report?fid=NY7003493&sys=SDWIS,1
site-982c0bf242,site,OH3102612,CINCINNATI PUBLIC WATER SYSTEM,OH,750200,244716,System Sourced,Not Verified,https://gcww.maps.arcgis.com/apps/webappviewer/index.html?id=0a170c268c694e46a8a4e394630df0bd,https://echo.epa.gov/detailed-facility-report?fid=OH3102612&sys=SDWIS,1
site-1a4bf0d23b,site,OH5701315,MONTGOMERY COUNTY WATER SERVICES 1 PWS,OH,150207,52435,System Sourced,,https://www.mcohio.org/DocumentCenter/View/6724/MCES-Website-Inventory-UPDATED-11-12-2024-SEARCHABLE,https://echo.epa.gov/detailed-facility-report?fid=OH5701315&sys=SDWIS,1
site-6fbb75556b,site,OH3101703,NORWOOD CITY PWS,OH,19870,6839,Modeled,,,https://echo.epa.gov/detailed-facility-report?fid=OH3101703&sys=SDWIS,1
site-daaaf24ff2,site,HI0000331,HNL-WINDWARD-PEARL HARBOR,HI,631389,106491,Modeled,,,https://echo.epa.gov/detailed-facility-report?fid=HI0000331&sys=SDWIS,1
site-123a053b77,site,KY0240201,HOPKINSVILLE WATER ENVIRONMENT AUTHORITY,KY,41350,15438,System Sourced,,https://kygisserver.ky.gov/arcgis/rest/services/WGS84WM_Services/Ky_Water_WGS84WM/MapServer/11,https://echo.epa.gov/detailed-facility-report?fid=KY0240201&sys=SDWIS,1
site-2d81866120,site,IA5735045,HIAWATHA WATER DEPT,IA,7183,2600,Modeled,,,https://echo.epa.gov/detailed-facility-report?fid=IA5735045&sys=SDWIS,2
site-88886e3491,site,MN1550010,Rochester,MN,121395,41958,System Sourced,,https://maps.umn.edu/LSL/,https://echo.epa.gov/detailed-facility-report?fid=MN1550010&sys=SDWIS,1
site-ebee67e653,site,CA1910033,CALIFORNIA WATER SERVICE CO. - DOMINGUEZ,CA,143996,33150,System Sourced,Verified,https://gis.data.ca.gov/datasets/fbba842bf134497c9d611ad506ec48cc/explore,https://echo.epa.gov/detailed-facility-report?fid=CA1910033&sys=SDWIS,2
site-50281e6c09,site,GA0670003,COBB COUNTY,GA,695000,183518,System Sourced,,,https://echo.epa.gov/detailed-facility-report?fid=GA0670003&sys=SDWIS,1
site-3aa40e7317,site,VA6107350,LOUDOUN WATER - CENTRAL SYSTEM,VA,334808,83426,System Sourced,,https://geodata.dep.state.fl.us/datasets/pws-lead-service-line-inventories-lsli-2/about,https://echo.epa.gov/detailed-facility-report?fid=VA6107350&sys=SDWIS,1
site-1d2d3da5dc,site,VA6107350,LOUDOUN WATER - CENTRAL SYSTEM,VA,334808,83426,System Sourced,,https://geodata.dep.state.fl.us/datasets/pws-lead-service-line-inventories-lsli-2/about,https://echo.epa.gov/detailed-facility-report?fid=VA6107350&sys=SDWIS,1
site-75d265a74b,site,VA6107350,LOUDOUN WATER - CENTRAL SYSTEM,VA,334808,83426,System Sourced,,https://geodata.dep.state.fl.us/datasets/pws-lead-service-line-inventories-lsli-2/about,https://echo.epa.gov/detailed-facility-report?fid=VA6107350&sys=SDWIS,1
site-da544d2aff,site,MA3308000,WALTHAM WATER DEPARTMENT,MA,65218,14042,System Sourced,Verified,https://www.mass.gov/info-details/massgis-data-massdep-estimated-public-drinking-water-system-service-area-boundaries,https://echo.epa.gov/detailed-facility-report?fid=MA3308000&sys=SDWIS,1
site-b5a1aa1f8d,site,MA3031000,BILLERICA WATER WORKS,MA,42119,13758,System Sourced,Verified,https://www.mass.gov/info-details/massgis-data-massdep-estimated-public-drinking-water-system-service-area-boundaries,https://echo.epa.gov/detailed-facility-report?fid=MA3031000&sys=SDWIS,1
site-791d7f3550,site,IL0314400,ELK GROVE VILLAGE,IL,34700,12535,Modeled,,,https://echo.epa.gov/detailed-facility-report?fid=IL0314400&sys=SDWIS,1
site-68794acb43,site,IL0430950,WESTMONT,IL,24161,7021,Modeled,,,https://echo.epa.gov/detailed-facility-report?fid=IL0430950&sys=SDWIS,1
site-64d6946512,site,IL0316000,CHICAGO,IL,2746388,484979,System Sourced,,https://sli.chicagowaterquality.org/,https://echo.epa.gov/detailed-facility-report?fid=IL0316000&sys=SDWIS,1
site-1ed16cd83c,site,TX0430007,CITY OF PLANO,TX,288800,125840,System Sourced,,https://www3.twdb.texas.gov/apps/WaterServiceBoundaries/Home/Overview,https://echo.epa.gov/detailed-facility-report?fid=TX0430007&sys=SDWIS,1
site-921fc83208,site,VA6153251,PWCSA - WEST,VA,136409,42896,System Sourced,,https://services2.arcgis.com/9mMyRMFMS5yNDCCd/arcgis/rest/services/Service_Line_Inventory/FeatureServer/0,https://echo.epa.gov/detailed-facility-report?fid=VA6153251&sys=SDWIS,1
site-3a5c13abdd,site,VA6059501,FAIRFAX COUNTY WATER AUTHORITY,VA,1121613,281686,System Sourced,,https://fairfaxwater.maps.arcgis.com/apps/instant/sidebar/index.html?appid=371af69b796b48ce84e63e3aebc5c0fb,https://echo.epa.gov/detailed-facility-report?fid=VA6059501&sys=SDWIS,1
site-e84ecf938d,site,VA6059501,FAIRFAX COUNTY WATER AUTHORITY,VA,1121613,281686,System Sourced,,https://fairfaxwater.maps.arcgis.com/apps/instant/sidebar/index.html?appid=371af69b796b48ce84e63e3aebc5c0fb,https://echo.epa.gov/detailed-facility-report?fid=VA6059501&sys=SDWIS,1
site-5db43b808e,site,CO0203002,ARAPAHOE CNTY WWWA,CO,31000,3951,System Sourced,,https://www.arcgis.com/home/item.html?id=186d23c71dee48fd84e915924c028b70,https://echo.epa.gov/detailed-facility-report?fid=CO0203002&sys=SDWIS,1
site-a6fafbae19,site,CO0203012,INVERNESS WSD,CO,8140,216,System Sourced,,https://www.arcgis.com/home/item.html?id=dc20584fc2d546aab7aaa0018580343b,https://echo.epa.gov/detailed-facility-report?fid=CO0203012&sys=SDWIS,1
site-4ee70ffae5,site,TX0570004,DALLAS WATER UTILITY,TX,1356479,958265,System Sourced,,https://www3.twdb.texas.gov/apps/WaterServiceBoundaries/Home/Overview,https://echo.epa.gov/detailed-facility-report?fid=TX0570004&sys=SDWIS,1
site-76591adb57,site,FL4130871,MDWASA - MAIN SYSTEM,FL,2300000,560000,System Sourced,,https://experience.arcgis.com/experience/914132252dbb4639873d02988af59f23/page/english,https://echo.epa.gov/detailed-facility-report?fid=FL4130871&sys=SDWIS,1
site-e270ee9298,site,FL4500130,BOCA RATON WTP,FL,130000,37134,System Sourced,,https://geo-sfwmd.hub.arcgis.com/datasets/sfwmd::current-public-supply-utility-service-areas/about,https://echo.epa.gov/detailed-facility-report?fid=FL4500130&sys=SDWIS,1
site-c454f2798e,site,FL4130871,MDWASA - MAIN SYSTEM,FL,2300000,560000,System Sourced,,https://experience.arcgis.com/experience/914132252dbb4639873d02988af59f23/page/english,https://echo.epa.gov/detailed-facility-report?fid=FL4130871&sys=SDWIS,1
site-0e1c882d16,site,NY7003493,NEW YORK CITY SYSTEM,NY,8271000,727058,System Sourced,,https://water.ny.gov/doh2/applinks/waterqual/#/waterMaps,https://echo.epa.gov/detailed-facility-report?fid=NY7003493&sys=SDWIS,1
site-2cc57598ce,site,NJ0238001,VEOLIA WATER NEW JERSEY HACKENSACK,NJ,792713,193600,System Sourced,,https://rutgers.maps.arcgis.com/home/item.html?id=0cb88cd0315e48f491f2122cb824c158,https://echo.epa.gov/detailed-facility-report?fid=NJ0238001&sys=SDWIS,1
site-0c9528426f,site,WA5377050,SEATTLE PUBLIC UTILITIES,WA,1091904,171515,System Sourced,,https://geo.wa.gov/datasets/WADOH::drinking-water-service-areas/explore,https://echo.epa.gov/detailed-facility-report?fid=WA5377050&sys=SDWIS,1
site-f34c6c23e1,site,WA5338150,KENT WATER DEPARTMENT,WA,157101,35097,System Sourced,,https://geo.wa.gov/datasets/WADOH::drinking-water-service-areas/explore,https://echo.epa.gov/detailed-facility-report?fid=WA5338150&sys=SDWIS,1
site-c6e243b62b,site,CA4310022,GREAT OAKS WC INC,CA,110088,21415,System Sourced,Verified,https://gis.data.ca.gov/datasets/fbba842bf134497c9d611ad506ec48cc/explore,https://echo.epa.gov/detailed-facility-report?fid=CA4310022&sys=SDWIS,2
site-c815392540,site,CA4310012,CITY OF SANTA CLARA,CA,130746,24103,System Sourced,Verified,https://gis.data.ca.gov/datasets/fbba842bf134497c9d611ad506ec48cc/explore,https://echo.epa.gov/detailed-facility-report?fid=CA4310012&sys=SDWIS,2
site-52094c8ae3,site,CA4310014,CITY OF SUNNYVALE,CA,157566,28372,System Sourced,Verified,https://gis.data.ca.gov/datasets/fbba842bf134497c9d611ad506ec48cc/explore,https://echo.epa.gov/detailed-facility-report?fid=CA4310014&sys=SDWIS,2
site-e40e7eb3a1,site,CA4310014,CITY OF SUNNYVALE,CA,157566,28372,System Sourced,Verified,https://gis.data.ca.gov/datasets/fbba842bf134497c9d611ad506ec48cc/explore,https://echo.epa.gov/detailed-facility-report?fid=CA4310014&sys=SDWIS,2
site-c8ec381aaa,site,CA4310009,CITY OF PALO ALTO,CA,67231,19949,System Sourced,Verified,https://gis.data.ca.gov/datasets/fbba842bf134497c9d611ad506ec48cc/explore,https://echo.epa.gov/detailed-facility-report?fid=CA4310009&sys=SDWIS,2
site-29b92f0cf7,site,CA4310011,SAN JOSE WATER,CA,1039920,237130,System Sourced,Not Verified,https://gis.data.ca.gov/datasets/fbba842bf134497c9d611ad506ec48cc/explore,https://echo.epa.gov/detailed-facility-report?fid=CA4310011&sys=SDWIS,2
site-25ab6c1096,site,CT0640011,METROPOLITAN DISTRICT COMMISSION,CT,390887,101735,System Sourced,,https://portal.ct.gov/dph/drinking-water/dws/public-water-supply-map,https://echo.epa.gov/detailed-facility-report?fid=CT0640011&sys=SDWIS,1
site-086d0e78c1,site,WI4051418,LEDGEVIEW TN SANITARY DIST 2,WI,7602,1800,Modeled,,,https://echo.epa.gov/detailed-facility-report?fid=WI4051418&sys=SDWIS,2
site-114b345f9c,site,OH1801212,CLEVELAND PUBLIC WATER SYSTEM,OH,1308955,453705,System Sourced,Not Verified,https://clevelandgis.maps.arcgis.com/apps/instant/sidebar/index.html?appid=4cf4e820059747ecb38bdac89a44895d,https://echo.epa.gov/detailed-facility-report?fid=OH1801212&sys=SDWIS,1
site-362ab60483,site,GA1210001,ATLANTA,GA,1089893,262059,System Sourced,,,https://echo.epa.gov/detailed-facility-report?fid=GA1210001&sys=SDWIS,1
site-4d7ab9aae9,site,TX0430007,CITY OF PLANO,TX,288800,125840,System Sourced,,https://www3.twdb.texas.gov/apps/WaterServiceBoundaries/Home/Overview,https://echo.epa.gov/detailed-facility-report?fid=TX0430007&sys=SDWIS,1
site-2dac0d11e5,site,CA0110005,EAST BAY MUD,CA,1442800,392875,System Sourced,Not Verified,https://gis.data.ca.gov/datasets/fbba842bf134497c9d611ad506ec48cc/explore,https://echo.epa.gov/detailed-facility-report?fid=CA0110005&sys=SDWIS,1
site-b7b72be962,site,CA1910134,CALIFORNIA WATER SERVICE CO. - HERM/REDO,CA,96853,26845,System Sourced,Verified,https://gis.data.ca.gov/datasets/fbba842bf134497c9d611ad506ec48cc/explore,https://echo.epa.gov/detailed-facility-report?fid=CA1910134&sys=SDWIS,1
site-82c4ed03d5,site,NY5903442,NEW CASTLE/STANWOOD W.D.,NY,16800,5183,System Sourced,,https://water.ny.gov/doh2/applinks/waterqual/#/waterMaps,https://echo.epa.gov/detailed-facility-report?fid=NY5903442&sys=SDWIS,1
site-f0d1344182,site,CA4310011,SAN JOSE WATER,CA,1039920,237130,System Sourced,Not Verified,https://gis.data.ca.gov/datasets/fbba842bf134497c9d611ad506ec48cc/explore,https://echo.epa.gov/detailed-facility-report?fid=CA4310011&sys=SDWIS,2
site-5b8841225c,site,CA4310012,CITY OF SANTA CLARA,CA,130746,24103,System Sourced,Verified,https://gis.data.ca.gov/datasets/fbba842bf134497c9d611ad506ec48cc/explore,https://echo.epa.gov/detailed-facility-report?fid=CA4310012&sys=SDWIS,2
site-668942f40f,site,TX0430025,CITY OF ALLEN,TX,104870,42113,System Sourced,,https://www3.twdb.texas.gov/apps/WaterServiceBoundaries/Home/Overview,https://echo.epa.gov/detailed-facility-report?fid=TX0430025&sys=SDWIS,1
site-48114a547d,site,MA3176000,MEDFORD WATER DEPT. (MWRA),MA,61700,15073,System Sourced,Verified,https://www.mass.gov/info-details/massgis-data-massdep-estimated-public-drinking-water-system-service-area-boundaries,https://echo.epa.gov/detailed-facility-report?fid=MA3176000&sys=SDWIS,1
site-b5ce63b4c2,site,OH1801212,CLEVELAND PUBLIC WATER SYSTEM,OH,1308955,453705,System Sourced,Not Verified,https://clevelandgis.maps.arcgis.com/apps/instant/sidebar/index.html?appid=4cf4e820059747ecb38bdac89a44895d,https://echo.epa.gov/detailed-facility-report?fid=OH1801212&sys=SDWIS,1
site-e9a75b98c9,site,OH2504412,COLUMBUS PUBLIC WATER SYSTEM,OH,1305946,284610,System Sourced,,https://service-line-inventory-columbus.hub.arcgis.com/,https://echo.epa.gov/detailed-facility-report?fid=OH2504412&sys=SDWIS,1
site-273917bf28,site,OH2504412,COLUMBUS PUBLIC WATER SYSTEM,OH,1305946,284610,System Sourced,,https://service-line-inventory-columbus.hub.arcgis.com/,https://echo.epa.gov/detailed-facility-report?fid=OH2504412&sys=SDWIS,1
site-68829122e5,site,IN5229004,CARMEL WATER DEPARTMENT,IN,90434,32885,Modeled,,,https://echo.epa.gov/detailed-facility-report?fid=IN5229004&sys=SDWIS,1
site-012bdd7955,site,TN0000262,GERMANTOWN WATER DEPT,TN,37993,14726,System Sourced,,https://tdec-division-of-water-tdec.hub.arcgis.com/datasets/cc62b90b5775475c94f503cf225c5fd7_0,https://echo.epa.gov/detailed-facility-report?fid=TN0000262&sys=SDWIS,1
site-d7d4964a2c,site,WI2410563,FRANKLIN WATER UTILITY,WI,22500,8333,Modeled,,,https://echo.epa.gov/detailed-facility-report?fid=WI2410563&sys=SDWIS,1
site-4451d6017c,site,MD0300002,CITY OF BALTIMORE,MD,1600000,424600,System Sourced,,Personal Communication,https://echo.epa.gov/detailed-facility-report?fid=MD0300002&sys=SDWIS,1
site-e550c0d03e,site,PA5020038,PITTSBURGH WATER & SEWER AUTH,PA,520000,79034,System Sourced,,https://newdata-padep-1.opendata.arcgis.com/maps/fdf53cdeb2ec42b8a9422569f2e9531b/about,https://echo.epa.gov/detailed-facility-report?fid=PA5020038&sys=SDWIS,1
site-fc03158a59,site,PA5020039,PA AMER WATER CO-PITTSBURGH,PA,686000,215173,System Sourced,,https://newdata-padep-1.opendata.arcgis.com/maps/fdf53cdeb2ec42b8a9422569f2e9531b/about,https://echo.epa.gov/detailed-facility-report?fid=PA5020039&sys=SDWIS,1
site-8c686d965a,site,MD0300002,CITY OF BALTIMORE,MD,1600000,424600,System Sourced,,Personal Communication,https://echo.epa.gov/detailed-facility-report?fid=MD0300002&sys=SDWIS,1
site-5bdac7e496,site,TX0430039,CITY OF MCKINNEY,TX,224043,77058,System Sourced,,https://www3.twdb.texas.gov/apps/WaterServiceBoundaries/Home/Overview,https://echo.epa.gov/detailed-facility-report?fid=TX0430039&sys=SDWIS,1
site-61dd43c490,site,TX0210001,CITY OF BRYAN,TX,87816,27272,System Sourced,,https://www3.twdb.texas.gov/apps/WaterServiceBoundaries/Home/Overview,https://echo.epa.gov/detailed-facility-report?fid=TX0210001&sys=SDWIS,1
site-e996179c2c,site,TX1010013,CITY OF HOUSTON,TX,2202531,954657,System Sourced,,https://www3.twdb.texas.gov/apps/WaterServiceBoundaries/Home/Overview,https://echo.epa.gov/detailed-facility-report?fid=TX1010013&sys=SDWIS,1
site-911af15097,site,IA7707030,ALTOONA WATER SUPPLY,IA,19565,6692,Modeled,,,https://echo.epa.gov/detailed-facility-report?fid=IA7707030&sys=SDWIS,2
site-d52fcb9526,site,IA7707030,ALTOONA WATER SUPPLY,IA,19565,6692,Modeled,,,https://echo.epa.gov/detailed-facility-report?fid=IA7707030&sys=SDWIS,2
site-04d468269e,site,TX2200012,CITY OF FORT WORTH,TX,955900,653251,System Sourced,,https://www3.twdb.texas.gov/apps/WaterServiceBoundaries/Home/Overview,https://echo.epa.gov/detailed-facility-report?fid=TX2200012&sys=SDWIS,1
site-45ec248014,site,OH7700011,AKRON CITY PWS,OH,280000,94791,System Sourced,Not Verified,"https://www.akronohio.gov/departments/service/water_supply_bureau/lead_mitigation.php#:~:text=Lead%20Line%20Replacement%20and%20Lead%20Mitigation&text=Due%20to%20these%20efforts%2C%20Akron,remaining%20in%20Akron's%20distribution%20system.",https://echo.epa.gov/detailed-facility-report?fid=OH7700011&sys=SDWIS,1
site-49a32d9a60,site,ID6040021,MONTPELIER CITY OF,ID,2772,1344,Modeled,,,https://echo.epa.gov/detailed-facility-report?fid=ID6040021&sys=SDWIS,1
site-3173730b7d,site,NY7003493,NEW YORK CITY SYSTEM,NY,8271000,727058,System Sourced,,https://water.ny.gov/doh2/applinks/waterqual/#/waterMaps,https://echo.epa.gov/detailed-facility-report?fid=NY7003493&sys=SDWIS,1
site-7f24eff821,site,UTAH18006,WATERPRO INC,UT,28000,4830,System Sourced,,https://dwre-utahdnr.opendata.arcgis.com/datasets/culinarywaterserviceareas/explore,https://echo.epa.gov/detailed-facility-report?fid=UTAH18006&sys=SDWIS,1
site-651b9227c3,site,NV0000090,LAS VEGAS VALLEY WATER DISTRICT,NV,1539277,442502,System Sourced,,,https://echo.epa.gov/detailed-facility-report?fid=NV0000090&sys=SDWIS,1
site-a059f2be3b,site,CA1910245,"SANTA FE SPRINGS - CITY, WATER DEPT.",CA,19219,6165,System Sourced,Pending,https://gis.data.ca.gov/datasets/fbba842bf134497c9d611ad506ec48cc/explore,https://echo.epa.gov/detailed-facility-report?fid=CA1910245&sys=SDWIS,1
site-2f8e841864,site,CA1910067,"LOS ANGELES-CITY, DEPT. OF WATER & POWER",CA,3856043,709623,System Sourced,Verified,https://gis.data.ca.gov/datasets/fbba842bf134497c9d611ad506ec48cc/explore,https://echo.epa.gov/detailed-facility-report?fid=CA1910067&sys=SDWIS,1
site-c09211bd07,site,NE3105507,METROPOLITAN UTILITIES DISTRICT,NE,600000,220882,System Sourced,,https://experience.arcgis.com/experience/0b2b8f5ae71b41e2b483db56eb4ad486,https://echo.epa.gov/detailed-facility-report?fid=NE3105507&sys=SDWIS,1
site-e60c82cf87,site,ME0091300,PORTLAND WATER DISTRICT-GREATER,ME,135068,54027,System Sourced,,https://www.arcgis.com/home/item.html?id=60dd1f5f3cb346e3b83f0277cd2d2975,https://echo.epa.gov/detailed-facility-report?fid=ME0091300&sys=SDWIS,1
site-d68550f285,site,ME0091300,PORTLAND WATER DISTRICT-GREATER,ME,135068,54027,System Sourced,,https://www.arcgis.com/home/item.html?id=60dd1f5f3cb346e3b83f0277cd2d2975,https://echo.epa.gov/detailed-facility-report?fid=ME0091300&sys=SDWIS,1
site-33715e4eae,site,VA6059501,FAIRFAX COUNTY WATER AUTHORITY,VA,1121613,281686,System Sourced,,https://fairfaxwater.maps.arcgis.com/apps/instant/sidebar/index.html?appid=371af69b796b48ce84e63e3aebc5c0fb,https://echo.epa.gov/detailed-facility-report?fid=VA6059501&sys=SDWIS,1
site-5cfff9f0dc,site,CO0103005,AURORA CITY OF,CO,487365,91912,System Sourced,,https://lead-service-cityofaurora.hub.arcgis.com/,https://echo.epa.gov/detailed-facility-report?fid=CO0103005&sys=SDWIS,1
site-385c69eac2,site,CO0203002,ARAPAHOE CNTY WWWA,CO,31000,3951,System Sourced,,https://www.arcgis.com/home/item.html?id=186d23c71dee48fd84e915924c028b70,https://echo.epa.gov/detailed-facility-report?fid=CO0203002&sys=SDWIS,1
site-a0f4ac2d92,site,VA4087125,HENRICO COUNTY WATER SYSTEM,VA,292000,95816,System Sourced,,https://services.arcgis.com/LxWK4CxNTBBlLshT/arcgis/rest/services/Parcel_Lead_Status_Point/FeatureServer/2,https://echo.epa.gov/detailed-facility-report?fid=VA4087125&sys=SDWIS,1
site-e2b4570056,site,UTAH18026,SALT LAKE CITY WATER SYSTEM,UT,381174,86503,System Sourced,,https://dwre-utahdnr.opendata.arcgis.com/datasets/culinarywaterserviceareas/explore,https://echo.epa.gov/detailed-facility-report?fid=UTAH18026&sys=SDWIS,1
site-bba781f10d,site,PA3480046,CITY OF BETHLEHEM,PA,117259,36709,System Sourced,,https://newdata-padep-1.opendata.arcgis.com/maps/fdf53cdeb2ec42b8a9422569f2e9531b/about,https://echo.epa.gov/detailed-facility-report?fid=PA3480046&sys=SDWIS,1
site-dfe54caa2e,site,GA1210005,NORTH FULTON COUNTY,GA,434517,149451,System Sourced,,Fulton County Water Service Lookuphttps://fulcogis.maps.arcgis.com/apps/webappviewer/index.html?id=308db7d1802b4158b97f57fa9cb86a7b,https://echo.epa.gov/detailed-facility-report?fid=GA1210005&sys=SDWIS,1
site-ff77f21e3b,site,GA1350004,GWINNETT CO. DEPT. OF WATER RESOURCES,GA,975000,260400,System Sourced,,https://services3.arcgis.com/RfpmnkSAQleRbndX/arcgis/rest/services/Water_Meters_LCCR_Hosted_Feature_Layer_for_Updates/FeatureServer/0,https://echo.epa.gov/detailed-facility-report?fid=GA1350004&sys=SDWIS,1
site-3d3ce7b130,site,NC0160010,CHARLOTTE WATER,NC,1163701,323527,System Sourced,Verified ,https://www.nconemap.gov/datasets/nconemap::type-a-current-public-water-systems-2004/about,https://echo.epa.gov/detailed-facility-report?fid=NC0160010&sys=SDWIS,1
site-59156a25b5,site,NC0160010,CHARLOTTE WATER,NC,1163701,323527,System Sourced,Verified ,https://www.nconemap.gov/datasets/nconemap::type-a-current-public-water-systems-2004/about,https://echo.epa.gov/detailed-facility-report?fid=NC0160010&sys=SDWIS,1
site-396bf35173,site,OH0900303,BUTLER CO. WATER DISTRICT 2 PWS,OH,116572,43457,System Sourced,Not Verified,https://trinnex.cloud/leadcast/publicMap?tenantName=ButlerCoOH,https://echo.epa.gov/detailed-facility-report?fid=OH0900303&sys=SDWIS,1
site-148d747ff6,site,TX0570004,DALLAS WATER UTILITY,TX,1356479,958265,System Sourced,,https://www3.twdb.texas.gov/apps/WaterServiceBoundaries/Home/Overview,https://echo.epa.gov/detailed-facility-report?fid=TX0570004&sys=SDWIS,1
site-01e1e012a3,site,TX0430007,CITY OF PLANO,TX,288800,125840,System Sourced,,https://www3.twdb.texas.gov/apps/WaterServiceBoundaries/Home/Overview,https://echo.epa.gov/detailed-facility-report?fid=TX0430007&sys=SDWIS,1
site-eb404b1f84,site,TX0570015,CITY OF RICHARDSON,TX,122615,58307,System Sourced,,https://www3.twdb.texas.gov/apps/WaterServiceBoundaries/Home/Overview,https://echo.epa.gov/detailed-facility-report?fid=TX0570015&sys=SDWIS,1
site-0d729cee58,site,CO0116001,DENVER WATER BOARD,CO,1287000,311339,System Sourced,,https://www.arcgis.com/home/item.html?id=186d23c71dee48fd84e915924c028b70,https://echo.epa.gov/detailed-facility-report?fid=CO0116001&sys=SDWIS,1
site-56550cb6b4,site,CO0203002,ARAPAHOE CNTY WWWA,CO,31000,3951,System Sourced,,https://www.arcgis.com/home/item.html?id=186d23c71dee48fd84e915924c028b70,https://echo.epa.gov/detailed-facility-report?fid=CO0203002&sys=SDWIS,1
site-e4e4b7ba52,site,FL4060167,BCWWS 1A,FL,75305,22638,System Sourced,,https://centralbrowardwcd.org/district-map/,https://echo.epa.gov/detailed-facility-report?fid=FL4060167&sys=SDWIS,1
site-03689351e4,site,FL2161328,JEA MAJOR GRID,FL,826664,428439,System Sourced,,https://trinnex.cloud/leadcast/publicMap?tenantName=JEA,https://echo.epa.gov/detailed-facility-report?fid=FL2161328&sys=SDWIS,1
site-dab1f5c587,site,NV0000090,LAS VEGAS VALLEY WATER DISTRICT,NV,1539277,442502,System Sourced,,,https://echo.epa.gov/detailed-facility-report?fid=NV0000090&sys=SDWIS,1
site-dc40184e47,site,NV0000175,NORTH LAS VEGAS UTILITIES,NV,376515,107617,System Sourced,,,https://echo.epa.gov/detailed-facility-report?fid=NV0000175&sys=SDWIS,1
site-c79f8a7b42,site,KY0560258,LOUISVILLE WATER COMPANY,KY,764769,311310,System Sourced,,,https://echo.epa.gov/detailed-facility-report?fid=KY0560258&sys=SDWIS,1
site-72970ec18d,site,KY0560258,LOUISVILLE WATER COMPANY,KY,764769,311310,System Sourced,,,https://echo.epa.gov/detailed-facility-report?fid=KY0560258&sys=SDWIS,1
site-7109592fd5,site,MN1100002,Chaska,MN,26016,7992,System Sourced,,https://maps.umn.edu/LSL/,https://echo.epa.gov/detailed-facility-report?fid=MN1100002&sys=SDWIS,1
site-d575eb2255,site,TN0000069,BRENTWOOD WATER DEPARTMENT,TN,30493,10662,System Sourced,,https://tdec-division-of-water-tdec.hub.arcgis.com/datasets/cc62b90b5775475c94f503cf225c5fd7_0,https://echo.epa.gov/detailed-facility-report?fid=TN0000069&sys=SDWIS,1
site-cd68b622c8,site,TN0000428,MALLORY VALLEY U.D.,TN,30347,10611,System Sourced,,https://tdec-division-of-water-tdec.hub.arcgis.com/datasets/cc62b90b5775475c94f503cf225c5fd7_0,https://echo.epa.gov/detailed-facility-report?fid=TN0000428&sys=SDWIS,1
site-5059dad4bf,site,TN0000247,MILCROFTON UTILITY DISTRICT,TN,38032,13298,System Sourced,,https://tdec-division-of-water-tdec.hub.arcgis.com/datasets/cc62b90b5775475c94f503cf225c5fd7_0,https://echo.epa.gov/detailed-facility-report?fid=TN0000247&sys=SDWIS,2
site-250da19fa3,site,PA1150166,PA AMERICAN ROYERSFORD,PA,48253,17712,System Sourced,,https://newdata-padep-1.opendata.arcgis.com/maps/fdf53cdeb2ec42b8a9422569f2e9531b/about,https://echo.epa.gov/detailed-facility-report?fid=PA1150166&sys=SDWIS,1
site-b0331b7980,site,AZ0407025,PHOENIX CITY OF,AZ,1695000,430118,System Sourced,,https://gisdata2016-11-18t150447874z-azwater.opendata.arcgis.com/datasets/cws-service-area-1/about,https://echo.epa.gov/detailed-facility-report?fid=AZ0407025&sys=SDWIS,1
site-1085c61cb7,site,OR4100665,TUALATIN VALLEY WATER DISTRICT,OR,224600,62160,System Sourced,,Shared by Willamette Water Supply Program,https://echo.epa.gov/detailed-facility-report?fid=OR4100665&sys=SDWIS,1
site-7c2aa4d65b,site,OR4101513,"HILLSBORO, CITY OF",OR,92632,28385,System Sourced,,https://gis.hillsboro-oregon.gov/waterservicelineinventory/,https://echo.epa.gov/detailed-facility-report?fid=OR4101513&sys=SDWIS,1
site-a87d9a7be5,site,UTAH18026,SALT LAKE CITY WATER SYSTEM,UT,381174,86503,System Sourced,,https://dwre-utahdnr.opendata.arcgis.com/datasets/culinarywaterserviceareas/explore,https://echo.epa.gov/detailed-facility-report?fid=UTAH18026&sys=SDWIS,1
site-85c1945e41,site,UTAH18026,SALT LAKE CITY WATER SYSTEM,UT,381174,86503,System Sourced,,https://dwre-utahdnr.opendata.arcgis.com/datasets/culinarywaterserviceareas/explore,https://echo.epa.gov/detailed-facility-report?fid=UTAH18026&sys=SDWIS,1
site-9b1efc8f4d,site,UTAH25016,LINDON CITY,UT,11072,3428,System Sourced,,https://dwre-utahdnr.opendata.arcgis.com/datasets/culinarywaterserviceareas/explore,https://echo.epa.gov/detailed-facility-report?fid=UTAH25016&sys=SDWIS,1
site-c4c99334d7,site,UTAH18027,JORDAN VALLEY WCD,UT,99335,8813,System Sourced,,https://dwre-utahdnr.opendata.arcgis.com/datasets/culinarywaterserviceareas/explore,https://echo.epa.gov/detailed-facility-report?fid=UTAH18027&sys=SDWIS,1
site-cd317c1caa,site,UTAH18020,WEST JORDAN CITY WATER SYSTEM,UT,117025,30738,System Sourced,,https://dwre-utahdnr.opendata.arcgis.com/datasets/culinarywaterserviceareas/explore,https://echo.epa.gov/detailed-facility-report?fid=UTAH18020&sys=SDWIS,1
site-30a657b7c2,site,FL6290327,CITY OF TAMPA WATER DEPARTMENT,FL,733886,143661,System Sourced,,https://services1.arcgis.com/IbNXlmt2RVVRCZ6M/ArcGIS/rest/services/ServiceLine_viewing_469fff81ff5c43559cf4a24d19263539/FeatureServer/0,https://echo.epa.gov/detailed-facility-report?fid=FL6290327&sys=SDWIS,1
site-227c43ebd8,site,FL6290388,HCPUD/NORTHWEST UTILITIES,FL,206485,55270,System Sourced,,https://services.arcgis.com/apTfC6SUmnNfnxuF/arcgis/rest/services/Join_Features_to_ServiceLine_6_view/FeatureServer,https://echo.epa.gov/detailed-facility-report?fid=FL6290388&sys=SDWIS,1
site-635df7f4cf,site,IA5208071,CORALVILLE MUNI WATER SYSTEM,IA,22318,6500,Modeled,,,https://echo.epa.gov/detailed-facility-report?fid=IA5208071&sys=SDWIS,1
site-5ee21e4bef,site,TX1780003,CITY OF CORPUS CHRISTI,TX,318387,105431,System Sourced,,https://www3.twdb.texas.gov/apps/WaterServiceBoundaries/Home/Overview,https://echo.epa.gov/detailed-facility-report?fid=TX1780003&sys=SDWIS,1
site-a62179a60b,site,TX0570004,DALLAS WATER UTILITY,TX,1356479,958265,System Sourced,,https://www3.twdb.texas.gov/apps/WaterServiceBoundaries/Home/Overview,https://echo.epa.gov/detailed-facility-report?fid=TX0570004&sys=SDWIS,1
site-4819f2860c,site,TX0310002,HARLINGEN WATER WORKS SYSTEM,TX,85900,34155,System Sourced,,https://www3.twdb.texas.gov/apps/WaterServiceBoundaries/Home/Overview,https://echo.epa.gov/detailed-facility-report?fid=TX0310002&sys=SDWIS,1
site-6fd184db21,site,CA4310011,SAN JOSE WATER,CA,1039920,237130,System Sourced,Not Verified,https://gis.data.ca.gov/datasets/fbba842bf134497c9d611ad506ec48cc/explore,https://echo.epa.gov/detailed-facility-report?fid=CA4310011&sys=SDWIS,2
site-5bab521b48,site,OR4100100,BEND WATER DEPARTMENT,OR,77704,29071,System Sourced,,https://www.arcgis.com/home/item.html?id=7a08d60af7a04c5ca78cdcf71e8f713b,https://echo.epa.gov/detailed-facility-report?fid=OR4100100&sys=SDWIS,1
site-8e9435789f,site,NY1400399,ECWA AMHERST,NY,80228,29335,System Sourced,,https://water.ny.gov/doh2/applinks/waterqual/#/waterMaps,https://echo.epa.gov/detailed-facility-report?fid=NY1400399&sys=SDWIS,1
site-24b9d7ed8d,site,FL6290327,CITY OF TAMPA WATER DEPARTMENT,FL,733886,143661,System Sourced,,https://services1.arcgis.com/IbNXlmt2RVVRCZ6M/ArcGIS/rest/services/ServiceLine_viewing_469fff81ff5c43559cf4a24d19263539/FeatureServer/0,https://echo.epa.gov/detailed-facility-report?fid=FL6290327&sys=SDWIS,1
site-b1a32f4e3a,site,PR0604086,BAYAMONCITO,PR,536,200,System Sourced,,email,https://echo.epa.gov/detailed-facility-report?fid=PR0604086&sys=SDWIS,1
site-1fc05d77b4,site,OH1801212,CLEVELAND PUBLIC WATER SYSTEM,OH,1308955,453705,System Sourced,Not Verified,https://clevelandgis.maps.arcgis.com/apps/instant/sidebar/index.html?appid=4cf4e820059747ecb38bdac89a44895d,https://echo.epa.gov/detailed-facility-report?fid=OH1801212&sys=SDWIS,1
site-f79c3d02ed,site,IN5271014,SOUTH BEND WATER WORKS,IN,115000,46000,System Sourced,,https://epa.maps.arcgis.com/home/item.html?id=3fbf3493f45a49e1a7b6f6ca3840da70,https://echo.epa.gov/detailed-facility-report?fid=IN5271014&sys=SDWIS,1
site-b6801f7726,site,TX0430007,CITY OF PLANO,TX,288800,125840,System Sourced,,https://www3.twdb.texas.gov/apps/WaterServiceBoundaries/Home/Overview,https://echo.epa.gov/detailed-facility-report?fid=TX0430007&sys=SDWIS,1
site-f9852450fe,site,OR4100357,"GRESHAM, CITY OF",OR,73932,17513,System Sourced,,https://images.app.goo.gl/u8B7ra4Ns5cA7Q148,https://echo.epa.gov/detailed-facility-report?fid=OR4100357&sys=SDWIS,1
site-398fd8f24d,site,TX0150018,SAN ANTONIO WATER SYSTEM,TX,1999472,725972,System Sourced,,https://www3.twdb.texas.gov/apps/WaterServiceBoundaries/Home/Overview,https://echo.epa.gov/detailed-facility-report?fid=TX0150018&sys=SDWIS,1
site-d6d1c3a2d0,site,NY2704518,ROCHESTER CITY,NY,214000,62000,System Sourced,,https://water.ny.gov/doh2/applinks/waterqual/#/waterMaps,https://echo.epa.gov/detailed-facility-report?fid=NY2704518&sys=SDWIS,1
site-52f1de00ea,site,TN0000097,CASTALIAN SPRINGS-BETHPAGE U.D.,TN,14184,5234,System Sourced,,https://tdec-division-of-water-tdec.hub.arcgis.com/datasets/cc62b90b5775475c94f503cf225c5fd7_0,https://echo.epa.gov/detailed-facility-report?fid=TN0000097&sys=SDWIS,1
site-e39a4a92a9,site,IA8222001,IOWA-AMERICAN WTR CO-DAVENPORT,IA,147720,55352,System Sourced,,https://experience.arcgis.com/experience/4997839853a040a8b1f330523b8d929b/,https://echo.epa.gov/detailed-facility-report?fid=IA8222001&sys=SDWIS,1
site-b8d8ee3a15,site,MO6010715,ST LOUIS CITY PWS,MO,304709,95667,System Sourced,,https://services6.arcgis.com/HZXbCkpCSqbGd0vK/ArcGIS/rest/services/Utility_Side___Customer_Side_11_13_24_WFL1/FeatureServer/0,https://echo.epa.gov/detailed-facility-report?fid=MO6010715&sys=SDWIS,1
site-9b08aa0fe4,site,AL0000882,HUNTSVILLE UTILITIES,AL,262158,87386,System Sourced,,,https://echo.epa.gov/detailed-facility-report?fid=AL0000882&sys=SDWIS,1
site-a658b888eb,site,IL0314030,ARLINGTON HEIGHTS,IL,73320,20539,System Sourced,,https://www.arcgis.com/home/item.html?id=721fd2cf60cd4b9fb154fdc358bd84ab,https://echo.epa.gov/detailed-facility-report?fid=IL0314030&sys=SDWIS,1
site-930608b6c4,site,VA3810900,"VIRGINIA BEACH, CITY OF",VA,437994,135220,System Sourced,,https://vbgov.maps.arcgis.com/home/item.html?id=75a9c36a4f394c2da6ff12c842c6d2f5,https://echo.epa.gov/detailed-facility-report?fid=VA3810900&sys=SDWIS,1
site-f24da2b13a,site,NY3100568,NIAGARA FALLS WATER BOARD,NY,50193,19500,System Sourced,,https://water.ny.gov/doh2/applinks/waterqual/#/waterMaps,https://echo.epa.gov/detailed-facility-report?fid=NY3100568&sys=SDWIS,1
site-7647ab5e5e,site,FL4500130,BOCA RATON WTP,FL,130000,37134,System Sourced,,https://geo-sfwmd.hub.arcgis.com/datasets/sfwmd::current-public-supply-utility-service-areas/about,https://echo.epa.gov/detailed-facility-report?fid=FL4500130&sys=SDWIS,1
site-8f1c5f2b02,site,AZ0407092,"GILBERT, TOWN OF",AZ,247600,84000,System Sourced,,https://gisdata2016-11-18t150447874z-azwater.opendata.arcgis.com/datasets/cws-service-area-1/about,https://echo.epa.gov/detailed-facility-report?fid=AZ0407092&sys=SDWIS,1
site-bbd27f6ecd,site,SD4600406,RAPID CITY,SD,72009,23171,System Sourced,,https://services.arcgis.com/NYzD3RdsOTglw6xI/ArcGIS/rest/services/RC_W_WW_Dashboard/FeatureServer/0,https://echo.epa.gov/detailed-facility-report?fid=SD4600406&sys=SDWIS,1
site-1610ec018d,site,NJ2004002,NJ AMERICAN WATER - RARITAN,NJ,615430,205035,System Sourced,,https://rutgers.maps.arcgis.com/home/item.html?id=0cb88cd0315e48f491f2122cb824c158,https://echo.epa.gov/detailed-facility-report?fid=NJ2004002&sys=SDWIS,1
site-142f87682c,site,TX0060001,CLAUDE MUNICIPAL WATER SYSTEM,TX,1300,700,System Sourced,,https://www3.twdb.texas.gov/apps/WaterServiceBoundaries/Home/Overview,https://echo.epa.gov/detailed-facility-report?fid=TX0060001&sys=SDWIS,1
site-47c1358c7e,site,VA6107350,LOUDOUN WATER - CENTRAL SYSTEM,VA,334808,83426,System Sourced,,https://geodata.dep.state.fl.us/datasets/pws-lead-service-line-inventories-lsli-2/about,https://echo.epa.gov/detailed-facility-report?fid=VA6107350&sys=SDWIS,1
site-3a7ce9f352,site,NV0000076,HENDERSON CITY OF,NV,336534,131234,System Sourced,,,https://echo.epa.gov/detailed-facility-report?fid=NV0000076&sys=SDWIS,1
site-652efb4bd7,site,TX0700005,CITY OF MIDLOTHIAN,TX,21450,105103,System Sourced,,https://www3.twdb.texas.gov/apps/WaterServiceBoundaries/Home/Overview,https://echo.epa.gov/detailed-facility-report?fid=TX0700005&sys=SDWIS,2
site-aade2fbc17,site,OH2504412,COLUMBUS PUBLIC WATER SYSTEM,OH,1305946,284610,System Sourced,,https://service-line-inventory-columbus.hub.arcgis.com/,https://echo.epa.gov/detailed-facility-report?fid=OH2504412&sys=SDWIS,1
site-898d2ec514,site,VA6153251,PWCSA - WEST,VA,136409,42896,System Sourced,,https://services2.arcgis.com/9mMyRMFMS5yNDCCd/arcgis/rest/services/Service_Line_Inventory/FeatureServer/0,https://echo.epa.gov/detailed-facility-report?fid=VA6153251&sys=SDWIS,1
site-3840cad77f,site,TX0700033,ROCKETT SUD,TX,46614,24886,System Sourced,,https://www3.twdb.texas.gov/apps/WaterServiceBoundaries/Home/Overview,https://echo.epa.gov/detailed-facility-report?fid=TX0700033&sys=SDWIS,1
site-a2f26bbc45,site,CO0101150,THORNTON CITY OF,CO,226465,42530,System Sourced,,https://maps.thorntonco.gov/pdfmaps/utility-boundary.pdf,https://echo.epa.gov/detailed-facility-report?fid=CO0101150&sys=SDWIS,1
site-3b46b2cb88,site,VA6107350,LOUDOUN WATER - CENTRAL SYSTEM,VA,334808,83426,System Sourced,,https://geodata.dep.state.fl.us/datasets/pws-lead-service-line-inventories-lsli-2/about,https://echo.epa.gov/detailed-facility-report?fid=VA6107350&sys=SDWIS,1
site-0107c2bef8,site,VA6153251,PWCSA - WEST,VA,136409,42896,System Sourced,,https://services2.arcgis.com/9mMyRMFMS5yNDCCd/arcgis/rest/services/Service_Line_Inventory/FeatureServer/0,https://echo.epa.gov/detailed-facility-report?fid=VA6153251&sys=SDWIS,1
site-57b27affa4,site,IA5715093,CEDAR RAPIDS WATER DEPARTMENT,IA,141831,56370,System Sourced,,,https://echo.epa.gov/detailed-facility-report?fid=IA5715093&sys=SDWIS,1
site-c1ef3ae918,site,OR4100869,"THE DALLES, CITY OF",OR,13010,5408,Modeled,,,https://echo.epa.gov/detailed-facility-report?fid=OR4100869&sys=SDWIS,1
site-79d6ef4216,site,GA0890001,DEKALB COUNTY,GA,743000,193679,System Sourced,,https://services1.arcgis.com/VVapzOPgBae5joyC/arcgis/rest/services/DeKalb_LSL_Public_View/FeatureServer/0,https://echo.epa.gov/detailed-facility-report?fid=GA0890001&sys=SDWIS,2
site-5accfd19e5,site,OH2504412,COLUMBUS PUBLIC WATER SYSTEM,OH,1305946,284610,System Sourced,,https://service-line-inventory-columbus.hub.arcgis.com/,https://echo.epa.gov/detailed-facility-report?fid=OH2504412&sys=SDWIS,1
site-a8a83c22fe,site,OK1021602,OKLA ORDNANCE WORKS AUTHORITY,OK,4000,113,Modeled,,,https://echo.epa.gov/detailed-facility-report?fid=OK1021602&sys=SDWIS,2
site-d5e56c8f3c,site,OR4100869,"THE DALLES, CITY OF",OR,13010,5408,Modeled,,,https://echo.epa.gov/detailed-facility-report?fid=OR4100869&sys=SDWIS,1
site-9288892ba1,site,OR4100657,PORTLAND WATER BUREAU,OR,666200,187700,System Sourced,,https://www.portland.gov/water/documents/portland-water-bureau-service-line-inventory-spreadsheet-september-2024/download,https://echo.epa.gov/detailed-facility-report?fid=OR4100657&sys=SDWIS,1
site-544250eb73,site,OH1801212,CLEVELAND PUBLIC WATER SYSTEM,OH,1308955,453705,System Sourced,Not Verified,https://clevelandgis.maps.arcgis.com/apps/instant/sidebar/index.html?appid=4cf4e820059747ecb38bdac89a44895d,https://echo.epa.gov/detailed-facility-report?fid=OH1801212&sys=SDWIS,1
site-6d24bf22d2,site,VA6107350,LOUDOUN WATER - CENTRAL SYSTEM,VA,334808,83426,System Sourced,,https://geodata.dep.state.fl.us/datasets/pws-lead-service-line-inventories-lsli-2/about,https://echo.epa.gov/detailed-facility-report?fid=VA6107350&sys=SDWIS,1
site-96628cd372,site,NY3100563,LOCKPORT TOWN WDS,NY,21105,6064,System Sourced,,https://water.ny.gov/doh2/applinks/waterqual/#/waterMaps,https://echo.epa.gov/detailed-facility-report?fid=NY3100563&sys=SDWIS,1
site-63bd0ebafc,site,NY1400422,BUFFALO WATER AUTHORITY,NY,276000,80000,System Sourced,,https://water.ny.gov/doh2/applinks/waterqual/#/waterMaps,https://echo.epa.gov/detailed-facility-report?fid=NY1400422&sys=SDWIS,1
site-f3a69943b8,site,OH3102612,CINCINNATI PUBLIC WATER SYSTEM,OH,750200,244716,System Sourced,Not Verified,https://gcww.maps.arcgis.com/apps/webappviewer/index.html?id=0a170c268c694e46a8a4e394630df0bd,https://echo.epa.gov/detailed-facility-report?fid=OH3102612&sys=SDWIS,1
site-2a9eed34c7,site,OH3102612,CINCINNATI PUBLIC WATER SYSTEM,OH,750200,244716,System Sourced,Not Verified,https://gcww.maps.arcgis.com/apps/webappviewer/index.html?id=0a170c268c694e46a8a4e394630df0bd,https://echo.epa.gov/detailed-facility-report?fid=OH3102612&sys=SDWIS,1
site-710151952f,site,TN0000494,METRO WATER SERVICES,TN,778153,336863,System Sourced,,https://tdec-division-of-water-tdec.hub.arcgis.com/datasets/cc62b90b5775475c94f503cf225c5fd7_0,https://echo.epa.gov/detailed-facility-report?fid=TN0000494&sys=SDWIS,1
site-20cc18cfe9,site,NY7003493,NEW YORK CITY SYSTEM,NY,8271000,727058,System Sourced,,https://water.ny.gov/doh2/applinks/waterqual/#/waterMaps,https://echo.epa.gov/detailed-facility-report?fid=NY7003493&sys=SDWIS,1
site-cf72f97593,site,PA5020038,PITTSBURGH WATER & SEWER AUTH,PA,520000,79034,System Sourced,,https://newdata-padep-1.opendata.arcgis.com/maps/fdf53cdeb2ec42b8a9422569f2e9531b/about,https://echo.epa.gov/detailed-facility-report?fid=PA5020038&sys=SDWIS,1
site-93cd1f99e9,site,TX0150018,SAN ANTONIO WATER SYSTEM,TX,1999472,725972,System Sourced,,https://www3.twdb.texas.gov/apps/WaterServiceBoundaries/Home/Overview,https://echo.epa.gov/detailed-facility-report?fid=TX0150018&sys=SDWIS,1
site-c2806e69a1,site,FL6290327,CITY OF TAMPA WATER DEPARTMENT,FL,733886,143661,System Sourced,,https://services1.arcgis.com/IbNXlmt2RVVRCZ6M/ArcGIS/rest/services/ServiceLine_viewing_469fff81ff5c43559cf4a24d19263539/FeatureServer/0,https://echo.epa.gov/detailed-facility-report?fid=FL6290327&sys=SDWIS,1
site-f7f326b1e3,site,MN1620026,Saint Paul Regional Water Services,MN,365136,94295,System Sourced,,https://sprwsonline.maps.arcgis.com/apps/webappviewer/index.html?id=34713bfefee742d8a89eeacad439dabc,https://echo.epa.gov/detailed-facility-report?fid=MN1620026&sys=SDWIS,1
site-e2a1905993,site,AZ0407090,CHANDLER CITY OF,AZ,247328,81165,System Sourced,,https://gisdata2016-11-18t150447874z-azwater.opendata.arcgis.com/datasets/cws-service-area-1/about,https://echo.epa.gov/detailed-facility-report?fid=AZ0407090&sys=SDWIS,1
site-a97ad16962,site,NJ0238001,VEOLIA WATER NEW JERSEY HACKENSACK,NJ,792713,193600,System Sourced,,https://rutgers.maps.arcgis.com/home/item.html?id=0cb88cd0315e48f491f2122cb824c158,https://echo.epa.gov/detailed-facility-report?fid=NJ0238001&sys=SDWIS,1
site-bbcdcec840,site,TN0000494,METRO WATER SERVICES,TN,778153,336863,System Sourced,,https://tdec-division-of-water-tdec.hub.arcgis.com/datasets/cc62b90b5775475c94f503cf225c5fd7_0,https://echo.epa.gov/detailed-facility-report?fid=TN0000494&sys=SDWIS,1
site-de275a9bcb,site,CT1510011,WATERBURY WATER DEPARTMENT,CT,107271,26915,System Sourced,,https://portal.ct.gov/dph/drinking-water/dws/public-water-supply-map,https://echo.epa.gov/detailed-facility-report?fid=CT1510011&sys=SDWIS,1
site-6be5059513,site,NM3567701,KIRTLAND AIR FORCE BASE,NM,22500,544,System Sourced,,https://geospatialdata-ose.opendata.arcgis.com/datasets/OSE::new-mexico-public-water-system-boundaries/about,https://echo.epa.gov/detailed-facility-report?fid=NM3567701&sys=SDWIS,1
site-c548e0231c,site,SC4610002,ROCK HILL CITY OF (SC4610002),SC,82846,35092,System Sourced,,https://opendata-yorkcosc.hub.arcgis.com/datasets/YorkCoSC::county-water-and-sewer-service-area-district-boundary/about,https://echo.epa.gov/detailed-facility-report?fid=SC4610002&sys=SDWIS,1
site-5fc84cd367,site,HI0000335,WAIPAHU-EWA-WAIANAE,HI,217479,40092,System Sourced,,https://health.hawaii.gov/news/newsroom/bws-alerts-doh-to-pfas-in-waipahu-%CA%BBewa-wai%CA%BBanae-water-system/,https://echo.epa.gov/detailed-facility-report?fid=HI0000335&sys=SDWIS,1
site-c77439f5d9,site,IA1044006,JESUP MUNICIPAL WATER SUPPLY,IA,2508,1060,Modeled,,,https://echo.epa.gov/detailed-facility-report?fid=IA1044006&sys=SDWIS,1
site-e97fe2430f,site,OR4100149,"BROOKINGS, CITY OF",OR,7120,3456,Modeled,,,https://echo.epa.gov/detailed-facility-report?fid=OR4100149&sys=SDWIS,1
site-2bca43b1cd,site,KY0560258,LOUISVILLE WATER COMPANY,KY,764769,311310,System Sourced,,,https://echo.epa.gov/detailed-facility-report?fid=KY0560258&sys=SDWIS,1
site-da0f3ab435,site,FL2010946,GRU - MURPHREE WTP,FL,195954,67533,System Sourced,,https://data-floridaswater.opendata.arcgis.com/datasets/f2f54ba2896e464a890ce827644f250d_0/explore,https://echo.epa.gov/detailed-facility-report?fid=FL2010946&sys=SDWIS,1
site-28cba368bd,site,FL6290327,CITY OF TAMPA WATER DEPARTMENT,FL,733886,143661,System Sourced,,https://services1.arcgis.com/IbNXlmt2RVVRCZ6M/ArcGIS/rest/services/ServiceLine_viewing_469fff81ff5c43559cf4a24d19263539/FeatureServer/0,https://echo.epa.gov/detailed-facility-report?fid=FL6290327&sys=SDWIS,1
site-7d92ad93f5,site,NY7003493,NEW YORK CITY SYSTEM,NY,8271000,727058,System Sourced,,https://water.ny.gov/doh2/applinks/waterqual/#/waterMaps,https://echo.epa.gov/detailed-facility-report?fid=NY7003493&sys=SDWIS,1
site-6f1f2ae365,site,FL3480327,TOWN OF EATONVILLE,FL,2727,779,System Sourced,,https://data-floridaswater.opendata.arcgis.com/datasets/f2f54ba2896e464a890ce827644f250d_0/explore,https://echo.epa.gov/detailed-facility-report?fid=FL3480327&sys=SDWIS,1
site-f9fd0f5b96,site,TX1700097,STANLEY LAKE MUD,TX,3783,1284,System Sourced,,https://www3.twdb.texas.gov/apps/WaterServiceBoundaries/Home/Overview,https://echo.epa.gov/detailed-facility-report?fid=TX1700097&sys=SDWIS,1
site-ce114f2adb,site,CA0110001,ALAMEDA COUNTY WATER DISTRICT,CA,344000,86959,System Sourced,Verified,https://gis.data.ca.gov/datasets/fbba842bf134497c9d611ad506ec48cc/explore,https://echo.epa.gov/detailed-facility-report?fid=CA0110001&sys=SDWIS,1
site-b23b6166d2,site,CA0110001,ALAMEDA COUNTY WATER DISTRICT,CA,344000,86959,System Sourced,Verified,https://gis.data.ca.gov/datasets/fbba842bf134497c9d611ad506ec48cc/explore,https://echo.epa.gov/detailed-facility-report?fid=CA0110001&sys=SDWIS,1
site-4e3d769d59,site,NY1400399,ECWA AMHERST,NY,80228,29335,System Sourced,,https://water.ny.gov/doh2/applinks/waterqual/#/waterMaps,https://echo.epa.gov/detailed-facility-report?fid=NY1400399&sys=SDWIS,1
site-28a0d61cdd,site,CA3710020,"SAN DIEGO, CITY OF",CA,1385379,282783,System Sourced,Verified,https://gis.data.ca.gov/datasets/fbba842bf134497c9d611ad506ec48cc/explore,https://echo.epa.gov/detailed-facility-report?fid=CA3710020&sys=SDWIS,1
site-d3f3fe86fa,site,VA6059501,FAIRFAX COUNTY WATER AUTHORITY,VA,1121613,281686,System Sourced,,https://fairfaxwater.maps.arcgis.com/apps/instant/sidebar/index.html?appid=371af69b796b48ce84e63e3aebc5c0fb,https://echo.epa.gov/detailed-facility-report?fid=VA6059501&sys=SDWIS,1
site-9f9c3695f6,site,NY0100189,ALBANY CITY,NY,98000,29000,System Sourced,,https://water.ny.gov/doh2/applinks/waterqual/#/waterMaps,https://echo.epa.gov/detailed-facility-report?fid=NY0100189&sys=SDWIS,1
site-7db92506b1,site,TX1010013,CITY OF HOUSTON,TX,2202531,954657,System Sourced,,https://www3.twdb.texas.gov/apps/WaterServiceBoundaries/Home/Overview,https://echo.epa.gov/detailed-facility-report?fid=TX1010013&sys=SDWIS,1
site-3a3490c810,site,AZ0407025,PHOENIX CITY OF,AZ,1695000,430118,System Sourced,,https://gisdata2016-11-18t150447874z-azwater.opendata.arcgis.com/datasets/cws-service-area-1/about,https://echo.epa.gov/detailed-facility-report?fid=AZ0407025&sys=SDWIS,1
site-f8a1a20a2d,site,NY0100205,GUILDERLAND TOWN WD,NY,30000,13500,System Sourced,,https://water.ny.gov/doh2/applinks/waterqual/#/waterMaps,https://echo.epa.gov/detailed-facility-report?fid=NY0100205&sys=SDWIS,1
site-abfeba9056,site,IN5202020,FORT WAYNE - 3 RIVERS FILTRATION PLANT,IN,269994,109896,System Sourced,,https://gis.acimap.us/portal/apps/webappviewer/index.html?id=3312149a2fcc4c8aa6886e117747b835,https://echo.epa.gov/detailed-facility-report?fid=IN5202020&sys=SDWIS,1
site-71558d21b5,site,NJ1225001,MIDDLESEX WATER COMPANY,NJ,233376,58344,System Sourced,,https://rutgers.maps.arcgis.com/home/item.html?id=0cb88cd0315e48f491f2122cb824c158,https://echo.epa.gov/detailed-facility-report?fid=NJ1225001&sys=SDWIS,1
site-3204736256,site,IA7780042,URBANDALE WATER UTILITY,IA,45605,17564,Modeled,,,https://echo.epa.gov/detailed-facility-report?fid=IA7780042&sys=SDWIS,1
site-7779132e8c,site,DE0000663,WILMINGTON WATER DEPARTMENT,DE,107976,37915,System Sourced,,https://www.wilmingtondewater.gov/245/Service-Line-Inventory-Map,https://echo.epa.gov/detailed-facility-report?fid=DE0000663&sys=SDWIS,1
site-cd6bfbe88c,site,TN0000494,METRO WATER SERVICES,TN,778153,336863,System Sourced,,https://tdec-division-of-water-tdec.hub.arcgis.com/datasets/cc62b90b5775475c94f503cf225c5fd7_0,https://echo.epa.gov/detailed-facility-report?fid=TN0000494&sys=SDWIS,1
site-b9a0e3ae61,site,CA3310031,"RIVERSIDE, CITY OF",CA,298398,66567,System Sourced,Verified,https://gis.data.ca.gov/datasets/fbba842bf134497c9d611ad506ec48cc/explore,https://echo.epa.gov/detailed-facility-report?fid=CA3310031&sys=SDWIS,1
site-e8d86c76f1,site,IN5253002,CITY OF BLOOMINGTON UTILITIES,IN,83000,26449,System Sourced,,https://bloomington.in.gov/sites/default/files/2019-07/2019_Water%20System%20Map.pdf,https://echo.epa.gov/detailed-facility-report?fid=IN5253002&sys=SDWIS,1
site-86ae0bd9ef,site,IN5249004,CITIZENS WATER - INDIANAPOLIS,IN,866928,346771,System Sourced,,https://experience.arcgis.com/experience/62c6ba97e9374962b57ba4fe26ab7d5a,https://echo.epa.gov/detailed-facility-report?fid=IN5249004&sys=SDWIS,1
site-d74ddb6052,site,MN1270024,Minneapolis,MN,425300,98065,System Sourced,,https://www.minneapolismn.gov/resident-services/utility-services/water/water-quality/water-quality-lead/plumbing-faucets/lead-service-line-map/,https://echo.epa.gov/detailed-facility-report?fid=MN1270024&sys=SDWIS,1
site-336490e071,site,IA0844006,XENIA RWD (BOONE),IA,4975,1990,System Sourced,,https://www.arcgis.com/home/item.html?id=38eff0d28ce3473c867ef1e514193eba,https://echo.epa.gov/detailed-facility-report?fid=IA0844006&sys=SDWIS,1
site-5735c8aa16,site,NM3568007,WHITE SANDS MISSILE RANGE (MAIN POST)-FF,NM,4300,1000,System Sourced,,https://geospatialdata-ose.opendata.arcgis.com/datasets/OSE::new-mexico-public-water-system-boundaries/about,https://echo.epa.gov/detailed-facility-report?fid=NM3568007&sys=SDWIS,1
site-a39377f058,site,NH0801010,EXETER WATER DEPT,NH,12236,3515,System Sourced,,https://www.arcgis.com/home/item.html?id=f7f367ce57c74d2595c3e84a8f31ad74,https://echo.epa.gov/detailed-facility-report?fid=NH0801010&sys=SDWIS,1
site-6bafc6cda1,site,CO0116001,DENVER WATER BOARD,CO,1287000,311339,System Sourced,,https://www.arcgis.com/home/item.html?id=186d23c71dee48fd84e915924c028b70,https://echo.epa.gov/detailed-facility-report?fid=CO0116001&sys=SDWIS,1
site-bae7193c49,site,TX1010013,CITY OF HOUSTON,TX,2202531,954657,System Sourced,,https://www3.twdb.texas.gov/apps/WaterServiceBoundaries/Home/Overview,https://echo.epa.gov/detailed-facility-report?fid=TX1010013&sys=SDWIS,1
site-632d2aa14c,site,WA5321800,EAST WENATCHEE WATER DISTRICT,WA,26519,11820,System Sourced,,https://geo.wa.gov/datasets/WADOH::drinking-water-service-areas/explore,https://echo.epa.gov/detailed-facility-report?fid=WA5321800&sys=SDWIS,2
site-b91b7d9ab8,site,WA5341998,KING COUNTY WATER DISTRICT #125,WA,17546,6928,System Sourced,,https://geo.wa.gov/datasets/WADOH::drinking-water-service-areas/explore,https://echo.epa.gov/detailed-facility-report?fid=WA5341998&sys=SDWIS,1
site-2ae59e13c2,site,WA5341998,KING COUNTY WATER DISTRICT #125,WA,17546,6928,System Sourced,,https://geo.wa.gov/datasets/WADOH::drinking-water-service-areas/explore,https://echo.epa.gov/detailed-facility-report?fid=WA5341998&sys=SDWIS,1
site-947f0925e9,site,WA5341998,KING COUNTY WATER DISTRICT #125,WA,17546,6928,System Sourced,,https://geo.wa.gov/datasets/WADOH::drinking-water-service-areas/explore,https://echo.epa.gov/detailed-facility-report?fid=WA5341998&sys=SDWIS,1
site-9387b561cf,site,NY7003493,NEW YORK CITY SYSTEM,NY,8271000,727058,System Sourced,,https://water.ny.gov/doh2/applinks/waterqual/#/waterMaps,https://echo.epa.gov/detailed-facility-report?fid=NY7003493&sys=SDWIS,1
site-632b8bb611,site,OH1801212,CLEVELAND PUBLIC WATER SYSTEM,OH,1308955,453705,System Sourced,Not Verified,https://clevelandgis.maps.arcgis.com/apps/instant/sidebar/index.html?appid=4cf4e820059747ecb38bdac89a44895d,https://echo.epa.gov/detailed-facility-report?fid=OH1801212&sys=SDWIS,1
site-829202c8b3,site,OH7700011,AKRON CITY PWS,OH,280000,94791,System Sourced,Not Verified,"https://www.akronohio.gov/departments/service/water_supply_bureau/lead_mitigation.php#:~:text=Lead%20Line%20Replacement%20and%20Lead%20Mitigation&text=Due%20to%20these%20efforts%2C%20Akron,remaining%20in%20Akron's%20distribution%20system.",https://echo.epa.gov/detailed-facility-report?fid=OH7700011&sys=SDWIS,1
site-3ed85504f0,site,WA5383100,SPOKANE CITY OF,WA,343167,85716,System Sourced,,https://geo.wa.gov/datasets/WADOH::drinking-water-service-areas/explore,https://echo.epa.gov/detailed-facility-report?fid=WA5383100&sys=SDWIS,1
site-6862bd16a1,site,AZ0407025,PHOENIX CITY OF,AZ,1695000,430118,System Sourced,,https://gisdata2016-11-18t150447874z-azwater.opendata.arcgis.com/datasets/cws-service-area-1/about,https://echo.epa.gov/detailed-facility-report?fid=AZ0407025&sys=SDWIS,1
site-047cb43a2b,site,IL0316000,CHICAGO,IL,2746388,484979,System Sourced,,https://sli.chicagowaterquality.org/,https://echo.epa.gov/detailed-facility-report?fid=IL0316000&sys=SDWIS,1
site-817d9a94ce,site,MA2215000,NORTHBOROUGH WATER DEPARTMENT (MWRA),MA,13535,4278,System Sourced,Verified,https://www.mass.gov/info-details/massgis-data-massdep-estimated-public-drinking-water-system-service-area-boundaries,https://echo.epa.gov/detailed-facility-report?fid=MA2215000&sys=SDWIS,1
site-c59c06b558,site,CO0116001,DENVER WATER BOARD,CO,1287000,311339,System Sourced,,https://www.arcgis.com/home/item.html?id=186d23c71dee48fd84e915924c028b70,https://echo.epa.gov/detailed-facility-report?fid=CO0116001&sys=SDWIS,1
site-93cb54a529,site,MO1010415,KANSAS CITY PWS,MO,513800,178734,System Sourced,,https://services5.arcgis.com/OCY4MgI6bGqUzBPm/arcgis/rest/services/KCWater_Boundary_view/FeatureServer,https://echo.epa.gov/detailed-facility-report?fid=MO1010415&sys=SDWIS,1
site-344749173f,site,AZ0407098,SCOTTSDALE CITY OF,AZ,241361,92701,System Sourced,,https://gisdata2016-11-18t150447874z-azwater.opendata.arcgis.com/datasets/cws-service-area-1/about,https://echo.epa.gov/detailed-facility-report?fid=AZ0407098&sys=SDWIS,1
site-b0a47ea775,site,AZ0407025,PHOENIX CITY OF,AZ,1695000,430118,System Sourced,,https://gisdata2016-11-18t150447874z-azwater.opendata.arcgis.com/datasets/cws-service-area-1/about,https://echo.epa.gov/detailed-facility-report?fid=AZ0407025&sys=SDWIS,1
site-1eb7781852,site,AZ0407100,TEMPE CITY OF,AZ,165000,40000,System Sourced,,https://gisdata2016-11-18t150447874z-azwater.opendata.arcgis.com/datasets/cws-service-area-1/about,https://echo.epa.gov/detailed-facility-report?fid=AZ0407100&sys=SDWIS,1
site-5e489824f4,site,CO0107155,BROOMFIELD CITY AND COUNTY OF,CO,106153,14388,System Sourced,,https://waternow.org/wp-content/uploads/2024/01/Broomfield-CO-Case-Study-1.pdf,https://echo.epa.gov/detailed-facility-report?fid=CO0107155&sys=SDWIS,1
site-c10ca88690,site,MT0000161,BOZEMAN  CITY OF,MT,56000,14875,Modeled,,,https://echo.epa.gov/detailed-facility-report?fid=MT0000161&sys=SDWIS,1
site-01662bb3e0,site,MN1740007,Owatonna,MN,26430,9960,System Sourced,,https://maps.umn.edu/LSL/,https://echo.epa.gov/detailed-facility-report?fid=MN1740007&sys=SDWIS,1
site-158140b04b,site,NM3505126,SANTA FE WATER SYSTEM (CITY OF),NM,90810,33297,System Sourced,,https://geospatialdata-ose.opendata.arcgis.com/datasets/OSE::new-mexico-public-water-system-boundaries/about,https://echo.epa.gov/detailed-facility-report?fid=NM3505126&sys=SDWIS,1
site-f94c34136f,site,MD0300002,CITY OF BALTIMORE,MD,1600000,424600,System Sourced,,Personal Communication,https://echo.epa.gov/detailed-facility-report?fid=MD0300002&sys=SDWIS,1
site-f3e3864878,site,KY0460182,HAWESVILLE WATER WORKS,KY,3225,1119,System Sourced,,https://kygisserver.ky.gov/arcgis/rest/services/WGS84WM_Services/Ky_Water_WGS84WM/MapServer/11,https://echo.epa.gov/detailed-facility-report?fid=KY0460182&sys=SDWIS,1
site-32a6fd25e7,site,AZ0407098,SCOTTSDALE CITY OF,AZ,241361,92701,System Sourced,,https://gisdata2016-11-18t150447874z-azwater.opendata.arcgis.com/datasets/cws-service-area-1/about,https://echo.epa.gov/detailed-facility-report?fid=AZ0407098&sys=SDWIS,1
site-e234e07f6e,site,WA5338100,KENNEWICK CITY OF,WA,114468,36947,System Sourced,,https://geo.wa.gov/datasets/WADOH::drinking-water-service-areas/explore,https://echo.epa.gov/detailed-facility-report?fid=WA5338100&sys=SDWIS,1
site-beb92e7b82,site,WA5377050,SEATTLE PUBLIC UTILITIES,WA,1091904,171515,System Sourced,,https://geo.wa.gov/datasets/WADOH::drinking-water-service-areas/explore,https://echo.epa.gov/detailed-facility-report?fid=WA5377050&sys=SDWIS,1
site-4edb30a00e,site,CA2810003,"NAPA, CITY OF",CA,84804,25376,System Sourced,Not Verified,https://gis.data.ca.gov/datasets/fbba842bf134497c9d611ad506ec48cc/explore,https://echo.epa.gov/detailed-facility-report?fid=CA2810003&sys=SDWIS,1
site-deba49729b,site,WA5307900,BOTHELL WATER CITY OF,WA,33698,10404,System Sourced,,https://geo.wa.gov/datasets/WADOH::drinking-water-service-areas/explore,https://echo.epa.gov/detailed-facility-report?fid=WA5307900&sys=SDWIS,1
site-9c0312d00c,site,NY0100189,ALBANY CITY,NY,98000,29000,System Sourced,,https://water.ny.gov/doh2/applinks/waterqual/#/waterMaps,https://echo.epa.gov/detailed-facility-report?fid=NY0100189&sys=SDWIS,1
site-6d2d8a6f06,site,AZ0407095,MESA CITY OF,AZ,466000,142500,System Sourced,,https://gisdata2016-11-18t150447874z-azwater.opendata.arcgis.com/datasets/cws-service-area-1/about,https://echo.epa.gov/detailed-facility-report?fid=AZ0407095&sys=SDWIS,1
site-e6f6593446,site,OH2504412,COLUMBUS PUBLIC WATER SYSTEM,OH,1305946,284610,System Sourced,,https://service-line-inventory-columbus.hub.arcgis.com/,https://echo.epa.gov/detailed-facility-report?fid=OH2504412&sys=SDWIS,1
site-161c9d9e89,site,TN0000396,LENOIR CITY UTILITY BOARD,TN,33675,13363,System Sourced,,https://tdec-division-of-water-tdec.hub.arcgis.com/datasets/cc62b90b5775475c94f503cf225c5fd7_0,https://echo.epa.gov/detailed-facility-report?fid=TN0000396&sys=SDWIS,1
site-9a9a1fb352,site,OH7608112,CANTON PUBLIC WATER SYSTEM,OH,107113,41074,System Sourced,Not Verified,https://www.cantonohio.gov/2278/Service-Line-Map,https://echo.epa.gov/detailed-facility-report?fid=OH7608112&sys=SDWIS,1
site-4e351950f1,site,CO0107487,LOUISVILLE CITY OF,CO,20975,7368,System Sourced,,https://www.arcgis.com/home/item.html?id=186d23c71dee48fd84e915924c028b70,https://echo.epa.gov/detailed-facility-report?fid=CO0107487&sys=SDWIS,1
site-0d53aa8ade,site,IN5244003,LAGRANGE DEPARTMENT OF WATER WORKS,IN,2625,1287,Modeled,,,https://echo.epa.gov/detailed-facility-report?fid=IN5244003&sys=SDWIS,1
site-7f8e341089,site,OK1221637,CHEROKEE CO. RWD #11,OK,3395,1593,System Sourced,,https://owrb.csa.ou.edu/server/rest/services/Water_Supply/Water_Systems/MapServer/0,https://echo.epa.gov/detailed-facility-report?fid=OK1221637&sys=SDWIS,1
site-5d50d79c7d,site,NY2701047,MCWA,NY,496753,83015,System Sourced,,https://water.ny.gov/doh2/applinks/waterqual/#/waterMaps,https://echo.epa.gov/detailed-facility-report?fid=NY2701047&sys=SDWIS,1
site-15935f1db6,site,TX2400001,CITY OF LAREDO,TX,260046,88747,System Sourced,,https://www3.twdb.texas.gov/apps/WaterServiceBoundaries/Home/Overview,https://echo.epa.gov/detailed-facility-report?fid=TX2400001&sys=SDWIS,1
site-107f221bd0,site,FL6530852,SOUTHWEST/POLK COUNTY UTILITY,FL,39209,14104,Modeled,,,https://echo.epa.gov/detailed-facility-report?fid=FL6530852&sys=SDWIS,2
site-4c26665080,site,IN5279015,PURDUE UNIV. WATER WORKS,IN,55000,241,System Sourced,,https://idem.120water-ptd.com/,https://echo.epa.gov/detailed-facility-report?fid=IN5279015&sys=SDWIS,1
site-c4b01d8bc6,site,VA6107350,LOUDOUN WATER - CENTRAL SYSTEM,VA,334808,83426,System Sourced,,https://geodata.dep.state.fl.us/datasets/pws-lead-service-line-inventories-lsli-2/about,https://echo.epa.gov/detailed-facility-report?fid=VA6107350&sys=SDWIS,1
site-831f5a3817,site,TX2270001,CITY OF AUSTIN WATER & WASTEWATER,TX,1115323,279758,System Sourced,,https://www3.twdb.texas.gov/apps/WaterServiceBoundaries/Home/Overview,https://echo.epa.gov/detailed-facility-report?fid=TX2270001&sys=SDWIS,1
site-49552fa282,site,NE3105507,METROPOLITAN UTILITIES DISTRICT,NE,600000,220882,System Sourced,,https://experience.arcgis.com/experience/0b2b8f5ae71b41e2b483db56eb4ad486,https://echo.epa.gov/detailed-facility-report?fid=NE3105507&sys=SDWIS,1
site-067ff9e4f2,site,ID4010016,VEOLIA WATER IDAHO,ID,262920,107316,System Sourced,,,https://echo.epa.gov/detailed-facility-report?fid=ID4010016&sys=SDWIS,1
site-9de7994b63,site,IL0316000,CHICAGO,IL,2746388,484979,System Sourced,,https://sli.chicagowaterquality.org/,https://echo.epa.gov/detailed-facility-report?fid=IL0316000&sys=SDWIS,1
site-df886843e7,site,OH3102612,CINCINNATI PUBLIC WATER SYSTEM,OH,750200,244716,System Sourced,Not Verified,https://gcww.maps.arcgis.com/apps/webappviewer/index.html?id=0a170c268c694e46a8a4e394630df0bd,https://echo.epa.gov/detailed-facility-report?fid=OH3102612&sys=SDWIS,1
site-821feea7ad,site,CA0110006,CITY OF HAYWARD,CA,162954,36838,System Sourced,Not Verified,https://gis.data.ca.gov/datasets/fbba842bf134497c9d611ad506ec48cc/explore,https://echo.epa.gov/detailed-facility-report?fid=CA0110006&sys=SDWIS,1
site-1241a8a36a,site,NJ0906001,JERSEY CITY MUA,NJ,262000,36000,System Sourced,,https://rutgers.maps.arcgis.com/home/item.html?id=0cb88cd0315e48f491f2122cb824c158,https://echo.epa.gov/detailed-facility-report?fid=NJ0906001&sys=SDWIS,1
site-3050d5e4c7,site,TN0000450,"MEMPHIS LIGHT, GAS, & WATER",TN,659500,255620,System Sourced,,https://tdec-division-of-water-tdec.hub.arcgis.com/datasets/cc62b90b5775475c94f503cf225c5fd7_0,https://echo.epa.gov/detailed-facility-report?fid=TN0000450&sys=SDWIS,1
site-2ca765ad43,site,TN0000494,METRO WATER SERVICES,TN,778153,336863,System Sourced,,https://tdec-division-of-water-tdec.hub.arcgis.com/datasets/cc62b90b5775475c94f503cf225c5fd7_0,https://echo.epa.gov/detailed-facility-report?fid=TN0000494&sys=SDWIS,1
site-dbac25dd66,site,TN0000494,METRO WATER SERVICES,TN,778153,336863,System Sourced,,https://tdec-division-of-water-tdec.hub.arcgis.com/datasets/cc62b90b5775475c94f503cf225c5fd7_0,https://echo.epa.gov/detailed-facility-report?fid=TN0000494&sys=SDWIS,1
site-9e80f2d02e,site,NY7003493,NEW YORK CITY SYSTEM,NY,8271000,727058,System Sourced,,https://water.ny.gov/doh2/applinks/waterqual/#/waterMaps,https://echo.epa.gov/detailed-facility-report?fid=NY7003493&sys=SDWIS,1
site-4ee6d29df5,site,CA0110005,EAST BAY MUD,CA,1442800,392875,System Sourced,Not Verified,https://gis.data.ca.gov/datasets/fbba842bf134497c9d611ad506ec48cc/explore,https://echo.epa.gov/detailed-facility-report?fid=CA0110005&sys=SDWIS,1
site-df048ebc4a,site,NC0392010,"RALEIGH, CITY OF",NC,640000,200114,System Sourced,Verified ,https://www.nconemap.gov/datasets/nconemap::type-a-current-public-water-systems-2004/about,https://echo.epa.gov/detailed-facility-report?fid=NC0392010&sys=SDWIS,1
site-278e41b661,site,MI0005830,"ROYAL OAK, CITY OF",MI,57236,23876,System Sourced,,https://www.romi.gov/1873/Comprehensive-Water-Distribution-System-,https://echo.epa.gov/detailed-facility-report?fid=MI0005830&sys=SDWIS,1
site-6340cd6893,site,IN5249004,CITIZENS WATER - INDIANAPOLIS,IN,866928,346771,System Sourced,,https://experience.arcgis.com/experience/62c6ba97e9374962b57ba4fe26ab7d5a,https://echo.epa.gov/detailed-facility-report?fid=IN5249004&sys=SDWIS,1
site-2ea78fc986,site,IN5202020,FORT WAYNE - 3 RIVERS FILTRATION PLANT,IN,269994,109896,System Sourced,,https://gis.acimap.us/portal/apps/webappviewer/index.html?id=3312149a2fcc4c8aa6886e117747b835,https://echo.epa.gov/detailed-facility-report?fid=IN5202020&sys=SDWIS,1
site-b3b2807454,site,TX2270001,CITY OF AUSTIN WATER & WASTEWATER,TX,1115323,279758,System Sourced,,https://www3.twdb.texas.gov/apps/WaterServiceBoundaries/Home/Overview,https://echo.epa.gov/detailed-facility-report?fid=TX2270001&sys=SDWIS,1
site-d20d23748d,site,TX2270001,CITY OF AUSTIN WATER & WASTEWATER,TX,1115323,279758,System Sourced,,https://www3.twdb.texas.gov/apps/WaterServiceBoundaries/Home/Overview,https://echo.epa.gov/detailed-facility-report?fid=TX2270001&sys=SDWIS,1
site-b93d39da9d,site,KS2009110,WATER DISTRICT 1 OF JOHNSON CO,KS,482000,157164,System Sourced,,https://hub.kansasgis.org/maps/KSDOT::rural-water-districts/about ,https://echo.epa.gov/detailed-facility-report?fid=KS2009110&sys=SDWIS,1
site-5ecf8119ce,site,MO1010415,KANSAS CITY PWS,MO,513800,178734,System Sourced,,https://services5.arcgis.com/OCY4MgI6bGqUzBPm/arcgis/rest/services/KCWater_Boundary_view/FeatureServer,https://echo.epa.gov/detailed-facility-report?fid=MO1010415&sys=SDWIS,1
site-1e5c83ebfb,site,NE3115313,"PAPILLION, CITY OF",NE,35000,13384,Modeled,,,https://echo.epa.gov/detailed-facility-report?fid=NE3115313&sys=SDWIS,1
site-93dd89bafc,site,CA3710020,"SAN DIEGO, CITY OF",CA,1385379,282783,System Sourced,Verified,https://gis.data.ca.gov/datasets/fbba842bf134497c9d611ad506ec48cc/explore,https://echo.epa.gov/detailed-facility-report?fid=CA3710020&sys=SDWIS,1
site-ad49560e44,site,CA3710020,"SAN DIEGO, CITY OF",CA,1385379,282783,System Sourced,Verified,https://gis.data.ca.gov/datasets/fbba842bf134497c9d611ad506ec48cc/explore,https://echo.epa.gov/detailed-facility-report?fid=CA3710020&sys=SDWIS,1
site-77b886248c,site,OH5201903,MEDINA CO/NORTHWEST PWS,OH,46324,16845,System Sourced,Not Verified,https://epa.ohio.gov/divisions-and-offices/drinking-and-ground-waters/reports-and-data/lead-lines-mapping,https://echo.epa.gov/detailed-facility-report?fid=OH5201903&sys=SDWIS,1
site-e65a9ac76a,site,MA3199000,NEEDHAM WATER DEPT,MA,33130,10294,System Sourced,Verified,https://www.mass.gov/info-details/massgis-data-massdep-estimated-public-drinking-water-system-service-area-boundaries,https://echo.epa.gov/detailed-facility-report?fid=MA3199000&sys=SDWIS,1
site-19e6b15bce,site,MA1281000,SPRINGFIELD WATER AND SEWER COMMISSION,MA,167954,43265,System Sourced,Verified,https://www.mass.gov/info-details/massgis-data-massdep-estimated-public-drinking-water-system-service-area-boundaries,https://echo.epa.gov/detailed-facility-report?fid=MA1281000&sys=SDWIS,1
site-ac21a0a159,site,MA1281000,SPRINGFIELD WATER AND SEWER COMMISSION,MA,167954,43265,System Sourced,Verified,https://www.mass.gov/info-details/massgis-data-massdep-estimated-public-drinking-water-system-service-area-boundaries,https://echo.epa.gov/detailed-facility-report?fid=MA1281000&sys=SDWIS,1
site-85e8f32886,site,NY3304334,SYRACUSE CITY,NY,192000,45503,System Sourced,,https://water.ny.gov/doh2/applinks/waterqual/#/waterMaps,https://echo.epa.gov/detailed-facility-report?fid=NY3304334&sys=SDWIS,1
site-f8bb00ffbf,site,IA7707030,ALTOONA WATER SUPPLY,IA,19565,6692,Modeled,,,https://echo.epa.gov/detailed-facility-report?fid=IA7707030&sys=SDWIS,2
site-a3cd52d8ed,site,IN5257010,LIGONIER WATER WORKS,IN,4405,1306,Modeled,,,https://echo.epa.gov/detailed-facility-report?fid=IN5257010&sys=SDWIS,1
site-68d0e54965,site,NE3110926,"LINCOLN, CITY OF",NE,292000,83797,System Sourced,,https://www.arcgis.com/home/item.html?id=ddf2912d8c804be9a8dffcd4c2192ca8,https://echo.epa.gov/detailed-facility-report?fid=NE3110926&sys=SDWIS,1
site-9ac96609d9,site,IL0894070,AURORA,IL,183000,50404,System Sourced,,https://lead-service-cityofaurora.hub.arcgis.com/,https://echo.epa.gov/detailed-facility-report?fid=IL0894070&sys=SDWIS,1
site-f0bcb006f0,site,GA0890001,DEKALB COUNTY,GA,743000,193679,System Sourced,,https://services1.arcgis.com/VVapzOPgBae5joyC/arcgis/rest/services/DeKalb_LSL_Public_View/FeatureServer/0,https://echo.epa.gov/detailed-facility-report?fid=GA0890001&sys=SDWIS,1
site-3584a2f3c5,site,TX0430007,CITY OF PLANO,TX,288800,125840,System Sourced,,https://www3.twdb.texas.gov/apps/WaterServiceBoundaries/Home/Overview,https://echo.epa.gov/detailed-facility-report?fid=TX0430007&sys=SDWIS,1
site-c5d9f716a4,site,MD0150005,WASHINGTON SUBURBAN SANITARY COMMISSION,MD,1900000,438639,System Sourced,,Personal Communication,https://echo.epa.gov/detailed-facility-report?fid=MD0150005&sys=SDWIS,1
site-82fb7965c4,site,MI0003760,LANSING BOARD OF WATER & LIGHT,MI,166000,56159,Modeled,,,https://echo.epa.gov/detailed-facility-report?fid=MI0003760&sys=SDWIS,1
site-9ea7d54ec0,site,TX0570004,DALLAS WATER UTILITY,TX,1356479,958265,System Sourced,,https://www3.twdb.texas.gov/apps/WaterServiceBoundaries/Home/Overview,https://echo.epa.gov/detailed-facility-report?fid=TX0570004&sys=SDWIS,1
site-c629d239d1,site,NY1600008,MALONE V,NY,13232,2819,System Sourced,,https://water.ny.gov/doh2/applinks/waterqual/#/waterMaps,https://echo.epa.gov/detailed-facility-report?fid=NY1600008&sys=SDWIS,1
site-f8b604010f,site,AZ0410112,TUCSON CITY OF,AZ,732906,191264,System Sourced,,https://gisdata2016-11-18t150447874z-azwater.opendata.arcgis.com/datasets/cws-service-area-1/about,https://echo.epa.gov/detailed-facility-report?fid=AZ0410112&sys=SDWIS,1
site-9493cfa983,site,NY7003493,NEW YORK CITY SYSTEM,NY,8271000,727058,System Sourced,,https://water.ny.gov/doh2/applinks/waterqual/#/waterMaps,https://echo.epa.gov/detailed-facility-report?fid=NY7003493&sys=SDWIS,1
site-d6f324f400,site,KY1140038,BOWLING GREEN MUNICIPAL UTILITIES,KY,53601,19716,System Sourced,,https://kygisserver.ky.gov/arcgis/rest/services/WGS84WM_Services/Ky_Water_WGS84WM/MapServer/11,https://echo.epa.gov/detailed-facility-report?fid=KY1140038&sys=SDWIS,1
site-3a04e4eacf,site,TX0150018,SAN ANTONIO WATER SYSTEM,TX,1999472,725972,System Sourced,,https://www3.twdb.texas.gov/apps/WaterServiceBoundaries/Home/Overview,https://echo.epa.gov/detailed-facility-report?fid=TX0150018&sys=SDWIS,1
site-25cad56da6,site,UTAH18026,SALT LAKE CITY WATER SYSTEM,UT,381174,86503,System Sourced,,https://dwre-utahdnr.opendata.arcgis.com/datasets/culinarywaterserviceareas/explore,https://echo.epa.gov/detailed-facility-report?fid=UTAH18026&sys=SDWIS,1
site-f6c6b8c04d,site,AZ0407025,PHOENIX CITY OF,AZ,1695000,430118,System Sourced,,https://gisdata2016-11-18t150447874z-azwater.opendata.arcgis.com/datasets/cws-service-area-1/about,https://echo.epa.gov/detailed-facility-report?fid=AZ0407025&sys=SDWIS,1
site-9308ac61fa,site,WA5383100,SPOKANE CITY OF,WA,343167,85716,System Sourced,,https://geo.wa.gov/datasets/WADOH::drinking-water-service-areas/explore,https://echo.epa.gov/detailed-facility-report?fid=WA5383100&sys=SDWIS,1
site-fcc4119b9e,site,UTAH27015,ST GEORGE CITY WATER SYSTEM,UT,105240,33106,System Sourced,,https://dwre-utahdnr.opendata.arcgis.com/datasets/culinarywaterserviceareas/explore,https://echo.epa.gov/detailed-facility-report?fid=UTAH27015&sys=SDWIS,1
site-77c2652eb9,site,NY0100198,LATHAM WATER DISTRICT,NY,85590,19750,System Sourced,,https://water.ny.gov/doh2/applinks/waterqual/#/waterMaps,https://echo.epa.gov/detailed-facility-report?fid=NY0100198&sys=SDWIS,1
site-3242ba995e,site,TX2270001,CITY OF AUSTIN WATER & WASTEWATER,TX,1115323,279758,System Sourced,,https://www3.twdb.texas.gov/apps/WaterServiceBoundaries/Home/Overview,https://echo.epa.gov/detailed-facility-report?fid=TX2270001&sys=SDWIS,1
site-01e84d6d04,site,TX2270001,CITY OF AUSTIN WATER & WASTEWATER,TX,1115323,279758,System Sourced,,https://www3.twdb.texas.gov/apps/WaterServiceBoundaries/Home/Overview,https://echo.epa.gov/detailed-facility-report?fid=TX2270001&sys=SDWIS,1
site-1c986906c8,site,MD0300002,CITY OF BALTIMORE,MD,1600000,424600,System Sourced,,Personal Communication,https://echo.epa.gov/detailed-facility-report?fid=MD0300002&sys=SDWIS,1
site-b386ff9b41,site,MA3049000,CAMBRIDGE WATER DEPARTMENT,MA,118214,15063,System Sourced,Verified,https://www.mass.gov/info-details/massgis-data-massdep-estimated-public-drinking-water-system-service-area-boundaries,https://echo.epa.gov/detailed-facility-report?fid=MA3049000&sys=SDWIS,1
site-9e371ce1f5,site,OH1801212,CLEVELAND PUBLIC WATER SYSTEM,OH,1308955,453705,System Sourced,Not Verified,https://clevelandgis.maps.arcgis.com/apps/instant/sidebar/index.html?appid=4cf4e820059747ecb38bdac89a44895d,https://echo.epa.gov/detailed-facility-report?fid=OH1801212&sys=SDWIS,1
site-60dc22d82d,site,TX0570004,DALLAS WATER UTILITY,TX,1356479,958265,System Sourced,,https://www3.twdb.texas.gov/apps/WaterServiceBoundaries/Home/Overview,https://echo.epa.gov/detailed-facility-report?fid=TX0570004&sys=SDWIS,1
site-d943615cb9,site,TX0570004,DALLAS WATER UTILITY,TX,1356479,958265,System Sourced,,https://www3.twdb.texas.gov/apps/WaterServiceBoundaries/Home/Overview,https://echo.epa.gov/detailed-facility-report?fid=TX0570004&sys=SDWIS,1
site-1201cbd2a9,site,CT0640011,METROPOLITAN DISTRICT COMMISSION,CT,390887,101735,System Sourced,,https://portal.ct.gov/dph/drinking-water/dws/public-water-supply-map,https://echo.epa.gov/detailed-facility-report?fid=CT0640011&sys=SDWIS,1
site-c423b9ed54,site,FL2161328,JEA MAJOR GRID,FL,826664,428439,System Sourced,,https://trinnex.cloud/leadcast/publicMap?tenantName=JEA,https://echo.epa.gov/detailed-facility-report?fid=FL2161328&sys=SDWIS,1
site-b3aac0a2ee,site,MO1010415,KANSAS CITY PWS,MO,513800,178734,System Sourced,,https://services5.arcgis.com/OCY4MgI6bGqUzBPm/arcgis/rest/services/KCWater_Boundary_view/FeatureServer,https://echo.epa.gov/detailed-facility-report?fid=MO1010415&sys=SDWIS,1
site-84b143eb8a,site,WI1130224,MADISON WATER UTILITY,WI,272000,100740,System Sourced,,https://www.cityofmadison.com/water/water-quality/lead-copper-in-water/lead-service-line-inventory,https://echo.epa.gov/detailed-facility-report?fid=WI1130224&sys=SDWIS,1
site-b0e634a1b7,site,VA6059501,FAIRFAX COUNTY WATER AUTHORITY,VA,1121613,281686,System Sourced,,https://fairfaxwater.maps.arcgis.com/apps/instant/sidebar/index.html?appid=371af69b796b48ce84e63e3aebc5c0fb,https://echo.epa.gov/detailed-facility-report?fid=VA6059501&sys=SDWIS,1
site-6c1f979458,site,MN1270024,Minneapolis,MN,425300,98065,System Sourced,,https://www.minneapolismn.gov/resident-services/utility-services/water/water-quality/water-quality-lead/plumbing-faucets/lead-service-line-map/,https://echo.epa.gov/detailed-facility-report?fid=MN1270024&sys=SDWIS,1
site-639b3a02c2,site,CT0930011,REGIONAL WATER AUTHORITY,CT,418900,115707,System Sourced,,https://portal.ct.gov/dph/drinking-water/dws/public-water-supply-map,https://echo.epa.gov/detailed-facility-report?fid=CT0930011&sys=SDWIS,1
site-6d0e726e74,site,CT0950011,NEW LONDON DEPT. OF PUBLIC UTILITIES,CT,27620,7027,System Sourced,,https://portal.ct.gov/dph/drinking-water/dws/public-water-supply-map,https://echo.epa.gov/detailed-facility-report?fid=CT0950011&sys=SDWIS,1
site-0175c123ed,site,NY7003493,NEW YORK CITY SYSTEM,NY,8271000,727058,System Sourced,,https://water.ny.gov/doh2/applinks/waterqual/#/waterMaps,https://echo.epa.gov/detailed-facility-report?fid=NY7003493&sys=SDWIS,1
site-55666bfad2,site,VA3710100,"NORFOLK, CITY OF",VA,234220,69687,System Sourced,,https://services2.arcgis.com/fUAsosS8WXl3mXcn/arcgis/rest/services/ServiceLineInventory_PublicMap/FeatureServer/0/,https://echo.epa.gov/detailed-facility-report?fid=VA3710100&sys=SDWIS,1
site-1eecfe7c64,site,PA1460046,PA AMERICAN NORRISTOWN,PA,88885,32857,System Sourced,,https://newdata-padep-1.opendata.arcgis.com/maps/fdf53cdeb2ec42b8a9422569f2e9531b/about,https://echo.epa.gov/detailed-facility-report?fid=PA1460046&sys=SDWIS,1
site-dc9fa042d2,site,PA5020038,PITTSBURGH WATER & SEWER AUTH,PA,520000,79034,System Sourced,,https://newdata-padep-1.opendata.arcgis.com/maps/fdf53cdeb2ec42b8a9422569f2e9531b/about,https://echo.epa.gov/detailed-facility-report?fid=PA5020038&sys=SDWIS,1
site-46182950f8,site,TX0150018,SAN ANTONIO WATER SYSTEM,TX,1999472,725972,System Sourced,,https://www3.twdb.texas.gov/apps/WaterServiceBoundaries/Home/Overview,https://echo.epa.gov/detailed-facility-report?fid=TX0150018&sys=SDWIS,1
site-2e83db23c0,site,TX0150018,SAN ANTONIO WATER SYSTEM,TX,1999472,725972,System Sourced,,https://www3.twdb.texas.gov/apps/WaterServiceBoundaries/Home/Overview,https://echo.epa.gov/detailed-facility-report?fid=TX0150018&sys=SDWIS,1
site-bce9a65ade,site,CT0150011,AQUARION-EASTERN FAIRFIELD COUNTY,CT,351756,108501,System Sourced,,https://portal.ct.gov/dph/drinking-water/dws/public-water-supply-map,https://echo.epa.gov/detailed-facility-report?fid=CT0150011&sys=SDWIS,1
site-baa712e3ea,site,CA4310014,CITY OF SUNNYVALE,CA,157566,28372,System Sourced,Verified,https://gis.data.ca.gov/datasets/fbba842bf134497c9d611ad506ec48cc/explore,https://echo.epa.gov/detailed-facility-report?fid=CA4310014&sys=SDWIS,2
site-8951c0f573,site,CA3010092,IRVINE RANCH WATER DISTRICT,CA,444800,121167,System Sourced,Not Verified,https://gis.data.ca.gov/datasets/fbba842bf134497c9d611ad506ec48cc/explore,https://echo.epa.gov/detailed-facility-report?fid=CA3010092&sys=SDWIS,1
site-e302f419b5,site,CT0930011,REGIONAL WATER AUTHORITY,CT,418900,115707,System Sourced,,https://portal.ct.gov/dph/drinking-water/dws/public-water-supply-map,https://echo.epa.gov/detailed-facility-report?fid=CT0930011&sys=SDWIS,1
site-2a8323bedb,site,VA5680200,"LYNCHBURG, CITY OF",VA,80995,23451,System Sourced,,https://services1.arcgis.com/7UD44zrYCKZqL1ix/arcgis/rest/services/LSL_Inventory_V2_Public_View/FeatureServer/1/,https://echo.epa.gov/detailed-facility-report?fid=VA5680200&sys=SDWIS,1
site-4ed94f2dbc,site,WY5600011,CHEYENNE BOARD OF PUBLIC UTILITIES,WY,64165,25000,System Sourced,,https://experience.arcgis.com/experience/98cc0f0b77f147df89fae212a43c0726,https://echo.epa.gov/detailed-facility-report?fid=WY5600011&sys=SDWIS,1
site-21318ea545,site,TX1080006,MCALLEN PUBLIC UTILITY,TX,183534,95475,System Sourced,,https://www3.twdb.texas.gov/apps/WaterServiceBoundaries/Home/Overview,https://echo.epa.gov/detailed-facility-report?fid=TX1080006&sys=SDWIS,1
site-49d0759c5d,site,TX0710002,EL PASO WATER UTILITIES PUBLIC SERVICE B,TX,748393,236502,System Sourced,,https://www3.twdb.texas.gov/apps/WaterServiceBoundaries/Home/Overview,https://echo.epa.gov/detailed-facility-report?fid=TX0710002&sys=SDWIS,1
site-81f08bd79f,site,TX2400001,CITY OF LAREDO,TX,260046,88747,System Sourced,,https://www3.twdb.texas.gov/apps/WaterServiceBoundaries/Home/Overview,https://echo.epa.gov/detailed-facility-report?fid=TX2400001&sys=SDWIS,1
site-9daa7f81b4,site,TX1080006,MCALLEN PUBLIC UTILITY,TX,183534,95475,System Sourced,,https://www3.twdb.texas.gov/apps/WaterServiceBoundaries/Home/Overview,https://echo.epa.gov/detailed-facility-report?fid=TX1080006&sys=SDWIS,1
site-ef13e96a0d,site,AZ0412004,NOGALES CITY OF,AZ,22000,5400,System Sourced,,https://gisdata2016-11-18t150447874z-azwater.opendata.arcgis.com/datasets/cws-service-area-1/about,https://echo.epa.gov/detailed-facility-report?fid=AZ0412004&sys=SDWIS,1
site-895557718c,site,CA3710025,SWEETWATER AUTHORITY,CA,191282,33614,System Sourced,Not Verified,https://gis.data.ca.gov/datasets/fbba842bf134497c9d611ad506ec48cc/explore,https://echo.epa.gov/detailed-facility-report?fid=CA3710025&sys=SDWIS,1
site-82e285b3fc,site,FL4130871,MDWASA - MAIN SYSTEM,FL,2300000,560000,System Sourced,,https://experience.arcgis.com/experience/914132252dbb4639873d02988af59f23/page/english,https://echo.epa.gov/detailed-facility-report?fid=FL4130871&sys=SDWIS,1
site-182fa0970a,site,MI0003230,HOUGHTON,MI,8386,1426,Modeled,,,https://echo.epa.gov/detailed-facility-report?fid=MI0003230&sys=SDWIS,1
site-c46008405f,site,AR0000465,CENTRAL ARKANSAS WATER,AR,368455,167722,System Sourced,,https://gis.arkansas.gov/product/public-water-systems-polygon/,https://echo.epa.gov/detailed-facility-report?fid=AR0000465&sys=SDWIS,1
site-5627589a6e,site,MI0001023,BYRON-GAINES UTILITY AUTHORITY,MI,37464,20736,Modeled,,,https://echo.epa.gov/detailed-facility-report?fid=MI0001023&sys=SDWIS,1
site-457c790e5f,site,MI0006160,SOUTHFIELD,MI,71739,20167,System Sourced,,https://services3.arcgis.com/g3QkxoHFTJZSqad1/arcgis/rest/services/Southfield_Master_CDSMI_Updated_View/FeatureServer,https://echo.epa.gov/detailed-facility-report?fid=MI0006160&sys=SDWIS,1
site-bee3fa17e8,site,MI0006160,SOUTHFIELD,MI,71739,20167,System Sourced,,https://services3.arcgis.com/g3QkxoHFTJZSqad1/arcgis/rest/services/Southfield_Master_CDSMI_Updated_View/FeatureServer,https://echo.epa.gov/detailed-facility-report?fid=MI0006160&sys=SDWIS,1
site-e057adf0ca,site,MI0006690,TROY,MI,85854,24300,Modeled,,,https://echo.epa.gov/detailed-facility-report?fid=MI0006690&sys=SDWIS,1
site-141a9813be,site,MA3160000,LOWELL REGIONAL WATER UTILITY,MA,115000,25956,System Sourced,Not Verified,https://www.mass.gov/info-details/massgis-data-massdep-estimated-public-drinking-water-system-service-area-boundaries,https://echo.epa.gov/detailed-facility-report?fid=MA3160000&sys=SDWIS,1
site-9ed56fe5df,site,MA3035000,BOSTON WATER AND SEWER COMMISSION (MWRA),MA,675647,88360,System Sourced,Verified,https://www.mass.gov/info-details/massgis-data-massdep-estimated-public-drinking-water-system-service-area-boundaries,https://echo.epa.gov/detailed-facility-report?fid=MA3035000&sys=SDWIS,1
site-184c8b4f1a,site,WI7010105,FEDERAL CORRECTIONAL INSTITUTION,WI,1550,1,Modeled,,,https://echo.epa.gov/detailed-facility-report?fid=WI7010105&sys=SDWIS,1
site-ec3229d916,site,NY7003493,NEW YORK CITY SYSTEM,NY,8271000,727058,System Sourced,,https://water.ny.gov/doh2/applinks/waterqual/#/waterMaps,https://echo.epa.gov/detailed-facility-report?fid=NY7003493&sys=SDWIS,1
site-dde681f0c6,site,UTAH25142,EAGLE MOUNTAIN CITY,UT,61266,14917,System Sourced,,https://dwre-utahdnr.opendata.arcgis.com/datasets/culinarywaterserviceareas/explore,https://echo.epa.gov/detailed-facility-report?fid=UTAH25142&sys=SDWIS,1
site-a0c1d8b29f,site,IA7727031,DES MOINES WATER WORKS,IA,246055,94000,System Sourced,,,https://echo.epa.gov/detailed-facility-report?fid=IA7727031&sys=SDWIS,1
site-3fe7b1462d,site,WY5600779,WINCHESTER HILLS,WY,1078,423,System Sourced,,Region 8,https://echo.epa.gov/detailed-facility-report?fid=WY5600779&sys=SDWIS,2
site-269b2fecae,site,MO1010415,KANSAS CITY PWS,MO,513800,178734,System Sourced,,https://services5.arcgis.com/OCY4MgI6bGqUzBPm/arcgis/rest/services/KCWater_Boundary_view/FeatureServer,https://echo.epa.gov/detailed-facility-report?fid=MO1010415&sys=SDWIS,1
site-aac5283810,site,UTAH25142,EAGLE MOUNTAIN CITY,UT,61266,14917,System Sourced,,https://dwre-utahdnr.opendata.arcgis.com/datasets/culinarywaterserviceareas/explore,https://echo.epa.gov/detailed-facility-report?fid=UTAH25142&sys=SDWIS,1
site-e322c461ed,site,TN0000253,GALLATIN WATER DEPARTMENT,TN,59612,21997,System Sourced,,https://tdec-division-of-water-tdec.hub.arcgis.com/datasets/cc62b90b5775475c94f503cf225c5fd7_0,https://echo.epa.gov/detailed-facility-report?fid=TN0000253&sys=SDWIS,1
site-5dcdda0d5d,site,TN0000097,CASTALIAN SPRINGS-BETHPAGE U.D.,TN,14184,5234,System Sourced,,https://tdec-division-of-water-tdec.hub.arcgis.com/datasets/cc62b90b5775475c94f503cf225c5fd7_0,https://echo.epa.gov/detailed-facility-report?fid=TN0000097&sys=SDWIS,1
site-0c0dccbccc,site,VA4087125,HENRICO COUNTY WATER SYSTEM,VA,292000,95816,System Sourced,,https://services.arcgis.com/LxWK4CxNTBBlLshT/arcgis/rest/services/Parcel_Lead_Status_Point/FeatureServer/2,https://echo.epa.gov/detailed-facility-report?fid=VA4087125&sys=SDWIS,1
site-30af2a5d2d,site,AL0000888,MADISON COUNTY WATER DEPARTMENT,AL,97803,32601,Modeled,,,https://echo.epa.gov/detailed-facility-report?fid=AL0000888&sys=SDWIS,1
site-f54144f9e9,site,IN5210005,INDIANA AMERICAN WATER - S. INDIANA,IN,100793,40317,System Sourced,,https://experience.arcgis.com/experience/4997839853a040a8b1f330523b8d929b/,https://echo.epa.gov/detailed-facility-report?fid=IN5210005&sys=SDWIS,1
site-ed125281a3,site,AL0001070,MONTGOMERY WATER WORKS,AL,238536,79512,System Sourced,,,https://echo.epa.gov/detailed-facility-report?fid=AL0001070&sys=SDWIS,1
site-dcc79b6b34,site,OH2504412,COLUMBUS PUBLIC WATER SYSTEM,OH,1305946,284610,System Sourced,,https://service-line-inventory-columbus.hub.arcgis.com/,https://echo.epa.gov/detailed-facility-report?fid=OH2504412&sys=SDWIS,1
site-346a899cb9,site,MN1190019,Rosemount,MN,26500,8743,System Sourced,,https://maps.umn.edu/LSL/,https://echo.epa.gov/detailed-facility-report?fid=MN1190019&sys=SDWIS,1
site-ca31378e47,site,NE3115301,"SPRINGFIELD, CITY OF",NE,1529,795,Modeled,,,https://echo.epa.gov/detailed-facility-report?fid=NE3115301&sys=SDWIS,1
site-a910dbfa02,site,NE3105507,METROPOLITAN UTILITIES DISTRICT,NE,600000,220882,System Sourced,,https://experience.arcgis.com/experience/0b2b8f5ae71b41e2b483db56eb4ad486,https://echo.epa.gov/detailed-facility-report?fid=NE3105507&sys=SDWIS,1
site-7d72682aeb,site,TX0140005,CITY OF TEMPLE,TX,94935,40907,System Sourced,,https://www3.twdb.texas.gov/apps/WaterServiceBoundaries/Home/Overview,https://echo.epa.gov/detailed-facility-report?fid=TX0140005&sys=SDWIS,1
site-0332183b72,site,NY7003493,NEW YORK CITY SYSTEM,NY,8271000,727058,System Sourced,,https://water.ny.gov/doh2/applinks/waterqual/#/waterMaps,https://echo.epa.gov/detailed-facility-report?fid=NY7003493&sys=SDWIS,1
site-2ac0901eb9,site,NY7003493,NEW YORK CITY SYSTEM,NY,8271000,727058,System Sourced,,https://water.ny.gov/doh2/applinks/waterqual/#/waterMaps,https://echo.epa.gov/detailed-facility-report?fid=NY7003493&sys=SDWIS,1
site-438635490d,site,CA4310012,CITY OF SANTA CLARA,CA,130746,24103,System Sourced,Verified,https://gis.data.ca.gov/datasets/fbba842bf134497c9d611ad506ec48cc/explore,https://echo.epa.gov/detailed-facility-report?fid=CA4310012&sys=SDWIS,2
site-115140687d,site,TX0150018,SAN ANTONIO WATER SYSTEM,TX,1999472,725972,System Sourced,,https://www3.twdb.texas.gov/apps/WaterServiceBoundaries/Home/Overview,https://echo.epa.gov/detailed-facility-report?fid=TX0150018&sys=SDWIS,1
site-0d3906d987,site,WA5370450,QUINCY WATER DEPARTMENT CITY OF,WA,8415,2763,System Sourced,,https://geo.wa.gov/datasets/WADOH::drinking-water-service-areas/explore,https://echo.epa.gov/detailed-facility-report?fid=WA5370450&sys=SDWIS,1
site-0e4bfbebe7,site,IA7785007,WEST DES MOINES WATER WORKS,IA,68723,25833,System Sourced,,https://gis.wdmww.com/arcgis/rest/services/Hosted/ServiceLine_viewing/FeatureServer/0/,https://echo.epa.gov/detailed-facility-report?fid=IA7785007&sys=SDWIS,1
site-769365fe5c,site,VA6107300,"LEESBURG, TOWN OF",VA,65028,16511,System Sourced,,https://services1.arcgis.com/7owdfh5mgjEgbCSM/arcgis/rest/services/LCCRSeptGeocoding_Result/FeatureServer,https://echo.epa.gov/detailed-facility-report?fid=VA6107300&sys=SDWIS,1
site-4e393f3ac5,site,TX0150018,SAN ANTONIO WATER SYSTEM,TX,1999472,725972,System Sourced,,https://www3.twdb.texas.gov/apps/WaterServiceBoundaries/Home/Overview,https://echo.epa.gov/detailed-facility-report?fid=TX0150018&sys=SDWIS,1
site-6207b2248f,site,IL0314710,NORTHLAKE,IL,12840,3093,Modeled,,,https://echo.epa.gov/detailed-facility-report?fid=IL0314710&sys=SDWIS,1
site-c4548918cf,site,VA6107350,LOUDOUN WATER - CENTRAL SYSTEM,VA,334808,83426,System Sourced,,https://geodata.dep.state.fl.us/datasets/pws-lead-service-line-inventories-lsli-2/about,https://echo.epa.gov/detailed-facility-report?fid=VA6107350&sys=SDWIS,1
site-57b9cbf66c,site,VA6153251,PWCSA - WEST,VA,136409,42896,System Sourced,,https://services2.arcgis.com/9mMyRMFMS5yNDCCd/arcgis/rest/services/Service_Line_Inventory/FeatureServer/0,https://echo.epa.gov/detailed-facility-report?fid=VA6153251&sys=SDWIS,1
site-91c8fa6567,site,WA5321800,EAST WENATCHEE WATER DISTRICT,WA,26519,11820,System Sourced,,https://geo.wa.gov/datasets/WADOH::drinking-water-service-areas/explore,https://echo.epa.gov/detailed-facility-report?fid=WA5321800&sys=SDWIS,1
site-9364e38e2c,site,GA1130003,FAYETTEVILLE,GA,15281,6661,Modeled,,,https://echo.epa.gov/detailed-facility-report?fid=GA1130003&sys=SDWIS,1
site-24883805b4,site,WI2520062,RACINE WATERWORKS,WI,105100,38925,System Sourced,,https://r-m.maps.arcgis.com/apps/webappviewer/index.html?id=e9fbfa7648fa4fdf8514c3d4100c7ccf,https://echo.epa.gov/detailed-facility-report?fid=WI2520062&sys=SDWIS,1
site-3df2f5dcf5,site,IA7727031,DES MOINES WATER WORKS,IA,246055,94000,System Sourced,,,https://echo.epa.gov/detailed-facility-report?fid=IA7727031&sys=SDWIS,1
site-6f2436fa73,site,TX1630021,YANCEY WSC,TX,12186,4055,System Sourced,,https://www3.twdb.texas.gov/apps/WaterServiceBoundaries/Home/Overview,https://echo.epa.gov/detailed-facility-report?fid=TX1630021&sys=SDWIS,1
site-2b9f2f5717,site,TX0150018,SAN ANTONIO WATER SYSTEM,TX,1999472,725972,System Sourced,,https://www3.twdb.texas.gov/apps/WaterServiceBoundaries/Home/Overview,https://echo.epa.gov/detailed-facility-report?fid=TX0150018&sys=SDWIS,1
site-bffc53aa69,site,TX0150497,SAWS TEXAS RESEARCH PARK,TX,0,12355,System Sourced,,https://www3.twdb.texas.gov/apps/WaterServiceBoundaries/Home/Overview,https://echo.epa.gov/detailed-facility-report?fid=TX0150497&sys=SDWIS,1
site-eaefc40982,site,NJ0614003,VINELAND WATER & SEWER UTILITY,NJ,36250,14688,System Sourced,,https://rutgers.maps.arcgis.com/home/item.html?id=0cb88cd0315e48f491f2122cb824c158,https://echo.epa.gov/detailed-facility-report?fid=NJ0614003&sys=SDWIS,1
site-e167f291b8,site,OH6900812,OTTOVILLE VILLAGE,OH,976,485,Modeled,,,https://echo.epa.gov/detailed-facility-report?fid=OH6900812&sys=SDWIS,1
site-decda667e5,site,ND0900336,FARGO CITY OF,ND,120762,30766,System Sourced,,https://www.arcgis.com/home/item.html?id=220ef3f0704b4fd48f0a818254c4f68f,https://echo.epa.gov/detailed-facility-report?fid=ND0900336&sys=SDWIS,1
site-9585ae5778,site,SD4600294,SIOUX FALLS,SD,198524,59763,System Sourced,,https://www.arcgis.com/home/item.html?id=24d2a31ef4254e4482131e76cf7df113&sublayer=0,https://echo.epa.gov/detailed-facility-report?fid=SD4600294&sys=SDWIS,1
site-eafd67294c,site,SD4600423,YANKTON,SD,15411,5500,System Sourced,,https://www.arcgis.com/home/item.html?id=94f86f066a11490ca8ca4857d9b4d9be,https://echo.epa.gov/detailed-facility-report?fid=SD4600423&sys=SDWIS,2
site-bcdbbceb7c,site,OK1020902,OKLAHOMA CITY,OK,644000,254388,System Sourced,,https://epa.maps.arcgis.com/home/item.html?id=a933ce92b4944c5c8a6b75a162e865c9,https://echo.epa.gov/detailed-facility-report?fid=OK1020902&sys=SDWIS,1
site-8fe608267c,site,VA2069333,"MIDDLETOWN, TOWN OF",VA,1390,726,Modeled,,,https://echo.epa.gov/detailed-facility-report?fid=VA2069333&sys=SDWIS,2
site-305dc7c3ed,site,MN1270024,Minneapolis,MN,425300,98065,System Sourced,,https://www.minneapolismn.gov/resident-services/utility-services/water/water-quality/water-quality-lead/plumbing-faucets/lead-service-line-map/,https://echo.epa.gov/detailed-facility-report?fid=MN1270024&sys=SDWIS,1
site-60f4e7f09e,site,CA5010010,"MODESTO, CITY OF",CA,218771,70793,System Sourced,Not Verified,https://gis.data.ca.gov/datasets/fbba842bf134497c9d611ad506ec48cc/explore,https://echo.epa.gov/detailed-facility-report?fid=CA5010010&sys=SDWIS,2
site-b2a606819d,site,MT0004284,NORTH STAR   ZOOT WATER,MT,4323,2127,Modeled,,,https://echo.epa.gov/detailed-facility-report?fid=MT0004284&sys=SDWIS,1
site-1e99fa5118,site,WV3303301,BERKELEY SPRINGS CITY OF,WV,3526,1744,Modeled,,,https://echo.epa.gov/detailed-facility-report?fid=WV3303301&sys=SDWIS,1
site-b443b8e362,site,WY5601415,"CASPER, CITY OF",WY,59000,22754,System Sourced,,,https://echo.epa.gov/detailed-facility-report?fid=WY5601415&sys=SDWIS,1
site-aef9878273,site,WY5600011,CHEYENNE BOARD OF PUBLIC UTILITIES,WY,64165,25000,System Sourced,,https://experience.arcgis.com/experience/98cc0f0b77f147df89fae212a43c0726,https://echo.epa.gov/detailed-facility-report?fid=WY5600011&sys=SDWIS,1
site-5f0c3b0a4e,site,AZ0407095,MESA CITY OF,AZ,466000,142500,System Sourced,,https://gisdata2016-11-18t150447874z-azwater.opendata.arcgis.com/datasets/cws-service-area-1/about,https://echo.epa.gov/detailed-facility-report?fid=AZ0407095&sys=SDWIS,1
site-607752e1c9,site,OH2504412,COLUMBUS PUBLIC WATER SYSTEM,OH,1305946,284610,System Sourced,,https://service-line-inventory-columbus.hub.arcgis.com/,https://echo.epa.gov/detailed-facility-report?fid=OH2504412&sys=SDWIS,1
site-b5ac693f33,site,OH2504412,COLUMBUS PUBLIC WATER SYSTEM,OH,1305946,284610,System Sourced,,https://service-line-inventory-columbus.hub.arcgis.com/,https://echo.epa.gov/detailed-facility-report?fid=OH2504412&sys=SDWIS,1
site-4eb96b7409,site,FL4130871,MDWASA - MAIN SYSTEM,FL,2300000,560000,System Sourced,,https://experience.arcgis.com/experience/914132252dbb4639873d02988af59f23/page/english,https://echo.epa.gov/detailed-facility-report?fid=FL4130871&sys=SDWIS,1
site-95e13b081e,site,CA4300997,NASA AMES RESEARCH CENTER,CA,15294,288,System Sourced,Not Verified,https://gis.data.ca.gov/datasets/fbba842bf134497c9d611ad506ec48cc/explore,https://echo.epa.gov/detailed-facility-report?fid=CA4300997&sys=SDWIS,2
site-41bea9d81c,site,IL0195500,U OF I-CHAMPAIGN,IL,13000,253,Modeled,,,https://echo.epa.gov/detailed-facility-report?fid=IL0195500&sys=SDWIS,1
site-a18c77a062,site,TX0570047,CITY OF FARMERS BRANCH,TX,35991,21944,System Sourced,,https://www3.twdb.texas.gov/apps/WaterServiceBoundaries/Home/Overview,https://echo.epa.gov/detailed-facility-report?fid=TX0570047&sys=SDWIS,1
site-9697300e93,site,IL0310030,ALSIP,IL,19063,5546,Modeled,,,https://echo.epa.gov/detailed-facility-report?fid=IL0310030&sys=SDWIS,1
site-7530555a48,site,IL0311980,MOUNT PROSPECT,IL,41492,14079,Modeled,,,https://echo.epa.gov/detailed-facility-report?fid=IL0311980&sys=SDWIS,1
site-45c84d15ce,site,NJ1352003,WALL TWP WATER DEPT,NJ,26000,10400,System Sourced,,https://rutgers.maps.arcgis.com/home/item.html?id=0cb88cd0315e48f491f2122cb824c158,https://echo.epa.gov/detailed-facility-report?fid=NJ1352003&sys=SDWIS,1
site-da73481a5f,site,LA1051003,GRETNA WATERWORKS,LA,17026,6935,Modeled,,,https://echo.epa.gov/detailed-facility-report?fid=LA1051003&sys=SDWIS,2
site-c2fb283cc1,site,MN1700001,Belle Plaine,MN,7456,2608,System Sourced,,https://maps.umn.edu/LSL/,https://echo.epa.gov/detailed-facility-report?fid=MN1700001&sys=SDWIS,1
site-04034de612,site,MN1550010,Rochester,MN,121395,41958,System Sourced,,https://maps.umn.edu/LSL/,https://echo.epa.gov/detailed-facility-report?fid=MN1550010&sys=SDWIS,1
site-22dd550629,site,TX0570010,CITY OF GARLAND,TX,248822,95459,System Sourced,,https://www3.twdb.texas.gov/apps/WaterServiceBoundaries/Home/Overview,https://echo.epa.gov/detailed-facility-report?fid=TX0570010&sys=SDWIS,1
site-bed228471a,site,VA6107350,LOUDOUN WATER - CENTRAL SYSTEM,VA,334808,83426,System Sourced,,https://geodata.dep.state.fl.us/datasets/pws-lead-service-line-inventories-lsli-2/about,https://echo.epa.gov/detailed-facility-report?fid=VA6107350&sys=SDWIS,1
site-0f004fb271,site,VA6107350,LOUDOUN WATER - CENTRAL SYSTEM,VA,334808,83426,System Sourced,,https://geodata.dep.state.fl.us/datasets/pws-lead-service-line-inventories-lsli-2/about,https://echo.epa.gov/detailed-facility-report?fid=VA6107350&sys=SDWIS,1
site-5ab2010937,site,IL0430500,ITASCA,IL,9867,2991,Modeled,,,https://echo.epa.gov/detailed-facility-report?fid=IL0430500&sys=SDWIS,1
site-24c34b3d80,site,WA5370450,QUINCY WATER DEPARTMENT CITY OF,WA,8415,2763,System Sourced,,https://geo.wa.gov/datasets/WADOH::drinking-water-service-areas/explore,https://echo.epa.gov/detailed-facility-report?fid=WA5370450&sys=SDWIS,1
site-155adfab97,site,AZ0407095,MESA CITY OF,AZ,466000,142500,System Sourced,,https://gisdata2016-11-18t150447874z-azwater.opendata.arcgis.com/datasets/cws-service-area-1/about,https://echo.epa.gov/detailed-facility-report?fid=AZ0407095&sys=SDWIS,1
site-edef59dffc,site,OR4101513,"HILLSBORO, CITY OF",OR,92632,28385,System Sourced,,https://gis.hillsboro-oregon.gov/waterservicelineinventory/,https://echo.epa.gov/detailed-facility-report?fid=OR4101513&sys=SDWIS,1
site-197486b39f,site,CA4310012,CITY OF SANTA CLARA,CA,130746,24103,System Sourced,Verified,https://gis.data.ca.gov/datasets/fbba842bf134497c9d611ad506ec48cc/explore,https://echo.epa.gov/detailed-facility-report?fid=CA4310012&sys=SDWIS,2
site-78e4d15465,site,FL4130871,MDWASA - MAIN SYSTEM,FL,2300000,560000,System Sourced,,https://experience.arcgis.com/experience/914132252dbb4639873d02988af59f23/page/english,https://echo.epa.gov/detailed-facility-report?fid=FL4130871&sys=SDWIS,1
site-63812478dd,site,NY7003493,NEW YORK CITY SYSTEM,NY,8271000,727058,System Sourced,,https://water.ny.gov/doh2/applinks/waterqual/#/waterMaps,https://echo.epa.gov/detailed-facility-report?fid=NY7003493&sys=SDWIS,1
site-8931bdcffc,site,NY5903482,WESTCHESTER COUNTY WD #3,NY,6000,75,System Sourced,,https://water.ny.gov/doh2/applinks/waterqual/#/waterMaps,https://echo.epa.gov/detailed-facility-report?fid=NY5903482&sys=SDWIS,1
site-314f74ef77,site,NY7003493,NEW YORK CITY SYSTEM,NY,8271000,727058,System Sourced,,https://water.ny.gov/doh2/applinks/waterqual/#/waterMaps,https://echo.epa.gov/detailed-facility-report?fid=NY7003493&sys=SDWIS,1
site-5699635e65,site,NJ0233001,MAHWAH WATER DEPARTMENT,NJ,26777,8775,Modeled,,,https://echo.epa.gov/detailed-facility-report?fid=NJ0233001&sys=SDWIS,1
site-606d9f99fa,site,MA3009000,ANDOVER WATER DEPT,MA,36569,10110,System Sourced,Verified,https://www.mass.gov/info-details/massgis-data-massdep-estimated-public-drinking-water-system-service-area-boundaries,https://echo.epa.gov/detailed-facility-report?fid=MA3009000&sys=SDWIS,1
site-48f3fdc82b,site,FL4130871,MDWASA - MAIN SYSTEM,FL,2300000,560000,System Sourced,,https://experience.arcgis.com/experience/914132252dbb4639873d02988af59f23/page/english,https://echo.epa.gov/detailed-facility-report?fid=FL4130871&sys=SDWIS,1
site-1e27b38418,site,IL0316000,CHICAGO,IL,2746388,484979,System Sourced,,https://sli.chicagowaterquality.org/,https://echo.epa.gov/detailed-facility-report?fid=IL0316000&sys=SDWIS,1
site-c395b98caa,site,IN5249004,CITIZENS WATER - INDIANAPOLIS,IN,866928,346771,System Sourced,,https://experience.arcgis.com/experience/62c6ba97e9374962b57ba4fe26ab7d5a,https://echo.epa.gov/detailed-facility-report?fid=IN5249004&sys=SDWIS,1
site-266e5ff2a6,site,MO1010415,KANSAS CITY PWS,MO,513800,178734,System Sourced,,https://services5.arcgis.com/OCY4MgI6bGqUzBPm/arcgis/rest/services/KCWater_Boundary_view/FeatureServer,https://echo.epa.gov/detailed-facility-report?fid=MO1010415&sys=SDWIS,1
site-595e97dcae,site,MO6010715,ST LOUIS CITY PWS,MO,304709,95667,System Sourced,,https://services6.arcgis.com/HZXbCkpCSqbGd0vK/ArcGIS/rest/services/Utility_Side___Customer_Side_11_13_24_WFL1/FeatureServer/0,https://echo.epa.gov/detailed-facility-report?fid=MO6010715&sys=SDWIS,1
site-764675b17c,site,TX1010013,CITY OF HOUSTON,TX,2202531,954657,System Sourced,,https://www3.twdb.texas.gov/apps/WaterServiceBoundaries/Home/Overview,https://echo.epa.gov/detailed-facility-report?fid=TX1010013&sys=SDWIS,1
site-4260b88107,site,KS2009110,WATER DISTRICT 1 OF JOHNSON CO,KS,482000,157164,System Sourced,,https://hub.kansasgis.org/maps/KSDOT::rural-water-districts/about ,https://echo.epa.gov/detailed-facility-report?fid=KS2009110&sys=SDWIS,1
site-4ac5efdbb1,site,NC0111010,ASHEVILLE CITY OF,NC,156720,61701,System Sourced,Verified ,https://www.nconemap.gov/datasets/nconemap::type-a-current-public-water-systems-2004/about,https://echo.epa.gov/detailed-facility-report?fid=NC0111010&sys=SDWIS,1
site-24e0e5be3b,site,WI1130224,MADISON WATER UTILITY,WI,272000,100740,System Sourced,,https://www.cityofmadison.com/water/water-quality/lead-copper-in-water/lead-service-line-inventory,https://echo.epa.gov/detailed-facility-report?fid=WI1130224&sys=SDWIS,1
site-fbab1ab99b,site,ID1280053,COEUR D ALENE CITY OF,ID,54115,20174,Modeled,,,https://echo.epa.gov/detailed-facility-report?fid=ID1280053&sys=SDWIS,1
site-eea7b81861,site,NJ0906001,JERSEY CITY MUA,NJ,262000,36000,System Sourced,,https://rutgers.maps.arcgis.com/home/item.html?id=0cb88cd0315e48f491f2122cb824c158,https://echo.epa.gov/detailed-facility-report?fid=NJ0906001&sys=SDWIS,1
site-9cadba43c9,site,FL4130871,MDWASA - MAIN SYSTEM,FL,2300000,560000,System Sourced,,https://experience.arcgis.com/experience/914132252dbb4639873d02988af59f23/page/english,https://echo.epa.gov/detailed-facility-report?fid=FL4130871&sys=SDWIS,1
site-bc7fd8f8eb,site,FL4130871,MDWASA - MAIN SYSTEM,FL,2300000,560000,System Sourced,,https://experience.arcgis.com/experience/914132252dbb4639873d02988af59f23/page/english,https://echo.epa.gov/detailed-facility-report?fid=FL4130871&sys=SDWIS,1
site-93313bf3cd,site,WA5301300,ALDERWOOD WATER DISTRICT,WA,200000,81535,System Sourced,,https://geo.wa.gov/datasets/WADOH::drinking-water-service-areas/explore,https://echo.epa.gov/detailed-facility-report?fid=WA5301300&sys=SDWIS,1
site-9b944fc75e,site,NY3304334,SYRACUSE CITY,NY,192000,45503,System Sourced,,https://water.ny.gov/doh2/applinks/waterqual/#/waterMaps,https://echo.epa.gov/detailed-facility-report?fid=NY3304334&sys=SDWIS,1
site-d8cf1df0cb,site,NY3202411,MVWA - MOHAWK VALLEY WATER AUTHORITY,NY,126250,38900,System Sourced,,https://water.ny.gov/doh2/applinks/waterqual/#/waterMaps,https://echo.epa.gov/detailed-facility-report?fid=NY3202411&sys=SDWIS,1
site-04600af73c,site,CA4310013,STANFORD UNIVERSITY,CA,33827,1474,System Sourced,Not Verified,https://gis.data.ca.gov/datasets/fbba842bf134497c9d611ad506ec48cc/explore,https://echo.epa.gov/detailed-facility-report?fid=CA4310013&sys=SDWIS,2
site-e6809ae510,site,IL0316000,CHICAGO,IL,2746388,484979,System Sourced,,https://sli.chicagowaterquality.org/,https://echo.epa.gov/detailed-facility-report?fid=IL0316000&sys=SDWIS,1
site-707ba2c56d,site,TX2200012,CITY OF FORT WORTH,TX,955900,653251,System Sourced,,https://www3.twdb.texas.gov/apps/WaterServiceBoundaries/Home/Overview,https://echo.epa.gov/detailed-facility-report?fid=TX2200012&sys=SDWIS,1
site-df7dbea00c,site,CA3010038,CITY OF SANTA ANA,CA,310539,45743,System Sourced,Not Verified,https://gis.data.ca.gov/datasets/fbba842bf134497c9d611ad506ec48cc/explore,https://echo.epa.gov/detailed-facility-report?fid=CA3010038&sys=SDWIS,1
site-852576041b,site,IN5229015,INDIANA AMERICAN WATER - NOBLESVILLE,IN,44188,17675,System Sourced,,https://utility.arcgis.com/usrsvcs/servers/c17b1b447666404dbc1e686d02b506d9/rest/services/LeadServiceLineReplacement/LeadServiceLineReplacement_ComPub/MapServer,https://echo.epa.gov/detailed-facility-report?fid=IN5229015&sys=SDWIS,1
site-6a506e2af5,site,VA6061595,VINT HILL,VA,2449,366,Modeled,,,https://echo.epa.gov/detailed-facility-report?fid=VA6061595&sys=SDWIS,1
site-2da7c7aac8,site,OR4101513,"HILLSBORO, CITY OF",OR,92632,28385,System Sourced,,https://gis.hillsboro-oregon.gov/waterservicelineinventory/,https://echo.epa.gov/detailed-facility-report?fid=OR4101513&sys=SDWIS,1
site-f42a1372a8,site,NY4404397,POTSDAM VILLAGE,NY,8312,1702,System Sourced,,https://water.ny.gov/doh2/applinks/waterqual/#/waterMaps,https://echo.epa.gov/detailed-facility-report?fid=NY4404397&sys=SDWIS,1
site-34ca3c83ce,site,PA3060069,PAW PENN DISTRICT,PA,28508,12391,System Sourced,,https://newdata-padep-1.opendata.arcgis.com/maps/fdf53cdeb2ec42b8a9422569f2e9531b/about,https://echo.epa.gov/detailed-facility-report?fid=PA3060069&sys=SDWIS,1
site-7de5d78b2c,site,AZ0407100,TEMPE CITY OF,AZ,165000,40000,System Sourced,,https://gisdata2016-11-18t150447874z-azwater.opendata.arcgis.com/datasets/cws-service-area-1/about,https://echo.epa.gov/detailed-facility-report?fid=AZ0407100&sys=SDWIS,1
site-51c734cf20,site,CA1910067,"LOS ANGELES-CITY, DEPT. OF WATER & POWER",CA,3856043,709623,System Sourced,Verified,https://gis.data.ca.gov/datasets/fbba842bf134497c9d611ad506ec48cc/explore,https://echo.epa.gov/detailed-facility-report?fid=CA1910067&sys=SDWIS,1
site-8a008fd590,site,OK1020418,TULSA,OK,413000,162343,System Sourced,,https://experience.arcgis.com/experience/a6030c6575af4caaad5d5534cf6d5d09/page/Service-Line-Inspection,https://echo.epa.gov/detailed-facility-report?fid=OK1020418&sys=SDWIS,1
site-7e01f222a5,site,CA0110005,EAST BAY MUD,CA,1442800,392875,System Sourced,Not Verified,https://gis.data.ca.gov/datasets/fbba842bf134497c9d611ad506ec48cc/explore,https://echo.epa.gov/detailed-facility-report?fid=CA0110005&sys=SDWIS,1
site-16a47b86cd,site,NJ2004002,NJ AMERICAN WATER - RARITAN,NJ,615430,205035,System Sourced,,https://rutgers.maps.arcgis.com/home/item.html?id=0cb88cd0315e48f491f2122cb824c158,https://echo.epa.gov/detailed-facility-report?fid=NJ2004002&sys=SDWIS,1
site-b0ab799581,site,TX1270006,HAWLEY WSC,TX,7830,2610,System Sourced,,https://www3.twdb.texas.gov/apps/WaterServiceBoundaries/Home/Overview,https://echo.epa.gov/detailed-facility-report?fid=TX1270006&sys=SDWIS,1
site-428eb8956f,site,OH7803811,WARREN CITY PWS,OH,49130,22807,System Sourced,Not Verified,https://epa.ohio.gov/divisions-and-offices/drinking-and-ground-waters/reports-and-data/lead-lines-mapping,https://echo.epa.gov/detailed-facility-report?fid=OH7803811&sys=SDWIS,1
site-7acb8758b2,site,CA4310012,CITY OF SANTA CLARA,CA,130746,24103,System Sourced,Verified,https://gis.data.ca.gov/datasets/fbba842bf134497c9d611ad506ec48cc/explore,https://echo.epa.gov/detailed-facility-report?fid=CA4310012&sys=SDWIS,2
site-da89720df0,site,WA5386800,TACOMA WATER DIVISION CITY OF,WA,448771,161793,System Sourced,,https://geo.wa.gov/datasets/WADOH::drinking-water-service-areas/explore,https://echo.epa.gov/detailed-facility-report?fid=WA5386800&sys=SDWIS,1
site-3029b95b01,site,NJ2004002,NJ AMERICAN WATER - RARITAN,NJ,615430,205035,System Sourced,,https://rutgers.maps.arcgis.com/home/item.html?id=0cb88cd0315e48f491f2122cb824c158,https://echo.epa.gov/detailed-facility-report?fid=NJ2004002&sys=SDWIS,1
site-9481e5ac4a,site,AZ0407095,MESA CITY OF,AZ,466000,142500,System Sourced,,https://gisdata2016-11-18t150447874z-azwater.opendata.arcgis.com/datasets/cws-service-area-1/about,https://echo.epa.gov/detailed-facility-report?fid=AZ0407095&sys=SDWIS,1
site-87f79a6a16,site,OR4100731,SALEM PUBLIC WORKS,OR,199820,55970,System Sourced,,Public_Water_Service_Areas (FeatureServer),https://echo.epa.gov/detailed-facility-report?fid=OR4100731&sys=SDWIS,1
site-a6b58d7097,site,NM3510701,ALBUQUERQUE WATER SYSTEM,NM,560326,206795,System Sourced,,https://geospatialdata-ose.opendata.arcgis.com/datasets/OSE::new-mexico-public-water-system-boundaries/about,https://echo.epa.gov/detailed-facility-report?fid=NM3510701&sys=SDWIS,1
site-3550cb0def,site,MI0007040,WESTLAND,MI,84094,28000,System Sourced,,https://www.cityofwestland.com/DocumentCenter/View/6001/CDSMI-Report-PDF,https://echo.epa.gov/detailed-facility-report?fid=MI0007040&sys=SDWIS,1
site-a8e5e357c4,site,ME0090260,BRUNSWICK/TOPSHAM WATER DISTRICT,ME,18250,7300,Modeled,,,https://echo.epa.gov/detailed-facility-report?fid=ME0090260&sys=SDWIS,1
site-be8d0031b5,site,AR0000569,FAYETTEVILLE WATERWORKS,AR,116398,46559,System Sourced,,https://gis.arkansas.gov/product/public-water-systems-polygon/,https://echo.epa.gov/detailed-facility-report?fid=AR0000569&sys=SDWIS,1
site-98cbf5a999,site,PA3480046,CITY OF BETHLEHEM,PA,117259,36709,System Sourced,,https://newdata-padep-1.opendata.arcgis.com/maps/fdf53cdeb2ec42b8a9422569f2e9531b/about,https://echo.epa.gov/detailed-facility-report?fid=PA3480046&sys=SDWIS,1
site-2d8fc6f1b9,site,CA4810003,CITY OF FAIRFIELD,CA,120377,32910,System Sourced,Verified,https://gis.data.ca.gov/datasets/fbba842bf134497c9d611ad506ec48cc/explore,https://echo.epa.gov/detailed-facility-report?fid=CA4810003&sys=SDWIS,1
site-556a57998c,site,AZ0407094,GOODYEAR WATER DEPARTMENT,AZ,50001,18277,System Sourced,,https://gisdata2016-11-18t150447874z-azwater.opendata.arcgis.com/datasets/cws-service-area-1/about,https://echo.epa.gov/detailed-facility-report?fid=AZ0407094&sys=SDWIS,1
site-632d0e0768,site,NJ2004002,NJ AMERICAN WATER - RARITAN,NJ,615430,205035,System Sourced,,https://rutgers.maps.arcgis.com/home/item.html?id=0cb88cd0315e48f491f2122cb824c158,https://echo.epa.gov/detailed-facility-report?fid=NJ2004002&sys=SDWIS,1
site-b05c255236,site,MT0000153,BILLINGS  CITY OF,MT,114000,32872,System Sourced,,,https://echo.epa.gov/detailed-facility-report?fid=MT0000153&sys=SDWIS,1
site-71fa2f139d,site,MO1010415,KANSAS CITY PWS,MO,513800,178734,System Sourced,,https://services5.arcgis.com/OCY4MgI6bGqUzBPm/arcgis/rest/services/KCWater_Boundary_view/FeatureServer,https://echo.epa.gov/detailed-facility-report?fid=MO1010415&sys=SDWIS,1
site-8c3f27086f,site,TN0000107,TENNESSEE AMERICAN WATER,TN,211499,88865,System Sourced,,https://tdec-division-of-water-tdec.hub.arcgis.com/datasets/cc62b90b5775475c94f503cf225c5fd7_0,https://echo.epa.gov/detailed-facility-report?fid=TN0000107&sys=SDWIS,1
site-0078f5c472,site,AL0000882,HUNTSVILLE UTILITIES,AL,262158,87386,System Sourced,,,https://echo.epa.gov/detailed-facility-report?fid=AL0000882&sys=SDWIS,1
site-73f6405ec8,site,TN0000366,KNOXVILLE UTILITIES BOARD-KUB,TN,254671,106113,System Sourced,,https://tdec-division-of-water-tdec.hub.arcgis.com/datasets/cc62b90b5775475c94f503cf225c5fd7_0,https://echo.epa.gov/detailed-facility-report?fid=TN0000366&sys=SDWIS,1
site-52d83d92b7,site,TN0000494,METRO WATER SERVICES,TN,778153,336863,System Sourced,,https://tdec-division-of-water-tdec.hub.arcgis.com/datasets/cc62b90b5775475c94f503cf225c5fd7_0,https://echo.epa.gov/detailed-facility-report?fid=TN0000494&sys=SDWIS,1
site-0384b836dc,site,OR4100225,"CORVALLIS, CITY OF",OR,61468,17489,System Sourced,,https://corvallisoregon.maps.arcgis.com/home/item.html?id=1b21376e6b274513b63edf7e2edcd4cd,https://echo.epa.gov/detailed-facility-report?fid=OR4100225&sys=SDWIS,1
site-e947565a59,site,CO0116001,DENVER WATER BOARD,CO,1287000,311339,System Sourced,,https://www.arcgis.com/home/item.html?id=186d23c71dee48fd84e915924c028b70,https://echo.epa.gov/detailed-facility-report?fid=CO0116001&sys=SDWIS,1
site-facf4591b9,site,FL4130871,MDWASA - MAIN SYSTEM,FL,2300000,560000,System Sourced,,https://experience.arcgis.com/experience/914132252dbb4639873d02988af59f23/page/english,https://echo.epa.gov/detailed-facility-report?fid=FL4130871&sys=SDWIS,1
site-4861621611,site,WI2680214,PEWAUKEE CITY WATER AND SEWER UTILITY,WI,8671,3211,Modeled,,,https://echo.epa.gov/detailed-facility-report?fid=WI2680214&sys=SDWIS,1
site-8ab9dc89a8,site,AZ0407025,PHOENIX CITY OF,AZ,1695000,430118,System Sourced,,https://gisdata2016-11-18t150447874z-azwater.opendata.arcgis.com/datasets/cws-service-area-1/about,https://echo.epa.gov/detailed-facility-report?fid=AZ0407025&sys=SDWIS,1
site-779aa1f284,site,VA4085398,HANOVER SUBURBAN WATER SYSTEM,VA,57931,21697,System Sourced,,https://www.hanovercounty.gov/1394/Lead-Copper-Rule-Revision-Information,https://echo.epa.gov/detailed-facility-report?fid=VA4085398&sys=SDWIS,1
site-051d697284,site,NJ1915001,NEWTON WATER & SEWER UTILITY,NJ,8300,2421,System Sourced,,https://rutgers.maps.arcgis.com/home/item.html?id=0cb88cd0315e48f491f2122cb824c158,https://echo.epa.gov/detailed-facility-report?fid=NJ1915001&sys=SDWIS,1
site-12aee4a64d,site,VA4041845,CHESTERFIELD CO CENTRAL WATER SYSTEM,VA,383115,122825,System Sourced,,https://services3.arcgis.com/TsynfzBSE6sXfoLq/arcgis/rest/services/Water_Service_Line_Material_Shape_File/FeatureServer,https://echo.epa.gov/detailed-facility-report?fid=VA4041845&sys=SDWIS,1
site-975174d47e,site,TX0570004,DALLAS WATER UTILITY,TX,1356479,958265,System Sourced,,https://www3.twdb.texas.gov/apps/WaterServiceBoundaries/Home/Overview,https://echo.epa.gov/detailed-facility-report?fid=TX0570004&sys=SDWIS,1
site-81f633fb72,site,CA4310012,CITY OF SANTA CLARA,CA,130746,24103,System Sourced,Verified,https://gis.data.ca.gov/datasets/fbba842bf134497c9d611ad506ec48cc/explore,https://echo.epa.gov/detailed-facility-report?fid=CA4310012&sys=SDWIS,2
site-849ac3761e,site,MO1010415,KANSAS CITY PWS,MO,513800,178734,System Sourced,,https://services5.arcgis.com/OCY4MgI6bGqUzBPm/arcgis/rest/services/KCWater_Boundary_view/FeatureServer,https://echo.epa.gov/detailed-facility-report?fid=MO1010415&sys=SDWIS,1
site-9b31414ee5,site,MA3056001,EAST CHELMSFORD WATER DISTRICT,MA,2800,685,System Sourced,Verified,https://www.mass.gov/info-details/massgis-data-massdep-estimated-public-drinking-water-system-service-area-boundaries,https://echo.epa.gov/detailed-facility-report?fid=MA3056001&sys=SDWIS,2
site-da6edac3a9,site,RI1592024,PROVIDENCE-CITY OF,RI,333142,80386,System Sourced,,https://www.rigis.org/datasets/edc::water-supply-districts-2022/explore?location=41.731691%2C-71.525611%2C10.71,https://echo.epa.gov/detailed-facility-report?fid=RI1592024&sys=SDWIS,1
site-422438c3fd,site,CA0110008,CITY OF PLEASANTON,CA,76689,22334,System Sourced,Not Verified,https://gis.data.ca.gov/datasets/fbba842bf134497c9d611ad506ec48cc/explore,https://echo.epa.gov/detailed-facility-report?fid=CA0110008&sys=SDWIS,2
site-55b24c837b,site,AZ0407025,PHOENIX CITY OF,AZ,1695000,430118,System Sourced,,https://gisdata2016-11-18t150447874z-azwater.opendata.arcgis.com/datasets/cws-service-area-1/about,https://echo.epa.gov/detailed-facility-report?fid=AZ0407025&sys=SDWIS,1
site-6dc07783c0,site,CO0103005,AURORA CITY OF,CO,487365,91912,System Sourced,,https://lead-service-cityofaurora.hub.arcgis.com/,https://echo.epa.gov/detailed-facility-report?fid=CO0103005&sys=SDWIS,1
site-62eb6d0e9e,site,VA6107350,LOUDOUN WATER - CENTRAL SYSTEM,VA,334808,83426,System Sourced,,https://geodata.dep.state.fl.us/datasets/pws-lead-service-line-inventories-lsli-2/about,https://echo.epa.gov/detailed-facility-report?fid=VA6107350&sys=SDWIS,1
site-46c7971f50,site,VA6107350,LOUDOUN WATER - CENTRAL SYSTEM,VA,334808,83426,System Sourced,,https://geodata.dep.state.fl.us/datasets/pws-lead-service-line-inventories-lsli-2/about,https://echo.epa.gov/detailed-facility-report?fid=VA6107350&sys=SDWIS,1
site-b10fa3b462,site,GA1210001,ATLANTA,GA,1089893,262059,System Sourced,,,https://echo.epa.gov/detailed-facility-report?fid=GA1210001&sys=SDWIS,1
site-500623e783,site,GA1210001,ATLANTA,GA,1089893,262059,System Sourced,,,https://echo.epa.gov/detailed-facility-report?fid=GA1210001&sys=SDWIS,1
site-3912b9caf4,site,SC4620003,YORK COUNTY WEST WD (SC4620003),SC,18273,7532,System Sourced,,https://www.arcgis.com/home/item.html?id=1b8a0fe1fc8a4129986e73549a33e19e,https://echo.epa.gov/detailed-facility-report?fid=SC4620003&sys=SDWIS,1
site-6d227d3208,site,IL0316000,CHICAGO,IL,2746388,484979,System Sourced,,https://sli.chicagowaterquality.org/,https://echo.epa.gov/detailed-facility-report?fid=IL0316000&sys=SDWIS,1
site-df5dff6531,site,TX2200012,CITY OF FORT WORTH,TX,955900,653251,System Sourced,,https://www3.twdb.texas.gov/apps/WaterServiceBoundaries/Home/Overview,https://echo.epa.gov/detailed-facility-report?fid=TX2200012&sys=SDWIS,1
site-271c0a5d3e,site,UTAH25142,EAGLE MOUNTAIN CITY,UT,61266,14917,System Sourced,,https://dwre-utahdnr.opendata.arcgis.com/datasets/culinarywaterserviceareas/explore,https://echo.epa.gov/detailed-facility-report?fid=UTAH25142&sys=SDWIS,1
site-852dc23e83,site,TX0570050,CITY OF IRVING,TX,264546,110942,System Sourced,,https://www3.twdb.texas.gov/apps/WaterServiceBoundaries/Home/Overview,https://echo.epa.gov/detailed-facility-report?fid=TX0570050&sys=SDWIS,1
site-554e4c6fe5,site,NJ0906001,JERSEY CITY MUA,NJ,262000,36000,System Sourced,,https://rutgers.maps.arcgis.com/home/item.html?id=0cb88cd0315e48f491f2122cb824c158,https://echo.epa.gov/detailed-facility-report?fid=NJ0906001&sys=SDWIS,1
site-ac5e73b2c3,site,VA6153251,PWCSA - WEST,VA,136409,42896,System Sourced,,https://services2.arcgis.com/9mMyRMFMS5yNDCCd/arcgis/rest/services/Service_Line_Inventory/FeatureServer/0,https://echo.epa.gov/detailed-facility-report?fid=VA6153251&sys=SDWIS,1
site-4f23e9f978,site,FL4130871,MDWASA - MAIN SYSTEM,FL,2300000,560000,System Sourced,,https://experience.arcgis.com/experience/914132252dbb4639873d02988af59f23/page/english,https://echo.epa.gov/detailed-facility-report?fid=FL4130871&sys=SDWIS,1
site-85b70d9c6d,site,OH2504412,COLUMBUS PUBLIC WATER SYSTEM,OH,1305946,284610,System Sourced,,https://service-line-inventory-columbus.hub.arcgis.com/,https://echo.epa.gov/detailed-facility-report?fid=OH2504412&sys=SDWIS,1
site-f4526d208a,site,OH2504412,COLUMBUS PUBLIC WATER SYSTEM,OH,1305946,284610,System Sourced,,https://service-line-inventory-columbus.hub.arcgis.com/,https://echo.epa.gov/detailed-facility-report?fid=OH2504412&sys=SDWIS,1
site-81c8f62609,site,KS2009110,WATER DISTRICT 1 OF JOHNSON CO,KS,482000,157164,System Sourced,,https://hub.kansasgis.org/maps/KSDOT::rural-water-districts/about ,https://echo.epa.gov/detailed-facility-report?fid=KS2009110&sys=SDWIS,1
site-d9cd6d27ea,site,AZ0407025,PHOENIX CITY OF,AZ,1695000,430118,System Sourced,,https://gisdata2016-11-18t150447874z-azwater.opendata.arcgis.com/datasets/cws-service-area-1/about,https://echo.epa.gov/detailed-facility-report?fid=AZ0407025&sys=SDWIS,1
site-953d13c9a2,site,NJ2004002,NJ AMERICAN WATER - RARITAN,NJ,615430,205035,System Sourced,,https://rutgers.maps.arcgis.com/home/item.html?id=0cb88cd0315e48f491f2122cb824c158,https://echo.epa.gov/detailed-facility-report?fid=NJ2004002&sys=SDWIS,1
site-6bedd3eb10,site,NJ1101002,EAST WINDSOR MUA,NJ,25000,6996,System Sourced,,https://rutgers.maps.arcgis.com/home/item.html?id=0cb88cd0315e48f491f2122cb824c158,https://echo.epa.gov/detailed-facility-report?fid=NJ1101002&sys=SDWIS,1
site-b808155308,site,VA4087125,HENRICO COUNTY WATER SYSTEM,VA,292000,95816,System Sourced,,https://services.arcgis.com/LxWK4CxNTBBlLshT/arcgis/rest/services/Parcel_Lead_Status_Point/FeatureServer/2,https://echo.epa.gov/detailed-facility-report?fid=VA4087125&sys=SDWIS,1
site-90a29a12e9,site,VA4087125,HENRICO COUNTY WATER SYSTEM,VA,292000,95816,System Sourced,,https://services.arcgis.com/LxWK4CxNTBBlLshT/arcgis/rest/services/Parcel_Lead_Status_Point/FeatureServer/2,https://echo.epa.gov/detailed-facility-report?fid=VA4087125&sys=SDWIS,1
site-963f1f88ba,site,CA3410029,SCWA - LAGUNA/VINEYARD,CA,184896,50936,System Sourced,Verified,https://gis.data.ca.gov/datasets/fbba842bf134497c9d611ad506ec48cc/explore,https://echo.epa.gov/detailed-facility-report?fid=CA3410029&sys=SDWIS,1
site-ffc4d817c9,site,TX0150018,SAN ANTONIO WATER SYSTEM,TX,1999472,725972,System Sourced,,https://www3.twdb.texas.gov/apps/WaterServiceBoundaries/Home/Overview,https://echo.epa.gov/detailed-facility-report?fid=TX0150018&sys=SDWIS,1
site-8109dd6bbd,site,CA4310012,CITY OF SANTA CLARA,CA,130746,24103,System Sourced,Verified,https://gis.data.ca.gov/datasets/fbba842bf134497c9d611ad506ec48cc/explore,https://echo.epa.gov/detailed-facility-report?fid=CA4310012&sys=SDWIS,2
site-d0c8aff65b,site,GA1350004,GWINNETT CO. DEPT. OF WATER RESOURCES,GA,975000,260400,System Sourced,,https://services3.arcgis.com/RfpmnkSAQleRbndX/arcgis/rest/services/Water_Meters_LCCR_Hosted_Feature_Layer_for_Updates/FeatureServer/0,https://echo.epa.gov/detailed-facility-report?fid=GA1350004&sys=SDWIS,1
site-be7e007bd6,site,KY0340250,KENTUCKY-AMERICAN WATER CO,KY,299501,134973,System Sourced,,https://kygisserver.ky.gov/arcgis/rest/services/WGS84WM_Services/Ky_Water_WGS84WM/MapServer/11,https://echo.epa.gov/detailed-facility-report?fid=KY0340250&sys=SDWIS,1
site-5c2e6e06b0,site,IL1270150,METROPOLIS,IL,6309,2432,Modeled,,,https://echo.epa.gov/detailed-facility-report?fid=IL1270150&sys=SDWIS,1
site-e4ffdaae0c,site,KY0730533,PADUCAH WATER WORKS,KY,65004,31473,System Sourced,,https://kygisserver.ky.gov/arcgis/rest/services/WGS84WM_Services/Ky_Water_WGS84WM/MapServer/11,https://echo.epa.gov/detailed-facility-report?fid=KY0730533&sys=SDWIS,1
site-2fc67e11c5,site,CA1910067,"LOS ANGELES-CITY, DEPT. OF WATER & POWER",CA,3856043,709623,System Sourced,Verified,https://gis.data.ca.gov/datasets/fbba842bf134497c9d611ad506ec48cc/explore,https://echo.epa.gov/detailed-facility-report?fid=CA1910067&sys=SDWIS,1
site-b9cdb1dc09,site,TX1010013,CITY OF HOUSTON,TX,2202531,954657,System Sourced,,https://www3.twdb.texas.gov/apps/WaterServiceBoundaries/Home/Overview,https://echo.epa.gov/detailed-facility-report?fid=TX1010013&sys=SDWIS,1
site-d790fb4a36,site,CA3110008,CITY OF ROSEVILLE,CA,155612,52040,System Sourced,Verified,https://gis.data.ca.gov/datasets/fbba842bf134497c9d611ad506ec48cc/explore,https://echo.epa.gov/detailed-facility-report?fid=CA3110008&sys=SDWIS,1
site-cdd1387cbd,site,PA1510001,PHILADELPHIA WATER DEPARTMENT,PA,1600000,524021,System Sourced,,https://newdata-padep-1.opendata.arcgis.com/maps/fdf53cdeb2ec42b8a9422569f2e9531b/about,https://echo.epa.gov/detailed-facility-report?fid=PA1510001&sys=SDWIS,1
site-413a954e3c,site,VA4087125,HENRICO COUNTY WATER SYSTEM,VA,292000,95816,System Sourced,,https://services.arcgis.com/LxWK4CxNTBBlLshT/arcgis/rest/services/Parcel_Lead_Status_Point/FeatureServer/2,https://echo.epa.gov/detailed-facility-report?fid=VA4087125&sys=SDWIS,1
site-54a2334132,site,VA4087125,HENRICO COUNTY WATER SYSTEM,VA,292000,95816,System Sourced,,https://services.arcgis.com/LxWK4CxNTBBlLshT/arcgis/rest/services/Parcel_Lead_Status_Point/FeatureServer/2,https://echo.epa.gov/detailed-facility-report?fid=VA4087125&sys=SDWIS,1
site-43b250cd5f,site,AL0001070,MONTGOMERY WATER WORKS,AL,238536,79512,System Sourced,,,https://echo.epa.gov/detailed-facility-report?fid=AL0001070&sys=SDWIS,1
site-d635a6e409,site,OK1020902,OKLAHOMA CITY,OK,644000,254388,System Sourced,,https://epa.maps.arcgis.com/home/item.html?id=a933ce92b4944c5c8a6b75a162e865c9,https://echo.epa.gov/detailed-facility-report?fid=OK1020902&sys=SDWIS,1
site-53bb161f07,site,TX2200013,CITY OF GRAPEVINE,TX,50631,25478,System Sourced,,https://www3.twdb.texas.gov/apps/WaterServiceBoundaries/Home/Overview,https://echo.epa.gov/detailed-facility-report?fid=TX2200013&sys=SDWIS,1
site-0a5a5d5d66,site,TX0570015,CITY OF RICHARDSON,TX,122615,58307,System Sourced,,https://www3.twdb.texas.gov/apps/WaterServiceBoundaries/Home/Overview,https://echo.epa.gov/detailed-facility-report?fid=TX0570015&sys=SDWIS,1
site-ecad3905a2,site,NJ2004002,NJ AMERICAN WATER - RARITAN,NJ,615430,205035,System Sourced,,https://rutgers.maps.arcgis.com/home/item.html?id=0cb88cd0315e48f491f2122cb824c158,https://echo.epa.gov/detailed-facility-report?fid=NJ2004002&sys=SDWIS,1
site-da9cdd3633,site,OH2504412,COLUMBUS PUBLIC WATER SYSTEM,OH,1305946,284610,System Sourced,,https://service-line-inventory-columbus.hub.arcgis.com/,https://echo.epa.gov/detailed-facility-report?fid=OH2504412&sys=SDWIS,1
site-f54e4eb143,site,TX0570004,DALLAS WATER UTILITY,TX,1356479,958265,System Sourced,,https://www3.twdb.texas.gov/apps/WaterServiceBoundaries/Home/Overview,https://echo.epa.gov/detailed-facility-report?fid=TX0570004&sys=SDWIS,1
site-a7a3e52738,site,CA3410029,SCWA - LAGUNA/VINEYARD,CA,184896,50936,System Sourced,Verified,https://gis.data.ca.gov/datasets/fbba842bf134497c9d611ad506ec48cc/explore,https://echo.epa.gov/detailed-facility-report?fid=CA3410029&sys=SDWIS,1
site-2b8f91bac0,site,CA3410029,SCWA - LAGUNA/VINEYARD,CA,184896,50936,System Sourced,Verified,https://gis.data.ca.gov/datasets/fbba842bf134497c9d611ad506ec48cc/explore,https://echo.epa.gov/detailed-facility-report?fid=CA3410029&sys=SDWIS,1
site-d7141c6cb3,site,IL0430500,ITASCA,IL,9867,2991,Modeled,,,https://echo.epa.gov/detailed-facility-report?fid=IL0430500&sys=SDWIS,1
site-dfc74ea9b2,site,NY3304336,OCWA,NY,350000,100948,System Sourced,,https://water.ny.gov/doh2/applinks/waterqual/#/waterMaps,https://echo.epa.gov/detailed-facility-report?fid=NY3304336&sys=SDWIS,1
site-a1019aae7d,site,TX1010013,CITY OF HOUSTON,TX,2202531,954657,System Sourced,,https://www3.twdb.texas.gov/apps/WaterServiceBoundaries/Home/Overview,https://echo.epa.gov/detailed-facility-report?fid=TX1010013&sys=SDWIS,1
site-7bf12e812e,site,MN1270031,Minnetonka,MN,54474,17140,System Sourced,,https://maps.umn.edu/LSL/,https://echo.epa.gov/detailed-facility-report?fid=MN1270031&sys=SDWIS,1
site-d5381827c7,site,NY1404556,"TONAWANDA, TOWN WATER DEPT.",NY,72571,23688,System Sourced,,https://water.ny.gov/doh2/applinks/waterqual/#/waterMaps,https://echo.epa.gov/detailed-facility-report?fid=NY1404556&sys=SDWIS,1
site-ed53ca5473,site,NY2701047,MCWA,NY,496753,83015,System Sourced,,https://water.ny.gov/doh2/applinks/waterqual/#/waterMaps,https://echo.epa.gov/detailed-facility-report?fid=NY2701047&sys=SDWIS,1
site-6b7e9e2f14,site,NV0000190,TRUCKEE MEADOWS WATER AUTHORITY,NV,442000,120047,System Sourced,,Lead and Copper: What TMWA Customers Need to Know - Truckee Meadows Water Authority,https://echo.epa.gov/detailed-facility-report?fid=NV0000190&sys=SDWIS,1
site-e770339dde,site,IA1750048,MASON CITY WATER DEPARTMENT,IA,27338,19000,Modeled,,,https://echo.epa.gov/detailed-facility-report?fid=IA1750048&sys=SDWIS,1
site-4726024a3b,site,KY0710378,RUSSELLVILLE MUN WATER WORKS,KY,8613,3530,System Sourced,,https://kygisserver.ky.gov/arcgis/rest/services/WGS84WM_Services/Ky_Water_WGS84WM/MapServer/11,https://echo.epa.gov/detailed-facility-report?fid=KY0710378&sys=SDWIS,1
site-d01581afa4,site,CO0121150,COLORADO SPRINGS UTILITIES,CO,464111,151608,System Sourced,,https://39606065.fs1.hubspotusercontent-na1.net/hubfs/39606065/Document%20Library/WaterServiceBoundaryMap.pdf,https://echo.epa.gov/detailed-facility-report?fid=CO0121150&sys=SDWIS,1
site-b2cc83a9d8,site,CA5610011,CITY OF SANTA PAULA,CA,31018,8404,System Sourced,Not Verified,https://gis.data.ca.gov/datasets/fbba842bf134497c9d611ad506ec48cc/explore,https://echo.epa.gov/detailed-facility-report?fid=CA5610011&sys=SDWIS,2
site-6e2ec21319,site,FL3050223,"COCOA, CITY OF",FL,294039,84011,System Sourced,,https://data-floridaswater.opendata.arcgis.com/datasets/f2f54ba2896e464a890ce827644f250d_0/explore,https://echo.epa.gov/detailed-facility-report?fid=FL3050223&sys=SDWIS,1
site-b01b925661,site,SD4600294,SIOUX FALLS,SD,198524,59763,System Sourced,,https://www.arcgis.com/home/item.html?id=24d2a31ef4254e4482131e76cf7df113&sublayer=0,https://echo.epa.gov/detailed-facility-report?fid=SD4600294&sys=SDWIS,1
site-5eff9e7aef,site,CA3710020,"SAN DIEGO, CITY OF",CA,1385379,282783,System Sourced,Verified,https://gis.data.ca.gov/datasets/fbba842bf134497c9d611ad506ec48cc/explore,https://echo.epa.gov/detailed-facility-report?fid=CA3710020&sys=SDWIS,1
site-9f796b9112,site,NC0160010,CHARLOTTE WATER,NC,1163701,323527,System Sourced,Verified ,https://www.nconemap.gov/datasets/nconemap::type-a-current-public-water-systems-2004/about,https://echo.epa.gov/detailed-facility-report?fid=NC0160010&sys=SDWIS,1
site-fa811f741a,site,IA8222001,IOWA-AMERICAN WTR CO-DAVENPORT,IA,147720,55352,System Sourced,,https://experience.arcgis.com/experience/4997839853a040a8b1f330523b8d929b/,https://echo.epa.gov/detailed-facility-report?fid=IA8222001&sys=SDWIS,1
site-7debbb7de9,site,IA0790074,WATERLOO WATER WORKS,IA,69504,27430,Modeled,,,https://echo.epa.gov/detailed-facility-report?fid=IA0790074&sys=SDWIS,1
site-46e1cf4e1b,site,IL1434750,PEORIA HEIGHTS,IL,5908,3000,System Sourced,,https://www.arcgis.com/home/item.html?id=a39a03fb369a4bd798e55d8f491596cf,https://echo.epa.gov/detailed-facility-report?fid=IL1434750&sys=SDWIS,1
site-3a3da5b467,site,MN1240001,Albert Lea,MN,18492,7109,System Sourced,,https://maps.umn.edu/LSL/,https://echo.epa.gov/detailed-facility-report?fid=MN1240001&sys=SDWIS,1
site-1b008b2135,site,MN1550010,Rochester,MN,121395,41958,System Sourced,,https://maps.umn.edu/LSL/,https://echo.epa.gov/detailed-facility-report?fid=MN1550010&sys=SDWIS,1
site-9a215eda96,site,IN5282002,EVANSVILLE WATER UTILITY,IN,182444,63945,System Sourced,,https://pws-ptd.120wateraudit.com/Evansville_Water_Utility_IN,https://echo.epa.gov/detailed-facility-report?fid=IN5282002&sys=SDWIS,1
site-62c96d31bb,site,FL5110198,NAPLES WATER DEPT,FL,82000,16400,System Sourced,,https://www.arcgis.com/home/item.html?id=b385bbade3224a0a987348d3ecc71ff6,https://echo.epa.gov/detailed-facility-report?fid=FL5110198&sys=SDWIS,1
site-62472bc7a8,site,OR4100665,TUALATIN VALLEY WATER DISTRICT,OR,224600,62160,System Sourced,,Shared by Willamette Water Supply Program,https://echo.epa.gov/detailed-facility-report?fid=OR4100665&sys=SDWIS,1
site-f46241fc3c,site,IL0314400,ELK GROVE VILLAGE,IL,34700,12535,Modeled,,,https://echo.epa.gov/detailed-facility-report?fid=IL0314400&sys=SDWIS,1
site-d2216dcee0,site,CA4310011,SAN JOSE WATER,CA,1039920,237130,System Sourced,Not Verified,https://gis.data.ca.gov/datasets/fbba842bf134497c9d611ad506ec48cc/explore,https://echo.epa.gov/detailed-facility-report?fid=CA4310011&sys=SDWIS,2
site-b3bf2b9a40,site,VA6107350,LOUDOUN WATER - CENTRAL SYSTEM,VA,334808,83426,System Sourced,,https://geodata.dep.state.fl.us/datasets/pws-lead-service-line-inventories-lsli-2/about,https://echo.epa.gov/detailed-facility-report?fid=VA6107350&sys=SDWIS,1
site-6d6da2f068,site,CA4310012,CITY OF SANTA CLARA,CA,130746,24103,System Sourced,Verified,https://gis.data.ca.gov/datasets/fbba842bf134497c9d611ad506ec48cc/explore,https://echo.epa.gov/detailed-facility-report?fid=CA4310012&sys=SDWIS,2
site-b0d2f1b67f,site,CA4310012,CITY OF SANTA CLARA,CA,130746,24103,System Sourced,Verified,https://gis.data.ca.gov/datasets/fbba842bf134497c9d611ad506ec48cc/explore,https://echo.epa.gov/detailed-facility-report?fid=CA4310012&sys=SDWIS,2
site-34004a3784,site,CA4310011,SAN JOSE WATER,CA,1039920,237130,System Sourced,Not Verified,https://gis.data.ca.gov/datasets/fbba842bf134497c9d611ad506ec48cc/explore,https://echo.epa.gov/detailed-facility-report?fid=CA4310011&sys=SDWIS,2
site-af08e21347,site,CA4310011,SAN JOSE WATER,CA,1039920,237130,System Sourced,Not Verified,https://gis.data.ca.gov/datasets/fbba842bf134497c9d611ad506ec48cc/explore,https://echo.epa.gov/detailed-facility-report?fid=CA4310011&sys=SDWIS,2
site-b055650b12,site,FL2161328,JEA MAJOR GRID,FL,826664,428439,System Sourced,,https://trinnex.cloud/leadcast/publicMap?tenantName=JEA,https://echo.epa.gov/detailed-facility-report?fid=FL2161328&sys=SDWIS,1
site-974a76c01b,site,CA3710020,"SAN DIEGO, CITY OF",CA,1385379,282783,System Sourced,Verified,https://gis.data.ca.gov/datasets/fbba842bf134497c9d611ad506ec48cc/explore,https://echo.epa.gov/detailed-facility-report?fid=CA3710020&sys=SDWIS,1
site-8d11acb770,site,NE3105507,METROPOLITAN UTILITIES DISTRICT,NE,600000,220882,System Sourced,,https://experience.arcgis.com/experience/0b2b8f5ae71b41e2b483db56eb4ad486,https://echo.epa.gov/detailed-facility-report?fid=NE3105507&sys=SDWIS,1
site-d0c2a9b2bb,site,AR0000590,SEARCY WATERWORKS,AR,28196,11014,System Sourced,,https://gis.arkansas.gov/product/public-water-systems-polygon/,https://echo.epa.gov/detailed-facility-report?fid=AR0000590&sys=SDWIS,1
site-381b953957,site,GA1210005,NORTH FULTON COUNTY,GA,434517,149451,System Sourced,,Fulton County Water Service Lookuphttps://fulcogis.maps.arcgis.com/apps/webappviewer/index.html?id=308db7d1802b4158b97f57fa9cb86a7b,https://echo.epa.gov/detailed-facility-report?fid=GA1210005&sys=SDWIS,1
site-083a2773f1,site,OH7604512,AQUA OHIO - MASSILLON PWS,OH,95636,38527,System Sourced,,https://experience.arcgis.com/experience/1f2c343a24a84c88837ac849fad29e24/page/Page/,https://echo.epa.gov/detailed-facility-report?fid=OH7604512&sys=SDWIS,1
site-64bc5621cf,site,WV3302016,WVAWC-KANAWHA VALLEY DIST,WV,207319,90250,System Sourced,,https://experience.arcgis.com/experience/4997839853a040a8b1f330523b8d929b/,https://echo.epa.gov/detailed-facility-report?fid=WV3302016&sys=SDWIS,1
site-dc0911712a,site,NC0392010,"RALEIGH, CITY OF",NC,640000,200114,System Sourced,Verified ,https://www.nconemap.gov/datasets/nconemap::type-a-current-public-water-systems-2004/about,https://echo.epa.gov/detailed-facility-report?fid=NC0392010&sys=SDWIS,1
site-5846329f2c,site,NC0180065,"KANNAPOLIS, CITY OF",NC,49921,49919,System Sourced,Verified ,https://www.nconemap.gov/datasets/nconemap::type-a-current-public-water-systems-2004/about,https://echo.epa.gov/detailed-facility-report?fid=NC0180065&sys=SDWIS,1
site-8699e2617f,site,UTAH18007,GRANGER-HUNTER IMPROVEMENT DISTRICT,UT,121083,27680,System Sourced,,https://dwre-utahdnr.opendata.arcgis.com/datasets/culinarywaterserviceareas/explore,https://echo.epa.gov/detailed-facility-report?fid=UTAH18007&sys=SDWIS,1
site-23cb88cec7,site,CA1910040,"EL SEGUNDO-CITY, WATER DEPT.",CA,16445,6364,System Sourced,Verified,https://gis.data.ca.gov/datasets/fbba842bf134497c9d611ad506ec48cc/explore,https://echo.epa.gov/detailed-facility-report?fid=CA1910040&sys=SDWIS,1
site-feb9494f70,site,IL0316000,CHICAGO,IL,2746388,484979,System Sourced,,https://sli.chicagowaterquality.org/,https://echo.epa.gov/detailed-facility-report?fid=IL0316000&sys=SDWIS,1
site-e1f0104d98,site,WA5356300,MOSES LAKE CITY OF,WA,32428,13487,System Sourced,,https://geo.wa.gov/datasets/WADOH::drinking-water-service-areas/explore,https://echo.epa.gov/detailed-facility-report?fid=WA5356300&sys=SDWIS,1
site-a16552457c,site,HI0000367,MILILANI,HI,50573,11915,Modeled,,,https://echo.epa.gov/detailed-facility-report?fid=HI0000367&sys=SDWIS,1
site-db7b14cb4c,site,HI0000331,HNL-WINDWARD-PEARL HARBOR,HI,631389,106491,Modeled,,,https://echo.epa.gov/detailed-facility-report?fid=HI0000331&sys=SDWIS,1
site-bd1a60e050,site,OR4100954,"WILSONVILLE, CITY OF",OR,25915,7187,System Sourced,,https://public.tableau.com/app/profile/regionalh2o/viz/Portlandmetroareawaterproviders_16436540090100/WaterProviders,https://echo.epa.gov/detailed-facility-report?fid=OR4100954&sys=SDWIS,1
site-331de84ccc,site,AL0000882,HUNTSVILLE UTILITIES,AL,262158,87386,System Sourced,,,https://echo.epa.gov/detailed-facility-report?fid=AL0000882&sys=SDWIS,1
site-8772ec7862,site,AZ0410112,TUCSON CITY OF,AZ,732906,191264,System Sourced,,https://gisdata2016-11-18t150447874z-azwater.opendata.arcgis.com/datasets/cws-service-area-1/about,https://echo.epa.gov/detailed-facility-report?fid=AZ0410112&sys=SDWIS,1
site-fa6af538cd,site,IL0314400,ELK GROVE VILLAGE,IL,34700,12535,Modeled,,,https://echo.epa.gov/detailed-facility-report?fid=IL0314400&sys=SDWIS,1
site-08f8b795cf,site,FL3484119,OCUD/SOUTHERN WATER SYS (5 WPS),FL,80738,23068,System Sourced,,https://geo-sfwmd.hub.arcgis.com/datasets/sfwmd::current-public-supply-utility-service-areas/about,https://echo.epa.gov/detailed-facility-report?fid=FL3484119&sys=SDWIS,2
site-976b040063,site,TX1080006,MCALLEN PUBLIC UTILITY,TX,183534,95475,System Sourced,,https://www3.twdb.texas.gov/apps/WaterServiceBoundaries/Home/Overview,https://echo.epa.gov/detailed-facility-report?fid=TX1080006&sys=SDWIS,1
site-828735b201,site,VT0005053,BURLINGTON DEPT PUBLIC WORKS WATER DIV,VT,42000,9900,System Sourced,,https://experience.arcgis.com/experience/bb84323846bd4102b84d58be3562784f/,https://echo.epa.gov/detailed-facility-report?fid=VT0005053&sys=SDWIS,1
site-94e724b18e,site,FL4130871,MDWASA - MAIN SYSTEM,FL,2300000,560000,System Sourced,,https://experience.arcgis.com/experience/914132252dbb4639873d02988af59f23/page/english,https://echo.epa.gov/detailed-facility-report?fid=FL4130871&sys=SDWIS,1
site-3d54c9ea07,site,GA1210001,ATLANTA,GA,1089893,262059,System Sourced,,,https://echo.epa.gov/detailed-facility-report?fid=GA1210001&sys=SDWIS,1
site-564dfb6160,site,NM3510701,ALBUQUERQUE WATER SYSTEM,NM,560326,206795,System Sourced,,https://geospatialdata-ose.opendata.arcgis.com/datasets/OSE::new-mexico-public-water-system-boundaries/about,https://echo.epa.gov/detailed-facility-report?fid=NM3510701&sys=SDWIS,1
site-3df167ba0c,site,NC0160010,CHARLOTTE WATER,NC,1163701,323527,System Sourced,Verified ,https://www.nconemap.gov/datasets/nconemap::type-a-current-public-water-systems-2004/about,https://echo.epa.gov/detailed-facility-report?fid=NC0160010&sys=SDWIS,1
site-ca0de6016a,site,OR4101513,"HILLSBORO, CITY OF",OR,92632,28385,System Sourced,,https://gis.hillsboro-oregon.gov/waterservicelineinventory/,https://echo.epa.gov/detailed-facility-report?fid=OR4101513&sys=SDWIS,1
site-570ca7a229,site,VA6107350,LOUDOUN WATER - CENTRAL SYSTEM,VA,334808,83426,System Sourced,,https://geodata.dep.state.fl.us/datasets/pws-lead-service-line-inventories-lsli-2/about,https://echo.epa.gov/detailed-facility-report?fid=VA6107350&sys=SDWIS,1
site-5e68b92aa0,site,UTAH24012,VERNAL CITY WATER SYSTEM,UT,10000,3229,System Sourced,,https://dwre-utahdnr.opendata.arcgis.com/datasets/culinarywaterserviceareas/explore,https://echo.epa.gov/detailed-facility-report?fid=UTAH24012&sys=SDWIS,1
site-cc82a5a948,site,IL0314400,ELK GROVE VILLAGE,IL,34700,12535,Modeled,,,https://echo.epa.gov/detailed-facility-report?fid=IL0314400&sys=SDWIS,1
site-3d216a85fd,site,IL0314400,ELK GROVE VILLAGE,IL,34700,12535,Modeled,,,https://echo.epa.gov/detailed-facility-report?fid=IL0314400&sys=SDWIS,1
site-68fe0a4776,site,TX0570015,CITY OF RICHARDSON,TX,122615,58307,System Sourced,,https://www3.twdb.texas.gov/apps/WaterServiceBoundaries/Home/Overview,https://echo.epa.gov/detailed-facility-report?fid=TX0570015&sys=SDWIS,1
site-856bdd0d7c,site,TX0570010,CITY OF GARLAND,TX,248822,95459,System Sourced,,https://www3.twdb.texas.gov/apps/WaterServiceBoundaries/Home/Overview,https://echo.epa.gov/detailed-facility-report?fid=TX0570010&sys=SDWIS,1
site-7f8f584881,site,TX1700309,THE WOODLANDS METRO CENTER MUD,TX,1725,575,System Sourced,,https://www3.twdb.texas.gov/apps/WaterServiceBoundaries/Home/Overview,https://echo.epa.gov/detailed-facility-report?fid=TX1700309&sys=SDWIS,1
site-4d4c9918d7,site,AZ0407094,GOODYEAR WATER DEPARTMENT,AZ,50001,18277,System Sourced,,https://gisdata2016-11-18t150447874z-azwater.opendata.arcgis.com/datasets/cws-service-area-1/about,https://echo.epa.gov/detailed-facility-report?fid=AZ0407094&sys=SDWIS,1
site-5a31e4d083,site,TX0150018,SAN ANTONIO WATER SYSTEM,TX,1999472,725972,System Sourced,,https://www3.twdb.texas.gov/apps/WaterServiceBoundaries/Home/Overview,https://echo.epa.gov/detailed-facility-report?fid=TX0150018&sys=SDWIS,1
site-358437c2d6,site,AZ0407090,CHANDLER CITY OF,AZ,247328,81165,System Sourced,,https://gisdata2016-11-18t150447874z-azwater.opendata.arcgis.com/datasets/cws-service-area-1/about,https://echo.epa.gov/detailed-facility-report?fid=AZ0407090&sys=SDWIS,1
site-bf6ef103fc,site,MI0006160,SOUTHFIELD,MI,71739,20167,System Sourced,,https://services3.arcgis.com/g3QkxoHFTJZSqad1/arcgis/rest/services/Southfield_Master_CDSMI_Updated_View/FeatureServer,https://echo.epa.gov/detailed-facility-report?fid=MI0006160&sys=SDWIS,1
site-c805c9508c,site,OR4100157,CANBY UTILITY,OR,18754,5743,Modeled,,,https://echo.epa.gov/detailed-facility-report?fid=OR4100157&sys=SDWIS,1
site-a913521b3f,site,CO0103005,AURORA CITY OF,CO,487365,91912,System Sourced,,https://lead-service-cityofaurora.hub.arcgis.com/,https://echo.epa.gov/detailed-facility-report?fid=CO0103005&sys=SDWIS,1
site-2008be3aeb,site,NJ0238001,VEOLIA WATER NEW JERSEY HACKENSACK,NJ,792713,193600,System Sourced,,https://rutgers.maps.arcgis.com/home/item.html?id=0cb88cd0315e48f491f2122cb824c158,https://echo.epa.gov/detailed-facility-report?fid=NJ0238001&sys=SDWIS,1
site-486036d42a,site,CA3410015,GOLDEN STATE WATER CO. - CORDOVA,CA,47161,14913,System Sourced,Pending,https://gis.data.ca.gov/datasets/fbba842bf134497c9d611ad506ec48cc/explore,https://echo.epa.gov/detailed-facility-report?fid=CA3410015&sys=SDWIS,1
site-5b6b0c358a,site,AZ0407098,SCOTTSDALE CITY OF,AZ,241361,92701,System Sourced,,https://gisdata2016-11-18t150447874z-azwater.opendata.arcgis.com/datasets/cws-service-area-1/about,https://echo.epa.gov/detailed-facility-report?fid=AZ0407098&sys=SDWIS,1
site-6d177f86ba,site,CO0101150,THORNTON CITY OF,CO,226465,42530,System Sourced,,https://maps.thorntonco.gov/pdfmaps/utility-boundary.pdf,https://echo.epa.gov/detailed-facility-report?fid=CO0101150&sys=SDWIS,1
site-563b794f44,site,AL0000738,"BIRMINGHAM, THE WW BOARD OF THE CITY OF",AL,585000,195000,System Sourced,,https://services6.arcgis.com/lYqyGpgMYaP5fEPv/arcgis/rest/services/ServiceLine_viewing_4b9fd0f0410b4100b7497a8c9cc8f563/FeatureServer,https://echo.epa.gov/detailed-facility-report?fid=AL0000738&sys=SDWIS,1
site-04264c78ae,site,WI1130224,MADISON WATER UTILITY,WI,272000,100740,System Sourced,,https://www.cityofmadison.com/water/water-quality/lead-copper-in-water/lead-service-line-inventory,https://echo.epa.gov/detailed-facility-report?fid=WI1130224&sys=SDWIS,1
site-7d01a3b5b4,site,GA0970000,DOUGLASVILLE-DOUGLAS COUNTY WSA,GA,110219,45913,System Sourced,,https://koordinates.com/layer/108336-douglas-county-georgia-water-mains/,https://echo.epa.gov/detailed-facility-report?fid=GA0970000&sys=SDWIS,1
site-8aabc0ba02,site,NV0000090,LAS VEGAS VALLEY WATER DISTRICT,NV,1539277,442502,System Sourced,,,https://echo.epa.gov/detailed-facility-report?fid=NV0000090&sys=SDWIS,1
site-12487c24c1,site,NV0000090,LAS VEGAS VALLEY WATER DISTRICT,NV,1539277,442502,System Sourced,,,https://echo.epa.gov/detailed-facility-report?fid=NV0000090&sys=SDWIS,1
site-68d9963989,site,TX2460003,CITY OF ROUND ROCK,TX,130662,37492,System Sourced,,https://www3.twdb.texas.gov/apps/WaterServiceBoundaries/Home/Overview,https://echo.epa.gov/detailed-facility-report?fid=TX2460003&sys=SDWIS,1
site-e419c62580,site,MI0000220,ANN ARBOR,MI,118017,26050,System Sourced,,https://a2-mi.maps.arcgis.com/apps/dashboards/eebadbc25ef04880b0b5cebfd1ba09e7,https://echo.epa.gov/detailed-facility-report?fid=MI0000220&sys=SDWIS,1
site-36cbb35213,site,ID4010016,VEOLIA WATER IDAHO,ID,262920,107316,System Sourced,,,https://echo.epa.gov/detailed-facility-report?fid=ID4010016&sys=SDWIS,1
site-719589a707,site,FL4061408,SUNRISE SAWGRASS,FL,72400,36222,System Sourced,,https://sunrisefl.maps.arcgis.com/apps/webappviewer/index.html?id=af172862d3524b7aa48d29d95b1fdf85,https://echo.epa.gov/detailed-facility-report?fid=FL4061408&sys=SDWIS,1
site-ee53f1bfe8,site,NC0123055,CLEVELAND COUNTY WATER,NC,58755,23132,System Sourced,Verified ,https://www.nconemap.gov/datasets/nconemap::type-a-current-public-water-systems-2004/about,https://echo.epa.gov/detailed-facility-report?fid=NC0123055&sys=SDWIS,1
site-0db3372cdc,site,IL0314400,ELK GROVE VILLAGE,IL,34700,12535,Modeled,,,https://echo.epa.gov/detailed-facility-report?fid=IL0314400&sys=SDWIS,1
site-d70b174649,site,GA1210005,NORTH FULTON COUNTY,GA,434517,149451,System Sourced,,Fulton County Water Service Lookuphttps://fulcogis.maps.arcgis.com/apps/webappviewer/index.html?id=308db7d1802b4158b97f57fa9cb86a7b,https://echo.epa.gov/detailed-facility-report?fid=GA1210005&sys=SDWIS,1
site-923959e810,site,GA0970000,DOUGLASVILLE-DOUGLAS COUNTY WSA,GA,110219,45913,System Sourced,,https://koordinates.com/layer/108336-douglas-county-georgia-water-mains/,https://echo.epa.gov/detailed-facility-report?fid=GA0970000&sys=SDWIS,1
site-a6904e4997,site,OH3102612,CINCINNATI PUBLIC WATER SYSTEM,OH,750200,244716,System Sourced,Not Verified,https://gcww.maps.arcgis.com/apps/webappviewer/index.html?id=0a170c268c694e46a8a4e394630df0bd,https://echo.epa.gov/detailed-facility-report?fid=OH3102612&sys=SDWIS,1
site-82ce97107e,site,OH1801212,CLEVELAND PUBLIC WATER SYSTEM,OH,1308955,453705,System Sourced,Not Verified,https://clevelandgis.maps.arcgis.com/apps/instant/sidebar/index.html?appid=4cf4e820059747ecb38bdac89a44895d,https://echo.epa.gov/detailed-facility-report?fid=OH1801212&sys=SDWIS,1
site-bdb294ce24,site,CO0121150,COLORADO SPRINGS UTILITIES,CO,464111,151608,System Sourced,,https://39606065.fs1.hubspotusercontent-na1.net/hubfs/39606065/Document%20Library/WaterServiceBoundaryMap.pdf,https://echo.epa.gov/detailed-facility-report?fid=CO0121150&sys=SDWIS,1
site-21659f2270,site,TX0430007,CITY OF PLANO,TX,288800,125840,System Sourced,,https://www3.twdb.texas.gov/apps/WaterServiceBoundaries/Home/Overview,https://echo.epa.gov/detailed-facility-report?fid=TX0430007&sys=SDWIS,1
site-1e431b451e,site,MN1270024,Minneapolis,MN,425300,98065,System Sourced,,https://www.minneapolismn.gov/resident-services/utility-services/water/water-quality/water-quality-lead/plumbing-faucets/lead-service-line-map/,https://echo.epa.gov/detailed-facility-report?fid=MN1270024&sys=SDWIS,1
site-08766d1a75,site,CA0110001,ALAMEDA COUNTY WATER DISTRICT,CA,344000,86959,System Sourced,Verified,https://gis.data.ca.gov/datasets/fbba842bf134497c9d611ad506ec48cc/explore,https://echo.epa.gov/detailed-facility-report?fid=CA0110001&sys=SDWIS,1
site-9c5a2adf80,site,OR4100665,TUALATIN VALLEY WATER DISTRICT,OR,224600,62160,System Sourced,,Shared by Willamette Water Supply Program,https://echo.epa.gov/detailed-facility-report?fid=OR4100665&sys=SDWIS,1
site-669bdb9fdd,site,OR4100878,"TIGARD, CITY OF",OR,62500,20500,System Sourced,,https://www.arcgis.com/apps/mapviewer/index.html?webmap=a156f747ce444136b3045e4784fbd975,https://echo.epa.gov/detailed-facility-report?fid=OR4100878&sys=SDWIS,1
site-9f0b1668e1,site,OH2504412,COLUMBUS PUBLIC WATER SYSTEM,OH,1305946,284610,System Sourced,,https://service-line-inventory-columbus.hub.arcgis.com/,https://echo.epa.gov/detailed-facility-report?fid=OH2504412&sys=SDWIS,1
site-54b9f9f252,site,CA3010038,CITY OF SANTA ANA,CA,310539,45743,System Sourced,Not Verified,https://gis.data.ca.gov/datasets/fbba842bf134497c9d611ad506ec48cc/explore,https://echo.epa.gov/detailed-facility-report?fid=CA3010038&sys=SDWIS,2
site-dcedc05ede,site,WI2410100,MILWAUKEE WATERWORKS,WI,626000,231851,System Sourced,,https://services1.arcgis.com/O7h3OCRVxKceyg19/arcgis/rest/services/Lead_in_MIlwaukee_Drinking_Water_WFL1/FeatureServer,https://echo.epa.gov/detailed-facility-report?fid=WI2410100&sys=SDWIS,1
site-f5ef15949e,site,OH1801212,CLEVELAND PUBLIC WATER SYSTEM,OH,1308955,453705,System Sourced,Not Verified,https://clevelandgis.maps.arcgis.com/apps/instant/sidebar/index.html?appid=4cf4e820059747ecb38bdac89a44895d,https://echo.epa.gov/detailed-facility-report?fid=OH1801212&sys=SDWIS,1
site-d54ad2fff2,site,VT0005091,SOUTH BURLINGTON CITY WATER SYSTEM,VT,19500,8205,Modeled,,,https://echo.epa.gov/detailed-facility-report?fid=VT0005091&sys=SDWIS,1
site-d0cdc404e3,site,FL4130871,MDWASA - MAIN SYSTEM,FL,2300000,560000,System Sourced,,https://experience.arcgis.com/experience/914132252dbb4639873d02988af59f23/page/english,https://echo.epa.gov/detailed-facility-report?fid=FL4130871&sys=SDWIS,1
site-f2d243f30f,site,NY7003493,NEW YORK CITY SYSTEM,NY,8271000,727058,System Sourced,,https://water.ny.gov/doh2/applinks/waterqual/#/waterMaps,https://echo.epa.gov/detailed-facility-report?fid=NY7003493&sys=SDWIS,1
site-82f643b05a,site,NY7003493,NEW YORK CITY SYSTEM,NY,8271000,727058,System Sourced,,https://water.ny.gov/doh2/applinks/waterqual/#/waterMaps,https://echo.epa.gov/detailed-facility-report?fid=NY7003493&sys=SDWIS,1
site-271483fef0,site,FL4500130,BOCA RATON WTP,FL,130000,37134,System Sourced,,https://geo-sfwmd.hub.arcgis.com/datasets/sfwmd::current-public-supply-utility-service-areas/about,https://echo.epa.gov/detailed-facility-report?fid=FL4500130&sys=SDWIS,1
site-b6a47adb60,site,TN0000494,METRO WATER SERVICES,TN,778153,336863,System Sourced,,https://tdec-division-of-water-tdec.hub.arcgis.com/datasets/cc62b90b5775475c94f503cf225c5fd7_0,https://echo.epa.gov/detailed-facility-report?fid=TN0000494&sys=SDWIS,1
site-bf7ec6ff5b,site,TN0000639,SMYRNA WATER SYSTEM,TN,60876,21977,System Sourced,,https://tdec-division-of-water-tdec.hub.arcgis.com/datasets/cc62b90b5775475c94f503cf225c5fd7_0,https://echo.epa.gov/detailed-facility-report?fid=TN0000639&sys=SDWIS,1
site-56419a8cc8,site,PA1510001,PHILADELPHIA WATER DEPARTMENT,PA,1600000,524021,System Sourced,,https://newdata-padep-1.opendata.arcgis.com/maps/fdf53cdeb2ec42b8a9422569f2e9531b/about,https://echo.epa.gov/detailed-facility-report?fid=PA1510001&sys=SDWIS,1
site-e79dc2b376,site,TX0150018,SAN ANTONIO WATER SYSTEM,TX,1999472,725972,System Sourced,,https://www3.twdb.texas.gov/apps/WaterServiceBoundaries/Home/Overview,https://echo.epa.gov/detailed-facility-report?fid=TX0150018&sys=SDWIS,1
site-7f8f7ae812,site,FL6290327,CITY OF TAMPA WATER DEPARTMENT,FL,733886,143661,System Sourced,,https://services1.arcgis.com/IbNXlmt2RVVRCZ6M/ArcGIS/rest/services/ServiceLine_viewing_469fff81ff5c43559cf4a24d19263539/FeatureServer/0,https://echo.epa.gov/detailed-facility-report?fid=FL6290327&sys=SDWIS,1
site-59dea50e4e,site,CA1910067,"LOS ANGELES-CITY, DEPT. OF WATER & POWER",CA,3856043,709623,System Sourced,Verified,https://gis.data.ca.gov/datasets/fbba842bf134497c9d611ad506ec48cc/explore,https://echo.epa.gov/detailed-facility-report?fid=CA1910067&sys=SDWIS,1
site-290b2102b6,site,CA3810011,SFPUC CITY DISTRIBUTION DIVISION,CA,848019,171099,System Sourced,Not Verified,https://gis.data.ca.gov/datasets/fbba842bf134497c9d611ad506ec48cc/explore,https://echo.epa.gov/detailed-facility-report?fid=CA3810011&sys=SDWIS,1
site-74869d17ce,site,OR4100657,PORTLAND WATER BUREAU,OR,666200,187700,System Sourced,,https://www.portland.gov/water/documents/portland-water-bureau-service-line-inventory-spreadsheet-september-2024/download,https://echo.epa.gov/detailed-facility-report?fid=OR4100657&sys=SDWIS,1
site-d1b425086b,site,WA5377050,SEATTLE PUBLIC UTILITIES,WA,1091904,171515,System Sourced,,https://geo.wa.gov/datasets/WADOH::drinking-water-service-areas/explore,https://echo.epa.gov/detailed-facility-report?fid=WA5377050&sys=SDWIS,1
site-93302fda7d,site,TX2270014,CITY OF PFLUGERVILLE,TX,45785,21462,System Sourced,,https://www3.twdb.texas.gov/apps/WaterServiceBoundaries/Home/Overview,https://echo.epa.gov/detailed-facility-report?fid=TX2270014&sys=SDWIS,1
site-dabd365ef0,site,OK1020418,TULSA,OK,413000,162343,System Sourced,,https://experience.arcgis.com/experience/a6030c6575af4caaad5d5534cf6d5d09/page/Service-Line-Inspection,https://echo.epa.gov/detailed-facility-report?fid=OK1020418&sys=SDWIS,1
site-cddbf5d790,site,MO6010715,ST LOUIS CITY PWS,MO,304709,95667,System Sourced,,https://services6.arcgis.com/HZXbCkpCSqbGd0vK/ArcGIS/rest/services/Utility_Side___Customer_Side_11_13_24_WFL1/FeatureServer/0,https://echo.epa.gov/detailed-facility-report?fid=MO6010715&sys=SDWIS,1
site-a6d0751740,site,WA5347150,LIBERTY LAKE SEWER & WATER DISTRICT,WA,14212,5424,System Sourced,,https://geo.wa.gov/datasets/WADOH::drinking-water-service-areas/explore,https://echo.epa.gov/detailed-facility-report?fid=WA5347150&sys=SDWIS,1
site-657dc87797,site,TN0000246,FRANKLIN WATER DEPT,TN,77222,27001,System Sourced,,https://tdec-division-of-water-tdec.hub.arcgis.com/datasets/cc62b90b5775475c94f503cf225c5fd7_0,https://echo.epa.gov/detailed-facility-report?fid=TN0000246&sys=SDWIS,1
site-7292ba833f,site,NC0160010,CHARLOTTE WATER,NC,1163701,323527,System Sourced,Verified ,https://www.nconemap.gov/datasets/nconemap::type-a-current-public-water-systems-2004/about,https://echo.epa.gov/detailed-facility-report?fid=NC0160010&sys=SDWIS,1
site-d46d91cfe9,site,MD0020017,GLEN BURNIE-BROADNECK,MD,290606,83272,System Sourced,,Personal Communication,https://echo.epa.gov/detailed-facility-report?fid=MD0020017&sys=SDWIS,1
site-21c55400d3,site,PA3480046,CITY OF BETHLEHEM,PA,117259,36709,System Sourced,,https://newdata-padep-1.opendata.arcgis.com/maps/fdf53cdeb2ec42b8a9422569f2e9531b/about,https://echo.epa.gov/detailed-facility-report?fid=PA3480046&sys=SDWIS,1
site-7b9cd9feaf,site,MA2170000,MARLBOROUGH DPW  WATER DIV. (MWRA),MA,41799,10920,System Sourced,Verified,https://www.mass.gov/info-details/massgis-data-massdep-estimated-public-drinking-water-system-service-area-boundaries,https://echo.epa.gov/detailed-facility-report?fid=MA2170000&sys=SDWIS,1
site-7c24f0d347,site,NC0160010,CHARLOTTE WATER,NC,1163701,323527,System Sourced,Verified ,https://www.nconemap.gov/datasets/nconemap::type-a-current-public-water-systems-2004/about,https://echo.epa.gov/detailed-facility-report?fid=NC0160010&sys=SDWIS,1
site-14e93ed9f4,site,TX0570004,DALLAS WATER UTILITY,TX,1356479,958265,System Sourced,,https://www3.twdb.texas.gov/apps/WaterServiceBoundaries/Home/Overview,https://echo.epa.gov/detailed-facility-report?fid=TX0570004&sys=SDWIS,1
site-bceee0cd6e,site,TX2200012,CITY OF FORT WORTH,TX,955900,653251,System Sourced,,https://www3.twdb.texas.gov/apps/WaterServiceBoundaries/Home/Overview,https://echo.epa.gov/detailed-facility-report?fid=TX2200012&sys=SDWIS,1
site-795c6656a7,site,NY5903482,WESTCHESTER COUNTY WD #3,NY,6000,75,System Sourced,,https://water.ny.gov/doh2/applinks/waterqual/#/waterMaps,https://echo.epa.gov/detailed-facility-report?fid=NY5903482&sys=SDWIS,1
site-0087dc3f09,site,FL2161328,JEA MAJOR GRID,FL,826664,428439,System Sourced,,https://trinnex.cloud/leadcast/publicMap?tenantName=JEA,https://echo.epa.gov/detailed-facility-report?fid=FL2161328&sys=SDWIS,1
site-ea6442a17e,site,PA3480046,CITY OF BETHLEHEM,PA,117259,36709,System Sourced,,https://newdata-padep-1.opendata.arcgis.com/maps/fdf53cdeb2ec42b8a9422569f2e9531b/about,https://echo.epa.gov/detailed-facility-report?fid=PA3480046&sys=SDWIS,1
site-cbb04d4f77,site,AR0000465,CENTRAL ARKANSAS WATER,AR,368455,167722,System Sourced,,https://gis.arkansas.gov/product/public-water-systems-polygon/,https://echo.epa.gov/detailed-facility-report?fid=AR0000465&sys=SDWIS,1
site-327a2b4181,site,OK1020902,OKLAHOMA CITY,OK,644000,254388,System Sourced,,https://epa.maps.arcgis.com/home/item.html?id=a933ce92b4944c5c8a6b75a162e865c9,https://echo.epa.gov/detailed-facility-report?fid=OK1020902&sys=SDWIS,1
site-577be20885,site,NE3105507,METROPOLITAN UTILITIES DISTRICT,NE,600000,220882,System Sourced,,https://experience.arcgis.com/experience/0b2b8f5ae71b41e2b483db56eb4ad486,https://echo.epa.gov/detailed-facility-report?fid=NE3105507&sys=SDWIS,1
site-16c72679e4,site,NE3115313,"PAPILLION, CITY OF",NE,35000,13384,Modeled,,,https://echo.epa.gov/detailed-facility-report?fid=NE3115313&sys=SDWIS,1
site-a349b988e6,site,PA1510001,PHILADELPHIA WATER DEPARTMENT,PA,1600000,524021,System Sourced,,https://newdata-padep-1.opendata.arcgis.com/maps/fdf53cdeb2ec42b8a9422569f2e9531b/about,https://echo.epa.gov/detailed-facility-report?fid=PA1510001&sys=SDWIS,1
site-d628c8f6da,site,NC0392010,"RALEIGH, CITY OF",NC,640000,200114,System Sourced,Verified ,https://www.nconemap.gov/datasets/nconemap::type-a-current-public-water-systems-2004/about,https://echo.epa.gov/detailed-facility-report?fid=NC0392010&sys=SDWIS,1
site-c97b6c33fc,site,NC0332010,"DURHAM, CITY OF",NC,322083,97873,System Sourced,Verified ,https://www.nconemap.gov/datasets/nconemap::type-a-current-public-water-systems-2004/about,https://echo.epa.gov/detailed-facility-report?fid=NC0332010&sys=SDWIS,1
site-ca2b344713,site,SD4600294,SIOUX FALLS,SD,198524,59763,System Sourced,,https://www.arcgis.com/home/item.html?id=24d2a31ef4254e4482131e76cf7df113&sublayer=0,https://echo.epa.gov/detailed-facility-report?fid=SD4600294&sys=SDWIS,1
site-2955039b15,site,SD4600432,MINNEHAHA COMMUNITY WATER CORP,SD,13435,5374,System Sourced,,email from SDARWS,https://echo.epa.gov/detailed-facility-report?fid=SD4600432&sys=SDWIS,1
site-884c90d47c,site,MO6010715,ST LOUIS CITY PWS,MO,304709,95667,System Sourced,,https://services6.arcgis.com/HZXbCkpCSqbGd0vK/ArcGIS/rest/services/Utility_Side___Customer_Side_11_13_24_WFL1/FeatureServer/0,https://echo.epa.gov/detailed-facility-report?fid=MO6010715&sys=SDWIS,1
site-9006d42ef6,site,MO6010716,MO AMERICAN ST LOUIS ST CHARLES COUNTIES,MO,1100000,368054,System Sourced,,https://utility.arcgis.com/usrsvcs/servers/c17b1b447666404dbc1e686d02b506d9/rest/services/LeadServiceLineReplacement/LeadServiceLineReplacement_ComPub/MapServer,https://echo.epa.gov/detailed-facility-report?fid=MO6010716&sys=SDWIS,1
site-ce5f7cb0aa,site,PA1460055,AUDUBON WATER COMPANY,PA,9850,2759,System Sourced,,https://newdata-padep-1.opendata.arcgis.com/maps/fdf53cdeb2ec42b8a9422569f2e9531b/about,https://echo.epa.gov/detailed-facility-report?fid=PA1460055&sys=SDWIS,1
site-683913e87f,site,CT1510011,WATERBURY WATER DEPARTMENT,CT,107271,26915,System Sourced,,https://portal.ct.gov/dph/drinking-water/dws/public-water-supply-map,https://echo.epa.gov/detailed-facility-report?fid=CT1510011&sys=SDWIS,1
site-26f0dd2de5,site,CO0203002,ARAPAHOE CNTY WWWA,CO,31000,3951,System Sourced,,https://www.arcgis.com/home/item.html?id=186d23c71dee48fd84e915924c028b70,https://echo.epa.gov/detailed-facility-report?fid=CO0203002&sys=SDWIS,1
site-53c8267603,site,ID4010016,VEOLIA WATER IDAHO,ID,262920,107316,System Sourced,,,https://echo.epa.gov/detailed-facility-report?fid=ID4010016&sys=SDWIS,1
site-acb928d847,site,UTAH27015,ST GEORGE CITY WATER SYSTEM,UT,105240,33106,System Sourced,,https://dwre-utahdnr.opendata.arcgis.com/datasets/culinarywaterserviceareas/explore,https://echo.epa.gov/detailed-facility-report?fid=UTAH27015&sys=SDWIS,1
site-06ac715493,site,NE3105507,METROPOLITAN UTILITIES DISTRICT,NE,600000,220882,System Sourced,,https://experience.arcgis.com/experience/0b2b8f5ae71b41e2b483db56eb4ad486,https://echo.epa.gov/detailed-facility-report?fid=NE3105507&sys=SDWIS,1
site-c435727233,site,MN1270024,Minneapolis,MN,425300,98065,System Sourced,,https://www.minneapolismn.gov/resident-services/utility-services/water/water-quality/water-quality-lead/plumbing-faucets/lead-service-line-map/,https://echo.epa.gov/detailed-facility-report?fid=MN1270024&sys=SDWIS,1
site-5d8fee5803,site,OK1020418,TULSA,OK,413000,162343,System Sourced,,https://experience.arcgis.com/experience/a6030c6575af4caaad5d5534cf6d5d09/page/Service-Line-Inspection,https://echo.epa.gov/detailed-facility-report?fid=OK1020418&sys=SDWIS,1
site-38f03e829c,site,OK1020418,TULSA,OK,413000,162343,System Sourced,,https://experience.arcgis.com/experience/a6030c6575af4caaad5d5534cf6d5d09/page/Service-Line-Inspection,https://echo.epa.gov/detailed-facility-report?fid=OK1020418&sys=SDWIS,1
site-c1b95fb9ef,site,NY0100198,LATHAM WATER DISTRICT,NY,85590,19750,System Sourced,,https://water.ny.gov/doh2/applinks/waterqual/#/waterMaps,https://echo.epa.gov/detailed-facility-report?fid=NY0100198&sys=SDWIS,1
site-d7467c88c2,site,KS2009110,WATER DISTRICT 1 OF JOHNSON CO,KS,482000,157164,System Sourced,,https://hub.kansasgis.org/maps/KSDOT::rural-water-districts/about ,https://echo.epa.gov/detailed-facility-report?fid=KS2009110&sys=SDWIS,1
site-db51540387,site,UTAH18026,SALT LAKE CITY WATER SYSTEM,UT,381174,86503,System Sourced,,https://dwre-utahdnr.opendata.arcgis.com/datasets/culinarywaterserviceareas/explore,https://echo.epa.gov/detailed-facility-report?fid=UTAH18026&sys=SDWIS,1
site-08dd7f8a94,site,NM3575501,UNIVERSITY OF NEW MEXICO,NM,35000,97,Modeled,,,https://echo.epa.gov/detailed-facility-report?fid=NM3575501&sys=SDWIS,1
site-b9a666a189,site,GA1170050,FORSYTH CO. WATER & SEWER,GA,161200,60914,System Sourced,,Layer: Water Service Line Report (ID:0),https://echo.epa.gov/detailed-facility-report?fid=GA1170050&sys=SDWIS,1
site-50d28b3cc2,site,FL4131618,NORTH MIAMI BEACH,FL,180000,33428,System Sourced,,https://gisweb.miamidade.gov/iWASDConnect/,https://echo.epa.gov/detailed-facility-report?fid=FL4131618&sys=SDWIS,2
site-8334c55f15,site,MN1270031,Minnetonka,MN,54474,17140,System Sourced,,https://maps.umn.edu/LSL/,https://echo.epa.gov/detailed-facility-report?fid=MN1270031&sys=SDWIS,1
site-e874778fe7,site,MI0001023,BYRON-GAINES UTILITY AUTHORITY,MI,37464,20736,Modeled,,,https://echo.epa.gov/detailed-facility-report?fid=MI0001023&sys=SDWIS,1
site-e447023c05,site,OR4100100,BEND WATER DEPARTMENT,OR,77704,29071,System Sourced,,https://www.arcgis.com/home/item.html?id=7a08d60af7a04c5ca78cdcf71e8f713b,https://echo.epa.gov/detailed-facility-report?fid=OR4100100&sys=SDWIS,1
site-9e18452201,site,IL0430700,OAK BROOK,IL,9400,3295,System Sourced,,https://www.arcgis.com/home/item.html?id=a3329a235ab34c0982706796f93f70a5,https://echo.epa.gov/detailed-facility-report?fid=IL0430700&sys=SDWIS,1
site-3c79689d90,site,AZ0407092,"GILBERT, TOWN OF",AZ,247600,84000,System Sourced,,https://gisdata2016-11-18t150447874z-azwater.opendata.arcgis.com/datasets/cws-service-area-1/about,https://echo.epa.gov/detailed-facility-report?fid=AZ0407092&sys=SDWIS,1
site-44b9b34078,site,IA2573080,WAUKEE WATER SUPPLY,IA,31823,8110,Modeled,,,https://echo.epa.gov/detailed-facility-report?fid=IA2573080&sys=SDWIS,1
site-4ffb7ed1f8,site,WI1130231,FITCHBURG UTILITY DIST 1,WI,24500,9074,Modeled,,,https://echo.epa.gov/detailed-facility-report?fid=WI1130231&sys=SDWIS,1
site-80d2a2cf2b,site,DE0000552,ARTESIAN WATER COMPANY,DE,231114,85347,System Sourced,,https://experience.arcgis.com/experience/11301e9416f34e03bda0dc5db4040f85/,https://echo.epa.gov/detailed-facility-report?fid=DE0000552&sys=SDWIS,1
site-df3285a9d3,site,CA1910067,"LOS ANGELES-CITY, DEPT. OF WATER & POWER",CA,3856043,709623,System Sourced,Verified,https://gis.data.ca.gov/datasets/fbba842bf134497c9d611ad506ec48cc/explore,https://echo.epa.gov/detailed-facility-report?fid=CA1910067&sys=SDWIS,1
site-6ed504ce09,site,MO1010580,NORTH KANSAS CITY PWS,MO,4500,2100,Modeled,,,https://echo.epa.gov/detailed-facility-report?fid=MO1010580&sys=SDWIS,1
site-dfdfa69ff2,site,NE3105507,METROPOLITAN UTILITIES DISTRICT,NE,600000,220882,System Sourced,,https://experience.arcgis.com/experience/0b2b8f5ae71b41e2b483db56eb4ad486,https://echo.epa.gov/detailed-facility-report?fid=NE3105507&sys=SDWIS,1
site-83bd719a20,site,ME0091210,ORONO-VEAZIE WATER DISTRICT,ME,5793,2317,Modeled,,,https://echo.epa.gov/detailed-facility-report?fid=ME0091210&sys=SDWIS,1
site-3cde5bb7c3,site,OR4100287,EUGENE WATER & ELECTRIC BOARD,OR,176000,64000,System Sourced,,https://services7.arcgis.com/6AM8yPAeyXiPc9eF/arcgis/rest/services/Water_Lateral/FeatureServer/0/,https://echo.epa.gov/detailed-facility-report?fid=OR4100287&sys=SDWIS,1
site-2447dcc503,site,WI1130224,MADISON WATER UTILITY,WI,272000,100740,System Sourced,,https://www.cityofmadison.com/water/water-quality/lead-copper-in-water/lead-service-line-inventory,https://echo.epa.gov/detailed-facility-report?fid=WI1130224&sys=SDWIS,1
site-c678f278d7,site,CA1010007,CITY OF FRESNO,CA,545716,144185,System Sourced,Verified,https://gis.data.ca.gov/datasets/fbba842bf134497c9d611ad506ec48cc/explore,https://echo.epa.gov/detailed-facility-report?fid=CA1010007&sys=SDWIS,1
site-7892fa5b64,site,VA6153251,PWCSA - WEST,VA,136409,42896,System Sourced,,https://services2.arcgis.com/9mMyRMFMS5yNDCCd/arcgis/rest/services/Service_Line_Inventory/FeatureServer/0,https://echo.epa.gov/detailed-facility-report?fid=VA6153251&sys=SDWIS,1
site-29ff6c7912,site,VA6059501,FAIRFAX COUNTY WATER AUTHORITY,VA,1121613,281686,System Sourced,,https://fairfaxwater.maps.arcgis.com/apps/instant/sidebar/index.html?appid=371af69b796b48ce84e63e3aebc5c0fb,https://echo.epa.gov/detailed-facility-report?fid=VA6059501&sys=SDWIS,1
site-6b3b9fc4ff,site,TX0570004,DALLAS WATER UTILITY,TX,1356479,958265,System Sourced,,https://www3.twdb.texas.gov/apps/WaterServiceBoundaries/Home/Overview,https://echo.epa.gov/detailed-facility-report?fid=TX0570004&sys=SDWIS,1
site-776b239809,site,IL0971750,VERNON HILLS - LAKE CO PW,IL,33207,11069,Modeled,,,https://echo.epa.gov/detailed-facility-report?fid=IL0971750&sys=SDWIS,1
site-4e7adf54bd,site,VA6107350,LOUDOUN WATER - CENTRAL SYSTEM,VA,334808,83426,System Sourced,,https://geodata.dep.state.fl.us/datasets/pws-lead-service-line-inventories-lsli-2/about,https://echo.epa.gov/detailed-facility-report?fid=VA6107350&sys=SDWIS,1
site-5d3c5b2595,site,TX0150018,SAN ANTONIO WATER SYSTEM,TX,1999472,725972,System Sourced,,https://www3.twdb.texas.gov/apps/WaterServiceBoundaries/Home/Overview,https://echo.epa.gov/detailed-facility-report?fid=TX0150018&sys=SDWIS,1
site-3d226da104,site,AZ0407094,GOODYEAR WATER DEPARTMENT,AZ,50001,18277,System Sourced,,https://gisdata2016-11-18t150447874z-azwater.opendata.arcgis.com/datasets/cws-service-area-1/about,https://echo.epa.gov/detailed-facility-report?fid=AZ0407094&sys=SDWIS,1
site-68959d5788,site,TX0150018,SAN ANTONIO WATER SYSTEM,TX,1999472,725972,System Sourced,,https://www3.twdb.texas.gov/apps/WaterServiceBoundaries/Home/Overview,https://echo.epa.gov/detailed-facility-report?fid=TX0150018&sys=SDWIS,1
site-802c40a7ed,site,CA4310012,CITY OF SANTA CLARA,CA,130746,24103,System Sourced,Verified,https://gis.data.ca.gov/datasets/fbba842bf134497c9d611ad506ec48cc/explore,https://echo.epa.gov/detailed-facility-report?fid=CA4310012&sys=SDWIS,2
site-1ca690e160,site,VA6107350,LOUDOUN WATER - CENTRAL SYSTEM,VA,334808,83426,System Sourced,,https://geodata.dep.state.fl.us/datasets/pws-lead-service-line-inventories-lsli-2/about,https://echo.epa.gov/detailed-facility-report?fid=VA6107350&sys=SDWIS,1
site-6dd245992a,site,VA6107350,LOUDOUN WATER - CENTRAL SYSTEM,VA,334808,83426,System Sourced,,https://geodata.dep.state.fl.us/datasets/pws-lead-service-line-inventories-lsli-2/about,https://echo.epa.gov/detailed-facility-report?fid=VA6107350&sys=SDWIS,1
site-b388c5891e,site,WA5370450,QUINCY WATER DEPARTMENT CITY OF,WA,8415,2763,System Sourced,,https://geo.wa.gov/datasets/WADOH::drinking-water-service-areas/explore,https://echo.epa.gov/detailed-facility-report?fid=WA5370450&sys=SDWIS,1
site-9fd1119387,site,AZ0407098,SCOTTSDALE CITY OF,AZ,241361,92701,System Sourced,,https://gisdata2016-11-18t150447874z-azwater.opendata.arcgis.com/datasets/cws-service-area-1/about,https://echo.epa.gov/detailed-facility-report?fid=AZ0407098&sys=SDWIS,1
site-deb5c765cc,site,WI2410100,MILWAUKEE WATERWORKS,WI,626000,231851,System Sourced,,https://services1.arcgis.com/O7h3OCRVxKceyg19/arcgis/rest/services/Lead_in_MIlwaukee_Drinking_Water_WFL1/FeatureServer,https://echo.epa.gov/detailed-facility-report?fid=WI2410100&sys=SDWIS,1
site-2f8e8e1abf,site,ID7330022,REXBURG CITY OF,ID,40462,5007,System Sourced,,https://www.arcgis.com/home/item.html?id=76c1bc4d90484350899281398c24b9f4,https://echo.epa.gov/detailed-facility-report?fid=ID7330022&sys=SDWIS,1
site-1607819f85,site,LA1033005,BATON ROUGE WATER COMPANY,LA,579714,193238,Modeled,,Service & Plumbing Line Inventory Search – Baton Rouge Water Company,https://echo.epa.gov/detailed-facility-report?fid=LA1033005&sys=SDWIS,1
site-5daf135f6a,site,NV0000090,LAS VEGAS VALLEY WATER DISTRICT,NV,1539277,442502,System Sourced,,,https://echo.epa.gov/detailed-facility-report?fid=NV0000090&sys=SDWIS,1
site-fa84df6301,site,NE3105507,METROPOLITAN UTILITIES DISTRICT,NE,600000,220882,System Sourced,,https://experience.arcgis.com/experience/0b2b8f5ae71b41e2b483db56eb4ad486,https://echo.epa.gov/detailed-facility-report?fid=NE3105507&sys=SDWIS,1
site-77b1954704,site,CO0103166,CASTLEWOOD WATER AND SANITATION DISTRICT,CO,0,2714,System Sourced,,https://www.arcgis.com/home/item.html?id=186d23c71dee48fd84e915924c028b70,https://echo.epa.gov/detailed-facility-report?fid=CO0103166&sys=SDWIS,1
site-baca3426c6,site,UTAH18028,SANDY CITY WATER SYSTEM,UT,99750,25816,System Sourced,,https://dwre-utahdnr.opendata.arcgis.com/datasets/culinarywaterserviceareas/explore,https://echo.epa.gov/detailed-facility-report?fid=UTAH18028&sys=SDWIS,1
site-c6e99ceb0e,site,MN1270001,Bloomington,MN,91300,25172,System Sourced,,https://maps.umn.edu/LSL/,https://echo.epa.gov/detailed-facility-report?fid=MN1270001&sys=SDWIS,1
site-4dd80bd358,site,GA1210001,ATLANTA,GA,1089893,262059,System Sourced,,,https://echo.epa.gov/detailed-facility-report?fid=GA1210001&sys=SDWIS,1
site-0339483f05,site,OR4100665,TUALATIN VALLEY WATER DISTRICT,OR,224600,62160,System Sourced,,Shared by Willamette Water Supply Program,https://echo.epa.gov/detailed-facility-report?fid=OR4100665&sys=SDWIS,1
site-bf6d3af348,site,NV0000175,NORTH LAS VEGAS UTILITIES,NV,376515,107617,System Sourced,,,https://echo.epa.gov/detailed-facility-report?fid=NV0000175&sys=SDWIS,1
site-967471410d,site,TN0000494,METRO WATER SERVICES,TN,778153,336863,System Sourced,,https://tdec-division-of-water-tdec.hub.arcgis.com/datasets/cc62b90b5775475c94f503cf225c5fd7_0,https://echo.epa.gov/detailed-facility-report?fid=TN0000494&sys=SDWIS,1
site-0efe64f5e3,site,TX2200075,CITY OF SOUTHLAKE,TX,31576,11406,System Sourced,,https://www3.twdb.texas.gov/apps/WaterServiceBoundaries/Home/Overview,https://echo.epa.gov/detailed-facility-report?fid=TX2200075&sys=SDWIS,1
site-a5a00e1456,site,NJ2004002,NJ AMERICAN WATER - RARITAN,NJ,615430,205035,System Sourced,,https://rutgers.maps.arcgis.com/home/item.html?id=0cb88cd0315e48f491f2122cb824c158,https://echo.epa.gov/detailed-facility-report?fid=NJ2004002&sys=SDWIS,1
site-f5319ad666,site,NJ1214001,NEW BRUNSWICK W DEPT,NJ,55000,8500,System Sourced,,https://rutgers.maps.arcgis.com/home/item.html?id=0cb88cd0315e48f491f2122cb824c158,https://echo.epa.gov/detailed-facility-report?fid=NJ1214001&sys=SDWIS,1
site-4a004451d4,site,MN1020017,Coon Rapids,MN,64000,21087,System Sourced,,https://coonrapidsmn.maps.arcgis.com/apps/webappviewer/index.html?id=ad3697416a524ccbb9abaf6b47a17b40,https://echo.epa.gov/detailed-facility-report?fid=MN1020017&sys=SDWIS,1
site-18f7c7437c,site,NY1400443,ECWA DIRECT,NY,335000,115486,System Sourced,,https://water.ny.gov/doh2/applinks/waterqual/#/waterMaps,https://echo.epa.gov/detailed-facility-report?fid=NY1400443&sys=SDWIS,1
site-288529757b,site,VA4041845,CHESTERFIELD CO CENTRAL WATER SYSTEM,VA,383115,122825,System Sourced,,https://services3.arcgis.com/TsynfzBSE6sXfoLq/arcgis/rest/services/Water_Service_Line_Material_Shape_File/FeatureServer,https://echo.epa.gov/detailed-facility-report?fid=VA4041845&sys=SDWIS,1
site-4bb1843dc3,site,CA5010010,"MODESTO, CITY OF",CA,218771,70793,System Sourced,Not Verified,https://gis.data.ca.gov/datasets/fbba842bf134497c9d611ad506ec48cc/explore,https://echo.epa.gov/detailed-facility-report?fid=CA5010010&sys=SDWIS,2
site-bbaf8c734f,site,UTAH25020,OREM CITY WATER SYSTEM,UT,98129,23015,System Sourced,,https://dwre-utahdnr.opendata.arcgis.com/datasets/culinarywaterserviceareas/explore,https://echo.epa.gov/detailed-facility-report?fid=UTAH25020&sys=SDWIS,1
site-d5c9ecd9d6,site,UTAH18007,GRANGER-HUNTER IMPROVEMENT DISTRICT,UT,121083,27680,System Sourced,,https://dwre-utahdnr.opendata.arcgis.com/datasets/culinarywaterserviceareas/explore,https://echo.epa.gov/detailed-facility-report?fid=UTAH18007&sys=SDWIS,1
site-5a409cc72a,site,KS2009110,WATER DISTRICT 1 OF JOHNSON CO,KS,482000,157164,System Sourced,,https://hub.kansasgis.org/maps/KSDOT::rural-water-districts/about ,https://echo.epa.gov/detailed-facility-report?fid=KS2009110&sys=SDWIS,1
site-e175fdef2c,site,OH2504412,COLUMBUS PUBLIC WATER SYSTEM,OH,1305946,284610,System Sourced,,https://service-line-inventory-columbus.hub.arcgis.com/,https://echo.epa.gov/detailed-facility-report?fid=OH2504412&sys=SDWIS,1
site-111458a6bb,site,FL6290327,CITY OF TAMPA WATER DEPARTMENT,FL,733886,143661,System Sourced,,https://services1.arcgis.com/IbNXlmt2RVVRCZ6M/ArcGIS/rest/services/ServiceLine_viewing_469fff81ff5c43559cf4a24d19263539/FeatureServer/0,https://echo.epa.gov/detailed-facility-report?fid=FL6290327&sys=SDWIS,1
site-a5af72b49d,site,CO0121150,COLORADO SPRINGS UTILITIES,CO,464111,151608,System Sourced,,https://39606065.fs1.hubspotusercontent-na1.net/hubfs/39606065/Document%20Library/WaterServiceBoundaryMap.pdf,https://echo.epa.gov/detailed-facility-report?fid=CO0121150&sys=SDWIS,1
site-f8d9e63699,site,IL0316000,CHICAGO,IL,2746388,484979,System Sourced,,https://sli.chicagowaterquality.org/,https://echo.epa.gov/detailed-facility-report?fid=IL0316000&sys=SDWIS,1
site-0e8cd84fac,site,NY0900217,PLATTSBURGH CITY,NY,24173,5357,System Sourced,,https://water.ny.gov/doh2/applinks/waterqual/#/waterMaps,https://echo.epa.gov/detailed-facility-report?fid=NY0900217&sys=SDWIS,1
site-18f067432d,site,NY2202346,WATERTOWN CITY,NY,27861,8000,System Sourced,,https://water.ny.gov/doh2/applinks/waterqual/#/waterMaps,https://echo.epa.gov/detailed-facility-report?fid=NY2202346&sys=SDWIS,1
site-99eebda083,site,WA5377050,SEATTLE PUBLIC UTILITIES,WA,1091904,171515,System Sourced,,https://geo.wa.gov/datasets/WADOH::drinking-water-service-areas/explore,https://echo.epa.gov/detailed-facility-report?fid=WA5377050&sys=SDWIS,1
site-1add32b683,site,NJ0238001,VEOLIA WATER NEW JERSEY HACKENSACK,NJ,792713,193600,System Sourced,,https://rutgers.maps.arcgis.com/home/item.html?id=0cb88cd0315e48f491f2122cb824c158,https://echo.epa.gov/detailed-facility-report?fid=NJ0238001&sys=SDWIS,1
site-25875605ff,site,WY5600040,"PINE BLUFFS, TOWN OF",WY,1186,551,System Sourced,,Region 8,https://echo.epa.gov/detailed-facility-report?fid=WY5600040&sys=SDWIS,1
site-5baceb49df,site,OK1020418,TULSA,OK,413000,162343,System Sourced,,https://experience.arcgis.com/experience/a6030c6575af4caaad5d5534cf6d5d09/page/Service-Line-Inspection,https://echo.epa.gov/detailed-facility-report?fid=OK1020418&sys=SDWIS,1
site-8bad5e6c15,site,NC0332010,"DURHAM, CITY OF",NC,322083,97873,System Sourced,Verified ,https://www.nconemap.gov/datasets/nconemap::type-a-current-public-water-systems-2004/about,https://echo.epa.gov/detailed-facility-report?fid=NC0332010&sys=SDWIS,1
site-cc22c34163,site,IN5279013,LAFAYETTE WATER WORKS,IN,70835,27667,System Sourced,,https://idem.120water-ptd.com/,https://echo.epa.gov/detailed-facility-report?fid=IN5279013&sys=SDWIS,1
site-7cd03de27c,site,NY7003493,NEW YORK CITY SYSTEM,NY,8271000,727058,System Sourced,,https://water.ny.gov/doh2/applinks/waterqual/#/waterMaps,https://echo.epa.gov/detailed-facility-report?fid=NY7003493&sys=SDWIS,1
site-277c7fde0e,site,OH2503411,WESTERVILLE CITY PWS,OH,39000,13624,System Sourced,Not Verified,https://epa.ohio.gov/divisions-and-offices/drinking-and-ground-waters/reports-and-data/lead-lines-mapping,https://echo.epa.gov/detailed-facility-report?fid=OH2503411&sys=SDWIS,1
site-877db01a0a,site,CA4910006,"PETALUMA, CITY OF",CA,60781,20511,System Sourced,Verified,https://gis.data.ca.gov/datasets/fbba842bf134497c9d611ad506ec48cc/explore,https://echo.epa.gov/detailed-facility-report?fid=CA4910006&sys=SDWIS,1
site-41ae91aa55,site,UTAH18026,SALT LAKE CITY WATER SYSTEM,UT,381174,86503,System Sourced,,https://dwre-utahdnr.opendata.arcgis.com/datasets/culinarywaterserviceareas/explore,https://echo.epa.gov/detailed-facility-report?fid=UTAH18026&sys=SDWIS,1
site-e8f5d439b5,site,CA0110001,ALAMEDA COUNTY WATER DISTRICT,CA,344000,86959,System Sourced,Verified,https://gis.data.ca.gov/datasets/fbba842bf134497c9d611ad506ec48cc/explore,https://echo.epa.gov/detailed-facility-report?fid=CA0110001&sys=SDWIS,1
site-d62acd382c,site,TN0000494,METRO WATER SERVICES,TN,778153,336863,System Sourced,,https://tdec-division-of-water-tdec.hub.arcgis.com/datasets/cc62b90b5775475c94f503cf225c5fd7_0,https://echo.epa.gov/detailed-facility-report?fid=TN0000494&sys=SDWIS,1
site-5304b010d4,site,UTAH18026,SALT LAKE CITY WATER SYSTEM,UT,381174,86503,System Sourced,,https://dwre-utahdnr.opendata.arcgis.com/datasets/culinarywaterserviceareas/explore,https://echo.epa.gov/detailed-facility-report?fid=UTAH18026&sys=SDWIS,1
site-d94e75623e,site,CA1910067,"LOS ANGELES-CITY, DEPT. OF WATER & POWER",CA,3856043,709623,System Sourced,Verified,https://gis.data.ca.gov/datasets/fbba842bf134497c9d611ad506ec48cc/explore,https://echo.epa.gov/detailed-facility-report?fid=CA1910067&sys=SDWIS,1
site-133f42dccd,site,CO0203002,ARAPAHOE CNTY WWWA,CO,31000,3951,System Sourced,,https://www.arcgis.com/home/item.html?id=186d23c71dee48fd84e915924c028b70,https://echo.epa.gov/detailed-facility-report?fid=CO0203002&sys=SDWIS,1
site-0321d3989d,site,WA5399150,YAKIMA WATER DIVISION CITY OF,WA,110899,27998,System Sourced,,https://geo.wa.gov/datasets/WADOH::drinking-water-service-areas/explore,https://echo.epa.gov/detailed-facility-report?fid=WA5399150&sys=SDWIS,1
site-aa23864b16,site,MT0000153,BILLINGS  CITY OF,MT,114000,32872,System Sourced,,,https://echo.epa.gov/detailed-facility-report?fid=MT0000153&sys=SDWIS,1
site-f7d494da24,site,NE3105507,METROPOLITAN UTILITIES DISTRICT,NE,600000,220882,System Sourced,,https://experience.arcgis.com/experience/0b2b8f5ae71b41e2b483db56eb4ad486,https://echo.epa.gov/detailed-facility-report?fid=NE3105507&sys=SDWIS,1
site-952fc91218,site,MN1270044,Plymouth,MN,81026,24736,System Sourced,,https://maps.umn.edu/LSL/,https://echo.epa.gov/detailed-facility-report?fid=MN1270044&sys=SDWIS,1
site-243576ba00,site,TN0000494,METRO WATER SERVICES,TN,778153,336863,System Sourced,,https://tdec-division-of-water-tdec.hub.arcgis.com/datasets/cc62b90b5775475c94f503cf225c5fd7_0,https://echo.epa.gov/detailed-facility-report?fid=TN0000494&sys=SDWIS,1
site-ad66b13bca,site,CO0107487,LOUISVILLE CITY OF,CO,20975,7368,System Sourced,,https://www.arcgis.com/home/item.html?id=186d23c71dee48fd84e915924c028b70,https://echo.epa.gov/detailed-facility-report?fid=CO0107487&sys=SDWIS,1
site-501680f09d,site,PA5020038,PITTSBURGH WATER & SEWER AUTH,PA,520000,79034,System Sourced,,https://newdata-padep-1.opendata.arcgis.com/maps/fdf53cdeb2ec42b8a9422569f2e9531b/about,https://echo.epa.gov/detailed-facility-report?fid=PA5020038&sys=SDWIS,1
site-4d48388467,site,DC0000002,D.C. WATER AND SEWER AUTHORITY,DC,632323,140000,System Sourced,,,https://echo.epa.gov/detailed-facility-report?fid=DC0000002&sys=SDWIS,1
site-b9c17c49af,site,CT0150011,AQUARION-EASTERN FAIRFIELD COUNTY,CT,351756,108501,System Sourced,,https://portal.ct.gov/dph/drinking-water/dws/public-water-supply-map,https://echo.epa.gov/detailed-facility-report?fid=CT0150011&sys=SDWIS,1
site-dacf58bf0d,site,ID4010016,VEOLIA WATER IDAHO,ID,262920,107316,System Sourced,,,https://echo.epa.gov/detailed-facility-report?fid=ID4010016&sys=SDWIS,1
site-3f1ac3dcf8,site,OH7604512,AQUA OHIO - MASSILLON PWS,OH,95636,38527,System Sourced,,https://experience.arcgis.com/experience/1f2c343a24a84c88837ac849fad29e24/page/Page/,https://echo.epa.gov/detailed-facility-report?fid=OH7604512&sys=SDWIS,1
site-d37d9f177c,site,IA5751035,MARION MUNICIPAL WATER DEPT,IA,41623,15383,System Sourced,,https://www.arcgis.com/home/item.html?id=2c317e5ad95b45ac9408f4f9830b6f89,https://echo.epa.gov/detailed-facility-report?fid=IA5751035&sys=SDWIS,1
site-b5749fd8f6,site,PA5030049,SOUTH BUFFALO TWP MUNI AUTH,PA,1230,559,System Sourced,,https://newdata-padep-1.opendata.arcgis.com/maps/fdf53cdeb2ec42b8a9422569f2e9531b/about,https://echo.epa.gov/detailed-facility-report?fid=PA5030049&sys=SDWIS,1
site-a95597dea5,site,AZ0410112,TUCSON CITY OF,AZ,732906,191264,System Sourced,,https://gisdata2016-11-18t150447874z-azwater.opendata.arcgis.com/datasets/cws-service-area-1/about,https://echo.epa.gov/detailed-facility-report?fid=AZ0410112&sys=SDWIS,1
site-eeb978c09e,site,OH5002303,YOUNGSTOWN CITY PWS,OH,130530,52603,System Sourced,Not Verified,https://ysuarc.maps.arcgis.com/apps/instant/interactivelegend/index.html?appid=2a23cd738e55459ead978e4839cd8e22,https://echo.epa.gov/detailed-facility-report?fid=OH5002303&sys=SDWIS,1
site-b55aeedb8a,site,PA5020038,PITTSBURGH WATER & SEWER AUTH,PA,520000,79034,System Sourced,,https://newdata-padep-1.opendata.arcgis.com/maps/fdf53cdeb2ec42b8a9422569f2e9531b/about,https://echo.epa.gov/detailed-facility-report?fid=PA5020038&sys=SDWIS,1
site-5ef458137b,site,CA0710003,CONTRA COSTA WATER DISTRICT,CA,198000,60730,System Sourced,Not Verified,https://gis.data.ca.gov/datasets/fbba842bf134497c9d611ad506ec48cc/explore,https://echo.epa.gov/detailed-facility-report?fid=CA0710003&sys=SDWIS,1
site-ed3d325ed7,site,UTAH18023,SOUTH JORDAN CITY,UT,87356,25023,System Sourced,,https://dwre-utahdnr.opendata.arcgis.com/datasets/culinarywaterserviceareas/explore,https://echo.epa.gov/detailed-facility-report?fid=UTAH18023&sys=SDWIS,1
site-7cdee8b924,site,NY4303673,VEOLIA WATER NEW YORK,NY,270000,56150,System Sourced,,https://water.ny.gov/doh2/applinks/waterqual/#/waterMaps,https://echo.epa.gov/detailed-facility-report?fid=NY4303673&sys=SDWIS,1
site-317fff469d,site,MT0000153,BILLINGS  CITY OF,MT,114000,32872,System Sourced,,,https://echo.epa.gov/detailed-facility-report?fid=MT0000153&sys=SDWIS,1
site-031b7a373a,site,MT0000294,MISSOULA WATER,MT,68200,27911,System Sourced,,https://www.arcgis.com/home/item.html?id=a8108b8ec8ec41d985bb8d30956de534,https://echo.epa.gov/detailed-facility-report?fid=MT0000294&sys=SDWIS,1
site-1f74d2352b,site,NC0392020,"CARY, TOWN OF",NC,224000,60391,System Sourced,Verified ,https://www.nconemap.gov/datasets/nconemap::type-a-current-public-water-systems-2004/about,https://echo.epa.gov/detailed-facility-report?fid=NC0392020&sys=SDWIS,1
site-e207c58939,site,FL4130871,MDWASA - MAIN SYSTEM,FL,2300000,560000,System Sourced,,https://experience.arcgis.com/experience/914132252dbb4639873d02988af59f23/page/english,https://echo.epa.gov/detailed-facility-report?fid=FL4130871&sys=SDWIS,1
site-af5efd4ba9,site,NY1400422,BUFFALO WATER AUTHORITY,NY,276000,80000,System Sourced,,https://water.ny.gov/doh2/applinks/waterqual/#/waterMaps,https://echo.epa.gov/detailed-facility-report?fid=NY1400422&sys=SDWIS,1
site-39775b03ab,site,NY5110526,SUFFOLK COUNTY WATER AUTHORITY,NY,1100000,336418,System Sourced,,https://water.ny.gov/doh2/applinks/waterqual/#/waterMaps,https://echo.epa.gov/detailed-facility-report?fid=NY5110526&sys=SDWIS,1
site-131b5a693f,site,NC0332010,"DURHAM, CITY OF",NC,322083,97873,System Sourced,Verified ,https://www.nconemap.gov/datasets/nconemap::type-a-current-public-water-systems-2004/about,https://echo.epa.gov/detailed-facility-report?fid=NC0332010&sys=SDWIS,1
site-c255b91cdb,site,TN0000450,"MEMPHIS LIGHT, GAS, & WATER",TN,659500,255620,System Sourced,,https://tdec-division-of-water-tdec.hub.arcgis.com/datasets/cc62b90b5775475c94f503cf225c5fd7_0,https://echo.epa.gov/detailed-facility-report?fid=TN0000450&sys=SDWIS,1
site-44e10e02fa,site,TN0000450,"MEMPHIS LIGHT, GAS, & WATER",TN,659500,255620,System Sourced,,https://tdec-division-of-water-tdec.hub.arcgis.com/datasets/cc62b90b5775475c94f503cf225c5fd7_0,https://echo.epa.gov/detailed-facility-report?fid=TN0000450&sys=SDWIS,1
site-c35a0ccfc5,site,CO0203002,ARAPAHOE CNTY WWWA,CO,31000,3951,System Sourced,,https://www.arcgis.com/home/item.html?id=186d23c71dee48fd84e915924c028b70,https://echo.epa.gov/detailed-facility-report?fid=CO0203002&sys=SDWIS,1
f024,fab,AZ0407090,CHANDLER CITY OF,AZ,247328,81165,System Sourced,,https://gisdata2016-11-18t150447874z-azwater.opendata.arcgis.com/datasets/cws-service-area-1/about,https://echo.epa.gov/detailed-facility-report?fid=AZ0407090&sys=SDWIS,1
f166,fab,TX1520002,LUBBOCK PUBLIC WATER SYSTEM,TX,275041,158793,System Sourced,,https://www3.twdb.texas.gov/apps/WaterServiceBoundaries/Home/Overview,https://echo.epa.gov/detailed-facility-report?fid=TX1520002&sys=SDWIS,1
f016,fab,AZ0407025,PHOENIX CITY OF,AZ,1695000,430118,System Sourced,,https://gisdata2016-11-18t150447874z-azwater.opendata.arcgis.com/datasets/cws-service-area-1/about,https://echo.epa.gov/detailed-facility-report?fid=AZ0407025&sys=SDWIS,1
f023,fab,AZ0407090,CHANDLER CITY OF,AZ,247328,81165,System Sourced,,https://gisdata2016-11-18t150447874z-azwater.opendata.arcgis.com/datasets/cws-service-area-1/about,https://echo.epa.gov/detailed-facility-report?fid=AZ0407090&sys=SDWIS,1
f025,fab,AZ0407090,CHANDLER CITY OF,AZ,247328,81165,System Sourced,,https://gisdata2016-11-18t150447874z-azwater.opendata.arcgis.com/datasets/cws-service-area-1/about,https://echo.epa.gov/detailed-facility-report?fid=AZ0407090&sys=SDWIS,1
f026,fab,OR4101513,"HILLSBORO, CITY OF",OR,92632,28385,System Sourced,,https://gis.hillsboro-oregon.gov/waterservicelineinventory/,https://echo.epa.gov/detailed-facility-report?fid=OR4101513&sys=SDWIS,1
f030,fab,NM3509623,RIO RANCHO WATER & WW SERVICES,NM,107350,37760,System Sourced,,https://geospatialdata-ose.opendata.arcgis.com/datasets/OSE::new-mexico-public-water-system-boundaries/about,https://echo.epa.gov/detailed-facility-report?fid=NM3509623&sys=SDWIS,1
f033,fab,NY3202411,MVWA - MOHAWK VALLEY WATER AUTHORITY,NY,126250,38900,System Sourced,,https://water.ny.gov/doh2/applinks/waterqual/#/waterMaps,https://echo.epa.gov/detailed-facility-report?fid=NY3202411&sys=SDWIS,1
f036,fab,MN1270001,Bloomington,MN,91300,25172,System Sourced,,https://maps.umn.edu/LSL/,https://echo.epa.gov/detailed-facility-report?fid=MN1270001&sys=SDWIS,1
f037,fab,MN1270001,Bloomington,MN,91300,25172,System Sourced,,https://maps.umn.edu/LSL/,https://echo.epa.gov/detailed-facility-report?fid=MN1270001&sys=SDWIS,1
f041,fab,TX2270033,MANVILLE WSC,TX,39648,11987,System Sourced,,https://www3.twdb.texas.gov/apps/WaterServiceBoundaries/Home/Overview,https://echo.epa.gov/detailed-facility-report?fid=TX2270033&sys=SDWIS,1
f050,fab,VA6685100,"MANASSAS, CITY OF",VA,42696,11385,Modeled,,,https://echo.epa.gov/detailed-facility-report?fid=VA6685100&sys=SDWIS,1
f051,fab,ID4010016,VEOLIA WATER IDAHO,ID,262920,107316,System Sourced,,,https://echo.epa.gov/detailed-facility-report?fid=ID4010016&sys=SDWIS,1
f052,fab,NY3304336,OCWA,NY,350000,100948,System Sourced,,https://water.ny.gov/doh2/applinks/waterqual/#/waterMaps,https://echo.epa.gov/detailed-facility-report?fid=NY3304336&sys=SDWIS,1
f058,fab,TX0570015,CITY OF RICHARDSON,TX,122615,58307,System Sourced,,https://www3.twdb.texas.gov/apps/WaterServiceBoundaries/Home/Overview,https://echo.epa.gov/detailed-facility-report?fid=TX0570015&sys=SDWIS,1
f059,fab,TX0910006,CITY OF SHERMAN,TX,43645,21236,System Sourced,,https://www3.twdb.texas.gov/apps/WaterServiceBoundaries/Home/Overview,https://echo.epa.gov/detailed-facility-report?fid=TX0910006&sys=SDWIS,1
f060,fab,UTAH25015,LEHI CITY,UT,79978,22793,System Sourced,,https://dwre-utahdnr.opendata.arcgis.com/datasets/culinarywaterserviceareas/explore,https://echo.epa.gov/detailed-facility-report?fid=UTAH25015&sys=SDWIS,1
f078,fab,TX2270001,CITY OF AUSTIN WATER & WASTEWATER,TX,1115323,279758,System Sourced,,https://www3.twdb.texas.gov/apps/WaterServiceBoundaries/Home/Overview,https://echo.epa.gov/detailed-facility-report?fid=TX2270001&sys=SDWIS,1
f079,fab,TX0930003,WICKSON CREEK SUD GRIMES COUNTY,TX,4843,1863,System Sourced,,https://www3.twdb.texas.gov/apps/WaterServiceBoundaries/Home/Overview,https://echo.epa.gov/detailed-facility-report?fid=TX0930003&sys=SDWIS,1
f080,fab,TX2270255,AUSTINS COLONY,TX,9987,3329,System Sourced,,https://www3.twdb.texas.gov/apps/WaterServiceBoundaries/Home/Overview,https://echo.epa.gov/detailed-facility-report?fid=TX2270255&sys=SDWIS,2
f081,fab,TX2460004,CITY OF TAYLOR,TX,20622,7475,System Sourced,,https://www3.twdb.texas.gov/apps/WaterServiceBoundaries/Home/Overview,https://echo.epa.gov/detailed-facility-report?fid=TX2460004&sys=SDWIS,1
f089,fab,WA5310800,CAMAS MUNICIPAL WATER SEWER SYSTEM,WA,31794,11842,System Sourced,,https://geo.wa.gov/datasets/WADOH::drinking-water-service-areas/explore,https://echo.epa.gov/detailed-facility-report?fid=WA5310800&sys=SDWIS,1
f093,fab,FL3050442,"PALM BAY, CITY OF",FL,121160,34617,System Sourced,,https://data-floridaswater.opendata.arcgis.com/datasets/f2f54ba2896e464a890ce827644f250d_0/explore,https://echo.epa.gov/detailed-facility-report?fid=FL3050442&sys=SDWIS,1
f098,fab,OR4100357,"GRESHAM, CITY OF",OR,73932,17513,System Sourced,,https://images.app.goo.gl/u8B7ra4Ns5cA7Q148,https://echo.epa.gov/detailed-facility-report?fid=OR4100357&sys=SDWIS,1
f099,fab,PA2409003,PAW CRYSTAL LAKE,PA,9773,3814,System Sourced,,https://utility.arcgis.com/usrsvcs/servers/c17b1b447666404dbc1e686d02b506d9/rest/services/LeadServiceLineReplacement/LeadServiceLineReplacement_ComPub/MapServer,https://echo.epa.gov/detailed-facility-report?fid=PA2409003&sys=SDWIS,1
f102,fab,TX2270001,CITY OF AUSTIN WATER & WASTEWATER,TX,1115323,279758,System Sourced,,https://www3.twdb.texas.gov/apps/WaterServiceBoundaries/Home/Overview,https://echo.epa.gov/detailed-facility-report?fid=TX2270001&sys=SDWIS,1
f104,fab,MA3347000,WOBURN WATER DEPT.,MA,40876,11832,System Sourced,Verified,https://www.mass.gov/info-details/massgis-data-massdep-estimated-public-drinking-water-system-service-area-boundaries,https://echo.epa.gov/detailed-facility-report?fid=MA3347000&sys=SDWIS,1
f128,fab,WA5313333,CLARK PUBLIC UTILITIES,WA,116876,35485,System Sourced,,https://geo.wa.gov/datasets/WADOH::drinking-water-service-areas/explore,https://echo.epa.gov/detailed-facility-report?fid=WA5313333&sys=SDWIS,1
f132,fab,ME0091300,PORTLAND WATER DISTRICT-GREATER,ME,135068,54027,System Sourced,,https://www.arcgis.com/home/item.html?id=60dd1f5f3cb346e3b83f0277cd2d2975,https://echo.epa.gov/detailed-facility-report?fid=ME0091300&sys=SDWIS,1
f133,fab,TX0570004,DALLAS WATER UTILITY,TX,1356479,958265,System Sourced,,https://www3.twdb.texas.gov/apps/WaterServiceBoundaries/Home/Overview,https://echo.epa.gov/detailed-facility-report?fid=TX0570004&sys=SDWIS,1
f134,fab,TX0570004,DALLAS WATER UTILITY,TX,1356479,958265,System Sourced,,https://www3.twdb.texas.gov/apps/WaterServiceBoundaries/Home/Overview,https://echo.epa.gov/detailed-facility-report?fid=TX0570004&sys=SDWIS,1
f135,fab,TX0570004,DALLAS WATER UTILITY,TX,1356479,958265,System Sourced,,https://www3.twdb.texas.gov/apps/WaterServiceBoundaries/Home/Overview,https://echo.epa.gov/detailed-facility-report?fid=TX0570004&sys=SDWIS,1
f142,fab,NH1621010,PENNICHUCK WATER WORKS,NH,89073,27074,System Sourced,,https://www.arcgis.com/home/item.html?id=f7f367ce57c74d2595c3e84a8f31ad74,https://echo.epa.gov/detailed-facility-report?fid=NH1621010&sys=SDWIS,1
f143,fab,OR4101513,"HILLSBORO, CITY OF",OR,92632,28385,System Sourced,,https://gis.hillsboro-oregon.gov/waterservicelineinventory/,https://echo.epa.gov/detailed-facility-report?fid=OR4101513&sys=SDWIS,1
f146,fab,ME0091300,PORTLAND WATER DISTRICT-GREATER,ME,135068,54027,System Sourced,,https://www.arcgis.com/home/item.html?id=60dd1f5f3cb346e3b83f0277cd2d2975,https://echo.epa.gov/detailed-facility-report?fid=ME0091300&sys=SDWIS,1
f161,fab,CA1910213,"TORRANCE-CITY, WATER DEPT.",CA,106183,26830,System Sourced,Not Verified,https://gis.data.ca.gov/datasets/fbba842bf134497c9d611ad506ec48cc/explore,https://echo.epa.gov/detailed-facility-report?fid=CA1910213&sys=SDWIS,1
f169,fab,MA3030000,BEVERLY WATER DEPT,MA,47461,11506,System Sourced,Not Verified,https://www.mass.gov/info-details/massgis-data-massdep-estimated-public-drinking-water-system-service-area-boundaries,https://echo.epa.gov/detailed-facility-report?fid=MA3030000&sys=SDWIS,1
f170,fab,OR4100513,MEDFORD WATER COMMISSION,OR,95354,32319,System Sourced,,https://services1.arcgis.com/D9lq8fTFSna0imTR/arcgis/rest/services/ServiceLine_viewing_fe1935fcb35941a39270d537a0e6127a/FeatureServer/0,https://echo.epa.gov/detailed-facility-report?fid=OR4100513&sys=SDWIS,1
f171,fab,CA4210004,GOLETA WATER DISTRICT,CA,84462,16433,System Sourced,Not Verified,https://gis.data.ca.gov/datasets/fbba842bf134497c9d611ad506ec48cc/explore,https://echo.epa.gov/detailed-facility-report?fid=CA4210004&sys=SDWIS,1
f172,fab,CA0110001,ALAMEDA COUNTY WATER DISTRICT,CA,344000,86959,System Sourced,Verified,https://gis.data.ca.gov/datasets/fbba842bf134497c9d611ad506ec48cc/explore,https://echo.epa.gov/detailed-facility-report?fid=CA0110001&sys=SDWIS,1
f174,fab,MN1270001,Bloomington,MN,91300,25172,System Sourced,,https://maps.umn.edu/LSL/,https://echo.epa.gov/detailed-facility-report?fid=MN1270001&sys=SDWIS,1
f176,fab,CO0135291,FT COLLINS CITY OF,CO,179901,35866,System Sourced,,,https://echo.epa.gov/detailed-facility-report?fid=CO0135291&sys=SDWIS,1
f177,fab,NC0332010,"DURHAM, CITY OF",NC,322083,97873,System Sourced,Verified ,https://www.nconemap.gov/datasets/nconemap::type-a-current-public-water-systems-2004/about,https://echo.epa.gov/detailed-facility-report?fid=NC0332010&sys=SDWIS,1
f178,fab,CA5610019,CAMARILLO WATER DEPT,CA,46824,13924,System Sourced,Not Verified,https://gis.data.ca.gov/datasets/fbba842bf134497c9d611ad506ec48cc/explore,https://echo.epa.gov/detailed-facility-report?fid=CA5610019&sys=SDWIS,2
f179,fab,CA4310014,CITY OF SUNNYVALE,CA,157566,28372,System Sourced,Verified,https://gis.data.ca.gov/datasets/fbba842bf134497c9d611ad506ec48cc/explore,https://echo.epa.gov/detailed-facility-report?fid=CA4310014&sys=SDWIS,2
f205,fab,MA3149000,LAWRENCE WATER WORKS,MA,88877,12754,System Sourced,Verified,https://www.mass.gov/info-details/massgis-data-massdep-estimated-public-drinking-water-system-service-area-boundaries,https://echo.epa.gov/detailed-facility-report?fid=MA3149000&sys=SDWIS,1
f206,fab,TX0790005,CITY OF SUGAR LAND,TX,90909,31716,System Sourced,,https://www3.twdb.texas.gov/apps/WaterServiceBoundaries/Home/Overview,https://echo.epa.gov/detailed-facility-report?fid=TX0790005&sys=SDWIS,1
