{"type": "FeatureCollection", "features": [{"type": "Feature", "geometry": {"type": "Polygon", "coordinates": [[[-96.87312, 32.911653], [-96.87312, 32.9115985], [-96.873119, 32.911555], [-96.8731175, 32.9115115], [-96.87236, 32.9115485], [-96.8723715, 32.911714], [-96.8723885, 32.911713], [-96.872398, 32.911854], [-96.872988, 32.911825], [-96.872988, 32.9118705], [-96.873116, 32.911871], [-96.87312, 32.911653]]]}, "properties": {"id": "regrid-00661500000050000", "src": "regrid", "grp": "verify", "op": "GLOBAL WEBB LP", "ref": "00661500000050000", "locality": "dallas, TX", "acres": "0.59944", "for_site": "site-0701cec745", "address": "11800 WEBB CHAPEL RD, DALLAS, TX 75234-7722"}}, {"type": "Feature", "geometry": {"type": "Polygon", "coordinates": [[[-96.716956, 32.965433], [-96.7169715, 32.9644145], [-96.716891, 32.964345], [-96.7144745, 32.9643335], [-96.7144585, 32.965411], [-96.716956, 32.965433]]]}, "properties": {"id": "regrid-99180521400000000", "src": "regrid", "grp": "verify", "op": "REITER AFFILIATED COMPANIES LLC", "ref": "99180521400000000", "locality": "dallas, TX", "acres": "6.92344", "for_site": "site-0a5a5d5d66", "address": "1215 INTEGRITY DR, RICHARDSON, TX 75081"}}, {"type": "Feature", "geometry": {"type": "Polygon", "coordinates": [[[-78.8496875, 35.895768], [-78.849601, 35.8955375], [-78.8495225, 35.8953045], [-78.84952, 35.8953055], [-78.8486655, 35.895563], [-78.8486705, 35.895584], [-78.8486895, 35.895665], [-78.848688, 35.8956655], [-78.848636, 35.8956815], [-78.8486415, 35.8956945], [-78.84889, 35.8962395], [-78.8495745, 35.896033], [-78.849532, 35.8959395], [-78.849719, 35.895883], [-78.8497325, 35.895879], [-78.8496875, 35.895768]]]}, "properties": {"id": "regrid-157758", "src": "regrid", "grp": "verify", "op": "A&amp", "ref": "157758", "locality": "durham, NC", "acres": "1.5907", "for_site": "site-131b5a693f", "address": "4518 S MIAMI BLVD, DURHAM, NC 27703-8028"}}, {"type": "Feature", "geometry": {"type": "Polygon", "coordinates": [[[-96.818412, 32.7992035], [-96.817668, 32.8002105], [-96.819315, 32.802477], [-96.819431, 32.802374], [-96.8195355, 32.8024965], [-96.819645, 32.8026155], [-96.8197595, 32.8027315], [-96.8198785, 32.802844], [-96.8200025, 32.8029525], [-96.820131, 32.8030575], [-96.8202635, 32.8031585], [-96.8204005, 32.803256], [-96.8205415, 32.803349], [-96.8207015, 32.803152], [-96.819931, 32.8027055], [-96.8198655, 32.802579], [-96.819799, 32.80245], [-96.819778, 32.8024095], [-96.8200995, 32.8020135], [-96.8213315, 32.8004985], [-96.819292, 32.79929], [-96.819156, 32.7992185], [-96.819017, 32.7991525], [-96.818874, 32.799091], [-96.818852, 32.7990795], [-96.818828, 32.7990715], [-96.8188025, 32.799067], [-96.8187475, 32.7990645], [-96.8186925, 32.799068], [-96.8186385, 32.7990775], [-96.8185865, 32.7990925], [-96.818537, 32.799113], [-96.818491, 32.7991385], [-96.818449, 32.799169], [-96.818412, 32.7992035]]]}, "properties": {"id": "regrid-99170221430000000", "src": "regrid", "grp": "verify", "op": "INTEGRATED ALLIANCE", "ref": "99170221430000000", "locality": "dallas, TX", "acres": "18.10013", "for_site": "site-148d747ff6", "address": "1950 N STEMMONS FWY, DALLAS, TX 75207"}}, {"type": "Feature", "geometry": {"type": "Polygon", "coordinates": [[[-96.856848, 32.8073135], [-96.856517, 32.8072], [-96.8568255, 32.8085435], [-96.857946, 32.808386], [-96.8577155, 32.8072155], [-96.856848, 32.8073135]]]}, "properties": {"id": "regrid-99190305460000000", "src": "regrid", "grp": "verify", "op": "INTEGRATED CASH LOGISTICS INC", "ref": "99190305460000000", "locality": "dallas, TX", "acres": "3.62248", "for_site": "site-14e93ed9f4", "address": "3000 IRVING BLVD, DALLAS, TX 75247"}}, {"type": "Feature", "geometry": {"type": "Polygon", "coordinates": [[[-96.6480365, 32.976707], [-96.648698, 32.97671], [-96.6486905, 32.977757], [-96.64869, 32.977851], [-96.648688, 32.978112], [-96.6480095, 32.9781085], [-96.6480035, 32.979015], [-96.648523, 32.979017], [-96.650425, 32.9790245], [-96.6526855, 32.9790325], [-96.652721, 32.9775865], [-96.6527215, 32.977533], [-96.652727, 32.977417], [-96.652739, 32.977301], [-96.6527575, 32.9771855], [-96.6527825, 32.977071], [-96.6528135, 32.9769575], [-96.652851, 32.9768455], [-96.652895, 32.976735], [-96.652945, 32.9766265], [-96.653001, 32.97652], [-96.6530625, 32.976416], [-96.65313, 32.9763145], [-96.6532035, 32.9762155], [-96.653282, 32.9761195], [-96.653366, 32.976027], [-96.653455, 32.9759375], [-96.6535135, 32.9758835], [-96.6535735, 32.975831], [-96.653571, 32.975735], [-96.65357, 32.975734], [-96.653502, 32.975685], [-96.6534115, 32.975626], [-96.653317, 32.9755715], [-96.653219, 32.975522], [-96.6531175, 32.975477], [-96.6530135, 32.975437], [-96.6529065, 32.975402], [-96.6527975, 32.9753725], [-96.652687, 32.975348], [-96.6525745, 32.9753295], [-96.652461, 32.975316], [-96.652347, 32.975308], [-96.652346, 32.975308], [-96.652334, 32.9753075], [-96.652308, 32.975306], [-96.652299, 32.9753055], [-96.652287, 32.9753055], [-96.652285, 32.9753055], [-96.652239, 32.9753045], [-96.652229, 32.975304], [-96.652227, 32.975304], [-96.652215, 32.975304], [-96.6521495, 32.9753035], [-96.6521405, 32.975304], [-96.652131, 32.975305], [-96.6521225, 32.9753075], [-96.652114, 32.975311], [-96.6521065, 32.975316], [-96.6521, 32.9753215], [-96.652095, 32.975328], [-96.652091, 32.9753345], [-96.652088, 32.9753415], [-96.652077, 32.9753655], [-96.652062, 32.975388], [-96.6520425, 32.975408], [-96.6520195, 32.975425], [-96.651993, 32.975439], [-96.651965, 32.975449], [-96.651935, 32.975455], [-96.6519045, 32.975457], [-96.651902, 32.975457], [-96.651872, 32.9754545], [-96.6518435, 32.975448], [-96.651816, 32.9754375], [-96.651791, 32.975424], [-96.651769, 32.975407], [-96.6517505, 32.975388], [-96.6517355, 32.975366], [-96.651725, 32.9753425], [-96.6517255, 32.9753255], [-96.6517235, 32.9753165], [-96.65172, 32.975308], [-96.651715, 32.9752995], [-96.651708, 32.9752925], [-96.6517, 32.975286], [-96.651691, 32.975281], [-96.651681, 32.9752775], [-96.65167, 32.9752755], [-96.651656, 32.9751375], [-96.648535, 32.9751265], [-96.6485225, 32.9751265], [-96.648047, 32.975125], [-96.6480325, 32.975125], [-96.64803, 32.9751865], [-96.6480295, 32.9752625], [-96.6480295, 32.9752675], [-96.64802, 32.9767065], [-96.6480365, 32.976707]]]}, "properties": {"id": "regrid-26C135400A0000A00", "src": "regrid", "grp": "verify", "op": "DIGITAL GARLAND CAMPELL LP", "ref": "26C135400A0000A00", "locality": "dallas, TX", "acres": "45.71394", "for_site": "site-1f7ce6cfc1", "address": "1502 FERRIS RD, GARLAND, TX 75044"}}, {"type": "Feature", "geometry": {"type": "Polygon", "coordinates": [[[-96.8727675, 32.820601], [-96.872415, 32.8203675], [-96.872441, 32.8204315], [-96.8724645, 32.820488], [-96.8725075, 32.820571], [-96.8728825, 32.8214875], [-96.8734005, 32.8227785], [-96.8734395, 32.8227665], [-96.8735455, 32.822734], [-96.873637, 32.822707], [-96.873656, 32.8227015], [-96.873678, 32.822695], [-96.8742605, 32.822524], [-96.8743925, 32.8224855], [-96.874878, 32.8223445], [-96.8750215, 32.8223025], [-96.8751765, 32.822258], [-96.875241, 32.822239], [-96.8752065, 32.8222165], [-96.874702, 32.821882], [-96.8742385, 32.821575], [-96.8741915, 32.821544], [-96.8737625, 32.82126], [-96.8732555, 32.820924], [-96.8727675, 32.820601]]]}, "properties": {"id": "regrid-99160916300000000", "src": "regrid", "grp": "verify", "op": "CHARTER", "ref": "99160916300000000", "locality": "dallas, TX", "acres": "6.32943", "for_site": "site-212f8959af", "address": "1100 EMPIRE CENTRAL PL, DALLAS, TX 75247"}}, {"type": "Feature", "geometry": {"type": "Polygon", "coordinates": [[[-96.6605475, 32.9801695], [-96.6605405, 32.9800745], [-96.660598, 32.979925], [-96.6605905, 32.9798515], [-96.6605265, 32.979807], [-96.6604765, 32.979745], [-96.660522, 32.979643], [-96.660605, 32.97962], [-96.6606035, 32.979655], [-96.660662, 32.979685], [-96.660731, 32.9796535], [-96.660765, 32.979569], [-96.659811, 32.9787275], [-96.6582505, 32.978739], [-96.6570745, 32.978748], [-96.657061, 32.979693], [-96.6556165, 32.979696], [-96.655618, 32.982396], [-96.6602705, 32.9823695], [-96.660257, 32.982146], [-96.6602595, 32.9819665], [-96.6601875, 32.9819125], [-96.660227, 32.981745], [-96.660456, 32.9813395], [-96.660579, 32.981258], [-96.660727, 32.9811155], [-96.660775, 32.981054], [-96.66079, 32.9809435], [-96.6608, 32.98085], [-96.6608265, 32.980738], [-96.6608425, 32.980688], [-96.660806, 32.980503], [-96.660702, 32.980428], [-96.6607015, 32.980342], [-96.6605475, 32.9801695]]]}, "properties": {"id": "regrid-99120223110000000", "src": "regrid", "grp": "verify", "op": "BACKUP TECHNOLOGY US", "ref": "99120223110000000", "locality": "dallas, TX", "acres": "41.83004", "for_site": "site-22dd550629", "address": "2008 LOOKOUT DR, GARLAND, TX 75082"}}, {"type": "Feature", "geometry": {"type": "Polygon", "coordinates": [[[-78.879305, 35.9359785], [-78.879302, 35.9361655], [-78.8792945, 35.9361805], [-78.8792755, 35.9375625], [-78.87924, 35.9385535], [-78.8798635, 35.9385365], [-78.8803715, 35.938523], [-78.880368, 35.9380955], [-78.879689, 35.938098], [-78.879686, 35.937603], [-78.8803685, 35.9376005], [-78.8803685, 35.9376], [-78.880378, 35.9375595], [-78.880394, 35.937519], [-78.880416, 35.937481], [-78.8804435, 35.9374455], [-78.880476, 35.937413], [-78.8805135, 35.937384], [-78.8813545, 35.936812], [-78.8814295, 35.936765], [-78.88151, 35.936724], [-78.8815945, 35.9366895], [-78.881683, 35.936661], [-78.881774, 35.9366395], [-78.881774, 35.9366315], [-78.8822795, 35.9366335], [-78.8822855, 35.9366335], [-78.882299, 35.9335775], [-78.881804, 35.933566], [-78.881797, 35.9329325], [-78.8809075, 35.932929], [-78.8801745, 35.932926], [-78.8801645, 35.932926], [-78.879738, 35.9344565], [-78.8797365, 35.9344615], [-78.879683, 35.93462], [-78.8796865, 35.934621], [-78.8796015, 35.93492], [-78.8794705, 35.9353825], [-78.8794995, 35.9353885], [-78.8794845, 35.9354435], [-78.8793815, 35.9358135], [-78.8793535, 35.9358085], [-78.879333, 35.9358805], [-78.879305, 35.9359785]]]}, "properties": {"id": "regrid-156986", "src": "regrid", "grp": "verify", "op": "C1 RALEIGH-DURHAM I LLC", "ref": "156986", "locality": "durham, NC", "acres": "29.02607", "for_site": "site-2d06a48b27", "address": "2223 NE CREEK PKWY, DURHAM, NC 27713-1851"}}, {"type": "Feature", "geometry": {"type": "Polygon", "coordinates": [[[-96.7907075, 32.924051], [-96.7907065, 32.924251], [-96.79201, 32.9242495], [-96.792009, 32.9240145], [-96.792009, 32.9239735], [-96.7920075, 32.923549], [-96.792007, 32.9234115], [-96.792006, 32.9230675], [-96.792006, 32.923026], [-96.792007, 32.922672], [-96.792005, 32.922547], [-96.791998, 32.9221135], [-96.7907045, 32.9221535], [-96.790716, 32.923048], [-96.7903105, 32.9234455], [-96.7903695, 32.9234795], [-96.790425, 32.923518], [-96.790476, 32.9235595], [-96.790523, 32.923605], [-96.7905655, 32.9236535], [-96.7906025, 32.923705], [-96.7906345, 32.923759], [-96.7906605, 32.9238145], [-96.7906815, 32.9238725], [-96.790696, 32.923931], [-96.7907045, 32.923991], [-96.7907075, 32.924051]]]}, "properties": {"id": "regrid-99241011800000000", "src": "regrid", "grp": "verify", "op": "DATABANK", "ref": "99241011800000000", "locality": "dallas, TX", "acres": "7.42206", "for_site": "site-38fc9eb19d", "address": "6606 LBJ FWY, DALLAS, TX 75240"}}, {"type": "Feature", "geometry": {"type": "Polygon", "coordinates": [[[-86.171227, 39.759246], [-86.1712255, 39.7598805], [-86.171274, 39.7598805], [-86.171696, 39.7598835], [-86.171698, 39.7591385], [-86.1716985, 39.759027], [-86.1712915, 39.7590265], [-86.171291, 39.759246], [-86.171227, 39.759246]]]}, "properties": {"id": "regrid-1104774", "src": "regrid", "grp": "verify", "op": "NETRALITY INDY MULTIPARCEL OWNER LLC", "ref": "1104774", "locality": "marion, IN", "acres": "0.91258", "for_site": "site-47593f20fd", "address": "711 W HENRY ST, INDIANAPOLIS, IN 46225"}}, {"type": "Feature", "geometry": {"type": "Polygon", "coordinates": [[[-96.818412, 32.7992035], [-96.817668, 32.8002105], [-96.819315, 32.802477], [-96.819431, 32.802374], [-96.8195355, 32.8024965], [-96.819645, 32.8026155], [-96.8197595, 32.8027315], [-96.8198785, 32.802844], [-96.8200025, 32.8029525], [-96.820131, 32.8030575], [-96.8202635, 32.8031585], [-96.8204005, 32.803256], [-96.8205415, 32.803349], [-96.8207015, 32.803152], [-96.819931, 32.8027055], [-96.8198655, 32.802579], [-96.819799, 32.80245], [-96.819778, 32.8024095], [-96.8200995, 32.8020135], [-96.8213315, 32.8004985], [-96.819292, 32.79929], [-96.819156, 32.7992185], [-96.819017, 32.7991525], [-96.818874, 32.799091], [-96.818852, 32.7990795], [-96.818828, 32.7990715], [-96.8188025, 32.799067], [-96.8187475, 32.7990645], [-96.8186925, 32.799068], [-96.8186385, 32.7990775], [-96.8185865, 32.7990925], [-96.818537, 32.799113], [-96.818491, 32.7991385], [-96.818449, 32.799169], [-96.818412, 32.7992035]]]}, "properties": {"id": "regrid-99170221430000000", "src": "regrid", "grp": "verify", "op": "INTEGRATED ALLIANCE", "ref": "99170221430000000", "locality": "dallas, TX", "acres": "18.10013", "for_site": "site-4ee70ffae5", "address": "1950 N STEMMONS FWY, DALLAS, TX 75207"}}, {"type": "Feature", "geometry": {"type": "Polygon", "coordinates": [[[-96.8690215, 32.8076045], [-96.869024, 32.807596], [-96.869025, 32.8075875], [-96.8690315, 32.8072015], [-96.8690365, 32.8069265], [-96.869041, 32.8066515], [-96.869046, 32.806377], [-96.868234, 32.806367], [-96.868229, 32.8066415], [-96.8682245, 32.8069165], [-96.8682195, 32.8071915], [-96.868212, 32.8076325], [-96.868959, 32.807642], [-96.868969, 32.807641], [-96.868979, 32.8076395], [-96.8689885, 32.807636], [-96.8689975, 32.8076315], [-96.8690055, 32.807626], [-96.869012, 32.8076195], [-96.8690175, 32.8076125], [-96.8690215, 32.8076045]]]}, "properties": {"id": "regrid-99130327116000000", "src": "regrid", "grp": "verify", "op": "UT SYSTEM OTS", "ref": "99130327116000000", "locality": "dallas, TX", "acres": "2.63669", "for_site": "site-60dc22d82d", "address": "3180 IRVING BLVD, DALLAS, TX 75247"}}, {"type": "Feature", "geometry": {"type": "Polygon", "coordinates": [[[-86.0407125, 39.773959], [-86.040726, 39.776053], [-86.041921, 39.7760425], [-86.041934, 39.7767015], [-86.0445035, 39.7766785], [-86.044503, 39.776557], [-86.0445555, 39.776516], [-86.044889, 39.776515], [-86.0451305, 39.776621], [-86.0451285, 39.776245], [-86.0449545, 39.776309], [-86.044512, 39.7763185], [-86.0445085, 39.776043], [-86.044497, 39.775643], [-86.0428115, 39.775651], [-86.0414165, 39.7756575], [-86.0413905, 39.773956], [-86.0407125, 39.773959]]]}, "properties": {"id": "regrid-7046874", "src": "regrid", "grp": "verify", "op": "LIVE WIRE TECHNOLOGIES, LLC", "ref": "7046874", "locality": "marion, IN", "acres": "10.48776", "for_site": "site-6340cd6893", "address": "401 N SHADELAND AVE, INDIANAPOLIS, IN 46219"}}, {"type": "Feature", "geometry": {"type": "Polygon", "coordinates": [[[-96.7830305, 32.7826915], [-96.7829305, 32.7823605], [-96.7827735, 32.7823935], [-96.7826175, 32.782426], [-96.7827135, 32.782758], [-96.782869, 32.7827265], [-96.7830305, 32.7826915]]]}, "properties": {"id": "regrid-99170221170000000", "src": "regrid", "grp": "verify", "op": "NAJEE BABAR", "ref": "99170221170000000", "locality": "dallas, TX", "acres": "0.28515", "for_site": "site-6b3b9fc4ff", "address": "2805 CANTON ST, DALLAS, TX 75226"}}, {"type": "Feature", "geometry": {"type": "Polygon", "coordinates": [[[-78.8496875, 35.895768], [-78.849601, 35.8955375], [-78.8495225, 35.8953045], [-78.84952, 35.8953055], [-78.8486655, 35.895563], [-78.8486705, 35.895584], [-78.8486895, 35.895665], [-78.848688, 35.8956655], [-78.848636, 35.8956815], [-78.8486415, 35.8956945], [-78.84889, 35.8962395], [-78.8495745, 35.896033], [-78.849532, 35.8959395], [-78.849719, 35.895883], [-78.8497325, 35.895879], [-78.8496875, 35.895768]]]}, "properties": {"id": "regrid-157758", "src": "regrid", "grp": "verify", "op": "A&amp", "ref": "157758", "locality": "durham, NC", "acres": "1.5907", "for_site": "site-6fe90ac1d9", "address": "4518 S MIAMI BLVD, DURHAM, NC 27703-8028"}}, {"type": "Feature", "geometry": {"type": "Polygon", "coordinates": [[[-96.8660395, 32.839791], [-96.8660375, 32.839479], [-96.866923, 32.8387225], [-96.865643, 32.8376405], [-96.865396, 32.8374335], [-96.865347, 32.8374335], [-96.8629375, 32.839503], [-96.8629385, 32.8395045], [-96.8637445, 32.84024], [-96.8638385, 32.840323], [-96.8645145, 32.8408965], [-96.8652675, 32.8402675], [-96.8654155, 32.840393], [-96.865761, 32.840108], [-96.8658205, 32.8400605], [-96.8658845, 32.840018], [-96.8659525, 32.83998], [-96.8660245, 32.8399465], [-96.866099, 32.839919], [-96.8660395, 32.839791]]]}, "properties": {"id": "regrid-005771000A0010000", "src": "regrid", "grp": "verify", "op": "VICEROY PARTNERS II LP", "ref": "005771000A0010000", "locality": "dallas, TX", "acres": "17.6399", "for_site": "site-702d6f4e5d", "address": "8600 HARRY HINES BLVD, DALLAS, TX 75235-3000"}}, {"type": "Feature", "geometry": {"type": "Polygon", "coordinates": [[[-86.17064, 39.7594275], [-86.170639, 39.7598765], [-86.170645, 39.7598765], [-86.1712255, 39.7598805], [-86.171227, 39.759246], [-86.171291, 39.759246], [-86.1712915, 39.7590265], [-86.171192, 39.759026], [-86.17064, 39.7594275]]]}, "properties": {"id": "regrid-1104775", "src": "regrid", "grp": "verify", "op": "NETRALITY INDY MULTIPARCEL OWNER LLC", "ref": "1104775", "locality": "marion, IN", "acres": "0.94789", "for_site": "site-7460fa2ad9", "address": "701 W HENRY ST, INDIANAPOLIS, IN 46225"}}, {"type": "Feature", "geometry": {"type": "Polygon", "coordinates": [[[-96.710414, 32.965901], [-96.710401, 32.9668095], [-96.711915, 32.9668225], [-96.712265, 32.966826], [-96.712278, 32.9659205], [-96.710414, 32.965901]]]}, "properties": {"id": "regrid-99170301500000000", "src": "regrid", "grp": "verify", "op": "THE FREEMAN COMPANY", "ref": "99170301500000000", "locality": "dallas, TX", "acres": "4.33249", "for_site": "site-772d54c3e3", "address": "904 QUALITY WAY, RICHARDSON, TX 75081"}}, {"type": "Feature", "geometry": {"type": "Polygon", "coordinates": [[[-96.872328, 32.817851], [-96.872715, 32.8181065], [-96.872775, 32.818149], [-96.87358, 32.81728], [-96.8736205, 32.8172365], [-96.873405, 32.8170945], [-96.873365, 32.8171375], [-96.8731315, 32.8169835], [-96.8730525, 32.817069], [-96.8729725, 32.8171555], [-96.8728135, 32.817327], [-96.872328, 32.817851]]]}, "properties": {"id": "regrid-99140325500000000", "src": "regrid", "grp": "verify", "op": "ELISEO TIM", "ref": "99140325500000000", "locality": "dallas, TX", "acres": "1.6485", "for_site": "site-7d1dcde9cc", "address": "7505 JOHN W CARPENTER FWY, DALLAS, TX 75247"}}, {"type": "Feature", "geometry": {"type": "Polygon", "coordinates": [[[-96.9808325, 32.898137], [-96.980874, 32.898286], [-96.9809555, 32.8983275], [-96.981063, 32.8983785], [-96.9811735, 32.898425], [-96.981287, 32.898466], [-96.9814035, 32.8985015], [-96.9815215, 32.898532], [-96.9816415, 32.8985565], [-96.981763, 32.8985755], [-96.981886, 32.8985885], [-96.982009, 32.898596], [-96.9821325, 32.898598], [-96.9822445, 32.898599], [-96.982356, 32.8986045], [-96.982467, 32.898614], [-96.9825775, 32.898628], [-96.982687, 32.898646], [-96.982846, 32.898677], [-96.9830035, 32.8987115], [-96.9831605, 32.8987495], [-96.9833395, 32.8986825], [-96.983443, 32.898484], [-96.983541, 32.898284], [-96.9836325, 32.8980815], [-96.9837175, 32.897877], [-96.9837965, 32.897671], [-96.9838695, 32.8974635], [-96.9839355, 32.897254], [-96.9839955, 32.8970435], [-96.9840495, 32.8968315], [-96.9840965, 32.896619], [-96.984137, 32.896405], [-96.984171, 32.8961905], [-96.9841985, 32.895975], [-96.9842195, 32.8957595], [-96.983602, 32.8957635], [-96.9835845, 32.8957635], [-96.9835675, 32.895761], [-96.9835515, 32.895756], [-96.9835365, 32.8957485], [-96.9835235, 32.895739], [-96.9835125, 32.895728], [-96.9835035, 32.895716], [-96.9834975, 32.8957025], [-96.9834945, 32.895688], [-96.983494, 32.8956735], [-96.9834925, 32.8953955], [-96.9832065, 32.8953965], [-96.9832055, 32.895118], [-96.98289, 32.8951175], [-96.9823755, 32.8954095], [-96.9823745, 32.8956905], [-96.981237, 32.895689], [-96.9812195, 32.8956625], [-96.981128, 32.895703], [-96.9811275, 32.8957035], [-96.9811885, 32.8957985], [-96.9812435, 32.8958965], [-96.9812915, 32.8959965], [-96.981333, 32.8960985], [-96.981368, 32.8962025], [-96.981396, 32.896308], [-96.9814175, 32.8964145], [-96.9814315, 32.8965215], [-96.9814405, 32.8966215], [-96.9814435, 32.896722], [-96.9814405, 32.896822], [-96.9814315, 32.896922], [-96.9814165, 32.8970215], [-96.9813955, 32.89712], [-96.9813685, 32.8972175], [-96.9813355, 32.897314], [-96.981281, 32.8974305], [-96.9812225, 32.897546], [-96.98116, 32.89766], [-96.981093, 32.897772], [-96.9808325, 32.898137]]]}, "properties": {"id": "regrid-99260522170000000", "src": "regrid", "grp": "verify", "op": "ADVANCED MICRO DIVICES INC", "ref": "99260522170000000", "locality": "dallas, TX", "acres": "21.13446", "for_site": "site-852dc23e83", "address": "6431 LONGHORN DR, IRVING, TX 75063"}}, {"type": "Feature", "geometry": {"type": "Polygon", "coordinates": [[[-96.651703, 32.982623], [-96.652122, 32.9826215], [-96.6523035, 32.9826295], [-96.652294, 32.983262], [-96.652286, 32.9838215], [-96.650973, 32.9838065], [-96.6509725, 32.983906], [-96.651301, 32.9839855], [-96.6516195, 32.984474], [-96.651678, 32.98446], [-96.6517845, 32.98447], [-96.6520975, 32.9844595], [-96.652517, 32.9844585], [-96.652739, 32.984471], [-96.6529355, 32.984469], [-96.653356, 32.984457], [-96.6534625, 32.984458], [-96.6537755, 32.9844565], [-96.653878, 32.984459], [-96.6541955, 32.984456], [-96.654292, 32.9844605], [-96.6546155, 32.984455], [-96.6550355, 32.9844545], [-96.6554555, 32.9844535], [-96.655558, 32.9844595], [-96.655876, 32.984453], [-96.6559785, 32.9844595], [-96.656055, 32.9844515], [-96.6560855, 32.9826645], [-96.654228, 32.982667], [-96.654033, 32.982667], [-96.653483, 32.9826635], [-96.6533835, 32.982677], [-96.653149, 32.9826805], [-96.6530535, 32.982672], [-96.6529595, 32.9826585], [-96.6528815, 32.982649], [-96.6528045, 32.982636], [-96.6527285, 32.9826195], [-96.6526305, 32.9825965], [-96.6525345, 32.982567], [-96.652441, 32.9825325], [-96.652351, 32.9824925], [-96.652264, 32.982447], [-96.6521815, 32.9823965], [-96.652103, 32.9823415], [-96.65203, 32.982282], [-96.651892, 32.982152], [-96.651774, 32.9821445], [-96.6516725, 32.98221], [-96.6515685, 32.9822725], [-96.6514615, 32.9823315], [-96.651352, 32.982387], [-96.651305, 32.982402], [-96.6513045, 32.9826365], [-96.651336, 32.982636], [-96.651703, 32.982623]]]}, "properties": {"id": "regrid-99230421500000000", "src": "regrid", "grp": "verify", "op": "OBOE LLC", "ref": "99230421500000000", "locality": "dallas, TX", "acres": "19.91231", "for_site": "site-856bdd0d7c", "address": "1813 LOOKOUT DR, GARLAND, TX 75044"}}, {"type": "Feature", "geometry": {"type": "Polygon", "coordinates": [[[-86.1699725, 39.77308], [-86.1699755, 39.7729975], [-86.167097, 39.772927], [-86.167094, 39.7730095], [-86.167088, 39.7731585], [-86.1670825, 39.773308], [-86.1670765, 39.773457], [-86.167071, 39.7736065], [-86.1670695, 39.7736475], [-86.1670635, 39.7737965], [-86.1670575, 39.773946], [-86.167052, 39.774095], [-86.167048, 39.774199], [-86.1671295, 39.774245], [-86.1677125, 39.774259], [-86.167766, 39.7742605], [-86.1679065, 39.774264], [-86.1680195, 39.7742665], [-86.168123, 39.774269], [-86.168226, 39.7742715], [-86.168329, 39.774274], [-86.168432, 39.7742765], [-86.1686455, 39.774282], [-86.169312, 39.774298], [-86.169365, 39.7742995], [-86.169477, 39.7743025], [-86.1695875, 39.774305], [-86.1696975, 39.7743075], [-86.169808, 39.7743105], [-86.169925, 39.774313], [-86.1699355, 39.7740405], [-86.1699365, 39.774006], [-86.1699405, 39.77391], [-86.169944, 39.773814], [-86.169948, 39.773718], [-86.1699495, 39.7736765], [-86.169953, 39.773586], [-86.1699565, 39.7734955], [-86.1699575, 39.7734655], [-86.1699725, 39.77308]]]}, "properties": {"id": "regrid-1022944", "src": "regrid", "grp": "verify", "op": "INDIANA UNIVERSITY TRS, ATTN REAL ESTATE DEPARTMENT", "ref": "1022944", "locality": "marion, IN", "acres": "8.90069", "for_site": "site-86ae0bd9ef", "address": "535 W MICHIGAN ST, INDIANAPOLIS, IN 46202"}}, {"type": "Feature", "geometry": {"type": "Polygon", "coordinates": [[[-78.8505245, 35.881057], [-78.8505225, 35.8810555], [-78.8503475, 35.8820425], [-78.850347, 35.882045], [-78.8505285, 35.8823665], [-78.8511705, 35.8827755], [-78.8523675, 35.8805575], [-78.8523615, 35.8805555], [-78.851931, 35.8804015], [-78.8518685, 35.8803825], [-78.851804, 35.8803695], [-78.851738, 35.880362], [-78.8516715, 35.88036], [-78.851633, 35.880361], [-78.851479, 35.8803655], [-78.8514405, 35.880437], [-78.851123, 35.8810255], [-78.8511155, 35.881037], [-78.8511055, 35.8810475], [-78.851094, 35.881056], [-78.851081, 35.8810635], [-78.851067, 35.881069], [-78.850893, 35.8811245], [-78.85084, 35.881108], [-78.8507845, 35.881098], [-78.850578, 35.8810735], [-78.8505585, 35.8810695], [-78.85054, 35.881064], [-78.8505245, 35.881057]]]}, "properties": {"id": "regrid-204031", "src": "regrid", "grp": "verify", "op": "CAROLINA REAL ESTATE PARTNERS LLC", "ref": "204031", "locality": "durham, NC", "acres": "6.18129", "for_site": "site-8bad5e6c15", "address": "5400 S MIAMI BLVD, DURHAM, NC 27703-0079"}}, {"type": "Feature", "geometry": {"type": "Polygon", "coordinates": [[[-96.8554265, 32.9794105], [-96.851456, 32.97939], [-96.851442, 32.9794035], [-96.8514805, 32.979594], [-96.8515245, 32.9797835], [-96.8515745, 32.979972], [-96.85163, 32.9801595], [-96.8516915, 32.9803455], [-96.8517585, 32.9805305], [-96.85178, 32.9805435], [-96.8554065, 32.9805455], [-96.8554565, 32.9805045], [-96.8554745, 32.979452], [-96.8554265, 32.9794105]]]}, "properties": {"id": "regrid-99120326400000000", "src": "regrid", "grp": "verify", "op": "MITCHELL INTERNATIONAL", "ref": "99120326400000000", "locality": "dallas, TX", "acres": "11.37187", "for_site": "site-90401405f9", "address": "2440 MARSH LN, CARROLLTON, TX 75006"}}, {"type": "Feature", "geometry": {"type": "Polygon", "coordinates": [[[-96.880199, 32.837311], [-96.879895, 32.837417], [-96.8798525, 32.8374415], [-96.8797655, 32.837461], [-96.879705, 32.8374795], [-96.8795825, 32.837514], [-96.879459, 32.8375445], [-96.8793575, 32.837566], [-96.8792155, 32.8375915], [-96.879072, 32.837611], [-96.878928, 32.8376255], [-96.878783, 32.837634], [-96.878638, 32.837637], [-96.878493, 32.837635], [-96.877477, 32.837599], [-96.8774405, 32.837598], [-96.877406, 32.838235], [-96.877251, 32.838229], [-96.8766765, 32.8382065], [-96.87622, 32.838189], [-96.8761205, 32.8381825], [-96.8760205, 32.8381785], [-96.8760455, 32.838296], [-96.87613, 32.8382965], [-96.876214, 32.838299], [-96.876351, 32.8383045], [-96.876339, 32.838544], [-96.8771885, 32.8385015], [-96.877387, 32.838575], [-96.878109, 32.838843], [-96.8790455, 32.8385165], [-96.8790825, 32.838593], [-96.8795515, 32.8384295], [-96.879588, 32.8384165], [-96.8801805, 32.83821], [-96.880303, 32.8381675], [-96.880571, 32.838084], [-96.8805155, 32.8379605], [-96.880493, 32.8379115], [-96.880199, 32.837311]]]}, "properties": {"id": "regrid-99250326111000000", "src": "regrid", "grp": "verify", "op": "OPSGLUE LLC", "ref": "99250326111000000", "locality": "dallas, TX", "acres": "8.56234", "for_site": "site-975174d47e", "address": "1515 ROUND TABLE DR, DALLAS, TX 75247"}}, {"type": "Feature", "geometry": {"type": "Polygon", "coordinates": [[[-96.794816, 32.7834445], [-96.7945885, 32.7832895], [-96.794317, 32.783341], [-96.794265, 32.7834045], [-96.7941535, 32.783539], [-96.7941495, 32.7835445], [-96.794137, 32.783561], [-96.794123, 32.783584], [-96.7941085, 32.7836135], [-96.794098, 32.783645], [-96.7940915, 32.7836765], [-96.794089, 32.783709], [-96.7940895, 32.7837345], [-96.7940905, 32.783741], [-96.794093, 32.78376], [-96.794099, 32.7837855], [-96.794108, 32.7838105], [-96.794119, 32.7838345], [-96.794132, 32.7838575], [-96.7941455, 32.783876], [-96.794148, 32.7838795], [-96.794166, 32.7839005], [-96.794186, 32.78392], [-96.794207, 32.783939], [-96.794207, 32.7839395], [-96.7942545, 32.783982], [-96.7944715, 32.784178], [-96.794619, 32.7840555], [-96.79469, 32.7839965], [-96.794927, 32.7838], [-96.795112, 32.783646], [-96.794816, 32.7834445]]]}, "properties": {"id": "regrid-99171212360000000", "src": "regrid", "grp": "verify", "op": "PROVISION DATA SERVICES", "ref": "99171212360000000", "locality": "dallas, TX", "acres": "1.3502", "for_site": "site-9ea7d54ec0", "address": "2020 LIVE OAK ST, DALLAS, TX 75201"}}, {"type": "Feature", "geometry": {"type": "Polygon", "coordinates": [[[-96.836929, 32.9492775], [-96.8369215, 32.9499375], [-96.8377365, 32.949948], [-96.837744, 32.9492885], [-96.836929, 32.9492775]]]}, "properties": {"id": "regrid-99200205400000000", "src": "regrid", "grp": "verify", "op": "INFOLOB SOLUTIONS INC", "ref": "99200205400000000", "locality": "dallas, TX", "acres": "1.37832", "for_site": "site-a18c77a062", "address": "4215 N BELTWOOD PKWY, FARMERS BRANCH, TX 75244"}}, {"type": "Feature", "geometry": {"type": "Polygon", "coordinates": [[[-96.809735, 32.9329265], [-96.8082845, 32.932897], [-96.808275, 32.933964], [-96.8097195, 32.933986], [-96.809735, 32.9329265]]]}, "properties": {"id": "regrid-99943120000211100", "src": "regrid", "grp": "verify", "op": "RTW FINANCIAL ADVISORS INC", "ref": "99943120000211100", "locality": "dallas, TX", "acres": "3.94624", "for_site": "site-a62179a60b", "address": "5757 ALPHA RD, DALLAS, TX 75254"}}, {"type": "Feature", "geometry": {"type": "Polygon", "coordinates": [[[-96.8731505, 32.8271485], [-96.873222, 32.827323], [-96.8734805, 32.8279535], [-96.873606, 32.828293], [-96.8736225, 32.828337], [-96.8738375, 32.828271], [-96.8748345, 32.8279665], [-96.8748265, 32.827947], [-96.87469, 32.8276065], [-96.874425, 32.826945], [-96.8743565, 32.8267735], [-96.874173, 32.8263155], [-96.874127, 32.8262005], [-96.8741215, 32.826187], [-96.8734385, 32.8263945], [-96.8734445, 32.826408], [-96.8734955, 32.8265245], [-96.873694, 32.826979], [-96.8732745, 32.8271095], [-96.8731505, 32.8271485]]]}, "properties": {"id": "regrid-99150511170000000", "src": "regrid", "grp": "verify", "op": "DROPBOX INC", "ref": "99150511170000000", "locality": "dallas, TX", "acres": "5.27412", "for_site": "site-b794326aaf", "address": "8435 N STEMMONS FWY, DALLAS, TX 75247"}}, {"type": "Feature", "geometry": {"type": "Polygon", "coordinates": [[[-86.171227, 39.759246], [-86.1712255, 39.7598805], [-86.171274, 39.7598805], [-86.171696, 39.7598835], [-86.171698, 39.7591385], [-86.1716985, 39.759027], [-86.1712915, 39.7590265], [-86.171291, 39.759246], [-86.171227, 39.759246]]]}, "properties": {"id": "regrid-1104774", "src": "regrid", "grp": "verify", "op": "NETRALITY INDY MULTIPARCEL OWNER LLC", "ref": "1104774", "locality": "marion, IN", "acres": "0.91258", "for_site": "site-c395b98caa", "address": "711 W HENRY ST, INDIANAPOLIS, IN 46225"}}, {"type": "Feature", "geometry": {"type": "Polygon", "coordinates": [[[-96.706464, 32.9766395], [-96.7064625, 32.9766835], [-96.706462, 32.976705], [-96.7073785, 32.976729], [-96.708486, 32.9767555], [-96.70849, 32.9762215], [-96.7084955, 32.975581], [-96.70847, 32.9755805], [-96.708385, 32.9755785], [-96.7083585, 32.9755775], [-96.7083255, 32.975577], [-96.708302, 32.9755765], [-96.7066105, 32.975534], [-96.7065265, 32.9756005], [-96.706509, 32.9760815], [-96.706475, 32.9762535], [-96.706466, 32.976569], [-96.706464, 32.9766395]]]}, "properties": {"id": "regrid-99120223410000000", "src": "regrid", "grp": "verify", "op": "STATE NATIONAL COMPANIES", "ref": "99120223410000000", "locality": "dallas, TX", "acres": "6.00045", "for_site": "site-c71375afc2", "address": "1001 E CAMPBELL RD, RICHARDSON, TX 75082"}}, {"type": "Feature", "geometry": {"type": "Polygon", "coordinates": [[[-78.8782125, 35.895826], [-78.8779275, 35.895829], [-78.8773635, 35.897825], [-78.8775285, 35.897899], [-78.8776965, 35.8979675], [-78.877868, 35.89803], [-78.8780425, 35.898087], [-78.87822, 35.8981375], [-78.879539, 35.898489], [-78.879823, 35.8982915], [-78.8794265, 35.895813], [-78.8782125, 35.895826]]]}, "properties": {"id": "regrid-227753", "src": "regrid", "grp": "verify", "op": "COMPASS DATACENTERS RDU I LLC", "ref": "227753", "locality": "durham, NC", "acres": "11.94089", "for_site": "site-c97b6c33fc", "address": "99 TW ALEXANDER DR, DURHAM, NC 27713-2897"}}, {"type": "Feature", "geometry": {"type": "Polygon", "coordinates": [[[-96.8840645, 32.8280935], [-96.884506, 32.8283905], [-96.884558, 32.828348], [-96.8848825, 32.8280825], [-96.884388, 32.8277505], [-96.8842875, 32.827683], [-96.883963, 32.827948], [-96.8839115, 32.8279905], [-96.8840645, 32.8280935]]]}, "properties": {"id": "regrid-00000779489000000", "src": "regrid", "grp": "verify", "op": "LEVEL 3 COMMUNICATIONS LLC", "ref": "00000779489000000", "locality": "dallas, TX", "acres": "0.85596", "for_site": "site-d943615cb9", "address": "1150 REGAL ROW, DALLAS, TX 75247-3612"}}, {"type": "Feature", "geometry": {"type": "Polygon", "coordinates": [[[-96.8225825, 32.959139], [-96.8226135, 32.959112], [-96.822649, 32.9590815], [-96.8226955, 32.9590535], [-96.822734, 32.9590305], [-96.822785, 32.959024], [-96.823045, 32.959032], [-96.823073, 32.958304], [-96.82277, 32.9585885], [-96.822728, 32.9586165], [-96.8225645, 32.958506], [-96.8224985, 32.958568], [-96.8223655, 32.958493], [-96.8224225, 32.9584165], [-96.822032, 32.9581685], [-96.821797, 32.9584175], [-96.8217825, 32.958624], [-96.8219335, 32.958787], [-96.821827, 32.9587925], [-96.821744, 32.958814], [-96.8217045, 32.958838], [-96.82166, 32.9588805], [-96.8216495, 32.9589395], [-96.8216795, 32.9590115], [-96.8217155, 32.9590455], [-96.82175, 32.9590685], [-96.821796, 32.9590845], [-96.821832, 32.95909], [-96.8218925, 32.959088], [-96.821941, 32.9590865], [-96.8219925, 32.959075], [-96.822029, 32.959052], [-96.822113, 32.9590265], [-96.822173, 32.959019], [-96.8222105, 32.9590195], [-96.822237, 32.959025], [-96.822267, 32.959046], [-96.822293, 32.9590685], [-96.822335, 32.959099], [-96.822383, 32.959125], [-96.822425, 32.959148], [-96.822472, 32.95916], [-96.8225155, 32.9591615], [-96.822547, 32.959158], [-96.8225825, 32.959139]]]}, "properties": {"id": "regrid-99221103600000000", "src": "regrid", "grp": "verify", "op": "CAFE ATRIUM AT COLONADE", "ref": "99221103600000000", "locality": "dallas, TX", "acres": "2.20399", "for_site": "site-e447d3dc23", "address": "15305 DALLAS PKWY, ADDISON, TX 75001"}}, {"type": "Feature", "geometry": {"type": "Polygon", "coordinates": [[[-96.712576, 32.9659235], [-96.712577, 32.965866], [-96.7122785, 32.965863], [-96.712278, 32.9659205], [-96.712265, 32.966826], [-96.712505, 32.966828], [-96.71456, 32.966845], [-96.7145605, 32.9668035], [-96.7144385, 32.9668025], [-96.714451, 32.9659435], [-96.714451, 32.9659365], [-96.712576, 32.9659235]]]}, "properties": {"id": "regrid-420487800103C0000", "src": "regrid", "grp": "verify", "op": "COLLINS TECHNOLOGY PARK PARTNERS LLC", "ref": "420487800103C0000", "locality": "dallas, TX", "acres": "5.1036", "for_site": "site-efc832b649", "address": "900 QUALITY WAY, RICHARDSON, TX 75081-2277"}}, {"type": "Feature", "geometry": {"type": "Polygon", "coordinates": [[[-96.798895, 32.778167], [-96.7988745, 32.778172], [-96.7988185, 32.7780115], [-96.798777, 32.778021], [-96.7987665, 32.777991], [-96.7987155, 32.7778465], [-96.7986925, 32.777781], [-96.7986695, 32.7777155], [-96.798623, 32.777584], [-96.7984055, 32.777631], [-96.7981285, 32.777691], [-96.797587, 32.777808], [-96.797445, 32.7778385], [-96.7977465, 32.7786845], [-96.797889, 32.778655], [-96.7981575, 32.7785975], [-96.7982975, 32.7785675], [-96.798447, 32.7785355], [-96.798969, 32.7784235], [-96.798947, 32.7783645], [-96.798963, 32.7783605], [-96.798895, 32.778167]]]}, "properties": {"id": "regrid-99190320690000000", "src": "regrid", "grp": "verify", "op": "LIFE SCHOOLS", "ref": "99190320690000000", "locality": "dallas, TX", "acres": "2.81732", "for_site": "site-f54e4eb143", "address": "400 S AKARD ST, DALLAS, TX 75201"}}, {"type": "Feature", "geometry": {"type": "MultiPolygon", "coordinates": [[[[-78.9422245, 36.0086915], [-78.942228, 36.0086915], [-78.942231, 36.0086915], [-78.9422345, 36.0086915], [-78.942238, 36.0086915], [-78.9422415, 36.0086915], [-78.9422445, 36.0086915], [-78.942248, 36.0086915], [-78.9422515, 36.0086915], [-78.942255, 36.0086915], [-78.9422585, 36.0086915], [-78.9422645, 36.0086915], [-78.942268, 36.0086915], [-78.9422715, 36.0086915], [-78.9422745, 36.0086915], [-78.942278, 36.0086915], [-78.9422815, 36.0086915], [-78.942285, 36.0086915], [-78.942288, 36.0086915], [-78.9422915, 36.0086915], [-78.942295, 36.0086915], [-78.9422985, 36.0086915], [-78.942302, 36.0086915], [-78.942305, 36.0086915], [-78.9423085, 36.0086915], [-78.942312, 36.0086915], [-78.9423155, 36.0086915], [-78.9423185, 36.0086915], [-78.942322, 36.0086915], [-78.9423255, 36.0086915], [-78.942329, 36.0086915], [-78.942332, 36.008691], [-78.9423355, 36.008691], [-78.942339, 36.008691], [-78.9423425, 36.008691], [-78.9423455, 36.008691], [-78.942349, 36.008691], [-78.9423525, 36.008691], [-78.942356, 36.008691], [-78.942362, 36.008691], [-78.9423655, 36.008691], [-78.942369, 36.0086905], [-78.9423725, 36.0086905], [-78.9423755, 36.0086905], [-78.942379, 36.0086905], [-78.9423825, 36.0086905], [-78.942386, 36.0086905], [-78.9423895, 36.0086905], [-78.9423925, 36.0086905], [-78.942396, 36.00869], [-78.9423995, 36.00869], [-78.942403, 36.00869], [-78.942406, 36.00869], [-78.9424095, 36.00869], [-78.942413, 36.00869], [-78.9424165, 36.00869], [-78.9424195, 36.0086895], [-78.942423, 36.0086895], [-78.9424265, 36.0086895], [-78.94243, 36.0086895], [-78.942433, 36.0086895], [-78.9424365, 36.008689], [-78.94244, 36.008689], [-78.9424435, 36.008689], [-78.942447, 36.008689], [-78.94245, 36.008689], [-78.9424565, 36.0086885], [-78.94246, 36.0086885], [-78.942463, 36.0086885], [-78.9424665, 36.0086885], [-78.94247, 36.008688], [-78.9424735, 36.008688], [-78.9424765, 36.008688], [-78.94248, 36.008688], [-78.9424835, 36.008688], [-78.942487, 36.0086875], [-78.9424905, 36.0086875], [-78.9424935, 36.0086875], [-78.942497, 36.0086875], [-78.9425005, 36.008687], [-78.942504, 36.008687], [-78.942507, 36.008687], [-78.9425105, 36.008687], [-78.942514, 36.0086865], [-78.9425175, 36.0086865], [-78.9425205, 36.0086865], [-78.942524, 36.008686], [-78.9425275, 36.008686], [-78.942531, 36.008686], [-78.942537, 36.0086855], [-78.9425405, 36.0086855], [-78.942544, 36.0086855], [-78.9425475, 36.008685], [-78.9425505, 36.008685], [-78.942554, 36.008685], [-78.9425575, 36.0086845], [-78.942561, 36.0086845], [-78.942564, 36.0086845], [-78.9425675, 36.0086845], [-78.942571, 36.008684], [-78.9425745, 36.008684], [-78.942578, 36.008684], [-78.942581, 36.0086835], [-78.9425845, 36.0086835], [-78.942588, 36.0086835], [-78.9425915, 36.008683], [-78.9425945, 36.008683], [-78.942598, 36.0086825], [-78.9426045, 36.0086825], [-78.9426075, 36.008682], [-78.942611, 36.008682], [-78.9426145, 36.0086815], [-78.942618, 36.0086815], [-78.9426215, 36.0086815], [-78.9426245, 36.008681], [-78.944127, 36.008588], [-78.94413, 36.0085875], [-78.9441335, 36.008587], [-78.944137, 36.008587], [-78.9441405, 36.0085865], [-78.9441435, 36.008586], [-78.944147, 36.0085855], [-78.9441505, 36.008585], [-78.944157, 36.0085845], [-78.94416, 36.008584], [-78.9441635, 36.0085835], [-78.944167, 36.008583], [-78.9441705, 36.0085825], [-78.9441735, 36.008582], [-78.944177, 36.0085815], [-78.9441805, 36.008581], [-78.944184, 36.008581], [-78.944187, 36.0085805], [-78.9441905, 36.00858], [-78.944194, 36.0085795], [-78.9442005, 36.0085785], [-78.9442035, 36.008578], [-78.944207, 36.0085775], [-78.9442105, 36.008577], [-78.944214, 36.0085765], [-78.944217, 36.008576], [-78.9442205, 36.0085755], [-78.944224, 36.008575], [-78.9442275, 36.0085745], [-78.9442335, 36.0085735], [-78.944237, 36.008573], [-78.9442405, 36.0085725], [-78.944244, 36.008572], [-78.944247, 36.0085715], [-78.9442505, 36.008571], [-78.944254, 36.0085705], [-78.9442605, 36.0085695], [-78.9442635, 36.008569], [-78.944267, 36.008568], [-78.9442705, 36.0085675], [-78.944274, 36.008567], [-78.9442775, 36.0085665], [-78.9442805, 36.008566], [-78.944287, 36.008565], [-78.9442905, 36.008564], [-78.9442935, 36.0085635], [-78.944297, 36.008563], [-78.9443005, 36.0085625], [-78.944307, 36.0085615], [-78.94431, 36.008561], [-78.9443135, 36.00856], [-78.944317, 36.0085595], [-78.9443205, 36.008559], [-78.9443265, 36.0085575], [-78.94433, 36.008557], [-78.9443335, 36.0085565], [-78.944337, 36.008556], [-78.94434, 36.008555], [-78.944343, 36.0085545], [-78.9443465, 36.008554], [-78.94435, 36.0085535], [-78.9443535, 36.0085525], [-78.9443565, 36.008552], [-78.9443595, 36.008551], [-78.944363, 36.0085505], [-78.9443665, 36.00855], [-78.94437, 36.0085495], [-78.944373, 36.0085485], [-78.944376, 36.008548], [-78.9443795, 36.0085475], [-78.944383, 36.0085465], [-78.9443865, 36.008546], [-78.9443895, 36.008545], [-78.9443925, 36.0085445], [-78.944396, 36.0085435], [-78.9443995, 36.008543], [-78.944403, 36.0085425], [-78.9444055, 36.0085415], [-78.944409, 36.008541], [-78.9444125, 36.0085405], [-78.944416, 36.0085395], [-78.944419, 36.0085385], [-78.944422, 36.008538], [-78.9444255, 36.0085375], [-78.944429, 36.0085365], [-78.944432, 36.008536], [-78.9444355, 36.008535], [-78.9444385, 36.008534], [-78.9444415, 36.0085335], [-78.944445, 36.0085325], [-78.9444485, 36.008532], [-78.944452, 36.0085315], [-78.944455, 36.0085305], [-78.944458, 36.00853], [-78.9444615, 36.008529], [-78.9444645, 36.008528], [-78.944468, 36.0085275], [-78.9444715, 36.0085265], [-78.944474, 36.008526], [-78.9444775, 36.008525], [-78.944481, 36.008524], [-78.944484, 36.0085235], [-78.9444875, 36.0085225], [-78.9444905, 36.0085215], [-78.9444935, 36.008521], [-78.944497, 36.00852], [-78.9445005, 36.0085195], [-78.9445035, 36.0085185], [-78.944507, 36.0085175], [-78.94451, 36.008517], [-78.944513, 36.008516], [-78.9445165, 36.008515], [-78.94452, 36.0085145], [-78.944523, 36.0085135], [-78.944526, 36.0085125], [-78.9445295, 36.008512], [-78.9445325, 36.008511], [-78.944536, 36.00851], [-78.944539, 36.008509], [-78.9445425, 36.008508], [-78.9445455, 36.0085075], [-78.9445485, 36.0085065], [-78.944552, 36.0085055], [-78.9445555, 36.008505], [-78.9445585, 36.008504], [-78.9445615, 36.008503], [-78.9445645, 36.008502], [-78.944568, 36.008501], [-78.944571, 36.0085005], [-78.9445745, 36.0084995], [-78.944578, 36.0084985], [-78.9445805, 36.0084975], [-78.944584, 36.0084965], [-78.944587, 36.0084955], [-78.9445905, 36.0084945], [-78.9445935, 36.008494], [-78.944597, 36.008493], [-78.9446, 36.008492], [-78.944603, 36.008491], [-78.9446065, 36.00849], [-78.9446095, 36.008489], [-78.944613, 36.008488], [-78.944616, 36.008487], [-78.944619, 36.0084865], [-78.944622, 36.008485], [-78.9446255, 36.008484], [-78.9446285, 36.0084835], [-78.944632, 36.0084825], [-78.944635, 36.0084815], [-78.944638, 36.0084805], [-78.944641, 36.0084795], [-78.9446445, 36.0084785], [-78.9446475, 36.0084775], [-78.944651, 36.0084765], [-78.944654, 36.0084755], [-78.9446575, 36.0084745], [-78.94466, 36.0084735], [-78.9446635, 36.0084725], [-78.9446665, 36.0084715], [-78.94467, 36.0084705], [-78.944673, 36.0084695], [-78.944676, 36.0084685], [-78.944679, 36.008467], [-78.944682, 36.008466], [-78.9446855, 36.008465], [-78.9446885, 36.008464], [-78.944692, 36.008463], [-78.944695, 36.008462], [-78.944698, 36.008461], [-78.944701, 36.00846], [-78.944704, 36.008459], [-78.9447075, 36.008458], [-78.9447105, 36.008457], [-78.9447135, 36.0084555], [-78.944717, 36.0084545], [-78.94472, 36.0084535], [-78.944723, 36.0084525], [-78.944726, 36.0084515], [-78.944729, 36.0084505], [-78.9447325, 36.008449], [-78.9447355, 36.008448], [-78.9447385, 36.008447], [-78.944742, 36.008446], [-78.9447445, 36.008445], [-78.9447475, 36.0084435], [-78.944751, 36.0084425], [-78.944754, 36.0084415], [-78.944757, 36.0084405], [-78.9447605, 36.008439], [-78.9447635, 36.008438], [-78.9447665, 36.008437], [-78.9447695, 36.0084355], [-78.9447725, 36.0084345], [-78.9447755, 36.0084335], [-78.944779, 36.008432], [-78.944782, 36.008431], [-78.944785, 36.00843], [-78.944788, 36.008429], [-78.944791, 36.0084275], [-78.944794, 36.0084265], [-78.944797, 36.008425], [-78.9448005, 36.008424], [-78.9448035, 36.008423], [-78.9448065, 36.008422], [-78.9448095, 36.0084205], [-78.944813, 36.0084195], [-78.944816, 36.008418], [-78.9448185, 36.008417], [-78.9448215, 36.008416], [-78.9448245, 36.0084145], [-78.944828, 36.0084135], [-78.944831, 36.008412], [-78.944834, 36.008411], [-78.944837, 36.00841], [-78.9448405, 36.0084085], [-78.9448435, 36.008407], [-78.944846, 36.008406], [-78.944849, 36.008405], [-78.944852, 36.0084035], [-78.944855, 36.0084025], [-78.944856, 36.008402], [-78.9448585, 36.008401], [-78.9448615, 36.0084], [-78.9448645, 36.0083985], [-78.9448675, 36.0083975], [-78.9448705, 36.008396], [-78.9448735, 36.008395], [-78.944876, 36.0083935], [-78.9448795, 36.0083925], [-78.9448825, 36.008391], [-78.9448855, 36.0083895], [-78.9448885, 36.0083885], [-78.9448915, 36.008387], [-78.9448945, 36.008386], [-78.9448975, 36.0083845], [-78.9449005, 36.0083835], [-78.9449035, 36.008382], [-78.944906, 36.008381], [-78.9449095, 36.0083795], [-78.9449125, 36.008378], [-78.9449155, 36.008377], [-78.9449185, 36.0083755], [-78.9449215, 36.0083745], [-78.9449245, 36.008373], [-78.9449275, 36.0083715], [-78.9449305, 36.00837], [-78.9449335, 36.008369], [-78.9449365, 36.0083675], [-78.944939, 36.008366], [-78.944942, 36.008365], [-78.944945, 36.0083635], [-78.944948, 36.0083625], [-78.944951, 36.008361], [-78.944954, 36.0083595], [-78.944957, 36.008358], [-78.94496, 36.008357], [-78.944963, 36.0083555], [-78.944966, 36.008354], [-78.944969, 36.0083525], [-78.944972, 36.0083515], [-78.9449745, 36.00835], [-78.9449775, 36.0083485], [-78.9449805, 36.008347], [-78.9449835, 36.008346], [-78.9449865, 36.0083445], [-78.944989, 36.008343], [-78.944992, 36.0083415], [-78.944995, 36.00834], [-78.944998, 36.008339], [-78.945001, 36.0083375], [-78.945004, 36.008336], [-78.945007, 36.0083345], [-78.94501, 36.008333], [-78.945013, 36.0083315], [-78.9450155, 36.00833], [-78.9450185, 36.008329], [-78.945021, 36.0083275], [-78.945024, 36.008326], [-78.945027, 36.0083245], [-78.94503, 36.008323], [-78.945033, 36.0083215], [-78.9450355, 36.00832], [-78.9450385, 36.0083185], [-78.9450415, 36.0083175], [-78.9450445, 36.008316], [-78.9450475, 36.008314], [-78.94505, 36.008313], [-78.945053, 36.0083115], [-78.945056, 36.00831], [-78.945059, 36.0083085], [-78.945062, 36.008307], [-78.9450645, 36.0083055], [-78.9450675, 36.008304], [-78.9450705, 36.0083025], [-78.945073, 36.008301], [-78.945076, 36.0082995], [-78.9450785, 36.008298], [-78.9450815, 36.0082965], [-78.945084, 36.008295], [-78.945087, 36.0082935], [-78.94509, 36.008292], [-78.945093, 36.0082905], [-78.9450955, 36.008289], [-78.9450985, 36.0082875], [-78.9451015, 36.008286], [-78.945104, 36.0082845], [-78.945107, 36.008283], [-78.94511, 36.0082815], [-78.9451125, 36.00828], [-78.9451155, 36.008278], [-78.9451185, 36.0082765], [-78.945121, 36.008275], [-78.945124, 36.0082735], [-78.9451265, 36.008272], [-78.9451295, 36.0082705], [-78.9451325, 36.008269], [-78.945135, 36.008267], [-78.945138, 36.0082655], [-78.9451405, 36.008264], [-78.9451435, 36.0082625], [-78.9451465, 36.008261], [-78.945149, 36.0082595], [-78.945152, 36.008258], [-78.9451545, 36.0082565], [-78.9451575, 36.0082545], [-78.94516, 36.008253], [-78.945163, 36.0082515], [-78.9451655, 36.0082495], [-78.9451685, 36.008248], [-78.9451715, 36.0082465], [-78.945174, 36.008245], [-78.945177, 36.0082435], [-78.9451795, 36.0082415], [-78.9451825, 36.00824], [-78.945185, 36.0082385], [-78.9451875, 36.008237], [-78.9451905, 36.0082355], [-78.945193, 36.0082335], [-78.945196, 36.008232], [-78.9451985, 36.0082305], [-78.9452015, 36.0082285], [-78.945204, 36.008227], [-78.945207, 36.0082255], [-78.9452095, 36.0082235], [-78.945212, 36.008222], [-78.945215, 36.0082205], [-78.9452175, 36.0082185], [-78.9452205, 36.008217], [-78.945223, 36.0082155], [-78.9452255, 36.0082135], [-78.9452285, 36.008212], [-78.945231, 36.0082105], [-78.9452335, 36.008209], [-78.9452365, 36.008207], [-78.945239, 36.0082055], [-78.945242, 36.0082035], [-78.9452445, 36.008202], [-78.945247, 36.0082005], [-78.9452495, 36.0081985], [-78.9452525, 36.008197], [-78.945255, 36.008195], [-78.9452575, 36.0081935], [-78.9452605, 36.008192], [-78.945263, 36.00819], [-78.9452655, 36.0081885], [-78.945268, 36.0081865], [-78.945271, 36.008185], [-78.9452735, 36.008183], [-78.945276, 36.0081815], [-78.9452785, 36.0081795], [-78.9452815, 36.008178], [-78.945284, 36.008176], [-78.945287, 36.0081745], [-78.9452895, 36.0081725], [-78.945292, 36.008171], [-78.945295, 36.008169], [-78.9452975, 36.0081675], [-78.9453, 36.0081655], [-78.9453025, 36.008164], [-78.945305, 36.008162], [-78.945308, 36.0081605], [-78.9453105, 36.0081585], [-78.945313, 36.008157], [-78.9453155, 36.008155], [-78.945318, 36.008153], [-78.9453205, 36.0081515], [-78.945323, 36.0081495], [-78.9453255, 36.008148], [-78.9453285, 36.008146], [-78.945331, 36.008144], [-78.9453335, 36.0081425], [-78.945336, 36.0081405], [-78.945339, 36.008139], [-78.9453415, 36.008137], [-78.945344, 36.0081355], [-78.9453465, 36.0081335], [-78.945349, 36.0081315], [-78.9453515, 36.00813], [-78.945354, 36.008128], [-78.9453565, 36.008126], [-78.945359, 36.0081245], [-78.9453615, 36.0081225], [-78.945364, 36.0081205], [-78.9453665, 36.008119], [-78.945369, 36.008117], [-78.9453715, 36.008115], [-78.9453745, 36.0081135], [-78.945377, 36.0081115], [-78.9453795, 36.0081095], [-78.945382, 36.0081075], [-78.9453845, 36.008106], [-78.945389, 36.008102], [-78.9453915, 36.0081005], [-78.945394, 36.0080985], [-78.9453965, 36.0080965], [-78.945399, 36.0080945], [-78.9454015, 36.008093], [-78.9454045, 36.008091], [-78.945407, 36.008089], [-78.945409, 36.008087], [-78.9454115, 36.008085], [-78.945414, 36.0080835], [-78.9454165, 36.0080815], [-78.945419, 36.0080795], [-78.9454215, 36.0080775], [-78.9454235, 36.008076], [-78.9454265, 36.008074], [-78.945429, 36.008072], [-78.9454315, 36.00807], [-78.945434, 36.008068], [-78.945436, 36.008066], [-78.9454385, 36.0080645], [-78.945441, 36.008062], [-78.945443, 36.0080605], [-78.9454455, 36.0080585], [-78.9454485, 36.0080565], [-78.945451, 36.0080545], [-78.945453, 36.0080525], [-78.9454555, 36.0080505], [-78.945458, 36.0080485], [-78.94546, 36.008047], [-78.9454625, 36.008045], [-78.945465, 36.008043], [-78.9454675, 36.008041], [-78.94547, 36.008039], [-78.9454725, 36.008037], [-78.9454745, 36.008035], [-78.945477, 36.008033], [-78.9454795, 36.008031], [-78.9454815, 36.008029], [-78.945484, 36.008027], [-78.9454865, 36.008025], [-78.945489, 36.008023], [-78.945491, 36.008021], [-78.9454935, 36.008019], [-78.945496, 36.0080175], [-78.945498, 36.008015], [-78.9455005, 36.0080135], [-78.945503, 36.0080115], [-78.9455055, 36.008009], [-78.9455075, 36.0080075], [-78.94551, 36.008005], [-78.945512, 36.008003], [-78.9455145, 36.008001], [-78.945517, 36.007999], [-78.9455195, 36.007997], [-78.9455215, 36.007995], [-78.945524, 36.007993], [-78.945526, 36.007991], [-78.945528, 36.007989], [-78.9455305, 36.007987], [-78.945533, 36.007985], [-78.9455355, 36.007983], [-78.9455375, 36.007981], [-78.9455395, 36.007979], [-78.945542, 36.007977], [-78.9455445, 36.007975], [-78.945547, 36.007973], [-78.945549, 36.007971], [-78.945551, 36.0079685], [-78.9455535, 36.0079665], [-78.9455555, 36.0079645], [-78.945558, 36.0079625], [-78.9455605, 36.0079605], [-78.9455625, 36.0079585], [-78.9455645, 36.0079565], [-78.9455665, 36.007954], [-78.945569, 36.007952], [-78.9455715, 36.00795], [-78.9455735, 36.007948], [-78.945576, 36.007946], [-78.945578, 36.007944], [-78.9489935, 36.0047655], [-78.949284, 36.004561], [-78.9500315, 36.0040445], [-78.9507245, 36.0035825], [-78.950727, 36.003581], [-78.9507295, 36.003579], [-78.950732, 36.0035775], [-78.9507345, 36.0035755], [-78.950737, 36.0035735], [-78.9507395, 36.003572], [-78.9507425, 36.0035705], [-78.950745, 36.0035685], [-78.9507475, 36.0035665], [-78.95075, 36.003565], [-78.9507525, 36.003563], [-78.950755, 36.0035615], [-78.9507575, 36.0035595], [-78.95076, 36.003558], [-78.9507625, 36.003556], [-78.950765, 36.003554], [-78.9507675, 36.0035525], [-78.95077, 36.0035505], [-78.9507725, 36.0035485], [-78.9507755, 36.003547], [-78.950778, 36.003545], [-78.9507805, 36.003543], [-78.950783, 36.0035415], [-78.9507855, 36.0035395], [-78.950788, 36.003538], [-78.9507905, 36.003536], [-78.950793, 36.003534], [-78.9507955, 36.0035325], [-78.950798, 36.0035305], [-78.9508005, 36.0035285], [-78.950803, 36.0035265], [-78.9508055, 36.003525], [-78.950808, 36.003523], [-78.9508105, 36.003521], [-78.950813, 36.0035195], [-78.9508155, 36.0035175], [-78.950818, 36.0035155], [-78.95082, 36.003514], [-78.9508225, 36.003512], [-78.950825, 36.00351], [-78.9508275, 36.003508], [-78.95083, 36.0035065], [-78.950833, 36.0035045], [-78.950835, 36.0035025], [-78.9508375, 36.003501], [-78.95084, 36.003499], [-78.9508425, 36.003497], [-78.9508445, 36.003495], [-78.950847, 36.003493], [-78.9508495, 36.0034915], [-78.950852, 36.0034895], [-78.9508545, 36.0034875], [-78.950857, 36.0034855], [-78.9508595, 36.003484], [-78.950862, 36.003482], [-78.950864, 36.00348], [-78.9508665, 36.003478], [-78.950869, 36.003476], [-78.950871, 36.003474], [-78.950874, 36.0034725], [-78.9508765, 36.0034705], [-78.9508785, 36.0034685], [-78.950881, 36.0034665], [-78.9508835, 36.0034645], [-78.9508855, 36.0034625], [-78.950888, 36.003461], [-78.9508905, 36.003459], [-78.950893, 36.003457], [-78.9508955, 36.003455], [-78.950898, 36.003453], [-78.9509, 36.003451], [-78.9509025, 36.003449], [-78.9509045, 36.003447], [-78.950907, 36.003445], [-78.9509095, 36.0034435], [-78.950912, 36.003441], [-78.9509145, 36.0034395], [-78.9509165, 36.0034375], [-78.950919, 36.0034355], [-78.950921, 36.0034335], [-78.9509235, 36.0034315], [-78.950926, 36.0034295], [-78.9509285, 36.0034275], [-78.9509305, 36.0034255], [-78.950933, 36.0034235], [-78.950935, 36.0034215], [-78.9509375, 36.0034195], [-78.9509395, 36.0034175], [-78.950942, 36.0034155], [-78.9509445, 36.0034135], [-78.950947, 36.0034115], [-78.950949, 36.0034095], [-78.9509515, 36.003408], [-78.9509535, 36.0034055], [-78.950956, 36.0034035], [-78.9509585, 36.003402], [-78.9509605, 36.0033995], [-78.950963, 36.0033975], [-78.950965, 36.0033955], [-78.950967, 36.0033935], [-78.9509695, 36.0033915], [-78.950972, 36.0033895], [-78.9509745, 36.0033875], [-78.9509765, 36.0033855], [-78.9509785, 36.0033835], [-78.950981, 36.0033815], [-78.9509835, 36.0033795], [-78.9509855, 36.0033775], [-78.950988, 36.0033755], [-78.95099, 36.0033735], [-78.950992, 36.0033715], [-78.9509945, 36.0033695], [-78.950997, 36.0033675], [-78.950999, 36.003365], [-78.951001, 36.003363], [-78.9510035, 36.003361], [-78.9510055, 36.003359], [-78.951008, 36.003357], [-78.95101, 36.003355], [-78.9510125, 36.003353], [-78.9510145, 36.003351], [-78.9510165, 36.0033485], [-78.951019, 36.0033465], [-78.951021, 36.0033445], [-78.9510235, 36.0033425], [-78.9510255, 36.0033405], [-78.9510275, 36.0033385], [-78.95103, 36.0033365], [-78.951032, 36.0033345], [-78.951034, 36.003332], [-78.9510365, 36.00333], [-78.9510385, 36.003328], [-78.951041, 36.003326], [-78.951043, 36.003324], [-78.951045, 36.003322], [-78.951047, 36.0033195], [-78.951049, 36.0033175], [-78.9510515, 36.0033155], [-78.951054, 36.0033135], [-78.951056, 36.003311], [-78.951058, 36.003309], [-78.95106, 36.003307], [-78.9510625, 36.003305], [-78.9510645, 36.0033025], [-78.9510665, 36.0033005], [-78.9510685, 36.0032985], [-78.951071, 36.0032965], [-78.951073, 36.0032945], [-78.951075, 36.003292], [-78.951077, 36.00329], [-78.9510795, 36.003288], [-78.9510815, 36.003286], [-78.9510835, 36.0032835], [-78.9510855, 36.0032815], [-78.9510875, 36.0032795], [-78.95109, 36.003277], [-78.951092, 36.003275], [-78.951094, 36.003273], [-78.951096, 36.003271], [-78.951098, 36.0032685], [-78.9511, 36.0032665], [-78.951102, 36.0032645], [-78.951104, 36.003262], [-78.9511065, 36.00326], [-78.9511085, 36.003258], [-78.9511105, 36.0032555], [-78.9511125, 36.0032535], [-78.951115, 36.0032515], [-78.9511165, 36.003249], [-78.9511185, 36.003247], [-78.9511205, 36.003245], [-78.951123, 36.0032425], [-78.951125, 36.0032405], [-78.9511265, 36.0032385], [-78.9511285, 36.003236], [-78.951131, 36.003234], [-78.951133, 36.0032315], [-78.951135, 36.0032295], [-78.951137, 36.0032275], [-78.951139, 36.003225], [-78.951141, 36.003223], [-78.951143, 36.0032205], [-78.951145, 36.0032185], [-78.951147, 36.0032165], [-78.951149, 36.003214], [-78.9511505, 36.003212], [-78.951153, 36.0032095], [-78.951155, 36.0032075], [-78.951157, 36.0032055], [-78.951159, 36.003203], [-78.951161, 36.003201], [-78.951163, 36.0031985], [-78.9511645, 36.0031965], [-78.951167, 36.0031945], [-78.9511685, 36.003192], [-78.9511705, 36.00319], [-78.9511725, 36.0031875], [-78.9511745, 36.0031855], [-78.9511765, 36.003183], [-78.951178, 36.003181], [-78.9511805, 36.0031785], [-78.9511825, 36.0031765], [-78.951184, 36.003174], [-78.9511865, 36.003172], [-78.951188, 36.0031695], [-78.95119, 36.0031675], [-78.951192, 36.003165], [-78.951194, 36.003163], [-78.9511955, 36.0031605], [-78.9511975, 36.0031585], [-78.9511995, 36.003156], [-78.9512015, 36.003154], [-78.951203, 36.0031515], [-78.9512055, 36.0031495], [-78.951207, 36.003147], [-78.951209, 36.003145], [-78.951211, 36.0031425], [-78.951213, 36.0031405], [-78.9512145, 36.003138], [-78.9512165, 36.0031355], [-78.9512185, 36.0031335], [-78.9512955, 36.0030165], [-78.9513955, 36.0028645], [-78.9514665, 36.002724], [-78.951538, 36.0025305], [-78.951654, 36.0020055], [-78.9516645, 36.001957], [-78.951747, 36.0015825], [-78.951838, 36.0011945], [-78.9519245, 36.0008155], [-78.952032, 36.000423], [-78.953133, 35.997705], [-78.952435, 35.9975435], [-78.952432, 35.9975425], [-78.952429, 35.997542], [-78.9524255, 35.997541], [-78.9524225, 35.9975405], [-78.95242, 35.9975395], [-78.952417, 35.9975385], [-78.9524135, 35.997538], [-78.9524105, 35.997537], [-78.9524075, 35.997536], [-78.952404, 35.9975355], [-78.952401, 35.9975345], [-78.952398, 35.9975335], [-78.952395, 35.997533], [-78.952392, 35.997532], [-78.952389, 35.9975315], [-78.9523855, 35.9975305], [-78.9523825, 35.99753], [-78.9523795, 35.997529], [-78.9523765, 35.997528], [-78.9523735, 35.9975275], [-78.9523705, 35.9975265], [-78.952367, 35.9975255], [-78.952364, 35.997525], [-78.952361, 35.997524], [-78.952358, 35.997523], [-78.9523545, 35.9975225], [-78.9523515, 35.9975215], [-78.952349, 35.997521], [-78.9523455, 35.99752], [-78.9523425, 35.997519], [-78.9523395, 35.997518], [-78.952336, 35.9975175], [-78.952333, 35.9975165], [-78.95233, 35.997516], [-78.952327, 35.997515], [-78.952324, 35.997514], [-78.952321, 35.9975135], [-78.952318, 35.9975125], [-78.9523145, 35.9975115], [-78.9523115, 35.997511], [-78.9523085, 35.99751], [-78.9523055, 35.997509], [-78.9523025, 35.9975085], [-78.9522995, 35.9975075], [-78.9522965, 35.9975065], [-78.952293, 35.9975055], [-78.95229, 35.997505], [-78.952287, 35.997504], [-78.952284, 35.9975035], [-78.952281, 35.9975025], [-78.952278, 35.9975015], [-78.952275, 35.9975005], [-78.9522715, 35.9975], [-78.9522685, 35.997499], [-78.9522655, 35.997498], [-78.9522625, 35.9974975], [-78.952259, 35.9974965], [-78.9522565, 35.9974955], [-78.9522535, 35.9974945], [-78.9522505, 35.997494], [-78.952247, 35.997493], [-78.952244, 35.997492], [-78.952241, 35.9974915], [-78.9522375, 35.9974905], [-78.9522345, 35.9974895], [-78.952232, 35.9974885], [-78.952229, 35.997488], [-78.9522255, 35.997487], [-78.9522225, 35.997486], [-78.9522195, 35.997485], [-78.9522165, 35.9974845], [-78.952213, 35.9974835], [-78.95221, 35.9974825], [-78.952207, 35.997482], [-78.9522045, 35.997481], [-78.952201, 35.99748], [-78.952198, 35.997479], [-78.952195, 35.9974785], [-78.952192, 35.9974775], [-78.9521885, 35.9974765], [-78.9521855, 35.9974755], [-78.9521825, 35.997475], [-78.95218, 35.997474], [-78.9521765, 35.997473], [-78.9521735, 35.997472], [-78.9521705, 35.9974715], [-78.9521675, 35.9974705], [-78.952164, 35.9974695], [-78.952161, 35.9974685], [-78.952158, 35.9974675], [-78.9521555, 35.997467], [-78.952152, 35.997466], [-78.952149, 35.997465], [-78.952146, 35.9974645], [-78.952143, 35.997463], [-78.95214, 35.9974625], [-78.9521365, 35.9974615], [-78.9521335, 35.9974605], [-78.952131, 35.99746], [-78.952128, 35.9974585], [-78.9521245, 35.997458], [-78.9521215, 35.997457], [-78.9521185, 35.997456], [-78.9521155, 35.9974555], [-78.9521125, 35.9974545], [-78.952109, 35.9974535], [-78.9521065, 35.9974525], [-78.9521035, 35.9974515], [-78.9521005, 35.9974505], [-78.952097, 35.99745], [-78.952094, 35.997449], [-78.952091, 35.997448], [-78.952088, 35.997447], [-78.952085, 35.997446], [-78.952082, 35.9974455], [-78.952079, 35.9974445], [-78.952076, 35.9974435], [-78.952073, 35.9974425], [-78.95207, 35.9974415], [-78.9520665, 35.9974405], [-78.9520635, 35.99744], [-78.9520605, 35.997439], [-78.9520575, 35.997438], [-78.9520545, 35.997437], [-78.9520515, 35.997436], [-78.9520485, 35.997435], [-78.9520455, 35.9974345], [-78.9520425, 35.9974335], [-78.952039, 35.9974325], [-78.952036, 35.9974315], [-78.952033, 35.9974305], [-78.95203, 35.9974295], [-78.9520275, 35.9974285], [-78.9520245, 35.997428], [-78.952021, 35.997427], [-78.952018, 35.997426], [-78.952015, 35.997425], [-78.952012, 35.997424], [-78.952009, 35.997423], [-78.9520055, 35.997422], [-78.9520025, 35.9974215], [-78.952, 35.99742], [-78.951997, 35.9974195], [-78.951994, 35.9974185], [-78.9519905, 35.9974175], [-78.9519875, 35.9974165], [-78.9519845, 35.9974155], [-78.9519815, 35.9974145], [-78.9519785, 35.9974135], [-78.9519755, 35.9974125], [-78.9519725, 35.997412], [-78.9519695, 35.997411], [-78.9519665, 35.99741], [-78.9519635, 35.997409], [-78.9519605, 35.997408], [-78.9519575, 35.997407], [-78.951954, 35.997406], [-78.951951, 35.997405], [-78.9519485, 35.9974045], [-78.9519455, 35.997403], [-78.9519425, 35.997402], [-78.9519395, 35.9974015], [-78.951936, 35.9974005], [-78.951933, 35.9973995], [-78.95193, 35.9973985], [-78.951927, 35.9973975], [-78.951924, 35.9973965], [-78.951921, 35.9973955], [-78.9519185, 35.9973945], [-78.951915, 35.9973935], [-78.951912, 35.9973925], [-78.951909, 35.9973915], [-78.951906, 35.9973905], [-78.951903, 35.99739], [-78.9519, 35.997389], [-78.951897, 35.9973875], [-78.951894, 35.997387], [-78.951891, 35.997386], [-78.951888, 35.997385], [-78.951885, 35.997384], [-78.951882, 35.997383], [-78.951879, 35.997382], [-78.951876, 35.997381], [-78.9518725, 35.99738], [-78.9518695, 35.997379], [-78.9518665, 35.997378], [-78.951864, 35.997377], [-78.951861, 35.997376], [-78.951858, 35.997375], [-78.951855, 35.997374], [-78.951852, 35.997373], [-78.9502985, 35.99688], [-78.950289, 35.9969005], [-78.949646, 35.996704], [-78.949456, 35.9966365], [-78.949269, 35.9965635], [-78.949085, 35.9964855], [-78.9489045, 35.9964025], [-78.9487275, 35.9963145], [-78.948719, 35.9963105], [-78.94871, 35.996308], [-78.9487, 35.9963065], [-78.9486905, 35.9963065], [-78.9486805, 35.9963075], [-78.9486715, 35.99631], [-78.9486625, 35.9963135], [-78.9486545, 35.996318], [-78.9486475, 35.9963235], [-78.9484525, 35.9962005], [-78.9482735, 35.9960925], [-78.9480985, 35.99598], [-78.9479775, 35.9958675], [-78.9475555, 35.995567], [-78.9472945, 35.995381], [-78.9470075, 35.995246], [-78.9470595, 35.995173], [-78.9470575, 35.9951715], [-78.946902, 35.9950605], [-78.9466625, 35.994889], [-78.945909, 35.9943485], [-78.9446, 35.9934215], [-78.9443555, 35.9932465], [-78.9440975, 35.993068], [-78.9440945, 35.993066], [-78.944092, 35.9930645], [-78.9440895, 35.9930625], [-78.944087, 35.993061], [-78.9440845, 35.9930595], [-78.9440815, 35.9930575], [-78.944079, 35.993056], [-78.9440765, 35.993054], [-78.9440735, 35.9930525], [-78.944071, 35.993051], [-78.944068, 35.993049], [-78.9440655, 35.9930475], [-78.944063, 35.9930455], [-78.94406, 35.993044], [-78.9440575, 35.9930425], [-78.944055, 35.9930405], [-78.9440525, 35.993039], [-78.9440495, 35.993037], [-78.944047, 35.9930355], [-78.9440445, 35.993034], [-78.944042, 35.993032], [-78.944039, 35.9930305], [-78.9440365, 35.9930285], [-78.944034, 35.993027], [-78.9440315, 35.993025], [-78.9440285, 35.9930235], [-78.944026, 35.993022], [-78.9440235, 35.9930205], [-78.944021, 35.9930185], [-78.944018, 35.993017], [-78.9440155, 35.9930155], [-78.944013, 35.9930135], [-78.94401, 35.993012], [-78.9440075, 35.99301], [-78.944005, 35.9930085], [-78.9440025, 35.993007], [-78.9439995, 35.993005], [-78.943997, 35.9930035], [-78.9439945, 35.993002], [-78.9439915, 35.993], [-78.943989, 35.9929985], [-78.9439865, 35.9929965], [-78.9439835, 35.992995], [-78.943981, 35.9929935], [-78.9439785, 35.9929915], [-78.9439755, 35.99299], [-78.943973, 35.9929885], [-78.94397, 35.992987], [-78.9439675, 35.992985], [-78.943965, 35.9929835], [-78.943962, 35.992982], [-78.9439595, 35.99298], [-78.9439565, 35.9929785], [-78.943954, 35.992977], [-78.9439515, 35.992975], [-78.9439485, 35.9929735], [-78.943946, 35.992972], [-78.943943, 35.9929705], [-78.9439405, 35.9929685], [-78.943938, 35.992967], [-78.943935, 35.9929655], [-78.9439325, 35.9929635], [-78.94393, 35.992962], [-78.943927, 35.9929605], [-78.9439245, 35.9929585], [-78.943922, 35.992957], [-78.943919, 35.9929555], [-78.9439165, 35.992954], [-78.9439135, 35.992952], [-78.943911, 35.9929505], [-78.9439085, 35.992949], [-78.9439055, 35.992947], [-78.943903, 35.9929455], [-78.9439005, 35.992944], [-78.9438975, 35.9929425], [-78.943895, 35.9929405], [-78.943892, 35.992939], [-78.9438895, 35.9929375], [-78.943887, 35.992936], [-78.943884, 35.992934], [-78.9438815, 35.9929325], [-78.9438785, 35.992931], [-78.943876, 35.9929295], [-78.9438735, 35.9929275], [-78.9438705, 35.992926], [-78.943868, 35.9929245], [-78.943865, 35.992923], [-78.9438625, 35.9929215], [-78.9438595, 35.9929195], [-78.943857, 35.992918], [-78.9438545, 35.9929165], [-78.9438515, 35.992915], [-78.943849, 35.992913], [-78.943846, 35.9929115], [-78.9438435, 35.99291], [-78.9438405, 35.9929085], [-78.943838, 35.9929065], [-78.943835, 35.992905], [-78.9438325, 35.9929035], [-78.94383, 35.992902], [-78.943827, 35.9929005], [-78.9438245, 35.992899], [-78.9438215, 35.992897], [-78.943819, 35.9928955], [-78.943816, 35.992894], [-78.9438135, 35.9928925], [-78.9438105, 35.9928905], [-78.943808, 35.992889], [-78.943805, 35.9928875], [-78.9438025, 35.992886], [-78.9437995, 35.9928845], [-78.943797, 35.992883], [-78.943794, 35.992881], [-78.9437915, 35.9928795], [-78.9437885, 35.992878], [-78.943786, 35.9928765], [-78.943783, 35.992875], [-78.9437805, 35.9928735], [-78.9437775, 35.9928715], [-78.943775, 35.99287], [-78.943772, 35.9928685], [-78.9437695, 35.992867], [-78.9437665, 35.9928655], [-78.943764, 35.992864], [-78.943761, 35.992862], [-78.9437585, 35.9928605], [-78.9437555, 35.992859], [-78.943753, 35.9928575], [-78.94375, 35.992856], [-78.9437475, 35.9928545], [-78.9437445, 35.992853], [-78.943742, 35.9928515], [-78.943739, 35.9928495], [-78.9437365, 35.992848], [-78.9437335, 35.9928465], [-78.943731, 35.992845], [-78.943728, 35.9928435], [-78.9437255, 35.992842], [-78.9437225, 35.9928405], [-78.94372, 35.992839], [-78.9437175, 35.9928375], [-78.9437145, 35.9928355], [-78.9437115, 35.992834], [-78.943709, 35.9928325], [-78.9437065, 35.992831], [-78.9437035, 35.9928295], [-78.943701, 35.992828], [-78.943698, 35.9928265], [-78.943695, 35.992825], [-78.9436925, 35.9928235], [-78.9436895, 35.992822], [-78.943687, 35.9928205], [-78.943684, 35.9928185], [-78.9436815, 35.992817], [-78.9436785, 35.9928155], [-78.9436755, 35.992814], [-78.943673, 35.9928125], [-78.94367, 35.992811], [-78.9436675, 35.9928095], [-78.9436645, 35.992808], [-78.9436615, 35.9928065], [-78.943659, 35.992805], [-78.943656, 35.992803], [-78.9436535, 35.992802], [-78.9436505, 35.9928005], [-78.9436475, 35.992799], [-78.943645, 35.992797], [-78.943642, 35.9927955], [-78.9436395, 35.992794], [-78.9436365, 35.9927925], [-78.9436335, 35.992791], [-78.943631, 35.9927895], [-78.943628, 35.992788], [-78.943625, 35.9927865], [-78.9436225, 35.992785], [-78.9436195, 35.9927835], [-78.943617, 35.992782], [-78.943614, 35.9927805], [-78.943611, 35.992779], [-78.9436085, 35.9927775], [-78.9436055, 35.992776], [-78.943603, 35.9927745], [-78.9436, 35.992773], [-78.9435975, 35.9927715], [-78.9435945, 35.99277], [-78.943592, 35.9927685], [-78.943589, 35.992767], [-78.943586, 35.9927655], [-78.9435835, 35.992764], [-78.9435805, 35.9927625], [-78.9435775, 35.992761], [-78.943575, 35.9927595], [-78.943572, 35.992758], [-78.943569, 35.9927565], [-78.9435665, 35.992755], [-78.9435635, 35.9927535], [-78.9435605, 35.992752], [-78.943558, 35.9927505], [-78.943555, 35.992749], [-78.943552, 35.9927475], [-78.9435495, 35.992746], [-78.9435465, 35.9927445], [-78.9435435, 35.992743], [-78.943541, 35.9927415], [-78.943538, 35.99274], [-78.943535, 35.9927385], [-78.943532, 35.9927375], [-78.9435295, 35.9927355], [-78.9435265, 35.9927345], [-78.943524, 35.992733], [-78.9435215, 35.992731], [-78.9435185, 35.99273], [-78.9435155, 35.9927285], [-78.9435125, 35.992727], [-78.94351, 35.9927255], [-78.943507, 35.992724], [-78.943504, 35.9927225], [-78.9435015, 35.992721], [-78.9434985, 35.9927195], [-78.9434955, 35.992718], [-78.9434925, 35.9927165], [-78.94349, 35.9927155], [-78.943487, 35.9927135], [-78.943484, 35.9927125], [-78.943481, 35.992711], [-78.9434785, 35.9927095], [-78.9434755, 35.992708], [-78.9434725, 35.9927065], [-78.9434695, 35.992705], [-78.943467, 35.9927035], [-78.943464, 35.992702], [-78.9434615, 35.9927005], [-78.9434585, 35.9926995], [-78.943456, 35.9926975], [-78.943453, 35.9926965], [-78.94345, 35.992695], [-78.943447, 35.9926935], [-78.9434445, 35.992692], [-78.9434415, 35.9926905], [-78.9434385, 35.992689], [-78.9434355, 35.992688], [-78.9434325, 35.992686], [-78.94343, 35.992685], [-78.943427, 35.9926835], [-78.943424, 35.992682], [-78.943421, 35.9926805], [-78.943418, 35.992679], [-78.9434155, 35.9926775], [-78.9434125, 35.992676], [-78.94341, 35.992675], [-78.943407, 35.9926735], [-78.943404, 35.992672], [-78.9434015, 35.9926705], [-78.9433985, 35.992669], [-78.9433955, 35.9926675], [-78.9433925, 35.9926665], [-78.9433895, 35.992665], [-78.943387, 35.9926635], [-78.943384, 35.992662], [-78.943381, 35.9926605], [-78.943378, 35.992659], [-78.943375, 35.992658], [-78.9433725, 35.9926565], [-78.9433695, 35.992655], [-78.9433665, 35.9926535], [-78.9433635, 35.992652], [-78.943361, 35.992651], [-78.943358, 35.9926495], [-78.943355, 35.992648], [-78.9433525, 35.9926465], [-78.9433495, 35.992645], [-78.9433465, 35.992644], [-78.9433435, 35.9926425], [-78.9433405, 35.992641], [-78.9433375, 35.9926395], [-78.943335, 35.9926385], [-78.943332, 35.992637], [-78.943329, 35.9926355], [-78.943326, 35.992634], [-78.943323, 35.9926325], [-78.94332, 35.9926315], [-78.943317, 35.99263], [-78.9433145, 35.9926285], [-78.943312, 35.992627], [-78.943309, 35.9926255], [-78.943306, 35.9926245], [-78.943303, 35.992623], [-78.9433, 35.9926215], [-78.943297, 35.99262], [-78.943294, 35.992619], [-78.9432915, 35.9926175], [-78.9432885, 35.992616], [-78.9432855, 35.9926145], [-78.9432825, 35.9926135], [-78.9432795, 35.992612], [-78.9432765, 35.9926105], [-78.9432735, 35.992609], [-78.943271, 35.992608], [-78.943268, 35.9926065], [-78.9432655, 35.992605], [-78.9432625, 35.9926035], [-78.9432595, 35.9926025], [-78.9432565, 35.992601], [-78.9432535, 35.9926], [-78.9432505, 35.9925985], [-78.9432475, 35.992597], [-78.9432445, 35.9925955], [-78.9432415, 35.9925945], [-78.9432385, 35.992593], [-78.9432355, 35.9925915], [-78.94323, 35.992589], [-78.9432275, 35.9925875], [-78.9432245, 35.992586], [-78.9432215, 35.992585], [-78.9432185, 35.9925835], [-78.9432155, 35.992582], [-78.9432125, 35.992581], [-78.9432095, 35.9925795], [-78.9432065, 35.992578], [-78.9432035, 35.9925765], [-78.9432005, 35.9925755], [-78.9431975, 35.992574], [-78.9431945, 35.992573], [-78.943192, 35.9925715], [-78.943189, 35.99257], [-78.943186, 35.992569], [-78.943183, 35.9925675], [-78.94318, 35.992566], [-78.943177, 35.992565], [-78.9431745, 35.9925635], [-78.9431715, 35.992562], [-78.9431685, 35.9925605], [-78.9431655, 35.9925595], [-78.9431625, 35.992558], [-78.9431595, 35.992557], [-78.9431565, 35.9925555], [-78.9431535, 35.992554], [-78.943151, 35.992553], [-78.943148, 35.9925515], [-78.943145, 35.9925505], [-78.943142, 35.992549], [-78.943139, 35.9925475], [-78.943136, 35.9925465], [-78.943133, 35.992545], [-78.94313, 35.9925435], [-78.943127, 35.9925425], [-78.943124, 35.992541], [-78.943121, 35.99254], [-78.9431185, 35.9925385], [-78.9431155, 35.992537], [-78.9431125, 35.992536], [-78.9431095, 35.9925345], [-78.9431065, 35.992533], [-78.9431035, 35.992532], [-78.9431005, 35.9925305], [-78.9430975, 35.9925295], [-78.9430945, 35.992528], [-78.9430915, 35.992527], [-78.9430885, 35.9925255], [-78.943086, 35.9925245], [-78.943083, 35.992523], [-78.94308, 35.9925215], [-78.943077, 35.9925205], [-78.9430735, 35.992519], [-78.9430705, 35.992518], [-78.9430675, 35.9925165], [-78.9430645, 35.9925155], [-78.9430615, 35.992514], [-78.9430585, 35.992513], [-78.943056, 35.9925115], [-78.943053, 35.99251], [-78.94305, 35.992509], [-78.943047, 35.9925075], [-78.943044, 35.9925065], [-78.943041, 35.992505], [-78.943038, 35.992504], [-78.943035, 35.9925025], [-78.943032, 35.9925015], [-78.943029, 35.9925], [-78.943026, 35.992499], [-78.943023, 35.9924975], [-78.9430205, 35.9924965], [-78.943017, 35.992495], [-78.943014, 35.9924935], [-78.943011, 35.9924925], [-78.943008, 35.9924915], [-78.943005, 35.99249], [-78.943002, 35.9924885], [-78.942999, 35.9924875], [-78.942996, 35.992486], [-78.9429935, 35.992485], [-78.9429905, 35.9924835], [-78.9429875, 35.9924825], [-78.9429845, 35.992481], [-78.942981, 35.99248], [-78.942978, 35.992479], [-78.942975, 35.9924775], [-78.942972, 35.9924765], [-78.942969, 35.992475], [-78.942966, 35.992474], [-78.942963, 35.9924725], [-78.9429605, 35.9924715], [-78.9429575, 35.99247], [-78.9429545, 35.992469], [-78.942951, 35.9924675], [-78.942948, 35.9924665], [-78.942945, 35.992465], [-78.942942, 35.992464], [-78.942939, 35.992463], [-78.942936, 35.9924615], [-78.9429335, 35.99246], [-78.9429305, 35.992459], [-78.942927, 35.992458], [-78.942924, 35.9924565], [-78.942921, 35.9924555], [-78.942918, 35.992454], [-78.942915, 35.992453], [-78.942912, 35.992452], [-78.942909, 35.9924505], [-78.942906, 35.9924495], [-78.942903, 35.992448], [-78.9429, 35.992447], [-78.942897, 35.992446], [-78.942894, 35.9924445], [-78.942891, 35.9924435], [-78.942888, 35.992442], [-78.942885, 35.992441], [-78.9428815, 35.9924395], [-78.942879, 35.9924385], [-78.942876, 35.9924375], [-78.942873, 35.992436], [-78.94287, 35.992435], [-78.942867, 35.9924335], [-78.9428635, 35.9924325], [-78.9428605, 35.9924315], [-78.9428575, 35.99243], [-78.9428545, 35.992429], [-78.9428515, 35.9924275], [-78.942849, 35.9924265], [-78.9428455, 35.9924255], [-78.9428425, 35.992424], [-78.9428395, 35.992423], [-78.9428365, 35.992422], [-78.9428335, 35.9924205], [-78.94283, 35.9924195], [-78.942827, 35.9924185], [-78.9428245, 35.992417], [-78.9428215, 35.992416], [-78.9428185, 35.992415], [-78.9428155, 35.9924135], [-78.942812, 35.9924125], [-78.942809, 35.992411], [-78.942806, 35.99241], [-78.942803, 35.992409], [-78.9428, 35.992408], [-78.942797, 35.9924065], [-78.942794, 35.9924055], [-78.942791, 35.992404], [-78.942788, 35.992403], [-78.942785, 35.992402], [-78.9427815, 35.9924005], [-78.9427785, 35.9923995], [-78.9427755, 35.9923985], [-78.942773, 35.9923975], [-78.9427695, 35.992396], [-78.941293, 35.9918805], [-78.9412895, 35.99188], [-78.941286, 35.9918795], [-78.941283, 35.991879], [-78.9412795, 35.9918785], [-78.941276, 35.991878], [-78.9412695, 35.991877], [-78.9412665, 35.9918765], [-78.941263, 35.9918765], [-78.9412595, 35.991876], [-78.941256, 35.9918755], [-78.941253, 35.991875], [-78.9412465, 35.9918745], [-78.941243, 35.991874], [-78.9412395, 35.9918735], [-78.9412365, 35.991873], [-78.941233, 35.9918725], [-78.9412295, 35.9918725], [-78.941226, 35.991872], [-78.941223, 35.9918715], [-78.9412165, 35.991871], [-78.941213, 35.9918705], [-78.9412095, 35.9918705], [-78.9412065, 35.99187], [-78.941203, 35.99187], [-78.9411995, 35.9918695], [-78.941196, 35.9918695], [-78.941193, 35.991869], [-78.9411895, 35.9918685], [-78.941186, 35.9918685], [-78.9411825, 35.991868], [-78.9411795, 35.991868], [-78.941173, 35.9918675], [-78.9411695, 35.991867], [-78.941166, 35.991867], [-78.941163, 35.9918665], [-78.9411595, 35.9918665], [-78.941156, 35.9918665], [-78.9411525, 35.991866], [-78.9411495, 35.991866], [-78.941146, 35.991866], [-78.9411425, 35.9918655], [-78.941139, 35.9918655], [-78.941136, 35.9918655], [-78.9411325, 35.9918655], [-78.941129, 35.991865], [-78.9411255, 35.991865], [-78.941122, 35.991865], [-78.941119, 35.991865], [-78.9411155, 35.9918645], [-78.941109, 35.9918645], [-78.941106, 35.9918645], [-78.9411025, 35.991864], [-78.941099, 35.991864], [-78.9410955, 35.991864], [-78.9410925, 35.991864], [-78.941089, 35.991864], [-78.9410855, 35.991864], [-78.941082, 35.991864], [-78.9410785, 35.991864], [-78.9410755, 35.991864], [-78.941072, 35.991864], [-78.9410685, 35.991864], [-78.941065, 35.991864], [-78.941062, 35.991864], [-78.9410585, 35.991864], [-78.941055, 35.991864], [-78.9410515, 35.991864], [-78.9410485, 35.991864], [-78.941045, 35.991864], [-78.9410415, 35.9918645], [-78.941038, 35.9918645], [-78.941035, 35.9918645], [-78.9410315, 35.9918645], [-78.941025, 35.9918645], [-78.9410215, 35.991865], [-78.9410185, 35.991865], [-78.941015, 35.991865], [-78.9410115, 35.991865], [-78.941008, 35.9918655], [-78.941005, 35.9918655], [-78.9410015, 35.9918655], [-78.940998, 35.991866], [-78.9409945, 35.991866], [-78.9409915, 35.991866], [-78.940988, 35.9918665], [-78.9409845, 35.9918665], [-78.940981, 35.9918665], [-78.9409775, 35.991867], [-78.9409745, 35.9918675], [-78.940971, 35.9918675], [-78.9409645, 35.991868], [-78.9409615, 35.991868], [-78.940958, 35.9918685], [-78.9409545, 35.9918685], [-78.940951, 35.991869], [-78.9409475, 35.991869], [-78.9409445, 35.9918695], [-78.940941, 35.99187], [-78.9409375, 35.99187], [-78.940934, 35.9918705], [-78.940931, 35.9918705], [-78.9409245, 35.9918715], [-78.940921, 35.9918715], [-78.9409175, 35.991872], [-78.9409145, 35.9918725], [-78.940911, 35.9918725], [-78.9409075, 35.991873], [-78.940904, 35.9918735], [-78.940901, 35.991874], [-78.9408945, 35.9918745], [-78.940891, 35.991875], [-78.9408875, 35.9918755], [-78.9408845, 35.991876], [-78.940881, 35.9918765], [-78.9408775, 35.991877], [-78.940874, 35.991877], [-78.940868, 35.991878], [-78.9408645, 35.9918785], [-78.940861, 35.991879], [-78.9408575, 35.9918795], [-78.9408545, 35.99188], [-78.940848, 35.991881], [-78.9408445, 35.9918815], [-78.9408415, 35.991882], [-78.940835, 35.991883], [-78.9408285, 35.991884], [-78.940822, 35.991885], [-78.940816, 35.9918865], [-78.9408095, 35.9918875], [-78.940806, 35.991888], [-78.940803, 35.9918885], [-78.9408, 35.991889], [-78.940794, 35.9918905], [-78.9407875, 35.9918915], [-78.940784, 35.991892], [-78.940781, 35.991893], [-78.940778, 35.9918935], [-78.940775, 35.991894], [-78.9407715, 35.991895], [-78.9407685, 35.9918955], [-78.9407655, 35.991896], [-78.940762, 35.991897], [-78.9407595, 35.9918975], [-78.940756, 35.991898], [-78.940753, 35.991899], [-78.94075, 35.9918995], [-78.9407465, 35.9919005], [-78.9407435, 35.991901], [-78.94074, 35.9919015], [-78.9407375, 35.9919025], [-78.9407345, 35.991903], [-78.940731, 35.991904], [-78.940728, 35.9919045], [-78.940725, 35.9919055], [-78.9407215, 35.991906], [-78.9407185, 35.991907], [-78.9407155, 35.9919075], [-78.9407125, 35.9919085], [-78.9407095, 35.991909], [-78.9407065, 35.99191], [-78.940703, 35.991911], [-78.9407, 35.9919115], [-78.940697, 35.9919125], [-78.9406935, 35.9919135], [-78.940691, 35.991914], [-78.940688, 35.991915], [-78.940685, 35.9919155], [-78.9406815, 35.9919165], [-78.9406785, 35.9919175], [-78.9406755, 35.9919185], [-78.9406725, 35.991919], [-78.940669, 35.99192], [-78.9406665, 35.991921], [-78.9406635, 35.991922], [-78.9406605, 35.9919225], [-78.940657, 35.9919235], [-78.940654, 35.9919245], [-78.940651, 35.9919255], [-78.940648, 35.9919265], [-78.940645, 35.9919275], [-78.940642, 35.991928], [-78.940639, 35.991929], [-78.940636, 35.99193], [-78.940633, 35.991931], [-78.94063, 35.991932], [-78.940627, 35.991933], [-78.940624, 35.991934], [-78.940621, 35.991935], [-78.9406175, 35.991936], [-78.9406145, 35.991937], [-78.940612, 35.991938], [-78.940609, 35.991939], [-78.940606, 35.99194], [-78.940603, 35.991941], [-78.9406, 35.991942], [-78.940597, 35.991943], [-78.940594, 35.991944], [-78.940591, 35.991945], [-78.940588, 35.991946], [-78.940585, 35.9919475], [-78.940582, 35.9919485], [-78.940579, 35.9919495], [-78.9405765, 35.9919505], [-78.9405735, 35.9919515], [-78.9405705, 35.9919525], [-78.9405675, 35.991954], [-78.9405645, 35.991955], [-78.9405615, 35.991956], [-78.9405585, 35.991957], [-78.9405555, 35.991958], [-78.9405525, 35.9919595], [-78.9405495, 35.9919605], [-78.9405465, 35.9919615], [-78.9405435, 35.9919625], [-78.940538, 35.991965], [-78.9405355, 35.9919665], [-78.9405325, 35.9919675], [-78.9405295, 35.9919685], [-78.9405265, 35.9919695], [-78.9405235, 35.991971], [-78.940518, 35.9919735], [-78.940515, 35.9919745], [-78.940512, 35.9919755], [-78.940509, 35.991977], [-78.9405035, 35.9919795], [-78.9405005, 35.9919805], [-78.9404975, 35.991982], [-78.940492, 35.9919845], [-78.940489, 35.9919855], [-78.9404835, 35.991988], [-78.9404805, 35.9919895], [-78.940478, 35.991991], [-78.9404755, 35.991992], [-78.9404725, 35.9919935], [-78.9404695, 35.991995], [-78.940467, 35.991996], [-78.940464, 35.9919975], [-78.940461, 35.9919985], [-78.9404585, 35.992], [-78.9404555, 35.9920015], [-78.9404525, 35.992003], [-78.94045, 35.992004], [-78.9404445, 35.992007], [-78.9404415, 35.992008], [-78.940439, 35.9920095], [-78.940436, 35.992011], [-78.9404335, 35.9920125], [-78.9404305, 35.992014], [-78.940428, 35.992015], [-78.940425, 35.9920165], [-78.9404225, 35.992018], [-78.9404195, 35.9920195], [-78.940417, 35.992021], [-78.940414, 35.992022], [-78.9404115, 35.9920235], [-78.940409, 35.992025], [-78.940406, 35.9920265], [-78.9404035, 35.992028], [-78.9404005, 35.9920295], [-78.940398, 35.992031], [-78.9403955, 35.9920325], [-78.9403925, 35.992034], [-78.94039, 35.9920355], [-78.9403875, 35.992037], [-78.9403845, 35.9920385], [-78.940382, 35.99204], [-78.9403795, 35.9920415], [-78.9403765, 35.992043], [-78.940374, 35.9920445], [-78.9403715, 35.992046], [-78.940369, 35.9920475], [-78.940366, 35.992049], [-78.940363, 35.9920505], [-78.9403605, 35.992052], [-78.940358, 35.9920535], [-78.9403555, 35.992055], [-78.9403525, 35.992057], [-78.94035, 35.9920585], [-78.9403475, 35.99206], [-78.940345, 35.9920615], [-78.9403425, 35.992063], [-78.94034, 35.9920645], [-78.9403375, 35.9920665], [-78.940335, 35.992068], [-78.9403325, 35.9920695], [-78.94033, 35.992071], [-78.940327, 35.992073], [-78.9403245, 35.9920745], [-78.940322, 35.992076], [-78.9403195, 35.9920775], [-78.9403165, 35.9920795], [-78.940314, 35.992081], [-78.9403095, 35.9920845], [-78.940307, 35.992086], [-78.9403045, 35.9920875], [-78.940302, 35.9920895], [-78.9402995, 35.992091], [-78.940297, 35.9920925], [-78.9402945, 35.9920945], [-78.940292, 35.992096], [-78.940287, 35.9920995], [-78.9402845, 35.992101], [-78.940282, 35.992103], [-78.9402795, 35.9921045], [-78.940275, 35.992108], [-78.9402725, 35.9921095], [-78.94027, 35.9921115], [-78.940265, 35.992115], [-78.9402625, 35.9921165], [-78.940258, 35.9921205], [-78.9402555, 35.992122], [-78.940251, 35.9921255], [-78.940248, 35.9921275], [-78.9402455, 35.9921295], [-78.9402435, 35.992131], [-78.940241, 35.992133], [-78.940239, 35.9921345], [-78.9402365, 35.9921365], [-78.9398655, 35.9926965], [-78.9397125, 35.992936], [-78.939711, 35.9929385], [-78.9397095, 35.992941], [-78.9397075, 35.992943], [-78.9397065, 35.9929455], [-78.9397045, 35.992948], [-78.939703, 35.99295], [-78.9397015, 35.9929525], [-78.9397, 35.992955], [-78.9396985, 35.992957], [-78.9396965, 35.9929595], [-78.939695, 35.992962], [-78.9396935, 35.9929645], [-78.9396915, 35.9929665], [-78.93969, 35.992969], [-78.9396885, 35.9929715], [-78.939687, 35.9929735], [-78.939685, 35.992976], [-78.9396835, 35.992978], [-78.939682, 35.9929805], [-78.93968, 35.992983], [-78.9396785, 35.992985], [-78.9396765, 35.9929875], [-78.939675, 35.99299], [-78.9396735, 35.992992], [-78.9396715, 35.9929945], [-78.93967, 35.9929965], [-78.9396685, 35.992999], [-78.9396665, 35.9930015], [-78.939665, 35.993004], [-78.939663, 35.993006], [-78.9396615, 35.993008], [-78.93966, 35.9930105], [-78.939658, 35.993013], [-78.9396565, 35.993015], [-78.9396545, 35.9930175], [-78.9396525, 35.9930195], [-78.939651, 35.993022], [-78.939649, 35.9930245], [-78.9396475, 35.9930265], [-78.939646, 35.993029], [-78.939644, 35.993031], [-78.939642, 35.9930335], [-78.9396405, 35.9930355], [-78.9396385, 35.993038], [-78.939637, 35.99304], [-78.9396355, 35.9930425], [-78.939633, 35.9930445], [-78.9396315, 35.993047], [-78.93963, 35.993049], [-78.939628, 35.9930515], [-78.939626, 35.9930535], [-78.9396245, 35.993056], [-78.9396225, 35.993058], [-78.9396205, 35.9930605], [-78.939619, 35.9930625], [-78.939617, 35.993065], [-78.939615, 35.993067], [-78.9396135, 35.9930695], [-78.939611, 35.9930715], [-78.9396095, 35.993074], [-78.939608, 35.993076], [-78.9396055, 35.9930785], [-78.939604, 35.9930805], [-78.939602, 35.9930825], [-78.9396, 35.993085], [-78.939598, 35.993087], [-78.9395965, 35.9930895], [-78.9395945, 35.9930915], [-78.9395925, 35.9930935], [-78.9395905, 35.993096], [-78.939589, 35.993098], [-78.9395865, 35.9931005], [-78.939585, 35.9931025], [-78.939583, 35.9931045], [-78.939581, 35.993107], [-78.939579, 35.993109], [-78.9395775, 35.993111], [-78.939575, 35.9931135], [-78.939573, 35.9931155], [-78.9395715, 35.9931175], [-78.9395695, 35.99312], [-78.9395675, 35.993122], [-78.9395655, 35.993124], [-78.9395635, 35.9931265], [-78.9395615, 35.9931285], [-78.9395595, 35.993131], [-78.9395575, 35.993133], [-78.9395555, 35.993135], [-78.9395535, 35.9931375], [-78.9395515, 35.9931395], [-78.9395495, 35.9931415], [-78.9395475, 35.9931435], [-78.9395455, 35.9931455], [-78.9395435, 35.993148], [-78.9395415, 35.99315], [-78.9395395, 35.993152], [-78.9395375, 35.9931545], [-78.9395355, 35.9931565], [-78.9395335, 35.9931585], [-78.9395315, 35.9931605], [-78.939529, 35.9931625], [-78.939527, 35.993165], [-78.9395255, 35.993167], [-78.939523, 35.993169], [-78.939521, 35.993171], [-78.939519, 35.9931735], [-78.939517, 35.9931755], [-78.9395145, 35.9931775], [-78.9395125, 35.9931795], [-78.9395105, 35.9931815], [-78.9395085, 35.9931835], [-78.9395065, 35.993186], [-78.939504, 35.993188], [-78.939502, 35.99319], [-78.9395, 35.993192], [-78.939498, 35.993194], [-78.9394955, 35.993196], [-78.9394935, 35.993198], [-78.9394915, 35.9932], [-78.9394895, 35.9932025], [-78.9394875, 35.9932045], [-78.939485, 35.9932065], [-78.939483, 35.9932085], [-78.939481, 35.9932105], [-78.939479, 35.9932125], [-78.9394765, 35.9932145], [-78.9394745, 35.9932165], [-78.939472, 35.9932185], [-78.93947, 35.9932205], [-78.939468, 35.9932225], [-78.9394655, 35.993225], [-78.9394635, 35.9932265], [-78.9394615, 35.9932285], [-78.9394595, 35.993231], [-78.939457, 35.993233], [-78.9394545, 35.9932345], [-78.9394525, 35.993237], [-78.9394505, 35.993239], [-78.939448, 35.9932405], [-78.939446, 35.993243], [-78.9394435, 35.9932445], [-78.9394415, 35.993247], [-78.939439, 35.993249], [-78.939437, 35.9932505], [-78.939435, 35.9932525], [-78.9394325, 35.9932545], [-78.93943, 35.9932565], [-78.939428, 35.9932585], [-78.9394255, 35.9932605], [-78.9394235, 35.9932625], [-78.9394215, 35.9932645], [-78.939419, 35.9932665], [-78.9394165, 35.9932685], [-78.9394145, 35.9932705], [-78.939412, 35.9932725], [-78.93941, 35.993274], [-78.9394075, 35.9932765], [-78.939405, 35.993278], [-78.939403, 35.99328], [-78.9394005, 35.993282], [-78.9393985, 35.993284], [-78.939396, 35.993286], [-78.939394, 35.9932875], [-78.9393915, 35.9932895], [-78.939389, 35.9932915], [-78.9393865, 35.9932935], [-78.9393845, 35.9932955], [-78.939382, 35.9932975], [-78.93938, 35.9932995], [-78.9393775, 35.993301], [-78.939375, 35.993303], [-78.9393725, 35.993305], [-78.93937, 35.993307], [-78.939368, 35.9933085], [-78.9393655, 35.9933105], [-78.9393635, 35.9933125], [-78.939361, 35.9933145], [-78.9393585, 35.993316], [-78.939356, 35.993318], [-78.9393535, 35.99332], [-78.939351, 35.9933215], [-78.939349, 35.9933235], [-78.9393465, 35.9933255], [-78.939344, 35.9933275], [-78.939342, 35.9933295], [-78.9393395, 35.993331], [-78.939337, 35.993333], [-78.9393345, 35.993335], [-78.939332, 35.9933365], [-78.9393295, 35.9933385], [-78.9393275, 35.9933405], [-78.939325, 35.993342], [-78.9393225, 35.993344], [-78.93932, 35.993346], [-78.9393175, 35.9933475], [-78.939315, 35.9933495], [-78.9393125, 35.993351], [-78.93931, 35.993353], [-78.9393075, 35.9933545], [-78.939303, 35.9933585], [-78.9393005, 35.99336], [-78.939298, 35.993362], [-78.9392955, 35.993364], [-78.939293, 35.9933655], [-78.93929, 35.993367], [-78.9392855, 35.993371], [-78.939283, 35.9933725], [-78.9392805, 35.9933745], [-78.939278, 35.993376], [-78.9392755, 35.993378], [-78.939273, 35.9933795], [-78.9392705, 35.9933815], [-78.939268, 35.993383], [-78.9392655, 35.993385], [-78.939263, 35.9933865], [-78.93926, 35.9933885], [-78.9392575, 35.99339], [-78.939255, 35.9933915], [-78.9392525, 35.9933935], [-78.93925, 35.993395], [-78.9392475, 35.993397], [-78.939245, 35.9933985], [-78.9392425, 35.9934005], [-78.93924, 35.993402], [-78.9392375, 35.9934035], [-78.939235, 35.9934055], [-78.9392325, 35.993407], [-78.93923, 35.993409], [-78.939227, 35.9934105], [-78.9392245, 35.993412], [-78.939222, 35.993414], [-78.939219, 35.9934155], [-78.9392165, 35.9934175], [-78.939214, 35.993419], [-78.9392115, 35.9934205], [-78.939209, 35.9934225], [-78.939206, 35.993424], [-78.9392035, 35.9934255], [-78.939201, 35.9934275], [-78.9391985, 35.993429], [-78.939196, 35.9934305], [-78.9391935, 35.993432], [-78.9391905, 35.993434], [-78.939188, 35.9934355], [-78.9391855, 35.993437], [-78.939183, 35.9934385], [-78.93918, 35.9934405], [-78.9391775, 35.993442], [-78.939175, 35.9934435], [-78.9391725, 35.993445], [-78.9391695, 35.9934465], [-78.939167, 35.9934485], [-78.9391645, 35.99345], [-78.9391615, 35.9934515], [-78.939159, 35.993453], [-78.939156, 35.9934545], [-78.9391535, 35.993456], [-78.9391505, 35.993458], [-78.939148, 35.9934595], [-78.939145, 35.993461], [-78.9391425, 35.9934625], [-78.93914, 35.993464], [-78.939137, 35.9934655], [-78.9391345, 35.993467], [-78.939132, 35.993469], [-78.939129, 35.9934705], [-78.9391265, 35.993472], [-78.9391235, 35.9934735], [-78.939121, 35.993475], [-78.939118, 35.9934765], [-78.9391155, 35.993478], [-78.939113, 35.9934795], [-78.93911, 35.993481], [-78.9391075, 35.9934825], [-78.9391045, 35.993484], [-78.939102, 35.9934855], [-78.939099, 35.993487], [-78.9390965, 35.9934885], [-78.9390935, 35.99349], [-78.939091, 35.993492], [-78.939088, 35.993493], [-78.9390855, 35.9934945], [-78.9390825, 35.993496], [-78.93908, 35.9934975], [-78.939077, 35.993499], [-78.9390745, 35.9935005], [-78.9390715, 35.993502], [-78.9390685, 35.9935035], [-78.939066, 35.993505], [-78.939063, 35.9935065], [-78.9390605, 35.993508], [-78.9390575, 35.993509], [-78.939055, 35.993511], [-78.939052, 35.993512], [-78.9390495, 35.9935135], [-78.9390465, 35.993515], [-78.939044, 35.9935165], [-78.939041, 35.993518], [-78.9390385, 35.9935195], [-78.9390355, 35.993521], [-78.9390325, 35.993522], [-78.93903, 35.9935235], [-78.939027, 35.993525], [-78.939024, 35.9935265], [-78.9390215, 35.993528], [-78.9390185, 35.993529], [-78.9390155, 35.9935305], [-78.939013, 35.993532], [-78.93901, 35.9935335], [-78.939007, 35.993535], [-78.939004, 35.993536], [-78.9390015, 35.9935375], [-78.9389985, 35.993539], [-78.938993, 35.9935415], [-78.93899, 35.993543], [-78.938987, 35.993544], [-78.938984, 35.9935455], [-78.938981, 35.993547], [-78.9389785, 35.9935485], [-78.9389755, 35.9935495], [-78.93897, 35.993552], [-78.938967, 35.993553], [-78.938964, 35.9935545], [-78.938961, 35.9935555], [-78.938958, 35.9935565], [-78.938955, 35.993558], [-78.938952, 35.993559], [-78.938949, 35.99356], [-78.938946, 35.993561], [-78.938943, 35.993562], [-78.93894, 35.9935635], [-78.9389345, 35.9935655], [-78.938932, 35.993567], [-78.938929, 35.993568], [-78.938926, 35.993569], [-78.938923, 35.9935705], [-78.93892, 35.9935715], [-78.938917, 35.9935725], [-78.938914, 35.9935735], [-78.938911, 35.993575], [-78.938908, 35.993576], [-78.938905, 35.993577], [-78.938902, 35.993578], [-78.938899, 35.9935795], [-78.9388965, 35.9935805], [-78.9388935, 35.9935815], [-78.9388905, 35.993583], [-78.9388875, 35.993584], [-78.9388845, 35.993585], [-78.9388815, 35.993586], [-78.9388785, 35.9935875], [-78.9388755, 35.9935885], [-78.9388725, 35.9935895], [-78.9388695, 35.9935905], [-78.9388665, 35.9935915], [-78.9388635, 35.993593], [-78.938861, 35.993594], [-78.938858, 35.993595], [-78.938855, 35.993596], [-78.938852, 35.993597], [-78.938849, 35.9935985], [-78.938846, 35.9935995], [-78.938843, 35.9936005], [-78.93884, 35.9936015], [-78.938837, 35.993603], [-78.938834, 35.993604], [-78.938831, 35.993605], [-78.938828, 35.993606], [-78.9388255, 35.9936075], [-78.9388225, 35.9936085], [-78.9388195, 35.9936095], [-78.9388165, 35.9936105], [-78.9388135, 35.9936115], [-78.9388105, 35.993613], [-78.9388075, 35.993614], [-78.9388045, 35.993615], [-78.9388015, 35.993616], [-78.9387985, 35.993617], [-78.9387955, 35.9936185], [-78.9387925, 35.9936195], [-78.93879, 35.9936205], [-78.938787, 35.9936215], [-78.938784, 35.9936225], [-78.938781, 35.993624], [-78.938778, 35.993625], [-78.938775, 35.993626], [-78.938772, 35.993627], [-78.938769, 35.993628], [-78.938766, 35.993629], [-78.938763, 35.9936305], [-78.93876, 35.9936315], [-78.938757, 35.9936325], [-78.9387545, 35.9936335], [-78.9387515, 35.9936345], [-78.9387485, 35.9936355], [-78.9387455, 35.9936365], [-78.9387425, 35.993638], [-78.9387395, 35.993639], [-78.9387365, 35.99364], [-78.9387335, 35.993641], [-78.9387305, 35.993642], [-78.9387275, 35.993643], [-78.9387245, 35.993644], [-78.9387215, 35.993645], [-78.9387185, 35.9936465], [-78.9387155, 35.9936475], [-78.9387125, 35.9936485], [-78.9387095, 35.9936495], [-78.9387065, 35.9936505], [-78.9387035, 35.9936515], [-78.9387005, 35.993653], [-78.9386975, 35.993654], [-78.9386945, 35.993655], [-78.9386915, 35.993656], [-78.9386885, 35.993657], [-78.938686, 35.993658], [-78.938683, 35.993659], [-78.93868, 35.99366], [-78.938677, 35.993661], [-78.938674, 35.993662], [-78.9386705, 35.9936635], [-78.9386675, 35.9936645], [-78.9386645, 35.9936655], [-78.9386615, 35.9936665], [-78.9386585, 35.9936675], [-78.938656, 35.9936685], [-78.938653, 35.9936695], [-78.93865, 35.9936705], [-78.938647, 35.9936715], [-78.938644, 35.993673], [-78.938641, 35.993674], [-78.938638, 35.993675], [-78.938635, 35.993676], [-78.9386315, 35.993677], [-78.9386285, 35.993678], [-78.938626, 35.993679], [-78.938623, 35.99368], [-78.93862, 35.993681], [-78.938617, 35.993682], [-78.938614, 35.993683], [-78.938611, 35.993684], [-78.938608, 35.993685], [-78.938605, 35.993686], [-78.9386015, 35.993687], [-78.9385985, 35.9936885], [-78.9385955, 35.9936895], [-78.938593, 35.9936905], [-78.93859, 35.9936915], [-78.938587, 35.9936925], [-78.938584, 35.9936935], [-78.938581, 35.9936945], [-78.938578, 35.9936955], [-78.938575, 35.9936965], [-78.9385715, 35.9936975], [-78.9385685, 35.9936985], [-78.9385655, 35.9936995], [-78.938563, 35.9937005], [-78.93856, 35.9937015], [-78.938557, 35.9937025], [-78.938554, 35.9937035], [-78.938551, 35.9937045], [-78.9385475, 35.9937055], [-78.9385445, 35.9937065], [-78.9385415, 35.9937075], [-78.9385385, 35.9937085], [-78.9385355, 35.9937095], [-78.938533, 35.9937105], [-78.93853, 35.9937115], [-78.938527, 35.9937125], [-78.9385235, 35.9937135], [-78.9385205, 35.9937145], [-78.9385175, 35.9937155], [-78.938513, 35.993717], [-78.93851, 35.993718], [-78.938507, 35.993719], [-78.938504, 35.99372], [-78.938501, 35.993721], [-78.938498, 35.993722], [-78.938495, 35.993723], [-78.938492, 35.993724], [-78.938489, 35.993725], [-78.938486, 35.993726], [-78.938483, 35.993727], [-78.93848, 35.993728], [-78.938477, 35.993729], [-78.938474, 35.99373], [-78.938471, 35.993731], [-78.938468, 35.993732], [-78.9384645, 35.993733], [-78.938462, 35.993734], [-78.938459, 35.993735], [-78.938456, 35.993736], [-78.938453, 35.993737], [-78.93845, 35.993738], [-78.938447, 35.993739], [-78.9384435, 35.9937395], [-78.9384405, 35.9937405], [-78.9384375, 35.9937415], [-78.9384345, 35.9937425], [-78.9384315, 35.9937435], [-78.938429, 35.9937445], [-78.938426, 35.9937455], [-78.9384225, 35.9937465], [-78.9384195, 35.9937475], [-78.9384165, 35.9937485], [-78.9384135, 35.9937495], [-78.9384085, 35.993751], [-78.9384045, 35.9937525], [-78.9381925, 35.993824], [-78.938189, 35.993825], [-78.938186, 35.993826], [-78.938183, 35.993827], [-78.9381805, 35.993828], [-78.938177, 35.993829], [-78.938174, 35.99383], [-78.938171, 35.993831], [-78.9381675, 35.993832], [-78.9381645, 35.993833], [-78.9381615, 35.993834], [-78.9381585, 35.993835], [-78.9381555, 35.993836], [-78.9381525, 35.993837], [-78.9381495, 35.9938385], [-78.9381465, 35.9938395], [-78.9381435, 35.9938405], [-78.93814, 35.9938415], [-78.938137, 35.9938425], [-78.938134, 35.9938435], [-78.9381315, 35.9938445], [-78.9381285, 35.9938455], [-78.938125, 35.993847], [-78.938122, 35.993848], [-78.938119, 35.993849], [-78.938116, 35.99385], [-78.938113, 35.993851], [-78.93811, 35.993852], [-78.9381065, 35.9938535], [-78.938104, 35.9938545], [-78.938101, 35.9938555], [-78.938098, 35.9938565], [-78.938095, 35.993858], [-78.938092, 35.993859], [-78.938089, 35.99386], [-78.938086, 35.993861], [-78.938083, 35.993862], [-78.9380795, 35.9938635], [-78.9380765, 35.9938645], [-78.938074, 35.9938655], [-78.938071, 35.993867], [-78.938068, 35.993868], [-78.938065, 35.993869], [-78.938062, 35.9938705], [-78.938059, 35.9938715], [-78.938056, 35.9938725], [-78.938053, 35.993874], [-78.93805, 35.993875], [-78.938047, 35.9938765], [-78.938044, 35.9938775], [-78.938041, 35.9938785], [-78.9380385, 35.99388], [-78.9380355, 35.993881], [-78.9380325, 35.9938825], [-78.9380295, 35.9938835], [-78.9380265, 35.9938845], [-78.9380235, 35.993886], [-78.9380205, 35.993887], [-78.9380175, 35.9938885], [-78.9380145, 35.9938895], [-78.9380115, 35.993891], [-78.9380085, 35.993892], [-78.9380055, 35.9938935], [-78.9380025, 35.9938945], [-78.938, 35.993896], [-78.937997, 35.9938975], [-78.9379945, 35.9938985], [-78.9379915, 35.9939], [-78.9379885, 35.993901], [-78.9379855, 35.993902], [-78.9379825, 35.9939035], [-78.9379795, 35.993905], [-78.9379765, 35.993906], [-78.937974, 35.9939075], [-78.937971, 35.9939085], [-78.937968, 35.99391], [-78.937965, 35.9939115], [-78.937962, 35.9939125], [-78.937959, 35.993914], [-78.9379565, 35.9939155], [-78.9379535, 35.9939165], [-78.9379505, 35.993918], [-78.937948, 35.9939195], [-78.937945, 35.9939205], [-78.9379425, 35.993922], [-78.9379395, 35.9939235], [-78.9379365, 35.9939245], [-78.9379335, 35.993926], [-78.937931, 35.9939275], [-78.937928, 35.993929], [-78.937925, 35.99393], [-78.937922, 35.9939315], [-78.9379195, 35.993933], [-78.9379165, 35.9939345], [-78.9379135, 35.993936], [-78.937911, 35.993937], [-78.937908, 35.9939385], [-78.937905, 35.99394], [-78.9379025, 35.9939415], [-78.9378995, 35.9939425], [-78.9378965, 35.993944], [-78.937894, 35.9939455], [-78.937891, 35.993947], [-78.937888, 35.9939485], [-78.9378855, 35.99395], [-78.9378825, 35.9939515], [-78.9378795, 35.993953], [-78.937877, 35.993954], [-78.9378745, 35.9939555], [-78.9378715, 35.993957], [-78.9378685, 35.9939585], [-78.937866, 35.99396], [-78.9378635, 35.9939615], [-78.9378605, 35.993963], [-78.9378575, 35.9939645], [-78.937855, 35.993966], [-78.9378525, 35.9939675], [-78.9378495, 35.993969], [-78.937847, 35.9939705], [-78.937844, 35.993972], [-78.9378415, 35.9939735], [-78.9378385, 35.993975], [-78.937836, 35.9939765], [-78.937833, 35.993978], [-78.9378305, 35.9939795], [-78.9378275, 35.993981], [-78.937825, 35.9939825], [-78.937822, 35.993984], [-78.9378195, 35.9939855], [-78.937817, 35.993987], [-78.937814, 35.9939885], [-78.937811, 35.99399], [-78.9378085, 35.9939915], [-78.937806, 35.9939935], [-78.937803, 35.993995], [-78.9378005, 35.9939965], [-78.9377975, 35.993998], [-78.937795, 35.9939995], [-78.937792, 35.994001], [-78.9377895, 35.9940025], [-78.9377865, 35.994004], [-78.937784, 35.994006], [-78.9377815, 35.9940075], [-78.9377785, 35.994009], [-78.937776, 35.9940105], [-78.9377735, 35.994012], [-78.937771, 35.9940135], [-78.937768, 35.9940155], [-78.9377655, 35.994017], [-78.937763, 35.9940185], [-78.93776, 35.99402], [-78.9377575, 35.994022], [-78.937755, 35.9940235], [-78.9377525, 35.994025], [-78.93775, 35.994027], [-78.937747, 35.9940285], [-78.9377445, 35.99403], [-78.937742, 35.9940315], [-78.9377395, 35.9940335], [-78.937737, 35.994035], [-78.937734, 35.9940365], [-78.9377315, 35.994038], [-78.937729, 35.99404], [-78.9377265, 35.9940415], [-78.937724, 35.994043], [-78.937721, 35.994045], [-78.9377185, 35.9940465], [-78.937716, 35.9940485], [-78.937713, 35.99405], [-78.9377105, 35.9940515], [-78.937708, 35.9940535], [-78.9377055, 35.994055], [-78.937703, 35.994057], [-78.9377005, 35.9940585], [-78.937698, 35.99406], [-78.9376955, 35.994062], [-78.937693, 35.9940635], [-78.9376905, 35.9940655], [-78.937688, 35.994067], [-78.9376855, 35.994069], [-78.9376825, 35.9940705], [-78.93768, 35.9940725], [-78.9376775, 35.994074], [-78.937675, 35.994076], [-78.9376725, 35.9940775], [-78.93767, 35.9940795], [-78.9376675, 35.994081], [-78.937663, 35.9940845], [-78.9376605, 35.9940865], [-78.937658, 35.994088], [-78.9376555, 35.99409], [-78.9376525, 35.994092], [-78.93765, 35.9940935], [-78.9376475, 35.994095], [-78.9376455, 35.994097], [-78.937643, 35.994099], [-78.9376405, 35.9941005], [-78.937638, 35.9941025], [-78.9376355, 35.9941045], [-78.937633, 35.994106], [-78.9376305, 35.994108], [-78.937628, 35.9941095], [-78.9376255, 35.9941115], [-78.937621, 35.994115], [-78.9376185, 35.994117], [-78.937616, 35.994119], [-78.9376135, 35.9941205], [-78.9376115, 35.9941225], [-78.937609, 35.9941245], [-78.937604, 35.994128], [-78.9376015, 35.99413], [-78.937599, 35.994132], [-78.937597, 35.9941335], [-78.9375945, 35.9941355], [-78.937592, 35.9941375], [-78.9375895, 35.9941395], [-78.937587, 35.994141], [-78.937585, 35.994143], [-78.9375825, 35.994145], [-78.9375805, 35.994147], [-78.937578, 35.9941485], [-78.9375755, 35.9941505], [-78.937573, 35.9941525], [-78.9375705, 35.9941545], [-78.9375685, 35.9941565], [-78.937566, 35.994158], [-78.937564, 35.99416], [-78.9375615, 35.994162], [-78.9375595, 35.994164], [-78.937557, 35.994166], [-78.9375545, 35.994168], [-78.9375525, 35.9941695], [-78.9375505, 35.9941715], [-78.9375485, 35.9941735], [-78.937546, 35.9941755], [-78.937544, 35.994177], [-78.937542, 35.994179], [-78.9375395, 35.994181], [-78.9375375, 35.994183], [-78.937535, 35.994185], [-78.937533, 35.9941865], [-78.937531, 35.9941885], [-78.937529, 35.9941905], [-78.9375265, 35.9941925], [-78.9375245, 35.9941945], [-78.9375225, 35.9941965], [-78.9375205, 35.994198], [-78.937518, 35.9942], [-78.9375155, 35.994202], [-78.9375135, 35.994204], [-78.9375115, 35.994206], [-78.9375095, 35.994208], [-78.9375075, 35.99421], [-78.937505, 35.9942115], [-78.937503, 35.9942135], [-78.937501, 35.9942155], [-78.937499, 35.9942175], [-78.9374965, 35.9942195], [-78.9374945, 35.9942215], [-78.9374925, 35.9942235], [-78.9374905, 35.9942255], [-78.9374865, 35.994229], [-78.9374845, 35.9942315], [-78.9374825, 35.994233], [-78.93748, 35.994235], [-78.937478, 35.994237], [-78.937476, 35.994239], [-78.937474, 35.994241], [-78.937472, 35.994243], [-78.9374695, 35.994245], [-78.9374675, 35.994247], [-78.9374655, 35.994249], [-78.9374635, 35.994251], [-78.9374615, 35.994253], [-78.9374595, 35.994255], [-78.9374575, 35.994257], [-78.937455, 35.994259], [-78.937453, 35.994261], [-78.9374515, 35.994263], [-78.9374495, 35.994265], [-78.9374475, 35.994267], [-78.937445, 35.994269], [-78.937443, 35.994271], [-78.9374415, 35.994273], [-78.937439, 35.994275], [-78.937437, 35.994277], [-78.937435, 35.994279], [-78.9374335, 35.994281], [-78.937431, 35.994283], [-78.937429, 35.994285], [-78.937427, 35.994287], [-78.937425, 35.994289], [-78.937423, 35.994291], [-78.937421, 35.994293], [-78.9374195, 35.9942955], [-78.937417, 35.994297], [-78.937415, 35.994299], [-78.9374135, 35.9943015], [-78.9374115, 35.9943035], [-78.937409, 35.9943055], [-78.9374075, 35.9943075], [-78.9374055, 35.9943095], [-78.937403, 35.9943115], [-78.9374015, 35.9943135], [-78.9373995, 35.9943155], [-78.9373975, 35.994318], [-78.9373955, 35.99432], [-78.9373935, 35.994322], [-78.937392, 35.994324], [-78.9373895, 35.994326], [-78.937388, 35.994328], [-78.937386, 35.99433], [-78.937384, 35.994332], [-78.937382, 35.994334], [-78.9373805, 35.9943365], [-78.937378, 35.9943385], [-78.9373765, 35.9943405], [-78.9373745, 35.9943425], [-78.937373, 35.9943445], [-78.9373705, 35.994347], [-78.937369, 35.994349], [-78.937367, 35.994351], [-78.937365, 35.994353], [-78.937363, 35.994355], [-78.9373615, 35.994357], [-78.9373595, 35.9943595], [-78.9373575, 35.9943615], [-78.9373555, 35.9943635], [-78.937354, 35.9943655], [-78.937352, 35.9943675], [-78.93735, 35.9943695], [-78.9373485, 35.994372], [-78.937346, 35.994374], [-78.9373445, 35.994376], [-78.937343, 35.994378], [-78.9373405, 35.9943805], [-78.937339, 35.9943825], [-78.9373375, 35.9943845], [-78.937335, 35.9943865], [-78.9373335, 35.994389], [-78.937332, 35.994391], [-78.9373295, 35.994393], [-78.937328, 35.994395], [-78.9373265, 35.9943975], [-78.937324, 35.9943995], [-78.9373225, 35.9944015], [-78.937321, 35.9944035], [-78.937319, 35.994406], [-78.937317, 35.994408], [-78.9373155, 35.99441], [-78.9373135, 35.9944125], [-78.937312, 35.9944145], [-78.93731, 35.9944165], [-78.937308, 35.994419], [-78.9373065, 35.994421], [-78.9373045, 35.994423], [-78.937303, 35.9944255], [-78.9373015, 35.9944275], [-78.937299, 35.9944295], [-78.9368215, 35.99504], [-78.936266, 35.995759], [-78.9360495, 35.9960255], [-78.936048, 35.9960275], [-78.936046, 35.9960295], [-78.9360425, 35.9960335], [-78.936041, 35.9960355], [-78.9360375, 35.9960395], [-78.9360335, 35.996043], [-78.936032, 35.9960455], [-78.9360285, 35.996049], [-78.9360265, 35.996051], [-78.936023, 35.996055], [-78.9360195, 35.996059], [-78.9360175, 35.996061], [-78.936016, 35.996063], [-78.9360125, 35.9960665], [-78.9360085, 35.9960705], [-78.9360055, 35.9960745], [-78.936003, 35.9960765], [-78.936, 35.99608], [-78.935998, 35.996082], [-78.9359945, 35.996086], [-78.935991, 35.99609], [-78.935989, 35.996092], [-78.9359855, 35.9960955], [-78.9359835, 35.9960975], [-78.93598, 35.9961015], [-78.935978, 35.9961035], [-78.9359745, 35.996107], [-78.9359725, 35.996109], [-78.935969, 35.996113], [-78.935967, 35.996115], [-78.9359635, 35.9961185], [-78.9359615, 35.9961205], [-78.935958, 35.996124], [-78.935956, 35.996126], [-78.935954, 35.996128], [-78.935952, 35.99613], [-78.9359485, 35.996134], [-78.935945, 35.9961375], [-78.935941, 35.9961415], [-78.935939, 35.9961435], [-78.935937, 35.9961455], [-78.9359345, 35.9961475], [-78.9359325, 35.99615], [-78.935931, 35.996152], [-78.935929, 35.996154], [-78.9359265, 35.996156], [-78.9359245, 35.996158], [-78.9359225, 35.9961605], [-78.9359205, 35.9961625], [-78.935918, 35.9961645], [-78.935916, 35.9961665], [-78.935914, 35.9961685], [-78.935912, 35.9961705], [-78.9359095, 35.996173], [-78.9359075, 35.996175], [-78.9359055, 35.996177], [-78.9359035, 35.996179], [-78.935901, 35.996181], [-78.935899, 35.996183], [-78.935897, 35.996185], [-78.935895, 35.996187], [-78.935893, 35.9961895], [-78.9358905, 35.9961915], [-78.9358885, 35.9961935], [-78.9358865, 35.9961955], [-78.9358845, 35.9961975], [-78.935882, 35.9961995], [-78.93588, 35.9962015], [-78.935878, 35.9962035], [-78.935876, 35.996206], [-78.935874, 35.996208], [-78.9358715, 35.99621], [-78.9358695, 35.996212], [-78.9358675, 35.996214], [-78.9358655, 35.996216], [-78.935863, 35.996218], [-78.9358605, 35.99622], [-78.9358585, 35.996222], [-78.9358565, 35.9962245], [-78.9358545, 35.996226], [-78.935852, 35.996228], [-78.93585, 35.9962305], [-78.935848, 35.9962325], [-78.935846, 35.9962345], [-78.9358435, 35.9962365], [-78.935841, 35.9962385], [-78.935839, 35.9962405], [-78.935837, 35.9962425], [-78.935835, 35.9962445], [-78.9358325, 35.9962465], [-78.9358305, 35.9962485], [-78.935828, 35.9962505], [-78.935826, 35.9962525], [-78.935824, 35.9962545], [-78.9358215, 35.9962565], [-78.9358195, 35.9962585], [-78.935817, 35.9962605], [-78.935815, 35.9962625], [-78.935813, 35.996265], [-78.935811, 35.9962665], [-78.9358085, 35.9962685], [-78.935806, 35.996271], [-78.935804, 35.9962725], [-78.935802, 35.9962745], [-78.9358, 35.996277], [-78.935797, 35.9962785], [-78.935795, 35.9962805], [-78.935793, 35.996283], [-78.935791, 35.9962845], [-78.9357885, 35.996287], [-78.935786, 35.9962885], [-78.935784, 35.9962905], [-78.935782, 35.996293], [-78.9357795, 35.9962945], [-78.9357775, 35.9962965], [-78.935775, 35.9962985], [-78.9357725, 35.9963005], [-78.9357705, 35.9963025], [-78.9357685, 35.9963045], [-78.9357665, 35.9963065], [-78.935764, 35.9963085], [-78.9357615, 35.9963105], [-78.9357595, 35.9963125], [-78.935757, 35.9963145], [-78.935755, 35.9963165], [-78.935753, 35.9963185], [-78.9357505, 35.9963205], [-78.935748, 35.9963225], [-78.935746, 35.9963245], [-78.9357435, 35.996326], [-78.9357415, 35.996328], [-78.935739, 35.99633], [-78.935737, 35.996332], [-78.9357345, 35.996334], [-78.935732, 35.996336], [-78.93573, 35.996338], [-78.935728, 35.99634], [-78.9357255, 35.996342], [-78.935723, 35.9963435], [-78.9357205, 35.996346], [-78.9357185, 35.9963475], [-78.935716, 35.9963495], [-78.935714, 35.9963515], [-78.935712, 35.9963535], [-78.9357095, 35.9963555], [-78.935707, 35.9963575], [-78.9357045, 35.9963595], [-78.9357025, 35.996361], [-78.9357, 35.996363], [-78.935698, 35.996365], [-78.9356955, 35.996367], [-78.935693, 35.996369], [-78.935691, 35.996371], [-78.9356885, 35.9963725], [-78.9356865, 35.9963745], [-78.935684, 35.9963765], [-78.935682, 35.9963785], [-78.9356795, 35.9963805], [-78.935677, 35.9963825], [-78.9356745, 35.996384], [-78.9356725, 35.996386], [-78.93567, 35.996388], [-78.9356675, 35.99639], [-78.9356655, 35.996392], [-78.935663, 35.996394], [-78.9356605, 35.9963955], [-78.935658, 35.9963975], [-78.935656, 35.9963995], [-78.9356535, 35.9964015], [-78.9356515, 35.9964035], [-78.935649, 35.996405], [-78.9356465, 35.996407], [-78.935644, 35.996409], [-78.9356415, 35.996411], [-78.9356395, 35.9964125], [-78.935637, 35.9964145], [-78.935635, 35.9964165], [-78.9356325, 35.9964185], [-78.93563, 35.99642], [-78.9356275, 35.996422], [-78.935625, 35.996424], [-78.935623, 35.996426], [-78.9356205, 35.996428], [-78.935618, 35.9964295], [-78.935616, 35.9964315], [-78.9356135, 35.9964335], [-78.935611, 35.996435], [-78.9356085, 35.996437], [-78.935606, 35.996439], [-78.9356035, 35.996441], [-78.9356015, 35.9964425], [-78.935599, 35.9964445], [-78.9355965, 35.9964465], [-78.935594, 35.996448], [-78.9355915, 35.99645], [-78.935587, 35.9964535], [-78.9355845, 35.9964555], [-78.935582, 35.9964575], [-78.93558, 35.9964595], [-78.9355775, 35.996461], [-78.935575, 35.996463], [-78.9355725, 35.996465], [-78.93557, 35.9964665], [-78.9355675, 35.9964685], [-78.935565, 35.9964705], [-78.935563, 35.996472], [-78.9355605, 35.996474], [-78.935558, 35.996476], [-78.9355535, 35.9964795], [-78.9355505, 35.9964815], [-78.935548, 35.996483], [-78.9355455, 35.996485], [-78.9355435, 35.996487], [-78.935541, 35.9964885], [-78.9355385, 35.9964905], [-78.935536, 35.996492], [-78.9355315, 35.9964955], [-78.935529, 35.9964975], [-78.935526, 35.9964995], [-78.9355235, 35.996501], [-78.935519, 35.996505], [-78.9355165, 35.9965065], [-78.935514, 35.9965085], [-78.9355115, 35.99651], [-78.935509, 35.996512], [-78.9355065, 35.996514], [-78.935504, 35.9965155], [-78.9355015, 35.9965175], [-78.935499, 35.9965195], [-78.9354965, 35.996521], [-78.935494, 35.9965225], [-78.9354915, 35.9965245], [-78.935487, 35.996528], [-78.9354845, 35.99653], [-78.935482, 35.9965315], [-78.935479, 35.9965335], [-78.9354765, 35.996535], [-78.935474, 35.996537], [-78.9354715, 35.9965385], [-78.935469, 35.9965405], [-78.9354665, 35.996542], [-78.935464, 35.996544], [-78.9354615, 35.9965455], [-78.9354595, 35.9965475], [-78.935457, 35.9965495], [-78.9354545, 35.996551], [-78.935452, 35.9965525], [-78.935449, 35.9965545], [-78.9354465, 35.9965565], [-78.935444, 35.996558], [-78.9354415, 35.9965595], [-78.935439, 35.9965615], [-78.9354365, 35.996563], [-78.935434, 35.996565], [-78.9354315, 35.996567], [-78.935429, 35.9965685], [-78.9354265, 35.99657], [-78.935424, 35.996572], [-78.9354215, 35.9965735], [-78.935419, 35.9965755], [-78.9354165, 35.996577], [-78.9354135, 35.996579], [-78.935411, 35.9965805], [-78.9354085, 35.996582], [-78.935406, 35.996584], [-78.9354035, 35.9965855], [-78.935401, 35.9965875], [-78.9353985, 35.996589], [-78.935396, 35.996591], [-78.9353935, 35.9965925], [-78.935391, 35.996594], [-78.9353885, 35.996596], [-78.935386, 35.9965975], [-78.9353835, 35.9965995], [-78.935381, 35.996601], [-78.935378, 35.996603], [-78.935375, 35.9966045], [-78.9353725, 35.996606], [-78.93537, 35.996608], [-78.9353675, 35.9966095], [-78.935365, 35.996611], [-78.9353625, 35.996613], [-78.93536, 35.9966145], [-78.9353575, 35.9966165], [-78.935355, 35.996618], [-78.9353525, 35.9966195], [-78.9353495, 35.9966215], [-78.935347, 35.996623], [-78.9353445, 35.9966245], [-78.935342, 35.9966265], [-78.9353395, 35.996628], [-78.935337, 35.9966295], [-78.935334, 35.9966315], [-78.9353315, 35.996633], [-78.9353285, 35.9966345], [-78.935326, 35.9966365], [-78.9353235, 35.996638], [-78.935321, 35.9966395], [-78.9353185, 35.9966415], [-78.935316, 35.996643], [-78.935313, 35.9966445], [-78.9353105, 35.9966465], [-78.935308, 35.996648], [-78.9353055, 35.9966495], [-78.935303, 35.9966515], [-78.9353, 35.996653], [-78.9352975, 35.9966545], [-78.935295, 35.996656], [-78.9352925, 35.996658], [-78.93529, 35.9966595], [-78.935287, 35.996661], [-78.9352845, 35.9966625], [-78.935282, 35.9966645], [-78.9352795, 35.996666], [-78.9352765, 35.9966675], [-78.935274, 35.996669], [-78.935271, 35.996671], [-78.9352685, 35.9966725], [-78.9352655, 35.996674], [-78.935263, 35.9966755], [-78.9352605, 35.9966775], [-78.935258, 35.996679], [-78.935255, 35.9966805], [-78.9352525, 35.996682], [-78.93525, 35.996684], [-78.9352475, 35.9966855], [-78.9352445, 35.996687], [-78.935242, 35.9966885], [-78.9352395, 35.99669], [-78.9352365, 35.996692], [-78.935234, 35.9966935], [-78.9352315, 35.996695], [-78.935229, 35.9966965], [-78.935226, 35.996698], [-78.9352235, 35.9966995], [-78.935221, 35.9967015], [-78.935218, 35.996703], [-78.9352155, 35.9967045], [-78.935213, 35.996706], [-78.93521, 35.9967075], [-78.9352075, 35.9967095], [-78.935205, 35.996711], [-78.935202, 35.9967125], [-78.9351995, 35.996714], [-78.9351965, 35.9967155], [-78.935194, 35.996717], [-78.9351915, 35.9967185], [-78.9351885, 35.9967205], [-78.935186, 35.996722], [-78.9351835, 35.9967235], [-78.9351805, 35.996725], [-78.935178, 35.9967265], [-78.935175, 35.996728], [-78.9351725, 35.9967295], [-78.93517, 35.996731], [-78.935167, 35.9967325], [-78.9351645, 35.996734], [-78.9351615, 35.9967355], [-78.935159, 35.9967375], [-78.935156, 35.996739], [-78.9351535, 35.9967405], [-78.935151, 35.996742], [-78.935148, 35.9967435], [-78.935145, 35.996745], [-78.9351425, 35.9967465], [-78.93514, 35.996748], [-78.935137, 35.9967495], [-78.9351345, 35.996751], [-78.9351315, 35.9967525], [-78.935129, 35.996754], [-78.935126, 35.9967555], [-78.9351235, 35.996757], [-78.9351205, 35.9967585], [-78.935118, 35.9967605], [-78.935115, 35.996762], [-78.9351125, 35.996763], [-78.9351095, 35.9967645], [-78.935107, 35.9967665], [-78.9351045, 35.996768], [-78.935101, 35.996769], [-78.9350985, 35.9967705], [-78.935096, 35.9967725], [-78.9350935, 35.996774], [-78.9350905, 35.996775], [-78.935088, 35.9967765], [-78.935085, 35.9967785], [-78.9350825, 35.9967795], [-78.9350795, 35.996781], [-78.935077, 35.9967825], [-78.935074, 35.996784], [-78.9350715, 35.9967855], [-78.9350685, 35.996787], [-78.935066, 35.9967885], [-78.935063, 35.99679], [-78.9350605, 35.9967915], [-78.9350575, 35.996793], [-78.9350545, 35.9967945], [-78.935052, 35.996796], [-78.935049, 35.9967975], [-78.9350465, 35.996799], [-78.9350435, 35.9968005], [-78.935041, 35.996802], [-78.935038, 35.9968035], [-78.935035, 35.9968045], [-78.9350325, 35.996806], [-78.9350295, 35.9968075], [-78.935027, 35.996809], [-78.935024, 35.9968105], [-78.935021, 35.996812], [-78.9350185, 35.9968135], [-78.9350155, 35.996815], [-78.935013, 35.9968165], [-78.93501, 35.9968175], [-78.935007, 35.996819], [-78.9350045, 35.9968205], [-78.9350015, 35.996822], [-78.9349985, 35.9968235], [-78.934996, 35.996825], [-78.934993, 35.9968265], [-78.9349905, 35.9968275], [-78.9349875, 35.996829], [-78.9349845, 35.9968305], [-78.934982, 35.996832], [-78.934979, 35.9968335], [-78.934976, 35.996835], [-78.9349735, 35.9968365], [-78.9349705, 35.9968375], [-78.9349675, 35.996839], [-78.934965, 35.9968405], [-78.934962, 35.996842], [-78.934959, 35.9968435], [-78.9349565, 35.9968445], [-78.934954, 35.996846], [-78.934951, 35.9968475], [-78.934948, 35.996849], [-78.9349455, 35.99685], [-78.9349425, 35.9968515], [-78.9349395, 35.996853], [-78.934937, 35.9968545], [-78.934934, 35.996856], [-78.934931, 35.996857], [-78.934928, 35.9968585], [-78.9349255, 35.99686], [-78.9349225, 35.9968615], [-78.9349195, 35.9968625], [-78.9349165, 35.996864], [-78.934914, 35.9968655], [-78.934911, 35.996867], [-78.934908, 35.996868], [-78.934905, 35.9968695], [-78.9349025, 35.996871], [-78.9348995, 35.9968725], [-78.9348965, 35.9968735], [-78.9348935, 35.996875], [-78.934891, 35.996876], [-78.934888, 35.9968775], [-78.9348855, 35.996879], [-78.9348825, 35.9968805], [-78.93488, 35.9968815], [-78.934877, 35.996883], [-78.934716, 35.99695], [-78.9323855, 35.9978485], [-78.931321, 35.998259], [-78.931318, 35.99826], [-78.931315, 35.9982615], [-78.931312, 35.9982625], [-78.931309, 35.9982635], [-78.931306, 35.9982645], [-78.931303, 35.9982655], [-78.9313005, 35.998267], [-78.9312975, 35.998268], [-78.9312945, 35.998269], [-78.931291, 35.99827], [-78.931288, 35.998271], [-78.931285, 35.9982725], [-78.931282, 35.9982735], [-78.931279, 35.9982745], [-78.931276, 35.9982755], [-78.931273, 35.9982765], [-78.9312705, 35.9982775], [-78.9312675, 35.9982785], [-78.931264, 35.9982795], [-78.931261, 35.998281], [-78.931258, 35.998282], [-78.931255, 35.998283], [-78.931252, 35.998284], [-78.931249, 35.998285], [-78.931246, 35.998286], [-78.931243, 35.998287], [-78.93124, 35.9982885], [-78.931237, 35.9982895], [-78.931234, 35.9982905], [-78.931231, 35.9982915], [-78.931228, 35.9982925], [-78.931225, 35.9982935], [-78.9312215, 35.9982945], [-78.9312185, 35.9982955], [-78.931216, 35.9982965], [-78.931213, 35.9982975], [-78.93121, 35.9982985], [-78.931207, 35.9982995], [-78.9312035, 35.9983005], [-78.9312005, 35.9983015], [-78.9311975, 35.9983025], [-78.9311945, 35.9983035], [-78.9311915, 35.9983045], [-78.9311885, 35.9983055], [-78.9311855, 35.9983065], [-78.9311825, 35.9983075], [-78.9311795, 35.9983085], [-78.9311765, 35.9983095], [-78.931173, 35.9983105], [-78.93117, 35.9983115], [-78.931167, 35.9983125], [-78.931164, 35.9983135], [-78.931161, 35.9983145], [-78.931158, 35.9983155], [-78.931155, 35.9983165], [-78.931152, 35.9983175], [-78.931149, 35.9983185], [-78.9311455, 35.9983195], [-78.9311425, 35.9983205], [-78.9311395, 35.9983215], [-78.9311365, 35.9983225], [-78.9311335, 35.998323], [-78.9311305, 35.998324], [-78.9311275, 35.998325], [-78.9311245, 35.998326], [-78.931121, 35.998327], [-78.931118, 35.998328], [-78.931115, 35.998329], [-78.931112, 35.99833], [-78.931109, 35.998331], [-78.931106, 35.998332], [-78.931103, 35.998333], [-78.9311, 35.9983335], [-78.9310965, 35.9983345], [-78.9310935, 35.9983355], [-78.9310905, 35.9983365], [-78.931087, 35.9983375], [-78.9310845, 35.9983385], [-78.9310815, 35.9983395], [-78.9310785, 35.99834], [-78.931075, 35.998341], [-78.931072, 35.998342], [-78.931069, 35.998343], [-78.9310655, 35.998344], [-78.9310625, 35.9983445], [-78.93106, 35.9983455], [-78.9310565, 35.9983465], [-78.9310535, 35.9983475], [-78.9310505, 35.998348], [-78.931047, 35.9983495], [-78.931044, 35.99835], [-78.931041, 35.998351], [-78.931038, 35.998352], [-78.931035, 35.9983525], [-78.931032, 35.9983535], [-78.9310285, 35.9983545], [-78.9310255, 35.9983555], [-78.9310225, 35.9983565], [-78.931019, 35.998357], [-78.931016, 35.998358], [-78.9310135, 35.998359], [-78.93101, 35.9983595], [-78.931007, 35.9983605], [-78.931004, 35.9983615], [-78.9310005, 35.9983625], [-78.9309975, 35.998363], [-78.9309945, 35.998364], [-78.9309915, 35.998365], [-78.9309885, 35.9983655], [-78.9309855, 35.9983665], [-78.930982, 35.9983675], [-78.930979, 35.9983685], [-78.9309755, 35.998369], [-78.9309725, 35.99837], [-78.9309695, 35.9983705], [-78.9309665, 35.9983715], [-78.9309635, 35.9983725], [-78.93096, 35.9983735], [-78.930957, 35.998374], [-78.930954, 35.998375], [-78.9309505, 35.9983755], [-78.9309475, 35.9983765], [-78.930945, 35.9983775], [-78.9309415, 35.998378], [-78.9309385, 35.998379], [-78.930935, 35.99838], [-78.930932, 35.9983805], [-78.9309285, 35.9983815], [-78.930926, 35.998382], [-78.930923, 35.998383], [-78.9309195, 35.9983835], [-78.9309165, 35.9983845], [-78.930913, 35.998385], [-78.93091, 35.998386], [-78.930907, 35.998387], [-78.930904, 35.9983875], [-78.930901, 35.9983885], [-78.9308975, 35.998389], [-78.9308945, 35.99839], [-78.930891, 35.9983905], [-78.930888, 35.9983915], [-78.930885, 35.9983925], [-78.930882, 35.998393], [-78.930879, 35.998394], [-78.9308755, 35.9983945], [-78.9308725, 35.9983955], [-78.930869, 35.998396], [-78.930866, 35.9983965], [-78.930863, 35.9983975], [-78.93086, 35.9983985], [-78.9308565, 35.998399], [-78.9308535, 35.9984], [-78.93085, 35.9984005], [-78.930847, 35.998401], [-78.930844, 35.998402], [-78.930841, 35.9984025], [-78.930838, 35.9984035], [-78.9308345, 35.998404], [-78.9308315, 35.998405], [-78.930828, 35.9984055], [-78.930825, 35.9984065], [-78.930822, 35.998407], [-78.930819, 35.9984075], [-78.9308155, 35.9984085], [-78.9308125, 35.998409], [-78.930809, 35.99841], [-78.930806, 35.9984105], [-78.930803, 35.9984115], [-78.9308, 35.998412], [-78.9307965, 35.9984125], [-78.9307935, 35.9984135], [-78.93079, 35.998414], [-78.930787, 35.9984145], [-78.930784, 35.9984155], [-78.930781, 35.998416], [-78.9307775, 35.998417], [-78.9307745, 35.9984175], [-78.930771, 35.998418], [-78.930768, 35.998419], [-78.930765, 35.9984195], [-78.930762, 35.99842], [-78.9307555, 35.9984215], [-78.930752, 35.998422], [-78.9307485, 35.998423], [-78.9307455, 35.9984235], [-78.9307425, 35.998424], [-78.9307395, 35.998425], [-78.930736, 35.9984255], [-78.930733, 35.998426], [-78.9307295, 35.9984265], [-78.9307265, 35.9984275], [-78.9307235, 35.998428], [-78.9307205, 35.9984285], [-78.930714, 35.99843], [-78.9307105, 35.9984305], [-78.9307045, 35.9984315], [-78.930701, 35.9984325], [-78.930698, 35.998433], [-78.9306945, 35.9984335], [-78.9306915, 35.998434], [-78.930688, 35.9984345], [-78.930682, 35.998436], [-78.9306755, 35.998437], [-78.930669, 35.9984385], [-78.930666, 35.998439], [-78.9306625, 35.9984395], [-78.9306595, 35.9984405], [-78.930653, 35.998441], [-78.930647, 35.9984425], [-78.9306435, 35.998443], [-78.930637, 35.998444], [-78.9306335, 35.9984445], [-78.930631, 35.9984455], [-78.9306275, 35.998446], [-78.930621, 35.998447], [-78.9306145, 35.998448], [-78.9306115, 35.9984485], [-78.930605, 35.9984495], [-78.9305985, 35.998451], [-78.9305955, 35.9984515], [-78.930589, 35.9984525], [-78.9305825, 35.9984535], [-78.930579, 35.998454], [-78.930573, 35.998455], [-78.9305695, 35.9984555], [-78.930563, 35.9984565], [-78.930557, 35.9984575], [-78.9305535, 35.998458], [-78.930547, 35.998459], [-78.9305435, 35.9984595], [-78.9305375, 35.9984605], [-78.930534, 35.998461], [-78.9305275, 35.998462], [-78.9305215, 35.998463], [-78.930518, 35.9984635], [-78.9305115, 35.9984645], [-78.930508, 35.998465], [-78.930502, 35.9984655], [-78.9304985, 35.998466], [-78.930492, 35.998467], [-78.930489, 35.9984675], [-78.9304825, 35.9984685], [-78.930479, 35.998469], [-78.9304725, 35.99847], [-78.9304695, 35.99847], [-78.930463, 35.998471], [-78.9304595, 35.9984715], [-78.9304535, 35.9984725], [-78.93045, 35.9984725], [-78.9304435, 35.9984735], [-78.93044, 35.998474], [-78.930434, 35.998475], [-78.9304305, 35.9984755], [-78.930424, 35.998476], [-78.9304205, 35.9984765], [-78.9304145, 35.998477], [-78.930411, 35.9984775], [-78.9304075, 35.998478], [-78.9304015, 35.9984785], [-78.930398, 35.998479], [-78.9303915, 35.99848], [-78.930388, 35.99848], [-78.930382, 35.998481], [-78.9303785, 35.998481], [-78.930372, 35.998482], [-78.9303685, 35.9984825], [-78.9303655, 35.998483], [-78.930359, 35.9984835], [-78.9302105, 36.0015845], [-78.9301735, 36.0022245], [-78.930178, 36.0022245], [-78.9312675, 36.0022505], [-78.931249, 36.0026105], [-78.932038, 36.002634], [-78.9320165, 36.003007], [-78.9319995, 36.0032925], [-78.9319665, 36.0032915], [-78.931945, 36.003788], [-78.931935, 36.0040145], [-78.9319145, 36.00448], [-78.931881, 36.0052345], [-78.9326195, 36.005243], [-78.9327605, 36.005247], [-78.9329005, 36.0052565], [-78.93304, 36.0052715], [-78.9331785, 36.0052915], [-78.9333155, 36.005317], [-78.933451, 36.0053475], [-78.9333885, 36.0054425], [-78.933332, 36.0055405], [-78.9332815, 36.0056405], [-78.933238, 36.005742], [-78.9332005, 36.005846], [-78.9331695, 36.005951], [-78.9330305, 36.0064675], [-78.934346, 36.006604], [-78.934345, 36.0066065], [-78.934343, 36.006609], [-78.934342, 36.0066115], [-78.9343405, 36.006614], [-78.9343395, 36.0066165], [-78.934338, 36.006619], [-78.934337, 36.0066215], [-78.9343355, 36.0066245], [-78.9343345, 36.0066265], [-78.934333, 36.0066295], [-78.934332, 36.006632], [-78.9343305, 36.0066345], [-78.934329, 36.006637], [-78.934328, 36.0066395], [-78.9343265, 36.006642], [-78.9343255, 36.0066445], [-78.934324, 36.006647], [-78.934323, 36.0066495], [-78.9343215, 36.006652], [-78.9343205, 36.006655], [-78.934319, 36.006657], [-78.934318, 36.00666], [-78.9343165, 36.0066625], [-78.9343155, 36.006665], [-78.934314, 36.0066675], [-78.934313, 36.00667], [-78.9343115, 36.0066725], [-78.9343105, 36.0066755], [-78.9343095, 36.006678], [-78.934308, 36.0066805], [-78.934307, 36.006683], [-78.9343055, 36.0066855], [-78.9343045, 36.006688], [-78.9343035, 36.0066905], [-78.934302, 36.0066935], [-78.934301, 36.006696], [-78.9342995, 36.0066985], [-78.934299, 36.006701], [-78.9342975, 36.0067035], [-78.934296, 36.006706], [-78.934295, 36.0067085], [-78.934294, 36.0067115], [-78.934293, 36.006714], [-78.9342915, 36.0067165], [-78.9342905, 36.006719], [-78.9342895, 36.0067215], [-78.934288, 36.006724], [-78.9342875, 36.006727], [-78.934286, 36.0067295], [-78.934285, 36.006732], [-78.934284, 36.0067345], [-78.9342825, 36.006737], [-78.934282, 36.00674], [-78.9342805, 36.0067425], [-78.9342795, 36.006745], [-78.9342785, 36.0067475], [-78.934277, 36.0067505], [-78.9342765, 36.006753], [-78.934275, 36.0067555], [-78.934274, 36.006758], [-78.934273, 36.0067605], [-78.934272, 36.0067635], [-78.934271, 36.006766], [-78.93427, 36.0067685], [-78.9342685, 36.006771], [-78.934268, 36.006774], [-78.9342665, 36.0067765], [-78.9342655, 36.006779], [-78.934265, 36.0067815], [-78.9342635, 36.006784], [-78.934263, 36.006787], [-78.9342615, 36.0067895], [-78.9342605, 36.006792], [-78.93426, 36.0067945], [-78.9342585, 36.0067975], [-78.9342575, 36.0068], [-78.934257, 36.0068025], [-78.9342555, 36.006805], [-78.9342545, 36.006808], [-78.934254, 36.0068105], [-78.9342525, 36.006813], [-78.934252, 36.0068155], [-78.934251, 36.006818], [-78.93425, 36.006821], [-78.934249, 36.0068235], [-78.934248, 36.006826], [-78.934247, 36.006829], [-78.9342465, 36.0068315], [-78.9342455, 36.006834], [-78.934244, 36.006837], [-78.9342435, 36.0068395], [-78.9342425, 36.006842], [-78.9342415, 36.0068445], [-78.934241, 36.0068475], [-78.93424, 36.00685], [-78.9342385, 36.0068525], [-78.934238, 36.0068555], [-78.934237, 36.006858], [-78.934236, 36.0068605], [-78.934235, 36.006863], [-78.9342345, 36.006866], [-78.9342335, 36.0068685], [-78.9342325, 36.0068715], [-78.934232, 36.006874], [-78.934231, 36.0068765], [-78.93423, 36.006879], [-78.9342295, 36.006882], [-78.9342285, 36.0068845], [-78.9342275, 36.006887], [-78.934227, 36.00689], [-78.934226, 36.0068925], [-78.934225, 36.006895], [-78.934224, 36.006898], [-78.9342235, 36.0069005], [-78.9342225, 36.006903], [-78.9342215, 36.0069055], [-78.934221, 36.0069085], [-78.9342205, 36.006911], [-78.9342195, 36.006914], [-78.9342185, 36.0069165], [-78.934218, 36.006919], [-78.934217, 36.006922], [-78.934216, 36.0069245], [-78.9342155, 36.006927], [-78.934215, 36.00693], [-78.934214, 36.0069325], [-78.934213, 36.006935], [-78.9342125, 36.006938], [-78.934212, 36.0069405], [-78.934211, 36.006943], [-78.9342105, 36.006946], [-78.9342095, 36.0069485], [-78.934209, 36.0069515], [-78.934208, 36.006954], [-78.9342075, 36.0069565], [-78.934207, 36.0069595], [-78.934206, 36.006962], [-78.934205, 36.0069645], [-78.9342045, 36.0069675], [-78.934204, 36.00697], [-78.934203, 36.006973], [-78.9342025, 36.0069755], [-78.9342015, 36.0069795], [-78.934201, 36.006982], [-78.9342, 36.006985], [-78.9341995, 36.0069875], [-78.934199, 36.00699], [-78.9341985, 36.006993], [-78.9341975, 36.0069955], [-78.934197, 36.0069985], [-78.934196, 36.007001], [-78.934196, 36.007004], [-78.934195, 36.0070065], [-78.9341945, 36.007009], [-78.9341935, 36.007012], [-78.9341935, 36.0070145], [-78.9341925, 36.0070175], [-78.934192, 36.00702], [-78.934191, 36.0070225], [-78.934191, 36.0070255], [-78.9341905, 36.007028], [-78.9341895, 36.0070305], [-78.934189, 36.0070335], [-78.9341885, 36.007036], [-78.934188, 36.007039], [-78.9341875, 36.0070415], [-78.934187, 36.0070445], [-78.934186, 36.007047], [-78.9341855, 36.00705], [-78.934185, 36.0070525], [-78.9341845, 36.007055], [-78.934184, 36.007058], [-78.9341835, 36.0070605], [-78.934183, 36.0070635], [-78.9341825, 36.007066], [-78.934182, 36.0070685], [-78.9341815, 36.0070715], [-78.934181, 36.007074], [-78.93418, 36.007077], [-78.9341795, 36.0070795], [-78.934179, 36.007082], [-78.934179, 36.007085], [-78.9341785, 36.0070875], [-78.934178, 36.0070905], [-78.9341775, 36.007093], [-78.9341765, 36.007096], [-78.9341765, 36.0070985], [-78.934176, 36.0071015], [-78.9341755, 36.007104], [-78.934175, 36.007107], [-78.9341745, 36.0071095], [-78.934174, 36.0071125], [-78.934174, 36.007115], [-78.9341735, 36.007118], [-78.934173, 36.0071205], [-78.9341725, 36.007123], [-78.934172, 36.007126], [-78.9341715, 36.007129], [-78.9341275, 36.007422], [-78.934127, 36.0074245], [-78.9341265, 36.0074275], [-78.934126, 36.00743], [-78.9341255, 36.007433], [-78.9341255, 36.0074355], [-78.934125, 36.0074385], [-78.9341245, 36.007441], [-78.934124, 36.007444], [-78.934123, 36.0074465], [-78.934123, 36.0074495], [-78.9341225, 36.007452], [-78.934122, 36.007455], [-78.9341215, 36.0074575], [-78.9341205, 36.00746], [-78.93412, 36.007463], [-78.93412, 36.0074655], [-78.9341195, 36.0074685], [-78.9341185, 36.007471], [-78.934118, 36.0074735], [-78.9341175, 36.0074765], [-78.934117, 36.007479], [-78.9341165, 36.0074815], [-78.9341155, 36.0074845], [-78.934115, 36.007487], [-78.9341145, 36.00749], [-78.934114, 36.0074925], [-78.934113, 36.0074955], [-78.9341125, 36.007498], [-78.934112, 36.0075005], [-78.9341115, 36.0075035], [-78.9341105, 36.007506], [-78.9341095, 36.0075085], [-78.934109, 36.0075115], [-78.9341085, 36.007514], [-78.9341075, 36.007517], [-78.934107, 36.0075195], [-78.934106, 36.0075225], [-78.9341055, 36.007525], [-78.9341045, 36.0075275], [-78.9341035, 36.00753], [-78.9341035, 36.007533], [-78.9341025, 36.0075355], [-78.9341015, 36.007538], [-78.9341005, 36.007541], [-78.9341, 36.0075435], [-78.934099, 36.0075465], [-78.934098, 36.007549], [-78.9340975, 36.0075515], [-78.9340965, 36.007554], [-78.9340955, 36.007557], [-78.934095, 36.0075595], [-78.934094, 36.007562], [-78.934093, 36.007565], [-78.9340925, 36.0075675], [-78.9340915, 36.00757], [-78.9340905, 36.007573], [-78.9340895, 36.0075755], [-78.934089, 36.007578], [-78.9340875, 36.007581], [-78.9340865, 36.0075835], [-78.934086, 36.007586], [-78.934084, 36.00759], [-78.9340835, 36.0075925], [-78.9340825, 36.007595], [-78.9340815, 36.007598], [-78.9340805, 36.0076005], [-78.9340795, 36.007603], [-78.9340785, 36.0076055], [-78.9340775, 36.0076085], [-78.934076, 36.0076115], [-78.933964, 36.007582], [-78.933812, 36.0076995], [-78.9343575, 36.0077555], [-78.934427, 36.0077625], [-78.934875, 36.007811], [-78.9350005, 36.0078245], [-78.9351445, 36.00784], [-78.935158, 36.007841], [-78.935383, 36.007863], [-78.935527, 36.007876], [-78.935678, 36.0078915], [-78.936215, 36.007939], [-78.9369725, 36.008011], [-78.937107, 36.008027], [-78.937115, 36.0079695], [-78.937115, 36.007969], [-78.9377495, 36.008042], [-78.9377495, 36.008043], [-78.937749, 36.008046], [-78.9381135, 36.0080885], [-78.9381145, 36.008085], [-78.9381145, 36.0080845], [-78.9382435, 36.008099], [-78.93855, 36.0081505], [-78.9390165, 36.008192], [-78.939172, 36.008209], [-78.9393265, 36.0082305], [-78.939479, 36.008257], [-78.93948, 36.008257], [-78.939632, 36.008288], [-78.939887, 36.0083445], [-78.9399155, 36.008331], [-78.939988, 36.008298], [-78.940159, 36.008333], [-78.940276, 36.0084065], [-78.940829, 36.0085225], [-78.9411495, 36.00859], [-78.9411525, 36.0085905], [-78.941156, 36.008591], [-78.9411595, 36.008592], [-78.941163, 36.0085925], [-78.941166, 36.008593], [-78.941169, 36.0085935], [-78.9411725, 36.008594], [-78.941176, 36.0085945], [-78.941179, 36.0085955], [-78.9411825, 36.008596], [-78.9411855, 36.0085965], [-78.941189, 36.008597], [-78.9411925, 36.0085975], [-78.9411955, 36.0085985], [-78.941199, 36.008599], [-78.941202, 36.0085995], [-78.9412055, 36.0086], [-78.941212, 36.008601], [-78.9412155, 36.008602], [-78.9412185, 36.0086025], [-78.941222, 36.008603], [-78.9412285, 36.008604], [-78.9412315, 36.0086045], [-78.941235, 36.008605], [-78.9412385, 36.0086055], [-78.941245, 36.0086065], [-78.941248, 36.0086075], [-78.9412515, 36.008608], [-78.941255, 36.0086085], [-78.9412615, 36.0086095], [-78.9412645, 36.00861], [-78.941268, 36.0086105], [-78.9412715, 36.008611], [-78.941278, 36.0086125], [-78.941281, 36.008613], [-78.9412845, 36.0086135], [-78.941288, 36.008614], [-78.9412945, 36.008615], [-78.9412975, 36.0086155], [-78.941301, 36.008616], [-78.9413045, 36.0086165], [-78.941308, 36.008617], [-78.941314, 36.008618], [-78.9413175, 36.0086185], [-78.941321, 36.008619], [-78.9413245, 36.0086195], [-78.9413275, 36.00862], [-78.941334, 36.008621], [-78.9413375, 36.0086215], [-78.941341, 36.008622], [-78.941344, 36.0086225], [-78.9413475, 36.008623], [-78.941354, 36.008624], [-78.9413575, 36.0086245], [-78.9413605, 36.008625], [-78.941364, 36.0086255], [-78.9413675, 36.008626], [-78.9413735, 36.008627], [-78.941377, 36.0086275], [-78.9413805, 36.008628], [-78.941384, 36.0086285], [-78.941387, 36.008629], [-78.9413935, 36.00863], [-78.941397, 36.0086305], [-78.9414005, 36.008631], [-78.9414035, 36.0086315], [-78.941407, 36.008632], [-78.9414105, 36.0086325], [-78.941417, 36.0086335], [-78.94142, 36.0086335], [-78.9414235, 36.008634], [-78.941427, 36.0086345], [-78.9414305, 36.008635], [-78.9414335, 36.0086355], [-78.94144, 36.0086365], [-78.9414435, 36.008637], [-78.941447, 36.008637], [-78.94145, 36.0086375], [-78.9414535, 36.008638], [-78.941457, 36.0086385], [-78.9414635, 36.0086395], [-78.9414665, 36.00864], [-78.94147, 36.0086405], [-78.9414735, 36.008641], [-78.941477, 36.008641], [-78.94148, 36.0086415], [-78.9414835, 36.008642], [-78.94149, 36.008643], [-78.9414935, 36.0086435], [-78.9414965, 36.008644], [-78.9415, 36.008644], [-78.9415035, 36.0086445], [-78.941507, 36.008645], [-78.94151, 36.0086455], [-78.9415165, 36.008646], [-78.94152, 36.0086465], [-78.9415235, 36.008647], [-78.9415265, 36.0086475], [-78.94153, 36.008648], [-78.9415335, 36.0086485], [-78.941537, 36.0086485], [-78.941543, 36.0086495], [-78.9415465, 36.00865], [-78.94155, 36.00865], [-78.9415535, 36.0086505], [-78.9415565, 36.008651], [-78.94156, 36.0086515], [-78.9415635, 36.0086515], [-78.941567, 36.008652], [-78.941573, 36.008653], [-78.9415765, 36.008653], [-78.94158, 36.0086535], [-78.9415835, 36.008654], [-78.9415865, 36.0086545], [-78.94159, 36.008655], [-78.9415935, 36.008655], [-78.941597, 36.0086555], [-78.941603, 36.008656], [-78.9416065, 36.0086565], [-78.94161, 36.008657], [-78.9416135, 36.008657], [-78.9416165, 36.0086575], [-78.94162, 36.008658], [-78.9416235, 36.0086585], [-78.941627, 36.0086585], [-78.94163, 36.008659], [-78.9416335, 36.0086595], [-78.94164, 36.00866], [-78.9416435, 36.0086605], [-78.9416465, 36.0086605], [-78.94165, 36.008661], [-78.9416535, 36.0086615], [-78.941657, 36.0086615], [-78.94166, 36.008662], [-78.9416635, 36.0086625], [-78.941667, 36.0086625], [-78.9416705, 36.008663], [-78.9416765, 36.0086635], [-78.94168, 36.008664], [-78.9416835, 36.0086645], [-78.941687, 36.0086645], [-78.9416905, 36.008665], [-78.9416935, 36.0086655], [-78.941697, 36.0086655], [-78.9417005, 36.008666], [-78.941704, 36.008666], [-78.941707, 36.0086665], [-78.9417135, 36.008667], [-78.941717, 36.0086675], [-78.94172, 36.0086675], [-78.9417235, 36.008668], [-78.941727, 36.0086685], [-78.9417305, 36.0086685], [-78.941734, 36.008669], [-78.941737, 36.008669], [-78.9417405, 36.0086695], [-78.941744, 36.0086695], [-78.9417475, 36.00867], [-78.9417505, 36.0086705], [-78.941757, 36.008671], [-78.9417605, 36.008671], [-78.941764, 36.0086715], [-78.941767, 36.0086715], [-78.9417705, 36.008672], [-78.941774, 36.008672], [-78.9417775, 36.0086725], [-78.9417805, 36.008673], [-78.941784, 36.008673], [-78.9417875, 36.0086735], [-78.941791, 36.0086735], [-78.941794, 36.008674], [-78.9417975, 36.008674], [-78.941801, 36.0086745], [-78.9418075, 36.008675], [-78.9418105, 36.008675], [-78.941814, 36.008675], [-78.9418175, 36.0086755], [-78.941821, 36.0086755], [-78.941824, 36.008676], [-78.9418275, 36.008676], [-78.941831, 36.0086765], [-78.9418345, 36.0086765], [-78.9418375, 36.008677], [-78.941841, 36.008677], [-78.9418445, 36.0086775], [-78.941848, 36.0086775], [-78.9418515, 36.008678], [-78.9418545, 36.008678], [-78.941861, 36.0086785], [-78.9418645, 36.008679], [-78.941868, 36.008679], [-78.941871, 36.008679], [-78.9418745, 36.0086795], [-78.941878, 36.0086795], [-78.9418815, 36.00868], [-78.9418845, 36.00868], [-78.941888, 36.00868], [-78.9418915, 36.0086805], [-78.941895, 36.0086805], [-78.941898, 36.008681], [-78.9419015, 36.008681], [-78.941905, 36.008681], [-78.9419085, 36.0086815], [-78.9419115, 36.0086815], [-78.941915, 36.008682], [-78.9419215, 36.008682], [-78.941925, 36.0086825], [-78.941928, 36.0086825], [-78.9419315, 36.008683], [-78.941935, 36.008683], [-78.9419385, 36.008683], [-78.9419415, 36.0086835], [-78.941945, 36.0086835], [-78.9419485, 36.0086835], [-78.941952, 36.008684], [-78.941955, 36.008684], [-78.9419585, 36.008684], [-78.941962, 36.0086845], [-78.9419655, 36.0086845], [-78.9419685, 36.0086845], [-78.941972, 36.0086845], [-78.9419755, 36.008685], [-78.941979, 36.008685], [-78.9419825, 36.008685], [-78.9419855, 36.0086855], [-78.941992, 36.0086855], [-78.9419955, 36.008686], [-78.9419985, 36.008686], [-78.942002, 36.008686], [-78.9420055, 36.0086865], [-78.942009, 36.0086865], [-78.9420125, 36.0086865], [-78.9420155, 36.0086865], [-78.942019, 36.008687], [-78.9420225, 36.008687], [-78.942026, 36.008687], [-78.942029, 36.008687], [-78.9420325, 36.0086875], [-78.942036, 36.0086875], [-78.9420395, 36.0086875], [-78.9420425, 36.0086875], [-78.942046, 36.008688], [-78.9420495, 36.008688], [-78.942053, 36.008688], [-78.942056, 36.008688], [-78.9420595, 36.0086885], [-78.942063, 36.0086885], [-78.9420665, 36.0086885], [-78.9420725, 36.0086885], [-78.942076, 36.008689], [-78.9420795, 36.008689], [-78.942083, 36.008689], [-78.942086, 36.008689], [-78.9420895, 36.008689], [-78.942093, 36.0086895], [-78.9420965, 36.0086895], [-78.9421, 36.0086895], [-78.942103, 36.0086895], [-78.9421065, 36.0086895], [-78.94211, 36.0086895], [-78.9421135, 36.00869], [-78.9421165, 36.00869], [-78.94212, 36.00869], [-78.9421235, 36.00869], [-78.942127, 36.00869], [-78.94213, 36.0086905], [-78.9421335, 36.0086905], [-78.942137, 36.0086905], [-78.9421405, 36.0086905], [-78.9421435, 36.0086905], [-78.942147, 36.0086905], [-78.9421505, 36.0086905], [-78.942154, 36.0086905], [-78.942157, 36.008691], [-78.9421635, 36.008691], [-78.942167, 36.008691], [-78.9421705, 36.008691], [-78.9421735, 36.008691], [-78.942177, 36.008691], [-78.9421805, 36.008691], [-78.942184, 36.008691], [-78.9421875, 36.008691], [-78.9421905, 36.008691], [-78.942194, 36.0086915], [-78.9421975, 36.0086915], [-78.942201, 36.0086915], [-78.942204, 36.0086915], [-78.9422075, 36.0086915], [-78.942211, 36.0086915], [-78.9422145, 36.0086915], [-78.9422175, 36.0086915], [-78.942221, 36.0086915], [-78.9422245, 36.0086915]], [[-78.946723, 35.997777], [-78.9459745, 35.9979085], [-78.9460105, 35.997482], [-78.9462985, 35.996573], [-78.9477895, 35.9969425], [-78.947999, 35.997731], [-78.9467685, 35.997947], [-78.946723, 35.997777]]], [[[-78.9517995, 36.0027705], [-78.9517565, 36.0028685], [-78.9517085, 36.002964], [-78.9518085, 36.00322], [-78.95369, 36.0041045], [-78.953785, 36.0041515], [-78.9538765, 36.004203], [-78.9539645, 36.004258], [-78.955028, 36.003653], [-78.9555185, 36.0039105], [-78.955586, 36.003673], [-78.955552, 36.003431], [-78.955345, 36.0029085], [-78.9555145, 36.002879], [-78.9563385, 36.002747], [-78.956548, 36.0021535], [-78.957819, 36.002587], [-78.957824, 36.002364], [-78.957823, 36.0021405], [-78.957797, 36.000588], [-78.9572135, 35.9994795], [-78.957166, 35.99938], [-78.957127, 35.999278], [-78.957096, 35.9991745], [-78.9570735, 35.9990695], [-78.9570595, 35.9989635], [-78.957054, 35.998857], [-78.957052, 35.9985895], [-78.953579, 35.9978725], [-78.9533875, 35.9979585], [-78.9524845, 36.000192], [-78.952415, 36.000372], [-78.9523515, 36.000554], [-78.952294, 36.000737], [-78.9522435, 36.000921], [-78.9521985, 36.0011065], [-78.9518935, 36.0024695], [-78.951868, 36.002571], [-78.9518365, 36.0026715], [-78.9517995, 36.0027705]]]]}, "properties": {"id": "regrid-108800", "src": "regrid", "grp": "verify", "op": "DUKE UNIVERSITY", "ref": "108800", "locality": "durham, NC", "acres": "676.16723", "for_site": "site-fcadc73647", "address": "200 250B TRENT DR, DURHAM, NC 27705"}}]}