{"type":"FeatureCollection","features":[{"type":"Feature","geometry":{"type":"MultiPolygon","coordinates":[[[[-106.608226,45.885211],[-106.608226,45.884908],[-106.608225,45.884859],[-106.60822,45.882363],[-106.608078,45.879077],[-106.608009,45.877466],[-106.608007,45.877438],[-106.607936,45.875791],[-106.613133,45.875798],[-106.618331,45.875806],[-106.618341,45.876329],[-106.618397,45.879266],[-106.618464,45.882727],[-106.618498,45.884493],[-106.614293,45.88554],[-106.61428,45.885543],[-106.614262,45.885546],[-106.614244,45.885549],[-106.614231,45.885552],[-106.614212,45.885555],[-106.614194,45.885559],[-106.614175,45.885563],[-106.614156,45.885566],[-106.614138,45.885569],[-106.614119,45.885572],[-106.6141,45.885576],[-106.614082,45.88558],[-106.614063,45.885583],[-106.61405,45.885585],[-106.614031,45.885588],[-106.614013,45.885591],[-106.613994,45.885594],[-106.613975,45.885597],[-106.613962,45.885599],[-106.613943,45.885602],[-106.613925,45.885605],[-106.613912,45.885607],[-106.613893,45.88561],[-106.613874,45.885613],[-106.613861,45.885614],[-106.613843,45.885617],[-106.61383,45.885619],[-106.613811,45.885621],[-106.613798,45.885623],[-106.613779,45.885625],[-106.613766,45.885627],[-106.613748,45.88563],[-106.613735,45.885631],[-106.613716,45.885634],[-106.613703,45.885635],[-106.613685,45.885638],[-106.613672,45.885639],[-106.613653,45.885641],[-106.61364,45.885642],[-106.613627,45.885644],[-106.613608,45.885647],[-106.613595,45.885648],[-106.613582,45.885649],[-106.613564,45.885651],[-106.613551,45.885653],[-106.613538,45.885654],[-106.613519,45.885656],[-106.613506,45.885657],[-106.613493,45.885658],[-106.61348,45.885659],[-106.613462,45.885661],[-106.613449,45.885662],[-106.613436,45.885664],[-106.613423,45.885665],[-106.613404,45.885666],[-106.613375,45.885668],[-106.613375,45.885669],[-106.613375,45.88567],[-106.613352,45.88567],[-106.613334,45.885672],[-106.613321,45.885673],[-106.613308,45.885674],[-106.613295,45.885675],[-106.613282,45.885676],[-106.613263,45.885677],[-106.613251,45.885678],[-106.613238,45.885679],[-106.613225,45.885679],[-106.613212,45.885681],[-106.613199,45.885681],[-106.613186,45.885682],[-106.613173,45.885682],[-106.613154,45.885684],[-106.613141,45.885684],[-106.613128,45.885685],[-106.613115,45.885686],[-106.613103,45.885686],[-106.61309,45.885687],[-106.613077,45.885687],[-106.613064,45.885688],[-106.613051,45.885689],[-106.613038,45.885689],[-106.613025,45.88569],[-106.613006,45.88569],[-106.612993,45.88569],[-106.612974,45.885692],[-106.612955,45.885692],[-106.612935,45.885693],[-106.612916,45.885693],[-106.612897,45.885693],[-106.612877,45.885694],[-106.612858,45.885694],[-106.612838,45.885695],[-106.612819,45.885695],[-106.6128,45.885695],[-106.61278,45.885696],[-106.612761,45.885696],[-106.612742,45.885696],[-106.612722,45.885696],[-106.612703,45.885696],[-106.612684,45.885696],[-106.612664,45.885696],[-106.612645,45.885695],[-106.612619,45.885695],[-106.612593,45.885695],[-106.612568,45.885694],[-106.612548,45.885694],[-106.612523,45.885693],[-106.612503,45.885693],[-106.612484,45.885692],[-106.612465,45.885692],[-106.612445,45.885691],[-106.612426,45.88569],[-106.612407,45.88569],[-106.612387,45.885689],[-106.612368,45.885688],[-106.612349,45.885687],[-106.61233,45.885687],[-106.61231,45.885686],[-106.612291,45.885685],[-106.612272,45.885684],[-106.612252,45.885682],[-106.612233,45.885681],[-106.612214,45.88568],[-106.612195,45.885679],[-106.612176,45.885678],[-106.612157,45.885676],[-106.612137,45.885675],[-106.612118,45.885673],[-106.612099,45.885672],[-106.61208,45.88567],[-106.61206,45.885669],[-106.612041,45.885668],[-106.612022,45.885666],[-106.612009,45.885665],[-106.611996,45.885664],[-106.611977,45.885662],[-106.611964,45.885661],[-106.611951,45.885659],[-106.611938,45.885659],[-106.61192,45.885656],[-106.611907,45.885656],[-106.611894,45.885654],[-106.611882,45.885653],[-106.611869,45.885651],[-106.611856,45.88565],[-106.611843,45.885648],[-106.61183,45.885648],[-106.611818,45.885646],[-106.611799,45.885644],[-106.611786,45.885642],[-106.611773,45.885641],[-106.611761,45.88564],[-106.611748,45.885638],[-106.611735,45.885637],[-106.611722,45.885634],[-106.611704,45.885633],[-106.611691,45.885631],[-106.611678,45.885629],[-106.611665,45.885628],[-106.611653,45.885625],[-106.611634,45.885624],[-106.611621,45.885622],[-106.611608,45.88562],[-106.611596,45.885618],[-106.611583,45.885617],[-106.611565,45.885614],[-106.611552,45.885612],[-106.611539,45.88561],[-106.611526,45.885608],[-106.611508,45.885606],[-106.611495,45.885603],[-106.611482,45.885602],[-106.611464,45.885599],[-106.611451,45.885597],[-106.611438,45.885595],[-106.61142,45.885592],[-106.611407,45.885589],[-106.611394,45.885588],[-106.611376,45.885584],[-106.611363,45.885582],[-106.61135,45.88558],[-106.611332,45.885577],[-106.611319,45.885575],[-106.61,45.885358],[-106.609986,45.8856],[-106.608226,45.885211]]]]},"properties":{"id":"precisely-e6076","src":"precisely","grp":"new","op":"","ref":"29115134401010000","locality":"30087","acres":"209.18","for_site":"e6076"}},{"type":"Feature","geometry":{"type":"MultiPolygon","coordinates":[[[[-101.291544,35.017212],[-101.296265,35.017179],[-101.309169,35.016978],[-101.309221,35.022589],[-101.305196,35.022358],[-101.305172,35.022828],[-101.303511,35.022829],[-101.303918,35.028296],[-101.300117,35.028256],[-101.297261,35.028243],[-101.291614,35.029159],[-101.291544,35.017212]]]]},"properties":{"id":"precisely-pt-2tek6co3gt","src":"precisely","grp":"new","op":"","ref":"4230","locality":"48011","acres":"419.76","for_site":"pt-2tek6co3gt"}},{"type":"Feature","geometry":{"type":"MultiPolygon","coordinates":[[[[-120.20578,47.40958],[-120.205779,47.408493],[-120.206668,47.408493],[-120.206667,47.409579],[-120.206666,47.410086],[-120.20578,47.41041],[-120.20578,47.40958]]]]},"properties":{"id":"precisely-pt-4hn9brli5m","src":"precisely","grp":"new","op":"","ref":"22210930012","locality":"53017","acres":"3.23","for_site":"pt-4hn9brli5m"}},{"type":"Feature","geometry":{"type":"MultiPolygon","coordinates":[[[[-101.326935,35.016851],[-101.309169,35.016978],[-101.309062,35.002232],[-101.31798,35.002133],[-101.326838,35.001995],[-101.326935,35.016851]]]]},"properties":{"id":"precisely-pt-smrp5hnl6t","src":"precisely","grp":"new","op":"","ref":"1792","locality":"48011","acres":"657.78","for_site":"pt-smrp5hnl6t"}},{"type":"Feature","geometry":{"type":"MultiPolygon","coordinates":[[[[-73.5639,45.497514],[-73.563892,45.497511],[-73.563884,45.497508],[-73.563876,45.497505],[-73.563868,45.497502],[-73.56386,45.497499],[-73.563851,45.497497],[-73.563843,45.497494],[-73.563835,45.497491],[-73.563827,45.497488],[-73.563817,45.497485],[-73.563808,45.497482],[-73.563798,45.49748],[-73.563789,45.497477],[-73.563779,45.497474],[-73.56377,45.497471],[-73.56376,45.497469],[-73.56375,45.497466],[-73.56374,45.497463],[-73.563731,45.497461],[-73.563721,45.497459],[-73.563711,45.497457],[-73.563701,45.497454],[-73.563691,45.497452],[-73.563681,45.49745],[-73.563671,45.497448],[-73.563661,45.497446],[-73.563651,45.497444],[-73.563641,45.497442],[-73.563631,45.49744],[-73.563621,45.497439],[-73.563611,45.497437],[-73.563601,45.497435],[-73.563591,45.497434],[-73.563581,45.497432],[-73.56357,45.497432],[-73.56356,45.49743],[-73.56355,45.497429],[-73.56354,45.497428],[-73.563529,45.497427],[-73.563519,45.497426],[-73.563509,45.497425],[-73.563499,45.497424],[-73.563488,45.497423],[-73.563478,45.497423],[-73.563468,45.497422],[-73.563457,45.497421],[-73.563447,45.497421],[-73.563437,45.497421],[-73.563426,45.49742],[-73.563416,45.49742],[-73.563406,45.49742],[-73.563395,45.49742],[-73.563385,45.49742],[-73.563375,45.49742],[-73.563364,45.49742],[-73.563354,45.49742],[-73.563343,45.49742],[-73.563333,45.49742],[-73.563323,45.497421],[-73.563312,45.497421],[-73.563302,45.497421],[-73.563292,45.497421],[-73.563281,45.497423],[-73.563271,45.497423],[-73.563261,45.497424],[-73.56325,45.497425],[-73.56324,45.497426],[-73.56323,45.497426],[-73.56322,45.497428],[-73.56321,45.497429],[-73.5632,45.497429],[-73.56319,45.497431],[-73.56318,45.497432],[-73.56317,45.497434],[-73.56316,45.497435],[-73.56315,45.497437],[-73.56314,45.497438],[-73.56313,45.49744],[-73.56312,45.497442],[-73.563111,45.497443],[-73.563101,45.497445],[-73.563091,45.497446],[-73.563081,45.497449],[-73.563071,45.497451],[-73.563062,45.497453],[-73.563052,45.497455],[-73.563042,45.497457],[-73.563033,45.49746],[-73.563023,45.497462],[-73.563014,45.497464],[-73.563004,45.497466],[-73.562995,45.497469],[-73.562985,45.497471],[-73.562966,45.497462],[-73.562965,45.497462],[-73.562763,45.497361],[-73.562764,45.49736],[-73.56318,45.496934],[-73.563463,45.497069],[-73.563929,45.497296],[-73.564067,45.497363],[-73.563916,45.497521],[-73.563908,45.497518],[-73.5639,45.497514]]]]},"properties":{"id":"precisely-site-00984d07ad","src":"precisely","grp":"verify","op":"","ref":"C000PS1AH2IU","locality":"Canada","acres":"0.82","for_site":"site-00984d07ad"}},{"type":"Feature","geometry":{"type":"MultiPolygon","coordinates":[[[[-81.392097,28.618023],[-81.392127,28.617053],[-81.392953,28.617073],[-81.392979,28.616249],[-81.393058,28.61625],[-81.394118,28.616258],[-81.394155,28.618419],[-81.394151,28.618419],[-81.394148,28.618419],[-81.394145,28.618419],[-81.394142,28.618419],[-81.394139,28.618419],[-81.394135,28.618419],[-81.394132,28.618419],[-81.394129,28.618418],[-81.394126,28.618418],[-81.394123,28.618418],[-81.39412,28.618418],[-81.394117,28.618418],[-81.394114,28.618418],[-81.394111,28.618418],[-81.394107,28.618418],[-81.394104,28.618418],[-81.394101,28.618418],[-81.394098,28.618418],[-81.394095,28.618418],[-81.394092,28.618418],[-81.394089,28.618418],[-81.394086,28.618418],[-81.394082,28.618418],[-81.394079,28.618418],[-81.394076,28.618418],[-81.394073,28.618418],[-81.39407,28.618418],[-81.394067,28.618418],[-81.394064,28.618418],[-81.394061,28.618418],[-81.394058,28.618418],[-81.394054,28.618418],[-81.394051,28.618417],[-81.394048,28.618417],[-81.394045,28.618417],[-81.394042,28.618417],[-81.394039,28.618417],[-81.394036,28.618417],[-81.394033,28.618417],[-81.39403,28.618417],[-81.394026,28.618417],[-81.394023,28.618417],[-81.39402,28.618417],[-81.394017,28.618417],[-81.394014,28.618417],[-81.394011,28.618417],[-81.394008,28.618416],[-81.394005,28.618416],[-81.394001,28.618416],[-81.393998,28.618416],[-81.393995,28.618416],[-81.393992,28.618416],[-81.393989,28.618415],[-81.393986,28.618415],[-81.393983,28.618415],[-81.39398,28.618415],[-81.393977,28.618415],[-81.393973,28.618415],[-81.39397,28.618415],[-81.393967,28.618415],[-81.393964,28.618415],[-81.393961,28.618415],[-81.393958,28.618415],[-81.393955,28.618415],[-81.393952,28.618415],[-81.393949,28.618415],[-81.393945,28.618415],[-81.392161,28.618371],[-81.392172,28.618024],[-81.392097,28.618023]]]]},"properties":{"id":"precisely-site-00ae4bc616","src":"precisely","grp":"verify","op":"","ref":"292135000000094","locality":"12095","acres":"9.71","for_site":"site-00ae4bc616"}},{"type":"Feature","geometry":{"type":"MultiPolygon","coordinates":[[[[-104.83494,39.559783],[-104.833946,39.559785],[-104.832764,39.559788],[-104.832759,39.558383],[-104.83276,39.558375],[-104.832764,39.558366],[-104.832769,39.558359],[-104.832776,39.558352],[-104.832784,39.558346],[-104.832793,39.558341],[-104.832803,39.558336],[-104.832814,39.558335],[-104.832825,39.558333],[-104.834347,39.558336],[-104.836045,39.558337],[-104.836048,39.55978],[-104.83494,39.559783]]]]},"properties":{"id":"precisely-site-00d2f02310","src":"precisely","grp":"verify","op":"ONENECK DATA CENTER HOLDINGS LLC","ref":"223101104004","locality":"08035","acres":"11.22","for_site":"site-00d2f02310"}},{"type":"Feature","geometry":{"type":"MultiPolygon","coordinates":[[[[151.035829,-33.820974],[151.035528,-33.820976],[151.03558,-33.821322],[151.035466,-33.822038],[151.035499,-33.822041],[151.035359,-33.822923],[151.034861,-33.82287],[151.034713,-33.822744],[151.034135,-33.822681],[151.034122,-33.822773],[151.034177,-33.822779],[151.033966,-33.824183],[151.035301,-33.824327],[151.035367,-33.823903],[151.035507,-33.823018],[151.035829,-33.820974]]]]},"properties":{"id":"precisely-site-019fca9722","src":"precisely","grp":"verify","op":"","ref":"9/1275083","locality":"ROSEHILL, NSW","acres":"5.92","for_site":"site-019fca9722"}},{"type":"Feature","geometry":{"type":"MultiPolygon","coordinates":[[[[-73.56783,45.502987],[-73.56736,45.502759],[-73.567574,45.502531],[-73.567536,45.502512],[-73.567186,45.502346],[-73.56741,45.502114],[-73.568157,45.502477],[-73.56794,45.502709],[-73.568035,45.502756],[-73.567935,45.502868],[-73.56783,45.502987]]]]},"properties":{"id":"precisely-site-0226a4e671","src":"precisely","grp":"verify","op":"","ref":"C000PS18WC2R","locality":"Canada","acres":"0.88","for_site":"site-0226a4e671"}},{"type":"Feature","geometry":{"type":"MultiPolygon","coordinates":[[[[-86.764362,36.14053],[-86.764342,36.14066],[-86.764288,36.141016],[-86.764287,36.141016],[-86.764207,36.141008],[-86.764057,36.140784],[-86.763964,36.140643],[-86.763862,36.140491],[-86.763841,36.14046],[-86.763861,36.140344],[-86.763882,36.140216],[-86.763882,36.140215],[-86.764403,36.140257],[-86.764362,36.14053]]]]},"properties":{"id":"precisely-site-023583e4d0","src":"precisely","grp":"verify","op":"","ref":"10507016900","locality":"47037","acres":"0.71","for_site":"site-023583e4d0"}},{"type":"Feature","geometry":{"type":"MultiPolygon","coordinates":[[[[151.757399,-32.925052],[151.757322,-32.924789],[151.757154,-32.924821],[151.757244,-32.925127],[151.757547,-32.925328],[151.757636,-32.925232],[151.757377,-32.925063],[151.757399,-32.925052]]]]},"properties":{"id":"precisely-site-02b7fad85c","src":"precisely","grp":"verify","op":"","ref":"6249/774969","locality":"NEWCASTLE WEST, NSW","acres":"0.24","for_site":"site-02b7fad85c"}},{"type":"Feature","geometry":{"type":"MultiPolygon","coordinates":[[[[-79.488729,43.779134],[-79.48978,43.778901],[-79.489809,43.778894],[-79.490001,43.779321],[-79.490198,43.779762],[-79.489124,43.780015],[-79.488926,43.779574],[-79.488729,43.779134]]]]},"properties":{"id":"precisely-site-02de9f4fd2","src":"precisely","grp":"verify","op":"","ref":"C000PS178YWE","locality":"Canada","acres":"2.3","for_site":"site-02de9f4fd2"}},{"type":"Feature","geometry":{"type":"MultiPolygon","coordinates":[[[[-89.437017,43.067125],[-89.437015,43.067352],[-89.437013,43.067508],[-89.436847,43.067508],[-89.4367,43.067507],[-89.43639,43.067504],[-89.436391,43.067125],[-89.436705,43.067125],[-89.437017,43.067125]]]]},"properties":{"id":"precisely-site-036d58e7ec","src":"precisely","grp":"verify","op":"","ref":"070921301324","locality":"55025","acres":"0.53","for_site":"site-036d58e7ec"}},{"type":"Feature","geometry":{"type":"MultiPolygon","coordinates":[[[[-79.342349,43.808744],[-79.342865,43.808625],[-79.343299,43.809595],[-79.342469,43.809788],[-79.342035,43.808817],[-79.342349,43.808744]]]]},"properties":{"id":"precisely-site-03989603b3","src":"precisely","grp":"verify","op":"","ref":"C000PS18499Z","locality":"Canada","acres":"1.96","for_site":"site-03989603b3"}},{"type":"Feature","geometry":{"type":"MultiPolygon","coordinates":[[[[-108.381527,43.024094],[-108.381526,43.023709],[-108.3819,43.023709],[-108.381901,43.024094],[-108.381527,43.024094]]]]},"properties":{"id":"precisely-site-03ec6d8c3e","src":"precisely","grp":"verify","op":"","ref":"91143411700600","locality":"56013","acres":"0.32","for_site":"site-03ec6d8c3e"}},{"type":"Feature","geometry":{"type":"MultiPolygon","coordinates":[[[[-79.332282,43.848454],[-79.332281,43.848454],[-79.33228,43.848455],[-79.332279,43.848456],[-79.332278,43.848456],[-79.332277,43.848456],[-79.332276,43.848456],[-79.332267,43.848458],[-79.332252,43.848462],[-79.332171,43.848482],[-79.332069,43.848107],[-79.332144,43.848091],[-79.332143,43.848089],[-79.332135,43.84806],[-79.332112,43.847982],[-79.332088,43.847901],[-79.331697,43.846559],[-79.332143,43.846454],[-79.332249,43.84643],[-79.332189,43.846207],[-79.331918,43.846271],[-79.331897,43.846276],[-79.331906,43.846226],[-79.33192,43.846148],[-79.331978,43.845814],[-79.332779,43.84542],[-79.334425,43.845118],[-79.335002,43.845012],[-79.335533,43.844914],[-79.335804,43.844864],[-79.336082,43.844812],[-79.337424,43.844566],[-79.337487,43.844614],[-79.337776,43.844851],[-79.337822,43.844888],[-79.339573,43.846321],[-79.339042,43.84645],[-79.337678,43.846778],[-79.335108,43.847399],[-79.333934,43.847679],[-79.333826,43.847706],[-79.333653,43.84775],[-79.333284,43.847832],[-79.332991,43.847899],[-79.332685,43.848229],[-79.332684,43.848229],[-79.332684,43.84823],[-79.332683,43.848231],[-79.332682,43.848232],[-79.332681,43.848232],[-79.332681,43.848233],[-79.33268,43.848234],[-79.332679,43.848235],[-79.332678,43.848236],[-79.332677,43.848237],[-79.332676,43.848238],[-79.332675,43.848239],[-79.332674,43.84824],[-79.332673,43.84824],[-79.332673,43.848242],[-79.332672,43.848243],[-79.332671,43.848243],[-79.33267,43.848243],[-79.33267,43.848244],[-79.332669,43.848245],[-79.332669,43.848246],[-79.332668,43.848246],[-79.332667,43.848247],[-79.332666,43.848248],[-79.332666,43.848249],[-79.332665,43.848249],[-79.332665,43.84825],[-79.332664,43.84825],[-79.332664,43.848251],[-79.332663,43.848251],[-79.332662,43.848252],[-79.332661,43.848253],[-79.33266,43.848254],[-79.332659,43.848254],[-79.332659,43.848255],[-79.332658,43.848256],[-79.332657,43.848257],[-79.332656,43.848257],[-79.332655,43.848259],[-79.332654,43.848259],[-79.332654,43.84826],[-79.332653,43.848261],[-79.332652,43.848262],[-79.332651,43.848262],[-79.332651,43.848263],[-79.33265,43.848263],[-79.332649,43.848264],[-79.332649,43.848265],[-79.332648,43.848265],[-79.332648,43.848266],[-79.332647,43.848267],[-79.332646,43.848267],[-79.332645,43.848268],[-79.332644,43.848268],[-79.332644,43.848269],[-79.332643,43.84827],[-79.332642,43.84827],[-79.332642,43.848271],[-79.332641,43.848271],[-79.332641,43.848272],[-79.33264,43.848272],[-79.33264,43.848273],[-79.332639,43.848274],[-79.332638,43.848274],[-79.332637,43.848275],[-79.332636,43.848276],[-79.332635,43.848277],[-79.332634,43.848277],[-79.332634,43.848278],[-79.332633,43.848279],[-79.332632,43.84828],[-79.332631,43.84828],[-79.332631,43.848281],[-79.33263,43.848281],[-79.332629,43.848282],[-79.332628,43.848283],[-79.332627,43.848283],[-79.332627,43.848284],[-79.332626,43.848284],[-79.332626,43.848285],[-79.332625,43.848285],[-79.332624,43.848287],[-79.332623,43.848287],[-79.332622,43.848288],[-79.332621,43.848288],[-79.33262,43.84829],[-79.332619,43.84829],[-79.332618,43.848291],[-79.332617,43.848291],[-79.332617,43.848292],[-79.332616,43.848293],[-79.332615,43.848293],[-79.332614,43.848294],[-79.332614,43.848295],[-79.332613,43.848295],[-79.332613,43.848296],[-79.332612,43.848296],[-79.332611,43.848297],[-79.33261,43.848297],[-79.33261,43.848298],[-79.332609,43.848299],[-79.332608,43.848299],[-79.332607,43.8483],[-79.332606,43.848301],[-79.332605,43.848302],[-79.332604,43.848302],[-79.332603,43.848302],[-79.332602,43.848304],[-79.332601,43.848304],[-79.332601,43.848305],[-79.3326,43.848305],[-79.332599,43.848305],[-79.332598,43.848307],[-79.332597,43.848308],[-79.332596,43.848308],[-79.332595,43.848309],[-79.332595,43.84831],[-79.332594,43.84831],[-79.332593,43.848311],[-79.332592,43.848311],[-79.332592,43.848312],[-79.332591,43.848312],[-79.33259,43.848313],[-79.332589,43.848313],[-79.332588,43.848314],[-79.332588,43.848315],[-79.332587,43.848315],[-79.332586,43.848316],[-79.332585,43.848316],[-79.332584,43.848317],[-79.332583,43.848318],[-79.332582,43.848319],[-79.332581,43.848319],[-79.33258,43.84832],[-79.332579,43.848321],[-79.332578,43.848321],[-79.332578,43.848322],[-79.332577,43.848322],[-79.332576,43.848322],[-79.332576,43.848323],[-79.332575,43.848324],[-79.332574,43.848324],[-79.332573,43.848325],[-79.332572,43.848326],[-79.332571,43.848326],[-79.33257,43.848327],[-79.332569,43.848328],[-79.332568,43.848328],[-79.332568,43.848329],[-79.332567,43.848329],[-79.332566,43.84833],[-79.332565,43.84833],[-79.332564,43.848331],[-79.332563,43.848332],[-79.332562,43.848333],[-79.332561,43.848333],[-79.33256,43.848333],[-79.33256,43.848334],[-79.332559,43.848335],[-79.332558,43.848335],[-79.332557,43.848336],[-79.332556,43.848336],[-79.332555,43.848337],[-79.332554,43.848338],[-79.332553,43.848339],[-79.332552,43.848339],[-79.332551,43.848339],[-79.332551,43.84834],[-79.33255,43.848341],[-79.332549,43.848341],[-79.332548,43.848341],[-79.332548,43.848342],[-79.332547,43.848342],[-79.332546,43.848343],[-79.332545,43.848343],[-79.332545,43.848344],[-79.332544,43.848344],[-79.332543,43.848344],[-79.332542,43.848345],[-79.332542,43.848346],[-79.332541,43.848346],[-79.33254,43.848347],[-79.332539,43.848347],[-79.332538,43.848347],[-79.332537,43.848348],[-79.332537,43.848349],[-79.332536,43.848349],[-79.332535,43.84835],[-79.332534,43.84835],[-79.332533,43.848351],[-79.332532,43.848352],[-79.332531,43.848352],[-79.33253,43.848353],[-79.332528,43.848353],[-79.332527,43.848354],[-79.332527,43.848355],[-79.332526,43.848355],[-79.332525,43.848356],[-79.332524,43.848356],[-79.332523,43.848357],[-79.332522,43.848358],[-79.332521,43.848358],[-79.33252,43.848358],[-79.332519,43.848359],[-79.332518,43.84836],[-79.332517,43.84836],[-79.332517,43.848361],[-79.332516,43.848361],[-79.332515,43.848361],[-79.332514,43.848361],[-79.332514,43.848362],[-79.332513,43.848363],[-79.332512,43.848363],[-79.332511,43.848364],[-79.33251,43.848364],[-79.332509,43.848364],[-79.332509,43.848365],[-79.332508,43.848366],[-79.332507,43.848366],[-79.332506,43.848366],[-79.332506,43.848367],[-79.332505,43.848367],[-79.332503,43.848368],[-79.332502,43.848369],[-79.332501,43.848369],[-79.3325,43.84837],[-79.332499,43.84837],[-79.332498,43.848371],[-79.332497,43.848372],[-79.332496,43.848372],[-79.332495,43.848373],[-79.332494,43.848373],[-79.332493,43.848373],[-79.332492,43.848374],[-79.332491,43.848375],[-79.33249,43.848375],[-79.332489,43.848375],[-79.332488,43.848376],[-79.332487,43.848377],[-79.332486,43.848378],[-79.332484,43.848378],[-79.332483,43.848378],[-79.332482,43.848379],[-79.332481,43.84838],[-79.33248,43.848381],[-79.332479,43.848381],[-79.332478,43.848381],[-79.332477,43.848381],[-79.332477,43.848382],[-79.332476,43.848383],[-79.332475,43.848383],[-79.332474,43.848383],[-79.332473,43.848384],[-79.332472,43.848384],[-79.332471,43.848385],[-79.33247,43.848386],[-79.332469,43.848386],[-79.332468,43.848387],[-79.332467,43.848387],[-79.332466,43.848387],[-79.332466,43.848388],[-79.332465,43.848388],[-79.332464,43.848388],[-79.332463,43.848389],[-79.332462,43.848389],[-79.332461,43.848389],[-79.332461,43.84839],[-79.332459,43.848391],[-79.332458,43.848391],[-79.332457,43.848392],[-79.332456,43.848392],[-79.332455,43.848392],[-79.332454,43.848393],[-79.332453,43.848394],[-79.332452,43.848394],[-79.332451,43.848395],[-79.33245,43.848395],[-79.332449,43.848395],[-79.332448,43.848396],[-79.332447,43.848397],[-79.332446,43.848397],[-79.332445,43.848397],[-79.332444,43.848398],[-79.332443,43.848398],[-79.332442,43.848398],[-79.332441,43.848399],[-79.33244,43.8484],[-79.332439,43.8484],[-79.332438,43.8484],[-79.332437,43.848401],[-79.332436,43.848401],[-79.332436,43.848402],[-79.332435,43.848402],[-79.332434,43.848402],[-79.332434,43.848403],[-79.332432,43.848403],[-79.332431,43.848404],[-79.33243,43.848404],[-79.332429,43.848404],[-79.332429,43.848405],[-79.332428,43.848405],[-79.332427,43.848405],[-79.332426,43.848406],[-79.332425,43.848406],[-79.332424,43.848406],[-79.332423,43.848407],[-79.332422,43.848407],[-79.332422,43.848408],[-79.33242,43.848408],[-79.332419,43.848409],[-79.332418,43.848409],[-79.332417,43.848409],[-79.332416,43.84841],[-79.332415,43.84841],[-79.332414,43.848411],[-79.332413,43.848411],[-79.332412,43.848412],[-79.332411,43.848412],[-79.33241,43.848412],[-79.332408,43.848413],[-79.332407,43.848414],[-79.332406,43.848414],[-79.332405,43.848415],[-79.332404,43.848415],[-79.332403,43.848415],[-79.332402,43.848416],[-79.332401,43.848416],[-79.3324,43.848416],[-79.3324,43.848417],[-79.332399,43.848417],[-79.332398,43.848417],[-79.332397,43.848417],[-79.332396,43.848418],[-79.332395,43.848418],[-79.332394,43.848419],[-79.332393,43.848419],[-79.332391,43.84842],[-79.33239,43.84842],[-79.332389,43.84842],[-79.332388,43.848421],[-79.332387,43.848422],[-79.332386,43.848422],[-79.332385,43.848422],[-79.332384,43.848423],[-79.332383,43.848423],[-79.332382,43.848423],[-79.332381,43.848423],[-79.332379,43.848424],[-79.332378,43.848425],[-79.332377,43.848425],[-79.332376,43.848426],[-79.332374,43.848426],[-79.332373,43.848426],[-79.332372,43.848426],[-79.332372,43.848427],[-79.332371,43.848427],[-79.33237,43.848428],[-79.332369,43.848428],[-79.332368,43.848428],[-79.332367,43.848429],[-79.332366,43.848429],[-79.332365,43.848429],[-79.332364,43.84843],[-79.332363,43.84843],[-79.332362,43.848431],[-79.332361,43.848431],[-79.33236,43.848431],[-79.332359,43.848432],[-79.332358,43.848432],[-79.332357,43.848432],[-79.332356,43.848433],[-79.332355,43.848433],[-79.332354,43.848433],[-79.332353,43.848434],[-79.332352,43.848434],[-79.332351,43.848434],[-79.33235,43.848434],[-79.332349,43.848435],[-79.332348,43.848435],[-79.332347,43.848436],[-79.332346,43.848436],[-79.332323,43.848443],[-79.332322,43.848443],[-79.332321,43.848443],[-79.33232,43.848444],[-79.332319,43.848444],[-79.332318,43.848445],[-79.332317,43.848445],[-79.332316,43.848445],[-79.332314,43.848446],[-79.332313,43.848446],[-79.332312,43.848446],[-79.332312,43.848447],[-79.332311,43.848447],[-79.332309,43.848447],[-79.332308,43.848448],[-79.332307,43.848448],[-79.332306,43.848448],[-79.332305,43.848448],[-79.332304,43.848449],[-79.332303,43.848449],[-79.332302,43.848449],[-79.3323,43.84845],[-79.332299,43.84845],[-79.332298,43.84845],[-79.332297,43.848451],[-79.332296,43.848451],[-79.332295,43.848451],[-79.332294,43.848451],[-79.332293,43.848451],[-79.332292,43.848452],[-79.332291,43.848452],[-79.33229,43.848453],[-79.332289,43.848453],[-79.332288,43.848453],[-79.332287,43.848453],[-79.332286,43.848454],[-79.332285,43.848454],[-79.332284,43.848454],[-79.332283,43.848454],[-79.332282,43.848454]]]]},"properties":{"id":"precisely-site-0437f1bb3e","src":"precisely","grp":"verify","op":"","ref":"C000PS1811R4","locality":"Canada","acres":"35.02","for_site":"site-0437f1bb3e"}},{"type":"Feature","geometry":{"type":"MultiPolygon","coordinates":[[[[150.96966,-33.734062],[150.969902,-33.733991],[150.969908,-33.733989],[150.970162,-33.733914],[150.970304,-33.733872],[150.970426,-33.733837],[150.970447,-33.73383],[150.970625,-33.733778],[150.970423,-33.733302],[150.970284,-33.733242],[150.970273,-33.733249],[150.970262,-33.733255],[150.97025,-33.733262],[150.970238,-33.733267],[150.970225,-33.733272],[150.970212,-33.733277],[150.970199,-33.733281],[150.970186,-33.733284],[150.970172,-33.733287],[150.970159,-33.733289],[150.969901,-33.73332],[150.969784,-33.733334],[150.969762,-33.733337],[150.969691,-33.733345],[150.96952,-33.733363],[150.969417,-33.73337],[150.969448,-33.733527],[150.969557,-33.734093],[150.96966,-33.734062]]]]},"properties":{"id":"precisely-site-0445f47da7","src":"precisely","grp":"verify","op":"","ref":"7/1101691","locality":"NORWEST, NSW","acres":"1.71","for_site":"site-0445f47da7"}},{"type":"Feature","geometry":{"type":"MultiPolygon","coordinates":[[[[-74.572675,40.579262],[-74.572748,40.579218],[-74.572763,40.579224],[-74.575861,40.580277],[-74.575928,40.580185],[-74.57688,40.58049],[-74.575888,40.582696],[-74.5753,40.584002],[-74.572246,40.583216],[-74.570425,40.58297],[-74.570651,40.581734],[-74.571192,40.581842],[-74.571674,40.580824],[-74.569961,40.580084],[-74.570959,40.578908],[-74.571288,40.57852],[-74.572264,40.579063],[-74.572675,40.579262]]]]},"properties":{"id":"precisely-site-05499e2374","src":"precisely","grp":"verify","op":"999 FRONTIER LLC","ref":"1806_711_12","locality":"34035","acres":"50.63","for_site":"site-05499e2374"}},{"type":"Feature","geometry":{"type":"MultiPolygon","coordinates":[[[[-80.127992,26.28957],[-80.127888,26.289564],[-80.127755,26.28956],[-80.127755,26.289513],[-80.12801,26.289508],[-80.128395,26.2895],[-80.128822,26.289492],[-80.129207,26.289484],[-80.129634,26.289476],[-80.130019,26.289468],[-80.130447,26.28946],[-80.130894,26.28945],[-80.130874,26.289541],[-80.13087,26.289561],[-80.130764,26.290045],[-80.130743,26.290139],[-80.130722,26.290233],[-80.129824,26.289944],[-80.129549,26.28982],[-80.129449,26.289791],[-80.129348,26.289762],[-80.129247,26.289735],[-80.129146,26.289709],[-80.129044,26.289686],[-80.128942,26.289664],[-80.128828,26.289641],[-80.128821,26.289674],[-80.128718,26.289655],[-80.128615,26.289637],[-80.128512,26.289623],[-80.128408,26.289609],[-80.128305,26.289597],[-80.128248,26.289591],[-80.128201,26.289586],[-80.128096,26.289577],[-80.127992,26.28957]]]]},"properties":{"id":"precisely-site-0605a6d8a6","src":"precisely","grp":"new","op":"","ref":"484211120010","locality":"12011","acres":"2.79","for_site":"site-0605a6d8a6"}},{"type":"Feature","geometry":{"type":"MultiPolygon","coordinates":[[[[-83.02992,42.306716],[-83.030611,42.30647],[-83.030659,42.306545],[-83.029968,42.306791],[-83.02992,42.306716]]]]},"properties":{"id":"precisely-site-06446facfb","src":"precisely","grp":"verify","op":"","ref":"C000PS17G3ZL","locality":"Canada","acres":"0.14","for_site":"site-06446facfb"}},{"type":"Feature","geometry":{"type":"MultiPolygon","coordinates":[[[[150.924463,-33.82259],[150.924597,-33.822392],[150.924605,-33.82238],[150.924613,-33.822368],[150.924621,-33.822356],[150.924628,-33.822344],[150.924636,-33.822332],[150.924644,-33.82232],[150.924651,-33.822308],[150.924659,-33.822296],[150.924666,-33.822284],[150.924673,-33.822272],[150.924681,-33.822259],[150.924688,-33.822247],[150.924695,-33.822235],[150.924702,-33.822222],[150.924709,-33.82221],[150.924716,-33.822197],[150.924723,-33.822185],[150.924729,-33.822173],[150.924736,-33.82216],[150.924743,-33.822148],[150.924749,-33.822135],[150.924756,-33.822122],[150.924762,-33.82211],[150.924768,-33.822097],[150.924774,-33.822084],[150.92478,-33.822072],[150.924786,-33.822059],[150.924792,-33.822046],[150.924798,-33.822034],[150.924804,-33.822021],[150.92481,-33.822008],[150.924815,-33.821995],[150.924821,-33.821982],[150.924826,-33.821969],[150.924832,-33.821956],[150.924837,-33.821943],[150.924842,-33.821931],[150.924847,-33.821918],[150.924852,-33.821905],[150.924857,-33.821892],[150.924862,-33.821878],[150.924867,-33.821865],[150.924872,-33.821852],[150.924877,-33.821839],[150.924881,-33.821826],[150.924886,-33.821813],[150.92489,-33.8218],[150.924894,-33.821787],[150.924898,-33.821773],[150.924903,-33.82176],[150.924907,-33.821747],[150.924911,-33.821734],[150.924915,-33.82172],[150.924918,-33.821707],[150.924922,-33.821694],[150.924926,-33.82168],[150.924929,-33.821667],[150.924933,-33.821654],[150.924936,-33.82164],[150.92494,-33.821627],[150.924943,-33.821613],[150.924946,-33.8216],[150.924949,-33.821587],[150.924952,-33.821573],[150.924955,-33.82156],[150.924956,-33.821553],[150.924958,-33.821546],[150.924959,-33.821539],[150.92496,-33.821532],[150.924961,-33.821525],[150.924962,-33.821518],[150.924963,-33.821512],[150.924964,-33.821505],[150.924965,-33.821498],[150.924965,-33.821491],[150.924966,-33.821484],[150.924966,-33.821477],[150.924967,-33.82147],[150.924967,-33.821463],[150.924967,-33.821456],[150.924968,-33.821449],[150.924968,-33.821442],[150.924968,-33.821435],[150.924967,-33.821428],[150.924967,-33.821421],[150.924967,-33.821414],[150.924967,-33.821407],[150.924966,-33.821401],[150.924966,-33.821394],[150.924965,-33.821387],[150.924964,-33.82138],[150.924964,-33.821373],[150.924963,-33.821366],[150.924962,-33.821359],[150.924961,-33.821352],[150.924959,-33.821345],[150.924958,-33.821338],[150.924957,-33.821332],[150.924956,-33.821325],[150.924954,-33.821318],[150.924953,-33.821311],[150.924951,-33.821304],[150.924949,-33.821297],[150.924947,-33.821291],[150.924945,-33.821284],[150.924943,-33.821277],[150.924941,-33.82127],[150.924939,-33.821264],[150.924937,-33.821257],[150.924935,-33.82125],[150.924932,-33.821244],[150.92493,-33.821237],[150.924927,-33.82123],[150.924925,-33.821224],[150.924922,-33.821217],[150.924919,-33.821211],[150.924916,-33.821204],[150.924913,-33.821198],[150.92491,-33.821191],[150.924907,-33.821185],[150.924904,-33.821178],[150.924901,-33.821172],[150.924897,-33.821166],[150.924894,-33.821159],[150.924891,-33.821153],[150.924887,-33.821147],[150.924883,-33.821141],[150.92488,-33.821134],[150.924876,-33.821128],[150.924872,-33.821122],[150.924868,-33.821116],[150.924864,-33.82111],[150.92486,-33.821104],[150.924856,-33.821098],[150.924851,-33.821092],[150.924847,-33.821086],[150.924843,-33.82108],[150.924838,-33.821074],[150.924834,-33.821068],[150.924829,-33.821063],[150.924824,-33.821057],[150.924819,-33.821051],[150.924815,-33.821046],[150.92481,-33.82104],[150.924805,-33.821034],[150.9248,-33.821029],[150.924795,-33.821023],[150.924789,-33.821018],[150.924784,-33.821013],[150.924779,-33.821007],[150.924774,-33.821002],[150.924768,-33.820997],[150.924763,-33.820992],[150.924757,-33.820986],[150.924751,-33.820981],[150.924746,-33.820976],[150.92474,-33.820971],[150.924734,-33.820966],[150.924728,-33.820961],[150.924722,-33.820956],[150.924716,-33.820952],[150.92471,-33.820947],[150.924704,-33.820942],[150.923457,-33.819992],[150.92345,-33.819987],[150.923443,-33.819982],[150.923436,-33.819977],[150.923429,-33.819972],[150.923422,-33.819967],[150.923414,-33.819962],[150.923407,-33.819957],[150.9234,-33.819952],[150.923392,-33.819947],[150.923385,-33.819942],[150.923377,-33.819938],[150.92337,-33.819933],[150.923362,-33.819928],[150.923355,-33.819924],[150.923347,-33.819919],[150.923339,-33.819915],[150.923331,-33.819911],[150.923323,-33.819906],[150.923316,-33.819902],[150.922977,-33.821701],[150.922843,-33.82241],[150.924444,-33.822619],[150.924463,-33.82259]]]]},"properties":{"id":"precisely-site-078d43fb57","src":"precisely","grp":"verify","op":"","ref":"14/270644","locality":"PEMULWUY, NSW","acres":"9.52","for_site":"site-078d43fb57"}},{"type":"Feature","geometry":{"type":"MultiPolygon","coordinates":[[[[-81.72811,28.02423],[-81.72811,28.024038],[-81.728409,28.024038],[-81.728409,28.02423],[-81.72811,28.02423]]]]},"properties":{"id":"precisely-site-0794fe2b59","src":"precisely","grp":"verify","op":"","ref":"262829634116001010","locality":"12105","acres":"0.15","for_site":"site-0794fe2b59"}},{"type":"Feature","geometry":{"type":"MultiPolygon","coordinates":[[[[146.920917,-36.083129],[146.920934,-36.083034],[146.92059,-36.082991],[146.920572,-36.083087],[146.920917,-36.083129]]]]},"properties":{"id":"precisely-site-093f629b8b","src":"precisely","grp":"verify","op":"","ref":"2/736297","locality":"ALBURY, NSW","acres":"0.08","for_site":"site-093f629b8b"}},{"type":"Feature","geometry":{"type":"MultiPolygon","coordinates":[[[[-79.515672,43.612244],[-79.515971,43.612959],[-79.516733,43.613822],[-79.515234,43.614152],[-79.514931,43.613428],[-79.515058,43.6134],[-79.514667,43.612465],[-79.514758,43.612446],[-79.514871,43.612421],[-79.515168,43.612355],[-79.515672,43.612244]]]]},"properties":{"id":"precisely-site-095df26d94","src":"precisely","grp":"verify","op":"","ref":"C000PS179B6A","locality":"Canada","acres":"4.68","for_site":"site-095df26d94"}},{"type":"Feature","geometry":{"type":"MultiPolygon","coordinates":[[[[-63.55922,44.560028],[-63.557644,44.559979],[-63.557702,44.559943],[-63.557739,44.559917],[-63.557812,44.559881],[-63.557869,44.559844],[-63.557871,44.559844],[-63.557878,44.559839],[-63.557947,44.559799],[-63.558011,44.559763],[-63.558013,44.559683],[-63.558025,44.559656],[-63.558076,44.559611],[-63.558128,44.55953],[-63.558205,44.55945],[-63.558231,44.559387],[-63.55827,44.559343],[-63.558371,44.55928],[-63.558435,44.559209],[-63.558461,44.559183],[-63.558511,44.559165],[-63.558613,44.55912],[-63.558727,44.559085],[-63.558803,44.55905],[-63.558904,44.559024],[-63.558967,44.559015],[-63.558992,44.559016],[-63.559055,44.55907],[-63.559067,44.559079],[-63.55913,44.55908],[-63.559231,44.55909],[-63.55928,44.559126],[-63.559343,44.559118],[-63.559457,44.559082],[-63.55952,44.559047],[-63.559546,44.55902],[-63.55956,44.558966],[-63.559561,44.558876],[-63.559565,44.558865],[-63.559572,44.558841],[-63.559598,44.558817],[-63.559611,44.558792],[-63.559629,44.55876],[-63.559637,44.558713],[-63.56297,44.559691],[-63.562948,44.560143],[-63.562881,44.560654],[-63.562873,44.560713],[-63.562861,44.560804],[-63.562852,44.560908],[-63.562851,44.561012],[-63.562858,44.561116],[-63.562874,44.561218],[-63.562898,44.561321],[-63.562931,44.561423],[-63.562971,44.561522],[-63.56302,44.56162],[-63.563076,44.561716],[-63.56314,44.561809],[-63.563212,44.561899],[-63.563224,44.561914],[-63.56277,44.562167],[-63.562325,44.562414],[-63.562264,44.562448],[-63.561573,44.562834],[-63.561226,44.562953],[-63.560881,44.563073],[-63.560623,44.563163],[-63.560623,44.563162],[-63.560337,44.562523],[-63.560259,44.562348],[-63.55922,44.560028]]]]},"properties":{"id":"precisely-site-09b56b9b5c","src":"precisely","grp":"verify","op":"","ref":"C000PS15EQPW","locality":"Canada","acres":"27.33","for_site":"site-09b56b9b5c"}},{"type":"Feature","geometry":{"type":"MultiPolygon","coordinates":[[[[-72.800335,41.477751],[-72.800418,41.477629],[-72.800536,41.477456],[-72.801769,41.477771],[-72.801836,41.477622],[-72.802371,41.477689],[-72.802148,41.478704],[-72.8019,41.479836],[-72.801049,41.47973],[-72.800639,41.48064],[-72.800155,41.480517],[-72.800613,41.479504],[-72.799696,41.479039],[-72.800335,41.477751]]]]},"properties":{"id":"precisely-site-09c0a1c2f6","src":"precisely","grp":"verify","op":"CELLCO PARTNERSHIP","ref":"78740-14820","locality":"09170","acres":"10.94","for_site":"site-09c0a1c2f6"}},{"type":"Feature","geometry":{"type":"MultiPolygon","coordinates":[[[[-83.442833,42.234771],[-83.443473,42.234732],[-83.443639,42.234726],[-83.444859,42.234745],[-83.444935,42.236175],[-83.44494,42.236266],[-83.44482,42.236267],[-83.444685,42.236269],[-83.444628,42.23627],[-83.44294,42.236292],[-83.442521,42.236294],[-83.442517,42.236203],[-83.442459,42.234793],[-83.442597,42.234786],[-83.442833,42.234771]]]]},"properties":{"id":"precisely-site-09cb2e853a","src":"precisely","grp":"verify","op":"US SIGNAL PROPERTIES LLC","ref":"83 047 99 0007 701","locality":"26163","acres":"8.38","for_site":"site-09cb2e853a"}},{"type":"Feature","geometry":{"type":"MultiPolygon","coordinates":[[[[-90.169309,44.633913],[-90.16931,44.63383],[-90.167871,44.633658],[-90.167888,44.632186],[-90.169328,44.632208],[-90.170099,44.63222],[-90.170098,44.633653],[-90.170097,44.633925],[-90.169309,44.633913]]]]},"properties":{"id":"precisely-site-09dd8a9971","src":"precisely","grp":"new","op":"VINCENT MARSHFIELD EDGE LLC","ref":"3303548I","locality":"55141","acres":"7.75","for_site":"site-09dd8a9971"}},{"type":"Feature","geometry":{"type":"MultiPolygon","coordinates":[[[[-77.184985,38.754267],[-77.185001,38.754265],[-77.185078,38.754189],[-77.185802,38.753478],[-77.186511,38.752782],[-77.186792,38.752506],[-77.187202,38.752095],[-77.18735,38.751963],[-77.187842,38.751482],[-77.188315,38.751016],[-77.188644,38.750696],[-77.189079,38.750271],[-77.18923,38.750122],[-77.189708,38.749663],[-77.191334,38.748079],[-77.191557,38.747861],[-77.193024,38.746419],[-77.19352,38.745931],[-77.194031,38.74543],[-77.194615,38.744856],[-77.195436,38.744049],[-77.195677,38.743816],[-77.196221,38.743288],[-77.196687,38.742836],[-77.196873,38.742656],[-77.19731,38.742842],[-77.19732,38.742893],[-77.197426,38.743454],[-77.197343,38.743824],[-77.197042,38.745181],[-77.19766,38.745143],[-77.199287,38.745043],[-77.200266,38.744984],[-77.200746,38.744954],[-77.201534,38.744906],[-77.202149,38.744868],[-77.202849,38.744825],[-77.20309,38.744809],[-77.203184,38.744804],[-77.203292,38.744797],[-77.204229,38.744739],[-77.205177,38.744681],[-77.206095,38.744624],[-77.206357,38.744608],[-77.207215,38.744554],[-77.208036,38.744502],[-77.208085,38.7445],[-77.20946,38.744406],[-77.210716,38.744325],[-77.211712,38.74426],[-77.211753,38.744257],[-77.211797,38.744255],[-77.211855,38.744254],[-77.21204,38.744248],[-77.212275,38.744453],[-77.212104,38.745119],[-77.212099,38.745146],[-77.212095,38.745172],[-77.21209,38.745199],[-77.212086,38.745225],[-77.212083,38.745252],[-77.212079,38.745279],[-77.212076,38.745306],[-77.212074,38.745332],[-77.212071,38.745359],[-77.212069,38.745386],[-77.212068,38.745413],[-77.212067,38.745439],[-77.212066,38.745466],[-77.212065,38.745493],[-77.212065,38.74552],[-77.212065,38.745546],[-77.212065,38.745573],[-77.212066,38.7456],[-77.212067,38.745627],[-77.212069,38.745653],[-77.212204,38.748292],[-77.212205,38.748307],[-77.212207,38.748321],[-77.212211,38.748335],[-77.212216,38.748349],[-77.212223,38.748363],[-77.212231,38.748376],[-77.21224,38.748388],[-77.21225,38.7484],[-77.213315,38.749631],[-77.21333,38.749654],[-77.213344,38.749676],[-77.213358,38.749699],[-77.213372,38.749722],[-77.213385,38.749745],[-77.213398,38.749768],[-77.21341,38.749792],[-77.213422,38.749816],[-77.213433,38.74984],[-77.213444,38.749863],[-77.213455,38.749887],[-77.213554,38.750122],[-77.213561,38.750141],[-77.213725,38.75058],[-77.21449,38.751494],[-77.214618,38.751609],[-77.21541,38.752325],[-77.215424,38.75234],[-77.215754,38.752699],[-77.215893,38.753254],[-77.215947,38.75423],[-77.215979,38.754833],[-77.215949,38.755491],[-77.214752,38.755663],[-77.214187,38.755748],[-77.213792,38.755807],[-77.213562,38.755841],[-77.213263,38.755886],[-77.213084,38.755913],[-77.212113,38.756298],[-77.21203,38.756331],[-77.211784,38.756429],[-77.21156,38.756518],[-77.211411,38.756577],[-77.211332,38.756609],[-77.211323,38.756612],[-77.211174,38.756671],[-77.211086,38.756706],[-77.210759,38.756836],[-77.210695,38.756861],[-77.210438,38.756963],[-77.210115,38.757091],[-77.210088,38.757102],[-77.210065,38.757113],[-77.210019,38.757134],[-77.209958,38.757158],[-77.209581,38.757306],[-77.209428,38.757366],[-77.209345,38.757399],[-77.209122,38.757487],[-77.209041,38.757518],[-77.208734,38.757639],[-77.208658,38.757669],[-77.208036,38.757913],[-77.207981,38.757937],[-77.207965,38.757897],[-77.207494,38.756764],[-77.207265,38.756166],[-77.204338,38.756308],[-77.203994,38.756324],[-77.203346,38.756567],[-77.203335,38.756572],[-77.203328,38.756574],[-77.20259,38.75685],[-77.200203,38.757737],[-77.199245,38.758092],[-77.198868,38.758232],[-77.198691,38.758298],[-77.198323,38.758413],[-77.197969,38.758438],[-77.197272,38.758486],[-77.197148,38.758495],[-77.196651,38.758529],[-77.19617,38.758562],[-77.196126,38.758565],[-77.195475,38.75861],[-77.194934,38.758647],[-77.194806,38.75866],[-77.194748,38.758666],[-77.194633,38.758677],[-77.194218,38.758716],[-77.194173,38.75872],[-77.193889,38.758748],[-77.193628,38.758773],[-77.193568,38.758779],[-77.191795,38.758962],[-77.189427,38.759186],[-77.18905,38.759072],[-77.188648,38.75895],[-77.188324,38.758851],[-77.188,38.758753],[-77.187681,38.758655],[-77.187351,38.758562],[-77.187202,38.758522],[-77.186647,38.758357],[-77.185459,38.758008],[-77.184369,38.757686],[-77.184306,38.757653],[-77.184875,38.754282],[-77.184985,38.754267]]]]},"properties":{"id":"precisely-site-0a24f7c72d","src":"precisely","grp":"verify","op":"","ref":"0903 01  0032","locality":"51059","acres":"794.85","for_site":"site-0a24f7c72d"}},{"type":"Feature","geometry":{"type":"MultiPolygon","coordinates":[[[[-80.191415,26.184064],[-80.19142,26.184242],[-80.191455,26.184267],[-80.191447,26.184346],[-80.191441,26.184392],[-80.191435,26.184439],[-80.191427,26.184485],[-80.191419,26.184531],[-80.19141,26.184577],[-80.191399,26.184623],[-80.191388,26.184668],[-80.191264,26.185162],[-80.191251,26.185213],[-80.19124,26.185263],[-80.19123,26.185313],[-80.191221,26.185364],[-80.191212,26.185415],[-80.191205,26.185466],[-80.191199,26.185517],[-80.191194,26.185567],[-80.191189,26.185619],[-80.191186,26.18567],[-80.191184,26.185722],[-80.191182,26.1858],[-80.19118,26.186089],[-80.19111,26.186151],[-80.191073,26.186185],[-80.190891,26.186151],[-80.190662,26.18615],[-80.190555,26.186182],[-80.190214,26.18618],[-80.189912,26.186146],[-80.189454,26.186144],[-80.189398,26.18407],[-80.190433,26.184067],[-80.191415,26.184064]]]]},"properties":{"id":"precisely-site-0a6d26703f","src":"precisely","grp":"verify","op":"MYP COMMERCIAL PLACE LLC","ref":"494218200530","locality":"12011","acres":"10.69","for_site":"site-0a6d26703f"}},{"type":"Feature","geometry":{"type":"MultiPolygon","coordinates":[[[[-81.236442,32.250263],[-81.237363,32.25172],[-81.236285,32.252261],[-81.235348,32.250825],[-81.235718,32.250634],[-81.23622,32.250377],[-81.236442,32.250263]]]]},"properties":{"id":"precisely-site-0adf271aee","src":"precisely","grp":"new","op":"DIXON CRAIG F AND KATHI W","ref":"0450D042","locality":"13103","acres":"5.38","for_site":"site-0adf271aee"}},{"type":"Feature","geometry":{"type":"MultiPolygon","coordinates":[[[[-89.722456,43.636979],[-89.722456,43.637076],[-89.722458,43.637734],[-89.722461,43.63831],[-89.722463,43.639062],[-89.722463,43.639064],[-89.722463,43.639071],[-89.720161,43.639056],[-89.720161,43.63905],[-89.720152,43.637244],[-89.72015,43.636962],[-89.721544,43.636973],[-89.722261,43.636978],[-89.722456,43.636979]]]]},"properties":{"id":"precisely-site-0ae27f46f2","src":"precisely","grp":"verify","op":"MAGNUM COMMUNICATIONS, INC","ref":"11028-2.3","locality":"55021","acres":"10.68","for_site":"site-0ae27f46f2"}},{"type":"Feature","geometry":{"type":"MultiPolygon","coordinates":[[[[-63.579529,44.644464],[-63.579526,44.644465],[-63.579504,44.64442],[-63.579446,44.644434],[-63.579341,44.644198],[-63.579706,44.644111],[-63.579916,44.644588],[-63.579625,44.644659],[-63.57958,44.644571],[-63.579582,44.644571],[-63.579555,44.644516],[-63.579529,44.644464]]]]},"properties":{"id":"precisely-site-0ae988c05b","src":"precisely","grp":"new","op":"","ref":"C000PS15JOKN","locality":"Canada","acres":"0.38","for_site":"site-0ae988c05b"}},{"type":"Feature","geometry":{"type":"MultiPolygon","coordinates":[[[[144.953215,-37.808092],[144.953179,-37.808014],[144.953136,-37.807921],[144.953343,-37.807842],[144.953558,-37.807781],[144.953681,-37.808046],[144.95325,-37.80817],[144.953215,-37.808092]]]]},"properties":{"id":"precisely-site-0c311229d9","src":"precisely","grp":"verify","op":"","ref":"3\\PS433608","locality":"WEST MELBOURNE, VIC","acres":"0.31","for_site":"site-0c311229d9"}},{"type":"Feature","geometry":{"type":"MultiPolygon","coordinates":[[[[-119.878697,47.240219],[-119.875464,47.240235],[-119.875298,47.240236],[-119.875294,47.239098],[-119.875663,47.238896],[-119.876611,47.23852],[-119.877067,47.238288],[-119.877392,47.238201],[-119.877668,47.238181],[-119.878024,47.238183],[-119.87869,47.238186],[-119.878697,47.240189],[-119.878697,47.240219]]]]},"properties":{"id":"precisely-site-0d3906d987","src":"precisely","grp":"verify","op":"","ref":"042009300","locality":"53025","acres":"12.53","for_site":"site-0d3906d987"}},{"type":"Feature","geometry":{"type":"MultiPolygon","coordinates":[[[[-85.426332,41.640356],[-85.426587,41.640355],[-85.426587,41.640966],[-85.426331,41.640969],[-85.426332,41.640356]]],[[[-85.426331,41.641354],[-85.426331,41.641381],[-85.426331,41.641436],[-85.426316,41.641436],[-85.426318,41.641381],[-85.426319,41.641354],[-85.426331,41.640969],[-85.426331,41.641354]]]]},"properties":{"id":"precisely-site-0d53aa8ade","src":"precisely","grp":"new","op":"","ref":"440625200000013018","locality":"18087","acres":"0.37","for_site":"site-0d53aa8ade"}},{"type":"Feature","geometry":{"type":"MultiPolygon","coordinates":[[[[151.516888,-32.712233],[151.517305,-32.711657],[151.516775,-32.711381],[151.516458,-32.71143],[151.516175,-32.711785],[151.516184,-32.711869],[151.516888,-32.712233]]]]},"properties":{"id":"precisely-site-0dac1c5abc","src":"precisely","grp":"new","op":"","ref":"1/261652","locality":"RUTHERFORD, NSW","acres":"1.45","for_site":"site-0dac1c5abc"}},{"type":"Feature","geometry":{"type":"MultiPolygon","coordinates":[[[[-81.966786,27.957859],[-81.966753,27.957949],[-81.966633,27.958306],[-81.966519,27.958665],[-81.966413,27.959026],[-81.966339,27.959295],[-81.966307,27.9594],[-81.964739,27.959708],[-81.964365,27.958263],[-81.964766,27.958183],[-81.965148,27.958107],[-81.966786,27.957859]]]]},"properties":{"id":"precisely-site-107f221bd0","src":"precisely","grp":"new","op":"","ref":"232913000000023060","locality":"12105","acres":"8.01","for_site":"site-107f221bd0"}},{"type":"Feature","geometry":{"type":"MultiPolygon","coordinates":[[[[-87.464045,36.849784],[-87.462741,36.848904],[-87.465154,36.846813],[-87.466358,36.847708],[-87.464045,36.849784]]]]},"properties":{"id":"precisely-site-123a053b77","src":"precisely","grp":"new","op":"","ref":"226-00 01 009.00","locality":"21047","acres":"11.52","for_site":"site-123a053b77"}},{"type":"Feature","geometry":{"type":"MultiPolygon","coordinates":[[[[-123.030113,49.259783],[-123.030113,49.259855],[-123.030017,49.259854],[-123.029495,49.259853],[-123.02864,49.259849],[-123.029827,49.258936],[-123.030161,49.258679],[-123.030117,49.258988],[-123.030113,49.259783]]]]},"properties":{"id":"precisely-site-127c41c93a","src":"precisely","grp":"verify","op":"","ref":"C000PS15OS5C","locality":"Canada","acres":"1.7","for_site":"site-127c41c93a"}},{"type":"Feature","geometry":{"type":"MultiPolygon","coordinates":[[[[149.097008,-35.244463],[149.097763,-35.244835],[149.096676,-35.246323],[149.095809,-35.245896],[149.095725,-35.245857],[149.09564,-35.245821],[149.095477,-35.245574],[149.095673,-35.244718],[149.095868,-35.244597],[149.096013,-35.2446],[149.096157,-35.244598],[149.096302,-35.24459],[149.096446,-35.244577],[149.096589,-35.244557],[149.09673,-35.244531],[149.09687,-35.2445],[149.097008,-35.244463]]]]},"properties":{"id":"precisely-site-13154ee28c","src":"precisely","grp":"verify","op":"","ref":"BELC/BRUC/75/4","locality":"BRUCE, ACT","acres":"6.62","for_site":"site-13154ee28c"}},{"type":"Feature","geometry":{"type":"MultiPolygon","coordinates":[[[[-77.546477,39.055118],[-77.546664,39.055155],[-77.546009,39.056218],[-77.545975,39.056279],[-77.545948,39.056342],[-77.543115,39.055781],[-77.543003,39.055603],[-77.543362,39.054501],[-77.544826,39.054791],[-77.546477,39.055118]]]]},"properties":{"id":"precisely-site-13694f0698","src":"precisely","grp":"verify","op":"NOVA BUILDING 3 LLC","ref":"193281883000","locality":"51107","acres":"9.88","for_site":"site-13694f0698"}},{"type":"Feature","geometry":{"type":"MultiPolygon","coordinates":[[[[-73.830972,45.458811],[-73.831996,45.458288],[-73.833338,45.459599],[-73.832309,45.460119],[-73.830972,45.458811]]]]},"properties":{"id":"precisely-site-139bd6b05c","src":"precisely","grp":"verify","op":"","ref":"C000PS1AEOXA","locality":"Canada","acres":"4.39","for_site":"site-139bd6b05c"}},{"type":"Feature","geometry":{"type":"MultiPolygon","coordinates":[[[[147.305476,-42.82226],[147.304319,-42.822881],[147.303991,-42.822726],[147.303634,-42.822681],[147.303705,-42.822605],[147.30375,-42.822519],[147.303769,-42.822427],[147.303784,-42.822041],[147.30378,-42.822003],[147.303764,-42.821967],[147.303736,-42.821935],[147.30429,-42.8218],[147.304278,-42.821788],[147.303648,-42.821146],[147.303574,-42.82107],[147.303792,-42.820869],[147.305086,-42.821679],[147.305476,-42.82226]]]]},"properties":{"id":"precisely-site-13f33e5cd4","src":"precisely","grp":"verify","op":"","ref":"144400/1","locality":"DOWSING POINT, TAS","acres":"4.34","for_site":"site-13f33e5cd4"}},{"type":"Feature","geometry":{"type":"MultiPolygon","coordinates":[[[[-101.309221,35.022589],[-101.309169,35.016978],[-101.326935,35.016851],[-101.327053,35.031586],[-101.309306,35.031625],[-101.309221,35.022589]]]]},"properties":{"id":"precisely-site-142f87682c","src":"precisely","grp":"verify","op":"","ref":"3490","locality":"48011","acres":"652.67","for_site":"site-142f87682c"}},{"type":"Feature","geometry":{"type":"MultiPolygon","coordinates":[[[[-73.798867,45.474485],[-73.798262,45.473856],[-73.79972,45.47317],[-73.801177,45.474686],[-73.80185,45.475387],[-73.800395,45.476076],[-73.799728,45.475382],[-73.798867,45.474485]]]]},"properties":{"id":"precisely-site-144d89deb4","src":"precisely","grp":"verify","op":"","ref":"C000PS18TN6P","locality":"Canada","acres":"10.09","for_site":"site-144d89deb4"}},{"type":"Feature","geometry":{"type":"MultiPolygon","coordinates":[[[[-119.811448,39.522694],[-119.81146,39.522696],[-119.811471,39.5227],[-119.811482,39.522704],[-119.811491,39.52271],[-119.811499,39.522717],[-119.811505,39.522725],[-119.81151,39.522734],[-119.811672,39.523189],[-119.811675,39.523197],[-119.811675,39.523205],[-119.811674,39.523213],[-119.811672,39.523221],[-119.811668,39.523228],[-119.811662,39.523236],[-119.811655,39.523242],[-119.811647,39.523248],[-119.811638,39.523252],[-119.811629,39.523256],[-119.811618,39.523258],[-119.81156,39.523272],[-119.811529,39.523187],[-119.811172,39.523041],[-119.811085,39.523063],[-119.810891,39.522988],[-119.810842,39.522862],[-119.811412,39.522697],[-119.811424,39.522695],[-119.811436,39.522693],[-119.811448,39.522694]]]]},"properties":{"id":"precisely-site-14641e2114","src":"precisely","grp":"verify","op":"RENO 200 S VIRGINIA LLC","ref":"1117105","locality":"32031","acres":"0.57","for_site":"site-14641e2114"}},{"type":"Feature","geometry":{"type":"MultiPolygon","coordinates":[[[[-94.796059,31.194549],[-94.795913,31.194442],[-94.795237,31.193985],[-94.79514,31.193916],[-94.795047,31.193844],[-94.794959,31.193767],[-94.794874,31.193687],[-94.794589,31.193368],[-94.794525,31.193307],[-94.794641,31.193287],[-94.794791,31.19327],[-94.794942,31.193259],[-94.795094,31.193255],[-94.795245,31.193258],[-94.795986,31.193301],[-94.796452,31.19334],[-94.797424,31.193414],[-94.797616,31.193426],[-94.797465,31.195842],[-94.796468,31.194895],[-94.796337,31.194776],[-94.7962,31.19466],[-94.796059,31.194549]]]]},"properties":{"id":"precisely-site-15099c4d20","src":"precisely","grp":"verify","op":"GALAXY QUALIFIED OPPORTUNITY ZONE BUSINESS LLC","ref":"152050","locality":"48005","acres":"10","for_site":"site-15099c4d20"}},{"type":"Feature","geometry":{"type":"MultiPolygon","coordinates":[[[[-149.890157,61.20933],[-149.890295,61.20933],[-149.890294,61.209013],[-149.890294,61.208811],[-149.890294,61.208738],[-149.890293,61.208626],[-149.891286,61.208623],[-149.891289,61.208954],[-149.891289,61.208981],[-149.89129,61.209082],[-149.891294,61.209604],[-149.89016,61.209604],[-149.890157,61.20933]]]]},"properties":{"id":"precisely-site-1519cac542","src":"precisely","grp":"new","op":"","ref":"00215331000","locality":"02020","acres":"1.5","for_site":"site-1519cac542"}},{"type":"Feature","geometry":{"type":"MultiPolygon","coordinates":[[[[147.467389,-42.828932],[147.467541,-42.829414],[147.467721,-42.829984],[147.467924,-42.830628],[147.467212,-42.830761],[147.465783,-42.831031],[147.465309,-42.83113],[147.465305,-42.83112],[147.464476,-42.831322],[147.464514,-42.831265],[147.464593,-42.83115],[147.464439,-42.830808],[147.464882,-42.830473],[147.464386,-42.830118],[147.46486,-42.829797],[147.466439,-42.828651],[147.466957,-42.828206],[147.467118,-42.828071],[147.467389,-42.828932]]]]},"properties":{"id":"precisely-site-161f8e417b","src":"precisely","grp":"verify","op":"","ref":"145407/16","locality":"CAMBRIDGE, TAS","acres":"13.57","for_site":"site-161f8e417b"}},{"type":"Feature","geometry":{"type":"MultiPolygon","coordinates":[[[[-83.234964,42.467302],[-83.234621,42.467071],[-83.235366,42.466461],[-83.23571,42.466691],[-83.234964,42.467302]]]]},"properties":{"id":"precisely-site-165f31b4ab","src":"precisely","grp":"verify","op":"NORTHWESTERN COLO LLC","ref":"2426176001","locality":"26125","acres":"0.86","for_site":"site-165f31b4ab"}},{"type":"Feature","geometry":{"type":"MultiPolygon","coordinates":[[[[144.262145,-36.770634],[144.261919,-36.770754],[144.261764,-36.770565],[144.261989,-36.770445],[144.262145,-36.770634]]]]},"properties":{"id":"precisely-site-16ab809da8","src":"precisely","grp":"verify","op":"","ref":"5~38A\\PP3473A","locality":"GOLDEN SQUARE, VIC","acres":"0.15","for_site":"site-16ab809da8"}},{"type":"Feature","geometry":{"type":"MultiPolygon","coordinates":[[[[-63.144314,46.251431],[-63.143825,46.251592],[-63.143651,46.251321],[-63.143586,46.251341],[-63.14354,46.25127],[-63.143461,46.251294],[-63.143078,46.250699],[-63.14372,46.25049],[-63.143897,46.250751],[-63.144314,46.251431]]]]},"properties":{"id":"precisely-site-1793bed95e","src":"precisely","grp":"verify","op":"","ref":"C000PS16MM58","locality":"Canada","acres":"1.43","for_site":"site-1793bed95e"}},{"type":"Feature","geometry":{"type":"MultiPolygon","coordinates":[[[[-89.73761,30.287613],[-89.73728,30.287613],[-89.736951,30.287613],[-89.736946,30.286708],[-89.736964,30.286702],[-89.737275,30.286614],[-89.737604,30.286521],[-89.737609,30.287518],[-89.73761,30.287613]]]]},"properties":{"id":"precisely-site-17e09449c5","src":"precisely","grp":"new","op":"EDGECONNEX NEW ORLEANS HOLDINGS LLC","ref":"1231216104","locality":"22103","acres":"1.73","for_site":"site-17e09449c5"}},{"type":"Feature","geometry":{"type":"MultiPolygon","coordinates":[[[[-79.240193,43.820042],[-79.240262,43.820027],[-79.240514,43.820774],[-79.240544,43.820844],[-79.240475,43.820859],[-79.238706,43.821232],[-79.23869,43.821229],[-79.238674,43.821227],[-79.238655,43.821224],[-79.238637,43.82122],[-79.238619,43.821217],[-79.238601,43.821212],[-79.238584,43.821206],[-79.238567,43.8212],[-79.23855,43.821194],[-79.238534,43.821186],[-79.238518,43.821178],[-79.238503,43.82117],[-79.238489,43.821161],[-79.238475,43.821152],[-79.238462,43.821141],[-79.23845,43.821132],[-79.238438,43.821121],[-79.238427,43.82111],[-79.238417,43.821098],[-79.238408,43.821085],[-79.238399,43.821074],[-79.238392,43.821061],[-79.238385,43.821048],[-79.238379,43.821035],[-79.238148,43.820474],[-79.239203,43.820251],[-79.240193,43.820042]]]]},"properties":{"id":"precisely-site-183e78b4ee","src":"precisely","grp":"verify","op":"","ref":"C000PS185X21","locality":"Canada","acres":"4","for_site":"site-183e78b4ee"}},{"type":"Feature","geometry":{"type":"MultiPolygon","coordinates":[[[[144.746418,-37.820767],[144.746506,-37.820107],[144.74651,-37.82008],[144.746601,-37.819392],[144.747917,-37.819502],[144.749088,-37.819601],[144.749201,-37.81961],[144.749017,-37.820986],[144.746418,-37.820769],[144.746418,-37.820767]]]]},"properties":{"id":"precisely-site-18d360c025","src":"precisely","grp":"verify","op":"","ref":"8\\PS829025","locality":"TRUGANINA, VIC","acres":"8.73","for_site":"site-18d360c025"}},{"type":"Feature","geometry":{"type":"MultiPolygon","coordinates":[[[[-104.790643,41.065941],[-104.790513,41.065941],[-104.789025,41.065935],[-104.785852,41.065925],[-104.779478,41.065904],[-104.777405,41.065897],[-104.777483,41.058657],[-104.781182,41.058691],[-104.790554,41.058777],[-104.790756,41.058778],[-104.790756,41.058785],[-104.792673,41.058791],[-104.79318,41.058795],[-104.7931,41.065978],[-104.790656,41.065947],[-104.790656,41.065941],[-104.790643,41.065941]],[[-104.78196,41.065635],[-104.781969,41.064097],[-104.779489,41.064089],[-104.779479,41.065626],[-104.779479,41.06563],[-104.78196,41.065635]]]]},"properties":{"id":"precisely-site-18f7f85c2e","src":"precisely","grp":"verify","op":"","ref":"13662830200100","locality":"56021","acres":"251.78","for_site":"site-18f7f85c2e"}},{"type":"Feature","geometry":{"type":"MultiPolygon","coordinates":[[[[144.845895,-37.817385],[144.843089,-37.818177],[144.841564,-37.818589],[144.841359,-37.818121],[144.842679,-37.817764],[144.84315,-37.815279],[144.843478,-37.815318],[144.843676,-37.815531],[144.843631,-37.815769],[144.845558,-37.81598],[144.845891,-37.816043],[144.846223,-37.816082],[144.846445,-37.816137],[144.846549,-37.816276],[144.846537,-37.816482],[144.846458,-37.816894],[144.846248,-37.817189],[144.845895,-37.817385]]]]},"properties":{"id":"precisely-site-193fba94fc","src":"precisely","grp":"verify","op":"","ref":"S1\\PS831137","locality":"BROOKLYN, VIC","acres":"18.19","for_site":"site-193fba94fc"}},{"type":"Feature","geometry":{"type":"MultiPolygon","coordinates":[[[[-73.868661,45.446414],[-73.868001,45.445758],[-73.867799,45.445167],[-73.868489,45.444819],[-73.869212,45.444467],[-73.869438,45.444692],[-73.870887,45.446133],[-73.869207,45.446958],[-73.868661,45.446414]]]]},"properties":{"id":"precisely-site-19f6ad6704","src":"precisely","grp":"verify","op":"","ref":"C000PS1AAYJ4","locality":"Canada","acres":"8.78","for_site":"site-19f6ad6704"}},{"type":"Feature","geometry":{"type":"MultiPolygon","coordinates":[[[[138.602027,-34.926079],[138.602043,-34.926332],[138.60169,-34.926352],[138.601405,-34.926365],[138.601273,-34.926372],[138.601231,-34.925787],[138.601624,-34.925767],[138.601654,-34.926092],[138.602027,-34.926079]]]]},"properties":{"id":"precisely-site-1a2a81d12e","src":"precisely","grp":"verify","op":"","ref":"D13090AL2","locality":"ADELAIDE, SA","acres":"0.83","for_site":"site-1a2a81d12e"}},{"type":"Feature","geometry":{"type":"MultiPolygon","coordinates":[[[[151.073706,-33.845886],[151.07371,-33.845884],[151.073715,-33.845883],[151.07372,-33.845881],[151.073725,-33.84588],[151.073729,-33.845878],[151.073734,-33.845877],[151.073739,-33.845875],[151.073744,-33.845874],[151.073748,-33.845872],[151.073753,-33.845871],[151.073757,-33.845869],[151.073762,-33.845867],[151.073767,-33.845865],[151.073771,-33.845864],[151.073776,-33.845862],[151.073781,-33.84586],[151.073785,-33.845858],[151.07379,-33.845857],[151.073794,-33.845855],[151.073799,-33.845853],[151.073803,-33.845851],[151.073808,-33.845849],[151.073812,-33.845847],[151.073817,-33.845845],[151.073821,-33.845843],[151.073826,-33.845841],[151.07383,-33.845839],[151.073834,-33.845837],[151.073839,-33.845835],[151.073843,-33.845832],[151.073847,-33.84583],[151.073852,-33.845828],[151.073856,-33.845826],[151.07386,-33.845824],[151.073865,-33.845821],[151.073869,-33.845819],[151.073873,-33.845817],[151.073877,-33.845814],[151.073881,-33.845812],[151.073886,-33.84581],[151.07389,-33.845807],[151.073894,-33.845805],[151.073898,-33.845802],[151.073903,-33.8458],[151.073907,-33.845797],[151.073911,-33.845795],[151.073915,-33.845792],[151.073919,-33.84579],[151.073923,-33.845787],[151.073927,-33.845785],[151.073931,-33.845782],[151.073935,-33.845779],[151.073939,-33.845777],[151.073943,-33.845774],[151.073947,-33.845771],[151.073951,-33.845768],[151.073955,-33.845766],[151.073959,-33.845763],[151.073963,-33.84576],[151.073967,-33.845757],[151.073971,-33.845754],[151.073974,-33.845751],[151.073978,-33.845748],[151.073982,-33.845746],[151.073986,-33.845743],[151.073989,-33.84574],[151.073993,-33.845737],[151.073997,-33.845734],[151.074,-33.845731],[151.074004,-33.845728],[151.074008,-33.845725],[151.074011,-33.845722],[151.074014,-33.845719],[151.074018,-33.845716],[151.074021,-33.845713],[151.074025,-33.845709],[151.074028,-33.845706],[151.074031,-33.845703],[151.074035,-33.8457],[151.074038,-33.845697],[151.074041,-33.845694],[151.074045,-33.845691],[151.074048,-33.845688],[151.074051,-33.845685],[151.074054,-33.845681],[151.074057,-33.845678],[151.07406,-33.845675],[151.074063,-33.845671],[151.074067,-33.845668],[151.07407,-33.845665],[151.074073,-33.845661],[151.074076,-33.845658],[151.074079,-33.845654],[151.074082,-33.845651],[151.074085,-33.845647],[151.074088,-33.845644],[151.074091,-33.84564],[151.074094,-33.845637],[151.074097,-33.845633],[151.0741,-33.84563],[151.074102,-33.845626],[151.074105,-33.845623],[151.074108,-33.845619],[151.074111,-33.845615],[151.074113,-33.845612],[151.074116,-33.845608],[151.074119,-33.845604],[151.074121,-33.845601],[151.074124,-33.845597],[151.074126,-33.845593],[151.074129,-33.84559],[151.074132,-33.845586],[151.074134,-33.845582],[151.074137,-33.845578],[151.074139,-33.845575],[151.074142,-33.845571],[151.074144,-33.845567],[151.074146,-33.845563],[151.074149,-33.845559],[151.074151,-33.845555],[151.074153,-33.845552],[151.074156,-33.845548],[151.074158,-33.845544],[151.07416,-33.84554],[151.074162,-33.845536],[151.07445,-33.84502],[151.074404,-33.844938],[151.074381,-33.844927],[151.074057,-33.844778],[151.073881,-33.844697],[151.07369,-33.844716],[151.073113,-33.844936],[151.073643,-33.845905],[151.073706,-33.845886]]]]},"properties":{"id":"precisely-site-1a4e7d51c8","src":"precisely","grp":"verify","op":"","ref":"70/818981","locality":"SYDNEY OLYMPIC PARK, NSW","acres":"2.43","for_site":"site-1a4e7d51c8"}},{"type":"Feature","geometry":{"type":"MultiPolygon","coordinates":[[[[-79.343523,43.826234],[-79.343992,43.827319],[-79.34285,43.827579],[-79.342378,43.826494],[-79.342818,43.826394],[-79.343469,43.826246],[-79.343523,43.826234]]]]},"properties":{"id":"precisely-site-1a51695763","src":"precisely","grp":"verify","op":"","ref":"C000PS185J5B","locality":"Canada","acres":"3.01","for_site":"site-1a51695763"}},{"type":"Feature","geometry":{"type":"MultiPolygon","coordinates":[[[[-93.600641,33.664881],[-93.600641,33.664922],[-93.600174,33.664919],[-93.60018,33.6646],[-93.600602,33.664603],[-93.600604,33.66488],[-93.600641,33.664881]]]]},"properties":{"id":"precisely-site-1a531a56cb","src":"precisely","grp":"verify","op":"","ref":"700-04405-001","locality":"05057","acres":"0.35","for_site":"site-1a531a56cb"}},{"type":"Feature","geometry":{"type":"MultiPolygon","coordinates":[[[[-75.154466,39.95034],[-75.15447,39.950328],[-75.154492,39.95033],[-75.154505,39.950264],[-75.154602,39.949794],[-75.155384,39.94989],[-75.15521,39.950737],[-75.154737,39.950678],[-75.154791,39.950424],[-75.154466,39.950384],[-75.154476,39.950342],[-75.154466,39.95034]]]]},"properties":{"id":"precisely-site-1a60853236","src":"precisely","grp":"verify","op":"HCP 833 CHESTNUT LLC","ref":"883313600","locality":"42101","acres":"1.4","for_site":"site-1a60853236"}},{"type":"Feature","geometry":{"type":"MultiPolygon","coordinates":[[[[-106.655587,52.194005],[-106.655486,52.194036],[-106.655386,52.19407],[-106.655286,52.194103],[-106.654952,52.194213],[-106.654301,52.193499],[-106.654635,52.193384],[-106.654752,52.193345],[-106.65487,52.193307],[-106.654989,52.19327],[-106.655109,52.193234],[-106.655229,52.193198],[-106.655792,52.193944],[-106.655689,52.193974],[-106.655587,52.194005]]]]},"properties":{"id":"precisely-site-1b02e18914","src":"precisely","grp":"verify","op":"","ref":"C000PS1APQCF","locality":"Canada","acres":"1.54","for_site":"site-1b02e18914"}},{"type":"Feature","geometry":{"type":"MultiPolygon","coordinates":[[[[-74.546327,40.524424],[-74.546419,40.524069],[-74.546627,40.523771],[-74.546838,40.523476],[-74.547078,40.523137],[-74.547522,40.5225],[-74.548236,40.522624],[-74.549374,40.522822],[-74.549363,40.522959],[-74.549322,40.523455],[-74.549319,40.523493],[-74.54924,40.524442],[-74.549247,40.524933],[-74.548237,40.524767],[-74.546943,40.524553],[-74.546325,40.524453],[-74.546316,40.524483],[-74.545671,40.524372],[-74.544254,40.524131],[-74.544266,40.524081],[-74.545354,40.524262],[-74.546327,40.524424]]]]},"properties":{"id":"precisely-site-1c1f258092","src":"precisely","grp":"verify","op":"928 HOLDINGS LLC","ref":"1808_514_19.03","locality":"34035","acres":"12.39","for_site":"site-1c1f258092"}},{"type":"Feature","geometry":{"type":"MultiPolygon","coordinates":[[[[-73.520336,45.522426],[-73.520952,45.522375],[-73.520886,45.523116],[-73.520009,45.523078],[-73.520336,45.522426]]]]},"properties":{"id":"precisely-site-1c2b168674","src":"precisely","grp":"verify","op":"","ref":"C000PS18DEGP","locality":"Canada","acres":"1.11","for_site":"site-1c2b168674"}},{"type":"Feature","geometry":{"type":"MultiPolygon","coordinates":[[[[-81.236499,32.963834],[-81.23649,32.964226],[-81.236174,32.964225],[-81.236089,32.964225],[-81.235741,32.964223],[-81.235755,32.963829],[-81.235768,32.963445],[-81.236508,32.963452],[-81.236499,32.963834]]]]},"properties":{"id":"precisely-site-1ca179cb8d","src":"precisely","grp":"new","op":"","ref":"123-06-04-015","locality":"45005","acres":"1.48","for_site":"site-1ca179cb8d"}},{"type":"Feature","geometry":{"type":"MultiPolygon","coordinates":[[[[-73.770988,45.481139],[-73.770976,45.481145],[-73.770964,45.481151],[-73.770952,45.481156],[-73.770939,45.481162],[-73.770927,45.481167],[-73.770915,45.481173],[-73.770902,45.481178],[-73.77089,45.481183],[-73.770877,45.481188],[-73.770864,45.481194],[-73.770852,45.481199],[-73.770839,45.481204],[-73.770826,45.481209],[-73.770813,45.481213],[-73.770801,45.481219],[-73.770788,45.481224],[-73.770775,45.481228],[-73.770762,45.481233],[-73.770749,45.481238],[-73.770735,45.481242],[-73.770722,45.481247],[-73.770709,45.481251],[-73.770696,45.481255],[-73.770683,45.48126],[-73.770669,45.481264],[-73.770656,45.481268],[-73.770643,45.481272],[-73.770629,45.481276],[-73.770616,45.48128],[-73.770602,45.481284],[-73.770589,45.481288],[-73.770575,45.481292],[-73.770561,45.481295],[-73.770548,45.481299],[-73.770534,45.481303],[-73.77052,45.481306],[-73.770506,45.481309],[-73.770493,45.481313],[-73.770479,45.481316],[-73.770465,45.48132],[-73.770451,45.481323],[-73.770437,45.481326],[-73.770423,45.481329],[-73.770409,45.481332],[-73.770395,45.481334],[-73.770381,45.481337],[-73.770367,45.48134],[-73.770353,45.481343],[-73.770339,45.481345],[-73.770325,45.481348],[-73.770311,45.481351],[-73.770296,45.481353],[-73.770282,45.481356],[-73.770268,45.481358],[-73.770254,45.48136],[-73.770239,45.481362],[-73.770225,45.481365],[-73.770211,45.481367],[-73.770196,45.481368],[-73.76836,45.481615],[-73.768259,45.481576],[-73.768244,45.481523],[-73.76824,45.481511],[-73.768236,45.481498],[-73.768232,45.481486],[-73.768229,45.481473],[-73.768225,45.481461],[-73.76822,45.481449],[-73.768216,45.481436],[-73.768212,45.481424],[-73.768207,45.481412],[-73.768203,45.481399],[-73.768198,45.481387],[-73.768194,45.481375],[-73.768189,45.481362],[-73.768547,45.48108],[-73.770372,45.479637],[-73.772003,45.480659],[-73.770988,45.481139]]]]},"properties":{"id":"precisely-site-1ca6aa27d6","src":"precisely","grp":"verify","op":"","ref":"C000PS1AA9YI","locality":"Canada","acres":"7.71","for_site":"site-1ca6aa27d6"}},{"type":"Feature","geometry":{"type":"MultiPolygon","coordinates":[[[[-81.83529,28.293805],[-81.835522,28.294194],[-81.834588,28.294631],[-81.834441,28.294385],[-81.834152,28.2939],[-81.835087,28.293464],[-81.83529,28.293805]]]]},"properties":{"id":"precisely-site-1cc1e934e1","src":"precisely","grp":"verify","op":"AT & T WIRELESS SERVICES INC","ref":"252520000000043010","locality":"12105","acres":"2.34","for_site":"site-1cc1e934e1"}},{"type":"Feature","geometry":{"type":"MultiPolygon","coordinates":[[[[-119.831992,47.248434],[-119.83181,47.248433],[-119.83182,47.247627],[-119.829711,47.247635],[-119.829689,47.248445],[-119.822449,47.248473],[-119.822447,47.247198],[-119.820877,47.2472],[-119.820876,47.246812],[-119.820911,47.246812],[-119.820988,47.246812],[-119.826852,47.246841],[-119.826832,47.245104],[-119.826832,47.245102],[-119.826832,47.245096],[-119.827961,47.245096],[-119.828001,47.245096],[-119.828116,47.245096],[-119.831558,47.245095],[-119.831576,47.245095],[-119.831581,47.245095],[-119.831589,47.245097],[-119.831592,47.245098],[-119.831597,47.245099],[-119.831599,47.245099],[-119.831605,47.245101],[-119.831606,47.245101],[-119.831607,47.245102],[-119.831611,47.245102],[-119.831626,47.245107],[-119.831631,47.245107],[-119.831645,47.245112],[-119.831646,47.245112],[-119.831647,47.245113],[-119.831658,47.245116],[-119.831659,47.245116],[-119.831664,47.245118],[-119.831669,47.24512],[-119.831673,47.245121],[-119.831674,47.245121],[-119.831679,47.245123],[-119.831684,47.245125],[-119.831689,47.245127],[-119.831714,47.245136],[-119.83172,47.245138],[-119.831723,47.245139],[-119.831747,47.245149],[-119.831748,47.24515],[-119.831756,47.245153],[-119.831832,47.245195],[-119.831923,47.245272],[-119.831945,47.245297],[-119.831949,47.245303],[-119.831992,47.248434]]]]},"properties":{"id":"precisely-site-1d125162dc","src":"precisely","grp":"verify","op":"HYSCALE DATA CENTERS QUINCY LLC","ref":"313854000","locality":"53025","acres":"48.3","for_site":"site-1d125162dc"}},{"type":"Feature","geometry":{"type":"MultiPolygon","coordinates":[[[[115.896408,-31.860513],[115.895733,-31.860512],[115.895344,-31.860511],[115.895344,-31.859666],[115.895375,-31.859666],[115.896408,-31.859666],[115.896408,-31.860513]]]]},"properties":{"id":"precisely-site-1d23590585","src":"precisely","grp":"verify","op":"","ref":"2641/692","locality":"MALAGA, WA","acres":"2.34","for_site":"site-1d23590585"}},{"type":"Feature","geometry":{"type":"MultiPolygon","coordinates":[[[[-123.114451,49.287119],[-123.114351,49.28707],[-123.114253,49.287017],[-123.114159,49.286959],[-123.114067,49.286896],[-123.114039,49.286876],[-123.113939,49.286799],[-123.113877,49.28678],[-123.113814,49.286798],[-123.113867,49.286759],[-123.114112,49.286579],[-123.114253,49.286707],[-123.114224,49.286727],[-123.114294,49.28678],[-123.114409,49.286862],[-123.114532,49.286939],[-123.11465,49.286999],[-123.114776,49.287051],[-123.115152,49.287192],[-123.115434,49.287305],[-123.115459,49.287289],[-123.115581,49.287349],[-123.115725,49.287397],[-123.115717,49.287402],[-123.11577,49.287428],[-123.115827,49.287448],[-123.115907,49.287466],[-123.115949,49.287469],[-123.116085,49.287481],[-123.116157,49.287501],[-123.116207,49.287533],[-123.116026,49.287653],[-123.115533,49.287978],[-123.115429,49.28801],[-123.115315,49.288001],[-123.114407,49.287755],[-123.114752,49.287242],[-123.114553,49.287163],[-123.114451,49.287119]]]]},"properties":{"id":"precisely-site-1d3271ec70","src":"precisely","grp":"verify","op":"","ref":"C000PS15RKFE","locality":"Canada","acres":"2.22","for_site":"site-1d3271ec70"}},{"type":"Feature","geometry":{"type":"MultiPolygon","coordinates":[[[[-74.665282,40.315568],[-74.66684,40.314901],[-74.6687,40.313331],[-74.668793,40.313253],[-74.668897,40.313352],[-74.669629,40.312904],[-74.670282,40.313534],[-74.670412,40.313663],[-74.670543,40.31379],[-74.670674,40.313917],[-74.670807,40.314044],[-74.67094,40.31417],[-74.67214,40.315341],[-74.672103,40.315383],[-74.672003,40.315462],[-74.671943,40.315526],[-74.671871,40.315592],[-74.671804,40.315664],[-74.671759,40.315697],[-74.671692,40.315738],[-74.671669,40.315758],[-74.671573,40.315851],[-74.671517,40.315934],[-74.671507,40.315946],[-74.671426,40.315994],[-74.671242,40.316127],[-74.67116,40.316178],[-74.671103,40.316229],[-74.671061,40.316258],[-74.670982,40.316309],[-74.670917,40.316346],[-74.670862,40.316382],[-74.670821,40.316403],[-74.670738,40.316464],[-74.670681,40.316495],[-74.670614,40.316529],[-74.670558,40.316454],[-74.670335,40.31657],[-74.669361,40.317088],[-74.66906,40.317251],[-74.668459,40.317568],[-74.667653,40.317989],[-74.667393,40.31813],[-74.667238,40.31821],[-74.667084,40.318291],[-74.66693,40.318373],[-74.666778,40.318456],[-74.666689,40.318335],[-74.6666,40.318214],[-74.66651,40.318093],[-74.666418,40.317974],[-74.665646,40.316862],[-74.66536,40.31645],[-74.665791,40.316266],[-74.665574,40.315969],[-74.665282,40.315568]]]]},"properties":{"id":"precisely-site-1e100e7ad5","src":"precisely","grp":"verify","op":"","ref":"1113_7_61.021","locality":"34021","acres":"45.36","for_site":"site-1e100e7ad5"}},{"type":"Feature","geometry":{"type":"MultiPolygon","coordinates":[[[[-92.096293,46.795227],[-92.096561,46.795022],[-92.096694,46.79492],[-92.096828,46.794818],[-92.097244,46.795074],[-92.09711,46.795177],[-92.096977,46.795278],[-92.096442,46.795688],[-92.096309,46.79579],[-92.096175,46.795893],[-92.095759,46.795637],[-92.095893,46.795534],[-92.09616,46.79533],[-92.096293,46.795227]]]]},"properties":{"id":"precisely-site-1e8a53153f","src":"precisely","grp":"verify","op":"","ref":"010-1010-01830","locality":"27137","acres":"1.29","for_site":"site-1e8a53153f"}},{"type":"Feature","geometry":{"type":"MultiPolygon","coordinates":[[[[-113.957313,50.975565],[-113.957648,50.975565],[-113.957991,50.975603],[-113.958168,50.975735],[-113.958168,50.975769],[-113.958168,50.975878],[-113.958168,50.97606],[-113.958168,50.976588],[-113.958059,50.977075],[-113.957955,50.977546],[-113.957914,50.977665],[-113.957844,50.977784],[-113.957794,50.977846],[-113.957107,50.978222],[-113.9562,50.978649],[-113.955422,50.979073],[-113.95542,50.977848],[-113.95542,50.977667],[-113.955419,50.976062],[-113.955419,50.975976],[-113.955748,50.97588],[-113.955926,50.975816],[-113.957313,50.975565]]]]},"properties":{"id":"precisely-site-1ec8df708d","src":"precisely","grp":"verify","op":"","ref":"C000PS14N0XJ","locality":"Canada","acres":"13.84","for_site":"site-1ec8df708d"}},{"type":"Feature","geometry":{"type":"MultiPolygon","coordinates":[[[[-90.089691,32.600568],[-90.090267,32.599105],[-90.090824,32.598509],[-90.09138,32.597374],[-90.091422,32.596401],[-90.091173,32.595681],[-90.090147,32.594539],[-90.089503,32.59417],[-90.089611,32.594023],[-90.089837,32.593707],[-90.090582,32.592639],[-90.091333,32.59154],[-90.092107,32.590426],[-90.092218,32.590272],[-90.092336,32.590122],[-90.09246,32.589976],[-90.092591,32.589833],[-90.093709,32.589807],[-90.09435,32.590427],[-90.094411,32.590382],[-90.095022,32.590973],[-90.095119,32.591061],[-90.095221,32.591144],[-90.095328,32.591222],[-90.09544,32.591295],[-90.095557,32.591362],[-90.095678,32.591424],[-90.096782,32.591959],[-90.097872,32.592487],[-90.097883,32.593573],[-90.097892,32.594505],[-90.097915,32.596995],[-90.096525,32.597001],[-90.096508,32.603316],[-90.096508,32.603384],[-90.096474,32.603384],[-90.09607,32.60362],[-90.091016,32.603611],[-90.091016,32.603671],[-90.090815,32.603671],[-90.090682,32.603667],[-90.090549,32.603659],[-90.090416,32.603646],[-90.090285,32.603627],[-90.089758,32.603544],[-90.089749,32.60313],[-90.089697,32.600812],[-90.089691,32.600568]],[[-90.094669,32.593108],[-90.095692,32.59311],[-90.096713,32.593112],[-90.096716,32.592631],[-90.096717,32.59215],[-90.095694,32.592148],[-90.094671,32.592146],[-90.09467,32.592627],[-90.094669,32.593108]]]]},"properties":{"id":"precisely-site-1f515bce53","src":"precisely","grp":"verify","op":"","ref":"092H-28 -002/01.02","locality":"28089","acres":"214.05","for_site":"site-1f515bce53"}},{"type":"Feature","geometry":{"type":"MultiPolygon","coordinates":[[[[-70.807558,43.076604],[-70.807307,43.076297],[-70.807588,43.076174],[-70.807716,43.076118],[-70.807622,43.076002],[-70.807999,43.075836],[-70.808345,43.076259],[-70.807558,43.076604]]]]},"properties":{"id":"precisely-site-1f599095a7","src":"precisely","grp":"verify","op":"FIRSTLIGHT FIBER","ref":"0311-0002-0000","locality":"33015","acres":"0.87","for_site":"site-1f599095a7"}},{"type":"Feature","geometry":{"type":"MultiPolygon","coordinates":[[[[-82.726118,41.433403],[-82.725171,41.43337],[-82.724582,41.43335],[-82.724359,41.433345],[-82.72248,41.433308],[-82.721366,41.433286],[-82.721189,41.433283],[-82.721108,41.433282],[-82.719779,41.433274],[-82.719681,41.433273],[-82.718312,41.433249],[-82.717219,41.433225],[-82.717219,41.433222],[-82.717222,41.433119],[-82.717241,41.432528],[-82.716421,41.432513],[-82.716446,41.431763],[-82.715927,41.431746],[-82.715914,41.431744],[-82.715902,41.431742],[-82.715891,41.431737],[-82.715882,41.431732],[-82.715873,41.431725],[-82.715866,41.431717],[-82.715861,41.431709],[-82.715858,41.4317],[-82.715857,41.43169],[-82.715858,41.431681],[-82.715861,41.431672],[-82.715689,41.431627],[-82.715752,41.431493],[-82.716008,41.43095],[-82.716534,41.429832],[-82.716727,41.429423],[-82.716971,41.428906],[-82.716971,41.428905],[-82.717166,41.428491],[-82.717409,41.427974],[-82.717614,41.427539],[-82.717733,41.427286],[-82.717848,41.427288],[-82.717925,41.42729],[-82.719362,41.427321],[-82.720892,41.427354],[-82.722965,41.427399],[-82.724244,41.427426],[-82.724303,41.429007],[-82.727232,41.429064],[-82.727181,41.430446],[-82.726835,41.43044],[-82.726855,41.431121],[-82.726312,41.431894],[-82.727498,41.43186],[-82.726534,41.43333],[-82.726478,41.433415],[-82.726118,41.433403]]]]},"properties":{"id":"precisely-site-1fb24c5a14","src":"precisely","grp":"verify","op":"","ref":"32-01325.000","locality":"39043","acres":"129.68","for_site":"site-1fb24c5a14"}},{"type":"Feature","geometry":{"type":"MultiPolygon","coordinates":[[[[-93.05503,44.736842],[-93.055153,44.734315],[-93.055158,44.734209],[-93.055162,44.734102],[-93.055166,44.733995],[-93.05517,44.733887],[-93.055173,44.733781],[-93.055175,44.733674],[-93.055177,44.733567],[-93.055188,44.732951],[-93.058651,44.732957],[-93.058683,44.731045],[-93.070741,44.731065],[-93.070724,44.73649],[-93.070724,44.736513],[-93.070723,44.736535],[-93.070721,44.736559],[-93.070719,44.736582],[-93.070716,44.736605],[-93.070713,44.736628],[-93.070709,44.73665],[-93.070705,44.736673],[-93.0707,44.736697],[-93.070694,44.736719],[-93.070688,44.736742],[-93.070681,44.736765],[-93.070673,44.736787],[-93.070665,44.73681],[-93.070657,44.736832],[-93.070648,44.736853],[-93.070638,44.736876],[-93.070628,44.736898],[-93.070617,44.73692],[-93.070605,44.736941],[-93.070594,44.736963],[-93.070581,44.736984],[-93.070494,44.737129],[-93.07045,44.737115],[-93.06997,44.737914],[-93.069956,44.737937],[-93.069943,44.737959],[-93.069931,44.737983],[-93.069919,44.738006],[-93.069908,44.738029],[-93.069897,44.738053],[-93.069887,44.738077],[-93.069877,44.7381],[-93.069868,44.738125],[-93.06986,44.738149],[-93.069852,44.738173],[-93.069844,44.738197],[-93.069837,44.738221],[-93.069831,44.738246],[-93.069825,44.738271],[-93.06982,44.738295],[-93.069815,44.738319],[-93.069811,44.738344],[-93.069808,44.738369],[-93.069805,44.738394],[-93.069802,44.738418],[-93.069801,44.738443],[-93.0698,44.738468],[-93.069799,44.738493],[-93.069795,44.738751],[-93.056344,44.738704],[-93.056359,44.73788],[-93.055012,44.737876],[-93.05503,44.736842]]]]},"properties":{"id":"precisely-site-2008a3a352","src":"precisely","grp":"verify","op":"JIMNIST LLC","ref":"346467901010","locality":"27037","acres":"241.24","for_site":"site-2008a3a352"}},{"type":"Feature","geometry":{"type":"MultiPolygon","coordinates":[[[[150.685051,-33.76553],[150.683979,-33.765389],[150.683922,-33.765687],[150.684994,-33.765829],[150.685051,-33.76553]]]]},"properties":{"id":"precisely-site-20631c3520","src":"precisely","grp":"verify","op":"","ref":"65A/D/1687","locality":"JAMISONTOWN, NSW","acres":"0.83","for_site":"site-20631c3520"}},{"type":"Feature","geometry":{"type":"MultiPolygon","coordinates":[[[[-114.069111,51.046761],[-114.06922,51.046764],[-114.069328,51.046768],[-114.069437,51.046771],[-114.069545,51.046774],[-114.06952,51.04713],[-114.069411,51.047127],[-114.069303,51.047124],[-114.069194,51.047121],[-114.069086,51.047119],[-114.068977,51.047116],[-114.068869,51.047112],[-114.068894,51.046755],[-114.069003,51.046758],[-114.069111,51.046761]]]]},"properties":{"id":"precisely-site-211b4541ae","src":"precisely","grp":"verify","op":"","ref":"C000PS14P9W3","locality":"Canada","acres":"0.45","for_site":"site-211b4541ae"}},{"type":"Feature","geometry":{"type":"MultiPolygon","coordinates":[[[[151.132477,-33.785535],[151.132296,-33.785404],[151.132248,-33.785369],[151.131795,-33.785805],[151.131422,-33.785536],[151.131418,-33.785533],[151.131414,-33.785531],[151.131409,-33.785528],[151.131405,-33.785525],[151.131401,-33.785522],[151.131397,-33.78552],[151.131392,-33.785517],[151.131388,-33.785515],[151.131383,-33.785512],[151.131379,-33.78551],[151.131374,-33.785508],[151.13137,-33.785505],[151.131365,-33.785503],[151.13136,-33.785501],[151.131355,-33.785499],[151.131351,-33.785497],[151.131346,-33.785495],[151.131341,-33.785493],[151.131336,-33.785491],[151.131331,-33.78549],[151.131326,-33.785488],[151.131321,-33.785486],[151.131316,-33.785485],[151.131311,-33.785483],[151.131306,-33.785482],[151.131301,-33.785481],[151.131296,-33.785479],[151.131291,-33.785478],[151.131286,-33.785477],[151.13128,-33.785476],[151.131275,-33.785475],[151.13127,-33.785474],[151.131265,-33.785473],[151.131259,-33.785472],[151.131254,-33.785472],[151.131249,-33.785471],[151.131244,-33.78547],[151.131238,-33.78547],[151.131233,-33.785469],[151.131228,-33.785469],[151.131222,-33.785469],[151.131217,-33.785469],[151.131212,-33.785468],[151.131206,-33.785468],[151.131201,-33.785468],[151.131196,-33.785468],[151.13119,-33.785468],[151.131185,-33.785469],[151.13118,-33.785469],[151.131174,-33.785469],[151.131169,-33.78547],[151.131164,-33.78547],[151.131158,-33.785471],[151.131153,-33.785471],[151.131148,-33.785472],[151.131143,-33.785473],[151.131137,-33.785474],[151.131132,-33.785474],[151.131127,-33.785475],[151.131122,-33.785476],[151.131117,-33.785478],[151.131111,-33.785479],[151.131106,-33.78548],[151.131101,-33.785481],[151.131096,-33.785483],[151.131091,-33.785484],[151.131086,-33.785486],[151.131082,-33.785487],[151.131101,-33.785526],[151.131109,-33.785546],[151.131122,-33.785542],[151.131135,-33.785539],[151.131149,-33.785537],[151.131162,-33.785535],[151.131176,-33.785534],[151.131189,-33.785533],[151.131203,-33.785532],[151.131216,-33.785533],[151.131229,-33.785534],[151.131243,-33.785535],[151.131256,-33.785537],[151.131269,-33.78554],[151.131281,-33.785543],[151.131294,-33.785546],[151.131307,-33.78555],[151.131319,-33.785555],[151.131331,-33.78556],[151.131342,-33.785566],[151.131354,-33.785572],[151.131365,-33.785579],[151.131373,-33.785584],[151.131783,-33.78588],[151.131733,-33.785927],[151.131925,-33.786066],[151.132665,-33.786599],[151.133217,-33.78607],[151.132477,-33.785535]]]]},"properties":{"id":"precisely-site-21e9fda4f0","src":"precisely","grp":"new","op":"","ref":"15/1148612","locality":"MACQUARIE PARK, NSW","acres":"2.41","for_site":"site-21e9fda4f0"}},{"type":"Feature","geometry":{"type":"MultiPolygon","coordinates":[[[[-84.273348,34.060942],[-84.273403,34.060941],[-84.273458,34.060934],[-84.273511,34.060921],[-84.273562,34.060903],[-84.27361,34.060879],[-84.273653,34.060851],[-84.273692,34.060818],[-84.273726,34.060781],[-84.274131,34.060273],[-84.274185,34.060192],[-84.274234,34.060109],[-84.274238,34.060103],[-84.274243,34.060098],[-84.274249,34.060093],[-84.274255,34.06009],[-84.274262,34.060087],[-84.27427,34.060084],[-84.274278,34.060084],[-84.274314,34.060084],[-84.27435,34.060088],[-84.274385,34.060097],[-84.274516,34.060139],[-84.274598,34.060178],[-84.274677,34.060221],[-84.275074,34.060455],[-84.275379,34.060682],[-84.275452,34.060713],[-84.275546,34.06073],[-84.27516,34.061287],[-84.274893,34.061667],[-84.274657,34.062115],[-84.274567,34.062286],[-84.273043,34.06169],[-84.273081,34.060987],[-84.272588,34.06097],[-84.272476,34.060938],[-84.272483,34.060882],[-84.272601,34.060916],[-84.273348,34.060942]]]]},"properties":{"id":"precisely-site-21fba76db0","src":"precisely","grp":"verify","op":"CINGULAR WIRELESS LLC","ref":"12 298008510443","locality":"13121","acres":"7.93","for_site":"site-21fba76db0"}},{"type":"Feature","geometry":{"type":"MultiPolygon","coordinates":[[[[-118.113716,34.579676],[-118.114069,34.579674],[-118.114133,34.579694],[-118.11416,34.579746],[-118.114176,34.580293],[-118.113974,34.580294],[-118.113672,34.580296],[-118.113669,34.580115],[-118.113666,34.579941],[-118.113719,34.579941],[-118.113716,34.579676]]]]},"properties":{"id":"precisely-site-22450194c4","src":"precisely","grp":"verify","op":"","ref":"3008-036-809","locality":"06037","acres":"0.74","for_site":"site-22450194c4"}},{"type":"Feature","geometry":{"type":"MultiPolygon","coordinates":[[[[-123.395584,48.480999],[-123.395299,48.481514],[-123.395232,48.481481],[-123.395156,48.481458],[-123.393974,48.481176],[-123.394246,48.480684],[-123.395584,48.480999]]]]},"properties":{"id":"precisely-site-228fe81fb9","src":"precisely","grp":"verify","op":"","ref":"C000PS15MW8Q","locality":"Canada","acres":"1.52","for_site":"site-228fe81fb9"}},{"type":"Feature","geometry":{"type":"MultiPolygon","coordinates":[[[[115.916066,-32.060246],[115.91592,-32.060223],[115.915774,-32.060198],[115.915532,-32.060165],[115.915366,-32.060149],[115.9152,-32.06013],[115.915191,-32.06013],[115.915175,-32.060128],[115.915348,-32.059963],[115.915478,-32.059838],[115.916449,-32.058908],[115.916458,-32.058914],[115.916808,-32.05915],[115.916177,-32.060082],[115.916119,-32.060168],[115.91609,-32.060211],[115.916076,-32.060231],[115.916076,-32.060232],[115.916066,-32.060246]]]]},"properties":{"id":"precisely-site-22b1b0b2fb","src":"precisely","grp":"verify","op":"","ref":"2565/214","locality":"CANNING VALE, WA","acres":"2.33","for_site":"site-22b1b0b2fb"}},{"type":"Feature","geometry":{"type":"MultiPolygon","coordinates":[[[[-75.908475,42.100628],[-75.90842,42.100521],[-75.908827,42.100409],[-75.90889,42.100524],[-75.908949,42.100631],[-75.909067,42.100844],[-75.909117,42.100936],[-75.908935,42.100986],[-75.908695,42.101055],[-75.908657,42.100984],[-75.90863,42.100933],[-75.908581,42.100842],[-75.908475,42.100628]]]]},"properties":{"id":"precisely-site-23a9615c21","src":"precisely","grp":"verify","op":"70 HENRY STREET LLC","ref":"160.33-3-12","locality":"36007","acres":"0.57","for_site":"site-23a9615c21"}},{"type":"Feature","geometry":{"type":"MultiPolygon","coordinates":[[[[-85.887235,39.185576],[-85.887233,39.186014],[-85.887177,39.186015],[-85.887182,39.186968],[-85.886383,39.186985],[-85.88608,39.186854],[-85.885901,39.186857],[-85.886492,39.18603],[-85.886815,39.185577],[-85.887235,39.185576]]]]},"properties":{"id":"precisely-site-23ef4dc9c9","src":"precisely","grp":"verify","op":"PERMAWICK CORPORATION","ref":"03-96-32-210-000.201-005","locality":"18005","acres":"2.82","for_site":"site-23ef4dc9c9"}},{"type":"Feature","geometry":{"type":"MultiPolygon","coordinates":[[[[-83.780359,42.968235],[-83.78054,42.968922],[-83.780529,42.968924],[-83.780518,42.968925],[-83.780508,42.968926],[-83.780497,42.968928],[-83.780486,42.968929],[-83.780476,42.968931],[-83.780465,42.968933],[-83.780454,42.968934],[-83.780444,42.968936],[-83.780433,42.968937],[-83.780422,42.968939],[-83.780412,42.968941],[-83.780401,42.968943],[-83.780391,42.968944],[-83.780382,42.968946],[-83.780369,42.968948],[-83.780359,42.96895],[-83.780348,42.968952],[-83.780338,42.968954],[-83.780327,42.968956],[-83.780317,42.968958],[-83.780306,42.968959],[-83.780296,42.968962],[-83.780285,42.968964],[-83.780275,42.968966],[-83.780264,42.968968],[-83.780254,42.96897],[-83.780243,42.968972],[-83.780233,42.968974],[-83.780222,42.968976],[-83.780212,42.968979],[-83.780202,42.968981],[-83.780191,42.968983],[-83.780181,42.968986],[-83.78017,42.968988],[-83.78016,42.96899],[-83.78015,42.968993],[-83.780139,42.968995],[-83.780129,42.968998],[-83.780119,42.969],[-83.780108,42.969003],[-83.780098,42.969005],[-83.780088,42.969008],[-83.780078,42.96901],[-83.780067,42.969013],[-83.780057,42.969016],[-83.78004,42.96902],[-83.780008,42.969029],[-83.779053,42.969279],[-83.77894,42.969045],[-83.778741,42.968634],[-83.780359,42.968235]]]]},"properties":{"id":"precisely-site-243c5a5da3","src":"precisely","grp":"verify","op":"","ref":"07-32-526-003","locality":"26049","acres":"2.48","for_site":"site-243c5a5da3"}},{"type":"Feature","geometry":{"type":"MultiPolygon","coordinates":[[[[-119.858162,47.239053],[-119.858161,47.238525],[-119.858158,47.237402],[-119.863996,47.236861],[-119.864007,47.240996],[-119.864007,47.24116],[-119.859527,47.241314],[-119.859521,47.239954],[-119.857903,47.239953],[-119.8579,47.239121],[-119.858162,47.239119],[-119.858162,47.239053]]]]},"properties":{"id":"precisely-site-24c34b3d80","src":"precisely","grp":"verify","op":"","ref":"313675000","locality":"53025","acres":"46.7","for_site":"site-24c34b3d80"}},{"type":"Feature","geometry":{"type":"MultiPolygon","coordinates":[[[[-79.805868,41.265717],[-79.808327,41.265657],[-79.809972,41.265617],[-79.809971,41.265598],[-79.810143,41.265596],[-79.811553,41.26557],[-79.811876,41.265565],[-79.811877,41.265565],[-79.812333,41.265557],[-79.813421,41.265538],[-79.814839,41.265513],[-79.817207,41.265472],[-79.817582,41.270183],[-79.816993,41.270194],[-79.817023,41.2711],[-79.814402,41.271164],[-79.814432,41.271862],[-79.813741,41.272733],[-79.812816,41.272766],[-79.80813,41.27293],[-79.806117,41.273],[-79.806116,41.272983],[-79.80599,41.2693],[-79.805869,41.265762],[-79.805868,41.265717]]]]},"properties":{"id":"precisely-site-255848b7a2","src":"precisely","grp":"verify","op":"","ref":"27,001.-003..-000","locality":"42121","acres":"177.53","for_site":"site-255848b7a2"}},{"type":"Feature","geometry":{"type":"MultiPolygon","coordinates":[[[[-111.947089,40.799705],[-111.946784,40.799705],[-111.946784,40.799404],[-111.947089,40.799404],[-111.947089,40.799705]]]]},"properties":{"id":"precisely-site-25cad56da6","src":"precisely","grp":"new","op":"","ref":"08223550070000","locality":"49035","acres":"0.21","for_site":"site-25cad56da6"}},{"type":"Feature","geometry":{"type":"MultiPolygon","coordinates":[[[[-73.477203,45.564732],[-73.477252,45.564769],[-73.477981,45.565334],[-73.477563,45.565797],[-73.4769,45.565295],[-73.476173,45.565759],[-73.476243,45.565813],[-73.475619,45.566212],[-73.474499,45.565346],[-73.475839,45.56449],[-73.475812,45.56447],[-73.476148,45.564255],[-73.476389,45.564102],[-73.477203,45.564732]]]]},"properties":{"id":"precisely-site-25e1c25b3f","src":"precisely","grp":"verify","op":"","ref":"C000PS19YCAN","locality":"Canada","acres":"7.26","for_site":"site-25e1c25b3f"}},{"type":"Feature","geometry":{"type":"MultiPolygon","coordinates":[[[[-73.761793,45.484732],[-73.761786,45.484736],[-73.761779,45.484739],[-73.761773,45.484742],[-73.761766,45.484745],[-73.761759,45.484749],[-73.761752,45.484753],[-73.761746,45.484756],[-73.761739,45.484759],[-73.761732,45.484763],[-73.761726,45.484767],[-73.76172,45.48477],[-73.761713,45.484775],[-73.761707,45.484778],[-73.761701,45.484782],[-73.761694,45.484786],[-73.761688,45.48479],[-73.761682,45.484794],[-73.761676,45.484798],[-73.76167,45.484802],[-73.761664,45.484807],[-73.761658,45.484811],[-73.761652,45.484816],[-73.761646,45.48482],[-73.76164,45.484824],[-73.761634,45.48483],[-73.761628,45.484834],[-73.761622,45.484838],[-73.761617,45.484844],[-73.761611,45.484849],[-73.761606,45.484853],[-73.7616,45.484858],[-73.761595,45.484863],[-73.76159,45.484868],[-73.761584,45.484873],[-73.761579,45.484878],[-73.761574,45.484883],[-73.761569,45.484889],[-73.761564,45.484894],[-73.76156,45.484899],[-73.761555,45.484904],[-73.76155,45.48491],[-73.761546,45.484915],[-73.761542,45.48492],[-73.761537,45.484925],[-73.761533,45.484931],[-73.761529,45.484937],[-73.761525,45.484942],[-73.761521,45.484948],[-73.761517,45.484953],[-73.761513,45.484959],[-73.761509,45.484965],[-73.761506,45.48497],[-73.761502,45.484976],[-73.761499,45.484982],[-73.761495,45.484987],[-73.761492,45.484993],[-73.761489,45.484999],[-73.761486,45.485004],[-73.761483,45.485011],[-73.76148,45.485017],[-73.761477,45.485023],[-73.761475,45.485029],[-73.761472,45.485034],[-73.76147,45.48504],[-73.761467,45.485046],[-73.761465,45.485052],[-73.761463,45.485058],[-73.761461,45.485064],[-73.761459,45.485071],[-73.761457,45.485077],[-73.761455,45.485083],[-73.761453,45.485088],[-73.761452,45.485094],[-73.76145,45.485101],[-73.761449,45.485107],[-73.761447,45.485113],[-73.761446,45.485119],[-73.761445,45.485125],[-73.761444,45.485132],[-73.761443,45.485138],[-73.761442,45.485144],[-73.761442,45.48515],[-73.761441,45.485156],[-73.76144,45.485163],[-73.76144,45.485169],[-73.76144,45.485175],[-73.761439,45.485181],[-73.761439,45.485187],[-73.761439,45.485194],[-73.761439,45.4852],[-73.75753,45.485761],[-73.757097,45.485823],[-73.75706,45.485829],[-73.756496,45.483887],[-73.756373,45.483462],[-73.756178,45.482792],[-73.756201,45.482781],[-73.756223,45.48277],[-73.756246,45.482758],[-73.756269,45.482747],[-73.756292,45.482737],[-73.756315,45.482726],[-73.756338,45.482715],[-73.756361,45.482704],[-73.756384,45.482694],[-73.756407,45.482682],[-73.75643,45.482672],[-73.756454,45.482662],[-73.756477,45.482651],[-73.7565,45.48264],[-73.756524,45.48263],[-73.756547,45.48262],[-73.756549,45.482619],[-73.756552,45.482618],[-73.756554,45.482617],[-73.756556,45.482616],[-73.756558,45.482614],[-73.75656,45.482612],[-73.756562,45.482612],[-73.756564,45.48261],[-73.756565,45.482609],[-73.756567,45.482607],[-73.756569,45.482606],[-73.75657,45.482604],[-73.756572,45.482602],[-73.756573,45.482601],[-73.756574,45.482599],[-73.756576,45.482597],[-73.756577,45.482595],[-73.756578,45.482594],[-73.756579,45.482592],[-73.75658,45.48259],[-73.75658,45.482588],[-73.756581,45.482586],[-73.756582,45.482584],[-73.756582,45.482583],[-73.756582,45.482581],[-73.756583,45.482578],[-73.756583,45.482577],[-73.756583,45.482575],[-73.756583,45.482573],[-73.756583,45.482571],[-73.756583,45.482569],[-73.756582,45.482567],[-73.756582,45.482565],[-73.756581,45.482563],[-73.756564,45.482502],[-73.758554,45.482215],[-73.758969,45.481845],[-73.760599,45.481612],[-73.760903,45.481568],[-73.761247,45.482752],[-73.761251,45.482764],[-73.761822,45.48472],[-73.761815,45.484723],[-73.761807,45.484726],[-73.7618,45.484729],[-73.761793,45.484732]]]]},"properties":{"id":"precisely-site-2682c0c125","src":"precisely","grp":"verify","op":"","ref":"C000PS1AIMDO","locality":"Canada","acres":"36.58","for_site":"site-2682c0c125"}},{"type":"Feature","geometry":{"type":"MultiPolygon","coordinates":[[[[-123.112194,49.284381],[-123.112659,49.284682],[-123.11209,49.285059],[-123.112088,49.285059],[-123.111894,49.285188],[-123.11112,49.284687],[-123.111885,49.284181],[-123.112193,49.28438],[-123.112194,49.284381]]]]},"properties":{"id":"precisely-site-26aa563179","src":"precisely","grp":"verify","op":"","ref":"C000PS16ICOE","locality":"Canada","acres":"1.55","for_site":"site-26aa563179"}},{"type":"Feature","geometry":{"type":"MultiPolygon","coordinates":[[[[-79.748343,43.596301],[-79.748854,43.596446],[-79.74884,43.596472],[-79.749338,43.596639],[-79.749801,43.596795],[-79.750281,43.596957],[-79.750458,43.597007],[-79.749394,43.599002],[-79.749282,43.598936],[-79.749273,43.59893],[-79.749205,43.598888],[-79.749196,43.598882],[-79.749078,43.598805],[-79.748964,43.598725],[-79.74847,43.598367],[-79.74839,43.59831],[-79.747624,43.597754],[-79.747584,43.597725],[-79.747606,43.597683],[-79.748343,43.596301]]]]},"properties":{"id":"precisely-site-272ab12d8d","src":"precisely","grp":"verify","op":"","ref":"C000PS17OCAH","locality":"Canada","acres":"9.49","for_site":"site-272ab12d8d"}},{"type":"Feature","geometry":{"type":"MultiPolygon","coordinates":[[[[151.205458,-33.87494],[151.205495,-33.875236],[151.206364,-33.875414],[151.206411,-33.875257],[151.206434,-33.875179],[151.206496,-33.874972],[151.205701,-33.874807],[151.205695,-33.874932],[151.205675,-33.874932],[151.205458,-33.87494]]]]},"properties":{"id":"precisely-site-27fe34fa1d","src":"precisely","grp":"new","op":"","ref":"1/573250","locality":"SYDNEY, NSW","acres":"1.05","for_site":"site-27fe34fa1d"}},{"type":"Feature","geometry":{"type":"MultiPolygon","coordinates":[[[[-87.939018,42.669951],[-87.942153,42.669979],[-87.942153,42.66998],[-87.941609,42.670863],[-87.941074,42.671733],[-87.939589,42.67249],[-87.939636,42.674144],[-87.943942,42.674057],[-87.94393,42.67677],[-87.943985,42.680408],[-87.943995,42.681058],[-87.944035,42.683738],[-87.944036,42.683772],[-87.943292,42.683763],[-87.943292,42.683762],[-87.942661,42.683747],[-87.941488,42.683742],[-87.939142,42.683713],[-87.937152,42.68369],[-87.936329,42.68368],[-87.935505,42.68367],[-87.93462,42.68366],[-87.934248,42.683655],[-87.933876,42.683653],[-87.933376,42.683651],[-87.929275,42.683629],[-87.928308,42.683623],[-87.927788,42.683621],[-87.92724,42.683618],[-87.926756,42.683615],[-87.924303,42.683603],[-87.924303,42.683602],[-87.919353,42.683539],[-87.916403,42.683501],[-87.915148,42.683457],[-87.915042,42.683456],[-87.914726,42.683257],[-87.914725,42.68291],[-87.914727,42.68291],[-87.914723,42.681332],[-87.914723,42.681304],[-87.914722,42.680787],[-87.914719,42.679905],[-87.914712,42.677278],[-87.914718,42.676993],[-87.914733,42.676707],[-87.914756,42.676422],[-87.914786,42.676145],[-87.914823,42.675868],[-87.914869,42.675591],[-87.915106,42.674059],[-87.915218,42.67406],[-87.915336,42.674062],[-87.915339,42.674045],[-87.915348,42.673977],[-87.915358,42.673907],[-87.915359,42.673889],[-87.915406,42.673532],[-87.915418,42.673452],[-87.915211,42.67345],[-87.915288,42.672991],[-87.915346,42.672645],[-87.915408,42.672275],[-87.915471,42.671904],[-87.915533,42.671534],[-87.915598,42.67115],[-87.915838,42.669716],[-87.918846,42.669752],[-87.91885,42.669752],[-87.919472,42.669759],[-87.920959,42.669776],[-87.923572,42.669807],[-87.924194,42.669814],[-87.925017,42.669822],[-87.926337,42.669834],[-87.926932,42.669839],[-87.929563,42.669864],[-87.929632,42.669864],[-87.930117,42.669869],[-87.930583,42.669874],[-87.931037,42.669878],[-87.932405,42.66989],[-87.934076,42.669906],[-87.936352,42.669926],[-87.938174,42.669943],[-87.939018,42.669951]],[[-87.917436,42.67261],[-87.918033,42.672601],[-87.918156,42.672601],[-87.918154,42.671896],[-87.918142,42.671854],[-87.91812,42.671815],[-87.91809,42.671778],[-87.918052,42.671747],[-87.918007,42.67172],[-87.917957,42.671699],[-87.917903,42.671685],[-87.917846,42.671677],[-87.917438,42.671671],[-87.917434,42.671761],[-87.917436,42.67261]]]]},"properties":{"id":"precisely-site-284b5d6a1a","src":"precisely","grp":"verify","op":"","ref":"151032232013010","locality":"55101","acres":"864.6","for_site":"site-284b5d6a1a"}},{"type":"Feature","geometry":{"type":"MultiPolygon","coordinates":[[[[-114.06349,51.047371],[-114.063382,51.047368],[-114.063273,51.047365],[-114.063164,51.047361],[-114.063056,51.047358],[-114.063081,51.047002],[-114.063189,51.047005],[-114.063298,51.047009],[-114.063407,51.047012],[-114.063515,51.047014],[-114.063624,51.047017],[-114.0636,51.047355],[-114.063599,51.047374],[-114.06349,51.047371]]]]},"properties":{"id":"precisely-site-28d9aa72e2","src":"precisely","grp":"verify","op":"","ref":"C000PS14OYVM","locality":"Canada","acres":"0.37","for_site":"site-28d9aa72e2"}},{"type":"Feature","geometry":{"type":"MultiPolygon","coordinates":[[[[-79.320833,43.833876],[-79.320712,43.833913],[-79.319466,43.834198],[-79.319465,43.834196],[-79.319465,43.834194],[-79.319464,43.834191],[-79.319464,43.83419],[-79.319463,43.834188],[-79.319463,43.834186],[-79.319462,43.834183],[-79.319462,43.834181],[-79.319461,43.834179],[-79.31946,43.834177],[-79.31946,43.834174],[-79.319459,43.834173],[-79.319459,43.834171],[-79.319458,43.834169],[-79.319458,43.834166],[-79.319457,43.834164],[-79.319456,43.834162],[-79.319456,43.83416],[-79.319455,43.834158],[-79.319455,43.834156],[-79.319454,43.834154],[-79.319454,43.834152],[-79.319453,43.834149],[-79.319452,43.834147],[-79.319452,43.834145],[-79.319451,43.834143],[-79.319451,43.834141],[-79.31945,43.834138],[-79.319449,43.834137],[-79.319449,43.834135],[-79.319448,43.834132],[-79.319448,43.83413],[-79.319447,43.834128],[-79.319446,43.834126],[-79.319446,43.834124],[-79.319445,43.834121],[-79.319444,43.83412],[-79.319444,43.834118],[-79.319443,43.834115],[-79.319443,43.834114],[-79.319442,43.834111],[-79.319441,43.834109],[-79.319441,43.834107],[-79.31944,43.834105],[-79.319439,43.834103],[-79.319439,43.834101],[-79.319438,43.834098],[-79.319438,43.834097],[-79.319437,43.834095],[-79.319436,43.834092],[-79.319436,43.83409],[-79.319435,43.834088],[-79.319434,43.834086],[-79.319434,43.834084],[-79.319433,43.834082],[-79.319432,43.83408],[-79.319432,43.834078],[-79.319431,43.834076],[-79.31943,43.834073],[-79.31943,43.834072],[-79.319429,43.83407],[-79.319428,43.834067],[-79.319428,43.834065],[-79.319427,43.834063],[-79.319426,43.834061],[-79.319426,43.834059],[-79.319425,43.834057],[-79.319424,43.834055],[-79.319424,43.834053],[-79.319423,43.834051],[-79.319422,43.834049],[-79.319422,43.834047],[-79.319421,43.834045],[-79.31942,43.834042],[-79.31942,43.83404],[-79.319419,43.834038],[-79.319418,43.834036],[-79.319418,43.834034],[-79.319417,43.834032],[-79.319416,43.83403],[-79.319415,43.834028],[-79.319415,43.834025],[-79.319414,43.834024],[-79.319413,43.834022],[-79.319413,43.83402],[-79.319412,43.834017],[-79.319411,43.834016],[-79.319411,43.834014],[-79.31941,43.834011],[-79.319409,43.834009],[-79.319408,43.834007],[-79.319408,43.834005],[-79.319407,43.834003],[-79.319406,43.834001],[-79.319405,43.833999],[-79.319405,43.833997],[-79.319404,43.833995],[-79.319059,43.833025],[-79.319183,43.832863],[-79.320291,43.832607],[-79.320684,43.832517],[-79.320903,43.832462],[-79.321115,43.832396],[-79.321321,43.832319],[-79.322197,43.833451],[-79.322117,43.83349],[-79.320944,43.833843],[-79.320833,43.833876]]]]},"properties":{"id":"precisely-site-2932397117","src":"precisely","grp":"verify","op":"","ref":"C000PS1805M9","locality":"Canada","acres":"7.77","for_site":"site-2932397117"}},{"type":"Feature","geometry":{"type":"MultiPolygon","coordinates":[[[[130.843924,-12.456094],[130.844187,-12.456253],[130.843915,-12.456524],[130.843857,-12.456467],[130.84371,-12.456467],[130.843709,-12.45637],[130.843677,-12.456339],[130.843924,-12.456094]]]]},"properties":{"id":"precisely-site-294c007fef","src":"precisely","grp":"verify","op":"","ref":"9702 200-Town of Darwin LTO2014/074","locality":"DARWIN CITY, NT","acres":"0.35","for_site":"site-294c007fef"}},{"type":"Feature","geometry":{"type":"MultiPolygon","coordinates":[[[[144.882918,-37.833876],[144.882781,-37.83386],[144.882643,-37.833845],[144.882569,-37.834135],[144.882308,-37.834107],[144.88227,-37.834009],[144.882158,-37.833724],[144.882102,-37.833582],[144.882034,-37.833438],[144.882034,-37.833438],[144.882015,-37.833302],[144.881997,-37.833166],[144.881979,-37.83303],[144.88196,-37.832892],[144.882406,-37.83294],[144.882387,-37.832804],[144.881941,-37.832756],[144.881956,-37.832704],[144.881951,-37.832669],[144.881993,-37.832626],[144.881993,-37.832625],[144.882004,-37.832617],[144.882015,-37.832608],[144.882027,-37.8326],[144.88204,-37.832592],[144.882052,-37.832585],[144.882066,-37.832579],[144.88208,-37.832573],[144.882094,-37.832567],[144.882127,-37.832556],[144.882161,-37.832543],[144.882194,-37.83253],[144.882226,-37.832517],[144.882258,-37.832503],[144.882289,-37.832488],[144.88229,-37.832488],[144.882321,-37.832473],[144.882341,-37.832463],[144.882352,-37.832457],[144.882383,-37.832441],[144.882413,-37.832424],[144.882442,-37.832407],[144.882472,-37.832389],[144.882487,-37.832378],[144.882503,-37.832367],[144.88252,-37.832357],[144.882538,-37.832348],[144.882555,-37.832339],[144.882574,-37.832331],[144.882592,-37.832323],[144.882611,-37.832316],[144.882631,-37.83231],[144.88265,-37.832304],[144.88267,-37.832299],[144.88269,-37.832295],[144.882711,-37.832291],[144.882731,-37.832288],[144.882752,-37.832285],[144.882773,-37.832284],[144.882794,-37.832282],[144.882815,-37.832282],[144.882836,-37.832282],[144.882857,-37.832283],[144.88324,-37.83231],[144.883618,-37.832349],[144.883594,-37.832444],[144.883484,-37.832872],[144.883338,-37.833397],[144.883217,-37.833907],[144.883193,-37.833905],[144.883055,-37.833891],[144.882918,-37.833876]]]]},"properties":{"id":"precisely-site-2a08c4f1d4","src":"precisely","grp":"new","op":"","ref":"1\\PS630841","locality":"SPOTSWOOD, VIC","acres":"5.1","for_site":"site-2a08c4f1d4"}},{"type":"Feature","geometry":{"type":"MultiPolygon","coordinates":[[[[-145.781326,64.109816],[-145.781339,64.113425],[-145.789197,64.113426],[-145.789224,64.120094],[-145.797481,64.120094],[-145.797513,64.127311],[-145.805773,64.127311],[-145.805805,64.13453],[-145.814067,64.134529],[-145.814084,64.138139],[-145.818216,64.138139],[-145.818225,64.139943],[-145.822357,64.139943],[-145.822359,64.140502],[-145.822758,64.140503],[-145.822763,64.141404],[-145.822365,64.141404],[-145.822366,64.141747],[-145.818539,64.141747],[-145.819766,64.142305],[-145.819462,64.142305],[-145.819246,64.142305],[-145.819038,64.142302],[-145.818458,64.142305],[-145.817233,64.141747],[-145.814102,64.141747],[-145.814105,64.142305],[-145.812374,64.142305],[-145.810371,64.142305],[-145.809891,64.142305],[-145.808911,64.142305],[-145.80793,64.142305],[-145.80695,64.142305],[-145.806553,64.142305],[-145.80624,64.142305],[-145.805927,64.142305],[-145.802071,64.142306],[-145.800012,64.142306],[-145.797978,64.142306],[-145.796046,64.142306],[-145.795262,64.142306],[-145.794104,64.142306],[-145.793847,64.142306],[-145.793847,64.142443],[-145.793847,64.14249],[-145.793851,64.144105],[-145.797319,64.144105],[-145.797983,64.144105],[-145.797984,64.144477],[-145.79799,64.145771],[-145.79799,64.14591],[-145.793858,64.14591],[-145.789726,64.14591],[-145.789726,64.145771],[-145.789719,64.144105],[-145.785588,64.144105],[-145.781459,64.144103],[-145.781454,64.142489],[-145.781454,64.142443],[-145.781453,64.142305],[-145.781446,64.140501],[-145.78144,64.138696],[-145.781434,64.136892],[-145.781427,64.135216],[-145.781427,64.135087],[-145.781427,64.134951],[-145.781424,64.134268],[-145.781422,64.133811],[-145.781421,64.13335],[-145.78142,64.133282],[-145.780794,64.133282],[-145.780606,64.133283],[-145.780512,64.133283],[-145.77973,64.133283],[-145.777991,64.133284],[-145.777286,64.133284],[-145.777286,64.133146],[-145.777285,64.132888],[-145.777282,64.13186],[-145.77728,64.13148],[-145.776627,64.13148],[-145.774771,64.13148],[-145.773149,64.13148],[-145.773147,64.130569],[-145.773144,64.129675],[-145.773143,64.129455],[-145.773143,64.128999],[-145.773141,64.12805],[-145.773141,64.128003],[-145.773141,64.127866],[-145.771487,64.127867],[-145.770792,64.127867],[-145.769011,64.127867],[-145.769002,64.126152],[-145.769001,64.126064],[-145.768999,64.125487],[-145.768995,64.124259],[-145.768988,64.122454],[-145.768984,64.121377],[-145.768981,64.120731],[-145.768981,64.12065],[-145.768225,64.12065],[-145.764852,64.12065],[-145.76398,64.12065],[-145.763294,64.12065],[-145.761349,64.12065],[-145.760723,64.12065],[-145.756594,64.12065],[-145.752466,64.12065],[-145.75246,64.118845],[-145.752455,64.117041],[-145.75245,64.115236],[-145.752447,64.11361],[-145.752447,64.113564],[-145.752447,64.113427],[-145.748633,64.113427],[-145.748319,64.113427],[-145.748316,64.111622],[-145.748311,64.109817],[-145.747686,64.109817],[-145.747498,64.109817],[-145.744182,64.109819],[-145.744177,64.108014],[-145.744173,64.106208],[-145.74629,64.106208],[-145.747491,64.106208],[-145.747679,64.106208],[-145.748304,64.106198],[-145.748302,64.105525],[-145.748296,64.102599],[-145.748294,64.102049],[-145.756143,64.10205],[-145.756133,64.098441],[-145.756113,64.091223],[-145.748265,64.091223],[-145.748267,64.091778],[-145.74827,64.09268],[-145.748272,64.093583],[-145.748275,64.094485],[-145.748277,64.095387],[-145.748278,64.095576],[-145.74828,64.096278],[-145.748281,64.096958],[-145.748282,64.097192],[-145.748284,64.097648],[-145.748285,64.098094],[-145.748288,64.098997],[-145.746224,64.098997],[-145.745646,64.098997],[-145.744162,64.098997],[-145.741426,64.098997],[-145.740737,64.098997],[-145.740035,64.098997],[-145.738776,64.098997],[-145.737972,64.098997],[-145.735909,64.098997],[-145.731783,64.098997],[-145.731778,64.098097],[-145.731776,64.097194],[-145.731775,64.096292],[-145.731773,64.095389],[-145.731771,64.094487],[-145.731769,64.093585],[-145.731768,64.092682],[-145.731767,64.092266],[-145.731766,64.09178],[-145.731764,64.090878],[-145.731764,64.090533],[-145.731763,64.089975],[-145.731762,64.089882],[-145.731761,64.089073],[-145.73176,64.088171],[-145.731758,64.087268],[-145.731756,64.086367],[-145.731755,64.085657],[-145.731754,64.085464],[-145.731756,64.08452],[-145.735919,64.08452],[-145.736982,64.08452],[-145.740944,64.08452],[-145.741613,64.08452],[-145.741947,64.08452],[-145.742282,64.08452],[-145.742954,64.08452],[-145.745265,64.08452],[-145.74825,64.084519],[-145.748235,64.083615],[-145.752525,64.083617],[-145.753068,64.084516],[-145.754039,64.084516],[-145.755009,64.084516],[-145.754467,64.083618],[-145.753926,64.082719],[-145.752954,64.082718],[-145.752519,64.081994],[-145.753491,64.081994],[-145.753332,64.08173],[-145.753172,64.081465],[-145.752847,64.080925],[-145.752773,64.080803],[-145.751802,64.080805],[-145.751563,64.080409],[-145.751325,64.080013],[-145.751165,64.079748],[-145.752139,64.079748],[-145.751017,64.077884],[-145.750046,64.07789],[-145.750233,64.0782],[-145.74926,64.078205],[-145.749807,64.079113],[-145.75035,64.080013],[-145.750894,64.080914],[-145.751419,64.081814],[-145.748224,64.081814],[-145.748241,64.08095],[-145.747838,64.08095],[-145.747838,64.080914],[-145.748187,64.080914],[-145.748178,64.080013],[-145.748169,64.079113],[-145.74816,64.078213],[-145.748151,64.077312],[-145.747829,64.077312],[-145.746103,64.077312],[-145.744039,64.077312],[-145.744034,64.076787],[-145.745767,64.076787],[-145.745763,64.074982],[-145.744018,64.074982],[-145.744014,64.07461],[-145.7471,64.07461],[-145.747822,64.074611],[-145.748071,64.074611],[-145.747821,64.074193],[-145.747532,64.07371],[-145.74782,64.07371],[-145.748115,64.073701],[-145.748108,64.073049],[-145.748105,64.072796],[-145.748096,64.07191],[-145.748078,64.070109],[-145.746522,64.070108],[-145.746346,64.070108],[-145.745377,64.070107],[-145.74451,64.070107],[-145.744495,64.070082],[-145.744447,64.069999],[-145.744419,64.069953],[-145.744194,64.069577],[-145.742345,64.066473],[-145.739962,64.066473],[-145.739968,64.069576],[-145.739568,64.069569],[-145.73956,64.065961],[-145.731318,64.065961],[-145.73131,64.062351],[-145.731305,64.059256],[-145.723468,64.059255],[-145.723459,64.055739],[-145.723458,64.055646],[-145.727573,64.055646],[-145.730934,64.055646],[-145.731702,64.055646],[-145.731705,64.057445],[-145.731708,64.059256],[-145.733827,64.059256],[-145.733712,64.059125],[-145.733642,64.059033],[-145.733557,64.058892],[-145.733519,64.05881],[-145.733474,64.058691],[-145.733449,64.058588],[-145.733434,64.058448],[-145.733437,64.05833],[-145.733449,64.058241],[-145.733466,64.058168],[-145.733495,64.058074],[-145.733529,64.057991],[-145.73378,64.057443],[-145.734611,64.055646],[-145.735602,64.055646],[-145.735692,64.055443],[-145.736405,64.053841],[-145.736763,64.053036],[-145.737185,64.05209],[-145.737209,64.052037],[-145.736714,64.052038],[-145.736574,64.052037],[-145.736273,64.052037],[-145.736293,64.051992],[-145.736366,64.051829],[-145.731692,64.051049],[-145.729314,64.050652],[-145.720826,64.049236],[-145.716899,64.04858],[-145.715213,64.048299],[-145.714501,64.04818],[-145.714499,64.04794],[-145.716483,64.048267],[-145.715885,64.047268],[-145.715726,64.046965],[-145.71562,64.046645],[-145.71552,64.045761],[-145.715501,64.045659],[-145.715469,64.045559],[-145.715422,64.045459],[-145.715362,64.045361],[-145.715293,64.045272],[-145.715214,64.045184],[-145.715125,64.045098],[-145.715024,64.045015],[-145.714914,64.044935],[-145.714481,64.044638],[-145.706982,64.044645],[-145.708862,64.046658],[-145.709472,64.047339],[-145.709266,64.047305],[-145.71039,64.048589],[-145.711069,64.049365],[-145.711255,64.049578],[-145.715221,64.054118],[-145.716565,64.055646],[-145.716649,64.055742],[-145.719724,64.059261],[-145.715228,64.059265],[-145.715127,64.059265],[-145.714825,64.059254],[-145.707474,64.059255],[-145.707334,64.059255],[-145.707122,64.059255],[-145.706988,64.059255],[-145.702357,64.059256],[-145.701687,64.059256],[-145.701231,64.059256],[-145.69875,64.059256],[-145.698749,64.058742],[-145.698744,64.055646],[-145.698743,64.053457],[-145.69874,64.050744],[-145.698738,64.048429],[-145.698747,64.04121],[-145.701809,64.04121],[-145.705708,64.04121],[-145.705945,64.04121],[-145.706584,64.04121],[-145.707234,64.039954],[-145.707275,64.039874],[-145.70845,64.037602],[-145.710316,64.033993],[-145.710636,64.033993],[-145.710956,64.033993],[-145.709107,64.03757],[-145.70909,64.037603],[-145.709312,64.037602],[-145.709729,64.037602],[-145.709954,64.037602],[-145.710257,64.037602],[-145.71067,64.037602],[-145.711084,64.037602],[-145.715073,64.037601],[-145.715198,64.037601],[-145.715198,64.037547],[-145.715196,64.035797],[-145.715196,64.035197],[-145.715194,64.034155],[-145.715194,64.033991],[-145.715194,64.033945],[-145.715193,64.033675],[-145.715193,64.033234],[-145.715193,64.033194],[-145.713032,64.032621],[-145.7126,64.032507],[-145.712474,64.032473],[-145.712053,64.032363],[-145.711779,64.03229],[-145.711506,64.032218],[-145.711393,64.032187],[-145.711078,64.032104],[-145.710959,64.032073],[-145.710087,64.031842],[-145.707399,64.03113],[-145.706958,64.031013],[-145.706958,64.030806],[-145.706958,64.030576],[-145.707542,64.03073],[-145.710462,64.031504],[-145.710876,64.031133],[-145.711327,64.031252],[-145.711539,64.031308],[-145.711844,64.031389],[-145.712487,64.030925],[-145.711958,64.03078],[-145.711689,64.030709],[-145.71145,64.030646],[-145.710803,64.031113],[-145.710718,64.03109],[-145.710265,64.03097],[-145.710927,64.030508],[-145.710383,64.030363],[-145.709834,64.030218],[-145.709298,64.030076],[-145.708641,64.030541],[-145.708073,64.03039],[-145.708995,64.029715],[-145.711072,64.029554],[-145.711936,64.029487],[-145.712625,64.028578],[-145.713995,64.026773],[-145.714466,64.026773],[-145.714981,64.026773],[-145.715185,64.026773],[-145.715638,64.026773],[-145.715966,64.026773],[-145.716295,64.026773],[-145.716953,64.026773],[-145.717938,64.026773],[-145.717532,64.027309],[-145.717324,64.027584],[-145.716569,64.028578],[-145.716212,64.029048],[-145.716115,64.029177],[-145.716969,64.029119],[-145.719304,64.028935],[-145.7222,64.028706],[-145.723419,64.02861],[-145.723687,64.028588],[-145.724499,64.02851],[-145.725944,64.028405],[-145.725885,64.028379],[-145.725816,64.028348],[-145.725756,64.02832],[-145.725712,64.0283],[-145.725665,64.028277],[-145.725612,64.028251],[-145.725568,64.02823],[-145.725522,64.028207],[-145.725447,64.028169],[-145.725384,64.028136],[-145.725335,64.02811],[-145.725284,64.028082],[-145.725213,64.028043],[-145.725151,64.028008],[-145.725093,64.027971],[-145.725035,64.027935],[-145.72498,64.027904],[-145.724933,64.027875],[-145.724879,64.027841],[-145.724837,64.027814],[-145.724796,64.027788],[-145.724748,64.027757],[-145.724705,64.027729],[-145.724665,64.027701],[-145.724617,64.027668],[-145.72458,64.027643],[-145.72454,64.027614],[-145.724493,64.02758],[-145.724463,64.027558],[-145.724428,64.027534],[-145.724387,64.027501],[-145.724347,64.027461],[-145.724304,64.027425],[-145.724278,64.027402],[-145.724249,64.027378],[-145.72421,64.027344],[-145.724177,64.027315],[-145.724149,64.027289],[-145.724113,64.027255],[-145.724077,64.027221],[-145.724048,64.027192],[-145.724022,64.027165],[-145.723995,64.027139],[-145.723972,64.027114],[-145.72395,64.027091],[-145.723925,64.027064],[-145.723904,64.027041],[-145.723872,64.027005],[-145.723835,64.026962],[-145.723801,64.026923],[-145.723773,64.026884],[-145.723742,64.026849],[-145.723713,64.026808],[-145.723688,64.026769],[-145.723663,64.026732],[-145.723637,64.026692],[-145.723609,64.026648],[-145.72359,64.026617],[-145.723575,64.026591],[-145.72356,64.026563],[-145.723545,64.026537],[-145.723529,64.026505],[-145.723509,64.026462],[-145.723443,64.026306],[-145.72343,64.026269],[-145.723419,64.026236],[-145.72341,64.026204],[-145.723355,64.025926],[-145.723348,64.025817],[-145.723348,64.025784],[-145.723348,64.025751],[-145.723349,64.025718],[-145.72335,64.02569],[-145.723352,64.025657],[-145.723355,64.025625],[-145.723359,64.025587],[-145.723366,64.025543],[-145.723373,64.025505],[-145.72338,64.025466],[-145.72339,64.025425],[-145.725241,64.025426],[-145.725232,64.025465],[-145.725225,64.025504],[-145.725221,64.025537],[-145.725217,64.025569],[-145.725214,64.025607],[-145.725211,64.025645],[-145.72521,64.025684],[-145.725209,64.025718],[-145.725203,64.025787],[-145.725208,64.025826],[-145.725214,64.025859],[-145.725221,64.025897],[-145.725227,64.02593],[-145.725233,64.025958],[-145.72524,64.025984],[-145.725248,64.026019],[-145.725258,64.026062],[-145.725266,64.026096],[-145.725305,64.026208],[-145.725319,64.026241],[-145.72533,64.026268],[-145.725344,64.026294],[-145.72536,64.026326],[-145.725381,64.026364],[-145.725402,64.0264],[-145.725419,64.026427],[-145.725436,64.026454],[-145.725458,64.026485],[-145.72548,64.026517],[-145.725505,64.026547],[-145.725525,64.026573],[-145.725547,64.026598],[-145.725573,64.026629],[-145.725605,64.026664],[-145.725634,64.026696],[-145.725664,64.026725],[-145.725707,64.026766],[-145.725764,64.026818],[-145.726752,64.026821],[-145.726963,64.026774],[-145.727026,64.026742],[-145.726989,64.026708],[-145.726962,64.026683],[-145.726937,64.026658],[-145.726907,64.026628],[-145.726878,64.026598],[-145.726847,64.026562],[-145.726815,64.026526],[-145.726786,64.026489],[-145.726759,64.026454],[-145.72674,64.026428],[-145.726721,64.026401],[-145.7267,64.02637],[-145.726683,64.026343],[-145.726664,64.026312],[-145.726641,64.02627],[-145.726618,64.026223],[-145.726597,64.026179],[-145.72658,64.026135],[-145.726568,64.026103],[-145.726557,64.026071],[-145.726546,64.026033],[-145.726539,64.026006],[-145.726532,64.025978],[-145.726525,64.025939],[-145.72652,64.025908],[-145.726515,64.025875],[-145.726512,64.025837],[-145.726511,64.025809],[-145.72651,64.025776],[-145.72651,64.025743],[-145.726512,64.025716],[-145.726513,64.025686],[-145.726517,64.025651],[-145.726522,64.025617],[-145.726527,64.025585],[-145.726535,64.025547],[-145.726543,64.025515],[-145.726553,64.025482],[-145.726563,64.025449],[-145.726573,64.02542],[-145.731421,64.025411],[-145.73152,64.025415],[-145.731644,64.025425],[-145.731644,64.025542],[-145.731646,64.026774],[-145.736589,64.02678],[-145.738031,64.030314],[-145.738059,64.030384],[-145.739512,64.033947],[-145.739531,64.033993],[-145.739841,64.034751],[-145.739895,64.034885],[-145.740183,64.035589],[-145.742474,64.035423],[-145.742959,64.035388],[-145.743244,64.035367],[-145.743584,64.034367],[-145.74425,64.034478],[-145.743558,64.035056],[-145.743393,64.035518],[-145.743261,64.035735],[-145.743855,64.035821],[-145.742733,64.036774],[-145.742734,64.036919],[-145.743525,64.037178],[-145.743426,64.037323],[-145.743096,64.03728],[-145.7428,64.037409],[-145.74247,64.03754],[-145.741976,64.03777],[-145.74168,64.03806],[-145.741844,64.038349],[-145.742371,64.03845],[-145.742931,64.03858],[-145.743063,64.038695],[-145.742799,64.038839],[-145.742239,64.038811],[-145.742042,64.038925],[-145.741679,64.039431],[-145.741547,64.03972],[-145.741778,64.039864],[-145.742469,64.040009],[-145.742635,64.040154],[-145.741847,64.040697],[-145.741316,64.041063],[-145.74148,64.041251],[-145.742041,64.041352],[-145.742337,64.041467],[-145.742173,64.041597],[-145.741678,64.041857],[-145.741217,64.042016],[-145.741118,64.04242],[-145.74125,64.042681],[-145.741646,64.042782],[-145.742008,64.04284],[-145.741942,64.042984],[-145.741019,64.043374],[-145.74069,64.043546],[-145.740657,64.043735],[-145.740821,64.043865],[-145.741249,64.043981],[-145.741678,64.044124],[-145.741842,64.044269],[-145.741777,64.04437],[-145.741216,64.044486],[-145.741019,64.044558],[-145.740557,64.044745],[-145.740491,64.044962],[-145.740656,64.045121],[-145.740985,64.045222],[-145.741414,64.045424],[-145.741611,64.045641],[-145.74115,64.04749],[-145.740423,64.050753],[-145.740456,64.051519],[-145.740666,64.052037],[-145.739932,64.052037],[-145.739809,64.052037],[-145.73944,64.052037],[-145.737612,64.052037],[-145.737044,64.053478],[-145.738163,64.053837],[-145.738613,64.054294],[-145.740674,64.054997],[-145.741984,64.05527],[-145.742103,64.055591],[-145.742268,64.055779],[-145.742432,64.056039],[-145.742795,64.056356],[-145.742828,64.057324],[-145.743025,64.057627],[-145.743092,64.057902],[-145.744245,64.058234],[-145.744575,64.058421],[-145.744806,64.059029],[-145.745124,64.059255],[-145.745597,64.059591],[-145.746619,64.059996],[-145.747114,64.060284],[-145.747443,64.060574],[-145.747789,64.061303],[-145.747797,64.061349],[-145.747509,64.0617],[-145.747114,64.062046],[-145.746784,64.062437],[-145.746816,64.062682],[-145.747015,64.062812],[-145.747031,64.062863],[-145.74708,64.063014],[-145.746751,64.06352],[-145.745332,64.064963],[-145.745299,64.065873],[-145.745596,64.06622],[-145.745895,64.066473],[-145.74438,64.066473],[-145.744492,64.066664],[-145.744521,64.066713],[-145.745611,64.068563],[-145.746204,64.069569],[-145.746506,64.070082],[-145.747811,64.070082],[-145.748143,64.070082],[-145.748214,64.070082],[-145.748214,64.070267],[-145.748217,64.071373],[-145.748219,64.071886],[-145.749145,64.071886],[-145.749876,64.071886],[-145.750279,64.071886],[-145.750279,64.072083],[-145.750281,64.072588],[-145.750283,64.073178],[-145.75091,64.073178],[-145.750914,64.074982],[-145.751946,64.074982],[-145.75195,64.076787],[-145.756073,64.076787],[-145.756065,64.074355],[-145.756844,64.075072],[-145.756976,64.075477],[-145.756844,64.076459],[-145.757042,64.076776],[-145.75757,64.077137],[-145.758065,64.077325],[-145.759847,64.077744],[-145.760164,64.077832],[-145.760573,64.077946],[-145.760936,64.078148],[-145.761002,64.07848],[-145.760903,64.078928],[-145.760903,64.079448],[-145.760904,64.079723],[-145.761002,64.079939],[-145.761171,64.080035],[-145.761992,64.080502],[-145.763643,64.081094],[-145.76384,64.081383],[-145.764171,64.081729],[-145.764436,64.082942],[-145.764865,64.08404],[-145.765119,64.084521],[-145.765592,64.085411],[-145.766648,64.087072],[-145.767343,64.087707],[-145.767706,64.087938],[-145.768134,64.088097],[-145.76929,64.088444],[-145.769819,64.088661],[-145.770908,64.089497],[-145.771799,64.089916],[-145.77279,64.090711],[-145.774377,64.092415],[-145.776391,64.093699],[-145.778009,64.094883],[-145.778968,64.095937],[-145.779893,64.096572],[-145.780883,64.097307],[-145.780886,64.09844],[-145.781887,64.09844],[-145.781845,64.098274],[-145.782009,64.098421],[-145.782471,64.098882],[-145.782736,64.099677],[-145.782803,64.100341],[-145.783233,64.101135],[-145.783894,64.10164],[-145.784687,64.102044],[-145.785877,64.102463],[-145.786801,64.102679],[-145.789015,64.103415],[-145.789511,64.103661],[-145.790403,64.103963],[-145.790964,64.104281],[-145.79146,64.104699],[-145.792683,64.105451],[-145.793345,64.105941],[-145.794191,64.106208],[-145.789565,64.106208],[-145.781313,64.106207],[-145.781326,64.109816]],[[-145.748721,64.077312],[-145.749698,64.077312],[-145.74936,64.076753],[-145.748613,64.075511],[-145.748125,64.0747],[-145.748133,64.075511],[-145.748141,64.076352],[-145.748151,64.077312],[-145.748721,64.077312]],[[-145.749743,64.077387],[-145.750716,64.077384],[-145.750674,64.077313],[-145.749698,64.077312],[-145.749743,64.077387]],[[-145.772636,64.09844],[-145.772648,64.102049],[-145.780899,64.102049],[-145.780886,64.09844],[-145.772636,64.09844]],[[-145.772611,64.091223],[-145.764362,64.091224],[-145.764385,64.09844],[-145.772636,64.09844],[-145.772611,64.091223]],[[-145.781301,64.102598],[-145.773046,64.102605],[-145.773055,64.105353],[-145.773056,64.105659],[-145.773058,64.106209],[-145.780915,64.106207],[-145.781313,64.106207],[-145.781301,64.102598]],[[-145.742008,64.060158],[-145.741607,64.060158],[-145.741608,64.060546],[-145.742009,64.060546],[-145.742008,64.060158]],[[-145.723575,64.037224],[-145.723873,64.037012],[-145.723435,64.036893],[-145.723132,64.03711],[-145.722896,64.037278],[-145.723334,64.037397],[-145.723575,64.037224]],[[-145.733333,64.033628],[-145.733393,64.033624],[-145.733501,64.033616],[-145.733392,64.033345],[-145.733224,64.033357],[-145.732157,64.033448],[-145.732261,64.033707],[-145.733333,64.033628]],[[-145.726493,64.035071],[-145.726946,64.034747],[-145.726876,64.034729],[-145.726808,64.034711],[-145.726401,64.034604],[-145.72578,64.03505],[-145.725748,64.035073],[-145.726266,64.035211],[-145.726493,64.035071]],[[-145.726062,64.037605],[-145.725624,64.037487],[-145.725187,64.037368],[-145.724904,64.03757],[-145.724648,64.037752],[-145.725085,64.037871],[-145.725524,64.037989],[-145.725789,64.0378],[-145.726062,64.037605]],[[-145.730923,64.03496],[-145.730815,64.03469],[-145.730704,64.034413],[-145.729467,64.03451],[-145.729578,64.034792],[-145.729685,64.035066],[-145.730923,64.03496]],[[-145.730479,64.036464],[-145.730363,64.036495],[-145.730253,64.03653],[-145.730152,64.03657],[-145.730059,64.036614],[-145.729976,64.036661],[-145.729911,64.036705],[-145.731748,64.037194],[-145.731719,64.037125],[-145.731575,64.036772],[-145.731407,64.036357],[-145.730966,64.036392],[-145.730842,64.036402],[-145.730719,64.036418],[-145.730601,64.036437],[-145.730479,64.036464]],[[-145.724749,64.037249],[-145.725275,64.036874],[-145.726262,64.03617],[-145.725824,64.036052],[-145.724834,64.036757],[-145.724311,64.037131],[-145.724237,64.037183],[-145.724018,64.03734],[-145.723772,64.037515],[-145.724014,64.03758],[-145.72421,64.037634],[-145.724461,64.037454],[-145.724749,64.037249]],[[-145.734137,64.042174],[-145.733938,64.042197],[-145.73125,64.041567],[-145.731675,64.041978],[-145.734142,64.042555],[-145.735051,64.042454],[-145.734926,64.042236],[-145.734846,64.042092],[-145.734137,64.042174]],[[-145.739011,64.040697],[-145.739154,64.04087],[-145.739482,64.04082],[-145.740561,64.039988],[-145.740472,64.039855],[-145.74035,64.039646],[-145.738369,64.039882],[-145.7385,64.040093],[-145.738804,64.04045],[-145.739011,64.040697]],[[-145.728725,64.032643],[-145.728835,64.032908],[-145.728948,64.033182],[-145.730145,64.033082],[-145.730038,64.032816],[-145.72993,64.032547],[-145.729822,64.032279],[-145.729713,64.03201],[-145.729605,64.03174],[-145.728395,64.031843],[-145.728506,64.032112],[-145.728616,64.032378],[-145.728725,64.032643]],[[-145.731402,64.031594],[-145.73142,64.031638],[-145.731432,64.031668],[-145.731505,64.031855],[-145.731585,64.032056],[-145.731617,64.032134],[-145.731665,64.032258],[-145.731723,64.032402],[-145.731752,64.032476],[-145.731832,64.032677],[-145.731919,64.032894],[-145.733002,64.032811],[-145.733165,64.032799],[-145.733098,64.032578],[-145.733015,64.032376],[-145.732984,64.032298],[-145.732936,64.032176],[-145.732876,64.032032],[-145.732847,64.03196],[-145.732765,64.031758],[-145.732679,64.031543],[-145.732658,64.031493],[-145.732573,64.031332],[-145.732408,64.031345],[-145.731336,64.031427],[-145.731369,64.03151],[-145.731402,64.031594]],[[-145.734325,64.046055],[-145.734238,64.046064],[-145.734029,64.046087],[-145.734181,64.046372],[-145.734295,64.046583],[-145.734382,64.046746],[-145.73449,64.046748],[-145.735393,64.046646],[-145.735877,64.046591],[-145.73681,64.046486],[-145.737312,64.046428],[-145.736963,64.045768],[-145.736273,64.045843],[-145.736027,64.045869],[-145.735029,64.045978],[-145.734325,64.046055]],[[-145.727741,64.030233],[-145.727849,64.030502],[-145.72787,64.030552],[-145.72796,64.030773],[-145.728068,64.031039],[-145.728175,64.031303],[-145.728283,64.031569],[-145.729495,64.031466],[-145.72939,64.031205],[-145.729281,64.030936],[-145.729176,64.030675],[-145.729152,64.030615],[-145.729103,64.030495],[-145.729086,64.030452],[-145.729069,64.030416],[-145.729052,64.030383],[-145.729035,64.030352],[-145.729017,64.030321],[-145.728992,64.030279],[-145.728962,64.030236],[-145.728937,64.0302],[-145.728915,64.030171],[-145.728888,64.030137],[-145.728852,64.030095],[-145.728806,64.030045],[-145.728757,64.029995],[-145.728718,64.029957],[-145.728675,64.029917],[-145.728634,64.029883],[-145.728604,64.029856],[-145.728575,64.029833],[-145.728544,64.029809],[-145.728508,64.029781],[-145.728463,64.029749],[-145.728412,64.029713],[-145.728356,64.029675],[-145.728302,64.029641],[-145.727737,64.029678],[-145.727523,64.029698],[-145.727634,64.029969],[-145.727741,64.030233]],[[-145.730263,64.029457],[-145.730302,64.029494],[-145.730327,64.029518],[-145.730351,64.029542],[-145.730387,64.029579],[-145.73042,64.029613],[-145.730444,64.029639],[-145.730467,64.029664],[-145.730492,64.029692],[-145.730522,64.029726],[-145.730549,64.029757],[-145.73057,64.029784],[-145.730598,64.02982],[-145.730622,64.029851],[-145.730642,64.029877],[-145.730669,64.029913],[-145.730695,64.029951],[-145.730712,64.029977],[-145.73073,64.030005],[-145.730751,64.030036],[-145.730771,64.030069],[-145.730794,64.030108],[-145.730816,64.030148],[-145.73083,64.030174],[-145.730844,64.030202],[-145.730859,64.030231],[-145.730877,64.030269],[-145.730895,64.03031],[-145.730907,64.03034],[-145.730979,64.030523],[-145.730996,64.030565],[-145.731086,64.03079],[-145.731186,64.031043],[-145.731274,64.031264],[-145.732342,64.03118],[-145.732511,64.031167],[-145.732437,64.030946],[-145.732328,64.030695],[-145.732245,64.030471],[-145.732225,64.030424],[-145.732209,64.030384],[-145.732146,64.030245],[-145.732108,64.030137],[-145.732058,64.03001],[-145.732044,64.02998],[-145.732032,64.029952],[-145.732012,64.029908],[-145.731998,64.029877],[-145.731984,64.029844],[-145.731958,64.029786],[-145.731856,64.029555],[-145.731752,64.029321],[-145.731652,64.02933],[-145.731546,64.029338],[-145.7306,64.029412],[-145.730263,64.029457]],[[-145.710893,64.042602],[-145.711581,64.042602],[-145.709798,64.041366],[-145.708323,64.041365],[-145.70788,64.042194],[-145.708951,64.042198],[-145.710893,64.042602]],[[-145.739554,64.037616],[-145.740321,64.038929],[-145.740361,64.038997],[-145.740833,64.039791],[-145.740862,64.03984],[-145.741124,64.038985],[-145.741271,64.038536],[-145.74129,64.038478],[-145.741443,64.038055],[-145.741613,64.037602],[-145.741632,64.037551],[-145.741663,64.037375],[-145.741073,64.037443],[-145.739975,64.037567],[-145.739901,64.037576],[-145.739669,64.037602],[-145.739554,64.037616]],[[-145.737689,64.038782],[-145.737959,64.039217],[-145.739929,64.038984],[-145.739655,64.038548],[-145.739387,64.038124],[-145.739367,64.038092],[-145.739088,64.037649],[-145.737133,64.037883],[-145.737406,64.038326],[-145.737426,64.038358],[-145.737689,64.038782]],[[-145.729114,64.049625],[-145.729114,64.049835],[-145.729108,64.049948],[-145.729113,64.049973],[-145.729111,64.050012],[-145.729107,64.050046],[-145.729101,64.050073],[-145.729095,64.050099],[-145.729082,64.050137],[-145.729063,64.050181],[-145.729043,64.050219],[-145.729025,64.050249],[-145.729003,64.050282],[-145.728983,64.050308],[-145.728961,64.050334],[-145.72894,64.050358],[-145.730098,64.050557],[-145.731348,64.050767],[-145.731349,64.050531],[-145.731349,64.050503],[-145.73135,64.050242],[-145.731351,64.050039],[-145.731352,64.049833],[-145.731353,64.049627],[-145.730236,64.049626],[-145.730237,64.049421],[-145.731354,64.049422],[-145.731354,64.049214],[-145.730238,64.049213],[-145.729626,64.049212],[-145.729114,64.049212],[-145.729114,64.04942],[-145.729114,64.049625]],[[-145.724542,64.040403],[-145.724724,64.040696],[-145.724755,64.040747],[-145.724851,64.0409],[-145.724964,64.04106],[-145.72504,64.041058],[-145.725127,64.041055],[-145.725214,64.041051],[-145.7253,64.041045],[-145.725373,64.04104],[-145.725458,64.041033],[-145.725545,64.041024],[-145.725618,64.041017],[-145.725678,64.041011],[-145.725747,64.041002],[-145.726047,64.040966],[-145.726522,64.040909],[-145.727134,64.040837],[-145.727049,64.040696],[-145.726926,64.040494],[-145.726712,64.04014],[-145.726504,64.039799],[-145.726293,64.039452],[-145.725206,64.03958],[-145.72411,64.03971],[-145.724324,64.040054],[-145.724542,64.040403]],[[-145.716753,64.040192],[-145.716133,64.040192],[-145.715508,64.040192],[-145.715511,64.040632],[-145.715513,64.040905],[-145.715514,64.041073],[-145.716141,64.041073],[-145.71676,64.041073],[-145.717374,64.041073],[-145.717905,64.041073],[-145.717999,64.041073],[-145.718618,64.041073],[-145.719249,64.041073],[-145.719249,64.040995],[-145.719248,64.040632],[-145.719247,64.040193],[-145.718628,64.040192],[-145.718003,64.040192],[-145.717372,64.040192],[-145.716753,64.040192]],[[-145.72797,64.039253],[-145.727553,64.039303],[-145.726785,64.039401],[-145.726989,64.039741],[-145.727197,64.040088],[-145.727405,64.040433],[-145.727558,64.040691],[-145.727612,64.04078],[-145.728327,64.040696],[-145.728818,64.040639],[-145.730031,64.040497],[-145.730014,64.040469],[-145.729821,64.040149],[-145.729609,64.039797],[-145.729402,64.039454],[-145.729341,64.039357],[-145.729303,64.039317],[-145.729249,64.039279],[-145.729192,64.03925],[-145.729127,64.039226],[-145.729043,64.039201],[-145.728952,64.039184],[-145.728868,64.039174],[-145.728794,64.03917],[-145.72872,64.039169],[-145.728658,64.039172],[-145.728597,64.039177],[-145.72797,64.039253]],[[-145.725793,64.041286],[-145.72572,64.041293],[-145.725647,64.0413],[-145.72555,64.041309],[-145.725452,64.041317],[-145.725353,64.041324],[-145.725267,64.04133],[-145.725206,64.041333],[-145.725134,64.041337],[-145.725273,64.04162],[-145.725295,64.041648],[-145.725318,64.041691],[-145.725335,64.041728],[-145.725351,64.041766],[-145.725365,64.041805],[-145.725374,64.041837],[-145.725384,64.041875],[-145.725393,64.041919],[-145.7254,64.041963],[-145.725402,64.041996],[-145.725403,64.042023],[-145.725404,64.04243],[-145.725405,64.042818],[-145.725662,64.042818],[-145.726268,64.042822],[-145.726357,64.042822],[-145.726444,64.042822],[-145.72652,64.04282],[-145.726594,64.042819],[-145.726681,64.042818],[-145.726768,64.042815],[-145.726842,64.042813],[-145.726929,64.04281],[-145.727017,64.042807],[-145.727078,64.042803],[-145.727137,64.042801],[-145.727214,64.042796],[-145.727289,64.042792],[-145.72735,64.042789],[-145.727424,64.042784],[-145.727522,64.042777],[-145.727596,64.042772],[-145.727657,64.042766],[-145.727718,64.042762],[-145.727792,64.042755],[-145.727877,64.042747],[-145.727962,64.042739],[-145.728035,64.042731],[-145.728095,64.042725],[-145.728168,64.042717],[-145.72824,64.042709],[-145.728016,64.042304],[-145.727773,64.041911],[-145.727556,64.041561],[-145.727525,64.041509],[-145.72734,64.04121],[-145.727278,64.041109],[-145.726433,64.04121],[-145.726189,64.04124],[-145.725877,64.041277],[-145.725793,64.041286]],[[-145.717846,64.038386],[-145.717812,64.038415],[-145.717772,64.038455],[-145.717734,64.038496],[-145.7177,64.038538],[-145.71767,64.038579],[-145.717645,64.038616],[-145.717627,64.038648],[-145.717614,64.038675],[-145.717601,64.038702],[-145.717591,64.038728],[-145.717581,64.038756],[-145.717571,64.038794],[-145.717563,64.038833],[-145.717559,64.038861],[-145.717556,64.0389],[-145.717558,64.038941],[-145.717558,64.039158],[-145.717559,64.039374],[-145.717559,64.039594],[-145.717559,64.039807],[-145.71756,64.04002],[-145.71839,64.040021],[-145.719247,64.040021],[-145.719251,64.039792],[-145.719254,64.039549],[-145.719255,64.039507],[-145.719258,64.039474],[-145.71926,64.039447],[-145.719265,64.039419],[-145.71927,64.039391],[-145.719277,64.039363],[-145.719285,64.039331],[-145.719296,64.039295],[-145.71931,64.039255],[-145.719325,64.039217],[-145.719338,64.03919],[-145.71935,64.039163],[-145.719367,64.039131],[-145.719383,64.039104],[-145.719402,64.039073],[-145.71943,64.03903],[-145.719456,64.038994],[-145.719476,64.038968],[-145.719501,64.038936],[-145.719536,64.038895],[-145.719564,64.038865],[-145.719594,64.038834],[-145.719629,64.038799],[-145.71966,64.03877],[-145.719689,64.038744],[-145.719717,64.03872],[-145.719746,64.038696],[-145.719776,64.038671],[-145.719826,64.038634],[-145.71992,64.038565],[-145.7204,64.038214],[-145.719981,64.038101],[-145.719553,64.037985],[-145.719136,64.037872],[-145.718711,64.037757],[-145.718226,64.038106],[-145.717918,64.038327],[-145.717881,64.038356],[-145.717846,64.038386]],[[-145.722107,64.040193],[-145.721608,64.040193],[-145.721108,64.040193],[-145.720616,64.040193],[-145.720113,64.040193],[-145.71962,64.040193],[-145.719622,64.040632],[-145.719624,64.04101],[-145.719625,64.041073],[-145.720116,64.041073],[-145.720619,64.041073],[-145.721118,64.041073],[-145.721615,64.041073],[-145.722083,64.041073],[-145.722614,64.041073],[-145.723106,64.041073],[-145.723438,64.041073],[-145.723516,64.041073],[-145.723613,64.041073],[-145.724111,64.041073],[-145.724575,64.041073],[-145.724474,64.04091],[-145.724297,64.040624],[-145.72403,64.040193],[-145.723603,64.040193],[-145.723437,64.040193],[-145.723103,64.040193],[-145.72258,64.040193],[-145.722107,64.040193]],[[-145.721509,64.046953],[-145.721013,64.046952],[-145.720825,64.046952],[-145.720511,64.046951],[-145.720021,64.04695],[-145.719406,64.04695],[-145.71941,64.047411],[-145.719428,64.047455],[-145.719464,64.047489],[-145.719517,64.047519],[-145.719584,64.047545],[-145.71965,64.047559],[-145.720718,64.047741],[-145.720825,64.047759],[-145.721309,64.04784],[-145.721883,64.047938],[-145.72214,64.047981],[-145.722455,64.048035],[-145.723428,64.048199],[-145.723567,64.048036],[-145.72361,64.047986],[-145.723793,64.047771],[-145.723814,64.047745],[-145.723834,64.047719],[-145.723859,64.047682],[-145.723886,64.04764],[-145.72391,64.047597],[-145.723928,64.047559],[-145.723941,64.047532],[-145.723951,64.047505],[-145.723962,64.047473],[-145.723973,64.047434],[-145.723982,64.047394],[-145.723989,64.047351],[-145.723994,64.047308],[-145.723996,64.047265],[-145.724001,64.046956],[-145.723498,64.046956],[-145.722996,64.046955],[-145.722493,64.046954],[-145.721998,64.046954],[-145.721509,64.046953]],[[-145.728019,64.041447],[-145.728265,64.04185],[-145.728508,64.042244],[-145.728756,64.042647],[-145.729958,64.042504],[-145.731176,64.04236],[-145.73093,64.041963],[-145.730681,64.041562],[-145.730462,64.04121],[-145.730432,64.041161],[-145.73017,64.040739],[-145.728973,64.040894],[-145.727774,64.041049],[-145.727873,64.04121],[-145.728019,64.041447]],[[-145.729161,64.043293],[-145.729408,64.043692],[-145.729655,64.044092],[-145.729826,64.044367],[-145.729899,64.044488],[-145.731098,64.044349],[-145.73168,64.044282],[-145.732265,64.044214],[-145.7322,64.044099],[-145.732035,64.04381],[-145.731806,64.043409],[-145.731678,64.043182],[-145.731579,64.04301],[-145.73133,64.042573],[-145.730099,64.04272],[-145.728895,64.042863],[-145.728987,64.043014],[-145.729161,64.043293]],[[-145.735043,64.02931],[-145.735133,64.029534],[-145.735226,64.029766],[-145.735318,64.029996],[-145.73541,64.030227],[-145.735473,64.030384],[-145.735502,64.030457],[-145.735595,64.030689],[-145.735689,64.030924],[-145.735771,64.030917],[-145.736776,64.030841],[-145.737897,64.030756],[-145.737802,64.030521],[-145.737746,64.030384],[-145.737708,64.03029],[-145.737615,64.03006],[-145.737522,64.029831],[-145.737431,64.029606],[-145.737336,64.029371],[-145.737243,64.029141],[-145.73715,64.028908],[-145.736029,64.028992],[-145.735767,64.029011],[-145.734949,64.029073],[-145.735043,64.02931]],[[-145.736911,64.033936],[-145.736935,64.033993],[-145.736959,64.034053],[-145.737045,64.034263],[-145.737133,64.034478],[-145.73722,64.034691],[-145.737308,64.034905],[-145.737395,64.035118],[-145.737481,64.035326],[-145.737571,64.035545],[-145.73867,64.035462],[-145.738582,64.035245],[-145.73852,64.035033],[-145.739597,64.034953],[-145.73951,64.034741],[-145.739422,64.034523],[-145.739337,64.034313],[-145.739251,64.034101],[-145.739207,64.033993],[-145.739164,64.033887],[-145.739079,64.033678],[-145.738995,64.03347],[-145.73891,64.033261],[-145.737803,64.033345],[-145.736708,64.033434],[-145.736791,64.033639],[-145.736873,64.033841],[-145.736911,64.033936]],[[-145.760663,64.098997],[-145.761611,64.098997],[-145.761077,64.098096],[-145.760657,64.098096],[-145.75941,64.098096],[-145.758594,64.098096],[-145.757907,64.098096],[-145.756532,64.098096],[-145.756534,64.098441],[-145.756538,64.098997],[-145.7586,64.098997],[-145.758863,64.098997],[-145.760349,64.098997],[-145.760663,64.098997]],[[-145.734281,64.027396],[-145.734367,64.027613],[-145.734454,64.027829],[-145.734539,64.028043],[-145.734625,64.028262],[-145.734711,64.028477],[-145.734752,64.028579],[-145.734797,64.028691],[-145.734884,64.02891],[-145.735766,64.028842],[-145.735963,64.028827],[-145.737081,64.028741],[-145.736994,64.028525],[-145.736906,64.028308],[-145.736819,64.028093],[-145.736734,64.027881],[-145.736646,64.027664],[-145.736557,64.027444],[-145.736469,64.027228],[-145.736382,64.027012],[-145.736307,64.026825],[-145.735153,64.026826],[-145.734054,64.026827],[-145.734195,64.02718],[-145.734281,64.027396]],[[-145.732679,64.030674],[-145.732772,64.030906],[-145.732866,64.031139],[-145.734089,64.031048],[-145.735317,64.030951],[-145.735223,64.030717],[-145.73513,64.030486],[-145.735038,64.030257],[-145.734946,64.030028],[-145.734853,64.029798],[-145.734761,64.029567],[-145.734669,64.02934],[-145.734575,64.029106],[-145.733349,64.029202],[-145.732125,64.029298],[-145.732218,64.029528],[-145.732308,64.029754],[-145.732401,64.029984],[-145.732494,64.030215],[-145.732562,64.030384],[-145.732586,64.030443],[-145.732679,64.030674]],[[-145.729108,64.047421],[-145.729109,64.047657],[-145.72911,64.047887],[-145.729112,64.048126],[-145.729114,64.048351],[-145.729116,64.048588],[-145.729114,64.048809],[-145.729114,64.048867],[-145.729112,64.049043],[-145.729609,64.049043],[-145.730221,64.049044],[-145.731358,64.049047],[-145.731361,64.048812],[-145.731364,64.048586],[-145.731363,64.048351],[-145.731361,64.048122],[-145.73136,64.047885],[-145.731358,64.047653],[-145.731356,64.047422],[-145.731354,64.047183],[-145.731354,64.046964],[-145.730228,64.046964],[-145.729104,64.046963],[-145.729106,64.047186],[-145.729108,64.047421]],[[-145.719625,64.039792],[-145.719629,64.040022],[-145.720552,64.040023],[-145.721572,64.040024],[-145.721429,64.039794],[-145.721277,64.039563],[-145.721226,64.039548],[-145.721163,64.039521],[-145.721113,64.039486],[-145.721092,64.039454],[-145.72109,64.039416],[-145.721115,64.039374],[-145.721177,64.039332],[-145.721233,64.039312],[-145.721301,64.039297],[-145.721372,64.039289],[-145.721447,64.03929],[-145.721542,64.039301],[-145.721625,64.039325],[-145.721687,64.03936],[-145.721724,64.0394],[-145.721729,64.039443],[-145.72171,64.039481],[-145.721669,64.039514],[-145.721795,64.039759],[-145.721965,64.040025],[-145.722645,64.040025],[-145.722965,64.040026],[-145.723436,64.040026],[-145.723925,64.040026],[-145.723776,64.039779],[-145.723633,64.039542],[-145.723572,64.039439],[-145.723557,64.039414],[-145.72353,64.039377],[-145.723506,64.039345],[-145.723484,64.039321],[-145.72346,64.039294],[-145.723436,64.039269],[-145.723409,64.039244],[-145.723381,64.03922],[-145.723341,64.039185],[-145.723304,64.039156],[-145.723271,64.039133],[-145.723226,64.039101],[-145.723176,64.03907],[-145.72313,64.039042],[-145.723093,64.03902],[-145.723045,64.038995],[-145.722988,64.038966],[-145.722945,64.038946],[-145.722893,64.038922],[-145.722829,64.038895],[-145.722767,64.03887],[-145.72269,64.038841],[-145.722611,64.038814],[-145.722541,64.038791],[-145.72249,64.038776],[-145.722428,64.038758],[-145.721977,64.038636],[-145.721566,64.038525],[-145.721141,64.03841],[-145.720724,64.038297],[-145.720237,64.038651],[-145.72015,64.038714],[-145.720101,64.038752],[-145.720065,64.03878],[-145.720037,64.038805],[-145.72001,64.038829],[-145.719978,64.038859],[-145.719941,64.038895],[-145.719913,64.038925],[-145.719885,64.038956],[-145.719859,64.038986],[-145.719829,64.039023],[-145.719799,64.039064],[-145.719772,64.039103],[-145.719756,64.039128],[-145.719737,64.03916],[-145.71972,64.039192],[-145.719707,64.039219],[-145.719692,64.039251],[-145.71968,64.039278],[-145.719668,64.039311],[-145.719658,64.039344],[-145.719649,64.039371],[-145.71964,64.039409],[-145.719633,64.039442],[-145.71963,64.039469],[-145.719626,64.039497],[-145.719623,64.039525],[-145.719622,64.039556],[-145.719625,64.039792]],[[-145.73593,64.031516],[-145.736018,64.031734],[-145.736105,64.031948],[-145.736194,64.032167],[-145.736283,64.032386],[-145.736371,64.032603],[-145.736458,64.032818],[-145.736547,64.033038],[-145.736636,64.033257],[-145.737734,64.033174],[-145.738841,64.033091],[-145.738753,64.032873],[-145.738662,64.032649],[-145.738576,64.032435],[-145.738487,64.032217],[-145.7384,64.032],[-145.738311,64.031781],[-145.738225,64.031567],[-145.738137,64.031348],[-145.738049,64.031132],[-145.737962,64.030917],[-145.736851,64.031],[-145.735762,64.031082],[-145.735771,64.031126],[-145.735842,64.031303],[-145.73593,64.031516]],[[-145.717313,64.046952],[-145.717165,64.046949],[-145.716483,64.046949],[-145.716663,64.047329],[-145.716698,64.047387],[-145.717168,64.047388],[-145.717514,64.047389],[-145.717669,64.047389],[-145.717881,64.047645],[-145.71801,64.047801],[-145.71806,64.047862],[-145.718244,64.048084],[-145.718068,64.048083],[-145.717113,64.04808],[-145.717311,64.048407],[-145.71789,64.048505],[-145.718473,64.048604],[-145.718943,64.048683],[-145.719399,64.04876],[-145.719868,64.048839],[-145.720797,64.048996],[-145.720826,64.048962],[-145.720952,64.048811],[-145.721109,64.048627],[-145.721271,64.048437],[-145.721426,64.048255],[-145.721587,64.048066],[-145.720825,64.047935],[-145.720653,64.047906],[-145.720188,64.047826],[-145.719737,64.047749],[-145.719508,64.04771],[-145.719441,64.047695],[-145.719388,64.047681],[-145.719328,64.047661],[-145.719263,64.047635],[-145.719198,64.047602],[-145.719144,64.047565],[-145.719109,64.047535],[-145.719086,64.047511],[-145.719066,64.047484],[-145.71905,64.047452],[-145.71904,64.047409],[-145.719034,64.046947],[-145.718659,64.046948],[-145.718156,64.046948],[-145.717664,64.046948],[-145.717313,64.046952]],[[-145.733968,64.033855],[-145.733978,64.033883],[-145.734023,64.033993],[-145.73405,64.034059],[-145.734136,64.034268],[-145.734223,64.03448],[-145.73431,64.034694],[-145.734399,64.034911],[-145.734484,64.03512],[-145.73457,64.035332],[-145.734658,64.035546],[-145.734743,64.035754],[-145.73578,64.035676],[-145.735969,64.035663],[-145.737181,64.035572],[-145.737095,64.035359],[-145.737009,64.035148],[-145.736923,64.034938],[-145.736834,64.034719],[-145.736749,64.034509],[-145.736663,64.034297],[-145.736576,64.034083],[-145.73654,64.033993],[-145.736496,64.033886],[-145.73641,64.033672],[-145.736324,64.033458],[-145.735776,64.033498],[-145.735087,64.033551],[-145.733881,64.033642],[-145.733968,64.033855]],[[-145.721395,64.038286],[-145.721868,64.038416],[-145.72236,64.03855],[-145.722412,64.038563],[-145.722476,64.038579],[-145.722551,64.038599],[-145.722603,64.038614],[-145.722666,64.038632],[-145.722738,64.038654],[-145.7228,64.038674],[-145.722866,64.038696],[-145.722925,64.038716],[-145.722983,64.038737],[-145.723039,64.038759],[-145.723094,64.038781],[-145.723157,64.038807],[-145.723218,64.038835],[-145.723261,64.038855],[-145.723305,64.038878],[-145.72335,64.038901],[-145.72339,64.038923],[-145.723428,64.038944],[-145.723473,64.03897],[-145.723516,64.038997],[-145.723557,64.039025],[-145.72359,64.039048],[-145.723629,64.039076],[-145.723666,64.039105],[-145.723701,64.039135],[-145.72374,64.039169],[-145.723776,64.039204],[-145.723816,64.039244],[-145.723847,64.039281],[-145.723869,64.039306],[-145.723889,64.039333],[-145.723907,64.039358],[-145.723928,64.03939],[-145.723992,64.039499],[-145.724775,64.039406],[-145.725075,64.039369],[-145.726154,64.03924],[-145.726022,64.039014],[-145.725877,64.038766],[-145.72585,64.038725],[-145.725818,64.038683],[-145.725784,64.038642],[-145.725751,64.038606],[-145.725727,64.038581],[-145.725695,64.038551],[-145.725657,64.038516],[-145.725616,64.038482],[-145.725574,64.038448],[-145.725542,64.038424],[-145.725503,64.038396],[-145.725454,64.038365],[-145.725412,64.038338],[-145.725362,64.038307],[-145.725299,64.038271],[-145.725251,64.038246],[-145.725202,64.038221],[-145.725152,64.038197],[-145.725108,64.038177],[-145.725056,64.038153],[-145.725011,64.038135],[-145.724964,64.038115],[-145.7249,64.03809],[-145.724843,64.038069],[-145.724784,64.038049],[-145.724725,64.038028],[-145.724675,64.038012],[-145.724603,64.037991],[-145.724528,64.03797],[-145.724013,64.037834],[-145.723891,64.037801],[-145.72351,64.037697],[-145.723433,64.037677],[-145.723147,64.037601],[-145.72304,64.037572],[-145.722552,64.037442],[-145.722081,64.037317],[-145.72168,64.037601],[-145.721493,64.037733],[-145.720912,64.038153],[-145.721395,64.038286]],[[-145.734954,64.033389],[-145.73502,64.033384],[-145.735775,64.033326],[-145.736256,64.033289],[-145.736169,64.033072],[-145.73608,64.032849],[-145.735992,64.032634],[-145.735906,64.032417],[-145.735817,64.032197],[-145.735773,64.032086],[-145.73573,64.031979],[-145.735644,64.031764],[-145.735557,64.031548],[-145.73547,64.031331],[-145.735383,64.031115],[-145.734154,64.031211],[-145.732935,64.031307],[-145.733022,64.031522],[-145.733109,64.031737],[-145.733196,64.031952],[-145.733288,64.032179],[-145.733372,64.032387],[-145.73346,64.032604],[-145.733547,64.03282],[-145.733579,64.032897],[-145.733636,64.033039],[-145.733724,64.033255],[-145.733814,64.033476],[-145.734954,64.033389]],[[-145.715673,64.033853],[-145.715603,64.033875],[-145.715542,64.033909],[-145.715514,64.03394],[-145.715505,64.033966],[-145.715505,64.03424],[-145.715506,64.035281],[-145.716028,64.035421],[-145.716814,64.035633],[-145.717617,64.03585],[-145.718417,64.036064],[-145.719313,64.035412],[-145.719446,64.035315],[-145.719924,64.034966],[-145.71913,64.034749],[-145.718347,64.034536],[-145.717539,64.034315],[-145.715769,64.03384],[-145.715673,64.033853]],[[-145.71559,64.037048],[-145.715537,64.037085],[-145.715512,64.037127],[-145.715509,64.037374],[-145.715509,64.037601],[-145.715509,64.037672],[-145.715509,64.037929],[-145.715508,64.03816],[-145.715508,64.03839],[-145.715508,64.038625],[-145.715508,64.038857],[-145.715508,64.039097],[-145.715508,64.039328],[-145.715507,64.039563],[-145.715507,64.039792],[-145.715507,64.040017],[-145.716354,64.040018],[-145.717193,64.040019],[-145.717193,64.03979],[-145.717193,64.03956],[-145.717194,64.039329],[-145.717195,64.039098],[-145.717195,64.038903],[-145.717197,64.038865],[-145.717202,64.038827],[-145.717206,64.038799],[-145.717213,64.038766],[-145.717224,64.038728],[-145.717237,64.03869],[-145.717253,64.038652],[-145.717265,64.038625],[-145.71728,64.038598],[-145.717298,64.038566],[-145.717315,64.03854],[-145.717333,64.038513],[-145.717361,64.038477],[-145.71739,64.03844],[-145.717417,64.03841],[-145.717441,64.038384],[-145.717472,64.038354],[-145.717504,64.038325],[-145.717532,64.0383],[-145.717562,64.038276],[-145.717597,64.038248],[-145.717907,64.038019],[-145.718386,64.037669],[-145.718133,64.037601],[-145.717959,64.037554],[-145.717533,64.037439],[-145.717116,64.037328],[-145.71669,64.037213],[-145.716265,64.037099],[-145.715974,64.037021],[-145.715894,64.037007],[-145.715815,64.037002],[-145.715735,64.037008],[-145.715656,64.037024],[-145.71559,64.037048]],[[-145.728068,64.042955],[-145.727996,64.042963],[-145.727935,64.042969],[-145.727862,64.042976],[-145.727788,64.042981],[-145.727703,64.042989],[-145.727617,64.042996],[-145.727529,64.043002],[-145.727432,64.043009],[-145.727358,64.043013],[-145.727292,64.043016],[-145.72721,64.043021],[-145.727148,64.043024],[-145.727074,64.043027],[-145.726987,64.043031],[-145.726912,64.043034],[-145.726825,64.043037],[-145.726739,64.043038],[-145.726663,64.043041],[-145.726601,64.043042],[-145.726527,64.043043],[-145.726427,64.043043],[-145.726327,64.043044],[-145.726251,64.043044],[-145.725683,64.043043],[-145.725403,64.043042],[-145.725404,64.043512],[-145.725405,64.043935],[-145.725406,64.04436],[-145.725406,64.044447],[-145.725407,64.044652],[-145.72732,64.044651],[-145.727607,64.044652],[-145.727697,64.044653],[-145.727759,64.044653],[-145.727846,64.044652],[-145.72792,64.044651],[-145.728007,64.044649],[-145.728094,64.044647],[-145.728182,64.044643],[-145.728269,64.04464],[-145.728343,64.044637],[-145.728404,64.044634],[-145.728466,64.044631],[-145.728541,64.044626],[-145.728627,64.044621],[-145.728701,64.044616],[-145.728762,64.044612],[-145.728824,64.044607],[-145.728885,64.044602],[-145.728946,64.044597],[-145.729007,64.044591],[-145.72908,64.044585],[-145.729141,64.044578],[-145.729214,64.04457],[-145.729298,64.044561],[-145.729381,64.044552],[-145.729313,64.044389],[-145.729161,64.044147],[-145.72891,64.043746],[-145.728664,64.043353],[-145.728452,64.043014],[-145.728358,64.042923],[-145.728286,64.042932],[-145.728214,64.04294],[-145.728141,64.042948],[-145.728068,64.042955]],[[-145.7208,64.044865],[-145.720304,64.044865],[-145.720056,64.044865],[-145.719805,64.044864],[-145.719313,64.044864],[-145.71882,64.044864],[-145.718317,64.044863],[-145.717825,64.044863],[-145.717322,64.044862],[-145.716827,64.044862],[-145.716225,64.044862],[-145.715988,64.044862],[-145.715917,64.044869],[-145.71585,64.044883],[-145.715791,64.044903],[-145.715739,64.044934],[-145.715709,64.044963],[-145.715699,64.044991],[-145.715699,64.045019],[-145.715717,64.04505],[-145.715762,64.04509],[-145.715801,64.045118],[-145.715838,64.045146],[-145.71588,64.04518],[-145.715909,64.045205],[-145.715937,64.045229],[-145.715964,64.045254],[-145.71599,64.045278],[-145.716027,64.045315],[-145.716063,64.045355],[-145.716099,64.045396],[-145.716124,64.045427],[-145.716144,64.045453],[-145.716163,64.045479],[-145.716181,64.045505],[-145.716202,64.045537],[-145.716224,64.045575],[-145.716245,64.045612],[-145.716261,64.045644],[-145.716273,64.045671],[-145.716286,64.045704],[-145.716302,64.045737],[-145.716765,64.045743],[-145.716838,64.045743],[-145.717337,64.045744],[-145.71784,64.045744],[-145.718325,64.045744],[-145.718828,64.045745],[-145.719324,64.045745],[-145.719817,64.045745],[-145.720312,64.045746],[-145.720815,64.045746],[-145.721311,64.045747],[-145.721804,64.045747],[-145.722415,64.045748],[-145.723273,64.045749],[-145.723094,64.045489],[-145.723061,64.04544],[-145.72297,64.045306],[-145.722668,64.044866],[-145.722284,64.044866],[-145.721792,64.044866],[-145.721296,64.044866],[-145.7208,64.044865]],[[-145.721414,64.04591],[-145.720923,64.04591],[-145.720824,64.04591],[-145.720429,64.045909],[-145.719929,64.045909],[-145.719435,64.045909],[-145.718937,64.045909],[-145.718448,64.045908],[-145.717937,64.045908],[-145.717445,64.045908],[-145.716937,64.045908],[-145.71687,64.045908],[-145.716763,64.045908],[-145.716344,64.045908],[-145.716374,64.046342],[-145.716389,64.046471],[-145.716396,64.046553],[-145.716398,64.046583],[-145.716399,64.046612],[-145.716402,64.046642],[-145.716406,64.04667],[-145.71641,64.046704],[-145.716417,64.046748],[-145.716426,64.046777],[-145.716949,64.046781],[-145.717238,64.046781],[-145.717447,64.046781],[-145.717945,64.046782],[-145.718456,64.046783],[-145.718949,64.046784],[-145.719443,64.046785],[-145.719934,64.046785],[-145.720438,64.046786],[-145.720824,64.046786],[-145.720932,64.046786],[-145.721432,64.046786],[-145.721916,64.046787],[-145.722419,64.046788],[-145.722928,64.046788],[-145.723421,64.046789],[-145.723995,64.04679],[-145.723811,64.046526],[-145.723687,64.046345],[-145.723388,64.045912],[-145.722917,64.045911],[-145.722414,64.045911],[-145.72191,64.04591],[-145.721414,64.04591]],[[-145.715591,64.035691],[-145.715553,64.035712],[-145.715518,64.035747],[-145.715505,64.035781],[-145.715507,64.036119],[-145.715508,64.036526],[-145.715508,64.036694],[-145.715829,64.03678],[-145.716302,64.036908],[-145.716784,64.037038],[-145.717262,64.037167],[-145.717736,64.037296],[-145.718216,64.037425],[-145.718695,64.037555],[-145.718866,64.037601],[-145.719171,64.037683],[-145.719649,64.037812],[-145.720125,64.03794],[-145.720598,64.038068],[-145.721173,64.037655],[-145.721245,64.037601],[-145.721753,64.037233],[-145.721283,64.037105],[-145.720811,64.036977],[-145.720328,64.036846],[-145.71985,64.036717],[-145.719372,64.036587],[-145.719314,64.036571],[-145.718897,64.036458],[-145.718418,64.036328],[-145.717944,64.036199],[-145.717464,64.036069],[-145.716985,64.035939],[-145.71651,64.03581],[-145.715955,64.03566],[-145.715874,64.035649],[-145.715812,64.035647],[-145.715739,64.035652],[-145.715648,64.03567],[-145.715591,64.035691]],[[-145.723027,64.041569],[-145.723028,64.041793],[-145.723029,64.04201],[-145.72303,64.042232],[-145.723031,64.042449],[-145.723032,64.042668],[-145.723033,64.04289],[-145.723034,64.043109],[-145.723035,64.043329],[-145.723036,64.043546],[-145.723037,64.043769],[-145.723038,64.043987],[-145.723039,64.044212],[-145.72304,64.044428],[-145.723041,64.04465],[-145.723206,64.044649],[-145.723444,64.044649],[-145.724043,64.044648],[-145.725029,64.044647],[-145.725029,64.044443],[-145.725029,64.044211],[-145.725029,64.043993],[-145.725029,64.043771],[-145.725029,64.043553],[-145.725029,64.043331],[-145.725028,64.04311],[-145.725028,64.042892],[-145.725028,64.042675],[-145.725028,64.042453],[-145.725028,64.042234],[-145.725026,64.042014],[-145.725025,64.041985],[-145.725022,64.041952],[-145.725018,64.041918],[-145.72501,64.041876],[-145.724998,64.041833],[-145.724984,64.041793],[-145.724967,64.041751],[-145.724944,64.041708],[-145.724924,64.041674],[-145.724858,64.041571],[-145.724716,64.041349],[-145.724031,64.041349],[-145.723466,64.041349],[-145.723026,64.041349],[-145.723027,64.041569]],[[-145.720674,64.041801],[-145.720674,64.042017],[-145.720675,64.042227],[-145.720676,64.04244],[-145.720677,64.042636],[-145.720677,64.04267],[-145.720678,64.042842],[-145.720678,64.04289],[-145.720679,64.043049],[-145.720679,64.043111],[-145.72068,64.043255],[-145.72068,64.043331],[-145.720681,64.043461],[-145.720673,64.043546],[-145.720682,64.043768],[-145.720682,64.043988],[-145.720683,64.044212],[-145.720684,64.044429],[-145.720685,64.044647],[-145.721675,64.044649],[-145.722664,64.044652],[-145.722664,64.044425],[-145.722663,64.044211],[-145.722663,64.04399],[-145.722663,64.043768],[-145.722662,64.043549],[-145.722662,64.043328],[-145.722661,64.043109],[-145.722661,64.042889],[-145.722661,64.042669],[-145.722661,64.042452],[-145.722661,64.04223],[-145.722661,64.042012],[-145.72266,64.041794],[-145.72266,64.041572],[-145.722659,64.041348],[-145.721904,64.041348],[-145.72167,64.041348],[-145.720672,64.041348],[-145.720673,64.041569],[-145.720674,64.041801]],[[-145.738716,64.045661],[-145.738947,64.046065],[-145.739177,64.046466],[-145.73925,64.046595],[-145.739273,64.046638],[-145.73929,64.04667],[-145.739305,64.046696],[-145.739319,64.046724],[-145.739332,64.046751],[-145.739346,64.046777],[-145.739359,64.046804],[-145.739372,64.046831],[-145.739387,64.046864],[-145.739403,64.046902],[-145.739416,64.046928],[-145.739427,64.046955],[-145.73944,64.046988],[-145.739455,64.047026],[-145.739471,64.047064],[-145.739484,64.047102],[-145.739496,64.047135],[-145.739506,64.047162],[-145.739518,64.0472],[-145.739532,64.047243],[-145.739543,64.047277],[-145.73955,64.047304],[-145.739559,64.047337],[-145.739569,64.047375],[-145.739576,64.047402],[-145.739584,64.047434],[-145.739592,64.047473],[-145.739598,64.0475],[-145.739604,64.047528],[-145.73961,64.047561],[-145.739617,64.047599],[-145.739623,64.047637],[-145.739629,64.047676],[-145.739634,64.047715],[-145.739639,64.047753],[-145.739642,64.047792],[-145.739646,64.04783],[-145.73965,64.047873],[-145.739651,64.047907],[-145.739652,64.047935],[-145.739653,64.047968],[-145.739654,64.048001],[-145.739655,64.048039],[-145.739655,64.048077],[-145.739654,64.04811],[-145.739652,64.04816],[-145.73965,64.048193],[-145.739649,64.048221],[-145.739924,64.048233],[-145.740438,64.048234],[-145.740784,64.047649],[-145.740922,64.047192],[-145.740988,64.047024],[-145.741116,64.046703],[-145.741074,64.046623],[-145.741024,64.046527],[-145.740887,64.046264],[-145.740474,64.045887],[-145.740316,64.045481],[-145.740266,64.045054],[-145.740206,64.044634],[-145.740196,64.044202],[-145.740256,64.043812],[-145.73781,64.044074],[-145.73803,64.044461],[-145.73826,64.044862],[-145.738489,64.045263],[-145.738716,64.045661]],[[-145.726736,64.047938],[-145.726738,64.047973],[-145.72672,64.04801],[-145.726684,64.048039],[-145.726626,64.048068],[-145.726575,64.048082],[-145.7265,64.048277],[-145.726443,64.048447],[-145.726422,64.04851],[-145.72636,64.048688],[-145.72761,64.048899],[-145.727969,64.048959],[-145.728031,64.04897],[-145.728089,64.048977],[-145.728149,64.048986],[-145.728233,64.048997],[-145.728329,64.049008],[-145.728402,64.049015],[-145.728463,64.049021],[-145.728536,64.049027],[-145.72861,64.049033],[-145.728695,64.049039],[-145.728732,64.048811],[-145.728732,64.04878],[-145.728733,64.048589],[-145.72873,64.048353],[-145.728729,64.048124],[-145.728727,64.047888],[-145.728725,64.047654],[-145.728723,64.047422],[-145.728722,64.047186],[-145.72872,64.046962],[-145.727598,64.046961],[-145.727096,64.04696],[-145.7266,64.04696],[-145.726107,64.046959],[-145.725614,64.046958],[-145.725001,64.046957],[-145.724835,64.046957],[-145.724375,64.046956],[-145.724377,64.047255],[-145.724381,64.047283],[-145.724379,64.047311],[-145.724376,64.047338],[-145.724371,64.047371],[-145.724365,64.047401],[-145.724359,64.047432],[-145.72435,64.047458],[-145.724341,64.047485],[-145.72433,64.047518],[-145.724316,64.047551],[-145.724299,64.047589],[-145.724275,64.047636],[-145.724252,64.047675],[-145.724235,64.0477],[-145.724214,64.047732],[-145.724191,64.047764],[-145.724167,64.047795],[-145.724138,64.047832],[-145.723951,64.048048],[-145.723922,64.048082],[-145.723766,64.048258],[-145.724741,64.048424],[-145.725993,64.048638],[-145.726078,64.048394],[-145.726111,64.048296],[-145.726183,64.048087],[-145.726188,64.04805],[-145.726155,64.048028],[-145.726126,64.047997],[-145.726115,64.04797],[-145.72612,64.047938],[-145.726151,64.047897],[-145.726194,64.047869],[-145.726239,64.04785],[-145.726292,64.047836],[-145.72635,64.047827],[-145.726436,64.047823],[-145.726522,64.047829],[-145.7266,64.047846],[-145.726657,64.047867],[-145.726694,64.047889],[-145.726722,64.047913],[-145.726736,64.047938]],[[-145.721598,64.049132],[-145.722066,64.04921],[-145.72253,64.049287],[-145.722999,64.049366],[-145.723467,64.049444],[-145.723931,64.049522],[-145.724404,64.049601],[-145.72487,64.04968],[-145.725334,64.049757],[-145.7258,64.049835],[-145.726267,64.049913],[-145.726735,64.049991],[-145.727194,64.050068],[-145.727667,64.050147],[-145.728125,64.050224],[-145.728603,64.050292],[-145.728629,64.050261],[-145.728649,64.050235],[-145.728666,64.050209],[-145.728688,64.050171],[-145.728704,64.050139],[-145.728717,64.050106],[-145.72873,64.050062],[-145.72874,64.050013],[-145.728743,64.049986],[-145.728743,64.049954],[-145.728739,64.049798],[-145.728684,64.049205],[-145.728585,64.049199],[-145.728501,64.049193],[-145.728425,64.049186],[-145.72834,64.049179],[-145.728255,64.04917],[-145.728171,64.04916],[-145.728099,64.049151],[-145.728014,64.049139],[-145.727934,64.049127],[-145.727875,64.049117],[-145.72782,64.049107],[-145.727533,64.04906],[-145.727075,64.048983],[-145.726602,64.048904],[-145.726142,64.048827],[-145.72567,64.048749],[-145.725206,64.048671],[-145.724737,64.048593],[-145.724272,64.048515],[-145.7238,64.048436],[-145.723331,64.048357],[-145.722868,64.04828],[-145.722398,64.048201],[-145.721946,64.048126],[-145.721533,64.048591],[-145.721327,64.04883],[-145.721136,64.049054],[-145.721598,64.049132]],[[-145.731884,64.050626],[-145.731891,64.050891],[-145.736496,64.051665],[-145.736546,64.051546],[-145.737132,64.05017],[-145.737513,64.049219],[-145.731844,64.049229],[-145.731869,64.050128],[-145.731871,64.050178],[-145.731884,64.050626]],[[-145.713747,64.032373],[-145.715192,64.032756],[-145.715274,64.032777],[-145.720083,64.03405],[-145.724198,64.03514],[-145.724681,64.034788],[-145.724138,64.034645],[-145.724785,64.034177],[-145.72427,64.034041],[-145.723736,64.033899],[-145.7232,64.033757],[-145.722677,64.033619],[-145.722136,64.033475],[-145.721605,64.033335],[-145.721173,64.033221],[-145.721074,64.033194],[-145.720538,64.033053],[-145.719993,64.032908],[-145.719454,64.032766],[-145.718926,64.032625],[-145.718267,64.03309],[-145.717736,64.032949],[-145.718379,64.032481],[-145.717859,64.032343],[-145.717325,64.032202],[-145.717054,64.03213],[-145.716797,64.032062],[-145.716495,64.031982],[-145.716354,64.031944],[-145.716258,64.031919],[-145.715601,64.032383],[-145.715192,64.032276],[-145.715059,64.03224],[-145.715695,64.031769],[-145.715572,64.031737],[-145.715181,64.031634],[-145.714967,64.031577],[-145.714635,64.031489],[-145.714406,64.031429],[-145.714095,64.031347],[-145.713465,64.031819],[-145.713995,64.031959],[-145.71417,64.032005],[-145.713747,64.032373]],[[-145.732264,64.037774],[-145.731835,64.038085],[-145.731288,64.038484],[-145.729447,64.038695],[-145.729526,64.038843],[-145.729717,64.039146],[-145.729879,64.039406],[-145.72999,64.039581],[-145.730984,64.039465],[-145.732007,64.039345],[-145.732925,64.039238],[-145.733784,64.039137],[-145.733529,64.0387],[-145.733322,64.038343],[-145.733137,64.038005],[-145.732264,64.037774]],[[-145.733927,64.037944],[-145.734973,64.037863],[-145.736946,64.037632],[-145.736961,64.037602],[-145.736256,64.035938],[-145.734234,64.036092],[-145.732957,64.036189],[-145.732393,64.036232],[-145.732996,64.037668],[-145.733137,64.038005],[-145.733927,64.037944]],[[-145.741998,64.055646],[-145.736527,64.055646],[-145.735589,64.057694],[-145.742002,64.057684],[-145.741998,64.055646]],[[-145.734476,64.046951],[-145.731855,64.046961],[-145.731858,64.048428],[-145.731858,64.049054],[-145.737613,64.049036],[-145.737629,64.048992],[-145.737644,64.048949],[-145.73766,64.048905],[-145.737672,64.048867],[-145.737684,64.048829],[-145.737694,64.048796],[-145.737701,64.048769],[-145.73771,64.048736],[-145.737717,64.048709],[-145.737724,64.048682],[-145.737733,64.048643],[-145.73774,64.04861],[-145.737746,64.048583],[-145.737752,64.04855],[-145.737757,64.048522],[-145.737762,64.04849],[-145.737768,64.048451],[-145.737773,64.048418],[-145.737777,64.048379],[-145.737782,64.048341],[-145.737786,64.048302],[-145.737787,64.04827],[-145.737789,64.048242],[-145.737791,64.048209],[-145.737793,64.048171],[-145.737794,64.048126],[-145.737794,64.048088],[-145.737793,64.048049],[-145.737792,64.048006],[-145.737789,64.047962],[-145.737786,64.047918],[-145.737783,64.047873],[-145.737779,64.047835],[-145.737775,64.047802],[-145.737771,64.047769],[-145.737764,64.047731],[-145.737759,64.047687],[-145.737748,64.047643],[-145.737744,64.04761],[-145.737738,64.047582],[-145.737731,64.04755],[-145.737724,64.047523],[-145.737718,64.047496],[-145.737708,64.047456],[-145.737697,64.04742],[-145.737688,64.047385],[-145.737678,64.047353],[-145.737665,64.047315],[-145.737653,64.047276],[-145.737642,64.047244],[-145.737632,64.047217],[-145.737619,64.047184],[-145.737607,64.047152],[-145.737596,64.047125],[-145.737581,64.047086],[-145.737564,64.047049],[-145.737549,64.047017],[-145.737532,64.046978],[-145.737512,64.046936],[-145.737495,64.046904],[-145.737482,64.046876],[-145.737462,64.046839],[-145.737439,64.046797],[-145.737339,64.046617],[-145.73724,64.046623],[-145.736876,64.046666],[-145.735832,64.046791],[-145.734476,64.046951]],[[-145.729343,64.04478],[-145.729279,64.044787],[-145.729207,64.044793],[-145.729139,64.0448],[-145.729051,64.044807],[-145.728976,64.044813],[-145.728904,64.04482],[-145.728805,64.044823],[-145.728731,64.04483],[-145.728668,64.044834],[-145.728594,64.044839],[-145.728534,64.044842],[-145.72846,64.044845],[-145.72836,64.04485],[-145.728262,64.044854],[-145.728177,64.044856],[-145.728087,64.04486],[-145.728013,64.044861],[-145.727947,64.044862],[-145.727889,64.044864],[-145.727813,64.044865],[-145.727739,64.044866],[-145.727674,64.044866],[-145.7276,64.044866],[-145.725702,64.044867],[-145.723157,64.044869],[-145.723054,64.044869],[-145.723132,64.044989],[-145.72384,64.046004],[-145.724204,64.046526],[-145.72439,64.046792],[-145.725001,64.046792],[-145.731684,64.04679],[-145.733704,64.046789],[-145.733609,64.046623],[-145.73354,64.046503],[-145.732579,64.044819],[-145.732346,64.044411],[-145.73168,64.044494],[-145.729512,64.044762],[-145.729411,64.044773],[-145.729343,64.04478]],[[-145.781395,64.126485],[-145.781399,64.127312],[-145.789253,64.127312],[-145.789238,64.123703],[-145.781383,64.123703],[-145.781385,64.124257],[-145.781393,64.126061],[-145.781394,64.126272],[-145.781395,64.126485]],[[-145.797975,64.141747],[-145.805838,64.141747],[-145.805822,64.138139],[-145.797958,64.138144],[-145.79796,64.138533],[-145.79796,64.138699],[-145.797966,64.140023],[-145.797975,64.141747]],[[-145.772699,64.11704],[-145.773096,64.11704],[-145.773103,64.118844],[-145.773107,64.120094],[-145.776838,64.120094],[-145.780966,64.120094],[-145.780959,64.11829],[-145.780956,64.117387],[-145.776828,64.117387],[-145.776825,64.116485],[-145.772697,64.116485],[-145.772699,64.11704]],[[-145.772684,64.112876],[-145.764429,64.112876],[-145.76443,64.113427],[-145.764633,64.113427],[-145.764829,64.113427],[-145.764829,64.113564],[-145.764834,64.113609],[-145.764831,64.114239],[-145.764832,64.114871],[-145.764833,64.115236],[-145.764837,64.116485],[-145.772697,64.116485],[-145.772684,64.112876]],[[-145.764406,64.10566],[-145.756551,64.105659],[-145.756552,64.106009],[-145.756553,64.106209],[-145.756561,64.109469],[-145.756562,64.109819],[-145.756573,64.112877],[-145.764429,64.112876],[-145.764406,64.10566]]]]},"properties":{"id":"precisely-site-2a08cd1b49","src":"precisely","grp":"new","op":"","ref":"C000CU882SL3","locality":"02240","acres":"3635.53","for_site":"site-2a08cd1b49"}},{"type":"Feature","geometry":{"type":"MultiPolygon","coordinates":[[[[151.19267,-33.818506],[151.192406,-33.818143],[151.192253,-33.817936],[151.191693,-33.818218],[151.191112,-33.818511],[151.190848,-33.818644],[151.190169,-33.818987],[151.190568,-33.819536],[151.19267,-33.818506]]]]},"properties":{"id":"precisely-site-2a3ab4c8e9","src":"precisely","grp":"verify","op":"","ref":"1/778425","locality":"ST LEONARDS, NSW","acres":"4.05","for_site":"site-2a3ab4c8e9"}},{"type":"Feature","geometry":{"type":"MultiPolygon","coordinates":[[[[-80.100556,32.964558],[-80.100679,32.964565],[-80.100802,32.964572],[-80.100925,32.96458],[-80.101048,32.964589],[-80.101171,32.9646],[-80.101293,32.964611],[-80.101415,32.964624],[-80.101538,32.964638],[-80.10166,32.964652],[-80.101781,32.964667],[-80.101903,32.964684],[-80.102025,32.964702],[-80.101935,32.965278],[-80.101459,32.965226],[-80.100869,32.965565],[-80.10071,32.965396],[-80.100496,32.965013],[-80.10031,32.964973],[-80.100257,32.964918],[-80.100187,32.964546],[-80.10031,32.964549],[-80.100433,32.964554],[-80.100556,32.964558]]]]},"properties":{"id":"precisely-site-2a514b7f27","src":"precisely","grp":"new","op":"HIGH GROUND PROPERTY LLC","ref":"3930000184","locality":"45019","acres":"3.02","for_site":"site-2a514b7f27"}},{"type":"Feature","geometry":{"type":"MultiPolygon","coordinates":[[[[-84.67513,34.070465],[-84.675499,34.070468],[-84.675972,34.070471],[-84.67625,34.070467],[-84.676465,34.070473],[-84.676559,34.070475],[-84.676593,34.070478],[-84.676649,34.070483],[-84.676531,34.070809],[-84.67652,34.070842],[-84.67651,34.070879],[-84.676014,34.070844],[-84.675915,34.071175],[-84.674995,34.07113],[-84.674731,34.071117],[-84.674806,34.070475],[-84.67513,34.070465]]]]},"properties":{"id":"precisely-site-2ab7bf4fab","src":"precisely","grp":"verify","op":"","ref":"20003100040","locality":"13067","acres":"2.66","for_site":"site-2ab7bf4fab"}},{"type":"Feature","geometry":{"type":"MultiPolygon","coordinates":[[[[153.02897,-27.464485],[153.02932,-27.464844],[153.029344,-27.464886],[153.02934,-27.464933],[153.029311,-27.464972],[153.02908,-27.465151],[153.028811,-27.464875],[153.028783,-27.464846],[153.028695,-27.464757],[153.028663,-27.464723],[153.02897,-27.464485]]]]},"properties":{"id":"precisely-site-2b79585a63","src":"precisely","grp":"verify","op":"","ref":"9 RP92926","locality":"BRISBANE CITY, QLD","acres":"0.62","for_site":"site-2b79585a63"}},{"type":"Feature","geometry":{"type":"MultiPolygon","coordinates":[[[[-81.005599,46.482252],[-81.005584,46.482077],[-81.006958,46.48085],[-81.006961,46.481751],[-81.005599,46.482252]]]]},"properties":{"id":"precisely-site-2ba36c2802","src":"precisely","grp":"verify","op":"","ref":"C000PS17HZTM","locality":"Canada","acres":"1.57","for_site":"site-2ba36c2802"}},{"type":"Feature","geometry":{"type":"MultiPolygon","coordinates":[[[[-114.069302,51.045618],[-114.069041,51.04561],[-114.069065,51.045274],[-114.069326,51.045281],[-114.069302,51.045618]]]]},"properties":{"id":"precisely-site-2be6ae3ad6","src":"precisely","grp":"verify","op":"","ref":"C000PS14PVIN","locality":"Canada","acres":"0.17","for_site":"site-2be6ae3ad6"}},{"type":"Feature","geometry":{"type":"MultiPolygon","coordinates":[[[[149.145429,-35.211404],[149.145509,-35.210999],[149.146662,-35.211066],[149.146615,-35.211459],[149.146571,-35.211555],[149.145429,-35.211404]]]]},"properties":{"id":"precisely-site-2c511162d6","src":"precisely","grp":"verify","op":"","ref":"GUNG/MITC/38/32","locality":"MITCHELL, ACT","acres":"1.32","for_site":"site-2c511162d6"}},{"type":"Feature","geometry":{"type":"MultiPolygon","coordinates":[[[[-86.804201,36.188729],[-86.804204,36.188733],[-86.804235,36.18877],[-86.804269,36.188805],[-86.804286,36.188823],[-86.804308,36.188844],[-86.804337,36.188872],[-86.80438,36.188913],[-86.804391,36.188922],[-86.804392,36.188923],[-86.804445,36.188973],[-86.804502,36.189021],[-86.804559,36.189057],[-86.804619,36.18909],[-86.804681,36.189121],[-86.804745,36.189148],[-86.804833,36.189176],[-86.804922,36.189198],[-86.805014,36.189218],[-86.805106,36.189232],[-86.805199,36.189243],[-86.805293,36.189249],[-86.805362,36.189249],[-86.805431,36.189255],[-86.805479,36.189264],[-86.805526,36.189277],[-86.805571,36.189293],[-86.805614,36.189316],[-86.805653,36.189342],[-86.805689,36.189372],[-86.80572,36.189404],[-86.80574,36.189428],[-86.805739,36.189428],[-86.80522,36.189521],[-86.80338,36.18983],[-86.803207,36.189139],[-86.802973,36.188295],[-86.80259,36.188385],[-86.802477,36.188067],[-86.802779,36.187996],[-86.803198,36.187898],[-86.803301,36.187873],[-86.80342,36.188385],[-86.80359,36.188346],[-86.803937,36.188273],[-86.804,36.188259],[-86.804004,36.188288],[-86.804007,36.188304],[-86.80401,36.188322],[-86.804013,36.18834],[-86.804019,36.188364],[-86.804022,36.188376],[-86.804024,36.188382],[-86.804025,36.188388],[-86.804027,36.188394],[-86.804029,36.188399],[-86.804038,36.18843],[-86.804048,36.188458],[-86.80405,36.188464],[-86.804052,36.188471],[-86.804059,36.188488],[-86.804061,36.188494],[-86.804069,36.188511],[-86.804077,36.188528],[-86.804085,36.188546],[-86.804101,36.188577],[-86.80411,36.188593],[-86.804149,36.188657],[-86.804152,36.188662],[-86.804156,36.188667],[-86.804156,36.188668],[-86.80416,36.188674],[-86.804183,36.188706],[-86.804188,36.188712],[-86.804192,36.188717],[-86.804196,36.188722],[-86.804196,36.188723],[-86.804199,36.188726],[-86.8042,36.188728],[-86.804201,36.188729]]]]},"properties":{"id":"precisely-site-2ca765ad43","src":"precisely","grp":"new","op":"WILLIAMS COMMUNICATIONS, INC","ref":"08103038100","locality":"47037","acres":"5.84","for_site":"site-2ca765ad43"}},{"type":"Feature","geometry":{"type":"MultiPolygon","coordinates":[[[[-71.858103,45.369418],[-71.85813,45.369635],[-71.857717,45.369642],[-71.857251,45.369784],[-71.857047,45.369438],[-71.857627,45.369424],[-71.858103,45.369418]]]]},"properties":{"id":"precisely-site-2d6bc86d3e","src":"precisely","grp":"new","op":"","ref":"C000PS1AJGKP","locality":"Canada","acres":"0.55","for_site":"site-2d6bc86d3e"}},{"type":"Feature","geometry":{"type":"MultiPolygon","coordinates":[[[[144.776911,-37.842854],[144.776897,-37.842901],[144.775319,-37.8426],[144.774709,-37.842432],[144.773271,-37.842157],[144.773849,-37.840261],[144.775239,-37.840527],[144.777489,-37.840959],[144.776911,-37.842854]]]]},"properties":{"id":"precisely-site-2e7528bb02","src":"precisely","grp":"verify","op":"","ref":"5\\PS739073","locality":"LAVERTON NORTH, VIC","acres":"17.85","for_site":"site-2e7528bb02"}},{"type":"Feature","geometry":{"type":"MultiPolygon","coordinates":[[[[115.850307,-31.952548],[115.850517,-31.952071],[115.850252,-31.951985],[115.850271,-31.951942],[115.850317,-31.951836],[115.850314,-31.951835],[115.85044,-31.951549],[115.850577,-31.951593],[115.85074,-31.951646],[115.851486,-31.951889],[115.851214,-31.952506],[115.851095,-31.95275],[115.851013,-31.95278],[115.850307,-31.952548]]],[[[115.85116,-31.951071],[115.850983,-31.951475],[115.850444,-31.9513],[115.850403,-31.951286],[115.850395,-31.951284],[115.850386,-31.951281],[115.850563,-31.950877],[115.85057,-31.95086],[115.850581,-31.950835],[115.850599,-31.950795],[115.850608,-31.950773],[115.850629,-31.950725],[115.850786,-31.950368],[115.851382,-31.950562],[115.851189,-31.951005],[115.851174,-31.95104],[115.851161,-31.951068],[115.85116,-31.951071]]]]},"properties":{"id":"precisely-site-2ec8bb2fd7","src":"precisely","grp":"verify","op":"","ref":"1920/150","locality":"PERTH, WA","acres":"4.05","for_site":"site-2ec8bb2fd7"}},{"type":"Feature","geometry":{"type":"MultiPolygon","coordinates":[[[[-83.076946,42.325859],[-83.077582,42.326989],[-83.077083,42.326836],[-83.076595,42.32597],[-83.076946,42.325859]]]]},"properties":{"id":"precisely-site-2f0ccb3f23","src":"precisely","grp":"verify","op":"","ref":"10006591-9","locality":"26163","acres":"0.93","for_site":"site-2f0ccb3f23"}},{"type":"Feature","geometry":{"type":"MultiPolygon","coordinates":[[[[144.312746,-38.327761],[144.31269,-38.327586],[144.312666,-38.327508],[144.313158,-38.327334],[144.31317,-38.327355],[144.313186,-38.32738],[144.313204,-38.327404],[144.313224,-38.327427],[144.313246,-38.327449],[144.313251,-38.327453],[144.312753,-38.327784],[144.312746,-38.327761]]]]},"properties":{"id":"precisely-site-2f23f84fc5","src":"precisely","grp":"verify","op":"","ref":"7\\PS312082","locality":"TORQUAY, VIC","acres":"0.29","for_site":"site-2f23f84fc5"}},{"type":"Feature","geometry":{"type":"MultiPolygon","coordinates":[[[[-91.920148,44.877275],[-91.919894,44.877273],[-91.919897,44.876917],[-91.920151,44.876917],[-91.920148,44.877275]]]]},"properties":{"id":"precisely-site-2fbd22b425","src":"precisely","grp":"verify","op":"","ref":"1725122813264200029","locality":"55033","acres":"0.2","for_site":"site-2fbd22b425"}},{"type":"Feature","geometry":{"type":"MultiPolygon","coordinates":[[[[144.863939,-37.805921],[144.864365,-37.803337],[144.865175,-37.803429],[144.866501,-37.803581],[144.866581,-37.803633],[144.866457,-37.804384],[144.866425,-37.80458],[144.866417,-37.804626],[144.866162,-37.806175],[144.863939,-37.805921]]]]},"properties":{"id":"precisely-site-3086d90b75","src":"precisely","grp":"verify","op":"","ref":"1\\PS841973","locality":"WEST FOOTSCRAY, VIC","acres":"14.12","for_site":"site-3086d90b75"}},{"type":"Feature","geometry":{"type":"MultiPolygon","coordinates":[[[[144.784992,-37.788711],[144.78466,-37.788682],[144.784717,-37.788645],[144.784756,-37.78836],[144.784789,-37.788117],[144.78481,-37.787956],[144.784831,-37.787904],[144.784988,-37.787805],[144.785145,-37.787818],[144.785427,-37.787843],[144.785709,-37.787868],[144.785991,-37.787893],[144.786273,-37.787918],[144.786555,-37.787943],[144.786849,-37.787969],[144.787202,-37.788],[144.787643,-37.788039],[144.787532,-37.788503],[144.787431,-37.788926],[144.78706,-37.788894],[144.786696,-37.788862],[144.786402,-37.788836],[144.78612,-37.788811],[144.785838,-37.788786],[144.785556,-37.788761],[144.785274,-37.788736],[144.784992,-37.788711]]]]},"properties":{"id":"precisely-site-30c86a51ef","src":"precisely","grp":"verify","op":"","ref":"137\\PS603428","locality":"DERRIMUT, VIC","acres":"6.03","for_site":"site-30c86a51ef"}},{"type":"Feature","geometry":{"type":"MultiPolygon","coordinates":[[[[-73.642043,45.440377],[-73.641196,45.439601],[-73.642099,45.439113],[-73.643265,45.438483],[-73.643977,45.439136],[-73.642941,45.440078],[-73.642093,45.440423],[-73.642043,45.440377]]]]},"properties":{"id":"precisely-site-30d583a855","src":"precisely","grp":"verify","op":"","ref":"C000PS18TLPQ","locality":"Canada","acres":"5.69","for_site":"site-30d583a855"}},{"type":"Feature","geometry":{"type":"MultiPolygon","coordinates":[[[[150.922245,-31.072853],[150.922339,-31.072369],[150.922138,-31.072337],[150.921469,-31.072233],[150.920049,-31.072012],[150.920191,-31.072454],[150.92002,-31.07282],[150.919968,-31.072933],[150.919751,-31.073281],[150.919522,-31.073315],[150.919477,-31.073526],[150.919059,-31.073812],[150.919082,-31.073978],[150.918955,-31.074085],[150.918698,-31.074178],[150.918338,-31.074502],[150.918669,-31.07455],[150.919076,-31.074608],[150.919266,-31.074635],[150.919683,-31.074695],[150.919751,-31.074704],[150.920164,-31.074763],[150.920433,-31.074802],[150.920444,-31.074742],[150.92139,-31.074877],[150.921378,-31.074937],[150.921625,-31.074972],[150.921704,-31.07456],[150.921738,-31.074381],[150.921807,-31.074023],[150.921838,-31.073862],[150.921984,-31.073101],[150.922192,-31.073131],[150.922245,-31.072853]]]]},"properties":{"id":"precisely-site-30ff849543","src":"precisely","grp":"verify","op":"","ref":"1/1173089","locality":"NORTH TAMWORTH, NSW","acres":"17.15","for_site":"site-30ff849543"}},{"type":"Feature","geometry":{"type":"MultiPolygon","coordinates":[[[[-79.526286,43.7299],[-79.526212,43.729909],[-79.526159,43.729916],[-79.525774,43.729964],[-79.52573,43.729969],[-79.525725,43.72997],[-79.525688,43.729975],[-79.52562,43.729688],[-79.525549,43.729387],[-79.525591,43.729381],[-79.525495,43.728976],[-79.525463,43.728838],[-79.525544,43.72882],[-79.525844,43.728752],[-79.526206,43.728669],[-79.527552,43.728365],[-79.527871,43.728292],[-79.527877,43.728317],[-79.527884,43.728348],[-79.527907,43.728442],[-79.528195,43.729662],[-79.52649,43.729875],[-79.526312,43.729896],[-79.526286,43.7299]]]]},"properties":{"id":"precisely-site-31628f0703","src":"precisely","grp":"verify","op":"","ref":"C000PS184YOI","locality":"Canada","acres":"7.08","for_site":"site-31628f0703"}},{"type":"Feature","geometry":{"type":"MultiPolygon","coordinates":[[[[-73.606196,45.530026],[-73.606407,45.529795],[-73.607318,45.530208],[-73.607106,45.530438],[-73.606196,45.530026]]]]},"properties":{"id":"precisely-site-31b9246ae2","src":"precisely","grp":"verify","op":"","ref":"C000PS1A33L5","locality":"Canada","acres":"0.64","for_site":"site-31b9246ae2"}},{"type":"Feature","geometry":{"type":"MultiPolygon","coordinates":[[[[-116.274155,43.459394],[-116.274153,43.459936],[-116.274199,43.461543],[-116.274187,43.466407],[-116.274187,43.466413],[-116.269118,43.466364],[-116.264196,43.466321],[-116.264201,43.462684],[-116.259235,43.46263],[-116.25921,43.459258],[-116.264197,43.459321],[-116.274155,43.459394]]]]},"properties":{"id":"precisely-site-31fc319720","src":"precisely","grp":"verify","op":"","ref":"S1531336001","locality":"16001","acres":"192.74","for_site":"site-31fc319720"}},{"type":"Feature","geometry":{"type":"MultiPolygon","coordinates":[[[[-77.33084,37.35762],[-77.330972,37.357427],[-77.330895,37.357393],[-77.330898,37.357305],[-77.330985,37.357187],[-77.33107,37.357063],[-77.331146,37.356938],[-77.331215,37.356808],[-77.331275,37.356677],[-77.331327,37.356542],[-77.33137,37.356407],[-77.331405,37.356269],[-77.331553,37.355595],[-77.331578,37.355494],[-77.331608,37.355394],[-77.331642,37.355295],[-77.332033,37.354252],[-77.332085,37.354123],[-77.332146,37.353998],[-77.332214,37.353874],[-77.332289,37.353753],[-77.33281,37.352971],[-77.332889,37.352846],[-77.332959,37.352718],[-77.333022,37.352588],[-77.333077,37.352455],[-77.333123,37.352321],[-77.333161,37.352185],[-77.333191,37.352047],[-77.333212,37.351908],[-77.333225,37.351769],[-77.333229,37.35163],[-77.333229,37.34986],[-77.333542,37.349844],[-77.333591,37.350117],[-77.333649,37.350389],[-77.333715,37.350659],[-77.334008,37.351474],[-77.334147,37.351789],[-77.334243,37.352005],[-77.33425,37.352023],[-77.334364,37.35227],[-77.334485,37.352514],[-77.334613,37.352756],[-77.334693,37.352898],[-77.334775,37.353039],[-77.334918,37.353273],[-77.335068,37.353505],[-77.335225,37.353733],[-77.335389,37.353958],[-77.33556,37.35418],[-77.335734,37.354394],[-77.33615,37.354893],[-77.337488,37.3565],[-77.337493,37.356506],[-77.337654,37.356699],[-77.337728,37.356819],[-77.337794,37.356942],[-77.337852,37.357068],[-77.337902,37.357196],[-77.337943,37.357326],[-77.337975,37.357457],[-77.337999,37.357591],[-77.338014,37.357724],[-77.33802,37.357858],[-77.338017,37.357992],[-77.338005,37.358126],[-77.337984,37.358259],[-77.337955,37.358391],[-77.337951,37.358406],[-77.33729,37.360962],[-77.336182,37.360212],[-77.333698,37.359124],[-77.333714,37.358995],[-77.333116,37.35886],[-77.332531,37.358728],[-77.330767,37.358558],[-77.330207,37.358504],[-77.330207,37.358038],[-77.330502,37.357716],[-77.330663,37.35754],[-77.330767,37.357588],[-77.33084,37.35762]]],[[[-77.333052,37.351761],[-77.333039,37.351895],[-77.333019,37.352027],[-77.332991,37.352158],[-77.332954,37.352287],[-77.33291,37.352416],[-77.332858,37.352543],[-77.332798,37.352667],[-77.332731,37.352788],[-77.332656,37.352908],[-77.332136,37.353689],[-77.332056,37.353816],[-77.331985,37.353946],[-77.331921,37.354077],[-77.331866,37.354212],[-77.331476,37.355256],[-77.331439,37.35536],[-77.331408,37.355466],[-77.331382,37.355572],[-77.331234,37.356246],[-77.331201,37.356376],[-77.33116,37.356506],[-77.331111,37.356633],[-77.331053,37.356759],[-77.330988,37.356881],[-77.330915,37.357001],[-77.330835,37.357118],[-77.330748,37.357237],[-77.330656,37.357282],[-77.332653,37.351615],[-77.331737,37.35031],[-77.331811,37.350096],[-77.332301,37.350044],[-77.332808,37.349881],[-77.333056,37.349869],[-77.333056,37.351629],[-77.333052,37.351761]]]]},"properties":{"id":"precisely-site-3249614081","src":"precisely","grp":"verify","op":"DD OWNER LLC","ref":"821655752900000","locality":"51041","acres":"100.23","for_site":"site-3249614081"}},{"type":"Feature","geometry":{"type":"MultiPolygon","coordinates":[[[[153.430023,-28.004938],[153.429088,-28.004796],[153.429053,-28.004785],[153.42903,-28.004759],[153.429026,-28.004727],[153.429035,-28.004575],[153.429031,-28.004418],[153.429024,-28.004326],[153.429353,-28.004376],[153.429488,-28.004397],[153.429618,-28.004476],[153.429608,-28.004527],[153.429586,-28.004523],[153.42958,-28.004557],[153.429565,-28.004555],[153.429551,-28.004558],[153.429542,-28.004561],[153.42953,-28.004567],[153.429522,-28.004572],[153.429515,-28.004578],[153.429508,-28.004585],[153.429502,-28.004595],[153.429509,-28.004605],[153.4295,-28.004611],[153.429494,-28.004642],[153.429485,-28.00464],[153.42948,-28.004648],[153.429476,-28.004656],[153.429473,-28.004665],[153.42947,-28.004675],[153.42947,-28.004686],[153.429471,-28.004695],[153.429473,-28.004703],[153.429481,-28.004704],[153.429475,-28.004733],[153.429484,-28.004744],[153.42947,-28.004752],[153.429473,-28.004763],[153.429477,-28.004771],[153.429482,-28.004781],[153.429488,-28.004789],[153.429496,-28.004796],[153.429506,-28.004803],[153.429515,-28.004808],[153.429529,-28.0048],[153.429556,-28.004834],[153.429714,-28.004858],[153.429754,-28.004833],[153.429771,-28.004853],[153.429793,-28.004856],[153.429823,-28.004837],[153.430023,-28.004938]]]]},"properties":{"id":"precisely-site-325b55ca49","src":"precisely","grp":"new","op":"","ref":"0 SP158894","locality":"SURFERS PARADISE, QLD","acres":"0.66","for_site":"site-325b55ca49"}},{"type":"Feature","geometry":{"type":"MultiPolygon","coordinates":[[[[-79.870016,43.256453],[-79.87019,43.256501],[-79.870437,43.256568],[-79.870448,43.256571],[-79.870419,43.256637],[-79.870373,43.256739],[-79.870299,43.256908],[-79.870034,43.256836],[-79.869847,43.256784],[-79.870016,43.256453]]]]},"properties":{"id":"precisely-site-3263bcbe27","src":"precisely","grp":"verify","op":"","ref":"C000PS17LU9I","locality":"Canada","acres":"0.37","for_site":"site-3263bcbe27"}},{"type":"Feature","geometry":{"type":"MultiPolygon","coordinates":[[[[-77.447055,38.994977],[-77.447011,38.995074],[-77.446959,38.995169],[-77.4469,38.995262],[-77.446842,38.995338],[-77.446777,38.995411],[-77.446705,38.995481],[-77.446627,38.995545],[-77.446542,38.995605],[-77.446452,38.995659],[-77.446357,38.995708],[-77.446257,38.995751],[-77.446153,38.995788],[-77.445321,38.996056],[-77.445289,38.996064],[-77.444866,38.996201],[-77.444814,38.996101],[-77.444805,38.996081],[-77.444801,38.996062],[-77.4448,38.996042],[-77.444804,38.996022],[-77.444811,38.996002],[-77.444753,38.995892],[-77.444718,38.995836],[-77.444678,38.995781],[-77.444631,38.99573],[-77.444577,38.995683],[-77.444519,38.995639],[-77.445144,38.995424],[-77.44512,38.995381],[-77.445138,38.995364],[-77.445152,38.995345],[-77.445163,38.995325],[-77.445169,38.995304],[-77.445172,38.995282],[-77.44517,38.995259],[-77.445165,38.99522],[-77.445167,38.995182],[-77.445173,38.995143],[-77.445186,38.995106],[-77.4452,38.995061],[-77.445205,38.995015],[-77.445202,38.99497],[-77.44519,38.994924],[-77.445171,38.994881],[-77.445066,38.994701],[-77.445064,38.994696],[-77.445063,38.994691],[-77.445063,38.994687],[-77.445064,38.994682],[-77.445067,38.994678],[-77.44507,38.994674],[-77.445074,38.99467],[-77.445079,38.994667],[-77.445084,38.994665],[-77.445476,38.994529],[-77.445508,38.994487],[-77.445152,38.993855],[-77.447119,38.994542],[-77.447173,38.994561],[-77.44712,38.994777],[-77.447092,38.994878],[-77.447055,38.994977]]]]},"properties":{"id":"precisely-site-35ed4f87e7","src":"precisely","grp":"verify","op":"1501 MORAN ROAD DEVELOPMENT OWNER LLC","ref":"045465016000","locality":"51107","acres":"7.42","for_site":"site-35ed4f87e7"}},{"type":"Feature","geometry":{"type":"MultiPolygon","coordinates":[[[[-97.135822,49.894426],[-97.135716,49.894658],[-97.135526,49.894597],[-97.135632,49.894366],[-97.135822,49.894426]]]]},"properties":{"id":"precisely-site-365f297b13","src":"precisely","grp":"verify","op":"","ref":"C000PS16Y262","locality":"Canada","acres":"0.1","for_site":"site-365f297b13"}},{"type":"Feature","geometry":{"type":"MultiPolygon","coordinates":[[[[153.035723,-27.491678],[153.035321,-27.491619],[153.035293,-27.491607],[153.035277,-27.491584],[153.035276,-27.491557],[153.035359,-27.491283],[153.035399,-27.49115],[153.035811,-27.491211],[153.035795,-27.491297],[153.035723,-27.491678]]]]},"properties":{"id":"precisely-site-36c94f6fbd","src":"precisely","grp":"verify","op":"","ref":"1 RP147016","locality":"WOOLLOONGABBA, QLD","acres":"0.57","for_site":"site-36c94f6fbd"}},{"type":"Feature","geometry":{"type":"MultiPolygon","coordinates":[[[[-121.888716,37.33389],[-121.8879,37.334277],[-121.887236,37.333386],[-121.888014,37.333016],[-121.888052,37.332998],[-121.888716,37.33389]]]]},"properties":{"id":"precisely-site-37326288ad","src":"precisely","grp":"verify","op":"","ref":"46722141","locality":"06085","acres":"2.39","for_site":"site-37326288ad"}},{"type":"Feature","geometry":{"type":"MultiPolygon","coordinates":[[[[-94.578974,39.095544],[-94.578937,39.095531],[-94.578923,39.095502],[-94.579027,39.093414],[-94.579044,39.093385],[-94.579082,39.093374],[-94.579868,39.093399],[-94.579904,39.093412],[-94.579918,39.093442],[-94.579808,39.095531],[-94.579791,39.09556],[-94.579753,39.095571],[-94.578974,39.095544]]]]},"properties":{"id":"precisely-site-3769d404f0","src":"precisely","grp":"verify","op":"","ref":"29240191100000000","locality":"29095","acres":"4.58","for_site":"site-3769d404f0"}},{"type":"Feature","geometry":{"type":"MultiPolygon","coordinates":[[[[-95.492377,35.689587],[-95.493488,35.689585],[-95.4946,35.689583],[-95.495712,35.689581],[-95.496823,35.68958],[-95.497935,35.689578],[-95.499046,35.689576],[-95.500155,35.689574],[-95.500097,35.696852],[-95.498987,35.696852],[-95.497878,35.696852],[-95.496769,35.696852],[-95.49566,35.696852],[-95.494551,35.696852],[-95.493442,35.696852],[-95.492332,35.696852],[-95.491229,35.696852],[-95.491228,35.695944],[-95.491234,35.695037],[-95.491239,35.694129],[-95.491244,35.69322],[-95.49125,35.692313],[-95.491255,35.691405],[-95.49126,35.690497],[-95.491265,35.689589],[-95.492377,35.689587]]]]},"properties":{"id":"precisely-site-37c730e006","src":"precisely","grp":"new","op":"","ref":"0000-15-14N-17E-2-046-01","locality":"40101","acres":"160.24","for_site":"site-37c730e006"}},{"type":"Feature","geometry":{"type":"MultiPolygon","coordinates":[[[[-79.332888,43.76915],[-79.333672,43.769337],[-79.33379,43.769632],[-79.333792,43.769637],[-79.333773,43.769636],[-79.333753,43.769636],[-79.333733,43.769637],[-79.333713,43.769638],[-79.333693,43.76964],[-79.333674,43.769642],[-79.333654,43.769645],[-79.333635,43.769649],[-79.332583,43.769873],[-79.332592,43.769895],[-79.332398,43.769936],[-79.332107,43.769997],[-79.332055,43.770008],[-79.331253,43.770179],[-79.331234,43.770183],[-79.331216,43.770188],[-79.331198,43.770194],[-79.331181,43.7702],[-79.331164,43.770206],[-79.331148,43.770214],[-79.331132,43.770221],[-79.331116,43.77023],[-79.331101,43.770239],[-79.331087,43.770248],[-79.331074,43.770258],[-79.33106,43.770267],[-79.331048,43.770279],[-79.331036,43.77029],[-79.331026,43.770301],[-79.331015,43.770313],[-79.331006,43.770325],[-79.330998,43.770338],[-79.330994,43.770343],[-79.330989,43.770348],[-79.330983,43.770353],[-79.330977,43.770357],[-79.33097,43.77036],[-79.330962,43.770363],[-79.330955,43.770366],[-79.330946,43.770368],[-79.330938,43.770369],[-79.330929,43.770369],[-79.330921,43.770369],[-79.330912,43.770368],[-79.330904,43.770366],[-79.330901,43.770365],[-79.330892,43.770385],[-79.330887,43.770394],[-79.330843,43.770382],[-79.330815,43.770375],[-79.330786,43.770369],[-79.330758,43.770363],[-79.330728,43.770359],[-79.330699,43.770355],[-79.33067,43.770351],[-79.330644,43.770349],[-79.330618,43.770346],[-79.330592,43.770345],[-79.330566,43.770343],[-79.330539,43.770343],[-79.330512,43.770343],[-79.330495,43.770343],[-79.330478,43.770343],[-79.330447,43.770345],[-79.330416,43.770346],[-79.330385,43.770349],[-79.330355,43.770352],[-79.330324,43.770356],[-79.330294,43.770361],[-79.330264,43.770366],[-79.330234,43.770372],[-79.329985,43.770425],[-79.329357,43.770472],[-79.329281,43.770477],[-79.329244,43.77048],[-79.3285,43.770534],[-79.328251,43.768778],[-79.32875,43.76878],[-79.328834,43.768787],[-79.330087,43.768902],[-79.330617,43.76895],[-79.331159,43.768998],[-79.331416,43.769021],[-79.332888,43.76915]]]]},"properties":{"id":"precisely-site-38eadca1de","src":"precisely","grp":"verify","op":"","ref":"C000PS188GKT","locality":"Canada","acres":"14.02","for_site":"site-38eadca1de"}},{"type":"Feature","geometry":{"type":"MultiPolygon","coordinates":[[[[-83.048019,40.22134],[-83.047878,40.223158],[-83.047877,40.223169],[-83.047843,40.223617],[-83.047676,40.225769],[-83.04765,40.225768],[-83.043464,40.225586],[-83.043634,40.223441],[-83.04368,40.222845],[-83.042573,40.222801],[-83.041275,40.22275],[-83.041375,40.221347],[-83.042036,40.221376],[-83.042069,40.221377],[-83.042118,40.221377],[-83.042167,40.221374],[-83.042199,40.221372],[-83.042247,40.221366],[-83.042279,40.221362],[-83.042327,40.221353],[-83.042358,40.221346],[-83.042404,40.221335],[-83.042435,40.221326],[-83.04248,40.221311],[-83.042509,40.2213],[-83.042552,40.221282],[-83.04258,40.22127],[-83.042621,40.221249],[-83.042653,40.221231],[-83.042685,40.221211],[-83.04271,40.221194],[-83.042745,40.221169],[-83.042768,40.221151],[-83.0428,40.221123],[-83.042821,40.221104],[-83.042825,40.2211],[-83.043128,40.221213],[-83.043879,40.221203],[-83.048019,40.22134]]]]},"properties":{"id":"precisely-site-38eb70d2ce","src":"precisely","grp":"verify","op":"CITIGROUP TECHNOLOGY INC","ref":"41944005007001","locality":"39041","acres":"52.08","for_site":"site-38eb70d2ce"}},{"type":"Feature","geometry":{"type":"MultiPolygon","coordinates":[[[[-95.833547,36.101301],[-95.833549,36.100822],[-95.833352,36.100822],[-95.833362,36.097207],[-95.837356,36.097213],[-95.839422,36.097216],[-95.840685,36.097217],[-95.842124,36.097219],[-95.842124,36.098845],[-95.842124,36.100838],[-95.842124,36.102028],[-95.842124,36.102228],[-95.841972,36.102234],[-95.841973,36.102646],[-95.842124,36.102646],[-95.842124,36.103566],[-95.842123,36.104336],[-95.841564,36.104339],[-95.841568,36.103513],[-95.841569,36.103404],[-95.838098,36.101351],[-95.834824,36.100514],[-95.833754,36.101302],[-95.833547,36.101301]]]]},"properties":{"id":"precisely-site-38f03e829c","src":"precisely","grp":"new","op":"MERIT PARTNERS LLC","ref":"R75400942903520","locality":"40143","acres":"97.48","for_site":"site-38f03e829c"}},{"type":"Feature","geometry":{"type":"MultiPolygon","coordinates":[[[[-81.103857,35.03508],[-81.103917,35.03509],[-81.103976,35.035101],[-81.104034,35.035117],[-81.104091,35.035134],[-81.104147,35.035153],[-81.104845,35.035414],[-81.104887,35.035428],[-81.104929,35.035439],[-81.104972,35.03545],[-81.105015,35.035459],[-81.105059,35.035467],[-81.105103,35.035472],[-81.105147,35.035476],[-81.105192,35.035478],[-81.105906,35.034191],[-81.106607,35.034362],[-81.106948,35.032945],[-81.105282,35.032653],[-81.104471,35.033556],[-81.103548,35.033575],[-81.103559,35.031185],[-81.103685,35.031185],[-81.103688,35.030718],[-81.103563,35.030718],[-81.103566,35.030162],[-81.105224,35.029915],[-81.105773,35.029841],[-81.10583,35.029761],[-81.105946,35.029686],[-81.106061,35.029667],[-81.106215,35.02952],[-81.106392,35.029527],[-81.106509,35.029488],[-81.106655,35.029433],[-81.106793,35.029385],[-81.106942,35.02937],[-81.107439,35.029203],[-81.107635,35.029086],[-81.107935,35.029017],[-81.10867,35.028709],[-81.109151,35.028517],[-81.10947,35.028357],[-81.109614,35.028392],[-81.109763,35.028311],[-81.109961,35.027981],[-81.110013,35.027343],[-81.110186,35.027232],[-81.110314,35.027072],[-81.110385,35.027003],[-81.110419,35.026919],[-81.110455,35.026779],[-81.110528,35.026616],[-81.110619,35.026519],[-81.110635,35.026467],[-81.110611,35.026097],[-81.110633,35.026043],[-81.110885,35.025856],[-81.111027,35.025735],[-81.111413,35.02551],[-81.11179,35.025355],[-81.111862,35.025417],[-81.114105,35.027366],[-81.118581,35.029718],[-81.119823,35.028344],[-81.119934,35.028217],[-81.120208,35.02843],[-81.120153,35.028631],[-81.120093,35.028832],[-81.12003,35.029032],[-81.119961,35.029232],[-81.119889,35.02943],[-81.119812,35.029627],[-81.119731,35.029822],[-81.119645,35.030017],[-81.119785,35.03006],[-81.119701,35.030241],[-81.119613,35.030421],[-81.119521,35.030599],[-81.119426,35.030777],[-81.119327,35.030952],[-81.119225,35.031127],[-81.119119,35.0313],[-81.11901,35.031471],[-81.118893,35.031418],[-81.118743,35.031642],[-81.118587,35.031864],[-81.118395,35.032124],[-81.117164,35.033779],[-81.117079,35.033736],[-81.116382,35.034673],[-81.116453,35.034708],[-81.116261,35.034966],[-81.11593,35.035412],[-81.115945,35.035419],[-81.114898,35.036825],[-81.114857,35.036801],[-81.114506,35.037271],[-81.114578,35.037307],[-81.113771,35.038392],[-81.113557,35.038284],[-81.113089,35.038911],[-81.11262,35.039542],[-81.111801,35.040644],[-81.111544,35.040997],[-81.111474,35.041101],[-81.111406,35.041207],[-81.111341,35.041314],[-81.111279,35.041422],[-81.111219,35.041531],[-81.111162,35.041641],[-81.111107,35.041752],[-81.111056,35.041863],[-81.111007,35.041976],[-81.110961,35.042089],[-81.110918,35.042203],[-81.110878,35.042318],[-81.11084,35.042434],[-81.110806,35.04255],[-81.110774,35.042666],[-81.110745,35.042783],[-81.110662,35.043189],[-81.110602,35.043501],[-81.1106,35.043513],[-81.108462,35.043364],[-81.107688,35.043296],[-81.107613,35.043288],[-81.107538,35.043279],[-81.107464,35.043267],[-81.10739,35.043254],[-81.107317,35.043238],[-81.107244,35.04322],[-81.107172,35.043201],[-81.107101,35.04318],[-81.107031,35.043156],[-81.106962,35.043131],[-81.106893,35.043105],[-81.106826,35.043076],[-81.10676,35.043045],[-81.106696,35.043013],[-81.106632,35.042979],[-81.10657,35.042944],[-81.106509,35.042907],[-81.10645,35.042868],[-81.106393,35.042828],[-81.106337,35.042786],[-81.106283,35.042742],[-81.10623,35.042698],[-81.106179,35.042652],[-81.10613,35.042604],[-81.106083,35.042556],[-81.106038,35.042506],[-81.105995,35.042455],[-81.105954,35.042403],[-81.105915,35.04235],[-81.105879,35.042296],[-81.105844,35.04224],[-81.105812,35.042184],[-81.10543,35.041498],[-81.105389,35.041428],[-81.105346,35.04136],[-81.105719,35.039559],[-81.106043,35.037993],[-81.106451,35.036015],[-81.104862,35.035954],[-81.103536,35.035905],[-81.103537,35.035789],[-81.10354,35.035411],[-81.103708,35.035274],[-81.103709,35.035093],[-81.103675,35.035065],[-81.103736,35.035068],[-81.103797,35.035072],[-81.103857,35.03508]]]]},"properties":{"id":"precisely-site-3912b9caf4","src":"precisely","grp":"new","op":"","ref":"4900000053","locality":"45091","acres":"391.23","for_site":"site-3912b9caf4"}},{"type":"Feature","geometry":{"type":"MultiPolygon","coordinates":[[[[-94.675456,39.291393],[-94.675124,39.290586],[-94.675054,39.290405],[-94.67499,39.290222],[-94.674933,39.290037],[-94.67487,39.28982],[-94.675824,39.28938],[-94.676862,39.29074],[-94.675456,39.291393]]]]},"properties":{"id":"precisely-site-394522b2e1","src":"precisely","grp":"verify","op":"KC REAL ESTATE MANAGEMENT LLC","ref":"17-7.0-25-000-000-014.000","locality":"29165","acres":"5.22","for_site":"site-394522b2e1"}},{"type":"Feature","geometry":{"type":"MultiPolygon","coordinates":[[[[-98.688667,29.469065],[-98.689235,29.468887],[-98.689705,29.468769],[-98.689796,29.468956],[-98.689894,29.469142],[-98.689999,29.469325],[-98.690111,29.469504],[-98.690229,29.469681],[-98.690353,29.469854],[-98.690483,29.470024],[-98.690619,29.47019],[-98.690761,29.470352],[-98.690909,29.47051],[-98.691062,29.470664],[-98.691154,29.470755],[-98.691173,29.470774],[-98.69123,29.470827],[-98.691236,29.470835],[-98.691241,29.470843],[-98.691243,29.470853],[-98.691245,29.470861],[-98.691244,29.470871],[-98.691241,29.470881],[-98.691237,29.470889],[-98.691231,29.470897],[-98.691223,29.470904],[-98.691144,29.470966],[-98.691069,29.47102],[-98.690989,29.471071],[-98.690906,29.471116],[-98.690819,29.471157],[-98.69073,29.471192],[-98.690638,29.471222],[-98.688141,29.471953],[-98.687833,29.472043],[-98.687832,29.472044],[-98.687775,29.471934],[-98.686314,29.469039],[-98.687804,29.469182],[-98.688169,29.469132],[-98.688667,29.469065]]]]},"properties":{"id":"precisely-site-39d181b7c8","src":"precisely","grp":"verify","op":"","ref":"1124990","locality":"48029","acres":"24.87","for_site":"site-39d181b7c8"}},{"type":"Feature","geometry":{"type":"MultiPolygon","coordinates":[[[[-93.524769,41.557642],[-93.529079,41.557805],[-93.529137,41.55781],[-93.529194,41.55782],[-93.529249,41.557835],[-93.5293,41.557855],[-93.529349,41.55788],[-93.529348,41.557895],[-93.529339,41.561378],[-93.529342,41.565009],[-93.524883,41.56485],[-93.522441,41.564743],[-93.522437,41.561969],[-93.522434,41.561141],[-93.522432,41.560363],[-93.522427,41.557482],[-93.52477,41.557571],[-93.524769,41.557642]]]]},"properties":{"id":"precisely-site-39f3f010ae","src":"precisely","grp":"verify","op":"","ref":"782317200002","locality":"19153","acres":"114.2","for_site":"site-39f3f010ae"}},{"type":"Feature","geometry":{"type":"MultiPolygon","coordinates":[[[[-74.050639,45.413203],[-74.050637,45.413204],[-74.050635,45.413205],[-74.050633,45.413206],[-74.050631,45.413207],[-74.050629,45.413207],[-74.050627,45.413208],[-74.050625,45.413209],[-74.050623,45.41321],[-74.050621,45.413211],[-74.050619,45.413211],[-74.050616,45.413211],[-74.050614,45.413213],[-74.050612,45.413213],[-74.05061,45.413214],[-74.050608,45.413214],[-74.050606,45.413214],[-74.050603,45.413216],[-74.050601,45.413216],[-74.050599,45.413217],[-74.050597,45.413217],[-74.050594,45.413217],[-74.050592,45.413217],[-74.05059,45.413218],[-74.050588,45.413219],[-74.050585,45.413219],[-74.050583,45.413219],[-74.050581,45.41322],[-74.050578,45.41322],[-74.050576,45.41322],[-74.050574,45.41322],[-74.050571,45.413221],[-74.050569,45.413221],[-74.050567,45.413221],[-74.050564,45.413221],[-74.050562,45.413221],[-74.05056,45.413221],[-74.050557,45.413221],[-74.050555,45.413221],[-74.050553,45.413221],[-74.05055,45.413221],[-74.050548,45.413221],[-74.050546,45.413221],[-74.050543,45.413221],[-74.050541,45.413221],[-74.050539,45.413221],[-74.050536,45.413221],[-74.050534,45.41322],[-74.050532,45.41322],[-74.050529,45.41322],[-74.050527,45.41322],[-74.050525,45.413219],[-74.050523,45.413219],[-74.05052,45.413219],[-74.050518,45.413218],[-74.050516,45.413217],[-74.050513,45.413217],[-74.050511,45.413217],[-74.050509,45.413217],[-74.050507,45.413216],[-74.050504,45.413216],[-74.050502,45.413214],[-74.0505,45.413214],[-74.050498,45.413214],[-74.050496,45.413213],[-74.050494,45.413213],[-74.050491,45.413211],[-74.050489,45.413211],[-74.050487,45.413211],[-74.050485,45.41321],[-74.050483,45.413209],[-74.050481,45.413208],[-74.050479,45.413207],[-74.050477,45.413207],[-74.050475,45.413206],[-74.050473,45.413205],[-74.050471,45.413204],[-74.050469,45.413203],[-74.050467,45.413202],[-74.050465,45.413201],[-74.050463,45.4132],[-74.050461,45.413199],[-74.050459,45.413198],[-74.050458,45.413197],[-74.050456,45.413196],[-74.050454,45.413195],[-74.050452,45.413194],[-74.05045,45.413193],[-74.050449,45.413192],[-74.050447,45.413191],[-74.050445,45.41319],[-74.050444,45.413188],[-74.050442,45.413187],[-74.050441,45.413186],[-74.050439,45.413185],[-74.050437,45.413183],[-74.050436,45.413182],[-74.050434,45.413181],[-74.050433,45.41318],[-74.050432,45.413178],[-74.05043,45.413177],[-74.050429,45.413176],[-74.048407,45.411167],[-74.050443,45.410156],[-74.051654,45.411371],[-74.051652,45.411372],[-74.052539,45.412254],[-74.050645,45.4132],[-74.050643,45.413201],[-74.050641,45.413202],[-74.050639,45.413203]]]]},"properties":{"id":"precisely-site-3bd2eada9e","src":"precisely","grp":"verify","op":"","ref":"C000PS1AMIF3","locality":"Canada","acres":"13.7","for_site":"site-3bd2eada9e"}},{"type":"Feature","geometry":{"type":"MultiPolygon","coordinates":[[[[-71.327487,46.67567],[-71.326704,46.676215],[-71.326424,46.67641],[-71.324976,46.677192],[-71.324132,46.676616],[-71.325417,46.675723],[-71.326332,46.676346],[-71.327394,46.675608],[-71.327395,46.675608],[-71.327487,46.67567]]]]},"properties":{"id":"precisely-site-3c7fe69776","src":"precisely","grp":"verify","op":"","ref":"C000PS18PHF2","locality":"Canada","acres":"3.73","for_site":"site-3c7fe69776"}},{"type":"Feature","geometry":{"type":"MultiPolygon","coordinates":[[[[-73.574771,45.49361],[-73.574366,45.493415],[-73.573542,45.493018],[-73.574131,45.492404],[-73.574327,45.49234],[-73.574434,45.492392],[-73.575061,45.492699],[-73.575067,45.492693],[-73.57511,45.492714],[-73.575009,45.492815],[-73.575508,45.493053],[-73.575414,45.493151],[-73.575222,45.493348],[-73.574923,45.493657],[-73.574771,45.49361]]]]},"properties":{"id":"precisely-site-3c89b022fa","src":"precisely","grp":"verify","op":"","ref":"C000PS1AC565","locality":"Canada","acres":"2.92","for_site":"site-3c89b022fa"}},{"type":"Feature","geometry":{"type":"MultiPolygon","coordinates":[[[[151.273919,-33.76342],[151.273772,-33.763399],[151.27361,-33.763377],[151.273541,-33.763828],[151.273614,-33.763838],[151.273682,-33.763847],[151.273828,-33.763868],[151.273919,-33.76342]]]]},"properties":{"id":"precisely-site-3cffe4147d","src":"precisely","grp":"verify","op":"","ref":"1/550477","locality":"BROOKVALE, NSW","acres":"0.35","for_site":"site-3cffe4147d"}},{"type":"Feature","geometry":{"type":"MultiPolygon","coordinates":[[[[-117.151898,33.747664],[-117.151992,33.747664],[-117.152469,33.747662],[-117.152469,33.748498],[-117.152468,33.748571],[-117.152403,33.748571],[-117.151897,33.748572],[-117.151897,33.748569],[-117.151898,33.747664]]]]},"properties":{"id":"precisely-site-3d34ffd2cf","src":"precisely","grp":"verify","op":"PETERSON LAZ C","ref":"327290012","locality":"06065","acres":"1.32","for_site":"site-3d34ffd2cf"}},{"type":"Feature","geometry":{"type":"MultiPolygon","coordinates":[[[[-90.771772,35.038413],[-90.771826,35.038738],[-90.771835,35.039221],[-90.771701,35.039506],[-90.771009,35.0402],[-90.768338,35.040309],[-90.767834,35.040537],[-90.765695,35.040547],[-90.764827,35.04055],[-90.765049,35.038721],[-90.765152,35.037868],[-90.767408,35.037853],[-90.769772,35.038052],[-90.771772,35.038413]]]]},"properties":{"id":"precisely-site-3d442303c9","src":"precisely","grp":"new","op":"BOARD OF TRUSTEES OF THE UNIVERSITY OF A","ref":"0800-00658-0000","locality":"05123","acres":"39.74","for_site":"site-3d442303c9"}},{"type":"Feature","geometry":{"type":"MultiPolygon","coordinates":[[[[-73.569479,45.497221],[-73.569472,45.497184],[-73.570049,45.496701],[-73.571382,45.497344],[-73.570895,45.497864],[-73.570842,45.497871],[-73.569479,45.497221]]]]},"properties":{"id":"precisely-site-3d5e546830","src":"precisely","grp":"verify","op":"","ref":"C000PS1A5HI1","locality":"Canada","acres":"2.34","for_site":"site-3d5e546830"}},{"type":"Feature","geometry":{"type":"MultiPolygon","coordinates":[[[[-122.317065,47.693419],[-122.317066,47.693285],[-122.317066,47.693174],[-122.317472,47.693175],[-122.31748,47.693176],[-122.31748,47.693181],[-122.31748,47.693288],[-122.317479,47.693422],[-122.317479,47.693555],[-122.317478,47.693689],[-122.317478,47.693756],[-122.317063,47.693754],[-122.317064,47.693687],[-122.317064,47.693552],[-122.317065,47.693419]]]]},"properties":{"id":"precisely-site-3e204ec4f7","src":"precisely","grp":"verify","op":"","ref":"5100402335","locality":"53033","acres":"0.5","for_site":"site-3e204ec4f7"}},{"type":"Feature","geometry":{"type":"MultiPolygon","coordinates":[[[[-118.343326,34.200192],[-118.343212,34.20019],[-118.343212,34.200193],[-118.343154,34.200193],[-118.343089,34.200192],[-118.343101,34.19935],[-118.344035,34.199355],[-118.344258,34.199359],[-118.344273,34.199361],[-118.344288,34.199363],[-118.344303,34.199367],[-118.344316,34.199372],[-118.344326,34.199379],[-118.344333,34.199386],[-118.344339,34.199395],[-118.344343,34.199405],[-118.344331,34.200429],[-118.343672,34.200421],[-118.343677,34.200253],[-118.343324,34.200248],[-118.343326,34.200192]]]]},"properties":{"id":"precisely-site-3ec6528031","src":"precisely","grp":"verify","op":"DIGITAL WINONA LLC","ref":"2466-022-046","locality":"06037","acres":"3.07","for_site":"site-3ec6528031"}},{"type":"Feature","geometry":{"type":"MultiPolygon","coordinates":[[[[-106.625274,52.140347],[-106.622984,52.140348],[-106.62298,52.139211],[-106.62746,52.139198],[-106.629504,52.138693],[-106.630247,52.1402],[-106.634009,52.140188],[-106.634017,52.141898],[-106.633733,52.141952],[-106.633452,52.142012],[-106.633174,52.142078],[-106.622994,52.144617],[-106.622988,52.141505],[-106.625275,52.141504],[-106.625274,52.140347]]]]},"properties":{"id":"precisely-site-3efe438a04","src":"precisely","grp":"verify","op":"","ref":"C000PS1APBRJ","locality":"Canada","acres":"72.5","for_site":"site-3efe438a04"}},{"type":"Feature","geometry":{"type":"MultiPolygon","coordinates":[[[[-119.484462,39.521589],[-119.484565,39.521674],[-119.484661,39.521764],[-119.484751,39.521857],[-119.484835,39.521955],[-119.484912,39.522055],[-119.484983,39.522158],[-119.485046,39.522265],[-119.485102,39.522373],[-119.48515,39.522484],[-119.485191,39.522597],[-119.485224,39.52271],[-119.48569,39.52453],[-119.485575,39.524551],[-119.485462,39.524578],[-119.485351,39.524609],[-119.485243,39.524646],[-119.485137,39.524686],[-119.48363,39.525306],[-119.48211,39.525871],[-119.481985,39.525921],[-119.481864,39.525977],[-119.481748,39.52604],[-119.481638,39.526108],[-119.481533,39.526182],[-119.481434,39.526259],[-119.481342,39.526343],[-119.481257,39.52643],[-119.48118,39.526522],[-119.48111,39.526616],[-119.481048,39.526715],[-119.480995,39.526816],[-119.479654,39.527367],[-119.477575,39.524332],[-119.484099,39.521651],[-119.484389,39.521532],[-119.484462,39.521589]]]]},"properties":{"id":"precisely-site-3f2879bf0f","src":"precisely","grp":"new","op":"MECP1 RENO 1 LLC","ref":"005-071-46","locality":"32029","acres":"56.27","for_site":"site-3f2879bf0f"}},{"type":"Feature","geometry":{"type":"MultiPolygon","coordinates":[[[[-120.378936,50.675141],[-120.378965,50.675118],[-120.378996,50.675096],[-120.379027,50.675076],[-120.37906,50.675057],[-120.379093,50.67504],[-120.379128,50.675024],[-120.379163,50.675011],[-120.379176,50.675006],[-120.38066,50.67446],[-120.380787,50.674426],[-120.380923,50.674412],[-120.38162,50.675177],[-120.379932,50.676103],[-120.378762,50.676538],[-120.378032,50.675745],[-120.378189,50.675586],[-120.378221,50.675587],[-120.378253,50.675587],[-120.378285,50.675585],[-120.378316,50.675582],[-120.378348,50.675577],[-120.378379,50.67557],[-120.37841,50.675562],[-120.378441,50.675552],[-120.378471,50.675541],[-120.3785,50.675529],[-120.378529,50.675515],[-120.378557,50.675499],[-120.378584,50.675483],[-120.378611,50.675465],[-120.378636,50.675445],[-120.378661,50.675425],[-120.378667,50.67542],[-120.37888,50.675192],[-120.378907,50.675166],[-120.378936,50.675141]]]]},"properties":{"id":"precisely-site-3fbf5d222e","src":"precisely","grp":"verify","op":"","ref":"C000PS16LB57","locality":"Canada","acres":"7.18","for_site":"site-3fbf5d222e"}},{"type":"Feature","geometry":{"type":"MultiPolygon","coordinates":[[[[-72.991497,43.65642],[-72.991953,43.656265],[-72.993027,43.655877],[-72.995712,43.655815],[-72.996079,43.656844],[-72.996176,43.657116],[-72.995777,43.657131],[-72.996182,43.658154],[-72.997435,43.657855],[-72.997784,43.658652],[-72.998114,43.659422],[-72.99826,43.659756],[-72.998473,43.660216],[-72.997338,43.660161],[-72.996906,43.660137],[-72.996399,43.660116],[-72.996369,43.659602],[-72.995748,43.659217],[-72.995136,43.659543],[-72.994016,43.659478],[-72.994075,43.660307],[-72.994127,43.661106],[-72.992858,43.661016],[-72.991803,43.66094],[-72.990681,43.660858],[-72.990123,43.660242],[-72.989567,43.659647],[-72.99006,43.659538],[-72.990521,43.658313],[-72.992076,43.65831],[-72.991497,43.65642]]]]},"properties":{"id":"precisely-site-3fc385f22d","src":"precisely","grp":"new","op":"VERMONT TRANSCO LLC","ref":"543-171-12048","locality":"50021","acres":"58.58","for_site":"site-3fc385f22d"}},{"type":"Feature","geometry":{"type":"MultiPolygon","coordinates":[[[[-96.831951,46.864691],[-96.83218,46.864538],[-96.832737,46.864932],[-96.832507,46.865084],[-96.831951,46.864691]]]]},"properties":{"id":"precisely-site-3fc81b7b79","src":"precisely","grp":"verify","op":"","ref":"01402100267000","locality":"38017","acres":"0.37","for_site":"site-3fc81b7b79"}},{"type":"Feature","geometry":{"type":"MultiPolygon","coordinates":[[[[-79.342768,43.849917],[-79.342835,43.850081],[-79.34322,43.851025],[-79.342353,43.851222],[-79.342148,43.851268],[-79.342144,43.851269],[-79.341695,43.851372],[-79.341668,43.851378],[-79.341595,43.851394],[-79.341658,43.851306],[-79.341925,43.850933],[-79.341536,43.85004],[-79.342768,43.849917]]]]},"properties":{"id":"precisely-site-415497d875","src":"precisely","grp":"verify","op":"","ref":"C000PS188JE9","locality":"Canada","acres":"3.5","for_site":"site-415497d875"}},{"type":"Feature","geometry":{"type":"MultiPolygon","coordinates":[[[[-106.625274,52.140347],[-106.622984,52.140348],[-106.62298,52.139211],[-106.62746,52.139198],[-106.629504,52.138693],[-106.630247,52.1402],[-106.634009,52.140188],[-106.634017,52.141898],[-106.633733,52.141952],[-106.633452,52.142012],[-106.633174,52.142078],[-106.622994,52.144617],[-106.622988,52.141505],[-106.625275,52.141504],[-106.625274,52.140347]]]]},"properties":{"id":"precisely-site-41599cc650","src":"precisely","grp":"verify","op":"","ref":"C000PS1APBRJ","locality":"Canada","acres":"72.5","for_site":"site-41599cc650"}},{"type":"Feature","geometry":{"type":"MultiPolygon","coordinates":[[[[-117.238979,33.153417],[-117.239035,33.153721],[-117.238656,33.153766],[-117.238604,33.153461],[-117.238979,33.153417]]]]},"properties":{"id":"precisely-site-41b0db2cda","src":"precisely","grp":"verify","op":"","ref":"2170101600","locality":"06073","acres":"0.3","for_site":"site-41b0db2cda"}},{"type":"Feature","geometry":{"type":"MultiPolygon","coordinates":[[[[-85.039745,41.033987],[-85.040323,41.033801],[-85.040317,41.033654],[-85.03957,41.033673],[-85.039523,41.033589],[-85.039523,41.033588],[-85.039493,41.033538],[-85.039478,41.03351],[-85.038656,41.032037],[-85.036375,41.027955],[-85.036372,41.02793],[-85.036355,41.02788],[-85.036339,41.027815],[-85.036308,41.02776],[-85.036305,41.027676],[-85.036301,41.02764],[-85.036305,41.027599],[-85.036308,41.027553],[-85.0363,41.02749],[-85.036287,41.02742],[-85.036292,41.027362],[-85.036259,41.027287],[-85.036265,41.027227],[-85.036268,41.02715],[-85.036276,41.02711],[-85.036279,41.02704],[-85.036279,41.027006],[-85.036278,41.026954],[-85.036278,41.026895],[-85.036283,41.026838],[-85.036289,41.026802],[-85.036286,41.026757],[-85.036286,41.026689],[-85.03629,41.026657],[-85.036287,41.026625],[-85.036281,41.026574],[-85.03627,41.026528],[-85.036264,41.026467],[-85.036267,41.026428],[-85.036271,41.026401],[-85.036271,41.0264],[-85.038494,41.026353],[-85.040839,41.026294],[-85.040876,41.026293],[-85.040962,41.026291],[-85.042422,41.026255],[-85.043258,41.026234],[-85.043305,41.026233],[-85.04564,41.026174],[-85.04571,41.026172],[-85.046824,41.026144],[-85.048007,41.026115],[-85.048115,41.026112],[-85.05052,41.026052],[-85.052925,41.025991],[-85.056105,41.025911],[-85.0575,41.025876],[-85.057641,41.033137],[-85.057749,41.038545],[-85.053213,41.038659],[-85.053257,41.040505],[-85.05324,41.040505],[-85.050874,41.040564],[-85.048492,41.040624],[-85.04566,41.040695],[-85.045201,41.040707],[-85.045198,41.040705],[-85.045195,41.040703],[-85.045191,41.040701],[-85.045188,41.040699],[-85.045185,41.040698],[-85.045181,41.040696],[-85.045178,41.040694],[-85.045175,41.040693],[-85.045171,41.040691],[-85.045168,41.040689],[-85.045165,41.040687],[-85.045162,41.040685],[-85.045158,41.040684],[-85.045155,41.040682],[-85.045152,41.04068],[-85.045148,41.040678],[-85.045145,41.040677],[-85.045142,41.040675],[-85.045138,41.040673],[-85.045135,41.040671],[-85.045132,41.04067],[-85.045129,41.040668],[-85.045125,41.040666],[-85.045122,41.040664],[-85.045119,41.040662],[-85.045115,41.040661],[-85.045112,41.040659],[-85.045109,41.040657],[-85.045106,41.040655],[-85.045102,41.040654],[-85.045099,41.040651],[-85.045096,41.04065],[-85.045092,41.040648],[-85.045089,41.040647],[-85.045086,41.040645],[-85.045083,41.040643],[-85.045079,41.040641],[-85.045076,41.040639],[-85.045073,41.040637],[-85.045069,41.040636],[-85.045066,41.040634],[-85.045063,41.040632],[-85.04506,41.04063],[-85.045056,41.040629],[-85.045053,41.040626],[-85.04505,41.040625],[-85.045046,41.040623],[-85.045043,41.040621],[-85.04504,41.04062],[-85.045037,41.040617],[-85.045033,41.040616],[-85.04503,41.040614],[-85.045027,41.040612],[-85.045024,41.040611],[-85.04502,41.040609],[-85.045017,41.040607],[-85.045014,41.040605],[-85.045011,41.040603],[-85.045007,41.040602],[-85.045004,41.0406],[-85.045001,41.040598],[-85.044998,41.040596],[-85.044994,41.040594],[-85.044991,41.040592],[-85.044988,41.040591],[-85.044985,41.040589],[-85.044981,41.040587],[-85.044978,41.040585],[-85.044975,41.040583],[-85.044972,41.040581],[-85.044968,41.04058],[-85.044965,41.040578],[-85.044962,41.040576],[-85.044959,41.040574],[-85.044955,41.040572],[-85.044952,41.040571],[-85.044949,41.040569],[-85.044946,41.040567],[-85.044942,41.040565],[-85.044939,41.040563],[-85.044936,41.040561],[-85.044933,41.04056],[-85.044929,41.040558],[-85.044926,41.040556],[-85.044923,41.040554],[-85.04492,41.040552],[-85.044916,41.04055],[-85.044913,41.040549],[-85.04491,41.040547],[-85.044907,41.040545],[-85.044904,41.040543],[-85.0449,41.040541],[-85.044897,41.04054],[-85.044894,41.040538],[-85.044891,41.040536],[-85.044887,41.040533],[-85.044884,41.040532],[-85.044881,41.04053],[-85.044878,41.040528],[-85.044875,41.040527],[-85.044871,41.040525],[-85.044868,41.040523],[-85.044865,41.040521],[-85.044862,41.040519],[-85.044858,41.040517],[-85.044855,41.040515],[-85.044852,41.040513],[-85.044849,41.040512],[-85.044846,41.04051],[-85.044842,41.040508],[-85.044839,41.040506],[-85.044836,41.040504],[-85.044833,41.040502],[-85.04483,41.040501],[-85.044826,41.040499],[-85.044823,41.040496],[-85.04482,41.040495],[-85.044817,41.040493],[-85.044814,41.040491],[-85.04481,41.040489],[-85.044807,41.040488],[-85.044804,41.040485],[-85.044801,41.040484],[-85.044798,41.040482],[-85.044794,41.04048],[-85.044791,41.040478],[-85.044788,41.040476],[-85.044785,41.040474],[-85.044782,41.040473],[-85.044778,41.040471],[-85.044775,41.040468],[-85.044772,41.040467],[-85.044769,41.040465],[-85.044766,41.040463],[-85.044762,41.040461],[-85.044759,41.040459],[-85.044756,41.040457],[-85.044753,41.040456],[-85.04475,41.040454],[-85.044746,41.040451],[-85.044743,41.04045],[-85.04474,41.040448],[-85.044737,41.040446],[-85.044734,41.040444],[-85.044731,41.040442],[-85.044727,41.04044],[-85.044724,41.040439],[-85.044721,41.040437],[-85.044718,41.040435],[-85.044715,41.040433],[-85.044712,41.040431],[-85.044708,41.040429],[-85.044705,41.040427],[-85.044702,41.040425],[-85.044699,41.040423],[-85.044696,41.040422],[-85.044693,41.04042],[-85.044689,41.040418],[-85.044686,41.040415],[-85.044683,41.040414],[-85.04468,41.040412],[-85.044677,41.04041],[-85.044674,41.040408],[-85.04467,41.040406],[-85.044667,41.040404],[-85.044664,41.040402],[-85.044661,41.040401],[-85.044658,41.040398],[-85.044655,41.040397],[-85.044652,41.040395],[-85.044648,41.040392],[-85.044645,41.040391],[-85.044642,41.040389],[-85.044639,41.040387],[-85.044636,41.040385],[-85.044633,41.040383],[-85.044629,41.040381],[-85.044626,41.040379],[-85.044623,41.040378],[-85.04462,41.040375],[-85.044617,41.040374],[-85.044614,41.040372],[-85.044611,41.04037],[-85.044607,41.040367],[-85.044604,41.040366],[-85.044601,41.040364],[-85.044598,41.040362],[-85.044595,41.04036],[-85.044592,41.040358],[-85.044589,41.040356],[-85.044586,41.040354],[-85.044582,41.040352],[-85.044579,41.04035],[-85.044576,41.040349],[-85.044573,41.040347],[-85.04457,41.040344],[-85.044567,41.040343],[-85.044564,41.040341],[-85.044561,41.040339],[-85.044557,41.040336],[-85.044554,41.040335],[-85.044551,41.040333],[-85.044548,41.040331],[-85.044545,41.040329],[-85.044542,41.040327],[-85.044539,41.040325],[-85.044536,41.040323],[-85.044532,41.040321],[-85.044529,41.040319],[-85.044526,41.040317],[-85.044523,41.040316],[-85.04452,41.040314],[-85.044517,41.040312],[-85.044514,41.04031],[-85.044511,41.040308],[-85.044508,41.040305],[-85.044505,41.040304],[-85.044501,41.040302],[-85.044498,41.040299],[-85.044495,41.040298],[-85.044492,41.040296],[-85.044489,41.040294],[-85.044486,41.040292],[-85.044483,41.04029],[-85.04448,41.040288],[-85.044477,41.040286],[-85.044474,41.040284],[-85.04447,41.040282],[-85.044467,41.04028],[-85.044464,41.040278],[-85.044461,41.040276],[-85.044458,41.040274],[-85.044455,41.040272],[-85.044452,41.04027],[-85.044449,41.040268],[-85.044446,41.040266],[-85.044443,41.040264],[-85.04444,41.040262],[-85.044436,41.04026],[-85.044433,41.040258],[-85.04443,41.040256],[-85.044427,41.040254],[-85.044424,41.040253],[-85.044421,41.040251],[-85.044418,41.040249],[-85.044415,41.040246],[-85.044412,41.040245],[-85.044409,41.040243],[-85.044406,41.04024],[-85.044403,41.040239],[-85.0444,41.040237],[-85.044397,41.040235],[-85.044393,41.040232],[-85.04439,41.040231],[-85.044387,41.040229],[-85.044384,41.040226],[-85.044381,41.040225],[-85.044378,41.040223],[-85.044375,41.040221],[-85.044372,41.040218],[-85.044369,41.040217],[-85.044366,41.040215],[-85.044363,41.040212],[-85.04436,41.040211],[-85.044357,41.040209],[-85.044354,41.040207],[-85.044351,41.040205],[-85.044348,41.040203],[-85.044345,41.040201],[-85.044341,41.040198],[-85.044338,41.040197],[-85.044335,41.040195],[-85.044332,41.040193],[-85.044329,41.040191],[-85.044326,41.040189],[-85.044323,41.040187],[-85.04432,41.040184],[-85.044317,41.040183],[-85.044314,41.040181],[-85.044311,41.040178],[-85.044308,41.040176],[-85.044305,41.040174],[-85.044302,41.040172],[-85.044299,41.04017],[-85.044296,41.040168],[-85.044293,41.040166],[-85.04429,41.040164],[-85.044287,41.040162],[-85.044284,41.04016],[-85.044281,41.040158],[-85.044278,41.040156],[-85.044275,41.040154],[-85.044272,41.040152],[-85.044269,41.04015],[-85.044266,41.040148],[-85.044263,41.040146],[-85.04426,41.040144],[-85.044257,41.040142],[-85.044254,41.04014],[-85.04425,41.040138],[-85.044247,41.040136],[-85.044244,41.040133],[-85.044241,41.040132],[-85.044238,41.04013],[-85.044235,41.040128],[-85.044232,41.040125],[-85.044229,41.040124],[-85.044226,41.040122],[-85.044223,41.040119],[-85.04422,41.040118],[-85.044217,41.040116],[-85.044214,41.040113],[-85.044211,41.040111],[-85.044208,41.040109],[-85.044205,41.040107],[-85.044202,41.040105],[-85.044199,41.040103],[-85.044196,41.040101],[-85.044193,41.040099],[-85.04419,41.040097],[-85.044187,41.040095],[-85.044184,41.040093],[-85.044181,41.040091],[-85.044178,41.040088],[-85.044175,41.040087],[-85.044172,41.040085],[-85.044169,41.040083],[-85.044166,41.04008],[-85.044163,41.040079],[-85.04416,41.040077],[-85.044157,41.040074],[-85.044154,41.040072],[-85.044152,41.04007],[-85.044149,41.040068],[-85.044146,41.040066],[-85.044143,41.040064],[-85.04414,41.040062],[-85.044137,41.04006],[-85.044134,41.040057],[-85.044131,41.040056],[-85.044128,41.040054],[-85.044125,41.040052],[-85.044122,41.040049],[-85.044119,41.040048],[-85.044116,41.040045],[-85.044113,41.040043],[-85.04411,41.040041],[-85.044107,41.040039],[-85.044104,41.040037],[-85.044101,41.040035],[-85.044098,41.040033],[-85.044095,41.040031],[-85.044092,41.040029],[-85.044089,41.040026],[-85.044086,41.040025],[-85.044083,41.040023],[-85.04408,41.04002],[-85.044077,41.040018],[-85.044074,41.040016],[-85.044071,41.040014],[-85.044068,41.040012],[-85.044065,41.04001],[-85.044063,41.040008],[-85.04406,41.040006],[-85.044057,41.040004],[-85.044054,41.040001],[-85.044051,41.04],[-85.044048,41.039997],[-85.044045,41.039995],[-85.044042,41.039993],[-85.044039,41.039991],[-85.044036,41.039989],[-85.044033,41.039987],[-85.04403,41.039984],[-85.044027,41.039983],[-85.044024,41.039981],[-85.044021,41.039979],[-85.044018,41.039976],[-85.044015,41.039974],[-85.044013,41.039972],[-85.04401,41.03997],[-85.044007,41.039968],[-85.044004,41.039966],[-85.044001,41.039964],[-85.043998,41.039962],[-85.043995,41.039959],[-85.043992,41.039958],[-85.043989,41.039955],[-85.043986,41.039953],[-85.043983,41.039951],[-85.04398,41.039949],[-85.043977,41.039947],[-85.043975,41.039945],[-85.043972,41.039942],[-85.043969,41.039941],[-85.043966,41.039938],[-85.043963,41.039936],[-85.04396,41.039934],[-85.043957,41.039932],[-85.043954,41.03993],[-85.043951,41.039928],[-85.043948,41.039925],[-85.043945,41.039924],[-85.043943,41.039921],[-85.04394,41.039919],[-85.043937,41.039917],[-85.043934,41.039915],[-85.043931,41.039913],[-85.043928,41.039911],[-85.043925,41.039908],[-85.043922,41.039907],[-85.043919,41.039904],[-85.043916,41.039902],[-85.043914,41.0399],[-85.043911,41.039898],[-85.043908,41.039896],[-85.043905,41.039894],[-85.043902,41.039891],[-85.043899,41.039889],[-85.043896,41.039887],[-85.043893,41.039885],[-85.04389,41.039883],[-85.043888,41.03988],[-85.043885,41.039879],[-85.043882,41.039877],[-85.043879,41.039874],[-85.043876,41.039872],[-85.043873,41.03987],[-85.04387,41.039868],[-85.043867,41.039866],[-85.043865,41.039863],[-85.043862,41.039862],[-85.043859,41.039859],[-85.043856,41.039857],[-85.043853,41.039855],[-85.04385,41.039852],[-85.043847,41.039851],[-85.043844,41.039849],[-85.043842,41.039846],[-85.043839,41.039844],[-85.043836,41.039842],[-85.043833,41.03984],[-85.04383,41.039838],[-85.043827,41.039835],[-85.043824,41.039834],[-85.043822,41.039831],[-85.043819,41.039829],[-85.043816,41.039827],[-85.043813,41.039824],[-85.04381,41.039823],[-85.043807,41.039821],[-85.043804,41.039818],[-85.043802,41.039816],[-85.043799,41.039814],[-85.043796,41.039812],[-85.043793,41.03981],[-85.04379,41.039807],[-85.043787,41.039805],[-85.043784,41.039803],[-85.043782,41.039801],[-85.043779,41.039799],[-85.043776,41.039797],[-85.043773,41.039794],[-85.04377,41.039792],[-85.043767,41.03979],[-85.043765,41.039787],[-85.043762,41.039786],[-85.043759,41.039784],[-85.043756,41.039781],[-85.043753,41.039779],[-85.04375,41.039776],[-85.043748,41.039775],[-85.043745,41.039773],[-85.043742,41.03977],[-85.043739,41.039768],[-85.043736,41.039766],[-85.043734,41.039764],[-85.043731,41.039762],[-85.043728,41.039759],[-85.043725,41.039757],[-85.043722,41.039755],[-85.043719,41.039753],[-85.043717,41.039751],[-85.043714,41.039748],[-85.043711,41.039746],[-85.043708,41.039744],[-85.043705,41.039742],[-85.043703,41.039739],[-85.0437,41.039738],[-85.043697,41.039735],[-85.043694,41.039733],[-85.043691,41.039731],[-85.043689,41.039728],[-85.043686,41.039727],[-85.043683,41.039724],[-85.04368,41.039722],[-85.043677,41.03972],[-85.043675,41.039717],[-85.043672,41.039716],[-85.043669,41.039713],[-85.043666,41.039711],[-85.043664,41.039709],[-85.043661,41.039707],[-85.043658,41.039705],[-85.043655,41.039702],[-85.043653,41.0397],[-85.04365,41.039698],[-85.043647,41.039696],[-85.043644,41.039694],[-85.043642,41.039692],[-85.043639,41.039689],[-85.043636,41.039687],[-85.043633,41.039685],[-85.043631,41.039683],[-85.043628,41.03968],[-85.043625,41.039678],[-85.043622,41.039676],[-85.04362,41.039674],[-85.043617,41.039672],[-85.043614,41.039669],[-85.043612,41.039668],[-85.043609,41.039665],[-85.043606,41.039663],[-85.043603,41.039661],[-85.043601,41.039659],[-85.043598,41.039657],[-85.043595,41.039654],[-85.043592,41.039652],[-85.04359,41.039649],[-85.043587,41.039648],[-85.043584,41.039646],[-85.043582,41.039643],[-85.043579,41.039641],[-85.043576,41.039639],[-85.043573,41.039637],[-85.043571,41.039635],[-85.043568,41.039632],[-85.043565,41.03963],[-85.043563,41.039627],[-85.04356,41.039626],[-85.043557,41.039624],[-85.043555,41.039621],[-85.043552,41.039619],[-85.043549,41.039617],[-85.043546,41.039615],[-85.043544,41.039613],[-85.043541,41.03961],[-85.043538,41.039608],[-85.043536,41.039606],[-85.043533,41.039604],[-85.04353,41.039601],[-85.043528,41.039599],[-85.043525,41.039597],[-85.043522,41.039595],[-85.043519,41.039593],[-85.043517,41.03959],[-85.043514,41.039588],[-85.043511,41.039586],[-85.043509,41.039584],[-85.043506,41.039582],[-85.043503,41.039579],[-85.043501,41.039577],[-85.043498,41.039575],[-85.043495,41.039573],[-85.043493,41.03957],[-85.04349,41.039568],[-85.043487,41.039565],[-85.043485,41.039564],[-85.043482,41.039562],[-85.043479,41.039559],[-85.043477,41.039557],[-85.043474,41.039555],[-85.043471,41.039553],[-85.043469,41.03955],[-85.043466,41.039548],[-85.043463,41.039545],[-85.043461,41.039544],[-85.043458,41.039541],[-85.043455,41.039539],[-85.043453,41.039537],[-85.04345,41.039534],[-85.043447,41.039532],[-85.043445,41.03953],[-85.043442,41.039528],[-85.043439,41.039526],[-85.043437,41.039524],[-85.043434,41.039521],[-85.043431,41.039519],[-85.043429,41.039517],[-85.043426,41.039514],[-85.043423,41.039512],[-85.043421,41.03951],[-85.043418,41.039508],[-85.043416,41.039506],[-85.043413,41.039503],[-85.04341,41.039501],[-85.043408,41.039499],[-85.043405,41.039497],[-85.043402,41.039494],[-85.0434,41.039492],[-85.043397,41.039489],[-85.043394,41.039488],[-85.043392,41.039485],[-85.043389,41.039483],[-85.043387,41.03948],[-85.043384,41.039479],[-85.043381,41.039476],[-85.043379,41.039474],[-85.043376,41.039472],[-85.043373,41.039469],[-85.043371,41.039467],[-85.043368,41.039465],[-85.043366,41.039463],[-85.043363,41.03946],[-85.04336,41.039458],[-85.043358,41.039455],[-85.043355,41.039454],[-85.043352,41.039451],[-85.04335,41.039449],[-85.043347,41.039447],[-85.043345,41.039444],[-85.043342,41.039442],[-85.043339,41.03944],[-85.043337,41.039438],[-85.043334,41.039435],[-85.043332,41.039433],[-85.043329,41.03943],[-85.043326,41.039429],[-85.043324,41.039426],[-85.043321,41.039424],[-85.043319,41.039421],[-85.043316,41.03942],[-85.043313,41.039417],[-85.043311,41.039415],[-85.043308,41.039413],[-85.043306,41.03941],[-85.043303,41.039408],[-85.0433,41.039406],[-85.043298,41.039404],[-85.043295,41.039401],[-85.043293,41.039399],[-85.04329,41.039396],[-85.043287,41.039395],[-85.043285,41.039392],[-85.043282,41.03939],[-85.04328,41.039388],[-85.043277,41.039385],[-85.043275,41.039383],[-85.043272,41.039381],[-85.043269,41.039379],[-85.043267,41.039376],[-85.043264,41.039374],[-85.043262,41.039372],[-85.043259,41.039369],[-85.043256,41.039367],[-85.043254,41.039365],[-85.043251,41.039362],[-85.043249,41.03936],[-85.043246,41.039358],[-85.043244,41.039356],[-85.043241,41.039353],[-85.043239,41.039351],[-85.043236,41.039348],[-85.043233,41.039346],[-85.043231,41.039344],[-85.043228,41.039342],[-85.043226,41.039339],[-85.043223,41.039337],[-85.043221,41.039334],[-85.043218,41.039333],[-85.043215,41.03933],[-85.043213,41.039328],[-85.04321,41.039326],[-85.043208,41.039323],[-85.043205,41.039321],[-85.043203,41.039319],[-85.0432,41.039316],[-85.043198,41.039314],[-85.043195,41.039312],[-85.043193,41.039309],[-85.04319,41.039307],[-85.043187,41.039305],[-85.043185,41.039303],[-85.043182,41.0393],[-85.04318,41.039298],[-85.043177,41.039296],[-85.043175,41.039293],[-85.043172,41.039291],[-85.04317,41.039289],[-85.043167,41.039286],[-85.043165,41.039283],[-85.043162,41.039282],[-85.04316,41.039279],[-85.043157,41.039277],[-85.043155,41.039275],[-85.043152,41.039272],[-85.043149,41.03927],[-85.043147,41.039268],[-85.043144,41.039265],[-85.043142,41.039263],[-85.043139,41.039261],[-85.043137,41.039258],[-85.043134,41.039256],[-85.043132,41.039254],[-85.043129,41.039251],[-85.043127,41.039249],[-85.043124,41.039247],[-85.043122,41.039244],[-85.043119,41.039242],[-85.043117,41.03924],[-85.043114,41.039237],[-85.043112,41.039235],[-85.043109,41.039233],[-85.043107,41.03923],[-85.043104,41.039228],[-85.043102,41.039226],[-85.043099,41.039223],[-85.043097,41.039221],[-85.043094,41.039219],[-85.043092,41.039216],[-85.043089,41.039213],[-85.043087,41.039212],[-85.043084,41.039209],[-85.043082,41.039207],[-85.043079,41.039205],[-85.043077,41.039202],[-85.043074,41.039199],[-85.043072,41.039198],[-85.043069,41.039195],[-85.043067,41.039193],[-85.043064,41.039191],[-85.043062,41.039188],[-85.043059,41.039185],[-85.043057,41.039183],[-85.043055,41.039181],[-85.043052,41.039179],[-85.04305,41.039176],[-85.043047,41.039174],[-85.043045,41.039171],[-85.043042,41.039169],[-85.04304,41.039167],[-85.043037,41.039165],[-85.043035,41.039162],[-85.043032,41.03916],[-85.04303,41.039157],[-85.043027,41.039155],[-85.043025,41.039153],[-85.043022,41.03915],[-85.04302,41.039148],[-85.043018,41.039146],[-85.043015,41.039143],[-85.043013,41.039141],[-85.04301,41.039139],[-85.043008,41.039136],[-85.043005,41.039134],[-85.043003,41.039132],[-85.043,41.039129],[-85.042998,41.039126],[-85.042995,41.039124],[-85.042993,41.039122],[-85.042991,41.03912],[-85.042988,41.039117],[-85.042986,41.039115],[-85.042983,41.039113],[-85.042981,41.03911],[-85.042978,41.039108],[-85.042976,41.039105],[-85.042973,41.039103],[-85.042971,41.039101],[-85.042969,41.039098],[-85.042966,41.039095],[-85.042964,41.039094],[-85.042961,41.039091],[-85.042959,41.039089],[-85.042956,41.039086],[-85.042954,41.039084],[-85.042952,41.039081],[-85.042949,41.039079],[-85.042947,41.039077],[-85.042944,41.039074],[-85.042942,41.039072],[-85.042939,41.03907],[-85.042937,41.039067],[-85.042935,41.039064],[-85.042932,41.039063],[-85.04293,41.03906],[-85.042927,41.039058],[-85.042925,41.039055],[-85.042923,41.039053],[-85.04292,41.03905],[-85.042918,41.039048],[-85.042915,41.039046],[-85.042913,41.039043],[-85.042911,41.039041],[-85.042908,41.039039],[-85.042906,41.039036],[-85.042903,41.039033],[-85.042901,41.039031],[-85.042899,41.039029],[-85.042896,41.039027],[-85.042894,41.039024],[-85.042891,41.039022],[-85.042889,41.039019],[-85.042887,41.039017],[-85.042884,41.039015],[-85.042882,41.039012],[-85.042879,41.03901],[-85.042877,41.039007],[-85.042875,41.039005],[-85.042872,41.039002],[-85.04287,41.039],[-85.042867,41.038998],[-85.042865,41.038995],[-85.042863,41.038993],[-85.04286,41.038991],[-85.042858,41.038988],[-85.042856,41.038985],[-85.042853,41.038983],[-85.042851,41.038981],[-85.042848,41.038978],[-85.042846,41.038976],[-85.042844,41.038974],[-85.042841,41.038971],[-85.042839,41.038968],[-85.042837,41.038966],[-85.042834,41.038964],[-85.042832,41.038962],[-85.042829,41.038959],[-85.042827,41.038957],[-85.042825,41.038954],[-85.042822,41.038951],[-85.04282,41.038949],[-85.042818,41.038947],[-85.042815,41.038945],[-85.042813,41.038942],[-85.042811,41.03894],[-85.042808,41.038937],[-85.042806,41.038935],[-85.042804,41.038932],[-85.042801,41.03893],[-85.042799,41.038928],[-85.042797,41.038925],[-85.042794,41.038923],[-85.042792,41.03892],[-85.042789,41.038918],[-85.042787,41.038915],[-85.042785,41.038913],[-85.042782,41.038911],[-85.04278,41.038908],[-85.042778,41.038906],[-85.042775,41.038903],[-85.042773,41.038901],[-85.042771,41.038898],[-85.042768,41.038895],[-85.042766,41.038894],[-85.042764,41.038891],[-85.042761,41.038889],[-85.042759,41.038886],[-85.042757,41.038884],[-85.042755,41.038881],[-85.042752,41.038878],[-85.04275,41.038876],[-85.042748,41.038874],[-85.042745,41.038872],[-85.042743,41.038869],[-85.042741,41.038867],[-85.042738,41.038864],[-85.042736,41.038861],[-85.042734,41.038859],[-85.042731,41.038857],[-85.042729,41.038854],[-85.042727,41.038852],[-85.042724,41.03885],[-85.042722,41.038847],[-85.04272,41.038844],[-85.042718,41.038842],[-85.042715,41.03884],[-85.042713,41.038837],[-85.042711,41.038835],[-85.042708,41.038832],[-85.042706,41.03883],[-85.042704,41.038827],[-85.042701,41.038825],[-85.042699,41.038822],[-85.042697,41.03882],[-85.042695,41.038818],[-85.042692,41.038815],[-85.04269,41.038813],[-85.042688,41.03881],[-85.042685,41.038808],[-85.042683,41.038805],[-85.042681,41.038802],[-85.042679,41.0388],[-85.042676,41.038798],[-85.042674,41.038795],[-85.042672,41.038793],[-85.042669,41.038791],[-85.042667,41.038788],[-85.042665,41.038785],[-85.042663,41.038783],[-85.04266,41.038781],[-85.042658,41.038778],[-85.042656,41.038776],[-85.042654,41.038773],[-85.042651,41.038771],[-85.042649,41.038768],[-85.042647,41.038766],[-85.042644,41.038763],[-85.042642,41.03876],[-85.04264,41.038758],[-85.042638,41.038756],[-85.042635,41.038753],[-85.042633,41.038751],[-85.042631,41.038749],[-85.042629,41.038746],[-85.042626,41.038743],[-85.042624,41.038741],[-85.042622,41.038739],[-85.04262,41.038736],[-85.042617,41.038734],[-85.042615,41.038731],[-85.042613,41.038729],[-85.042611,41.038726],[-85.042608,41.038723],[-85.042606,41.038721],[-85.042604,41.038719],[-85.042602,41.038716],[-85.042599,41.038714],[-85.042597,41.038711],[-85.042595,41.038709],[-85.042593,41.038706],[-85.042591,41.038704],[-85.042588,41.038701],[-85.042586,41.038698],[-85.042584,41.038696],[-85.042582,41.038694],[-85.042579,41.038691],[-85.042577,41.038689],[-85.042575,41.038686],[-85.042573,41.038684],[-85.042571,41.038681],[-85.042568,41.038678],[-85.042566,41.038676],[-85.042564,41.038674],[-85.042562,41.038671],[-85.042559,41.038669],[-85.042557,41.038666],[-85.042555,41.038664],[-85.042553,41.038661],[-85.042551,41.038659],[-85.042548,41.038656],[-85.042546,41.038653],[-85.042544,41.038651],[-85.042542,41.038649],[-85.04254,41.038646],[-85.042537,41.038644],[-85.042535,41.038641],[-85.042533,41.038639],[-85.042531,41.038636],[-85.042529,41.038633],[-85.042526,41.038631],[-85.042524,41.038629],[-85.042522,41.038626],[-85.04252,41.038624],[-85.042518,41.038621],[-85.042515,41.038619],[-85.042513,41.038616],[-85.042511,41.038614],[-85.042509,41.038611],[-85.042507,41.038608],[-85.042504,41.038606],[-85.042502,41.038604],[-85.0425,41.038601],[-85.042498,41.038599],[-85.042496,41.038596],[-85.042494,41.038594],[-85.042491,41.038591],[-85.042489,41.038588],[-85.042487,41.038586],[-85.042485,41.038584],[-85.042483,41.03858],[-85.042481,41.038578],[-85.042478,41.038576],[-85.042476,41.038573],[-85.042474,41.038571],[-85.042472,41.038568],[-85.04247,41.038566],[-85.042468,41.038563],[-85.042465,41.03856],[-85.042463,41.038558],[-85.042461,41.038556],[-85.042459,41.038553],[-85.042457,41.038551],[-85.042455,41.038548],[-85.042453,41.038546],[-85.04245,41.038543],[-85.041919,41.037839],[-85.041918,41.037837],[-85.041916,41.037834],[-85.041915,41.037832],[-85.041913,41.03783],[-85.041912,41.037828],[-85.04191,41.037825],[-85.041908,41.037823],[-85.041907,41.03782],[-85.041905,41.037817],[-85.041904,41.037816],[-85.041902,41.037813],[-85.041901,41.037811],[-85.041899,41.037808],[-85.041897,41.037806],[-85.041896,41.037803],[-85.041894,41.037801],[-85.041893,41.037799],[-85.041891,41.037797],[-85.04189,41.037794],[-85.041888,41.037792],[-85.041886,41.037789],[-85.041885,41.037787],[-85.041883,41.037785],[-85.041882,41.037782],[-85.04188,41.03778],[-85.041879,41.037777],[-85.041877,41.037775],[-85.041876,41.037772],[-85.041874,41.03777],[-85.041872,41.037768],[-85.041871,41.037766],[-85.041869,41.037763],[-85.041868,41.037761],[-85.041866,41.037758],[-85.041865,41.037755],[-85.041863,41.037754],[-85.041862,41.037751],[-85.04186,41.037749],[-85.041859,41.037746],[-85.041857,41.037744],[-85.041856,41.037741],[-85.041854,41.037739],[-85.041852,41.037737],[-85.041851,41.037734],[-85.041849,41.037732],[-85.041848,41.03773],[-85.041846,41.037727],[-85.041845,41.037724],[-85.041843,41.037722],[-85.041842,41.03772],[-85.04184,41.037718],[-85.041839,41.037715],[-85.041837,41.037713],[-85.041836,41.03771],[-85.041834,41.037708],[-85.041833,41.037706],[-85.041831,41.037703],[-85.04183,41.037701],[-85.041828,41.037698],[-85.041827,41.037696],[-85.041825,41.037693],[-85.041823,41.037691],[-85.041822,41.037689],[-85.04182,41.037686],[-85.041819,41.037684],[-85.041817,41.037682],[-85.041816,41.037679],[-85.041814,41.037677],[-85.041813,41.037674],[-85.041811,41.037672],[-85.04181,41.03767],[-85.041808,41.037667],[-85.041807,41.037665],[-85.041805,41.037662],[-85.041804,41.03766],[-85.041802,41.037658],[-85.041801,41.037655],[-85.041799,41.037653],[-85.041798,41.03765],[-85.041796,41.037648],[-85.041795,41.037646],[-85.041793,41.037643],[-85.041792,41.03764],[-85.04179,41.037638],[-85.041789,41.037636],[-85.041787,41.037634],[-85.041786,41.037631],[-85.041784,41.037629],[-85.041783,41.037626],[-85.041782,41.037623],[-85.04178,41.037621],[-85.041779,41.037619],[-85.041777,41.037617],[-85.041776,41.037614],[-85.041774,41.037612],[-85.041773,41.037609],[-85.041771,41.037606],[-85.04177,41.037605],[-85.041768,41.037602],[-85.041767,41.0376],[-85.041765,41.037597],[-85.041764,41.037595],[-85.041762,41.037592],[-85.041761,41.03759],[-85.041759,41.037588],[-85.041758,41.037585],[-85.041756,41.037583],[-85.041755,41.03758],[-85.041754,41.037578],[-85.041752,41.037575],[-85.041751,41.037573],[-85.041749,41.037571],[-85.041748,41.037568],[-85.041746,41.037566],[-85.041745,41.037563],[-85.041743,41.037561],[-85.041742,41.037558],[-85.04174,41.037556],[-85.041739,41.037554],[-85.041737,41.037551],[-85.041736,41.037549],[-85.041735,41.037546],[-85.041733,41.037544],[-85.041732,41.037541],[-85.04173,41.037539],[-85.041729,41.037537],[-85.041727,41.037534],[-85.041726,41.037532],[-85.041724,41.03753],[-85.041723,41.037527],[-85.041722,41.037525],[-85.04172,41.037522],[-85.041719,41.037519],[-85.041717,41.037517],[-85.041716,41.037515],[-85.041714,41.037513],[-85.041713,41.03751],[-85.041712,41.037508],[-85.04171,41.037505],[-85.041709,41.037502],[-85.041707,41.0375],[-85.041706,41.037498],[-85.041704,41.037495],[-85.041703,41.037493],[-85.041702,41.037491],[-85.0417,41.037488],[-85.041699,41.037485],[-85.041697,41.037483],[-85.041696,41.037481],[-85.041694,41.037478],[-85.041693,41.037476],[-85.041692,41.037474],[-85.04169,41.037471],[-85.041689,41.037468],[-85.041687,41.037466],[-85.041686,41.037464],[-85.041685,41.037461],[-85.041683,41.037459],[-85.041682,41.037457],[-85.04168,41.037454],[-85.041679,41.037451],[-85.041678,41.037449],[-85.041676,41.037447],[-85.041675,41.037444],[-85.041673,41.037442],[-85.041672,41.037439],[-85.041671,41.037437],[-85.041669,41.037434],[-85.041668,41.037432],[-85.041666,41.037429],[-85.041665,41.037427],[-85.041664,41.037425],[-85.041662,41.037422],[-85.041661,41.03742],[-85.041659,41.037417],[-85.041658,41.037415],[-85.041657,41.037412],[-85.041655,41.03741],[-85.041654,41.037408],[-85.041652,41.037405],[-85.041651,41.037403],[-85.04165,41.0374],[-85.041648,41.037398],[-85.041647,41.037395],[-85.041646,41.037392],[-85.041644,41.037391],[-85.041643,41.037388],[-85.041641,41.037386],[-85.04164,41.037383],[-85.041639,41.037381],[-85.041637,41.037378],[-85.041636,41.037375],[-85.041635,41.037374],[-85.041632,41.037369],[-85.041051,41.036328],[-85.039992,41.034429],[-85.039745,41.033987]]]]},"properties":{"id":"precisely-site-42a1b86a6e","src":"precisely","grp":"new","op":"HATCHWORKS LLC","ref":"021327100001000077","locality":"18003","acres":"582.35","for_site":"site-42a1b86a6e"}},{"type":"Feature","geometry":{"type":"MultiPolygon","coordinates":[[[[151.203785,-33.900761],[151.203852,-33.900746],[151.204131,-33.900683],[151.20428,-33.900648],[151.204482,-33.900602],[151.204565,-33.900583],[151.204679,-33.900557],[151.204651,-33.900444],[151.204437,-33.899609],[151.204384,-33.8994],[151.204298,-33.899066],[151.204319,-33.899046],[151.20428,-33.899043],[151.204165,-33.899037],[151.204062,-33.899031],[151.204022,-33.899029],[151.204071,-33.899065],[151.204091,-33.899142],[151.204114,-33.899232],[151.204165,-33.899434],[151.204166,-33.899436],[151.204134,-33.899476],[151.203554,-33.899574],[151.203401,-33.8996],[151.203423,-33.899689],[151.203444,-33.899777],[151.203491,-33.899805],[151.203709,-33.900663],[151.203736,-33.900772],[151.203785,-33.900761]]]]},"properties":{"id":"precisely-site-4378882416","src":"precisely","grp":"new","op":"","ref":"313/606576","locality":"WATERLOO, NSW","acres":"3.17","for_site":"site-4378882416"}},{"type":"Feature","geometry":{"type":"MultiPolygon","coordinates":[[[[-73.636272,45.507671],[-73.636679,45.507844],[-73.636636,45.508037],[-73.636634,45.508046],[-73.636515,45.508307],[-73.635415,45.509534],[-73.634297,45.509038],[-73.635192,45.508035],[-73.635198,45.508028],[-73.635203,45.508022],[-73.635209,45.508016],[-73.635214,45.508009],[-73.635219,45.508003],[-73.635225,45.507996],[-73.63523,45.50799],[-73.635235,45.507983],[-73.635239,45.507977],[-73.635244,45.507969],[-73.635249,45.507963],[-73.635254,45.507957],[-73.635258,45.507949],[-73.635263,45.507943],[-73.635267,45.507936],[-73.635271,45.507929],[-73.635275,45.507923],[-73.635279,45.507915],[-73.635283,45.507909],[-73.635287,45.507901],[-73.635291,45.507895],[-73.635295,45.507887],[-73.635298,45.507881],[-73.635302,45.507873],[-73.635305,45.507867],[-73.635309,45.507859],[-73.635312,45.507853],[-73.635315,45.507845],[-73.635318,45.507838],[-73.635321,45.507831],[-73.635324,45.507824],[-73.635327,45.507817],[-73.635329,45.50781],[-73.635332,45.507802],[-73.635334,45.507795],[-73.635337,45.507788],[-73.635339,45.50778],[-73.635341,45.507773],[-73.635343,45.507766],[-73.635345,45.507759],[-73.635347,45.507751],[-73.635349,45.507744],[-73.63535,45.507737],[-73.635352,45.507729],[-73.635353,45.507721],[-73.635355,45.507714],[-73.635356,45.507707],[-73.635357,45.5077],[-73.635358,45.507692],[-73.635359,45.507685],[-73.63536,45.507677],[-73.635361,45.50767],[-73.635361,45.507662],[-73.635362,45.507655],[-73.635362,45.507648],[-73.635363,45.50764],[-73.635363,45.507633],[-73.635363,45.507625],[-73.635363,45.507617],[-73.635363,45.50761],[-73.635363,45.507603],[-73.635363,45.507595],[-73.635363,45.507588],[-73.635362,45.50758],[-73.635362,45.507573],[-73.635361,45.507566],[-73.63536,45.507558],[-73.635359,45.507551],[-73.635358,45.507543],[-73.635357,45.507535],[-73.635356,45.507528],[-73.635355,45.507521],[-73.635354,45.507513],[-73.635352,45.507506],[-73.635351,45.507499],[-73.635349,45.507492],[-73.635347,45.507484],[-73.635346,45.507476],[-73.635344,45.50747],[-73.635342,45.507462],[-73.635339,45.507455],[-73.635337,45.507448],[-73.635335,45.50744],[-73.635332,45.507433],[-73.63533,45.507426],[-73.635327,45.507419],[-73.635325,45.507411],[-73.635322,45.507404],[-73.635319,45.507397],[-73.635316,45.507389],[-73.635313,45.507383],[-73.63531,45.507375],[-73.635306,45.507369],[-73.635303,45.507361],[-73.635299,45.507354],[-73.635296,45.507347],[-73.635292,45.50734],[-73.635109,45.507026],[-73.634797,45.506861],[-73.634851,45.506801],[-73.635644,45.507158],[-73.635509,45.507314],[-73.636272,45.507671]]]]},"properties":{"id":"precisely-site-43795cd323","src":"precisely","grp":"verify","op":"","ref":"C000PS1AIGRE","locality":"Canada","acres":"5.88","for_site":"site-43795cd323"}},{"type":"Feature","geometry":{"type":"MultiPolygon","coordinates":[[[[-89.94754,38.810137],[-89.947546,38.80976],[-89.947547,38.809718],[-89.947547,38.809715],[-89.948436,38.80972],[-89.948635,38.809721],[-89.948683,38.809721],[-89.948766,38.810095],[-89.948801,38.810716],[-89.948772,38.810715],[-89.948783,38.810485],[-89.94873,38.810481],[-89.948709,38.810713],[-89.948562,38.81071],[-89.948469,38.810718],[-89.948346,38.810722],[-89.947545,38.810731],[-89.947544,38.810618],[-89.947539,38.810191],[-89.94754,38.810137]]]]},"properties":{"id":"precisely-site-44a18e2808","src":"precisely","grp":"verify","op":"","ref":"14-2-15-11-16-403-027","locality":"17119","acres":"2.88","for_site":"site-44a18e2808"}},{"type":"Feature","geometry":{"type":"MultiPolygon","coordinates":[[[[-73.565112,45.54161],[-73.565112,45.541611],[-73.565112,45.541612],[-73.565112,45.541613],[-73.565112,45.541614],[-73.565111,45.541615],[-73.565111,45.541616],[-73.56511,45.541617],[-73.564048,45.543354],[-73.564047,45.543355],[-73.564046,45.543356],[-73.564045,45.543357],[-73.564044,45.543358],[-73.564044,45.543359],[-73.564042,45.54336],[-73.564041,45.54336],[-73.56404,45.543361],[-73.564039,45.543361],[-73.564038,45.543362],[-73.564036,45.543363],[-73.564035,45.543364],[-73.564034,45.543364],[-73.564032,45.543364],[-73.564031,45.543364],[-73.564029,45.543364],[-73.564028,45.543365],[-73.564026,45.543365],[-73.564025,45.543365],[-73.564023,45.543365],[-73.564021,45.543365],[-73.56402,45.543364],[-73.564018,45.543364],[-73.564017,45.543364],[-73.564015,45.543364],[-73.564014,45.543364],[-73.562947,45.543041],[-73.562951,45.543034],[-73.563263,45.542523],[-73.563417,45.542272],[-73.5634,45.542267],[-73.563433,45.542213],[-73.563334,45.542184],[-73.56358,45.541781],[-73.563625,45.541456],[-73.563642,45.541456],[-73.563659,45.541457],[-73.563676,45.541458],[-73.563693,45.541459],[-73.56371,45.541459],[-73.563728,45.541461],[-73.563745,45.541462],[-73.563762,45.541463],[-73.563779,45.541465],[-73.563796,45.541466],[-73.563813,45.541467],[-73.56383,45.541469],[-73.563847,45.54147],[-73.563864,45.541472],[-73.563881,45.541473],[-73.56509,45.541593],[-73.565092,45.541593],[-73.565093,45.541593],[-73.565095,45.541593],[-73.565096,45.541594],[-73.565098,45.541594],[-73.565099,45.541594],[-73.565101,45.541595],[-73.565102,45.541596],[-73.565103,45.541597],[-73.565104,45.541597],[-73.565105,45.541598],[-73.565106,45.541599],[-73.565107,45.5416],[-73.565108,45.541601],[-73.565109,45.541602],[-73.56511,45.541602],[-73.565111,45.541604],[-73.565111,45.541605],[-73.565112,45.541605],[-73.565112,45.541607],[-73.565112,45.541608],[-73.565112,45.54161]]]]},"properties":{"id":"precisely-site-44cc61b5f1","src":"precisely","grp":"verify","op":"","ref":"C000PS1AC68S","locality":"Canada","acres":"4.9","for_site":"site-44cc61b5f1"}},{"type":"Feature","geometry":{"type":"MultiPolygon","coordinates":[[[[-90.031579,34.995147],[-90.031538,34.99503],[-90.031525,34.99499],[-90.032693,34.994991],[-90.042864,34.994996],[-90.042864,34.995017],[-90.042865,34.995271],[-90.041039,34.99527],[-90.036796,34.995268],[-90.036795,34.995808],[-90.036791,35.002347],[-90.036791,35.002446],[-90.036153,35.002447],[-90.034089,35.002451],[-90.034087,35.002451],[-90.034083,35.002439],[-90.031611,34.99524],[-90.031579,34.995147]]]]},"properties":{"id":"precisely-site-44e10e02fa","src":"precisely","grp":"verify","op":"MZX TECH LLC","ref":"077085 00007","locality":"47157","acres":"78.58","for_site":"site-44e10e02fa"}},{"type":"Feature","geometry":{"type":"MultiPolygon","coordinates":[[[[-94.755411,38.941936],[-94.755024,38.941773],[-94.754718,38.941485],[-94.754704,38.940327],[-94.754607,38.940107],[-94.754606,38.940051],[-94.755837,38.940042],[-94.755861,38.941931],[-94.755411,38.941936]]]]},"properties":{"id":"precisely-site-454336c79f","src":"precisely","grp":"verify","op":"TIERPOINT PROPERTIES LLC","ref":"IP33550000 0002","locality":"20091","acres":"4.85","for_site":"site-454336c79f"}},{"type":"Feature","geometry":{"type":"MultiPolygon","coordinates":[[[[-119.890372,47.239422],[-119.893673,47.239439],[-119.893729,47.234503],[-119.896629,47.234233],[-119.896646,47.236975],[-119.896649,47.237447],[-119.89666,47.239146],[-119.895175,47.23982],[-119.894868,47.23996],[-119.894685,47.240027],[-119.894488,47.240071],[-119.894477,47.240073],[-119.894473,47.240074],[-119.892726,47.240346],[-119.891896,47.240475],[-119.891651,47.240534],[-119.891084,47.24072],[-119.890922,47.240773],[-119.890864,47.240792],[-119.890645,47.240837],[-119.890356,47.240876],[-119.890372,47.239422]]]]},"properties":{"id":"precisely-site-45576e7258","src":"precisely","grp":"verify","op":"MICROSOFT CORPORATION","ref":"313767000","locality":"53025","acres":"40.5","for_site":"site-45576e7258"}},{"type":"Feature","geometry":{"type":"MultiPolygon","coordinates":[[[[-97.738591,30.271909],[-97.738411,30.27186],[-97.738534,30.271525],[-97.738718,30.271575],[-97.738591,30.271909]]]]},"properties":{"id":"precisely-site-4568e63e8f","src":"precisely","grp":"verify","op":"TEXAS HIGH SCHOOL GIRLS","ref":"739843","locality":"48453","acres":"0.18","for_site":"site-4568e63e8f"}},{"type":"Feature","geometry":{"type":"MultiPolygon","coordinates":[[[[-83.237394,42.472029],[-83.237394,42.47203],[-83.237393,42.472032],[-83.237389,42.472047],[-83.237385,42.472063],[-83.237381,42.472079],[-83.237378,42.472095],[-83.237373,42.472113],[-83.23737,42.472129],[-83.237367,42.472145],[-83.237364,42.472161],[-83.237361,42.472174],[-83.237359,42.47219],[-83.237356,42.472209],[-83.237353,42.472225],[-83.237351,42.472241],[-83.237349,42.472257],[-83.237347,42.47227],[-83.237193,42.472275],[-83.23697,42.472281],[-83.236616,42.472291],[-83.236622,42.472238],[-83.236629,42.472187],[-83.236638,42.472134],[-83.236648,42.472083],[-83.236659,42.47203],[-83.236672,42.471979],[-83.236686,42.471928],[-83.236702,42.471876],[-83.236718,42.471825],[-83.236736,42.471774],[-83.236743,42.471756],[-83.236751,42.471737],[-83.236772,42.471684],[-83.236794,42.471633],[-83.236818,42.471583],[-83.236843,42.471532],[-83.236869,42.471481],[-83.236896,42.471432],[-83.236925,42.471382],[-83.236956,42.471333],[-83.236987,42.471284],[-83.23702,42.471237],[-83.237054,42.471189],[-83.237087,42.471145],[-83.237122,42.471101],[-83.237157,42.471057],[-83.237194,42.471014],[-83.237231,42.470972],[-83.23727,42.47093],[-83.23731,42.470889],[-83.23735,42.470848],[-83.237899,42.47121],[-83.238403,42.470791],[-83.239306,42.471399],[-83.238391,42.472147],[-83.237785,42.47174],[-83.237611,42.471883],[-83.237476,42.471795],[-83.237469,42.471811],[-83.237463,42.471826],[-83.237456,42.471841],[-83.23745,42.471857],[-83.237445,42.471872],[-83.237439,42.471888],[-83.237433,42.471903],[-83.237428,42.471919],[-83.237423,42.471934],[-83.237417,42.47195],[-83.237412,42.471965],[-83.237407,42.471984],[-83.237402,42.472],[-83.237398,42.472016],[-83.237397,42.472017],[-83.237397,42.472018],[-83.237396,42.472021],[-83.237396,42.472024],[-83.237395,42.472026],[-83.237394,42.472029]]]]},"properties":{"id":"precisely-site-457c790e5f","src":"precisely","grp":"new","op":"NORTHWESTERN COLO LLC","ref":"2426101007","locality":"26125","acres":"5.04","for_site":"site-457c790e5f"}},{"type":"Feature","geometry":{"type":"MultiPolygon","coordinates":[[[[144.774081,-37.801552],[144.773396,-37.801495],[144.77332,-37.801488],[144.772421,-37.801413],[144.772378,-37.801737],[144.772321,-37.80216],[144.772134,-37.802281],[144.770757,-37.802165],[144.770605,-37.802017],[144.770681,-37.801447],[144.770768,-37.801175],[144.771683,-37.799062],[144.772723,-37.799147],[144.773698,-37.799227],[144.774665,-37.799306],[144.774537,-37.800268],[144.774311,-37.800249],[144.774294,-37.800383],[144.774276,-37.800518],[144.774371,-37.800661],[144.774268,-37.801432],[144.774081,-37.801552]]]]},"properties":{"id":"precisely-site-45f24a8586","src":"precisely","grp":"verify","op":"","ref":"PC379629","locality":"DERRIMUT, VIC","acres":"21.46","for_site":"site-45f24a8586"}},{"type":"Feature","geometry":{"type":"MultiPolygon","coordinates":[[[[-81.54665,35.900416],[-81.546705,35.900387],[-81.546756,35.90036],[-81.546948,35.900259],[-81.546972,35.900246],[-81.546995,35.900238],[-81.547053,35.900197],[-81.547101,35.900163],[-81.547139,35.900134],[-81.547163,35.900116],[-81.547037,35.900007],[-81.546975,35.899952],[-81.546864,35.900035],[-81.546856,35.899992],[-81.546845,35.899956],[-81.546804,35.899915],[-81.54661,35.899756],[-81.546241,35.899463],[-81.546079,35.899333],[-81.546011,35.899279],[-81.545825,35.89913],[-81.545629,35.898973],[-81.545449,35.898827],[-81.545227,35.89865],[-81.54507,35.898525],[-81.544805,35.898314],[-81.544508,35.89807],[-81.54442,35.898003],[-81.544466,35.897919],[-81.544503,35.897851],[-81.544525,35.897811],[-81.544537,35.897792],[-81.544551,35.897766],[-81.544564,35.897741],[-81.544576,35.897716],[-81.544587,35.89769],[-81.544598,35.897664],[-81.544607,35.897637],[-81.544615,35.897611],[-81.544622,35.897584],[-81.544629,35.897558],[-81.544634,35.89753],[-81.544638,35.897502],[-81.544641,35.897475],[-81.544643,35.897455],[-81.544643,35.897436],[-81.544623,35.897179],[-81.544622,35.897156],[-81.544606,35.896926],[-81.544604,35.896852],[-81.544597,35.896786],[-81.544589,35.896735],[-81.544585,35.896723],[-81.544579,35.896696],[-81.544569,35.896655],[-81.544562,35.896628],[-81.544557,35.896614],[-81.544545,35.896573],[-81.544535,35.896547],[-81.544509,35.896486],[-81.544504,35.896477],[-81.544498,35.896466],[-81.544487,35.896448],[-81.544474,35.896429],[-81.544466,35.896414],[-81.544449,35.89639],[-81.544425,35.896357],[-81.544418,35.89635],[-81.544395,35.896327],[-81.544371,35.896306],[-81.544337,35.896279],[-81.544195,35.896184],[-81.544111,35.896128],[-81.544085,35.89611],[-81.544061,35.896091],[-81.544038,35.896071],[-81.544017,35.896049],[-81.543997,35.896026],[-81.543979,35.896003],[-81.543962,35.895979],[-81.543947,35.895954],[-81.54394,35.89594],[-81.543934,35.895928],[-81.543922,35.895902],[-81.543912,35.895875],[-81.543905,35.895849],[-81.543808,35.895411],[-81.543798,35.895377],[-81.543783,35.895342],[-81.543765,35.895306],[-81.543744,35.895272],[-81.543739,35.895266],[-81.54372,35.895239],[-81.543694,35.895208],[-81.543665,35.895179],[-81.543634,35.895151],[-81.5436,35.895125],[-81.543565,35.895101],[-81.543527,35.895078],[-81.543487,35.895058],[-81.543446,35.89504],[-81.543408,35.895027],[-81.543124,35.894917],[-81.542935,35.894845],[-81.542755,35.894775],[-81.542721,35.894763],[-81.542695,35.894753],[-81.542669,35.894743],[-81.542643,35.894731],[-81.542618,35.894718],[-81.542594,35.894706],[-81.542569,35.894692],[-81.542546,35.894678],[-81.542524,35.894663],[-81.542502,35.894648],[-81.54248,35.894631],[-81.542459,35.894614],[-81.542439,35.894597],[-81.542422,35.894581],[-81.541998,35.89413],[-81.541955,35.894071],[-81.541936,35.89404],[-81.541921,35.894009],[-81.541907,35.893976],[-81.541897,35.893943],[-81.541888,35.89391],[-81.541884,35.893876],[-81.541882,35.893857],[-81.541881,35.893842],[-81.541882,35.893808],[-81.541885,35.893774],[-81.541892,35.893739],[-81.541901,35.893707],[-81.541913,35.893674],[-81.542055,35.89337],[-81.542222,35.89301],[-81.542234,35.892984],[-81.542247,35.892957],[-81.54226,35.892931],[-81.542274,35.892905],[-81.542303,35.892853],[-81.542333,35.892802],[-81.542348,35.892777],[-81.542365,35.892751],[-81.542381,35.892726],[-81.542415,35.892678],[-81.542531,35.892506],[-81.542555,35.892472],[-81.54273,35.892208],[-81.542733,35.892204],[-81.542784,35.892129],[-81.542912,35.891944],[-81.542973,35.891856],[-81.543106,35.891666],[-81.543242,35.891471],[-81.543309,35.891375],[-81.543319,35.891361],[-81.543411,35.891229],[-81.543454,35.891168],[-81.543502,35.891099],[-81.543716,35.890795],[-81.543776,35.890711],[-81.543915,35.890515],[-81.543991,35.890404],[-81.544071,35.89029],[-81.544079,35.890278],[-81.544213,35.890083],[-81.544248,35.890029],[-81.544266,35.889993],[-81.544281,35.889958],[-81.544296,35.889923],[-81.544309,35.889886],[-81.544313,35.889872],[-81.54432,35.88985],[-81.544329,35.889813],[-81.544337,35.889776],[-81.544343,35.889738],[-81.544347,35.889705],[-81.544884,35.889929],[-81.545647,35.890245],[-81.545917,35.890358],[-81.546076,35.890423],[-81.546323,35.890525],[-81.546651,35.890211],[-81.546988,35.889888],[-81.547162,35.889722],[-81.547241,35.889666],[-81.547779,35.889294],[-81.548753,35.888617],[-81.548758,35.888623],[-81.548781,35.888654],[-81.5489,35.888808],[-81.548923,35.888836],[-81.548946,35.888864],[-81.548968,35.888893],[-81.548989,35.888921],[-81.549011,35.88895],[-81.549032,35.888979],[-81.549052,35.889008],[-81.549073,35.889038],[-81.549093,35.889067],[-81.549112,35.889097],[-81.549131,35.889126],[-81.54915,35.889157],[-81.549169,35.889187],[-81.549183,35.88921],[-81.549205,35.889254],[-81.549244,35.889315],[-81.549281,35.889377],[-81.549318,35.88944],[-81.549349,35.889495],[-81.549379,35.889549],[-81.549471,35.889712],[-81.549501,35.889766],[-81.549531,35.889821],[-81.549604,35.889953],[-81.549651,35.89004],[-81.549776,35.890269],[-81.550101,35.890863],[-81.550118,35.890893],[-81.550186,35.891019],[-81.550336,35.891291],[-81.550522,35.891632],[-81.550777,35.892087],[-81.550837,35.892198],[-81.550927,35.892363],[-81.551049,35.892582],[-81.551079,35.892637],[-81.551095,35.892664],[-81.55111,35.892691],[-81.551133,35.892737],[-81.551155,35.892782],[-81.551177,35.892828],[-81.551197,35.892875],[-81.551218,35.89292],[-81.551238,35.892967],[-81.551257,35.893014],[-81.551275,35.893061],[-81.551293,35.893108],[-81.55131,35.893155],[-81.551326,35.893203],[-81.551336,35.893237],[-81.551346,35.893271],[-81.551355,35.893306],[-81.551363,35.893341],[-81.551371,35.893375],[-81.551378,35.89341],[-81.551384,35.893445],[-81.55139,35.89348],[-81.551395,35.893515],[-81.5514,35.89355],[-81.551404,35.893585],[-81.551405,35.89359],[-81.551409,35.893625],[-81.551414,35.89366],[-81.551416,35.893715],[-81.551417,35.893753],[-81.551418,35.8938],[-81.551417,35.893838],[-81.551415,35.893873],[-81.551409,35.893908],[-81.551404,35.893933],[-81.551375,35.894111],[-81.551341,35.894307],[-81.551282,35.89463],[-81.55122,35.894991],[-81.55121,35.895062],[-81.5512,35.895124],[-81.551188,35.895185],[-81.551174,35.895246],[-81.551159,35.895307],[-81.551142,35.895368],[-81.551126,35.895422],[-81.551124,35.895428],[-81.551104,35.895488],[-81.551083,35.895548],[-81.55106,35.895607],[-81.551036,35.895666],[-81.55101,35.895723],[-81.550983,35.895782],[-81.550954,35.895839],[-81.550924,35.895894],[-81.550648,35.896374],[-81.550619,35.896425],[-81.550591,35.896477],[-81.550565,35.89653],[-81.550542,35.896584],[-81.550522,35.896639],[-81.550505,35.896693],[-81.55049,35.896747],[-81.550477,35.896804],[-81.550467,35.896861],[-81.550461,35.896917],[-81.550456,35.896974],[-81.550454,35.89703],[-81.550455,35.897086],[-81.55046,35.89735],[-81.550461,35.897388],[-81.550462,35.897427],[-81.550464,35.897465],[-81.550466,35.897504],[-81.550468,35.897542],[-81.550475,35.897619],[-81.550479,35.897658],[-81.550483,35.897696],[-81.550488,35.897734],[-81.550493,35.897772],[-81.550499,35.897811],[-81.550506,35.897848],[-81.550512,35.897887],[-81.550518,35.897923],[-81.550554,35.898152],[-81.550621,35.898547],[-81.550653,35.89874],[-81.550667,35.898827],[-81.550722,35.899165],[-81.550204,35.899471],[-81.549519,35.899877],[-81.549273,35.900008],[-81.548886,35.900218],[-81.548629,35.900357],[-81.548267,35.900554],[-81.548111,35.900639],[-81.54787,35.900407],[-81.547838,35.900376],[-81.547831,35.900382],[-81.547821,35.900389],[-81.547808,35.900396],[-81.547797,35.900402],[-81.547785,35.900407],[-81.547776,35.90041],[-81.547768,35.900414],[-81.547761,35.900417],[-81.547755,35.900422],[-81.547748,35.900427],[-81.547739,35.900432],[-81.547731,35.900436],[-81.547724,35.900437],[-81.547716,35.90044],[-81.547705,35.900444],[-81.547696,35.900448],[-81.547687,35.900453],[-81.547678,35.900457],[-81.547668,35.900461],[-81.547656,35.900465],[-81.54764,35.900469],[-81.547626,35.900472],[-81.547613,35.900474],[-81.547603,35.900476],[-81.547593,35.900477],[-81.547584,35.900479],[-81.547574,35.900481],[-81.547564,35.900483],[-81.547552,35.900484],[-81.547547,35.900483],[-81.547543,35.900483],[-81.547538,35.900484],[-81.547534,35.900486],[-81.547531,35.900489],[-81.547528,35.900491],[-81.547522,35.900495],[-81.547516,35.900497],[-81.547507,35.9005],[-81.547495,35.900506],[-81.547486,35.90051],[-81.547476,35.900515],[-81.547469,35.900518],[-81.547461,35.900521],[-81.547454,35.900524],[-81.547446,35.900527],[-81.547438,35.900533],[-81.547426,35.900537],[-81.547413,35.900541],[-81.547401,35.900543],[-81.54739,35.900546],[-81.547379,35.900549],[-81.54737,35.900552],[-81.54736,35.900555],[-81.547352,35.900558],[-81.547342,35.900562],[-81.547331,35.900567],[-81.547319,35.900572],[-81.547309,35.900578],[-81.547299,35.900582],[-81.547295,35.900583],[-81.547291,35.900585],[-81.547286,35.900586],[-81.547277,35.900588],[-81.547267,35.900591],[-81.547256,35.900594],[-81.547244,35.9006],[-81.547238,35.900602],[-81.547225,35.900605],[-81.547213,35.900607],[-81.547199,35.900608],[-81.54719,35.900609],[-81.54718,35.90061],[-81.547167,35.900612],[-81.547157,35.900615],[-81.547148,35.900618],[-81.547139,35.90062],[-81.547128,35.900623],[-81.547117,35.900625],[-81.547106,35.900627],[-81.547097,35.900629],[-81.547087,35.900631],[-81.547077,35.900634],[-81.547071,35.900634],[-81.547065,35.900634],[-81.547061,35.900636],[-81.547059,35.900638],[-81.547056,35.900641],[-81.547055,35.900642],[-81.547047,35.900649],[-81.547037,35.900653],[-81.547022,35.900658],[-81.547004,35.900665],[-81.546991,35.900672],[-81.546977,35.900677],[-81.546969,35.900679],[-81.546959,35.900681],[-81.546951,35.900682],[-81.546948,35.900684],[-81.546944,35.900687],[-81.546938,35.90069],[-81.546924,35.900696],[-81.546914,35.900702],[-81.546903,35.900706],[-81.54689,35.900713],[-81.546878,35.900719],[-81.546867,35.900725],[-81.546856,35.900731],[-81.546845,35.900736],[-81.546832,35.900741],[-81.546822,35.900745],[-81.546812,35.900748],[-81.546802,35.90075],[-81.546794,35.900752],[-81.546787,35.900754],[-81.546781,35.900756],[-81.546744,35.900771],[-81.546708,35.900788],[-81.54667,35.900807],[-81.54666,35.900811],[-81.546652,35.900817],[-81.546643,35.900823],[-81.546638,35.900827],[-81.546637,35.900828],[-81.546609,35.900801],[-81.546461,35.900661],[-81.546457,35.900639],[-81.546453,35.900621],[-81.546456,35.900589],[-81.546462,35.900558],[-81.546483,35.900523],[-81.546524,35.900482],[-81.546525,35.900481],[-81.54665,35.900416]],[[-81.550544,35.895045],[-81.550672,35.894251],[-81.54988,35.894167],[-81.549752,35.894961],[-81.550544,35.895045]]],[[[-81.546518,35.900201],[-81.546484,35.900206],[-81.546479,35.900206],[-81.54645,35.900214],[-81.546415,35.900225],[-81.546378,35.900243],[-81.546329,35.900265],[-81.546244,35.900304],[-81.546175,35.900335],[-81.546148,35.900341],[-81.546114,35.900337],[-81.546085,35.90031],[-81.54607,35.900296],[-81.54641,35.900039],[-81.546535,35.900152],[-81.546518,35.900201]]]]},"properties":{"id":"precisely-site-45f6df4f50","src":"precisely","grp":"verify","op":"","ref":"2749515252","locality":"37027","acres":"175.48","for_site":"site-45f6df4f50"}},{"type":"Feature","geometry":{"type":"MultiPolygon","coordinates":[[[[-104.838545,41.080779],[-104.829055,41.080761],[-104.828973,41.080761],[-104.828989,41.087898],[-104.819277,41.087898],[-104.809868,41.087826],[-104.809906,41.080686],[-104.809943,41.07386],[-104.819379,41.073817],[-104.829014,41.073767],[-104.831432,41.073767],[-104.831433,41.07349],[-104.831433,41.073438],[-104.838597,41.073448],[-104.847998,41.073451],[-104.847998,41.073508],[-104.848013,41.080792],[-104.845015,41.080788],[-104.838673,41.080758],[-104.838672,41.080779],[-104.838545,41.080779]]]]},"properties":{"id":"precisely-site-46390ec188","src":"precisely","grp":"verify","op":"","ref":"13661910000400","locality":"56021","acres":"938.39","for_site":"site-46390ec188"}},{"type":"Feature","geometry":{"type":"MultiPolygon","coordinates":[[[[148.581725,-32.241477],[148.581521,-32.240887],[148.581437,-32.240913],[148.581222,-32.240979],[148.581417,-32.241563],[148.581725,-32.241477]]]]},"properties":{"id":"precisely-site-46f4eda5ae","src":"precisely","grp":"verify","op":"","ref":"10/244391","locality":"DUBBO, NSW","acres":"0.51","for_site":"site-46f4eda5ae"}},{"type":"Feature","geometry":{"type":"MultiPolygon","coordinates":[[[[-95.937838,41.257463],[-95.937601,41.257462],[-95.937601,41.257275],[-95.93784,41.257276],[-95.938008,41.257276],[-95.938008,41.257103],[-95.93808,41.257104],[-95.938079,41.257464],[-95.937838,41.257463]]]]},"properties":{"id":"precisely-site-473e837aad","src":"precisely","grp":"verify","op":"","ref":"0313570006","locality":"31055","acres":"0.23","for_site":"site-473e837aad"}},{"type":"Feature","geometry":{"type":"MultiPolygon","coordinates":[[[[-86.171291,39.759027],[-86.171698,39.759027],[-86.171698,39.759139],[-86.171696,39.759884],[-86.171274,39.759881],[-86.171225,39.759881],[-86.171227,39.759246],[-86.171291,39.759246],[-86.171291,39.759027]]]]},"properties":{"id":"precisely-site-47593f20fd","src":"precisely","grp":"new","op":"NETRALITY INDY MULTIPARCEL OWNER LLC","ref":"1104774","locality":"18097","acres":"0.91","for_site":"site-47593f20fd"}},{"type":"Feature","geometry":{"type":"MultiPolygon","coordinates":[[[[-73.753234,45.485856],[-73.753247,45.485862],[-73.753259,45.48587],[-73.753234,45.485856]]],[[[-73.753284,45.485885],[-73.753297,45.485892],[-73.75331,45.485899],[-73.753323,45.485906],[-73.753335,45.485913],[-73.753348,45.48592],[-73.753361,45.485927],[-73.753374,45.485934],[-73.753388,45.485941],[-73.753401,45.485947],[-73.753414,45.485954],[-73.753427,45.485961],[-73.753441,45.485968],[-73.753454,45.485974],[-73.753467,45.485981],[-73.753481,45.485987],[-73.753495,45.485993],[-73.753508,45.486],[-73.753522,45.486006],[-73.753536,45.486012],[-73.753549,45.486018],[-73.753563,45.486024],[-73.753577,45.48603],[-73.753591,45.486036],[-73.753605,45.486042],[-73.753619,45.486048],[-73.753633,45.486054],[-73.753647,45.486059],[-73.753662,45.486065],[-73.753676,45.486071],[-73.75369,45.486076],[-73.753705,45.486081],[-73.753719,45.486087],[-73.753733,45.486092],[-73.753748,45.486097],[-73.753763,45.486103],[-73.753777,45.486107],[-73.753792,45.486113],[-73.753806,45.486118],[-73.753821,45.486123],[-73.753836,45.486127],[-73.753851,45.486132],[-73.753866,45.486137],[-73.75388,45.486141],[-73.753895,45.486146],[-73.75391,45.486151],[-73.753925,45.486155],[-73.75394,45.48616],[-73.753955,45.486164],[-73.753971,45.486169],[-73.753986,45.486172],[-73.754001,45.486177],[-73.754016,45.48618],[-73.754031,45.486185],[-73.754047,45.486189],[-73.754062,45.486193],[-73.754077,45.486197],[-73.754093,45.4862],[-73.754108,45.486204],[-73.754124,45.486208],[-73.754139,45.486211],[-73.754155,45.486214],[-73.75417,45.486218],[-73.754186,45.486222],[-73.754202,45.486225],[-73.754217,45.486228],[-73.754233,45.486231],[-73.754249,45.486234],[-73.754264,45.486237],[-73.75428,45.48624],[-73.754296,45.486243],[-73.754312,45.486245],[-73.754328,45.486248],[-73.754343,45.486251],[-73.754359,45.486254],[-73.754375,45.486256],[-73.754391,45.486259],[-73.754407,45.486261],[-73.754423,45.486264],[-73.754439,45.486265],[-73.754455,45.486268],[-73.754471,45.48627],[-73.754487,45.486272],[-73.754503,45.486274],[-73.754519,45.486276],[-73.754535,45.486278],[-73.754551,45.486279],[-73.754568,45.486281],[-73.754584,45.486282],[-73.7546,45.486284],[-73.754616,45.486286],[-73.754632,45.486287],[-73.754648,45.486289],[-73.754665,45.48629],[-73.754681,45.486291],[-73.754697,45.486292],[-73.754713,45.486293],[-73.75473,45.486294],[-73.754746,45.486295],[-73.754762,45.486296],[-73.754778,45.486296],[-73.754795,45.486298],[-73.754811,45.486298],[-73.754827,45.486299],[-73.754843,45.486299],[-73.75486,45.4863],[-73.754876,45.4863],[-73.754892,45.4863],[-73.754909,45.486301],[-73.754925,45.486301],[-73.754941,45.486301],[-73.754958,45.486301],[-73.754974,45.486301],[-73.75499,45.4863],[-73.755006,45.4863],[-73.755023,45.4863],[-73.755039,45.4863],[-73.755055,45.486299],[-73.755072,45.486299],[-73.755088,45.486298],[-73.755104,45.486297],[-73.75512,45.486296],[-73.755137,45.486296],[-73.755153,45.486295],[-73.755169,45.486294],[-73.755186,45.486293],[-73.755202,45.486292],[-73.755218,45.486291],[-73.755234,45.48629],[-73.75525,45.486289],[-73.755267,45.486287],[-73.755283,45.486286],[-73.755299,45.486284],[-73.755315,45.486282],[-73.755331,45.486281],[-73.755347,45.486279],[-73.755363,45.486278],[-73.75538,45.486276],[-73.755396,45.486273],[-73.755412,45.486272],[-73.755428,45.48627],[-73.755444,45.486268],[-73.75546,45.486265],[-73.755476,45.486263],[-73.75662,45.486099],[-73.756975,45.487326],[-73.756298,45.487308],[-73.756283,45.487308],[-73.756269,45.487307],[-73.756254,45.487306],[-73.75624,45.487306],[-73.756225,45.487305],[-73.756211,45.487305],[-73.756196,45.487303],[-73.756182,45.487303],[-73.756167,45.487302],[-73.756153,45.487301],[-73.756139,45.4873],[-73.756124,45.487298],[-73.75611,45.487297],[-73.756095,45.487295],[-73.756081,45.487294],[-73.756067,45.487292],[-73.756052,45.487291],[-73.756038,45.487289],[-73.756024,45.487288],[-73.75601,45.487286],[-73.755995,45.487284],[-73.755981,45.487283],[-73.755967,45.487281],[-73.755953,45.487278],[-73.755938,45.487276],[-73.755924,45.487274],[-73.75591,45.487272],[-73.755896,45.48727],[-73.755882,45.487267],[-73.755868,45.487264],[-73.755854,45.487262],[-73.75584,45.48726],[-73.755826,45.487257],[-73.755812,45.487254],[-73.755798,45.487252],[-73.755784,45.487249],[-73.75577,45.487246],[-73.755756,45.487243],[-73.755742,45.48724],[-73.755728,45.487236],[-73.755715,45.487233],[-73.755701,45.48723],[-73.755687,45.487227],[-73.755674,45.487224],[-73.75566,45.48722],[-73.755646,45.487216],[-73.755633,45.487213],[-73.755619,45.487209],[-73.755606,45.487205],[-73.755592,45.487202],[-73.755579,45.487198],[-73.755565,45.487194],[-73.755552,45.48719],[-73.755539,45.487186],[-73.755526,45.487182],[-73.755512,45.487178],[-73.755499,45.487174],[-73.755486,45.487169],[-73.755473,45.487165],[-73.75546,45.48716],[-73.755447,45.487156],[-73.755434,45.487151],[-73.755421,45.487147],[-73.755408,45.487142],[-73.755395,45.487137],[-73.755382,45.487133],[-73.75537,45.487128],[-73.755357,45.487123],[-73.755344,45.487118],[-73.755332,45.487112],[-73.755319,45.487108],[-73.755307,45.487103],[-73.755294,45.487097],[-73.755282,45.487092],[-73.755269,45.487087],[-73.755257,45.487081],[-73.755245,45.487075],[-73.755233,45.48707],[-73.755221,45.487064],[-73.755208,45.487059],[-73.755196,45.487053],[-73.755184,45.487047],[-73.755173,45.487042],[-73.755161,45.487036],[-73.755149,45.48703],[-73.755137,45.487024],[-73.755126,45.487018],[-73.755114,45.487012],[-73.755102,45.487005],[-73.755091,45.486999],[-73.755079,45.486993],[-73.755068,45.486987],[-73.755057,45.486981],[-73.755045,45.486974],[-73.755034,45.486968],[-73.755023,45.486961],[-73.755012,45.486954],[-73.755001,45.486948],[-73.75499,45.486941],[-73.753272,45.485878],[-73.753284,45.485885]]]]},"properties":{"id":"precisely-site-47c960c7f9","src":"precisely","grp":"verify","op":"","ref":"C000PS1AHHVM","locality":"Canada","acres":"4.84","for_site":"site-47c960c7f9"}},{"type":"Feature","geometry":{"type":"MultiPolygon","coordinates":[[[[-73.29081,41.450888],[-73.291841,41.451203],[-73.291934,41.451747],[-73.292054,41.452453],[-73.291044,41.452457],[-73.289837,41.452734],[-73.288922,41.452912],[-73.288663,41.452977],[-73.2883,41.45312],[-73.287959,41.452215],[-73.287657,41.451417],[-73.289982,41.450635],[-73.29081,41.450888]]]]},"properties":{"id":"precisely-site-47f1286aed","src":"precisely","grp":"new","op":"MITCHELL, ROBERT K","ref":"9-90-37A","locality":"09140","acres":"16.14","for_site":"site-47f1286aed"}},{"type":"Feature","geometry":{"type":"MultiPolygon","coordinates":[[[[-77.468933,38.905395],[-77.469066,38.905398],[-77.469238,38.905511],[-77.469211,38.906391],[-77.468714,38.906378],[-77.468744,38.905391],[-77.468929,38.905395],[-77.468933,38.905395]]]]},"properties":{"id":"precisely-site-494ebb81e7","src":"precisely","grp":"verify","op":"LEGACY LAFAYETTE LLC","ref":"0332 13  0003","locality":"51059","acres":"1.15","for_site":"site-494ebb81e7"}},{"type":"Feature","geometry":{"type":"MultiPolygon","coordinates":[[[[150.857156,-34.463826],[150.857159,-34.463826],[150.857161,-34.463826],[150.857164,-34.463826],[150.857167,-34.463825],[150.857169,-34.463825],[150.857172,-34.463825],[150.857174,-34.463824],[150.857177,-34.463823],[150.85718,-34.463823],[150.857182,-34.463822],[150.857185,-34.463821],[150.857187,-34.46382],[150.857189,-34.463819],[150.857192,-34.463818],[150.857194,-34.463817],[150.857196,-34.463816],[150.857199,-34.463815],[150.857201,-34.463814],[150.857203,-34.463813],[150.857205,-34.463811],[150.857207,-34.46381],[150.857209,-34.463808],[150.857211,-34.463807],[150.857213,-34.463805],[150.857215,-34.463804],[150.857216,-34.463802],[150.857218,-34.4638],[150.85722,-34.463799],[150.857221,-34.463797],[150.857223,-34.463795],[150.857224,-34.463793],[150.857226,-34.463791],[150.857227,-34.463789],[150.857228,-34.463787],[150.857229,-34.463785],[150.85723,-34.463783],[150.857231,-34.463781],[150.857232,-34.463779],[150.857233,-34.463777],[150.857234,-34.463775],[150.857234,-34.463773],[150.857235,-34.463771],[150.857236,-34.463764],[150.857239,-34.46374],[150.85724,-34.463735],[150.857267,-34.463513],[150.857303,-34.463217],[150.857352,-34.462823],[150.85685,-34.462781],[150.856649,-34.462764],[150.856579,-34.462758],[150.856388,-34.462739],[150.856326,-34.462733],[150.856039,-34.462704],[150.856025,-34.462815],[150.856022,-34.462837],[150.856008,-34.462937],[150.855998,-34.463016],[150.855983,-34.463132],[150.855942,-34.46344],[150.855939,-34.463457],[150.855922,-34.463598],[150.855918,-34.463629],[150.855907,-34.46372],[150.856474,-34.463767],[150.856853,-34.4638],[150.857143,-34.463826],[150.857146,-34.463826],[150.857148,-34.463826],[150.857151,-34.463826],[150.857154,-34.463826],[150.857156,-34.463826]]]]},"properties":{"id":"precisely-site-4a2387a78c","src":"precisely","grp":"verify","op":"","ref":"13/813368","locality":"UNANDERRA, NSW","acres":"3.38","for_site":"site-4a2387a78c"}},{"type":"Feature","geometry":{"type":"MultiPolygon","coordinates":[[[[-95.559252,29.99432],[-95.55918,29.994251],[-95.559187,29.994195],[-95.559557,29.99396],[-95.559687,29.993881],[-95.559821,29.993809],[-95.55996,29.993743],[-95.560102,29.993683],[-95.560248,29.993629],[-95.560396,29.993581],[-95.560547,29.993542],[-95.560701,29.993508],[-95.560856,29.993481],[-95.561012,29.993461],[-95.561169,29.993449],[-95.561327,29.993443],[-95.561485,29.993444],[-95.561643,29.993453],[-95.5618,29.993468],[-95.561956,29.993491],[-95.563243,29.993705],[-95.563364,29.993723],[-95.563486,29.993738],[-95.563609,29.993748],[-95.563732,29.993754],[-95.564124,29.993767],[-95.56428,29.993768],[-95.564436,29.993764],[-95.564455,29.994094],[-95.564553,29.994164],[-95.564939,29.995879],[-95.564969,29.996011],[-95.565098,29.996142],[-95.564442,29.996608],[-95.563139,29.996581],[-95.563114,29.996581],[-95.563088,29.996583],[-95.56304,29.996593],[-95.562994,29.99661],[-95.562952,29.996632],[-95.562915,29.996662],[-95.56291,29.996666],[-95.562908,29.996668],[-95.562901,29.996675],[-95.562896,29.99668],[-95.562892,29.996684],[-95.562888,29.99669],[-95.562884,29.996695],[-95.562878,29.996702],[-95.562875,29.996708],[-95.562866,29.996721],[-95.562693,29.997008],[-95.562685,29.997022],[-95.562682,29.997026],[-95.562676,29.997036],[-95.56267,29.997044],[-95.562661,29.997058],[-95.562648,29.997075],[-95.562644,29.99708],[-95.562637,29.997089],[-95.562634,29.997093],[-95.562627,29.997102],[-95.56262,29.99711],[-95.562613,29.997119],[-95.562605,29.997127],[-95.56259,29.997143],[-95.562586,29.997147],[-95.562578,29.997155],[-95.562574,29.997159],[-95.562567,29.997167],[-95.562562,29.997171],[-95.562554,29.997179],[-95.562546,29.997186],[-95.562529,29.997202],[-95.562512,29.997216],[-95.5625,29.997224],[-95.562488,29.997232],[-95.562481,29.997236],[-95.562462,29.997244],[-95.562442,29.997249],[-95.562421,29.997253],[-95.562416,29.997253],[-95.562414,29.997253],[-95.562409,29.997253],[-95.562399,29.997253],[-95.562395,29.99725],[-95.562391,29.997253],[-95.562368,29.99725],[-95.562345,29.997244],[-95.562324,29.997234],[-95.562305,29.997223],[-95.562287,29.997209],[-95.561065,29.996075],[-95.560661,29.995652],[-95.559252,29.99432]]]]},"properties":{"id":"precisely-site-4aa629b2b7","src":"precisely","grp":"verify","op":"SF HOUH LLC","ref":"1200060010001","locality":"48201","acres":"36.77","for_site":"site-4aa629b2b7"}},{"type":"Feature","geometry":{"type":"MultiPolygon","coordinates":[[[[-83.002882,40.115103],[-83.002955,40.116113],[-83.002667,40.116453],[-83.002666,40.116454],[-83.00264,40.116443],[-83.002611,40.116435],[-83.002582,40.116432],[-83.002552,40.116432],[-83.002523,40.116436],[-83.002495,40.116443],[-83.002468,40.116454],[-83.002443,40.116465],[-83.002416,40.116473],[-83.002388,40.116477],[-83.002359,40.116477],[-83.001954,40.11646],[-83.001396,40.116437],[-83.001312,40.116434],[-83.001215,40.116432],[-83.001118,40.116436],[-83.001021,40.116446],[-83.000926,40.11646],[-83.000832,40.11648],[-83.000821,40.116482],[-83.000809,40.116482],[-83.000797,40.116481],[-83.000786,40.116479],[-83.000775,40.116474],[-83.000766,40.11647],[-83.000757,40.116463],[-83.00075,40.116456],[-83.000709,40.116411],[-83.000662,40.11637],[-83.000609,40.116333],[-83.000551,40.116301],[-83.000515,40.116285],[-83.000548,40.11582],[-83.000605,40.115008],[-83.001359,40.115039],[-83.001917,40.115062],[-83.002136,40.115072],[-83.002882,40.115103]]]]},"properties":{"id":"precisely-site-4b028a9847","src":"precisely","grp":"verify","op":"COMMUNICATIONS REALTY INVESTMENTS COLUMBUS JV LLC","ref":"610-210593","locality":"39049","acres":"7.59","for_site":"site-4b028a9847"}},{"type":"Feature","geometry":{"type":"MultiPolygon","coordinates":[[[[150.838712,-33.811704],[150.839165,-33.811654],[150.839486,-33.811604],[150.840124,-33.811468],[150.840161,-33.811462],[150.840098,-33.810928],[150.839919,-33.809403],[150.839867,-33.808966],[150.839823,-33.808969],[150.837612,-33.809155],[150.837614,-33.809158],[150.837619,-33.809166],[150.837625,-33.809174],[150.83763,-33.809182],[150.837635,-33.80919],[150.837641,-33.809198],[150.837646,-33.809206],[150.837651,-33.809214],[150.837656,-33.809223],[150.837661,-33.809231],[150.837666,-33.809239],[150.837671,-33.809247],[150.837676,-33.809256],[150.83768,-33.809264],[150.837685,-33.809272],[150.837689,-33.809281],[150.837694,-33.809289],[150.837698,-33.809298],[150.837702,-33.809306],[150.837706,-33.809315],[150.837711,-33.809323],[150.837715,-33.809332],[150.837719,-33.809341],[150.837722,-33.809349],[150.837726,-33.809358],[150.83773,-33.809367],[150.837734,-33.809375],[150.837737,-33.809384],[150.837741,-33.809393],[150.837744,-33.809402],[150.837747,-33.80941],[150.83775,-33.809419],[150.837754,-33.809428],[150.837757,-33.809437],[150.83776,-33.809446],[150.837763,-33.809455],[150.837765,-33.809464],[150.837768,-33.809473],[150.837771,-33.809482],[150.837773,-33.809491],[150.837776,-33.8095],[150.837778,-33.809509],[150.83778,-33.809518],[150.837783,-33.809527],[150.837785,-33.809536],[150.837787,-33.809545],[150.837789,-33.809554],[150.837791,-33.809563],[150.837792,-33.809572],[150.837794,-33.809581],[150.837796,-33.80959],[150.837797,-33.809599],[150.837799,-33.809609],[150.8378,-33.809618],[150.837801,-33.809627],[150.837803,-33.809636],[150.837804,-33.809645],[150.837805,-33.809654],[150.837994,-33.81126],[150.837994,-33.811261],[150.837994,-33.811263],[150.837995,-33.811264],[150.837995,-33.811266],[150.838044,-33.81142],[150.838044,-33.811422],[150.838045,-33.811425],[150.838046,-33.811427],[150.838046,-33.81143],[150.838046,-33.811432],[150.838047,-33.811434],[150.838047,-33.811437],[150.838058,-33.811529],[150.838236,-33.811777],[150.838712,-33.811704]]]]},"properties":{"id":"precisely-site-4d49b2db08","src":"precisely","grp":"verify","op":"","ref":"4001/1243178","locality":"EASTERN CREEK, NSW","acres":"14.07","for_site":"site-4d49b2db08"}},{"type":"Feature","geometry":{"type":"MultiPolygon","coordinates":[[[[138.608033,-34.925933],[138.607716,-34.925949],[138.607679,-34.925463],[138.607997,-34.925447],[138.608033,-34.925933]]]]},"properties":{"id":"precisely-site-4d62cca83a","src":"precisely","grp":"verify","op":"","ref":"D21138AL6","locality":"ADELAIDE, SA","acres":"0.39","for_site":"site-4d62cca83a"}},{"type":"Feature","geometry":{"type":"MultiPolygon","coordinates":[[[[149.182158,-35.336913],[149.18231,-35.336889],[149.183114,-35.337331],[149.182345,-35.338269],[149.18224,-35.338216],[149.182134,-35.338164],[149.182027,-35.338115],[149.181918,-35.338067],[149.181492,-35.337886],[149.181455,-35.337769],[149.182158,-35.336913]]]]},"properties":{"id":"precisely-site-4dc4b6b00b","src":"precisely","grp":"verify","op":"","ref":"CANB/FYSH/85/6","locality":"FYSHWICK, ACT","acres":"3.11","for_site":"site-4dc4b6b00b"}},{"type":"Feature","geometry":{"type":"MultiPolygon","coordinates":[[[[-113.995637,51.086742],[-113.996312,51.086743],[-113.996986,51.086743],[-113.99753,51.086743],[-113.99766,51.086825],[-113.99766,51.087659],[-113.996986,51.087659],[-113.996882,51.087659],[-113.996312,51.087659],[-113.995638,51.087658],[-113.995637,51.086742]]]]},"properties":{"id":"precisely-site-5009af981a","src":"precisely","grp":"verify","op":"","ref":"C000PS14KOET","locality":"Canada","acres":"3.56","for_site":"site-5009af981a"}},{"type":"Feature","geometry":{"type":"MultiPolygon","coordinates":[[[[-73.571685,45.509125],[-73.571667,45.509116],[-73.571608,45.509089],[-73.571587,45.509112],[-73.571367,45.509348],[-73.571163,45.509254],[-73.571369,45.509049],[-73.571134,45.508939],[-73.571193,45.508806],[-73.571353,45.508519],[-73.571845,45.508749],[-73.571978,45.508811],[-73.572206,45.508917],[-73.572336,45.508978],[-73.572042,45.509291],[-73.571911,45.50923],[-73.571685,45.509125]]]]},"properties":{"id":"precisely-site-50acd258c9","src":"precisely","grp":"verify","op":"","ref":"C000PS18S9C9","locality":"Canada","acres":"1.1","for_site":"site-50acd258c9"}},{"type":"Feature","geometry":{"type":"MultiPolygon","coordinates":[[[[149.133993,-35.25112],[149.135155,-35.251246],[149.134993,-35.252247],[149.134934,-35.252263],[149.134886,-35.252278],[149.134839,-35.252297],[149.134795,-35.25232],[149.134754,-35.252346],[149.134717,-35.252375],[149.134683,-35.252408],[149.134653,-35.252442],[149.134628,-35.252479],[149.134489,-35.252707],[149.134478,-35.252721],[149.134464,-35.252735],[149.134448,-35.252746],[149.13443,-35.252756],[149.13409,-35.252903],[149.133992,-35.252943],[149.133891,-35.252978],[149.133788,-35.253008],[149.133684,-35.253034],[149.133993,-35.25112]]]]},"properties":{"id":"precisely-site-50b2b90e4a","src":"precisely","grp":"verify","op":"","ref":"CANB/DICK/33/17","locality":"DICKSON, ACT","acres":"4.51","for_site":"site-50b2b90e4a"}},{"type":"Feature","geometry":{"type":"MultiPolygon","coordinates":[[[[-112.800704,49.736071],[-112.799455,49.736068],[-112.799457,49.735652],[-112.800707,49.735655],[-112.800704,49.736071]]]]},"properties":{"id":"precisely-site-50f86fb68b","src":"precisely","grp":"new","op":"","ref":"C000PS1BI7SQ","locality":"Canada","acres":"1.03","for_site":"site-50f86fb68b"}},{"type":"Feature","geometry":{"type":"MultiPolygon","coordinates":[[[[-85.982246,41.918848],[-85.980957,41.918848],[-85.980957,41.920767],[-85.979668,41.920767],[-85.979668,41.922213],[-85.973448,41.925447],[-85.97273,41.92545],[-85.972613,41.92545],[-85.972579,41.922568],[-85.972567,41.920629],[-85.972555,41.919396],[-85.972549,41.918848],[-85.972507,41.916056],[-85.972635,41.916056],[-85.982246,41.916053],[-85.982246,41.918848]]]]},"properties":{"id":"precisely-site-5103f60b0d","src":"precisely","grp":"new","op":"MIDWEST ENERGY & COMMUNICATION","ref":"14-100-030-001-10","locality":"26027","acres":"151.05","for_site":"site-5103f60b0d"}},{"type":"Feature","geometry":{"type":"MultiPolygon","coordinates":[[[[-96.404193,42.498216],[-96.403637,42.49822],[-96.403635,42.498012],[-96.404191,42.498009],[-96.404193,42.498216]]]]},"properties":{"id":"precisely-site-517a47914c","src":"precisely","grp":"verify","op":"","ref":"894728183006","locality":"19193","acres":"0.26","for_site":"site-517a47914c"}},{"type":"Feature","geometry":{"type":"MultiPolygon","coordinates":[[[[-106.319361,42.852972],[-106.318839,42.852972],[-106.318839,42.852876],[-106.319361,42.852876],[-106.319361,42.852972]]]]},"properties":{"id":"precisely-site-51c563a01f","src":"precisely","grp":"verify","op":"","ref":"33790441002000","locality":"56025","acres":"0.11","for_site":"site-51c563a01f"}},{"type":"Feature","geometry":{"type":"MultiPolygon","coordinates":[[[[-72.527365,45.884319],[-72.524736,45.882819],[-72.525837,45.881878],[-72.528762,45.883548],[-72.526171,45.885773],[-72.525862,45.885611],[-72.527365,45.884319]]]]},"properties":{"id":"precisely-site-51f1e70563","src":"precisely","grp":"verify","op":"","ref":"C000PS196JXV","locality":"Canada","acres":"11.16","for_site":"site-51f1e70563"}},{"type":"Feature","geometry":{"type":"MultiPolygon","coordinates":[[[[-73.970311,41.04915],[-73.970303,41.04808],[-73.970375,41.04808],[-73.971095,41.048077],[-73.972963,41.04807],[-73.972965,41.048154],[-73.973252,41.048205],[-73.97388,41.048206],[-73.974069,41.048629],[-73.974155,41.048613],[-73.974166,41.049781],[-73.974145,41.050104],[-73.97405,41.050307],[-73.97399,41.050462],[-73.973996,41.051226],[-73.974021,41.05266],[-73.974025,41.053158],[-73.974029,41.053611],[-73.974031,41.053934],[-73.97313,41.053937],[-73.973135,41.054484],[-73.972505,41.054492],[-73.971935,41.0545],[-73.97186,41.0545],[-73.971852,41.0545],[-73.971043,41.054495],[-73.969764,41.054489],[-73.969724,41.053597],[-73.969703,41.053138],[-73.969626,41.051429],[-73.969626,41.051427],[-73.969618,41.050548],[-73.969977,41.050546],[-73.969864,41.050433],[-73.969743,41.050335],[-73.969757,41.050041],[-73.969924,41.049599],[-73.969978,41.049145],[-73.970265,41.04915],[-73.970311,41.04915]]]]},"properties":{"id":"precisely-site-520cf82574","src":"precisely","grp":"verify","op":"JP MORGAN CHASE BANK N A","ref":"73.08-1-1","locality":"36087","acres":"61.1","for_site":"site-520cf82574"}},{"type":"Feature","geometry":{"type":"MultiPolygon","coordinates":[[[[-73.632503,40.721877],[-73.633123,40.723527],[-73.631761,40.723781],[-73.631756,40.723781],[-73.631751,40.72378],[-73.631746,40.72378],[-73.631741,40.723779],[-73.631735,40.723779],[-73.63173,40.723778],[-73.631725,40.723777],[-73.63172,40.723775],[-73.631715,40.723774],[-73.63171,40.723773],[-73.631705,40.723772],[-73.6317,40.723769],[-73.631696,40.723768],[-73.631691,40.723766],[-73.631686,40.723764],[-73.631682,40.723762],[-73.631678,40.72376],[-73.631673,40.723758],[-73.631669,40.723755],[-73.631665,40.723752],[-73.631661,40.72375],[-73.631657,40.723747],[-73.631654,40.723744],[-73.63165,40.723741],[-73.631647,40.723738],[-73.631644,40.723735],[-73.63164,40.723732],[-73.631598,40.723694],[-73.631557,40.723655],[-73.631518,40.723616],[-73.631481,40.723575],[-73.631445,40.723533],[-73.631412,40.723491],[-73.63138,40.723448],[-73.63135,40.723404],[-73.631322,40.723359],[-73.631296,40.723313],[-73.631272,40.723268],[-73.63125,40.723221],[-73.631125,40.722885],[-73.631048,40.722673],[-73.63092,40.722696],[-73.630867,40.722518],[-73.630819,40.72234],[-73.631906,40.722122],[-73.631872,40.722007],[-73.632503,40.721877]]]]},"properties":{"id":"precisely-site-5243052974","src":"precisely","grp":"verify","op":"UNITED FAMILY PROPERTIES LLC","ref":"34 K 362","locality":"36059","acres":"6.36","for_site":"site-5243052974"}},{"type":"Feature","geometry":{"type":"MultiPolygon","coordinates":[[[[-86.669118,36.102592],[-86.669388,36.102909],[-86.669701,36.10278],[-86.669935,36.102605],[-86.670011,36.10253],[-86.670233,36.102553],[-86.670732,36.102602],[-86.671255,36.102653],[-86.671226,36.102838],[-86.671203,36.102998],[-86.671195,36.103277],[-86.67114,36.10355],[-86.671143,36.103827],[-86.671129,36.104097],[-86.671112,36.104377],[-86.670706,36.104335],[-86.670502,36.104314],[-86.670493,36.104464],[-86.670452,36.104933],[-86.670252,36.104848],[-86.669535,36.104544],[-86.669556,36.104511],[-86.669456,36.104469],[-86.668504,36.104074],[-86.668788,36.10339],[-86.669118,36.102592]]]]},"properties":{"id":"precisely-site-52d83d92b7","src":"precisely","grp":"verify","op":"","ref":"13500035200","locality":"47037","acres":"10.85","for_site":"site-52d83d92b7"}},{"type":"Feature","geometry":{"type":"MultiPolygon","coordinates":[[[[-79.670618,44.336889],[-79.671196,44.336763],[-79.671531,44.337846],[-79.669851,44.338211],[-79.669561,44.33712],[-79.670618,44.336889]]]]},"properties":{"id":"precisely-site-531816d858","src":"precisely","grp":"verify","op":"","ref":"C000PS17TFTV","locality":"Canada","acres":"4.19","for_site":"site-531816d858"}},{"type":"Feature","geometry":{"type":"MultiPolygon","coordinates":[[[[-119.461185,49.880738],[-119.461219,49.880738],[-119.461779,49.880737],[-119.461904,49.880734],[-119.462028,49.880726],[-119.462151,49.880712],[-119.462152,49.881027],[-119.462154,49.881503],[-119.462154,49.881618],[-119.462154,49.881747],[-119.460279,49.881753],[-119.460292,49.881361],[-119.460296,49.881233],[-119.460513,49.881232],[-119.46051,49.88074],[-119.461185,49.880738]]]]},"properties":{"id":"precisely-site-55669485b8","src":"precisely","grp":"verify","op":"","ref":"C000PS15N3C9","locality":"Canada","acres":"3.52","for_site":"site-55669485b8"}},{"type":"Feature","geometry":{"type":"MultiPolygon","coordinates":[[[[-73.660961,45.509608],[-73.66088,45.509584],[-73.660726,45.509541],[-73.660687,45.50953],[-73.660636,45.509516],[-73.660748,45.509335],[-73.660886,45.50928],[-73.661097,45.508949],[-73.661027,45.508742],[-73.661531,45.508549],[-73.661537,45.508547],[-73.661542,45.508545],[-73.661548,45.508543],[-73.661554,45.508541],[-73.661559,45.508539],[-73.661565,45.508537],[-73.661571,45.508536],[-73.661577,45.508534],[-73.661583,45.508533],[-73.661589,45.508531],[-73.661595,45.508529],[-73.661601,45.508528],[-73.661607,45.508526],[-73.661613,45.508526],[-73.661619,45.508525],[-73.661625,45.508523],[-73.661631,45.508522],[-73.661637,45.508521],[-73.661643,45.50852],[-73.661649,45.50852],[-73.661656,45.508519],[-73.661662,45.508518],[-73.661668,45.508518],[-73.661674,45.508517],[-73.661681,45.508517],[-73.661687,45.508516],[-73.661693,45.508516],[-73.661699,45.508516],[-73.661706,45.508515],[-73.661712,45.508515],[-73.661718,45.508515],[-73.661725,45.508515],[-73.661731,45.508515],[-73.661737,45.508516],[-73.661743,45.508516],[-73.66175,45.508516],[-73.661756,45.508516],[-73.661762,45.508517],[-73.661768,45.508517],[-73.661775,45.508518],[-73.661781,45.508519],[-73.661787,45.508519],[-73.661793,45.50852],[-73.661799,45.50852],[-73.661806,45.508522],[-73.661812,45.508523],[-73.661818,45.508523],[-73.661824,45.508525],[-73.66183,45.508526],[-73.661836,45.508528],[-73.661842,45.508529],[-73.661848,45.50853],[-73.661854,45.508532],[-73.66186,45.508533],[-73.661866,45.508534],[-73.661872,45.508537],[-73.661877,45.508538],[-73.661883,45.50854],[-73.661885,45.50854],[-73.661887,45.508541],[-73.661889,45.508542],[-73.661891,45.508543],[-73.661892,45.508544],[-73.661894,45.508545],[-73.661896,45.508546],[-73.661897,45.508547],[-73.661899,45.508548],[-73.6619,45.508549],[-73.661902,45.508551],[-73.661903,45.508551],[-73.661904,45.508553],[-73.661905,45.508554],[-73.661906,45.508556],[-73.661907,45.508557],[-73.661908,45.508559],[-73.661909,45.50856],[-73.66191,45.508561],[-73.66191,45.508563],[-73.661911,45.508564],[-73.661911,45.508565],[-73.661911,45.508567],[-73.661912,45.508568],[-73.661912,45.50857],[-73.661912,45.508572],[-73.661912,45.508574],[-73.661912,45.508575],[-73.661911,45.508577],[-73.661911,45.508578],[-73.66191,45.508579],[-73.66191,45.508581],[-73.661909,45.508582],[-73.661908,45.508584],[-73.661908,45.508585],[-73.661214,45.509682],[-73.661041,45.509631],[-73.660961,45.509608]]]]},"properties":{"id":"precisely-site-55aab61518","src":"precisely","grp":"new","op":"","ref":"C000PS1AIEAW","locality":"Canada","acres":"1.44","for_site":"site-55aab61518"}},{"type":"Feature","geometry":{"type":"MultiPolygon","coordinates":[[[[-79.638783,43.594182],[-79.637428,43.594263],[-79.636919,43.594609],[-79.636717,43.59446],[-79.636306,43.594136],[-79.635872,43.593793],[-79.635871,43.593791],[-79.635765,43.593708],[-79.635728,43.593679],[-79.635723,43.593476],[-79.635905,43.593321],[-79.636076,43.593175],[-79.636209,43.593073],[-79.636263,43.593107],[-79.636385,43.593182],[-79.636533,43.593173],[-79.636583,43.59317],[-79.636598,43.593169],[-79.636591,43.593175],[-79.636566,43.593194],[-79.636406,43.593318],[-79.636713,43.593529],[-79.636738,43.593509],[-79.636798,43.593463],[-79.636925,43.593365],[-79.636639,43.593166],[-79.637779,43.5931],[-79.638135,43.593079],[-79.638249,43.593072],[-79.638564,43.593053],[-79.638586,43.593052],[-79.638588,43.593052],[-79.63865,43.593608],[-79.638658,43.593675],[-79.638673,43.593764],[-79.638696,43.59385],[-79.638729,43.593936],[-79.638771,43.594019],[-79.638821,43.5941],[-79.63888,43.594177],[-79.638783,43.594182]]]]},"properties":{"id":"precisely-site-55b6f1d80c","src":"precisely","grp":"verify","op":"","ref":"C000PS176EOF","locality":"Canada","acres":"6.92","for_site":"site-55b6f1d80c"}},{"type":"Feature","geometry":{"type":"MultiPolygon","coordinates":[[[[-104.572322,50.429341],[-104.572307,50.426095],[-104.572307,50.42591],[-104.572023,50.425914],[-104.568396,50.425918],[-104.562276,50.425922],[-104.560695,50.425926],[-104.549377,50.425932],[-104.549378,50.425549],[-104.549379,50.425234],[-104.54938,50.424902],[-104.549381,50.42465],[-104.549381,50.424484],[-104.549381,50.424322],[-104.549382,50.423787],[-104.549382,50.423669],[-104.549383,50.422428],[-104.549383,50.422163],[-104.549383,50.42197],[-104.549383,50.42179],[-104.549384,50.421646],[-104.549383,50.421502],[-104.549384,50.421071],[-104.549384,50.420927],[-104.549383,50.42076],[-104.549384,50.420594],[-104.549384,50.420423],[-104.549384,50.420257],[-104.549385,50.418971],[-104.549385,50.418691],[-104.549384,50.418373],[-104.549385,50.41602],[-104.549385,50.415904],[-104.549387,50.411447],[-104.550197,50.411446],[-104.560696,50.411437],[-104.565645,50.411433],[-104.572005,50.411425],[-104.572288,50.411426],[-104.572572,50.411427],[-104.578346,50.411435],[-104.583622,50.411435],[-104.587201,50.41144],[-104.59467,50.411443],[-104.594974,50.411444],[-104.595256,50.411444],[-104.595257,50.412192],[-104.59526,50.414767],[-104.59526,50.41477],[-104.59526,50.415063],[-104.59526,50.415315],[-104.595261,50.415872],[-104.595262,50.416377],[-104.595263,50.41722],[-104.595263,50.41752],[-104.595263,50.417629],[-104.595264,50.417908],[-104.595264,50.417922],[-104.595264,50.418102],[-104.595264,50.418224],[-104.595264,50.418335],[-104.595264,50.418392],[-104.595265,50.418681],[-104.595265,50.418682],[-104.595265,50.418882],[-104.595265,50.418919],[-104.595265,50.41904],[-104.595265,50.41933],[-104.595266,50.419547],[-104.595266,50.419703],[-104.595266,50.419914],[-104.595266,50.42],[-104.595266,50.420052],[-104.595267,50.42026],[-104.595267,50.420302],[-104.595267,50.420505],[-104.595267,50.420664],[-104.595267,50.420764],[-104.595267,50.420998],[-104.595268,50.421352],[-104.595268,50.421394],[-104.595268,50.421636],[-104.595268,50.421761],[-104.595269,50.421964],[-104.595269,50.422113],[-104.595269,50.422301],[-104.59527,50.423011],[-104.595272,50.425014],[-104.595272,50.425015],[-104.595273,50.42592],[-104.596786,50.425918],[-104.596846,50.425918],[-104.597712,50.425917],[-104.598075,50.425917],[-104.598463,50.425916],[-104.599298,50.425915],[-104.599728,50.425915],[-104.600923,50.425914],[-104.601129,50.425913],[-104.601674,50.425912],[-104.606199,50.425908],[-104.6062,50.425907],[-104.606374,50.425907],[-104.606572,50.425907],[-104.60657,50.423596],[-104.60657,50.423584],[-104.60657,50.423309],[-104.60657,50.423008],[-104.60657,50.422871],[-104.60657,50.42257],[-104.60657,50.422515],[-104.606569,50.422289],[-104.612219,50.422282],[-104.617867,50.422275],[-104.617868,50.423281],[-104.617869,50.423308],[-104.617869,50.423514],[-104.617869,50.423582],[-104.61787,50.424913],[-104.617871,50.425188],[-104.617871,50.425894],[-104.617871,50.426073],[-104.617871,50.426613],[-104.617872,50.426793],[-104.617872,50.427404],[-104.617874,50.428218],[-104.617873,50.428493],[-104.617875,50.429918],[-104.617875,50.430098],[-104.617876,50.431523],[-104.617876,50.431797],[-104.617878,50.433308],[-104.61788,50.434959],[-104.617879,50.435031],[-104.61788,50.43544],[-104.61788,50.435498],[-104.617881,50.436348],[-104.617882,50.43723],[-104.617884,50.438821],[-104.617886,50.440571],[-104.617885,50.440773],[-104.606649,50.440596],[-104.595297,50.440773],[-104.595017,50.440777],[-104.594974,50.440777],[-104.5949,50.440776],[-104.594784,50.440776],[-104.594321,50.440774],[-104.593111,50.440775],[-104.592995,50.440774],[-104.592416,50.440777],[-104.592132,50.440776],[-104.591668,50.440779],[-104.591552,50.440778],[-104.590973,50.440776],[-104.59069,50.440775],[-104.590227,50.440778],[-104.590169,50.440777],[-104.590053,50.440777],[-104.589936,50.440777],[-104.589879,50.440777],[-104.589531,50.440776],[-104.589248,50.440779],[-104.589132,50.440779],[-104.588784,50.440777],[-104.588669,50.440777],[-104.588089,50.44078],[-104.58769,50.440778],[-104.587574,50.440777],[-104.587458,50.440777],[-104.587342,50.440777],[-104.587226,50.44078],[-104.58711,50.44078],[-104.587038,50.44078],[-104.586995,50.44078],[-104.5859,50.44078],[-104.585668,50.44078],[-104.585204,50.440778],[-104.584921,50.440782],[-104.584806,50.440781],[-104.584458,50.44078],[-104.583878,50.440777],[-104.583763,50.440782],[-104.572343,50.440588],[-104.572338,50.434693],[-104.572339,50.433344],[-104.572322,50.429341]]]]},"properties":{"id":"precisely-site-55cd026875","src":"precisely","grp":"verify","op":"","ref":"C000PS1AS06X","locality":"Canada","acres":"2694.19","for_site":"site-55cd026875"}},{"type":"Feature","geometry":{"type":"MultiPolygon","coordinates":[[[[-95.385572,29.741471],[-95.385572,29.741335],[-95.385967,29.74133],[-95.385968,29.741467],[-95.385572,29.741471]]]]},"properties":{"id":"precisely-site-568a0cad3c","src":"precisely","grp":"verify","op":"","ref":"0370400000018","locality":"48201","acres":"0.14","for_site":"site-568a0cad3c"}},{"type":"Feature","geometry":{"type":"MultiPolygon","coordinates":[[[[-98.525541,33.952924],[-98.525773,33.952922],[-98.525925,33.95287],[-98.526004,33.953031],[-98.525423,33.953042],[-98.525257,33.9537],[-98.524516,33.953703],[-98.523123,33.953708],[-98.523117,33.95252],[-98.525538,33.952511],[-98.525541,33.952924]]]]},"properties":{"id":"precisely-site-56dd7a2edc","src":"precisely","grp":"verify","op":"STAR TEXAN PROPERTIES LLC","ref":"123433","locality":"48485","acres":"7.09","for_site":"site-56dd7a2edc"}},{"type":"Feature","geometry":{"type":"MultiPolygon","coordinates":[[[[-121.272201,38.59532],[-121.272308,38.595332],[-121.272414,38.59535],[-121.272518,38.595375],[-121.272619,38.595405],[-121.272717,38.595441],[-121.272841,38.595491],[-121.272943,38.595528],[-121.273048,38.595561],[-121.273156,38.595589],[-121.273265,38.595611],[-121.273376,38.595629],[-121.273429,38.596584],[-121.272919,38.596599],[-121.27189,38.596628],[-121.271814,38.595319],[-121.271984,38.595313],[-121.272093,38.595313],[-121.272201,38.59532]]]]},"properties":{"id":"precisely-site-570d1f239e","src":"precisely","grp":"verify","op":"RAINIER DC ASSETS LLC","ref":"07205900030000","locality":"06067","acres":"4.33","for_site":"site-570d1f239e"}},{"type":"Feature","geometry":{"type":"MultiPolygon","coordinates":[[[[-122.909199,49.280936],[-122.908987,49.280975],[-122.908774,49.281004],[-122.90856,49.281023],[-122.908345,49.281031],[-122.90813,49.281028],[-122.907916,49.281015],[-122.907702,49.280991],[-122.90749,49.280957],[-122.907382,49.280936],[-122.906788,49.280811],[-122.904744,49.280381],[-122.903734,49.279922],[-122.90367,49.279892],[-122.9036,49.27987],[-122.903531,49.279844],[-122.903463,49.279816],[-122.903397,49.279784],[-122.903332,49.279749],[-122.903269,49.279711],[-122.903208,49.279669],[-122.90315,49.279625],[-122.903093,49.279578],[-122.903039,49.279528],[-122.902987,49.279476],[-122.902938,49.279421],[-122.902892,49.279364],[-122.902849,49.279304],[-122.902808,49.279243],[-122.902771,49.27918],[-122.902737,49.279115],[-122.902706,49.279048],[-122.902678,49.27898],[-122.902654,49.27891],[-122.902633,49.27884],[-122.902616,49.278769],[-122.902602,49.278696],[-122.902592,49.278623],[-122.902585,49.27855],[-122.902582,49.278477],[-122.902582,49.278403],[-122.902586,49.27833],[-122.902594,49.278257],[-122.902605,49.278184],[-122.90262,49.278112],[-122.902639,49.27804],[-122.902661,49.27797],[-122.902686,49.277902],[-122.902703,49.277859],[-122.903174,49.276985],[-122.904855,49.275643],[-122.904896,49.275609],[-122.905557,49.2752],[-122.905707,49.275106],[-122.90578,49.275071],[-122.906199,49.274863],[-122.908435,49.273762],[-122.911178,49.272753],[-122.911236,49.272732],[-122.913604,49.272139],[-122.915272,49.271916],[-122.918058,49.272034],[-122.919831,49.272446],[-122.922745,49.273479],[-122.923697,49.273571],[-122.924416,49.273309],[-122.924009,49.27231],[-122.925402,49.273738],[-122.925478,49.273816],[-122.926598,49.273636],[-122.927639,49.273832],[-122.92773,49.273848],[-122.927983,49.273895],[-122.927777,49.274185],[-122.927583,49.274458],[-122.928705,49.275018],[-122.928771,49.275051],[-122.928771,49.275052],[-122.929088,49.275209],[-122.929581,49.275455],[-122.929587,49.275458],[-122.930269,49.275799],[-122.931783,49.276554],[-122.932864,49.277092],[-122.932928,49.277114],[-122.932991,49.277139],[-122.933053,49.277167],[-122.933113,49.277198],[-122.933172,49.277232],[-122.933229,49.277268],[-122.933284,49.277307],[-122.933338,49.277349],[-122.933389,49.277393],[-122.933438,49.277441],[-122.933484,49.27749],[-122.933528,49.277542],[-122.933569,49.277595],[-122.933608,49.277651],[-122.933644,49.277708],[-122.933677,49.277767],[-122.933707,49.277828],[-122.933734,49.27789],[-122.933758,49.277953],[-122.933779,49.278018],[-122.933797,49.278083],[-122.933811,49.278149],[-122.933823,49.278216],[-122.933831,49.278284],[-122.933835,49.278351],[-122.933837,49.278419],[-122.933835,49.278487],[-122.933829,49.278554],[-122.933821,49.278621],[-122.933809,49.278688],[-122.933793,49.278754],[-122.933775,49.278819],[-122.933753,49.278883],[-122.933747,49.278901],[-122.933102,49.279754],[-122.932054,49.280289],[-122.931249,49.280525],[-122.93115,49.280554],[-122.930342,49.280791],[-122.930225,49.280826],[-122.928945,49.2812],[-122.928916,49.281159],[-122.928714,49.28122],[-122.928592,49.281257],[-122.928244,49.281349],[-122.927892,49.281424],[-122.927537,49.281482],[-122.92718,49.281522],[-122.926821,49.281544],[-122.926461,49.28155],[-122.926102,49.281537],[-122.925743,49.281507],[-122.925387,49.281459],[-122.925106,49.281409],[-122.923458,49.28108],[-122.922142,49.280685],[-122.922046,49.28095],[-122.921281,49.281],[-122.920787,49.280787],[-122.920569,49.280654],[-122.918904,49.280545],[-122.917719,49.281052],[-122.915441,49.281436],[-122.909614,49.280827],[-122.909408,49.280886],[-122.909199,49.280936]],[[-122.910511,49.28017],[-122.910659,49.280072],[-122.911038,49.279822],[-122.911045,49.279816],[-122.911216,49.279704],[-122.911289,49.279656],[-122.911397,49.279585],[-122.911405,49.279579],[-122.91153,49.279497],[-122.911755,49.279348],[-122.911774,49.279335],[-122.911792,49.279323],[-122.911822,49.279301],[-122.91185,49.279276],[-122.911877,49.279252],[-122.911903,49.279225],[-122.911928,49.279198],[-122.911951,49.279169],[-122.911973,49.27914],[-122.911994,49.279109],[-122.912012,49.279077],[-122.912019,49.279066],[-122.912023,49.279058],[-122.912027,49.279048],[-122.912015,49.279045],[-122.912111,49.278786],[-122.912113,49.27878],[-122.912246,49.278422],[-122.912206,49.278378],[-122.912152,49.27837],[-122.911378,49.278249],[-122.910936,49.27818],[-122.910941,49.278167],[-122.910873,49.278156],[-122.910739,49.278136],[-122.910605,49.278115],[-122.910537,49.278104],[-122.910532,49.278119],[-122.909201,49.277911],[-122.909204,49.277897],[-122.90883,49.277838],[-122.907329,49.277606],[-122.907198,49.277583],[-122.907068,49.277558],[-122.906859,49.27751],[-122.906654,49.277452],[-122.906451,49.277385],[-122.906252,49.277307],[-122.906058,49.27722],[-122.905978,49.277181],[-122.905466,49.276919],[-122.905163,49.276764],[-122.904865,49.276612],[-122.904824,49.276593],[-122.904781,49.276576],[-122.904737,49.276561],[-122.904693,49.276548],[-122.904648,49.276538],[-122.904603,49.276529],[-122.904558,49.276523],[-122.904512,49.27652],[-122.904466,49.276518],[-122.90442,49.276518],[-122.904374,49.276521],[-122.904328,49.276526],[-122.904283,49.276534],[-122.904238,49.276543],[-122.904193,49.276555],[-122.904149,49.276569],[-122.904106,49.276585],[-122.904064,49.276604],[-122.904023,49.276624],[-122.903983,49.276646],[-122.903943,49.27667],[-122.903938,49.276674],[-122.903765,49.27683],[-122.903601,49.276993],[-122.903445,49.277165],[-122.903297,49.277344],[-122.903264,49.277387],[-122.90321,49.277457],[-122.90316,49.27753],[-122.903114,49.277604],[-122.903072,49.277682],[-122.90304,49.277745],[-122.903014,49.277815],[-122.902991,49.277887],[-122.902974,49.277956],[-122.90296,49.278026],[-122.90295,49.278096],[-122.902944,49.278166],[-122.90294,49.278237],[-122.902941,49.278308],[-122.902944,49.278378],[-122.902951,49.278449],[-122.902962,49.278519],[-122.902976,49.278589],[-122.902994,49.278657],[-122.903014,49.278725],[-122.903039,49.278792],[-122.903066,49.278857],[-122.903096,49.278921],[-122.903112,49.27895],[-122.903161,49.279039],[-122.903216,49.279124],[-122.903274,49.279207],[-122.903336,49.279287],[-122.903402,49.279364],[-122.903472,49.279438],[-122.903545,49.279508],[-122.903622,49.279574],[-122.903625,49.279577],[-122.903752,49.279673],[-122.903883,49.279763],[-122.904018,49.279847],[-122.904158,49.279923],[-122.9043,49.279993],[-122.904447,49.280055],[-122.904596,49.280111],[-122.904747,49.280159],[-122.904901,49.280199],[-122.905056,49.280232],[-122.905091,49.280238],[-122.905237,49.280265],[-122.905834,49.280361],[-122.906188,49.280429],[-122.906532,49.280516],[-122.906864,49.280623],[-122.906911,49.280638],[-122.907112,49.280702],[-122.907316,49.280755],[-122.907522,49.280798],[-122.90773,49.280831],[-122.90794,49.280854],[-122.908151,49.280866],[-122.908175,49.280867],[-122.908512,49.280863],[-122.908687,49.280849],[-122.9089,49.280825],[-122.90911,49.280789],[-122.909259,49.280755],[-122.909406,49.280713],[-122.909551,49.280665],[-122.909689,49.280611],[-122.909856,49.280541],[-122.910051,49.28044],[-122.910277,49.280308],[-122.910477,49.280192],[-122.910511,49.28017]],[[-122.906704,49.27685],[-122.906596,49.276803],[-122.906491,49.276753],[-122.905965,49.276482],[-122.905909,49.276487],[-122.906057,49.276362],[-122.906059,49.276402],[-122.906581,49.276676],[-122.906712,49.276739],[-122.906849,49.276796],[-122.906883,49.276808],[-122.906917,49.276822],[-122.906926,49.276825],[-122.906936,49.276828],[-122.906944,49.276831],[-122.906947,49.276832],[-122.90696,49.276836],[-122.906973,49.276841],[-122.906994,49.276848],[-122.907015,49.276855],[-122.907047,49.276866],[-122.907079,49.276875],[-122.907248,49.276922],[-122.907421,49.27696],[-122.90746,49.276967],[-122.9075,49.276974],[-122.907529,49.276979],[-122.907557,49.276984],[-122.907995,49.277052],[-122.908008,49.277054],[-122.908028,49.277057],[-122.908061,49.277062],[-122.90823,49.277089],[-122.909068,49.277219],[-122.909099,49.277206],[-122.909118,49.277199],[-122.909143,49.277127],[-122.909165,49.277066],[-122.909259,49.276806],[-122.909268,49.27678],[-122.909291,49.276715],[-122.909399,49.276414],[-122.909407,49.276391],[-122.909461,49.276242],[-122.909469,49.27622],[-122.909476,49.276197],[-122.909482,49.276172],[-122.909488,49.276148],[-122.909493,49.276117],[-122.909496,49.276086],[-122.909499,49.276055],[-122.909499,49.276023],[-122.909498,49.275992],[-122.909496,49.275961],[-122.909492,49.27593],[-122.909486,49.275899],[-122.909479,49.275868],[-122.909471,49.275838],[-122.909461,49.275809],[-122.909449,49.27578],[-122.909436,49.275751],[-122.909436,49.275749],[-122.909424,49.275725],[-122.909411,49.275701],[-122.909358,49.275619],[-122.909294,49.275541],[-122.909242,49.275488],[-122.909185,49.275438],[-122.909089,49.275367],[-122.908982,49.275303],[-122.908977,49.2753],[-122.908972,49.275297],[-122.908961,49.275291],[-122.90895,49.275286],[-122.908905,49.275264],[-122.908858,49.275242],[-122.908851,49.275239],[-122.908844,49.275236],[-122.908807,49.275221],[-122.90877,49.275206],[-122.908753,49.2752],[-122.908735,49.275194],[-122.908723,49.275189],[-122.90871,49.275186],[-122.908514,49.275132],[-122.908308,49.275098],[-122.907919,49.275053],[-122.907785,49.275033],[-122.907654,49.275005],[-122.907578,49.274984],[-122.907502,49.27496],[-122.907428,49.274932],[-122.907355,49.274901],[-122.907283,49.274866],[-122.907214,49.274827],[-122.907147,49.274786],[-122.907135,49.274778],[-122.907123,49.27477],[-122.907112,49.274762],[-122.906912,49.274762],[-122.906466,49.274979],[-122.906432,49.274995],[-122.906405,49.275009],[-122.906385,49.275018],[-122.906366,49.275028],[-122.906359,49.275031],[-122.906291,49.275065],[-122.906224,49.275099],[-122.906212,49.275105],[-122.90621,49.275105],[-122.906188,49.275116],[-122.906166,49.275128],[-122.906137,49.275143],[-122.906123,49.27515],[-122.906098,49.275163],[-122.906083,49.27517],[-122.906069,49.275178],[-122.906048,49.275189],[-122.906027,49.275201],[-122.906006,49.275212],[-122.905985,49.275223],[-122.90571,49.275376],[-122.905442,49.275534],[-122.905315,49.275614],[-122.905242,49.275662],[-122.905042,49.275803],[-122.904996,49.275837],[-122.904954,49.275875],[-122.904951,49.275878],[-122.904947,49.275882],[-122.904918,49.275912],[-122.904892,49.275944],[-122.904847,49.276014],[-122.904816,49.276089],[-122.904815,49.276092],[-122.904814,49.276095],[-122.904813,49.276098],[-122.904812,49.276102],[-122.904812,49.276106],[-122.90481,49.27612],[-122.904809,49.276134],[-122.904808,49.276148],[-122.904808,49.276162],[-122.904809,49.276176],[-122.904811,49.27619],[-122.904813,49.276204],[-122.904816,49.276218],[-122.90482,49.276231],[-122.904824,49.276245],[-122.904829,49.276258],[-122.904834,49.276271],[-122.904841,49.276284],[-122.904847,49.276296],[-122.904855,49.276308],[-122.904863,49.27632],[-122.904872,49.276331],[-122.904881,49.276342],[-122.90489,49.276352],[-122.9049,49.276362],[-122.904911,49.276371],[-122.904922,49.27638],[-122.904933,49.276388],[-122.904945,49.276396],[-122.904958,49.276403],[-122.90497,49.27641],[-122.904972,49.276411],[-122.904976,49.276413],[-122.90498,49.276415],[-122.904984,49.276418],[-122.904988,49.27642],[-122.904992,49.276422],[-122.904996,49.276425],[-122.905002,49.276428],[-122.905009,49.276431],[-122.905149,49.276503],[-122.905247,49.276553],[-122.90535,49.276605],[-122.905655,49.276761],[-122.906168,49.277023],[-122.906335,49.277103],[-122.90651,49.277175],[-122.906691,49.27724],[-122.906816,49.276895],[-122.906704,49.27685]],[[-122.919487,49.277219],[-122.919488,49.277219],[-122.920098,49.277438],[-122.920225,49.27748],[-122.920245,49.277486],[-122.920398,49.277527],[-122.920556,49.277558],[-122.920608,49.277565],[-122.920717,49.277579],[-122.920761,49.277583],[-122.92088,49.277592],[-122.921045,49.277595],[-122.921209,49.277588],[-122.921372,49.277572],[-122.921531,49.277546],[-122.922591,49.277344],[-122.922704,49.277255],[-122.922743,49.277225],[-122.922807,49.277175],[-122.922816,49.277168],[-122.923069,49.27697],[-122.923184,49.276874],[-122.923264,49.276807],[-122.923288,49.276787],[-122.923543,49.276574],[-122.923837,49.276329],[-122.923914,49.276264],[-122.924446,49.275819],[-122.924453,49.275814],[-122.924901,49.275439],[-122.924984,49.27524],[-122.924995,49.275212],[-122.925007,49.275186],[-122.92501,49.275177],[-122.925163,49.27481],[-122.925271,49.274499],[-122.925313,49.274064],[-122.925304,49.274047],[-122.92522,49.273871],[-122.924823,49.273953],[-122.924328,49.273993],[-122.923351,49.274072],[-122.922905,49.273913],[-122.922566,49.273793],[-122.922514,49.273891],[-122.922322,49.274255],[-122.922163,49.274402],[-122.921868,49.274511],[-122.921716,49.274749],[-122.921551,49.274803],[-122.920831,49.274717],[-122.920208,49.275189],[-122.920173,49.275216],[-122.920137,49.275243],[-122.920099,49.275271],[-122.919935,49.275455],[-122.919805,49.275609],[-122.919659,49.275853],[-122.919585,49.276038],[-122.919562,49.276093],[-122.919519,49.276158],[-122.919515,49.276166],[-122.919472,49.27623],[-122.919461,49.276244],[-122.919376,49.276348],[-122.919356,49.276373],[-122.919295,49.276447],[-122.919188,49.276579],[-122.919065,49.276867],[-122.918991,49.277041],[-122.919113,49.277085],[-122.919271,49.277142],[-122.919272,49.277142],[-122.919325,49.277161],[-122.919487,49.277219]],[[-122.907496,49.277071],[-122.907313,49.277039],[-122.907135,49.276996],[-122.906962,49.276946],[-122.906942,49.276939],[-122.906819,49.277278],[-122.906995,49.277328],[-122.907176,49.27737],[-122.907361,49.277404],[-122.907403,49.27741],[-122.907875,49.277484],[-122.90889,49.277642],[-122.908973,49.277609],[-122.909067,49.277347],[-122.909055,49.277334],[-122.909036,49.277314],[-122.907995,49.277152],[-122.907525,49.277078],[-122.907496,49.277071]],[[-122.910154,49.277841],[-122.910158,49.277842],[-122.910739,49.277933],[-122.91079,49.277794],[-122.910849,49.277633],[-122.910772,49.277587],[-122.909557,49.277395],[-122.909389,49.277368],[-122.909339,49.277371],[-122.909238,49.277652],[-122.909289,49.277706],[-122.909435,49.277728],[-122.910154,49.277841]],[[-122.910862,49.277951],[-122.91168,49.278079],[-122.912003,49.278129],[-122.912032,49.278133],[-122.91235,49.278183],[-122.912373,49.278119],[-122.912374,49.278117],[-122.912387,49.278082],[-122.9124,49.278046],[-122.912428,49.277971],[-122.912438,49.277945],[-122.912473,49.27785],[-122.911686,49.277728],[-122.911678,49.277726],[-122.911075,49.277632],[-122.910971,49.277652],[-122.910923,49.277782],[-122.910923,49.277784],[-122.910862,49.277951]]]]},"properties":{"id":"precisely-site-597d643c28","src":"precisely","grp":"verify","op":"","ref":"C000PS15P2NG","locality":"Canada","acres":"336.05","for_site":"site-597d643c28"}},{"type":"Feature","geometry":{"type":"MultiPolygon","coordinates":[[[[-79.620154,43.741401],[-79.61997,43.741443],[-79.619875,43.741232],[-79.619472,43.740335],[-79.622014,43.739744],[-79.622511,43.740853],[-79.620154,43.741401]]]]},"properties":{"id":"precisely-site-5a231ce571","src":"precisely","grp":"verify","op":"","ref":"C000PS1876EA","locality":"Canada","acres":"6.88","for_site":"site-5a231ce571"}},{"type":"Feature","geometry":{"type":"MultiPolygon","coordinates":[[[[-75.398813,45.574],[-75.399059,45.575621],[-75.398744,45.57565],[-75.398232,45.575658],[-75.39797,45.575679],[-75.397837,45.574451],[-75.397801,45.574084],[-75.398813,45.574]]]]},"properties":{"id":"precisely-site-5a2387f7d6","src":"precisely","grp":"verify","op":"","ref":"C000PS199Z9O","locality":"Canada","acres":"3.66","for_site":"site-5a2387f7d6"}},{"type":"Feature","geometry":{"type":"MultiPolygon","coordinates":[[[[-66.062667,45.272351],[-66.06233,45.272413],[-66.062265,45.272211],[-66.062264,45.272211],[-66.062164,45.271896],[-66.062501,45.271841],[-66.062593,45.272124],[-66.062603,45.272155],[-66.062667,45.272351]]]]},"properties":{"id":"precisely-site-5a35525b20","src":"precisely","grp":"verify","op":"","ref":"C000PS150AYZ","locality":"Canada","acres":"0.39","for_site":"site-5a35525b20"}},{"type":"Feature","geometry":{"type":"MultiPolygon","coordinates":[[[[-118.25504,34.048036],[-118.255103,34.047981],[-118.255166,34.047926],[-118.255158,34.047921],[-118.255164,34.047914],[-118.255263,34.047806],[-118.255275,34.047794],[-118.255435,34.047619],[-118.255516,34.047531],[-118.255567,34.047476],[-118.255999,34.047757],[-118.255704,34.048081],[-118.255593,34.048202],[-118.255483,34.048323],[-118.255191,34.048134],[-118.255144,34.048103],[-118.255048,34.048041],[-118.25504,34.048036]]]]},"properties":{"id":"precisely-site-5a5dca3a03","src":"precisely","grp":"verify","op":"","ref":"5144-004-014","locality":"06037","acres":"0.99","for_site":"site-5a5dca3a03"}},{"type":"Feature","geometry":{"type":"MultiPolygon","coordinates":[[[[153.005907,-27.465916],[153.005792,-27.465645],[153.006152,-27.465524],[153.006191,-27.465614],[153.006229,-27.465704],[153.006266,-27.465794],[153.005907,-27.465916]]]]},"properties":{"id":"precisely-site-5adbbbfec0","src":"precisely","grp":"verify","op":"","ref":"2 RP196885","locality":"MILTON, QLD","acres":"0.3","for_site":"site-5adbbbfec0"}},{"type":"Feature","geometry":{"type":"MultiPolygon","coordinates":[[[[138.575522,-34.937157],[138.575186,-34.937173],[138.575156,-34.936762],[138.574156,-34.936811],[138.573989,-34.936819],[138.573952,-34.936821],[138.573943,-34.936752],[138.573984,-34.93675],[138.57415,-34.936742],[138.575152,-34.936693],[138.575484,-34.936677],[138.575492,-34.936745],[138.575522,-34.937157]]]]},"properties":{"id":"precisely-site-5c323dcd1b","src":"precisely","grp":"verify","op":"","ref":"D123630AL15","locality":"MILE END SOUTH, SA","acres":"0.61","for_site":"site-5c323dcd1b"}},{"type":"Feature","geometry":{"type":"MultiPolygon","coordinates":[[[[-122.390603,37.789134],[-122.389932,37.7886],[-122.390307,37.788304],[-122.390977,37.78884],[-122.390603,37.789134]]]]},"properties":{"id":"precisely-site-5c36ab9e09","src":"precisely","grp":"verify","op":"","ref":"3745008","locality":"06075","acres":"0.96","for_site":"site-5c36ab9e09"}},{"type":"Feature","geometry":{"type":"MultiPolygon","coordinates":[[[[144.935411,-37.830776],[144.93633,-37.830598],[144.936914,-37.831077],[144.937075,-37.831598],[144.936679,-37.831675],[144.936197,-37.831768],[144.935743,-37.831856],[144.935736,-37.831832],[144.935411,-37.830776]]]]},"properties":{"id":"precisely-site-5cc366ca2a","src":"precisely","grp":"new","op":"","ref":"6C~60\\PP3084B","locality":"PORT MELBOURNE, VIC","acres":"3.38","for_site":"site-5cc366ca2a"}},{"type":"Feature","geometry":{"type":"MultiPolygon","coordinates":[[[[-88.493756,43.83342],[-88.49465,43.833422],[-88.494661,43.835221],[-88.494608,43.835221],[-88.494602,43.834245],[-88.493765,43.834242],[-88.493756,43.83342]]]]},"properties":{"id":"precisely-site-5d7acca239","src":"precisely","grp":"new","op":"ETHOPLEX LLC","ref":"T111617290500300","locality":"55039","acres":"1.73","for_site":"site-5d7acca239"}},{"type":"Feature","geometry":{"type":"MultiPolygon","coordinates":[[[[-114.056458,51.045452],[-114.056432,51.045808],[-114.056324,51.045804],[-114.056269,51.045803],[-114.056295,51.045447],[-114.05635,51.045449],[-114.056458,51.045452]]]]},"properties":{"id":"precisely-site-5da657b842","src":"precisely","grp":"verify","op":"","ref":"C000PS14NC7J","locality":"Canada","acres":"0.11","for_site":"site-5da657b842"}},{"type":"Feature","geometry":{"type":"MultiPolygon","coordinates":[[[[-73.570861,45.599123],[-73.570914,45.599141],[-73.570495,45.599621],[-73.570274,45.599524],[-73.569181,45.599096],[-73.569367,45.598785],[-73.569484,45.598657],[-73.570861,45.599123]]]]},"properties":{"id":"precisely-site-5db19292ab","src":"precisely","grp":"verify","op":"","ref":"C000PS1A8J6D","locality":"Canada","acres":"1.74","for_site":"site-5db19292ab"}},{"type":"Feature","geometry":{"type":"MultiPolygon","coordinates":[[[[-80.269636,39.276584],[-80.269554,39.276367],[-80.270518,39.27558],[-80.271124,39.276547],[-80.270214,39.27701],[-80.269636,39.276584]]]]},"properties":{"id":"precisely-site-5debc37a9e","src":"precisely","grp":"new","op":"CITYNET PROPERTIES LLC","ref":"1716033B001100010000","locality":"54033","acres":"2.83","for_site":"site-5debc37a9e"}},{"type":"Feature","geometry":{"type":"MultiPolygon","coordinates":[[[[-83.237394,42.472029],[-83.237394,42.47203],[-83.237393,42.472032],[-83.237389,42.472047],[-83.237385,42.472063],[-83.237381,42.472079],[-83.237378,42.472095],[-83.237373,42.472113],[-83.23737,42.472129],[-83.237367,42.472145],[-83.237364,42.472161],[-83.237361,42.472174],[-83.237359,42.47219],[-83.237356,42.472209],[-83.237353,42.472225],[-83.237351,42.472241],[-83.237349,42.472257],[-83.237347,42.47227],[-83.237193,42.472275],[-83.23697,42.472281],[-83.236616,42.472291],[-83.236622,42.472238],[-83.236629,42.472187],[-83.236638,42.472134],[-83.236648,42.472083],[-83.236659,42.47203],[-83.236672,42.471979],[-83.236686,42.471928],[-83.236702,42.471876],[-83.236718,42.471825],[-83.236736,42.471774],[-83.236743,42.471756],[-83.236751,42.471737],[-83.236772,42.471684],[-83.236794,42.471633],[-83.236818,42.471583],[-83.236843,42.471532],[-83.236869,42.471481],[-83.236896,42.471432],[-83.236925,42.471382],[-83.236956,42.471333],[-83.236987,42.471284],[-83.23702,42.471237],[-83.237054,42.471189],[-83.237087,42.471145],[-83.237122,42.471101],[-83.237157,42.471057],[-83.237194,42.471014],[-83.237231,42.470972],[-83.23727,42.47093],[-83.23731,42.470889],[-83.23735,42.470848],[-83.237899,42.47121],[-83.238403,42.470791],[-83.239306,42.471399],[-83.238391,42.472147],[-83.237785,42.47174],[-83.237611,42.471883],[-83.237476,42.471795],[-83.237469,42.471811],[-83.237463,42.471826],[-83.237456,42.471841],[-83.23745,42.471857],[-83.237445,42.471872],[-83.237439,42.471888],[-83.237433,42.471903],[-83.237428,42.471919],[-83.237423,42.471934],[-83.237417,42.47195],[-83.237412,42.471965],[-83.237407,42.471984],[-83.237402,42.472],[-83.237398,42.472016],[-83.237397,42.472017],[-83.237397,42.472018],[-83.237396,42.472021],[-83.237396,42.472024],[-83.237395,42.472026],[-83.237394,42.472029]]]]},"properties":{"id":"precisely-site-5e1eb67b4e","src":"precisely","grp":"verify","op":"NORTHWESTERN COLO LLC","ref":"2426101007","locality":"26125","acres":"5.04","for_site":"site-5e1eb67b4e"}},{"type":"Feature","geometry":{"type":"MultiPolygon","coordinates":[[[[-94.474514,39.158013],[-94.474671,39.157968],[-94.474934,39.157896],[-94.475198,39.157827],[-94.475463,39.157762],[-94.475623,39.157724],[-94.475617,39.158706],[-94.475599,39.160484],[-94.473293,39.160469],[-94.470257,39.160535],[-94.470265,39.159888],[-94.471295,39.159538],[-94.470974,39.158913],[-94.472989,39.158317],[-94.473041,39.158438],[-94.474514,39.158013]]]]},"properties":{"id":"precisely-site-5ecf8119ce","src":"precisely","grp":"new","op":"HUNT MIDWEST REAL ESTATE DEVELOPMENT INC","ref":"18303001700200","locality":"29047","acres":"24.92","for_site":"site-5ecf8119ce"}},{"type":"Feature","geometry":{"type":"MultiPolygon","coordinates":[[[[-87.964119,42.025167],[-87.964121,42.025384],[-87.963717,42.025388],[-87.963713,42.025388],[-87.963233,42.025322],[-87.963211,42.025409],[-87.963105,42.025394],[-87.96247,42.025307],[-87.961915,42.025231],[-87.961291,42.024714],[-87.961033,42.024501],[-87.961128,42.024438],[-87.960503,42.023919],[-87.960247,42.023703],[-87.960241,42.023174],[-87.960979,42.02316],[-87.960976,42.022608],[-87.963001,42.022582],[-87.963305,42.022701],[-87.963448,42.022927],[-87.963651,42.024109],[-87.963708,42.024446],[-87.964119,42.025167]]]]},"properties":{"id":"precisely-site-5f0e174336","src":"precisely","grp":"verify","op":"COMMONWEALTH EDISON CO","ref":"08224030160000","locality":"17031","acres":"17.1","for_site":"site-5f0e174336"}},{"type":"Feature","geometry":{"type":"MultiPolygon","coordinates":[[[[-113.292815,46.332051],[-113.292727,46.332319],[-113.292719,46.332317],[-113.292601,46.332294],[-113.292612,46.332262],[-113.292696,46.332027],[-113.292784,46.332044],[-113.292815,46.332051]]]]},"properties":{"id":"precisely-site-5f23fd8296","src":"precisely","grp":"verify","op":"","ref":"46157325108010000","locality":"30039","acres":"0.07","for_site":"site-5f23fd8296"}},{"type":"Feature","geometry":{"type":"MultiPolygon","coordinates":[[[[-71.054257,42.354395],[-71.054519,42.354642],[-71.054266,42.354893],[-71.053916,42.354547],[-71.054062,42.354469],[-71.054085,42.354493],[-71.054257,42.354395]]]]},"properties":{"id":"precisely-site-5f242a5f3d","src":"precisely","grp":"verify","op":"","ref":"0304190000","locality":"25025","acres":"0.34","for_site":"site-5f242a5f3d"}},{"type":"Feature","geometry":{"type":"MultiPolygon","coordinates":[[[[-78.749344,43.045904],[-78.74901,43.045987],[-78.748674,43.046063],[-78.748395,43.046121],[-78.748355,43.046128],[-78.748329,43.044877],[-78.748312,43.044042],[-78.749528,43.044028],[-78.749491,43.043434],[-78.749285,43.04344],[-78.749282,43.04328],[-78.749426,43.043282],[-78.749461,43.043282],[-78.749539,43.043281],[-78.749653,43.043274],[-78.749753,43.04487],[-78.749788,43.044895],[-78.750643,43.04551],[-78.750324,43.045618],[-78.750001,43.04572],[-78.749674,43.045815],[-78.749344,43.045904]]]]},"properties":{"id":"precisely-site-6008f8f0c3","src":"precisely","grp":"verify","op":"BLACKROCK NIAGARA LLC","ref":"28.00-1-63.111","locality":"36029","acres":"7.39","for_site":"site-6008f8f0c3"}},{"type":"Feature","geometry":{"type":"MultiPolygon","coordinates":[[[[-94.860242,38.937614],[-94.860383,38.937669],[-94.860525,38.937721],[-94.86067,38.937769],[-94.860817,38.937813],[-94.860966,38.937853],[-94.861116,38.93789],[-94.861268,38.937922],[-94.861421,38.937951],[-94.861575,38.937976],[-94.86173,38.937997],[-94.861886,38.938013],[-94.862042,38.938026],[-94.862199,38.938035],[-94.862357,38.938039],[-94.862514,38.93804],[-94.862671,38.938037],[-94.863007,38.938025],[-94.86304,38.938615],[-94.862794,38.938788],[-94.862792,38.940628],[-94.862246,38.940627],[-94.860596,38.940624],[-94.860597,38.940347],[-94.860828,38.940172],[-94.861153,38.939431],[-94.861463,38.938897],[-94.86146,38.938776],[-94.861314,38.938618],[-94.861189,38.938674],[-94.861204,38.938765],[-94.86059,38.940029],[-94.860398,38.940096],[-94.859376,38.939794],[-94.859281,38.93963],[-94.859915,38.938325],[-94.859895,38.938293],[-94.859729,38.938371],[-94.859342,38.939048],[-94.859164,38.939486],[-94.859107,38.939717],[-94.859342,38.939963],[-94.859249,38.940182],[-94.859248,38.940622],[-94.85845,38.94062],[-94.859968,38.937493],[-94.860104,38.937555],[-94.860242,38.937614]]]]},"properties":{"id":"precisely-site-60241eb0cf","src":"precisely","grp":"verify","op":"","ref":"DP76020000 0001","locality":"20091","acres":"20.56","for_site":"site-60241eb0cf"}},{"type":"Feature","geometry":{"type":"MultiPolygon","coordinates":[[[[-79.537606,43.600133],[-79.537612,43.600131],[-79.537618,43.600131],[-79.537653,43.600122],[-79.537687,43.600112],[-79.537722,43.600103],[-79.537756,43.600092],[-79.537789,43.600081],[-79.537823,43.600069],[-79.537855,43.600056],[-79.537888,43.600043],[-79.53792,43.60003],[-79.537951,43.600015],[-79.537982,43.6],[-79.538012,43.599985],[-79.538042,43.599968],[-79.538071,43.599952],[-79.5381,43.599935],[-79.538127,43.599917],[-79.538155,43.599899],[-79.538181,43.599881],[-79.538207,43.599861],[-79.538233,43.599842],[-79.538257,43.599822],[-79.538281,43.599801],[-79.538304,43.59978],[-79.538327,43.599759],[-79.538348,43.599737],[-79.538369,43.599714],[-79.538389,43.599692],[-79.538408,43.599669],[-79.538426,43.599645],[-79.538444,43.599622],[-79.538461,43.599598],[-79.538476,43.599573],[-79.538491,43.599549],[-79.538505,43.599524],[-79.538519,43.599498],[-79.538531,43.599473],[-79.538542,43.599448],[-79.538553,43.599422],[-79.538562,43.599396],[-79.538571,43.599369],[-79.538578,43.599343],[-79.538585,43.599317],[-79.538591,43.59929],[-79.538596,43.599264],[-79.5386,43.599237],[-79.538603,43.59921],[-79.538605,43.599183],[-79.538857,43.599757],[-79.539386,43.600961],[-79.539549,43.601332],[-79.539602,43.601453],[-79.539798,43.601898],[-79.540163,43.60273],[-79.539777,43.602818],[-79.539055,43.602981],[-79.539008,43.602991],[-79.538984,43.602997],[-79.538839,43.60303],[-79.538094,43.603198],[-79.537467,43.60334],[-79.537305,43.603376],[-79.536887,43.602435],[-79.536812,43.602267],[-79.536501,43.601567],[-79.536024,43.600492],[-79.536078,43.60048],[-79.537284,43.600206],[-79.537599,43.600134],[-79.537606,43.600133]]]]},"properties":{"id":"precisely-site-605dc7b1e6","src":"precisely","grp":"verify","op":"","ref":"C000PS180V8M","locality":"Canada","acres":"20.73","for_site":"site-605dc7b1e6"}},{"type":"Feature","geometry":{"type":"MultiPolygon","coordinates":[[[[-94.57838,39.136764],[-94.578369,39.137757],[-94.578282,39.137756],[-94.578256,39.137756],[-94.577545,39.137747],[-94.577557,39.136757],[-94.578319,39.136764],[-94.57838,39.136764]]]]},"properties":{"id":"precisely-site-618c1331f4","src":"precisely","grp":"verify","op":"","ref":"17613000800900","locality":"29047","acres":"1.94","for_site":"site-618c1331f4"}},{"type":"Feature","geometry":{"type":"MultiPolygon","coordinates":[[[[-73.565963,45.502474],[-73.565772,45.502669],[-73.565137,45.502361],[-73.565329,45.502165],[-73.565963,45.502474]]]]},"properties":{"id":"precisely-site-6190260729","src":"precisely","grp":"new","op":"","ref":"C000PS1ADHD2","locality":"Canada","acres":"0.39","for_site":"site-6190260729"}},{"type":"Feature","geometry":{"type":"MultiPolygon","coordinates":[[[[-80.192482,43.485454],[-80.192369,43.485203],[-80.192286,43.485091],[-80.191817,43.484781],[-80.191436,43.484755],[-80.190636,43.484351],[-80.190515,43.484229],[-80.191757,43.483569],[-80.192956,43.482932],[-80.194155,43.482296],[-80.196515,43.484036],[-80.195416,43.484849],[-80.194224,43.485737],[-80.193325,43.486411],[-80.193196,43.485985],[-80.192793,43.485663],[-80.192482,43.485454]]]]},"properties":{"id":"precisely-site-61c70fea35","src":"precisely","grp":"verify","op":"","ref":"C000PS177ZI5","locality":"Canada","acres":"25.55","for_site":"site-61c70fea35"}},{"type":"Feature","geometry":{"type":"MultiPolygon","coordinates":[[[[-112.376379,33.437356],[-112.377512,33.437362],[-112.377794,33.437751],[-112.377773,33.441244],[-112.377613,33.44139],[-112.376353,33.441383],[-112.376192,33.441247],[-112.376214,33.437492],[-112.376379,33.437356]]]]},"properties":{"id":"precisely-site-61d7a33d31","src":"precisely","grp":"verify","op":"COMPASS DATACENTERS PHX IA LLC","ref":"50010898","locality":"04013","acres":"16","for_site":"site-61d7a33d31"}},{"type":"Feature","geometry":{"type":"MultiPolygon","coordinates":[[[[-83.126233,40.053476],[-83.126022,40.052574],[-83.125994,40.052463],[-83.125961,40.052352],[-83.125916,40.052229],[-83.125865,40.052107],[-83.125817,40.052007],[-83.125764,40.051909],[-83.125427,40.051312],[-83.125435,40.051309],[-83.125407,40.051258],[-83.125464,40.05115],[-83.125554,40.051117],[-83.128183,40.050792],[-83.128823,40.053123],[-83.126233,40.053476]]]]},"properties":{"id":"precisely-site-6213e91668","src":"precisely","grp":"verify","op":"CLOP HILLIARD LLC","ref":"050-011895","locality":"39049","acres":"14.95","for_site":"site-6213e91668"}},{"type":"Feature","geometry":{"type":"MultiPolygon","coordinates":[[[[-79.374928,43.642615],[-79.375036,43.642776],[-79.375056,43.642807],[-79.375041,43.642812],[-79.373533,43.643221],[-79.373518,43.643189],[-79.373208,43.642556],[-79.374568,43.642076],[-79.374928,43.642615]]]]},"properties":{"id":"precisely-site-630eccc979","src":"precisely","grp":"verify","op":"","ref":"C000PS17UNSC","locality":"Canada","acres":"2.63","for_site":"site-630eccc979"}},{"type":"Feature","geometry":{"type":"MultiPolygon","coordinates":[[[[-88.724398,41.892656],[-88.724076,41.892413],[-88.723978,41.892143],[-88.723744,41.89219],[-88.723833,41.892436],[-88.723356,41.892681],[-88.719499,41.89268],[-88.719522,41.885572],[-88.724398,41.8856],[-88.734049,41.885603],[-88.734076,41.885603],[-88.734069,41.885996],[-88.734166,41.885996],[-88.734106,41.892687],[-88.726255,41.892683],[-88.726255,41.892665],[-88.724398,41.892656]],[[-88.724847,41.887001],[-88.727631,41.887017],[-88.727633,41.885685],[-88.72485,41.885669],[-88.724847,41.887001]]]]},"properties":{"id":"precisely-site-63763fbaae","src":"precisely","grp":"verify","op":"","ref":"1101100004","locality":"17037","acres":"226.97","for_site":"site-63763fbaae"}},{"type":"Feature","geometry":{"type":"MultiPolygon","coordinates":[[[[-74.012945,40.707573],[-74.012599,40.707423],[-74.01225,40.707266],[-74.012404,40.707081],[-74.013065,40.70739],[-74.012945,40.707573]]]]},"properties":{"id":"precisely-site-6398aa4d08","src":"precisely","grp":"verify","op":"","ref":"1000210004","locality":"36061","acres":"0.39","for_site":"site-6398aa4d08"}},{"type":"Feature","geometry":{"type":"MultiPolygon","coordinates":[[[[-73.632792,45.45692],[-73.633589,45.457679],[-73.631474,45.458778],[-73.630476,45.457826],[-73.630446,45.457798],[-73.630483,45.457766],[-73.63065,45.45762],[-73.63003,45.457029],[-73.630055,45.457016],[-73.63008,45.457002],[-73.630104,45.456989],[-73.630129,45.456976],[-73.630154,45.456962],[-73.630179,45.456948],[-73.630203,45.456935],[-73.630228,45.456921],[-73.630252,45.456908],[-73.630277,45.456894],[-73.630301,45.45688],[-73.630325,45.456866],[-73.63035,45.456852],[-73.630374,45.456838],[-73.630398,45.456824],[-73.630422,45.45681],[-73.630446,45.456796],[-73.63047,45.456782],[-73.630494,45.456768],[-73.630518,45.456754],[-73.630542,45.456739],[-73.630786,45.456935],[-73.631229,45.456293],[-73.631719,45.455963],[-73.631722,45.455961],[-73.631725,45.455959],[-73.631728,45.455958],[-73.631731,45.455956],[-73.631734,45.455954],[-73.631737,45.455952],[-73.63174,45.455951],[-73.631743,45.455949],[-73.631747,45.455948],[-73.63175,45.455947],[-73.631753,45.455946],[-73.631757,45.455945],[-73.63176,45.455944],[-73.631764,45.455942],[-73.631767,45.455941],[-73.631771,45.455941],[-73.631775,45.45594],[-73.631778,45.455938],[-73.631782,45.455938],[-73.631786,45.455937],[-73.631789,45.455937],[-73.631793,45.455936],[-73.631797,45.455935],[-73.631801,45.455935],[-73.631805,45.455935],[-73.631808,45.455935],[-73.631812,45.455935],[-73.631816,45.455935],[-73.63182,45.455934],[-73.631824,45.455935],[-73.631828,45.455935],[-73.631831,45.455935],[-73.631835,45.455935],[-73.631839,45.455935],[-73.631843,45.455935],[-73.631847,45.455936],[-73.63185,45.455937],[-73.631854,45.455937],[-73.631858,45.455938],[-73.631862,45.455938],[-73.631865,45.455939],[-73.631869,45.45594],[-73.631873,45.455941],[-73.631876,45.455942],[-73.63188,45.455943],[-73.631883,45.455944],[-73.631887,45.455946],[-73.63189,45.455946],[-73.631893,45.455948],[-73.631897,45.455949],[-73.6319,45.455951],[-73.631903,45.455952],[-73.631906,45.455954],[-73.631909,45.455955],[-73.631912,45.455957],[-73.631915,45.455959],[-73.631918,45.45596],[-73.631921,45.455963],[-73.631924,45.455964],[-73.631927,45.455966],[-73.63203,45.456042],[-73.632038,45.456048],[-73.632045,45.456053],[-73.632052,45.456059],[-73.632059,45.456065],[-73.632066,45.45607],[-73.632073,45.456076],[-73.63208,45.456081],[-73.632087,45.456087],[-73.632094,45.456093],[-73.632101,45.456098],[-73.632108,45.456104],[-73.632114,45.45611],[-73.632121,45.456116],[-73.632127,45.456122],[-73.632134,45.456128],[-73.63214,45.456134],[-73.632519,45.456495],[-73.632527,45.456723],[-73.632527,45.456726],[-73.632527,45.456729],[-73.632527,45.456733],[-73.632528,45.456737],[-73.632528,45.45674],[-73.632529,45.456743],[-73.63253,45.456747],[-73.632531,45.456751],[-73.632532,45.456754],[-73.632533,45.456757],[-73.632534,45.456761],[-73.632535,45.456764],[-73.632537,45.456768],[-73.632538,45.456771],[-73.63254,45.456774],[-73.632541,45.456778],[-73.632543,45.456781],[-73.632545,45.456784],[-73.632547,45.456787],[-73.632549,45.45679],[-73.632551,45.456794],[-73.632553,45.456796],[-73.632556,45.456799],[-73.632558,45.456802],[-73.632561,45.456805],[-73.632563,45.456809],[-73.632566,45.456812],[-73.632569,45.456815],[-73.632571,45.456818],[-73.632574,45.45682],[-73.632577,45.456823],[-73.63258,45.456826],[-73.632584,45.456829],[-73.632587,45.456831],[-73.63259,45.456833],[-73.632593,45.456836],[-73.632597,45.456839],[-73.6326,45.456841],[-73.632604,45.456844],[-73.632608,45.456846],[-73.632611,45.456848],[-73.632615,45.45685],[-73.632619,45.456853],[-73.632623,45.456855],[-73.632627,45.456857],[-73.632631,45.456859],[-73.632635,45.456861],[-73.632639,45.456863],[-73.632644,45.456864],[-73.632648,45.456867],[-73.632652,45.456868],[-73.632656,45.45687],[-73.632661,45.456872],[-73.632665,45.456873],[-73.63267,45.456875],[-73.632674,45.456876],[-73.632679,45.456877],[-73.632684,45.456878],[-73.632688,45.45688],[-73.632693,45.456881],[-73.632698,45.456882],[-73.632702,45.456883],[-73.632707,45.456884],[-73.632712,45.456885],[-73.632717,45.456886],[-73.632722,45.456886],[-73.632727,45.456887],[-73.632732,45.456888],[-73.632736,45.456888],[-73.632741,45.456889],[-73.632746,45.456889],[-73.632751,45.456889],[-73.632756,45.456889],[-73.632761,45.456889],[-73.632766,45.456889],[-73.632771,45.456889],[-73.632776,45.456889],[-73.632781,45.456889],[-73.632786,45.456889],[-73.632791,45.456889],[-73.632796,45.456889],[-73.632801,45.456888],[-73.632806,45.456888],[-73.632811,45.456887],[-73.632815,45.456886],[-73.63282,45.456886],[-73.632825,45.456885],[-73.63283,45.456885],[-73.632835,45.456884],[-73.63284,45.456883],[-73.632844,45.456882],[-73.632849,45.456881],[-73.632854,45.456879],[-73.632858,45.456878],[-73.632863,45.456877],[-73.632868,45.456875],[-73.632872,45.456874],[-73.632877,45.456872],[-73.632881,45.456871],[-73.632885,45.456869],[-73.63289,45.456868],[-73.632792,45.45692]]]]},"properties":{"id":"precisely-site-63fcb8573c","src":"precisely","grp":"verify","op":"","ref":"C000PS1AJ6RN","locality":"Canada","acres":"11.09","for_site":"site-63fcb8573c"}},{"type":"Feature","geometry":{"type":"MultiPolygon","coordinates":[[[[151.192883,-33.815202],[151.192355,-33.814474],[151.192015,-33.814646],[151.192545,-33.815372],[151.192883,-33.815202]]]]},"properties":{"id":"precisely-site-642342de0b","src":"precisely","grp":"verify","op":"","ref":"22/826371","locality":"ARTARMON, NSW","acres":"0.86","for_site":"site-642342de0b"}},{"type":"Feature","geometry":{"type":"MultiPolygon","coordinates":[[[[-81.695048,38.366395],[-81.694915,38.366217],[-81.695276,38.366051],[-81.695409,38.366228],[-81.695048,38.366395]]]]},"properties":{"id":"precisely-site-64bc5621cf","src":"precisely","grp":"new","op":"SOUTH CHARLESTON CITY OF","ref":"20220017002500000000","locality":"54039","acres":"0.21","for_site":"site-64bc5621cf"}},{"type":"Feature","geometry":{"type":"MultiPolygon","coordinates":[[[[147.29765,-42.839305],[147.29694,-42.839388],[147.296962,-42.839513],[147.296978,-42.83961],[147.296865,-42.839615],[147.29678,-42.839204],[147.296911,-42.839195],[147.297097,-42.839182],[147.297284,-42.839169],[147.297616,-42.839146],[147.29765,-42.839305]]]]},"properties":{"id":"precisely-site-659c10df6c","src":"precisely","grp":"verify","op":"","ref":"155533/1","locality":"MOONAH, TAS","acres":"0.4","for_site":"site-659c10df6c"}},{"type":"Feature","geometry":{"type":"MultiPolygon","coordinates":[[[[-106.625274,52.140347],[-106.622984,52.140348],[-106.62298,52.139211],[-106.62746,52.139198],[-106.629504,52.138693],[-106.630247,52.1402],[-106.634009,52.140188],[-106.634017,52.141898],[-106.633733,52.141952],[-106.633452,52.142012],[-106.633174,52.142078],[-106.622994,52.144617],[-106.622988,52.141505],[-106.625275,52.141504],[-106.625274,52.140347]]]]},"properties":{"id":"precisely-site-65d3243b0d","src":"precisely","grp":"verify","op":"","ref":"C000PS1APBRJ","locality":"Canada","acres":"72.5","for_site":"site-65d3243b0d"}},{"type":"Feature","geometry":{"type":"MultiPolygon","coordinates":[[[[-79.399195,43.764362],[-79.399152,43.76426],[-79.39937,43.764212],[-79.399442,43.764196],[-79.399587,43.764164],[-79.399629,43.764266],[-79.399696,43.764423],[-79.399762,43.76458],[-79.399828,43.764737],[-79.399394,43.764833],[-79.399328,43.764676],[-79.399261,43.764519],[-79.399195,43.764362]]]]},"properties":{"id":"precisely-site-66dfa6631c","src":"precisely","grp":"new","op":"","ref":"C000PS182E38","locality":"Canada","acres":"0.6","for_site":"site-66dfa6631c"}},{"type":"Feature","geometry":{"type":"MultiPolygon","coordinates":[[[[153.11725,-30.31426],[153.116906,-30.314168],[153.116902,-30.314177],[153.116897,-30.314186],[153.116892,-30.314195],[153.116888,-30.314204],[153.116883,-30.314213],[153.116878,-30.314221],[153.116873,-30.31423],[153.116868,-30.314239],[153.116863,-30.314248],[153.116858,-30.314256],[153.116852,-30.314265],[153.116847,-30.314274],[153.116842,-30.314282],[153.116837,-30.314291],[153.116832,-30.314299],[153.116827,-30.314307],[153.116822,-30.314315],[153.116817,-30.314323],[153.116812,-30.314332],[153.116808,-30.31434],[153.116803,-30.314348],[153.116799,-30.314357],[153.116794,-30.314365],[153.11679,-30.314374],[153.116786,-30.314382],[153.116781,-30.31439],[153.116777,-30.314399],[153.116773,-30.314408],[153.116769,-30.314416],[153.116765,-30.314425],[153.116761,-30.314433],[153.116758,-30.314442],[153.116754,-30.314451],[153.11675,-30.314459],[153.116747,-30.314468],[153.116743,-30.314477],[153.11674,-30.314485],[153.116736,-30.314494],[153.116876,-30.314531],[153.11713,-30.314599],[153.11725,-30.31426]]]]},"properties":{"id":"precisely-site-67589ae764","src":"precisely","grp":"verify","op":"","ref":"107/1287622","locality":"COFFS HARBOUR, NSW","acres":"0.36","for_site":"site-67589ae764"}},{"type":"Feature","geometry":{"type":"MultiPolygon","coordinates":[[[[-71.307664,46.795205],[-71.307668,46.795208],[-71.307673,46.795212],[-71.307678,46.795215],[-71.307682,46.795219],[-71.307687,46.795222],[-71.307691,46.795226],[-71.307696,46.795229],[-71.3077,46.795233],[-71.307705,46.795236],[-71.307709,46.79524],[-71.307714,46.795244],[-71.307718,46.795247],[-71.307723,46.795251],[-71.307727,46.795255],[-71.307731,46.795258],[-71.307736,46.795262],[-71.30774,46.795266],[-71.307744,46.79527],[-71.307748,46.795274],[-71.307752,46.795277],[-71.307757,46.795281],[-71.307761,46.795285],[-71.307765,46.795289],[-71.307769,46.795292],[-71.307773,46.795296],[-71.307777,46.7953],[-71.307781,46.795304],[-71.307785,46.795308],[-71.307789,46.795312],[-71.307793,46.795316],[-71.307796,46.79532],[-71.3078,46.795323],[-71.307804,46.795328],[-71.307808,46.795331],[-71.307811,46.795336],[-71.307815,46.79534],[-71.307819,46.795344],[-71.307822,46.795348],[-71.307826,46.795351],[-71.30783,46.795356],[-71.307833,46.79536],[-71.307837,46.795364],[-71.30784,46.795368],[-71.307844,46.795372],[-71.307847,46.795376],[-71.30785,46.795381],[-71.307854,46.795385],[-71.307857,46.795389],[-71.30786,46.795393],[-71.307864,46.795397],[-71.307867,46.795401],[-71.30787,46.795406],[-71.307873,46.79541],[-71.307876,46.795414],[-71.307879,46.795418],[-71.307882,46.795423],[-71.307886,46.795427],[-71.307889,46.795431],[-71.307891,46.795435],[-71.307894,46.79544],[-71.307897,46.795444],[-71.3079,46.795448],[-71.307903,46.795452],[-71.307906,46.795457],[-71.307909,46.795461],[-71.307911,46.795466],[-71.307914,46.79547],[-71.307917,46.795474],[-71.307919,46.795478],[-71.307922,46.795483],[-71.307924,46.795488],[-71.307927,46.795492],[-71.307929,46.795496],[-71.307932,46.7955],[-71.307934,46.795505],[-71.307937,46.79551],[-71.307939,46.795514],[-71.307941,46.795519],[-71.307944,46.795523],[-71.307946,46.795528],[-71.307948,46.795532],[-71.30795,46.795537],[-71.307952,46.795541],[-71.307955,46.795545],[-71.307957,46.79555],[-71.307959,46.795554],[-71.307961,46.795559],[-71.307963,46.795564],[-71.307965,46.795568],[-71.307967,46.795573],[-71.307968,46.795578],[-71.30797,46.795582],[-71.307972,46.795587],[-71.307974,46.795591],[-71.307976,46.795596],[-71.307977,46.7956],[-71.308186,46.796172],[-71.308186,46.796173],[-71.308187,46.796175],[-71.308187,46.796176],[-71.308187,46.796178],[-71.308188,46.796179],[-71.308188,46.796181],[-71.308188,46.796182],[-71.308189,46.796184],[-71.308189,46.796185],[-71.308189,46.796187],[-71.308189,46.796188],[-71.308189,46.79619],[-71.308189,46.796191],[-71.308189,46.796193],[-71.308189,46.796194],[-71.308189,46.796195],[-71.308189,46.796197],[-71.308189,46.796198],[-71.308189,46.7962],[-71.308189,46.796201],[-71.308189,46.796203],[-71.308188,46.796204],[-71.308188,46.796206],[-71.308188,46.796208],[-71.308188,46.796209],[-71.308187,46.79621],[-71.308187,46.796212],[-71.308186,46.796213],[-71.308186,46.796215],[-71.308185,46.796216],[-71.308185,46.796218],[-71.308184,46.796219],[-71.308183,46.796221],[-71.308183,46.796222],[-71.308182,46.796223],[-71.308181,46.796225],[-71.308181,46.796226],[-71.30818,46.796228],[-71.308179,46.796229],[-71.308178,46.79623],[-71.308177,46.796232],[-71.308176,46.796233],[-71.308175,46.796234],[-71.308174,46.796235],[-71.308173,46.796237],[-71.308172,46.796238],[-71.308171,46.79624],[-71.30817,46.79624],[-71.308169,46.796242],[-71.308168,46.796243],[-71.308166,46.796245],[-71.308165,46.796246],[-71.308164,46.796247],[-71.308163,46.796248],[-71.308161,46.796249],[-71.30816,46.796251],[-71.308158,46.796252],[-71.308157,46.796253],[-71.308156,46.796254],[-71.308154,46.796255],[-71.308153,46.796256],[-71.308151,46.796257],[-71.30815,46.796258],[-71.308148,46.796259],[-71.308146,46.79626],[-71.308145,46.796261],[-71.308143,46.796262],[-71.308141,46.796263],[-71.30814,46.796264],[-71.308138,46.796265],[-71.308136,46.796266],[-71.308135,46.796266],[-71.308133,46.796268],[-71.308131,46.796269],[-71.308129,46.796269],[-71.308127,46.79627],[-71.308125,46.796271],[-71.308124,46.796271],[-71.308122,46.796273],[-71.30812,46.796273],[-71.308118,46.796274],[-71.308116,46.796274],[-71.308114,46.796275],[-71.308112,46.796276],[-71.30811,46.796276],[-71.308108,46.796277],[-71.308106,46.796277],[-71.308104,46.796278],[-71.308102,46.796279],[-71.3081,46.796279],[-71.308098,46.79628],[-71.308096,46.79628],[-71.308093,46.79628],[-71.308091,46.79628],[-71.308089,46.796281],[-71.308087,46.796282],[-71.308085,46.796282],[-71.308083,46.796282],[-71.308068,46.796284],[-71.308053,46.796286],[-71.308037,46.796288],[-71.308022,46.79629],[-71.308007,46.796292],[-71.307992,46.796294],[-71.307977,46.796297],[-71.307962,46.796299],[-71.307947,46.796301],[-71.307932,46.796303],[-71.307917,46.796305],[-71.307902,46.796308],[-71.307886,46.79631],[-71.307871,46.796312],[-71.307856,46.796314],[-71.307841,46.796316],[-71.307826,46.796319],[-71.307811,46.796322],[-71.307796,46.796324],[-71.307781,46.796326],[-71.307766,46.796329],[-71.307751,46.796331],[-71.307736,46.796333],[-71.307721,46.796336],[-71.307706,46.796339],[-71.307004,46.79646],[-71.305826,46.796662],[-71.305144,46.795525],[-71.304945,46.795193],[-71.30627,46.794329],[-71.306459,46.794163],[-71.306559,46.794298],[-71.306564,46.794304],[-71.306569,46.79431],[-71.306574,46.794317],[-71.306578,46.794323],[-71.306583,46.794329],[-71.306588,46.794335],[-71.306593,46.794341],[-71.306598,46.794348],[-71.306603,46.794354],[-71.306608,46.79436],[-71.306613,46.794366],[-71.306618,46.794372],[-71.306623,46.794378],[-71.306628,46.794384],[-71.306633,46.79439],[-71.306639,46.794397],[-71.306644,46.794403],[-71.306649,46.794408],[-71.306654,46.794414],[-71.30666,46.794421],[-71.306665,46.794427],[-71.30667,46.794433],[-71.306676,46.794439],[-71.306681,46.794445],[-71.306687,46.794451],[-71.306692,46.794456],[-71.306698,46.794462],[-71.306703,46.794468],[-71.306709,46.794474],[-71.306714,46.79448],[-71.30672,46.794486],[-71.306726,46.794492],[-71.306731,46.794498],[-71.306737,46.794503],[-71.306743,46.794509],[-71.306749,46.794515],[-71.306755,46.794521],[-71.30676,46.794527],[-71.306766,46.794532],[-71.306772,46.794538],[-71.306778,46.794543],[-71.306784,46.794549],[-71.30679,46.794555],[-71.306796,46.79456],[-71.306802,46.794566],[-71.306808,46.794572],[-71.306815,46.794577],[-71.306821,46.794583],[-71.306827,46.794589],[-71.306833,46.794594],[-71.306839,46.7946],[-71.306846,46.794605],[-71.306852,46.794611],[-71.306858,46.794617],[-71.306865,46.794622],[-71.306871,46.794628],[-71.306877,46.794633],[-71.306884,46.794639],[-71.30689,46.794644],[-71.306897,46.79465],[-71.306903,46.794655],[-71.30691,46.794661],[-71.306917,46.794666],[-71.306923,46.794671],[-71.30693,46.794677],[-71.306936,46.794682],[-71.306943,46.794687],[-71.30695,46.794693],[-71.306957,46.794698],[-71.306963,46.794703],[-71.30697,46.794709],[-71.306977,46.794714],[-71.306984,46.794719],[-71.306991,46.794724],[-71.306998,46.794729],[-71.307005,46.794735],[-71.307012,46.79474],[-71.307019,46.794745],[-71.307026,46.79475],[-71.307033,46.794755],[-71.30704,46.79476],[-71.307047,46.794765],[-71.307243,46.794905],[-71.307371,46.794996],[-71.307649,46.795194],[-71.307654,46.795198],[-71.307659,46.795201],[-71.307664,46.795205]]]]},"properties":{"id":"precisely-site-67e28cb458","src":"precisely","grp":"verify","op":"","ref":"C000PS1AFHX3","locality":"Canada","acres":"9.91","for_site":"site-67e28cb458"}},{"type":"Feature","geometry":{"type":"MultiPolygon","coordinates":[[[[-112.112468,33.664112],[-112.112479,33.665572],[-112.112479,33.665594],[-112.111355,33.665594],[-112.111344,33.664114],[-112.112467,33.664112],[-112.112468,33.664112]]]]},"properties":{"id":"precisely-site-6853206733","src":"precisely","grp":"verify","op":"VALLEY NORTH DH LLC & ETAL","ref":"20916007B","locality":"04013","acres":"4.23","for_site":"site-6853206733"}},{"type":"Feature","geometry":{"type":"MultiPolygon","coordinates":[[[[-66.099934,45.292253],[-66.10041,45.292372],[-66.100764,45.292305],[-66.101098,45.291639],[-66.103126,45.292166],[-66.103905,45.292368],[-66.103932,45.29324],[-66.103108,45.293224],[-66.102767,45.29322],[-66.102544,45.293222],[-66.102245,45.29324],[-66.102158,45.293249],[-66.102072,45.293258],[-66.101985,45.293268],[-66.101899,45.293279],[-66.101813,45.293291],[-66.101727,45.293303],[-66.101642,45.293316],[-66.100508,45.293504],[-66.100409,45.293277],[-66.100107,45.29262],[-66.099941,45.292269],[-66.099934,45.292253]]]]},"properties":{"id":"precisely-site-6884c6ee42","src":"precisely","grp":"new","op":"","ref":"C000PS151HGV","locality":"Canada","acres":"10.01","for_site":"site-6884c6ee42"}},{"type":"Feature","geometry":{"type":"MultiPolygon","coordinates":[[[[-94.683851,39.302001],[-94.685594,39.302004],[-94.685594,39.302077],[-94.685597,39.302424],[-94.685605,39.30277],[-94.685618,39.303117],[-94.685636,39.303462],[-94.685659,39.303808],[-94.681816,39.303802],[-94.681816,39.303719],[-94.683847,39.303723],[-94.683851,39.302001]]]]},"properties":{"id":"precisely-site-68d6f7394b","src":"precisely","grp":"verify","op":"MASTERCARD TECHNOLOGIES LLC","ref":"17-6.0-23-000-000-024.000","locality":"29165","acres":"7.94","for_site":"site-68d6f7394b"}},{"type":"Feature","geometry":{"type":"MultiPolygon","coordinates":[[[[151.125812,-33.785052],[151.125808,-33.78505],[151.125669,-33.784946],[151.125346,-33.784704],[151.124702,-33.78532],[151.124803,-33.785395],[151.125148,-33.785653],[151.125812,-33.785052]]]]},"properties":{"id":"precisely-site-69607c5b29","src":"precisely","grp":"verify","op":"","ref":"102/1267452","locality":"MACQUARIE PARK, NSW","acres":"1.27","for_site":"site-69607c5b29"}},{"type":"Feature","geometry":{"type":"MultiPolygon","coordinates":[[[[-80.567918,35.178856],[-80.569666,35.177232],[-80.572189,35.179727],[-80.571413,35.18037],[-80.573137,35.181414],[-80.573099,35.181471],[-80.573063,35.181531],[-80.572995,35.18167],[-80.571788,35.180941],[-80.571195,35.180583],[-80.570777,35.18093],[-80.567918,35.178856]]]]},"properties":{"id":"precisely-site-6965cfa84e","src":"precisely","grp":"verify","op":"REYNOLDS FENCE & GUARDRAIL INC","ref":"08249004G","locality":"37179","acres":"20","for_site":"site-6965cfa84e"}},{"type":"Feature","geometry":{"type":"MultiPolygon","coordinates":[[[[-97.144546,49.89388],[-97.144348,49.893953],[-97.144165,49.893618],[-97.144364,49.893545],[-97.144546,49.89388]]]]},"properties":{"id":"precisely-site-69ddade43a","src":"precisely","grp":"verify","op":"","ref":"C000PS16YWWQ","locality":"Canada","acres":"0.16","for_site":"site-69ddade43a"}},{"type":"Feature","geometry":{"type":"MultiPolygon","coordinates":[[[[-86.617261,34.851705],[-86.622124,34.851715],[-86.622124,34.85164],[-86.622124,34.851636],[-86.622106,34.850509],[-86.622084,34.849162],[-86.622062,34.847793],[-86.622047,34.846873],[-86.622032,34.845952],[-86.622031,34.845903],[-86.622017,34.845032],[-86.622003,34.844157],[-86.622003,34.844141],[-86.622035,34.844141],[-86.622456,34.844142],[-86.62327,34.844145],[-86.624137,34.844147],[-86.625305,34.844151],[-86.625297,34.846127],[-86.625297,34.846292],[-86.625273,34.851634],[-86.625273,34.851638],[-86.625273,34.851647],[-86.625269,34.852457],[-86.62526,34.85449],[-86.625257,34.855337],[-86.625241,34.858985],[-86.625225,34.858985],[-86.617406,34.858921],[-86.617417,34.855359],[-86.61725,34.855359],[-86.617261,34.851705]]]]},"properties":{"id":"precisely-site-69e4d1a777","src":"precisely","grp":"verify","op":"","ref":"26604","locality":"01089","acres":"205.05","for_site":"site-69e4d1a777"}},{"type":"Feature","geometry":{"type":"MultiPolygon","coordinates":[[[[-86.78946,36.021389],[-86.789704,36.021424],[-86.789949,36.021454],[-86.792864,36.021772],[-86.794923,36.021997],[-86.792902,36.025551],[-86.792897,36.02556],[-86.788332,36.023779],[-86.789158,36.021337],[-86.789217,36.021348],[-86.78946,36.021389]]]]},"properties":{"id":"precisely-site-6a61aa6d70","src":"precisely","grp":"verify","op":"GUADALUPE DC ASSETS LLC","ref":"011    01000 00015011","locality":"47187","acres":"42.43","for_site":"site-6a61aa6d70"}},{"type":"Feature","geometry":{"type":"MultiPolygon","coordinates":[[[[-73.538568,45.4681],[-73.538571,45.468106],[-73.538574,45.468113],[-73.538577,45.468118],[-73.538581,45.468124],[-73.538584,45.468131],[-73.538588,45.468137],[-73.537633,45.468379],[-73.537255,45.46764],[-73.538208,45.467399],[-73.538564,45.468094],[-73.538568,45.4681]]]]},"properties":{"id":"precisely-site-6abcb844c3","src":"precisely","grp":"verify","op":"","ref":"C000PS1A82HE","locality":"Canada","acres":"1.71","for_site":"site-6abcb844c3"}},{"type":"Feature","geometry":{"type":"MultiPolygon","coordinates":[[[[-116.414077,43.453782],[-116.413945,43.453782],[-116.413952,43.444489],[-116.414052,43.444489],[-116.418923,43.444487],[-116.418917,43.44811],[-116.423885,43.448107],[-116.423888,43.45173],[-116.428855,43.451727],[-116.428853,43.459169],[-116.42886,43.459169],[-116.42886,43.459237],[-116.420911,43.459284],[-116.420911,43.459188],[-116.418917,43.459183],[-116.418917,43.455354],[-116.41408,43.455357],[-116.414077,43.455357],[-116.414077,43.453782]]]]},"properties":{"id":"precisely-site-6acacdd9ab","src":"precisely","grp":"new","op":"","ref":"S2202121005","locality":"16001","acres":"325.52","for_site":"site-6acacdd9ab"}},{"type":"Feature","geometry":{"type":"MultiPolygon","coordinates":[[[[-74.173267,40.736956],[-74.173512,40.736487],[-74.173613,40.736514],[-74.173789,40.73629],[-74.17384,40.736213],[-74.174529,40.736399],[-74.174357,40.736929],[-74.174177,40.737288],[-74.174123,40.737269],[-74.173267,40.736956]]]]},"properties":{"id":"precisely-site-6b057740e4","src":"precisely","grp":"verify","op":"","ref":"0714_61_33","locality":"34013","acres":"1.89","for_site":"site-6b057740e4"}},{"type":"Feature","geometry":{"type":"MultiPolygon","coordinates":[[[[-104.709039,39.72765],[-104.709209,39.72765],[-104.71013,39.727656],[-104.710276,39.727657],[-104.710686,39.72766],[-104.710809,39.727661],[-104.710831,39.725845],[-104.710832,39.725764],[-104.710832,39.725743],[-104.712631,39.725743],[-104.712631,39.725759],[-104.712624,39.727568],[-104.715816,39.727568],[-104.715829,39.727568],[-104.715821,39.729645],[-104.715812,39.729645],[-104.715773,39.729645],[-104.715772,39.730076],[-104.715765,39.73172],[-104.715764,39.73172],[-104.706552,39.731729],[-104.706578,39.729568],[-104.706584,39.729005],[-104.706599,39.72776],[-104.706601,39.72765],[-104.709039,39.72765]]]]},"properties":{"id":"precisely-site-6b26b2f908","src":"precisely","grp":"verify","op":"","ref":"1977-06-3-01-001","locality":"08005","acres":"97.07","for_site":"site-6b26b2f908"}},{"type":"Feature","geometry":{"type":"MultiPolygon","coordinates":[[[[151.19869,-33.878906],[151.199057,-33.878767],[151.198885,-33.878471],[151.198743,-33.878527],[151.198523,-33.878613],[151.19869,-33.878906]]]]},"properties":{"id":"precisely-site-6b5918ba7a","src":"precisely","grp":"verify","op":"","ref":"1/79179","locality":"ULTIMO, NSW","acres":"0.33","for_site":"site-6b5918ba7a"}},{"type":"Feature","geometry":{"type":"MultiPolygon","coordinates":[[[[-85.513973,32.601516],[-85.513159,32.601521],[-85.512398,32.601526],[-85.512394,32.601388],[-85.512391,32.601261],[-85.51239,32.601239],[-85.512389,32.601231],[-85.512388,32.601217],[-85.512388,32.601216],[-85.512387,32.601207],[-85.512385,32.601195],[-85.512385,32.601194],[-85.512384,32.601184],[-85.512382,32.601172],[-85.512381,32.601172],[-85.512379,32.601161],[-85.512377,32.60115],[-85.512377,32.601149],[-85.512374,32.601139],[-85.512372,32.601129],[-85.512371,32.601127],[-85.512368,32.601117],[-85.512365,32.601107],[-85.512365,32.601105],[-85.512361,32.601096],[-85.512358,32.601086],[-85.512358,32.601084],[-85.512354,32.601074],[-85.51235,32.601065],[-85.512349,32.601062],[-85.512345,32.601052],[-85.512342,32.601044],[-85.51234,32.601041],[-85.512336,32.601031],[-85.512332,32.601023],[-85.512331,32.60102],[-85.512326,32.601011],[-85.512322,32.601003],[-85.51232,32.601],[-85.512314,32.60099],[-85.51231,32.600983],[-85.512308,32.60098],[-85.512303,32.60097],[-85.512298,32.600963],[-85.512296,32.60096],[-85.51229,32.60095],[-85.512286,32.600944],[-85.512283,32.60094],[-85.512276,32.60093],[-85.512272,32.600924],[-85.512269,32.600921],[-85.512262,32.600911],[-85.512258,32.600906],[-85.512254,32.600902],[-85.512247,32.600893],[-85.512243,32.600888],[-85.512239,32.600884],[-85.512231,32.600875],[-85.512227,32.60087],[-85.512223,32.600865],[-85.512215,32.600857],[-85.51221,32.600853],[-85.512206,32.600848],[-85.512198,32.60084],[-85.512193,32.600836],[-85.513185,32.600133],[-85.513941,32.600905],[-85.514787,32.600905],[-85.514788,32.601511],[-85.513988,32.601516],[-85.513973,32.601516]]]]},"properties":{"id":"precisely-site-6bb1ba14f9","src":"precisely","grp":"verify","op":"AUBIX LLC","ref":"60478","locality":"01081","acres":"5.64","for_site":"site-6bb1ba14f9"}},{"type":"Feature","geometry":{"type":"MultiPolygon","coordinates":[[[[150.765946,-34.034797],[150.765873,-34.034887],[150.767003,-34.035509],[150.765932,-34.036858],[150.766147,-34.037026],[150.766159,-34.037033],[150.766172,-34.03704],[150.766184,-34.037047],[150.766196,-34.037054],[150.766208,-34.037061],[150.76622,-34.037069],[150.766231,-34.037076],[150.766243,-34.037083],[150.766255,-34.037091],[150.766267,-34.037098],[150.766278,-34.037106],[150.76629,-34.037113],[150.766301,-34.037121],[150.766313,-34.037129],[150.766324,-34.037136],[150.766336,-34.037144],[150.766347,-34.037152],[150.766358,-34.03716],[150.76637,-34.037168],[150.766381,-34.037176],[150.766392,-34.037184],[150.766403,-34.037192],[150.766414,-34.0372],[150.766425,-34.037209],[150.766436,-34.037217],[150.766446,-34.037225],[150.766457,-34.037234],[150.766468,-34.037242],[150.766479,-34.037251],[150.766489,-34.037259],[150.7665,-34.037268],[150.76651,-34.037277],[150.766521,-34.037285],[150.766531,-34.037294],[150.766541,-34.037303],[150.766551,-34.037312],[150.766562,-34.037321],[150.766572,-34.03733],[150.766582,-34.037339],[150.766592,-34.037348],[150.766602,-34.037357],[150.766611,-34.037366],[150.766621,-34.037375],[150.766631,-34.037384],[150.766641,-34.037394],[150.76665,-34.037403],[150.76666,-34.037412],[150.766669,-34.037422],[150.766678,-34.037431],[150.766688,-34.037441],[150.766697,-34.03745],[150.766706,-34.03746],[150.766715,-34.03747],[150.766724,-34.037479],[150.766733,-34.037489],[150.766742,-34.037499],[150.766751,-34.037509],[150.76676,-34.037519],[150.766769,-34.037529],[150.766777,-34.037539],[150.766786,-34.037549],[150.766794,-34.037559],[150.766803,-34.037569],[150.766811,-34.037579],[150.766819,-34.037589],[150.766828,-34.037599],[150.766836,-34.037609],[150.766844,-34.03762],[150.766852,-34.03763],[150.76686,-34.03764],[150.766868,-34.037651],[150.766875,-34.037661],[150.766883,-34.037672],[150.766891,-34.037682],[150.766898,-34.037693],[150.766906,-34.037703],[150.766913,-34.037714],[150.76692,-34.037725],[150.766928,-34.037735],[150.766935,-34.037746],[150.766942,-34.037757],[150.766949,-34.037768],[150.766956,-34.037778],[150.766963,-34.037789],[150.76697,-34.0378],[150.766977,-34.037811],[150.766983,-34.037822],[150.76699,-34.037833],[150.766996,-34.037844],[150.767003,-34.037855],[150.767009,-34.037866],[150.767015,-34.037877],[150.767022,-34.037888],[150.767028,-34.0379],[150.767034,-34.037911],[150.76704,-34.037922],[150.767046,-34.037933],[150.767051,-34.037945],[150.767057,-34.037956],[150.767063,-34.037967],[150.767068,-34.037979],[150.767074,-34.03799],[150.767079,-34.038002],[150.767085,-34.038013],[150.76709,-34.038024],[150.767095,-34.038036],[150.7671,-34.038047],[150.767105,-34.038059],[150.767109,-34.038069],[150.767114,-34.038078],[150.767118,-34.038088],[150.767122,-34.038098],[150.767127,-34.038107],[150.767132,-34.038117],[150.767136,-34.038126],[150.767141,-34.038136],[150.767146,-34.038145],[150.767151,-34.038155],[150.767156,-34.038164],[150.767161,-34.038174],[150.767166,-34.038183],[150.767171,-34.038193],[150.767177,-34.038202],[150.767182,-34.038211],[150.767188,-34.03822],[150.767193,-34.03823],[150.767199,-34.038239],[150.767204,-34.038248],[150.76721,-34.038257],[150.767216,-34.038266],[150.767222,-34.038275],[150.767228,-34.038284],[150.767234,-34.038293],[150.76724,-34.038302],[150.767247,-34.038311],[150.767253,-34.03832],[150.767259,-34.038329],[150.767266,-34.038338],[150.767272,-34.038346],[150.767279,-34.038355],[150.767286,-34.038364],[150.767292,-34.038372],[150.767299,-34.038381],[150.767306,-34.03839],[150.767313,-34.038398],[150.76732,-34.038407],[150.767327,-34.038415],[150.767334,-34.038424],[150.767342,-34.038432],[150.767349,-34.03844],[150.767356,-34.038449],[150.767364,-34.038457],[150.767371,-34.038465],[150.767379,-34.038473],[150.767387,-34.038481],[150.767394,-34.038489],[150.767402,-34.038497],[150.76741,-34.038505],[150.767418,-34.038513],[150.767426,-34.038521],[150.767434,-34.038529],[150.767442,-34.038537],[150.76745,-34.038544],[150.767459,-34.038552],[150.767467,-34.03856],[150.767475,-34.038567],[150.767484,-34.038575],[150.767492,-34.038582],[150.767501,-34.03859],[150.767509,-34.038597],[150.767518,-34.038605],[150.767527,-34.038612],[150.767536,-34.038619],[150.767545,-34.038626],[150.767554,-34.038634],[150.767563,-34.038641],[150.767572,-34.038648],[150.767581,-34.038655],[150.76759,-34.038662],[150.767599,-34.038668],[150.767608,-34.038675],[150.767618,-34.038682],[150.767627,-34.038689],[150.767637,-34.038695],[150.767646,-34.038702],[150.767656,-34.038709],[150.767665,-34.038715],[150.767675,-34.038722],[150.767685,-34.038728],[150.767695,-34.038734],[150.767704,-34.038741],[150.767714,-34.038747],[150.767724,-34.038753],[150.767734,-34.038759],[150.767744,-34.038765],[150.767754,-34.038771],[150.767765,-34.038777],[150.767775,-34.038783],[150.767785,-34.038789],[150.767795,-34.038794],[150.767806,-34.0388],[150.767816,-34.038806],[150.767827,-34.038811],[150.767837,-34.038817],[150.767848,-34.038822],[150.767858,-34.038828],[150.768237,-34.038356],[150.768238,-34.038356],[150.769565,-34.036685],[150.769428,-34.036607],[150.769395,-34.036588],[150.768743,-34.036216],[150.768534,-34.036096],[150.768088,-34.035612],[150.767963,-34.035477],[150.767772,-34.035372],[150.767535,-34.035671],[150.765946,-34.034797]]]]},"properties":{"id":"precisely-site-6bbed66f6b","src":"precisely","grp":"verify","op":"","ref":"4332/1194022","locality":"SMEATON GRANGE, NSW","acres":"16.77","for_site":"site-6bbed66f6b"}},{"type":"Feature","geometry":{"type":"MultiPolygon","coordinates":[[[[-77.226795,38.914617],[-77.226621,38.914519],[-77.226592,38.914502],[-77.226424,38.914407],[-77.226374,38.914379],[-77.22605,38.914194],[-77.225712,38.914002],[-77.225269,38.913752],[-77.225707,38.913286],[-77.22571,38.913281],[-77.225715,38.913276],[-77.225719,38.913272],[-77.225724,38.913268],[-77.22573,38.913264],[-77.225736,38.913261],[-77.225742,38.913258],[-77.225749,38.913256],[-77.225756,38.913253],[-77.225763,38.913252],[-77.22577,38.913251],[-77.225777,38.91325],[-77.225784,38.91325],[-77.225792,38.913251],[-77.225799,38.913252],[-77.225806,38.913253],[-77.225813,38.913255],[-77.22582,38.913256],[-77.225826,38.913259],[-77.225832,38.913262],[-77.225838,38.913266],[-77.225843,38.91327],[-77.226506,38.913657],[-77.226569,38.913694],[-77.227339,38.914143],[-77.227344,38.914145],[-77.22735,38.914148],[-77.227354,38.914151],[-77.227359,38.914155],[-77.227363,38.914159],[-77.227367,38.914163],[-77.22737,38.914168],[-77.227372,38.914172],[-77.227375,38.914177],[-77.227376,38.914182],[-77.227377,38.914187],[-77.227378,38.914192],[-77.227378,38.914197],[-77.227377,38.914202],[-77.227376,38.914207],[-77.227374,38.914212],[-77.227372,38.914216],[-77.227369,38.914221],[-77.227366,38.914226],[-77.226962,38.914711],[-77.226943,38.914701],[-77.226906,38.91468],[-77.226864,38.914656],[-77.226795,38.914617]]]]},"properties":{"id":"precisely-site-6bc951af8b","src":"precisely","grp":"verify","op":"GOSNELL PROPERTIES INC","ref":"0392 02  0047A","locality":"51059","acres":"3.16","for_site":"site-6bc951af8b"}},{"type":"Feature","geometry":{"type":"MultiPolygon","coordinates":[[[[-122.997874,49.253985],[-122.997873,49.254071],[-122.997866,49.254492],[-122.997866,49.254538],[-122.996652,49.254537],[-122.99659,49.254495],[-122.996596,49.254071],[-122.996597,49.254014],[-122.996599,49.253852],[-122.997345,49.253853],[-122.997876,49.253854],[-122.997874,49.253985]]]]},"properties":{"id":"precisely-site-6bcdf7c214","src":"precisely","grp":"verify","op":"","ref":"C000PS169E5C","locality":"Canada","acres":"1.75","for_site":"site-6bcdf7c214"}},{"type":"Feature","geometry":{"type":"MultiPolygon","coordinates":[[[[-74.29133,45.639259],[-74.291319,45.638418],[-74.290144,45.63842],[-74.290158,45.639346],[-74.285891,45.639661],[-74.285681,45.637957],[-74.285335,45.63516],[-74.285274,45.634663],[-74.285221,45.634233],[-74.287101,45.634128],[-74.28712,45.634128],[-74.287139,45.634127],[-74.287158,45.634125],[-74.287176,45.634125],[-74.287195,45.634124],[-74.287214,45.634123],[-74.287233,45.634122],[-74.287252,45.634121],[-74.287271,45.63412],[-74.28729,45.63412],[-74.287309,45.634119],[-74.287327,45.634118],[-74.287346,45.634117],[-74.287365,45.634117],[-74.287384,45.634116],[-74.287403,45.634115],[-74.287422,45.634114],[-74.287441,45.634114],[-74.28746,45.634113],[-74.287479,45.634113],[-74.287498,45.634112],[-74.287516,45.634111],[-74.287535,45.634111],[-74.287554,45.634111],[-74.287573,45.63411],[-74.287592,45.63411],[-74.287845,45.634075],[-74.28837,45.634081],[-74.292226,45.634271],[-74.29278,45.634281],[-74.293368,45.639109],[-74.29133,45.639259]]]]},"properties":{"id":"precisely-site-6c564a627e","src":"precisely","grp":"verify","op":"","ref":"C000PS18YP9C","locality":"Canada","acres":"82.06","for_site":"site-6c564a627e"}},{"type":"Feature","geometry":{"type":"MultiPolygon","coordinates":[[[[149.162144,-35.396353],[149.162238,-35.395886],[149.161429,-35.395113],[149.161529,-35.395069],[149.161626,-35.39502],[149.161719,-35.394967],[149.161808,-35.394908],[149.162002,-35.394772],[149.162949,-35.395676],[149.16371,-35.395142],[149.165128,-35.396497],[149.164768,-35.39675],[149.16417,-35.396669],[149.164178,-35.396629],[149.162144,-35.396353]]]]},"properties":{"id":"precisely-site-6ca0092b77","src":"precisely","grp":"verify","op":"","ref":"JERR/HUME/7/103","locality":"HUME, ACT","acres":"8.13","for_site":"site-6ca0092b77"}},{"type":"Feature","geometry":{"type":"MultiPolygon","coordinates":[[[[-77.473045,38.909291],[-77.473061,38.909301],[-77.473066,38.909304],[-77.473087,38.909317],[-77.473108,38.90933],[-77.473129,38.909343],[-77.47315,38.909355],[-77.473172,38.909367],[-77.473194,38.909378],[-77.473216,38.909389],[-77.473239,38.909401],[-77.473261,38.909411],[-77.473284,38.909422],[-77.473307,38.909432],[-77.47333,38.909441],[-77.473354,38.909451],[-77.473377,38.90946],[-77.473401,38.909468],[-77.473425,38.909477],[-77.473449,38.909485],[-77.473473,38.909493],[-77.473497,38.909502],[-77.473522,38.90951],[-77.473546,38.909516],[-77.473571,38.909523],[-77.473596,38.909529],[-77.473621,38.909534],[-77.473646,38.90954],[-77.473673,38.909547],[-77.473698,38.909553],[-77.473722,38.909558],[-77.473747,38.909563],[-77.473772,38.909567],[-77.473797,38.909571],[-77.473822,38.909574],[-77.473847,38.909578],[-77.473872,38.90958],[-77.473897,38.909583],[-77.473922,38.909585],[-77.473948,38.909587],[-77.473951,38.909587],[-77.473973,38.909589],[-77.473998,38.909589],[-77.474001,38.909589],[-77.474023,38.909591],[-77.474048,38.909591],[-77.474074,38.909591],[-77.474099,38.909591],[-77.474124,38.90959],[-77.474149,38.909589],[-77.474174,38.909588],[-77.474199,38.909586],[-77.474224,38.909584],[-77.474249,38.909582],[-77.474273,38.909579],[-77.474298,38.909576],[-77.474323,38.909573],[-77.474347,38.909569],[-77.474372,38.909565],[-77.474396,38.909561],[-77.47442,38.909556],[-77.474444,38.909551],[-77.474468,38.909546],[-77.474491,38.90954],[-77.474515,38.909533],[-77.474538,38.909527],[-77.474562,38.909521],[-77.474585,38.909513],[-77.474608,38.909506],[-77.47463,38.909498],[-77.474653,38.90949],[-77.474675,38.909482],[-77.474697,38.909473],[-77.474719,38.909464],[-77.474741,38.909455],[-77.474762,38.909445],[-77.474783,38.909436],[-77.474804,38.909425],[-77.474825,38.909415],[-77.474845,38.909403],[-77.474865,38.909392],[-77.474885,38.909381],[-77.474905,38.90937],[-77.474924,38.909358],[-77.474943,38.909346],[-77.474962,38.909333],[-77.474981,38.90932],[-77.474995,38.90931],[-77.47483,38.909477],[-77.474724,38.909584],[-77.473936,38.910382],[-77.473439,38.910882],[-77.473398,38.910923],[-77.473369,38.910952],[-77.473356,38.910965],[-77.472209,38.910484],[-77.471825,38.910328],[-77.471396,38.910171],[-77.471348,38.910154],[-77.470907,38.909969],[-77.470883,38.909959],[-77.470831,38.909878],[-77.470847,38.909797],[-77.470905,38.909698],[-77.470918,38.909671],[-77.470928,38.909642],[-77.470937,38.909614],[-77.471043,38.90944],[-77.471128,38.909301],[-77.471158,38.909252],[-77.471192,38.909195],[-77.471211,38.909164],[-77.47123,38.909135],[-77.471246,38.90911],[-77.471249,38.909105],[-77.471269,38.909076],[-77.471287,38.909048],[-77.471289,38.909046],[-77.471309,38.909017],[-77.471329,38.908988],[-77.471339,38.908975],[-77.47135,38.908959],[-77.471371,38.90893],[-77.471393,38.908901],[-77.471414,38.908873],[-77.471436,38.908844],[-77.471458,38.908816],[-77.471481,38.908788],[-77.471504,38.90876],[-77.471527,38.908732],[-77.47155,38.908705],[-77.471574,38.908677],[-77.471598,38.908649],[-77.471622,38.908623],[-77.471647,38.908596],[-77.471672,38.908569],[-77.471697,38.908542],[-77.471722,38.908516],[-77.471763,38.908474],[-77.471765,38.908472],[-77.471766,38.908471],[-77.471768,38.90847],[-77.471769,38.908469],[-77.471771,38.908468],[-77.471773,38.908467],[-77.471774,38.908466],[-77.471776,38.908465],[-77.471778,38.908464],[-77.47178,38.908464],[-77.471782,38.908463],[-77.471784,38.908462],[-77.471786,38.908462],[-77.471788,38.908461],[-77.47179,38.90846],[-77.471792,38.90846],[-77.471794,38.908459],[-77.471796,38.908459],[-77.471798,38.908458],[-77.4718,38.908458],[-77.471802,38.908458],[-77.471804,38.908458],[-77.471806,38.908458],[-77.471808,38.908458],[-77.471811,38.908458],[-77.471813,38.908458],[-77.471815,38.908458],[-77.471817,38.908458],[-77.471819,38.908458],[-77.471821,38.908458],[-77.471823,38.908458],[-77.471826,38.908459],[-77.471828,38.90846],[-77.47183,38.90846],[-77.471832,38.908461],[-77.471834,38.908461],[-77.471836,38.908462],[-77.471838,38.908462],[-77.47184,38.908463],[-77.471842,38.908464],[-77.471844,38.908465],[-77.471846,38.908465],[-77.471848,38.908466],[-77.47185,38.908467],[-77.471852,38.908468],[-77.471853,38.908469],[-77.47235,38.908808],[-77.472366,38.908819],[-77.472406,38.908846],[-77.472938,38.909215],[-77.472972,38.909239],[-77.472981,38.909246],[-77.473002,38.90926],[-77.473003,38.909262],[-77.473017,38.909271],[-77.47302,38.909273],[-77.473025,38.909277],[-77.473045,38.909291]]]]},"properties":{"id":"precisely-site-6d1707f1b8","src":"precisely","grp":"verify","op":"CHANTILLY TECHNOLOGY PARTNERS LLC","ref":"0332 01  0010D","locality":"51059","acres":"11.11","for_site":"site-6d1707f1b8"}},{"type":"Feature","geometry":{"type":"MultiPolygon","coordinates":[[[[-119.857875,45.806704],[-119.858023,45.80665],[-119.858024,45.80665],[-119.858155,45.806649],[-119.858543,45.806649],[-119.865521,45.806632],[-119.865603,45.806638],[-119.865681,45.806655],[-119.865753,45.806683],[-119.865815,45.806721],[-119.865865,45.806767],[-119.8659,45.806819],[-119.86592,45.806875],[-119.865922,45.806932],[-119.86559,45.809701],[-119.865529,45.810128],[-119.865448,45.810553],[-119.865347,45.810976],[-119.865226,45.811397],[-119.864889,45.812481],[-119.864289,45.812822],[-119.857963,45.812724],[-119.857292,45.812714],[-119.857293,45.812696],[-119.857478,45.806849],[-119.857875,45.806704]]]]},"properties":{"id":"precisely-site-6e0e311cba","src":"precisely","grp":"verify","op":"","ref":"2504.00N24.00E0000--000000138","locality":"41049","acres":"105.92","for_site":"site-6e0e311cba"}},{"type":"Feature","geometry":{"type":"MultiPolygon","coordinates":[[[[-99.784529,32.50201],[-99.781401,32.501987],[-99.781444,32.495098],[-99.784572,32.495113],[-99.784529,32.50201]]]]},"properties":{"id":"precisely-site-6e6ecc8b55","src":"precisely","grp":"verify","op":"","ref":"1096946","locality":"48441","acres":"55.53","for_site":"site-6e6ecc8b55"}},{"type":"Feature","geometry":{"type":"MultiPolygon","coordinates":[[[[-81.385842,28.613977],[-81.385844,28.614083],[-81.385835,28.615099],[-81.385823,28.615099],[-81.384484,28.615107],[-81.384444,28.615107],[-81.384433,28.613773],[-81.385821,28.613765],[-81.385834,28.61387],[-81.385842,28.613977]]]]},"properties":{"id":"precisely-site-6f1f2ae365","src":"precisely","grp":"new","op":"INNOVATIVE PLACE LAND LLC","ref":"292135000000194","locality":"12095","acres":"5","for_site":"site-6f1f2ae365"}},{"type":"Feature","geometry":{"type":"MultiPolygon","coordinates":[[[[147.329064,-42.881847],[147.329063,-42.881849],[147.328911,-42.88197],[147.328875,-42.881976],[147.328782,-42.881932],[147.328913,-42.881771],[147.329023,-42.881821],[147.329027,-42.881819],[147.32906,-42.881846],[147.32906,-42.881846],[147.329061,-42.881846],[147.329062,-42.881846],[147.329064,-42.881847]]]]},"properties":{"id":"precisely-site-6f22b2f499","src":"precisely","grp":"verify","op":"","ref":"49724/6","locality":"HOBART, TAS","acres":"0.07","for_site":"site-6f22b2f499"}},{"type":"Feature","geometry":{"type":"MultiPolygon","coordinates":[[[[144.915087,-37.823873],[144.914434,-37.821755],[144.915357,-37.821621],[144.915602,-37.821585],[144.916238,-37.82365],[144.915087,-37.823873]]]]},"properties":{"id":"precisely-site-6f63fb5cdd","src":"precisely","grp":"verify","op":"","ref":"1\\PS719076","locality":"PORT MELBOURNE, VIC","acres":"6.16","for_site":"site-6f63fb5cdd"}},{"type":"Feature","geometry":{"type":"MultiPolygon","coordinates":[[[[-78.849732,35.895879],[-78.849719,35.895883],[-78.849532,35.89594],[-78.849574,35.896033],[-78.84889,35.89624],[-78.848641,35.895695],[-78.848636,35.895681],[-78.848688,35.895666],[-78.848689,35.895665],[-78.84867,35.895584],[-78.848665,35.895563],[-78.84952,35.895306],[-78.849522,35.895305],[-78.849601,35.895537],[-78.849687,35.895768],[-78.849732,35.895879]]]]},"properties":{"id":"precisely-site-6fe90ac1d9","src":"precisely","grp":"verify","op":"A & M MIAMI NORTH OWNER LLC","ref":"157758","locality":"37063","acres":"1.59","for_site":"site-6fe90ac1d9"}},{"type":"Feature","geometry":{"type":"MultiPolygon","coordinates":[[[[151.054196,-33.836351],[151.052735,-33.83599],[151.052622,-33.836304],[151.052566,-33.836461],[151.052508,-33.836626],[151.052368,-33.837016],[151.053829,-33.83738],[151.053854,-33.837309],[151.053885,-33.837223],[151.053922,-33.837119],[151.053956,-33.837023],[151.053984,-33.836945],[151.054015,-33.836858],[151.054046,-33.836772],[151.054083,-33.836668],[151.054113,-33.836584],[151.05415,-33.83648],[151.054181,-33.836393],[151.054196,-33.836351]]]]},"properties":{"id":"precisely-site-700eeabb0a","src":"precisely","grp":"verify","op":"","ref":"101/717759","locality":"SILVERWATER, NSW","acres":"4.15","for_site":"site-700eeabb0a"}},{"type":"Feature","geometry":{"type":"MultiPolygon","coordinates":[[[[152.938263,-27.510362],[152.937957,-27.510272],[152.937931,-27.510256],[152.937917,-27.510231],[152.937919,-27.510203],[152.938017,-27.509939],[152.938321,-27.510029],[152.938263,-27.510362]]]]},"properties":{"id":"precisely-site-705715a217","src":"precisely","grp":"new","op":"","ref":"7 RP126798","locality":"KENMORE, QLD","acres":"0.31","for_site":"site-705715a217"}},{"type":"Feature","geometry":{"type":"MultiPolygon","coordinates":[[[[-91.114414,30.452364],[-91.115416,30.452334],[-91.115403,30.451855],[-91.11578,30.451844],[-91.115792,30.45224],[-91.116404,30.452221],[-91.116392,30.451825],[-91.116572,30.45182],[-91.116615,30.453333],[-91.116638,30.45414],[-91.116648,30.454478],[-91.116673,30.455394],[-91.116678,30.455553],[-91.116682,30.455718],[-91.116687,30.455883],[-91.116692,30.456047],[-91.116696,30.456213],[-91.116697,30.45622],[-91.113483,30.456319],[-91.113435,30.454639],[-91.113469,30.454638],[-91.113455,30.45414],[-91.113542,30.454039],[-91.113504,30.452719],[-91.113814,30.452713],[-91.113791,30.451905],[-91.114401,30.451886],[-91.114414,30.452364]]],[[[-91.116706,30.456542],[-91.11671,30.456708],[-91.116715,30.456871],[-91.116721,30.457091],[-91.116508,30.457113],[-91.116504,30.457114],[-91.1165,30.457114],[-91.116495,30.457115],[-91.116491,30.457115],[-91.116487,30.457115],[-91.116482,30.457116],[-91.116478,30.457116],[-91.116474,30.457117],[-91.116469,30.457118],[-91.116465,30.457118],[-91.116461,30.457119],[-91.116456,30.457119],[-91.116452,30.457119],[-91.116448,30.45712],[-91.116443,30.457121],[-91.116439,30.457121],[-91.116435,30.457122],[-91.11643,30.457122],[-91.116426,30.457123],[-91.116422,30.457123],[-91.116418,30.457124],[-91.116413,30.457125],[-91.116409,30.457125],[-91.116405,30.457126],[-91.1164,30.457126],[-91.116396,30.457127],[-91.116392,30.457128],[-91.116387,30.457128],[-91.116383,30.457129],[-91.116379,30.457129],[-91.116375,30.45713],[-91.11637,30.457131],[-91.116366,30.457132],[-91.116362,30.457132],[-91.116357,30.457133],[-91.116353,30.457133],[-91.116349,30.457135],[-91.116344,30.457135],[-91.11634,30.457136],[-91.116336,30.457136],[-91.116332,30.457137],[-91.116327,30.457138],[-91.116323,30.457139],[-91.116319,30.45714],[-91.116315,30.45714],[-91.11631,30.457141],[-91.116306,30.457142],[-91.116302,30.457143],[-91.116297,30.457143],[-91.116293,30.457144],[-91.116289,30.457145],[-91.116285,30.457146],[-91.11628,30.457147],[-91.116276,30.457147],[-91.116272,30.457148],[-91.116268,30.457149],[-91.116263,30.45715],[-91.116259,30.45715],[-91.116255,30.457151],[-91.116251,30.457152],[-91.116246,30.457153],[-91.116242,30.457154],[-91.116238,30.457154],[-91.116234,30.457156],[-91.116229,30.457157],[-91.116225,30.457157],[-91.116221,30.457158],[-91.116217,30.457159],[-91.116212,30.45716],[-91.116208,30.457161],[-91.116204,30.457162],[-91.1162,30.457163],[-91.116195,30.457164],[-91.116191,30.457164],[-91.116187,30.457166],[-91.116183,30.457167],[-91.116179,30.457167],[-91.116174,30.457168],[-91.11617,30.45717],[-91.116166,30.457171],[-91.116162,30.457171],[-91.116158,30.457173],[-91.116153,30.457174],[-91.116149,30.457174],[-91.116145,30.457176],[-91.116141,30.457177],[-91.116137,30.457178],[-91.116132,30.457178],[-91.116128,30.45718],[-91.116124,30.457181],[-91.11612,30.457181],[-91.116116,30.457183],[-91.116111,30.457184],[-91.116107,30.457185],[-91.116103,30.457186],[-91.116099,30.457187],[-91.116095,30.457188],[-91.11609,30.457189],[-91.116086,30.457191],[-91.116082,30.457191],[-91.116078,30.457192],[-91.116074,30.457194],[-91.11607,30.457195],[-91.116065,30.457196],[-91.116061,30.457197],[-91.116057,30.457198],[-91.116053,30.457199],[-91.116049,30.457201],[-91.116045,30.457202],[-91.116041,30.457203],[-91.116036,30.457204],[-91.116032,30.457205],[-91.116028,30.457206],[-91.116024,30.457208],[-91.11602,30.457209],[-91.116016,30.45721],[-91.116012,30.457212],[-91.115997,30.457215],[-91.115484,30.457348],[-91.115442,30.456327],[-91.116698,30.456289],[-91.116701,30.456378],[-91.116706,30.456542]]],[[[-91.115114,30.457444],[-91.11511,30.457445],[-91.115106,30.457446],[-91.115102,30.457447],[-91.115098,30.457448],[-91.115094,30.457449],[-91.115091,30.45745],[-91.115087,30.457451],[-91.115083,30.457452],[-91.115079,30.457453],[-91.115075,30.457454],[-91.115071,30.457455],[-91.115067,30.457456],[-91.115063,30.457457],[-91.115059,30.457458],[-91.115055,30.457458],[-91.115051,30.45746],[-91.115047,30.457461],[-91.115043,30.457461],[-91.115039,30.457463],[-91.115035,30.457463],[-91.115031,30.457464],[-91.115027,30.457465],[-91.115023,30.457466],[-91.115019,30.457467],[-91.115015,30.457468],[-91.115011,30.457468],[-91.115007,30.45747],[-91.115003,30.45747],[-91.114999,30.457471],[-91.114995,30.457471],[-91.114991,30.457472],[-91.114987,30.457474],[-91.114983,30.457474],[-91.11498,30.457475],[-91.114976,30.457476],[-91.114972,30.457477],[-91.114968,30.457478],[-91.114964,30.457478],[-91.11496,30.457479],[-91.114956,30.457479],[-91.114952,30.457481],[-91.114948,30.457481],[-91.114944,30.457482],[-91.11494,30.457482],[-91.114935,30.457484],[-91.114931,30.457484],[-91.114927,30.457485],[-91.114923,30.457485],[-91.114919,30.457486],[-91.114915,30.457487],[-91.114911,30.457488],[-91.114907,30.457488],[-91.114903,30.457489],[-91.114899,30.457489],[-91.114895,30.45749],[-91.114891,30.457491],[-91.114887,30.457492],[-91.114883,30.457492],[-91.114879,30.457493],[-91.114875,30.457494],[-91.114871,30.457494],[-91.114867,30.457495],[-91.114863,30.457496],[-91.114859,30.457496],[-91.114855,30.457496],[-91.114851,30.457497],[-91.114847,30.457498],[-91.114843,30.457498],[-91.114839,30.457499],[-91.114835,30.457499],[-91.114831,30.4575],[-91.114827,30.457501],[-91.114823,30.457501],[-91.114819,30.457502],[-91.114815,30.457502],[-91.114811,30.457503],[-91.114806,30.457503],[-91.114802,30.457503],[-91.114798,30.457504],[-91.114794,30.457505],[-91.11479,30.457505],[-91.114786,30.457506],[-91.114782,30.457506],[-91.114778,30.457506],[-91.114774,30.457507],[-91.11477,30.457508],[-91.114766,30.457508],[-91.114762,30.457508],[-91.114758,30.457509],[-91.114754,30.457509],[-91.11475,30.457509],[-91.114746,30.45751],[-91.114741,30.45751],[-91.114737,30.45751],[-91.114733,30.457511],[-91.114729,30.457512],[-91.114725,30.457512],[-91.114721,30.457512],[-91.114717,30.457513],[-91.114713,30.457513],[-91.114709,30.457513],[-91.114705,30.457513],[-91.114701,30.457514],[-91.114697,30.457515],[-91.114693,30.457515],[-91.114688,30.457515],[-91.114684,30.457516],[-91.11468,30.457516],[-91.114676,30.457516],[-91.114672,30.457516],[-91.114668,30.457516],[-91.114664,30.457516],[-91.11466,30.457517],[-91.114656,30.457517],[-91.114652,30.457517],[-91.114648,30.457518],[-91.114644,30.457518],[-91.11464,30.457518],[-91.114635,30.457519],[-91.114631,30.457519],[-91.114627,30.457519],[-91.114623,30.457519],[-91.114619,30.45752],[-91.11365,30.45755],[-91.113603,30.456383],[-91.115395,30.456328],[-91.115437,30.457361],[-91.115114,30.457444]]],[[[-91.113518,30.457554],[-91.113485,30.456387],[-91.113555,30.456385],[-91.113603,30.457551],[-91.113518,30.457554]]]]},"properties":{"id":"precisely-site-707a9de54c","src":"precisely","grp":"new","op":"","ref":"1778374","locality":"22033","acres":"42.5","for_site":"site-707a9de54c"}},{"type":"Feature","geometry":{"type":"MultiPolygon","coordinates":[[[[-84.521382,33.842079],[-84.521379,33.842078],[-84.521375,33.842076],[-84.521373,33.842076],[-84.521369,33.842074],[-84.521366,33.842073],[-84.521364,33.842072],[-84.521362,33.842071],[-84.521359,33.842071],[-84.521356,33.842069],[-84.521353,33.842068],[-84.521349,33.842067],[-84.521347,33.842066],[-84.521344,33.842065],[-84.521342,33.842064],[-84.521341,33.842064],[-84.52134,33.842063],[-84.521336,33.842062],[-84.521334,33.84206],[-84.521331,33.84206],[-84.521327,33.842058],[-84.521324,33.842057],[-84.521321,33.842056],[-84.521318,33.842054],[-84.521314,33.842053],[-84.521312,33.842052],[-84.521309,33.842051],[-84.521305,33.84205],[-84.521299,33.842047],[-84.521305,33.841838],[-84.521329,33.841798],[-84.521342,33.841553],[-84.521343,33.841521],[-84.52136,33.840946],[-84.522054,33.840077],[-84.523939,33.840671],[-84.524029,33.840751],[-84.523963,33.840789],[-84.523911,33.840853],[-84.523894,33.840905],[-84.523893,33.840908],[-84.523497,33.841727],[-84.523438,33.841963],[-84.523437,33.841966],[-84.523437,33.841968],[-84.523437,33.84197],[-84.523436,33.841974],[-84.523436,33.841976],[-84.523435,33.841979],[-84.523435,33.841981],[-84.523435,33.841984],[-84.523435,33.841987],[-84.523435,33.84199],[-84.523434,33.841993],[-84.523434,33.841995],[-84.523434,33.841998],[-84.523433,33.842001],[-84.523433,33.842003],[-84.523433,33.842006],[-84.523432,33.842009],[-84.523432,33.842011],[-84.523432,33.842014],[-84.523432,33.842017],[-84.523431,33.842019],[-84.523431,33.842022],[-84.523431,33.842025],[-84.523431,33.842028],[-84.52343,33.84203],[-84.52343,33.842033],[-84.5234,33.842417],[-84.523316,33.842506],[-84.523312,33.842506],[-84.52331,33.842506],[-84.523306,33.842505],[-84.523305,33.842505],[-84.523303,33.842505],[-84.5233,33.842505],[-84.523297,33.842504],[-84.523294,33.842504],[-84.52329,33.842504],[-84.523288,33.842504],[-84.523285,33.842503],[-84.523282,33.842503],[-84.523278,33.842503],[-84.523277,33.842503],[-84.523276,33.842503],[-84.523273,33.842502],[-84.523269,33.842502],[-84.523267,33.842502],[-84.523264,33.842501],[-84.523261,33.842501],[-84.523257,33.842501],[-84.523255,33.842501],[-84.523252,33.8425],[-84.52325,33.8425],[-84.523249,33.8425],[-84.523248,33.8425],[-84.523245,33.842499],[-84.523242,33.842499],[-84.523238,33.842499],[-84.523235,33.842499],[-84.523232,33.842499],[-84.52323,33.842498],[-84.523227,33.842498],[-84.523225,33.842498],[-84.523224,33.842498],[-84.523221,33.842498],[-84.523218,33.842497],[-84.523214,33.842497],[-84.523211,33.842496],[-84.523208,33.842496],[-84.523206,33.842496],[-84.523202,33.842496],[-84.523199,33.842496],[-84.523196,33.842495],[-84.523193,33.842495],[-84.52319,33.842495],[-84.523187,33.842494],[-84.523184,33.842494],[-84.523181,33.842493],[-84.523179,33.842493],[-84.523178,33.842493],[-84.523175,33.842493],[-84.523171,33.842493],[-84.523168,33.842493],[-84.523165,33.842492],[-84.523162,33.842492],[-84.523159,33.842492],[-84.523158,33.842492],[-84.523157,33.842492],[-84.523156,33.842492],[-84.523154,33.842491],[-84.52315,33.842491],[-84.523144,33.84249],[-84.523141,33.84249],[-84.523138,33.84249],[-84.523136,33.84249],[-84.523136,33.842489],[-84.523135,33.842489],[-84.523132,33.842489],[-84.523129,33.842489],[-84.523126,33.842488],[-84.523122,33.842488],[-84.523119,33.842488],[-84.523117,33.842487],[-84.523115,33.842487],[-84.523114,33.842487],[-84.523113,33.842487],[-84.52311,33.842487],[-84.523108,33.842486],[-84.523104,33.842485],[-84.523012,33.842475],[-84.523008,33.842475],[-84.523006,33.842475],[-84.523005,33.842474],[-84.523004,33.842474],[-84.523003,33.842474],[-84.523,33.842474],[-84.522998,33.842474],[-84.522994,33.842473],[-84.522991,33.842473],[-84.522988,33.842473],[-84.522984,33.842472],[-84.522981,33.842471],[-84.522979,33.842471],[-84.522975,33.842471],[-84.522972,33.842471],[-84.52297,33.84247],[-84.522968,33.84247],[-84.522965,33.84247],[-84.522962,33.842469],[-84.522958,33.842468],[-84.522955,33.842468],[-84.522952,33.842468],[-84.522949,33.842468],[-84.522947,33.842467],[-84.522944,33.842467],[-84.522941,33.842466],[-84.522937,33.842466],[-84.522934,33.842465],[-84.522931,33.842465],[-84.52293,33.842465],[-84.522927,33.842465],[-84.522923,33.842464],[-84.52292,33.842464],[-84.522917,33.842463],[-84.522913,33.842463],[-84.52291,33.842462],[-84.522908,33.842462],[-84.522906,33.842462],[-84.522902,33.842461],[-84.5229,33.842461],[-84.522895,33.84246],[-84.522891,33.84246],[-84.522888,33.842459],[-84.522885,33.842459],[-84.522881,33.842459],[-84.522878,33.842458],[-84.522875,33.842458],[-84.522871,33.842457],[-84.522867,33.842457],[-84.522864,33.842456],[-84.522861,33.842456],[-84.522858,33.842455],[-84.522854,33.842454],[-84.52285,33.842454],[-84.522849,33.842454],[-84.522848,33.842454],[-84.522846,33.842454],[-84.522843,33.842453],[-84.52284,33.842453],[-84.522836,33.842452],[-84.522834,33.842451],[-84.522828,33.842451],[-84.522826,33.842451],[-84.522823,33.84245],[-84.522819,33.842449],[-84.522815,33.842448],[-84.522812,33.842448],[-84.522809,33.842448],[-84.522806,33.842448],[-84.522801,33.842447],[-84.522798,33.842446],[-84.522794,33.842446],[-84.522791,33.842445],[-84.522787,33.842445],[-84.522784,33.842444],[-84.522781,33.842444],[-84.522777,33.842443],[-84.522773,33.842443],[-84.52277,33.842442],[-84.522767,33.842442],[-84.522762,33.84244],[-84.522761,33.84244],[-84.52276,33.84244],[-84.522757,33.84244],[-84.522753,33.842439],[-84.522749,33.842439],[-84.522745,33.842438],[-84.522742,33.842437],[-84.522739,33.842437],[-84.522735,33.842437],[-84.522732,33.842436],[-84.522729,33.842436],[-84.522725,33.842434],[-84.522722,33.842434],[-84.522719,33.842434],[-84.522716,33.842433],[-84.522715,33.842433],[-84.522711,33.842433],[-84.522708,33.842432],[-84.522705,33.842432],[-84.522702,33.842431],[-84.522697,33.84243],[-84.522694,33.84243],[-84.522691,33.842429],[-84.52269,33.842429],[-84.522687,33.842429],[-84.522684,33.842428],[-84.522681,33.842428],[-84.522677,33.842427],[-84.522672,33.842426],[-84.522669,33.842426],[-84.522666,33.842425],[-84.522664,33.842425],[-84.522663,33.842425],[-84.522658,33.842423],[-84.522656,33.842423],[-84.522652,33.842423],[-84.522649,33.842422],[-84.522645,33.842421],[-84.522642,33.84242],[-84.522639,33.84242],[-84.522635,33.84242],[-84.522631,33.842419],[-84.522628,33.842419],[-84.522625,33.842417],[-84.52262,33.842417],[-84.522618,33.842417],[-84.522614,33.842416],[-84.522611,33.842415],[-84.522608,33.842415],[-84.522606,33.842414],[-84.522605,33.842414],[-84.522604,33.842414],[-84.522601,33.842414],[-84.522597,33.842413],[-84.522594,33.842412],[-84.522591,33.842412],[-84.522588,33.842411],[-84.522583,33.84241],[-84.52258,33.842409],[-84.522577,33.842409],[-84.522573,33.842409],[-84.52257,33.842408],[-84.522566,33.842407],[-84.522562,33.842406],[-84.52256,33.842406],[-84.522556,33.842405],[-84.522551,33.842405],[-84.522548,33.842404],[-84.522545,33.842403],[-84.522542,33.842403],[-84.522539,33.842402],[-84.522535,33.842402],[-84.522532,33.842401],[-84.522528,33.8424],[-84.522527,33.8424],[-84.522525,33.8424],[-84.522521,33.842399],[-84.522518,33.842398],[-84.522514,33.842398],[-84.522511,33.842397],[-84.522507,33.842396],[-84.522504,33.842395],[-84.522501,33.842395],[-84.522497,33.842394],[-84.522495,33.842394],[-84.52249,33.842392],[-84.522489,33.842392],[-84.522486,33.842392],[-84.522484,33.842391],[-84.522481,33.842391],[-84.522477,33.84239],[-84.522473,33.842389],[-84.52247,33.842389],[-84.522467,33.842388],[-84.522464,33.842388],[-84.522463,33.842387],[-84.522462,33.842387],[-84.522459,33.842387],[-84.522455,33.842386],[-84.522452,33.842385],[-84.522449,33.842385],[-84.522446,33.842384],[-84.522442,33.842383],[-84.522439,33.842383],[-84.522437,33.842382],[-84.522435,33.842382],[-84.522432,33.842381],[-84.522431,33.842381],[-84.522429,33.842381],[-84.522424,33.84238],[-84.522421,33.842378],[-84.522418,33.842378],[-84.522415,33.842378],[-84.522412,33.842377],[-84.522409,33.842376],[-84.522407,33.842375],[-84.522405,33.842375],[-84.522401,33.842375],[-84.522399,33.842374],[-84.522395,33.842373],[-84.522391,33.842372],[-84.522388,33.842372],[-84.522385,33.842371],[-84.522381,33.84237],[-84.522377,33.84237],[-84.522375,33.842369],[-84.522371,33.842368],[-84.522367,33.842367],[-84.522363,33.842367],[-84.52236,33.842366],[-84.522357,33.842365],[-84.522353,33.842364],[-84.522352,33.842364],[-84.52235,33.842364],[-84.522347,33.842363],[-84.522343,33.842362],[-84.52234,33.842361],[-84.522337,33.842361],[-84.522334,33.84236],[-84.522331,33.84236],[-84.522329,33.842359],[-84.522326,33.842358],[-84.522323,33.842358],[-84.522319,33.842357],[-84.522316,33.842356],[-84.522313,33.842356],[-84.52231,33.842355],[-84.522306,33.842354],[-84.522301,33.842353],[-84.522298,33.842352],[-84.522295,33.842352],[-84.522292,33.842351],[-84.522288,33.84235],[-84.522285,33.842349],[-84.522282,33.842349],[-84.522279,33.842348],[-84.522275,33.842347],[-84.522271,33.842346],[-84.522268,33.842345],[-84.522265,33.842344],[-84.522263,33.842344],[-84.522262,33.842344],[-84.522261,33.842344],[-84.522258,33.842343],[-84.522254,33.842342],[-84.522251,33.842342],[-84.522249,33.842341],[-84.522244,33.84234],[-84.522241,33.842339],[-84.522237,33.842338],[-84.522234,33.842338],[-84.522231,33.842337],[-84.522229,33.842336],[-84.522228,33.842336],[-84.522227,33.842336],[-84.522224,33.842335],[-84.522222,33.842335],[-84.52222,33.842334],[-84.522217,33.842333],[-84.522214,33.842333],[-84.52221,33.842332],[-84.522208,33.842331],[-84.522204,33.84233],[-84.5222,33.84233],[-84.522197,33.842329],[-84.522193,33.842327],[-84.522189,33.842327],[-84.522186,33.842326],[-84.522183,33.842325],[-84.52218,33.842325],[-84.522176,33.842324],[-84.522173,33.842323],[-84.52217,33.842322],[-84.522166,33.842321],[-84.522163,33.84232],[-84.522159,33.842319],[-84.522155,33.842319],[-84.522152,33.842318],[-84.522149,33.842317],[-84.522147,33.842316],[-84.522146,33.842316],[-84.522143,33.842315],[-84.522139,33.842315],[-84.522135,33.842313],[-84.522132,33.842313],[-84.522129,33.842312],[-84.522127,33.842312],[-84.522126,33.842312],[-84.522126,33.842311],[-84.522122,33.842311],[-84.52212,33.84231],[-84.522116,33.842309],[-84.522112,33.842308],[-84.52211,33.842307],[-84.522105,33.842306],[-84.522102,33.842305],[-84.522099,33.842305],[-84.522099,33.842304],[-84.522096,33.842304],[-84.522092,33.842302],[-84.522088,33.842302],[-84.522086,33.842301],[-84.522082,33.8423],[-84.522078,33.842299],[-84.522075,33.842298],[-84.522072,33.842297],[-84.522071,33.842297],[-84.52207,33.842296],[-84.522067,33.842296],[-84.522065,33.842296],[-84.522062,33.842295],[-84.522058,33.842294],[-84.522054,33.842293],[-84.522051,33.842292],[-84.522049,33.842291],[-84.522046,33.842291],[-84.522045,33.84229],[-84.522041,33.842289],[-84.522038,33.842288],[-84.522035,33.842288],[-84.522031,33.842287],[-84.522028,33.842286],[-84.522025,33.842285],[-84.522021,33.842284],[-84.522017,33.842283],[-84.522014,33.842282],[-84.522011,33.842281],[-84.522007,33.84228],[-84.522004,33.84228],[-84.522001,33.842279],[-84.521998,33.842278],[-84.521994,33.842277],[-84.521991,33.842276],[-84.521988,33.842275],[-84.521984,33.842274],[-84.521978,33.842272],[-84.521974,33.842271],[-84.521972,33.842271],[-84.521969,33.84227],[-84.521967,33.84227],[-84.521964,33.842268],[-84.521962,33.842268],[-84.521958,33.842267],[-84.521954,33.842266],[-84.521951,33.842265],[-84.521947,33.842264],[-84.521946,33.842264],[-84.521944,33.842263],[-84.521942,33.842262],[-84.521937,33.842261],[-84.521934,33.84226],[-84.52193,33.842259],[-84.521927,33.842258],[-84.521924,33.842257],[-84.521921,33.842256],[-84.521918,33.842256],[-84.521913,33.842254],[-84.52191,33.842253],[-84.521907,33.842253],[-84.521903,33.842251],[-84.521902,33.842251],[-84.521901,33.842251],[-84.521897,33.84225],[-84.521894,33.842249],[-84.521892,33.842248],[-84.521888,33.842247],[-84.521884,33.842246],[-84.521881,33.842245],[-84.521878,33.842244],[-84.521878,33.842243],[-84.521874,33.842243],[-84.521871,33.842242],[-84.521868,33.842241],[-84.521864,33.84224],[-84.521861,33.842239],[-84.52186,33.842239],[-84.521859,33.842239],[-84.521857,33.842237],[-84.521855,33.842237],[-84.521851,33.842236],[-84.521847,33.842235],[-84.521844,33.842234],[-84.521841,33.842233],[-84.521837,33.842232],[-84.521834,33.842231],[-84.521831,33.84223],[-84.521827,33.842229],[-84.521824,33.842228],[-84.521821,33.842227],[-84.521817,33.842226],[-84.521814,33.842225],[-84.521811,33.842224],[-84.521808,33.842223],[-84.521804,33.842222],[-84.521801,33.842221],[-84.521798,33.84222],[-84.521796,33.84222],[-84.521795,33.842219],[-84.521794,33.842219],[-84.521791,33.842218],[-84.521787,33.842217],[-84.521784,33.842216],[-84.52178,33.842215],[-84.521777,33.842214],[-84.521774,33.842212],[-84.521771,33.842212],[-84.521769,33.842211],[-84.521767,33.842211],[-84.521764,33.842209],[-84.52176,33.842209],[-84.521757,33.842208],[-84.521754,33.842206],[-84.521751,33.842206],[-84.521747,33.842204],[-84.521744,33.842203],[-84.521741,33.842203],[-84.521738,33.842202],[-84.521735,33.842201],[-84.521732,33.8422],[-84.521728,33.842198],[-84.521725,33.842198],[-84.521721,33.842197],[-84.52172,33.842196],[-84.521719,33.842195],[-84.521718,33.842195],[-84.521715,33.842194],[-84.521711,33.842193],[-84.521707,33.842192],[-84.521704,33.842191],[-84.521701,33.84219],[-84.521698,33.842189],[-84.521695,33.842188],[-84.521692,33.842187],[-84.521689,33.842186],[-84.521686,33.842185],[-84.521682,33.842184],[-84.521679,33.842183],[-84.521675,33.842181],[-84.521672,33.842181],[-84.521669,33.84218],[-84.521666,33.842178],[-84.521662,33.842177],[-84.521658,33.842176],[-84.521655,33.842175],[-84.521652,33.842174],[-84.521649,33.842173],[-84.521646,33.842172],[-84.521642,33.842171],[-84.521639,33.84217],[-84.521637,33.842169],[-84.521633,33.842167],[-84.521626,33.842166],[-84.521623,33.842164],[-84.52162,33.842164],[-84.52162,33.842163],[-84.521616,33.842162],[-84.521613,33.842161],[-84.521609,33.84216],[-84.521606,33.842159],[-84.521603,33.842158],[-84.5216,33.842157],[-84.521596,33.842156],[-84.521596,33.842155],[-84.521593,33.842154],[-84.521591,33.842154],[-84.521587,33.842152],[-84.521583,33.842151],[-84.52158,33.84215],[-84.521577,33.842149],[-84.521574,33.842147],[-84.521571,33.842147],[-84.521567,33.842146],[-84.521564,33.842144],[-84.521561,33.842144],[-84.521557,33.842142],[-84.521554,33.842141],[-84.521552,33.84214],[-84.521548,33.842139],[-84.521544,33.842138],[-84.521542,33.842136],[-84.521541,33.842136],[-84.521538,33.842135],[-84.521534,33.842134],[-84.521531,33.842133],[-84.521528,33.842132],[-84.521525,33.84213],[-84.521521,33.84213],[-84.521518,33.842129],[-84.521514,33.842127],[-84.521513,33.842127],[-84.521511,33.842126],[-84.521508,33.842125],[-84.521505,33.842124],[-84.521502,33.842122],[-84.521499,33.842122],[-84.521495,33.842121],[-84.521492,33.842119],[-84.521489,33.842118],[-84.521486,33.842117],[-84.521482,33.842116],[-84.521479,33.842115],[-84.521476,33.842114],[-84.521475,33.842113],[-84.521474,33.842113],[-84.521473,33.842112],[-84.521469,33.842111],[-84.521466,33.84211],[-84.521459,33.842107],[-84.521457,33.842107],[-84.521454,33.842105],[-84.521449,33.842104],[-84.521447,33.842102],[-84.521444,33.842102],[-84.52144,33.8421],[-84.521437,33.842099],[-84.521435,33.842099],[-84.52143,33.842097],[-84.521427,33.842096],[-84.521424,33.842095],[-84.521423,33.842094],[-84.52142,33.842093],[-84.521418,33.842092],[-84.521414,33.842091],[-84.521411,33.84209],[-84.521408,33.842089],[-84.521405,33.842088],[-84.521402,33.842087],[-84.521398,33.842085],[-84.521396,33.842084],[-84.521393,33.842083],[-84.521389,33.842082],[-84.521385,33.84208],[-84.521382,33.842079]]]]},"properties":{"id":"precisely-site-70e49a689f","src":"precisely","grp":"verify","op":"LMRK DI PROPCO LLC","ref":"17047600400","locality":"13067","acres":"11.42","for_site":"site-70e49a689f"}},{"type":"Feature","geometry":{"type":"MultiPolygon","coordinates":[[[[145.126757,-37.788388],[145.126885,-37.78772],[145.1273,-37.78777],[145.127298,-37.787781],[145.127561,-37.787813],[145.127564,-37.787802],[145.127863,-37.787839],[145.127857,-37.787872],[145.127857,-37.787874],[145.127876,-37.787875],[145.128019,-37.787932],[145.127904,-37.788527],[145.127335,-37.788458],[145.126757,-37.788388]]]]},"properties":{"id":"precisely-site-7190d597c9","src":"precisely","grp":"verify","op":"","ref":"2\\PS301790","locality":"DONCASTER, VIC","acres":"1.87","for_site":"site-7190d597c9"}},{"type":"Feature","geometry":{"type":"MultiPolygon","coordinates":[[[[-80.207705,43.497144],[-80.207168,43.497128],[-80.206714,43.496883],[-80.206604,43.496499],[-80.206828,43.496014],[-80.207775,43.495258],[-80.2078,43.495279],[-80.207825,43.495299],[-80.207851,43.495318],[-80.207875,43.495336],[-80.208992,43.496149],[-80.210256,43.497068],[-80.208937,43.498029],[-80.207705,43.497144]]]]},"properties":{"id":"precisely-site-71b55c3904","src":"precisely","grp":"verify","op":"","ref":"C000PS1788X2","locality":"Canada","acres":"11.14","for_site":"site-71b55c3904"}},{"type":"Feature","geometry":{"type":"MultiPolygon","coordinates":[[[[-79.324499,43.838119],[-79.3245,43.83812],[-79.3245,43.838122],[-79.324501,43.838123],[-79.324502,43.838125],[-79.324502,43.838127],[-79.324503,43.838128],[-79.324504,43.838129],[-79.324651,43.838449],[-79.324531,43.838624],[-79.322759,43.839052],[-79.32222,43.839182],[-79.32198,43.838447],[-79.321934,43.838305],[-79.321762,43.837779],[-79.322301,43.837649],[-79.322259,43.837517],[-79.324391,43.837561],[-79.324391,43.837563],[-79.324391,43.837564],[-79.324391,43.837566],[-79.324391,43.837567],[-79.324391,43.837568],[-79.324391,43.83757],[-79.324391,43.837571],[-79.32439,43.837573],[-79.32439,43.837574],[-79.32439,43.837576],[-79.32439,43.837577],[-79.32439,43.837579],[-79.32439,43.837581],[-79.32439,43.837582],[-79.32439,43.837584],[-79.32439,43.837585],[-79.32439,43.837587],[-79.32439,43.837588],[-79.32439,43.83759],[-79.32439,43.837591],[-79.32439,43.837593],[-79.32439,43.837594],[-79.32439,43.837596],[-79.32439,43.837597],[-79.32439,43.837599],[-79.32439,43.8376],[-79.32439,43.837601],[-79.32439,43.837602],[-79.32439,43.837604],[-79.32439,43.837605],[-79.32439,43.837607],[-79.32439,43.837608],[-79.32439,43.83761],[-79.32439,43.837612],[-79.32439,43.837613],[-79.32439,43.837615],[-79.32439,43.837616],[-79.32439,43.837618],[-79.32439,43.837619],[-79.32439,43.837621],[-79.32439,43.837622],[-79.32439,43.837624],[-79.32439,43.837625],[-79.32439,43.837627],[-79.32439,43.837628],[-79.32439,43.83763],[-79.32439,43.837631],[-79.32439,43.837633],[-79.32439,43.837634],[-79.32439,43.837636],[-79.32439,43.837637],[-79.32439,43.837639],[-79.32439,43.83764],[-79.32439,43.837642],[-79.32439,43.837643],[-79.32439,43.837644],[-79.32439,43.837646],[-79.32439,43.837647],[-79.32439,43.837649],[-79.32439,43.83765],[-79.32439,43.837652],[-79.32439,43.837653],[-79.32439,43.837655],[-79.32439,43.837657],[-79.32439,43.837658],[-79.32439,43.83766],[-79.32439,43.837661],[-79.32439,43.837663],[-79.32439,43.837664],[-79.32439,43.837666],[-79.32439,43.837667],[-79.324391,43.837669],[-79.324391,43.83767],[-79.324391,43.837672],[-79.324391,43.837673],[-79.324391,43.837675],[-79.324391,43.837676],[-79.324391,43.837678],[-79.324391,43.837679],[-79.324391,43.837681],[-79.324391,43.837682],[-79.324391,43.837684],[-79.324391,43.837685],[-79.324391,43.837687],[-79.324391,43.837688],[-79.324392,43.837689],[-79.324392,43.837691],[-79.324392,43.837692],[-79.324392,43.837694],[-79.324392,43.837695],[-79.324392,43.837697],[-79.324392,43.837698],[-79.324392,43.8377],[-79.324392,43.837702],[-79.324392,43.837703],[-79.324393,43.837704],[-79.324393,43.837706],[-79.324393,43.837707],[-79.324393,43.837709],[-79.324393,43.83771],[-79.324393,43.837712],[-79.324393,43.837713],[-79.324393,43.837715],[-79.324393,43.837716],[-79.324394,43.837718],[-79.324394,43.837719],[-79.324394,43.83772],[-79.324394,43.837722],[-79.324394,43.837723],[-79.324394,43.837725],[-79.324394,43.837726],[-79.324395,43.837728],[-79.324395,43.837729],[-79.324395,43.837731],[-79.324395,43.837733],[-79.324395,43.837734],[-79.324395,43.837736],[-79.324395,43.837737],[-79.324396,43.837739],[-79.324396,43.83774],[-79.324396,43.837742],[-79.324396,43.837743],[-79.324396,43.837745],[-79.324396,43.837746],[-79.324396,43.837748],[-79.324397,43.837749],[-79.324397,43.837751],[-79.324397,43.837752],[-79.324397,43.837754],[-79.324397,43.837755],[-79.324397,43.837757],[-79.324398,43.837758],[-79.324398,43.83776],[-79.324398,43.837761],[-79.324398,43.837763],[-79.324398,43.837764],[-79.324399,43.837765],[-79.324399,43.837767],[-79.324399,43.837768],[-79.324399,43.83777],[-79.324399,43.837771],[-79.3244,43.837773],[-79.3244,43.837774],[-79.3244,43.837776],[-79.3244,43.837777],[-79.3244,43.837779],[-79.324401,43.83778],[-79.324401,43.837782],[-79.324401,43.837783],[-79.324401,43.837785],[-79.324401,43.837786],[-79.324402,43.837788],[-79.324402,43.837789],[-79.324402,43.837791],[-79.324402,43.837792],[-79.324402,43.837794],[-79.324403,43.837795],[-79.324403,43.837796],[-79.324403,43.837798],[-79.324403,43.837799],[-79.324404,43.837801],[-79.324404,43.837802],[-79.324404,43.837804],[-79.324404,43.837805],[-79.324405,43.837807],[-79.324405,43.837809],[-79.324405,43.83781],[-79.324405,43.837812],[-79.324405,43.837813],[-79.324406,43.837815],[-79.324406,43.837816],[-79.324406,43.837818],[-79.324407,43.837819],[-79.324407,43.83782],[-79.324407,43.837822],[-79.324407,43.837823],[-79.324408,43.837825],[-79.324408,43.837826],[-79.324408,43.837827],[-79.324408,43.837829],[-79.324409,43.83783],[-79.324409,43.837832],[-79.324409,43.837833],[-79.324409,43.837835],[-79.32441,43.837836],[-79.32441,43.837838],[-79.32441,43.83784],[-79.324411,43.837841],[-79.324411,43.837843],[-79.324411,43.837844],[-79.324411,43.837846],[-79.324412,43.837847],[-79.324412,43.837849],[-79.324412,43.83785],[-79.324413,43.837852],[-79.324413,43.837853],[-79.324413,43.837855],[-79.324413,43.837856],[-79.324414,43.837858],[-79.324414,43.83786],[-79.324415,43.837861],[-79.324415,43.837863],[-79.324415,43.837864],[-79.324416,43.837866],[-79.324416,43.837868],[-79.324416,43.837869],[-79.324417,43.837871],[-79.324417,43.837872],[-79.324417,43.837874],[-79.324418,43.837875],[-79.324418,43.837877],[-79.324418,43.837878],[-79.324419,43.83788],[-79.324419,43.837881],[-79.324419,43.837883],[-79.32442,43.837884],[-79.32442,43.837886],[-79.32442,43.837887],[-79.324421,43.837889],[-79.324421,43.83789],[-79.324421,43.837892],[-79.324422,43.837892],[-79.324422,43.837894],[-79.324422,43.837895],[-79.324423,43.837897],[-79.324423,43.837899],[-79.324423,43.8379],[-79.324424,43.837902],[-79.324424,43.837903],[-79.324424,43.837905],[-79.324425,43.837906],[-79.324425,43.837908],[-79.324426,43.837909],[-79.324426,43.837911],[-79.324426,43.837912],[-79.324427,43.837914],[-79.324427,43.837915],[-79.324427,43.837917],[-79.324428,43.837918],[-79.324428,43.837919],[-79.324429,43.83792],[-79.324429,43.837922],[-79.324429,43.837923],[-79.32443,43.837925],[-79.32443,43.837926],[-79.324431,43.837928],[-79.324431,43.83793],[-79.324431,43.837931],[-79.324432,43.837933],[-79.324432,43.837934],[-79.324433,43.837936],[-79.324433,43.837937],[-79.324433,43.837939],[-79.324434,43.83794],[-79.324434,43.837942],[-79.324435,43.837943],[-79.324435,43.837944],[-79.324435,43.837946],[-79.324436,43.837947],[-79.324436,43.837948],[-79.324437,43.83795],[-79.324437,43.837951],[-79.324438,43.837953],[-79.324438,43.837954],[-79.324438,43.837956],[-79.324439,43.837957],[-79.324439,43.837959],[-79.32444,43.837961],[-79.32444,43.837962],[-79.324441,43.837963],[-79.324441,43.837965],[-79.324441,43.837966],[-79.324442,43.837968],[-79.324442,43.837969],[-79.324443,43.837971],[-79.324443,43.837972],[-79.324444,43.837974],[-79.324444,43.837975],[-79.324445,43.837977],[-79.324445,43.837978],[-79.324446,43.837979],[-79.324446,43.837981],[-79.324446,43.837982],[-79.324447,43.837984],[-79.324447,43.837985],[-79.324448,43.837987],[-79.324448,43.837988],[-79.324449,43.83799],[-79.324449,43.837991],[-79.32445,43.837993],[-79.32445,43.837994],[-79.324451,43.837996],[-79.324451,43.837997],[-79.324452,43.837999],[-79.324453,43.838001],[-79.324453,43.838002],[-79.324454,43.838004],[-79.324454,43.838006],[-79.324455,43.838007],[-79.324455,43.838009],[-79.324456,43.83801],[-79.324456,43.838012],[-79.324457,43.838013],[-79.324457,43.838014],[-79.324458,43.838016],[-79.324458,43.838017],[-79.324459,43.838019],[-79.324459,43.83802],[-79.32446,43.838022],[-79.32446,43.838023],[-79.324461,43.838024],[-79.324461,43.838026],[-79.324462,43.838027],[-79.324462,43.838029],[-79.324463,43.83803],[-79.324463,43.838032],[-79.324464,43.838033],[-79.324464,43.838035],[-79.324465,43.838036],[-79.324466,43.838038],[-79.324466,43.838039],[-79.324467,43.838041],[-79.324468,43.838043],[-79.324468,43.838044],[-79.324469,43.838046],[-79.324469,43.838047],[-79.32447,43.838049],[-79.32447,43.838051],[-79.324471,43.838052],[-79.324472,43.838054],[-79.324472,43.838055],[-79.324473,43.838056],[-79.324473,43.838058],[-79.324474,43.838059],[-79.324474,43.838061],[-79.324475,43.838062],[-79.324475,43.838064],[-79.324476,43.838065],[-79.324477,43.838066],[-79.324477,43.838068],[-79.324478,43.838069],[-79.324478,43.838071],[-79.324479,43.838072],[-79.32448,43.838074],[-79.32448,43.838075],[-79.324481,43.838077],[-79.324481,43.838078],[-79.324482,43.838079],[-79.324482,43.838081],[-79.324483,43.838082],[-79.324484,43.838083],[-79.324484,43.838085],[-79.324485,43.838086],[-79.324485,43.838088],[-79.324486,43.838089],[-79.324487,43.838091],[-79.324487,43.838092],[-79.324488,43.838094],[-79.324488,43.838095],[-79.324489,43.838097],[-79.32449,43.838098],[-79.32449,43.838099],[-79.324491,43.8381],[-79.324492,43.838102],[-79.324492,43.838103],[-79.324493,43.838105],[-79.324493,43.838106],[-79.324494,43.838108],[-79.324495,43.838109],[-79.324495,43.838111],[-79.324496,43.838112],[-79.324497,43.838114],[-79.324497,43.838115],[-79.324498,43.838117],[-79.324499,43.838119]]]]},"properties":{"id":"precisely-site-72b6f06f4a","src":"precisely","grp":"verify","op":"","ref":"C000PS18140O","locality":"Canada","acres":"7.62","for_site":"site-72b6f06f4a"}},{"type":"Feature","geometry":{"type":"MultiPolygon","coordinates":[[[[-93.27972,44.99133],[-93.279652,44.99118],[-93.279623,44.991114],[-93.279745,44.991028],[-93.279961,44.990874],[-93.28007,44.990797],[-93.280193,44.990709],[-93.280336,44.990607],[-93.280488,44.9905],[-93.280511,44.990504],[-93.28053,44.990528],[-93.280546,44.990553],[-93.280577,44.990604],[-93.280579,44.990609],[-93.280609,44.990665],[-93.280639,44.990722],[-93.280669,44.990778],[-93.280699,44.990835],[-93.280728,44.990891],[-93.280745,44.990922],[-93.280758,44.990948],[-93.280788,44.991004],[-93.280818,44.99106],[-93.280847,44.991117],[-93.280877,44.991173],[-93.280907,44.99123],[-93.280937,44.991287],[-93.280967,44.991343],[-93.280996,44.9914],[-93.281026,44.991456],[-93.281056,44.991513],[-93.281086,44.991569],[-93.281115,44.991626],[-93.281145,44.991682],[-93.281189,44.991765],[-93.281231,44.991845],[-93.281209,44.991902],[-93.281139,44.991902],[-93.281139,44.991916],[-93.280887,44.991919],[-93.280805,44.99192],[-93.280719,44.991921],[-93.280633,44.991922],[-93.279992,44.99193],[-93.279924,44.99178],[-93.279856,44.991629],[-93.279788,44.99148],[-93.27972,44.99133]]]]},"properties":{"id":"precisely-site-73baf1f9d2","src":"precisely","grp":"verify","op":"1200 WASHINGTON BUILDING LLC","ref":"2202924210082","locality":"27053","acres":"3.02","for_site":"site-73baf1f9d2"}},{"type":"Feature","geometry":{"type":"MultiPolygon","coordinates":[[[[138.594236,-34.926463],[138.594355,-34.926457],[138.594364,-34.926566],[138.594345,-34.926567],[138.594337,-34.926568],[138.594284,-34.926571],[138.594055,-34.926582],[138.593897,-34.926591],[138.593887,-34.926453],[138.594053,-34.926444],[138.594055,-34.926444],[138.594058,-34.926472],[138.594236,-34.926463]]]]},"properties":{"id":"precisely-site-73ddbbba54","src":"precisely","grp":"verify","op":"","ref":"F12460AL2","locality":"ADELAIDE, SA","acres":"0.14","for_site":"site-73ddbbba54"}},{"type":"Feature","geometry":{"type":"MultiPolygon","coordinates":[[[[151.202693,-33.864824],[151.202646,-33.8644],[151.201623,-33.864022],[151.201696,-33.864679],[151.202693,-33.864824]]]]},"properties":{"id":"precisely-site-743ea89818","src":"precisely","grp":"new","op":"","ref":"201/1204948","locality":"BARANGAROO, NSW","acres":"1.35","for_site":"site-743ea89818"}},{"type":"Feature","geometry":{"type":"MultiPolygon","coordinates":[[[[-88.220074,41.905052],[-88.220069,41.905368],[-88.220064,41.90541],[-88.220049,41.905452],[-88.220027,41.905492],[-88.219996,41.905528],[-88.219958,41.905561],[-88.219914,41.905588],[-88.219864,41.90561],[-88.219811,41.905626],[-88.219754,41.905635],[-88.219697,41.905638],[-88.218779,41.90563],[-88.218787,41.905145],[-88.218788,41.90504],[-88.220074,41.905052]]]]},"properties":{"id":"precisely-site-74fc5d7f4d","src":"precisely","grp":"verify","op":"CELLULAR ONE SITE 260","ref":"0133301036","locality":"17043","acres":"1.68","for_site":"site-74fc5d7f4d"}},{"type":"Feature","geometry":{"type":"MultiPolygon","coordinates":[[[[-64.811019,46.084903],[-64.810494,46.083659],[-64.810255,46.083095],[-64.810213,46.082995],[-64.810172,46.082897],[-64.810608,46.082614],[-64.810817,46.082474],[-64.811094,46.082308],[-64.811226,46.082237],[-64.811365,46.082173],[-64.811375,46.08248],[-64.811498,46.082775],[-64.812169,46.083708],[-64.812538,46.08459],[-64.811019,46.084903]]]]},"properties":{"id":"precisely-site-75276b3b8b","src":"precisely","grp":"verify","op":"","ref":"C000PS151SXQ","locality":"Canada","acres":"7.35","for_site":"site-75276b3b8b"}},{"type":"Feature","geometry":{"type":"MultiPolygon","coordinates":[[[[144.87724,-37.687262],[144.877053,-37.68708],[144.876834,-37.687223],[144.876782,-37.687285],[144.876364,-37.686855],[144.876278,-37.686768],[144.876332,-37.686735],[144.876867,-37.686406],[144.877617,-37.687016],[144.87724,-37.687262]]]]},"properties":{"id":"precisely-site-753ef81866","src":"precisely","grp":"verify","op":"","ref":"1\\PS620233","locality":"TULLAMARINE, VIC","acres":"1.46","for_site":"site-753ef81866"}},{"type":"Feature","geometry":{"type":"MultiPolygon","coordinates":[[[[-79.874796,43.262348],[-79.874155,43.262198],[-79.874053,43.262173],[-79.873982,43.262157],[-79.872355,43.261776],[-79.87295,43.260398],[-79.872963,43.260375],[-79.872983,43.260356],[-79.873008,43.26034],[-79.873037,43.260329],[-79.873069,43.260323],[-79.873102,43.260321],[-79.873134,43.260325],[-79.873165,43.260335],[-79.873192,43.260349],[-79.873247,43.260384],[-79.873307,43.260414],[-79.87443,43.26114],[-79.874491,43.26118],[-79.875771,43.262009],[-79.875576,43.262474],[-79.875229,43.262435],[-79.875112,43.262421],[-79.874796,43.262348]]]]},"properties":{"id":"precisely-site-756d347f57","src":"precisely","grp":"verify","op":"","ref":"C000PS17LB5F","locality":"Canada","acres":"8.03","for_site":"site-756d347f57"}},{"type":"Feature","geometry":{"type":"MultiPolygon","coordinates":[[[[-123.103634,49.265077],[-123.103648,49.264743],[-123.103855,49.264747],[-123.103841,49.265081],[-123.103634,49.265077]]]]},"properties":{"id":"precisely-site-75889793f1","src":"precisely","grp":"verify","op":"","ref":"C000PS16D8I3","locality":"Canada","acres":"0.14","for_site":"site-75889793f1"}},{"type":"Feature","geometry":{"type":"MultiPolygon","coordinates":[[[[-79.718906,43.745018],[-79.718611,43.74527],[-79.717774,43.745985],[-79.717706,43.745988],[-79.717653,43.74599],[-79.717585,43.745992],[-79.717524,43.745994],[-79.716528,43.745315],[-79.716483,43.745284],[-79.716398,43.745226],[-79.716401,43.745212],[-79.716402,43.745197],[-79.716402,43.745183],[-79.7164,43.745169],[-79.716397,43.745154],[-79.716391,43.745138],[-79.716384,43.745123],[-79.716374,43.745108],[-79.716362,43.745093],[-79.716349,43.745081],[-79.716334,43.745068],[-79.716318,43.745057],[-79.7163,43.745046],[-79.717022,43.74453],[-79.717287,43.74434],[-79.718279,43.74363],[-79.718582,43.743413],[-79.718977,43.743709],[-79.718505,43.744113],[-79.719248,43.74467],[-79.719283,43.744696],[-79.719069,43.744879],[-79.71899,43.744947],[-79.718906,43.745018]]]]},"properties":{"id":"precisely-site-75a3278b56","src":"precisely","grp":"verify","op":"","ref":"C000PS1ATP5S","locality":"Canada","acres":"8.25","for_site":"site-75a3278b56"}},{"type":"Feature","geometry":{"type":"MultiPolygon","coordinates":[[[[145.185022,-37.948325],[145.18502,-37.948323],[145.184982,-37.948291],[145.184942,-37.948262],[145.184898,-37.948236],[145.184853,-37.948212],[145.184805,-37.948191],[145.184755,-37.948174],[145.184743,-37.94817],[145.185103,-37.947956],[145.185298,-37.946906],[145.186701,-37.947092],[145.18664,-37.947419],[145.186579,-37.947744],[145.186483,-37.948262],[145.186466,-37.948356],[145.185244,-37.948194],[145.185022,-37.948325]]]]},"properties":{"id":"precisely-site-76097f894f","src":"precisely","grp":"verify","op":"","ref":"2\\LP206889","locality":"NOBLE PARK NORTH, VIC","acres":"4.54","for_site":"site-76097f894f"}},{"type":"Feature","geometry":{"type":"MultiPolygon","coordinates":[[[[-97.146465,49.892356],[-97.146301,49.892416],[-97.146119,49.89208],[-97.146283,49.89202],[-97.146465,49.892356]]]]},"properties":{"id":"precisely-site-76cad42f89","src":"precisely","grp":"verify","op":"","ref":"C000PS1BP2IG","locality":"Canada","acres":"0.13","for_site":"site-76cad42f89"}},{"type":"Feature","geometry":{"type":"MultiPolygon","coordinates":[[[[-119.811448,39.522694],[-119.81146,39.522696],[-119.811471,39.5227],[-119.811482,39.522704],[-119.811491,39.52271],[-119.811499,39.522717],[-119.811505,39.522725],[-119.81151,39.522734],[-119.811672,39.523189],[-119.811675,39.523197],[-119.811675,39.523205],[-119.811674,39.523213],[-119.811672,39.523221],[-119.811668,39.523228],[-119.811662,39.523236],[-119.811655,39.523242],[-119.811647,39.523248],[-119.811638,39.523252],[-119.811629,39.523256],[-119.811618,39.523258],[-119.81156,39.523272],[-119.811529,39.523187],[-119.811172,39.523041],[-119.811085,39.523063],[-119.810891,39.522988],[-119.810842,39.522862],[-119.811412,39.522697],[-119.811424,39.522695],[-119.811436,39.522693],[-119.811448,39.522694]]]]},"properties":{"id":"precisely-site-7710a76dca","src":"precisely","grp":"new","op":"RENO 200 S VIRGINIA LLC","ref":"1117105","locality":"32031","acres":"0.57","for_site":"site-7710a76dca"}},{"type":"Feature","geometry":{"type":"MultiPolygon","coordinates":[[[[-96.712278,32.96592],[-96.712265,32.966826],[-96.711915,32.966823],[-96.710401,32.966809],[-96.710414,32.965901],[-96.712278,32.96592]]]]},"properties":{"id":"precisely-site-772d54c3e3","src":"precisely","grp":"verify","op":"COLLINS TECHNOLOGY PARK PARTNERS LLC","ref":"42048780010120000","locality":"48113","acres":"4.33","for_site":"site-772d54c3e3"}},{"type":"Feature","geometry":{"type":"MultiPolygon","coordinates":[[[[-73.290416,40.82128],[-73.290429,40.821258],[-73.29064,40.820891],[-73.293342,40.820747],[-73.293304,40.821275],[-73.29319,40.822849],[-73.289384,40.822695],[-73.289795,40.82157],[-73.2903,40.821482],[-73.290416,40.82128]]]]},"properties":{"id":"precisely-site-7733e2d16e","src":"precisely","grp":"verify","op":"STEEL FOREST LLC","ref":"0800145000200022002","locality":"36103","acres":"15.19","for_site":"site-7733e2d16e"}},{"type":"Feature","geometry":{"type":"MultiPolygon","coordinates":[[[[150.375931,-34.514374],[150.368075,-34.513358],[150.367264,-34.515169],[150.363323,-34.514659],[150.362548,-34.516152],[150.36118,-34.518815],[150.36123,-34.518926],[150.36139,-34.518988],[150.365387,-34.520613],[150.365525,-34.519902],[150.365842,-34.518264],[150.368509,-34.51884],[150.369266,-34.518718],[150.371272,-34.518984],[150.371929,-34.519071],[150.373087,-34.519225],[150.373359,-34.519261],[150.373467,-34.519275],[150.373882,-34.51933],[150.37487,-34.519461],[150.374945,-34.519471],[150.375179,-34.518264],[150.375104,-34.518254],[150.374964,-34.518235],[150.375007,-34.518013],[150.375222,-34.518041],[150.375931,-34.514374]]]]},"properties":{"id":"precisely-site-774dfc7b3a","src":"precisely","grp":"verify","op":"","ref":"40/1288692","locality":"MOSS VALE, NSW","acres":"165.15","for_site":"site-774dfc7b3a"}},{"type":"Feature","geometry":{"type":"MultiPolygon","coordinates":[[[[119.726054,-23.372298],[119.726429,-23.372302],[119.72642,-23.373002],[119.72642,-23.373043],[119.726389,-23.373042],[119.72602,-23.373038],[119.725938,-23.372948],[119.726005,-23.372576],[119.726054,-23.372298]]]]},"properties":{"id":"precisely-site-77d5fa57c2","src":"precisely","grp":"verify","op":"","ref":"4036/218","locality":"NEWMAN, WA","acres":"0.89","for_site":"site-77d5fa57c2"}},{"type":"Feature","geometry":{"type":"MultiPolygon","coordinates":[[[[150.887706,-33.805279],[150.887762,-33.80499],[150.887818,-33.804704],[150.887874,-33.804425],[150.887003,-33.804432],[150.886029,-33.804439],[150.885054,-33.804447],[150.885053,-33.804877],[150.885053,-33.805013],[150.885052,-33.805308],[150.885052,-33.805546],[150.885052,-33.805689],[150.885181,-33.805689],[150.885184,-33.805689],[150.885188,-33.805689],[150.885191,-33.805689],[150.885194,-33.805688],[150.885197,-33.805688],[150.8852,-33.805688],[150.885203,-33.805687],[150.885207,-33.805687],[150.88521,-33.805686],[150.885213,-33.805685],[150.885216,-33.805685],[150.885219,-33.805684],[150.885222,-33.805683],[150.885225,-33.805682],[150.885228,-33.805681],[150.885231,-33.80568],[150.885234,-33.805679],[150.885237,-33.805678],[150.885239,-33.805677],[150.885242,-33.805675],[150.885245,-33.805674],[150.885248,-33.805673],[150.88525,-33.805671],[150.885253,-33.80567],[150.885256,-33.805668],[150.885258,-33.805667],[150.885261,-33.805665],[150.885263,-33.805663],[150.885266,-33.805661],[150.885269,-33.805659],[150.885272,-33.805657],[150.885275,-33.805655],[150.885279,-33.805653],[150.885282,-33.805651],[150.885285,-33.805649],[150.885289,-33.805647],[150.885292,-33.805645],[150.885296,-33.805644],[150.885299,-33.805642],[150.885303,-33.80564],[150.885306,-33.805639],[150.88531,-33.805638],[150.885314,-33.805636],[150.885317,-33.805635],[150.885321,-33.805634],[150.885325,-33.805632],[150.885329,-33.805631],[150.885332,-33.80563],[150.885336,-33.805629],[150.88534,-33.805628],[150.885344,-33.805628],[150.885348,-33.805627],[150.885352,-33.805626],[150.885356,-33.805626],[150.88536,-33.805625],[150.885364,-33.805625],[150.885368,-33.805624],[150.885372,-33.805624],[150.885376,-33.805624],[150.88538,-33.805623],[150.885384,-33.805623],[150.885388,-33.805623],[150.885392,-33.805623],[150.885396,-33.805623],[150.8854,-33.805623],[150.885404,-33.805624],[150.885408,-33.805624],[150.885412,-33.805624],[150.885416,-33.805625],[150.88542,-33.805625],[150.885424,-33.805626],[150.885428,-33.805627],[150.885431,-33.805627],[150.885435,-33.805628],[150.885439,-33.805629],[150.885443,-33.80563],[150.885447,-33.805631],[150.885451,-33.805632],[150.885455,-33.805633],[150.885458,-33.805634],[150.885462,-33.805636],[150.885466,-33.805637],[150.885469,-33.805638],[150.885473,-33.80564],[150.885476,-33.805641],[150.88548,-33.805643],[150.885483,-33.805645],[150.885487,-33.805646],[150.88549,-33.805648],[150.885494,-33.80565],[150.885497,-33.805652],[150.8855,-33.805654],[150.885503,-33.805656],[150.885507,-33.805658],[150.88551,-33.80566],[150.885513,-33.805662],[150.885516,-33.805665],[150.885519,-33.805667],[150.885522,-33.805669],[150.885524,-33.805672],[150.885527,-33.805674],[150.88553,-33.805677],[150.885532,-33.805679],[150.885535,-33.805682],[150.885537,-33.805684],[150.88554,-33.805687],[150.885542,-33.80569],[150.885545,-33.805692],[150.885547,-33.805695],[150.885549,-33.805698],[150.885551,-33.805701],[150.885553,-33.805704],[150.885555,-33.805707],[150.885557,-33.80571],[150.885558,-33.805713],[150.88556,-33.805716],[150.885562,-33.805719],[150.885563,-33.805722],[150.885565,-33.805725],[150.885566,-33.805728],[150.885567,-33.805731],[150.885569,-33.805735],[150.88557,-33.805738],[150.885571,-33.805741],[150.885572,-33.805744],[150.885573,-33.805748],[150.885573,-33.805751],[150.885574,-33.805754],[150.885575,-33.805758],[150.885575,-33.805761],[150.885576,-33.805764],[150.885576,-33.805767],[150.885576,-33.805771],[150.885577,-33.805774],[150.885577,-33.805778],[150.885577,-33.805781],[150.885577,-33.805784],[150.885577,-33.805788],[150.885576,-33.805791],[150.885576,-33.805794],[150.885576,-33.805798],[150.885575,-33.805801],[150.885575,-33.805804],[150.886023,-33.805806],[150.886744,-33.805806],[150.886929,-33.805592],[150.886992,-33.805519],[150.887648,-33.805575],[150.887706,-33.805279]]]]},"properties":{"id":"precisely-site-77f8e34721","src":"precisely","grp":"verify","op":"","ref":"34/1131779","locality":"EASTERN CREEK, NSW","acres":"8.64","for_site":"site-77f8e34721"}},{"type":"Feature","geometry":{"type":"MultiPolygon","coordinates":[[[[-73.426392,45.566043],[-73.427033,45.566043],[-73.428051,45.567098],[-73.429103,45.568191],[-73.42908,45.568189],[-73.429056,45.568188],[-73.429032,45.568186],[-73.429008,45.568185],[-73.428985,45.568184],[-73.428961,45.568183],[-73.428937,45.568182],[-73.428914,45.56818],[-73.42889,45.568179],[-73.428866,45.568178],[-73.428843,45.568177],[-73.428819,45.568175],[-73.428795,45.568174],[-73.428772,45.568173],[-73.428748,45.568172],[-73.428724,45.568171],[-73.4287,45.56817],[-73.428677,45.568169],[-73.428653,45.568168],[-73.428629,45.568167],[-73.428606,45.568166],[-73.428582,45.568165],[-73.428558,45.568164],[-73.428534,45.568163],[-73.428511,45.568163],[-73.428487,45.568161],[-73.428463,45.568161],[-73.42844,45.56816],[-73.428416,45.56816],[-73.428392,45.568158],[-73.428368,45.568158],[-73.428345,45.568158],[-73.428321,45.568157],[-73.428297,45.568156],[-73.428273,45.568155],[-73.42825,45.568155],[-73.428226,45.568155],[-73.428202,45.568154],[-73.428178,45.568154],[-73.428155,45.568153],[-73.428131,45.568153],[-73.428107,45.568152],[-73.428083,45.568152],[-73.42806,45.568152],[-73.428036,45.568151],[-73.428012,45.56815],[-73.427988,45.56815],[-73.427965,45.56815],[-73.427941,45.56815],[-73.427917,45.56815],[-73.427893,45.56815],[-73.42787,45.56815],[-73.427846,45.56815],[-73.427822,45.568149],[-73.427798,45.568149],[-73.427775,45.568149],[-73.427751,45.568149],[-73.427727,45.568149],[-73.427703,45.568149],[-73.42768,45.568149],[-73.427656,45.568149],[-73.427632,45.568149],[-73.427608,45.56815],[-73.427585,45.56815],[-73.427561,45.56815],[-73.427537,45.56815],[-73.427513,45.56815],[-73.42749,45.56815],[-73.427466,45.56815],[-73.427442,45.568151],[-73.427418,45.568151],[-73.427395,45.568152],[-73.427371,45.568152],[-73.427347,45.568153],[-73.427323,45.568153],[-73.4273,45.568153],[-73.427276,45.568154],[-73.427252,45.568154],[-73.427228,45.568155],[-73.427205,45.568155],[-73.427181,45.568156],[-73.427157,45.568157],[-73.427133,45.568157],[-73.42711,45.568158],[-73.427086,45.568158],[-73.427062,45.568159],[-73.427039,45.56816],[-73.427015,45.568161],[-73.426991,45.568161],[-73.426967,45.568162],[-73.426944,45.568163],[-73.42692,45.568164],[-73.426896,45.568164],[-73.426872,45.568166],[-73.426849,45.568167],[-73.424724,45.566465],[-73.424195,45.566042],[-73.426392,45.566043]]]]},"properties":{"id":"precisely-site-79202dbf06","src":"precisely","grp":"verify","op":"","ref":"C000PS19Z098","locality":"Canada","acres":"11.51","for_site":"site-79202dbf06"}},{"type":"Feature","geometry":{"type":"MultiPolygon","coordinates":[[[[-122.394243,37.779571],[-122.394182,37.779522],[-122.393987,37.779677],[-122.393682,37.779433],[-122.394065,37.779129],[-122.394431,37.779422],[-122.394243,37.779571]]]]},"properties":{"id":"precisely-site-79f8e8a702","src":"precisely","grp":"verify","op":"","ref":"3787005","locality":"06075","acres":"0.49","for_site":"site-79f8e8a702"}},{"type":"Feature","geometry":{"type":"MultiPolygon","coordinates":[[[[-63.55922,44.560028],[-63.557644,44.559979],[-63.557702,44.559943],[-63.557739,44.559917],[-63.557812,44.559881],[-63.557869,44.559844],[-63.557871,44.559844],[-63.557878,44.559839],[-63.557947,44.559799],[-63.558011,44.559763],[-63.558013,44.559683],[-63.558025,44.559656],[-63.558076,44.559611],[-63.558128,44.55953],[-63.558205,44.55945],[-63.558231,44.559387],[-63.55827,44.559343],[-63.558371,44.55928],[-63.558435,44.559209],[-63.558461,44.559183],[-63.558511,44.559165],[-63.558613,44.55912],[-63.558727,44.559085],[-63.558803,44.55905],[-63.558904,44.559024],[-63.558967,44.559015],[-63.558992,44.559016],[-63.559055,44.55907],[-63.559067,44.559079],[-63.55913,44.55908],[-63.559231,44.55909],[-63.55928,44.559126],[-63.559343,44.559118],[-63.559457,44.559082],[-63.55952,44.559047],[-63.559546,44.55902],[-63.55956,44.558966],[-63.559561,44.558876],[-63.559565,44.558865],[-63.559572,44.558841],[-63.559598,44.558817],[-63.559611,44.558792],[-63.559629,44.55876],[-63.559637,44.558713],[-63.56297,44.559691],[-63.562948,44.560143],[-63.562881,44.560654],[-63.562873,44.560713],[-63.562861,44.560804],[-63.562852,44.560908],[-63.562851,44.561012],[-63.562858,44.561116],[-63.562874,44.561218],[-63.562898,44.561321],[-63.562931,44.561423],[-63.562971,44.561522],[-63.56302,44.56162],[-63.563076,44.561716],[-63.56314,44.561809],[-63.563212,44.561899],[-63.563224,44.561914],[-63.56277,44.562167],[-63.562325,44.562414],[-63.562264,44.562448],[-63.561573,44.562834],[-63.561226,44.562953],[-63.560881,44.563073],[-63.560623,44.563163],[-63.560623,44.563162],[-63.560337,44.562523],[-63.560259,44.562348],[-63.55922,44.560028]]]]},"properties":{"id":"precisely-site-7a0bfefd55","src":"precisely","grp":"verify","op":"","ref":"C000PS15EQPW","locality":"Canada","acres":"27.33","for_site":"site-7a0bfefd55"}},{"type":"Feature","geometry":{"type":"MultiPolygon","coordinates":[[[[-98.54041,29.579774],[-98.540453,29.57964],[-98.540501,29.579509],[-98.540557,29.579378],[-98.540619,29.579251],[-98.540687,29.579126],[-98.540762,29.579004],[-98.540842,29.578884],[-98.540929,29.578769],[-98.541021,29.578656],[-98.541119,29.578547],[-98.541223,29.578442],[-98.541694,29.577971],[-98.541712,29.577985],[-98.541701,29.577996],[-98.542434,29.578587],[-98.542461,29.578562],[-98.542964,29.578967],[-98.543357,29.578796],[-98.543077,29.579102],[-98.542923,29.57925],[-98.542662,29.5795],[-98.542119,29.580025],[-98.54206,29.580082],[-98.541587,29.580539],[-98.541266,29.580849],[-98.541245,29.58087],[-98.540302,29.580168],[-98.540342,29.580039],[-98.540375,29.579909],[-98.54041,29.579774]]]]},"properties":{"id":"precisely-site-7a5814172b","src":"precisely","grp":"verify","op":"H E BUTT GROCERY CO","ref":"1130776","locality":"48029","acres":"11.17","for_site":"site-7a5814172b"}},{"type":"Feature","geometry":{"type":"MultiPolygon","coordinates":[[[[118.611163,-20.379483],[118.611695,-20.379026],[118.612372,-20.379727],[118.6116,-20.380391],[118.611194,-20.379548],[118.611163,-20.379483]]]]},"properties":{"id":"precisely-site-7add7b4f0c","src":"precisely","grp":"verify","op":"","ref":"2876/723","locality":"PORT HEDLAND, WA","acres":"2.4","for_site":"site-7add7b4f0c"}},{"type":"Feature","geometry":{"type":"MultiPolygon","coordinates":[[[[-63.595059,44.656091],[-63.595065,44.656087],[-63.594932,44.655991],[-63.594964,44.655969],[-63.59512,44.655857],[-63.595182,44.655813],[-63.595295,44.655732],[-63.595389,44.655665],[-63.595481,44.655599],[-63.595257,44.655441],[-63.595516,44.65526],[-63.596162,44.655714],[-63.595889,44.65591],[-63.595686,44.656054],[-63.595622,44.656009],[-63.595522,44.65608],[-63.59559,44.656129],[-63.595376,44.656282],[-63.595433,44.656321],[-63.595407,44.656339],[-63.595192,44.656178],[-63.595126,44.656131],[-63.595121,44.656135],[-63.595059,44.656091]]]]},"properties":{"id":"precisely-site-7bef1886b6","src":"precisely","grp":"new","op":"","ref":"C000PS15HQXP","locality":"Canada","acres":"1.22","for_site":"site-7bef1886b6"}},{"type":"Feature","geometry":{"type":"MultiPolygon","coordinates":[[[[-73.381313,45.624546],[-73.379469,45.623027],[-73.379406,45.622972],[-73.38023,45.622453],[-73.381432,45.621696],[-73.381579,45.62181],[-73.382776,45.621056],[-73.386199,45.6237],[-73.386226,45.623721],[-73.386943,45.624286],[-73.385829,45.624993],[-73.385115,45.625448],[-73.383802,45.624431],[-73.383243,45.624787],[-73.382354,45.625352],[-73.381313,45.624546]]]]},"properties":{"id":"precisely-site-7cfa9ef22f","src":"precisely","grp":"verify","op":"","ref":"C000PS18CFPU","locality":"Canada","acres":"36.36","for_site":"site-7cfa9ef22f"}},{"type":"Feature","geometry":{"type":"MultiPolygon","coordinates":[[[[-93.211228,37.235943],[-93.211209,37.23593],[-93.211192,37.235915],[-93.211178,37.235898],[-93.211169,37.235879],[-93.211163,37.23586],[-93.211162,37.23584],[-93.211198,37.234736],[-93.211172,37.234736],[-93.206674,37.234606],[-93.206652,37.234605],[-93.206744,37.230998],[-93.207141,37.231011],[-93.207154,37.231011],[-93.208963,37.231071],[-93.208963,37.231062],[-93.209055,37.228181],[-93.209055,37.228176],[-93.209063,37.22788],[-93.209073,37.227538],[-93.209078,37.227332],[-93.209079,37.227298],[-93.209085,37.227064],[-93.209097,37.226645],[-93.209103,37.22642],[-93.209109,37.226175],[-93.20912,37.22577],[-93.209126,37.22554],[-93.209128,37.225476],[-93.209129,37.225451],[-93.213577,37.225729],[-93.215716,37.225863],[-93.215421,37.235088],[-93.215384,37.235109],[-93.215339,37.235128],[-93.21529,37.235141],[-93.213139,37.235589],[-93.211348,37.235959],[-93.211324,37.235962],[-93.211299,37.235962],[-93.211274,37.235959],[-93.21125,37.235952],[-93.211228,37.235943]]]]},"properties":{"id":"precisely-site-7d4517f13c","src":"precisely","grp":"new","op":"","ref":"1210100071","locality":"29077","acres":"173.2","for_site":"site-7d4517f13c"}},{"type":"Feature","geometry":{"type":"MultiPolygon","coordinates":[[[[151.186906,-33.820197],[151.187004,-33.820148],[151.18691,-33.820018],[151.186528,-33.819487],[151.18651,-33.819462],[151.185806,-33.819813],[151.186305,-33.820499],[151.186906,-33.820197]]]]},"properties":{"id":"precisely-site-7d67805137","src":"precisely","grp":"verify","op":"","ref":"4/270714","locality":"ARTARMON, NSW","acres":"1.66","for_site":"site-7d67805137"}},{"type":"Feature","geometry":{"type":"MultiPolygon","coordinates":[[[[-113.989757,51.055714],[-113.991209,51.055715],[-113.991101,51.056673],[-113.990203,51.056856],[-113.990044,51.056886],[-113.989883,51.056909],[-113.989719,51.056925],[-113.989554,51.056935],[-113.989388,51.056939],[-113.98936,51.056939],[-113.98936,51.056921],[-113.989359,51.056363],[-113.989359,51.056327],[-113.989359,51.056175],[-113.989359,51.055978],[-113.989359,51.055909],[-113.989359,51.055822],[-113.989359,51.055745],[-113.989359,51.055714],[-113.989359,51.055535],[-113.98977,51.055535],[-113.989757,51.055714]]]]},"properties":{"id":"precisely-site-7f50528733","src":"precisely","grp":"verify","op":"","ref":"C000PS14KLWU","locality":"Canada","acres":"4","for_site":"site-7f50528733"}},{"type":"Feature","geometry":{"type":"MultiPolygon","coordinates":[[[[-81.25767,35.591139],[-81.25759,35.591099],[-81.257582,35.591096],[-81.257317,35.590965],[-81.257544,35.590171],[-81.257547,35.590163],[-81.257592,35.590006],[-81.257594,35.589997],[-81.257613,35.589932],[-81.257111,35.589855],[-81.257045,35.589845],[-81.256498,35.589761],[-81.256481,35.589841],[-81.25648,35.58985],[-81.256422,35.590153],[-81.256418,35.590162],[-81.256355,35.59031],[-81.256384,35.590151],[-81.256387,35.590134],[-81.25642,35.589955],[-81.256443,35.589839],[-81.256447,35.589823],[-81.256467,35.589721],[-81.256477,35.589678],[-81.256533,35.589416],[-81.256633,35.588956],[-81.256739,35.588492],[-81.256785,35.588297],[-81.256821,35.588142],[-81.256893,35.587833],[-81.256994,35.587402],[-81.256996,35.587396],[-81.257,35.587381],[-81.257002,35.587372],[-81.257019,35.587302],[-81.257084,35.587028],[-81.257102,35.586954],[-81.257104,35.586944],[-81.257138,35.586802],[-81.257243,35.586357],[-81.257248,35.586337],[-81.25725,35.586326],[-81.257266,35.586256],[-81.257384,35.585752],[-81.257521,35.585162],[-81.257604,35.584802],[-81.257643,35.584633],[-81.257645,35.584625],[-81.260189,35.585002],[-81.260402,35.584547],[-81.262005,35.584906],[-81.262684,35.583803],[-81.262765,35.583671],[-81.265147,35.584567],[-81.265143,35.584857],[-81.265121,35.586312],[-81.267846,35.586896],[-81.268046,35.586938],[-81.268171,35.586966],[-81.268173,35.586966],[-81.26828,35.586989],[-81.268287,35.586991],[-81.268569,35.587051],[-81.268331,35.587482],[-81.268237,35.587655],[-81.26814,35.58783],[-81.267627,35.588753],[-81.26759,35.58882],[-81.267464,35.58905],[-81.26742,35.58913],[-81.267413,35.589142],[-81.265175,35.588514],[-81.265174,35.588515],[-81.264822,35.588646],[-81.263105,35.589388],[-81.261402,35.590237],[-81.261196,35.590387],[-81.259645,35.59043],[-81.259638,35.590734],[-81.259099,35.590838],[-81.259091,35.59084],[-81.258999,35.590857],[-81.258991,35.590858],[-81.258588,35.590936],[-81.257987,35.591461],[-81.257987,35.59146],[-81.257811,35.591208],[-81.257677,35.591142],[-81.25767,35.591139]]]]},"properties":{"id":"precisely-site-7f6fc82812","src":"precisely","grp":"verify","op":"APPLE INC","ref":"362711760090","locality":"37035","acres":"127.32","for_site":"site-7f6fc82812"}},{"type":"Feature","geometry":{"type":"MultiPolygon","coordinates":[[[[115.858815,-31.957106],[115.858848,-31.957295],[115.85864,-31.95774],[115.858599,-31.957755],[115.857756,-31.957468],[115.857738,-31.957433],[115.858016,-31.95685],[115.858057,-31.956835],[115.858777,-31.957085],[115.858815,-31.957106]]]]},"properties":{"id":"precisely-site-7f8458eb88","src":"precisely","grp":"new","op":"","ref":"4006/348","locality":"PERTH, WA","acres":"1.68","for_site":"site-7f8458eb88"}},{"type":"Feature","geometry":{"type":"MultiPolygon","coordinates":[[[[-95.131847,35.93032],[-95.134056,35.93032],[-95.134056,35.929744],[-95.136265,35.929743],[-95.136274,35.931552],[-95.134064,35.931552],[-95.131853,35.931554],[-95.131847,35.93032]]]]},"properties":{"id":"precisely-site-7f8e341089","src":"precisely","grp":"new","op":"LAKE REGION ELECTRIC CO-OP","ref":"110025149","locality":"40021","acres":"16.63","for_site":"site-7f8e341089"}},{"type":"Feature","geometry":{"type":"MultiPolygon","coordinates":[[[[-82.458145,27.950058],[-82.457907,27.949526],[-82.458513,27.949311],[-82.458744,27.949854],[-82.458145,27.950058]]]]},"properties":{"id":"precisely-site-7f8f7ae812","src":"precisely","grp":"new","op":"","ref":"193449.0000","locality":"12057","acres":"1.01","for_site":"site-7f8f7ae812"}},{"type":"Feature","geometry":{"type":"MultiPolygon","coordinates":[[[[-82.159086,33.437697],[-82.159086,33.439072],[-82.15821,33.4396],[-82.157276,33.438513],[-82.157752,33.438226],[-82.158676,33.438195],[-82.158677,33.437714],[-82.158677,33.437647],[-82.159063,33.437635],[-82.159086,33.437633],[-82.159086,33.437697]]]]},"properties":{"id":"precisely-site-800b380f87","src":"precisely","grp":"new","op":"GEORGIA POWER CO","ref":"079-0-122-00-0","locality":"13245","acres":"4.93","for_site":"site-800b380f87"}},{"type":"Feature","geometry":{"type":"MultiPolygon","coordinates":[[[[138.594303,-34.927313],[138.593953,-34.927331],[138.59394,-34.927153],[138.594289,-34.927134],[138.594303,-34.927313]]]]},"properties":{"id":"precisely-site-8090e02c28","src":"precisely","grp":"verify","op":"","ref":"F104959AL3","locality":"ADELAIDE, SA","acres":"0.16","for_site":"site-8090e02c28"}},{"type":"Feature","geometry":{"type":"MultiPolygon","coordinates":[[[[-74.001344,40.711184],[-74.001323,40.711174],[-74.001014,40.71158],[-74.000995,40.711476],[-74.000961,40.711369],[-74.000913,40.711265],[-74.000873,40.711198],[-74.000801,40.711088],[-74.000792,40.711074],[-74.000783,40.711059],[-74.000774,40.71104],[-74.000769,40.711026],[-74.000765,40.711012],[-74.000763,40.711001],[-74.000762,40.710987],[-74.000761,40.710972],[-74.000763,40.710955],[-74.000764,40.710946],[-74.000768,40.710929],[-74.000779,40.710909],[-74.001169,40.710364],[-74.001401,40.710494],[-74.001658,40.710748],[-74.001344,40.711184]]]]},"properties":{"id":"precisely-site-8174d81487","src":"precisely","grp":"verify","op":"","ref":"1001131001","locality":"36061","acres":"1.26","for_site":"site-8174d81487"}},{"type":"Feature","geometry":{"type":"MultiPolygon","coordinates":[[[[-92.581431,40.194633],[-92.581428,40.194633],[-92.581226,40.194633],[-92.581022,40.194633],[-92.581023,40.194337],[-92.581227,40.194337],[-92.581431,40.194336],[-92.581444,40.194336],[-92.581445,40.194633],[-92.581431,40.194633]]]]},"properties":{"id":"precisely-site-81f5bcb956","src":"precisely","grp":"verify","op":"SOUTHWESTERN BELL TELEPHONE CO LP","ref":"13-02.0-09-001-22-01.000000","locality":"29001","acres":"0.29","for_site":"site-81f5bcb956"}},{"type":"Feature","geometry":{"type":"MultiPolygon","coordinates":[[[[-85.942084,39.716536],[-85.942099,39.715985],[-85.942099,39.71585],[-85.942161,39.715861],[-85.942217,39.715867],[-85.942191,39.718126],[-85.940686,39.71813],[-85.94068,39.717787],[-85.940667,39.716541],[-85.941253,39.716539],[-85.942084,39.716536]]]]},"properties":{"id":"precisely-site-83404b830e","src":"precisely","grp":"verify","op":"MCI TELECOMMUNICATION CORP","ref":"300926400016000012","locality":"18059","acres":"5.89","for_site":"site-83404b830e"}},{"type":"Feature","geometry":{"type":"MultiPolygon","coordinates":[[[[-73.541921,45.46646],[-73.541954,45.466452],[-73.541986,45.466444],[-73.542019,45.466436],[-73.542051,45.466428],[-73.542084,45.46642],[-73.542117,45.466413],[-73.542149,45.466405],[-73.542506,45.467102],[-73.542433,45.467121],[-73.54227,45.466803],[-73.541732,45.466939],[-73.541556,45.467202],[-73.541069,45.467325],[-73.540775,45.466751],[-73.541889,45.466468],[-73.541921,45.46646]]]]},"properties":{"id":"precisely-site-841075d5eb","src":"precisely","grp":"verify","op":"","ref":"C000PS1AAXCN","locality":"Canada","acres":"1.62","for_site":"site-841075d5eb"}},{"type":"Feature","geometry":{"type":"MultiPolygon","coordinates":[[[[-63.626466,44.657467],[-63.626191,44.658007],[-63.626074,44.658024],[-63.625935,44.657542],[-63.625876,44.65734],[-63.625814,44.657177],[-63.625656,44.656961],[-63.625329,44.655883],[-63.62529,44.65589],[-63.625264,44.655814],[-63.625284,44.655811],[-63.625217,44.65561],[-63.625046,44.655048],[-63.625008,44.654917],[-63.624897,44.654634],[-63.624874,44.654615],[-63.624778,44.65435],[-63.624739,44.654216],[-63.624961,44.654183],[-63.625149,44.654155],[-63.625337,44.654128],[-63.625257,44.653853],[-63.625255,44.653845],[-63.625252,44.653838],[-63.625249,44.653831],[-63.625244,44.653824],[-63.62524,44.653817],[-63.625235,44.653811],[-63.62523,44.653803],[-63.625224,44.653797],[-63.625217,44.653792],[-63.62521,44.653786],[-63.625203,44.65378],[-63.625195,44.653775],[-63.625187,44.65377],[-63.625179,44.653765],[-63.62517,44.653761],[-63.625161,44.653757],[-63.625152,44.653753],[-63.625142,44.65375],[-63.625132,44.653747],[-63.625123,44.653744],[-63.625112,44.653742],[-63.625102,44.65374],[-63.625443,44.653781],[-63.625473,44.653785],[-63.625898,44.655249],[-63.627102,44.655072],[-63.62718,44.65499],[-63.627114,44.654762],[-63.627205,44.654614],[-63.626954,44.653749],[-63.62795,44.653653],[-63.627983,44.653676],[-63.627464,44.656549],[-63.627463,44.656553],[-63.627463,44.656556],[-63.627463,44.65656],[-63.627463,44.656563],[-63.627464,44.656566],[-63.627465,44.656569],[-63.627466,44.656573],[-63.627467,44.656576],[-63.627468,44.65658],[-63.62747,44.656583],[-63.627472,44.656586],[-63.627474,44.656589],[-63.627476,44.656592],[-63.627479,44.656595],[-63.627481,44.656598],[-63.627484,44.6566],[-63.627487,44.656603],[-63.627491,44.656606],[-63.627494,44.656608],[-63.627498,44.65661],[-63.627501,44.656613],[-63.627505,44.656615],[-63.627509,44.656617],[-63.627513,44.656618],[-63.627518,44.65662],[-63.627522,44.656621],[-63.627527,44.656623],[-63.627531,44.656623],[-63.627536,44.656625],[-63.62754,44.656625],[-63.627545,44.656626],[-63.62755,44.656626],[-63.627555,44.656626],[-63.62756,44.656626],[-63.627564,44.656626],[-63.627569,44.656626],[-63.626909,44.656724],[-63.626466,44.657467]]]]},"properties":{"id":"precisely-site-8442a81ebc","src":"precisely","grp":"verify","op":"","ref":"C000PS15JZ0K","locality":"Canada","acres":"13.87","for_site":"site-8442a81ebc"}},{"type":"Feature","geometry":{"type":"MultiPolygon","coordinates":[[[[-89.392563,43.068133],[-89.392454,43.06821],[-89.391854,43.067759],[-89.392178,43.06753],[-89.392203,43.067511],[-89.392631,43.067837],[-89.392462,43.067957],[-89.392631,43.068085],[-89.392563,43.068133]]]]},"properties":{"id":"precisely-site-84b143eb8a","src":"precisely","grp":"new","op":"","ref":"070923406148","locality":"55025","acres":"0.59","for_site":"site-84b143eb8a"}},{"type":"Feature","geometry":{"type":"MultiPolygon","coordinates":[[[[-73.594661,40.736515],[-73.594722,40.73667],[-73.593718,40.736581],[-73.593653,40.736411],[-73.593459,40.735913],[-73.594637,40.735654],[-73.59494,40.736455],[-73.594661,40.736515]]]]},"properties":{"id":"precisely-site-8540c17caf","src":"precisely","grp":"verify","op":"CPIAHP 1101 STEWART MOB OWNER, LLC","ref":"44 74 30","locality":"36059","acres":"2.39","for_site":"site-8540c17caf"}},{"type":"Feature","geometry":{"type":"MultiPolygon","coordinates":[[[[138.592522,-34.927029],[138.592524,-34.927054],[138.592527,-34.9271],[138.592531,-34.927149],[138.592533,-34.927176],[138.592534,-34.927199],[138.592494,-34.927201],[138.592508,-34.927403],[138.592441,-34.927406],[138.592432,-34.927287],[138.592382,-34.92729],[138.592378,-34.92729],[138.592376,-34.927264],[138.592358,-34.927265],[138.592357,-34.927254],[138.592341,-34.927043],[138.592336,-34.927043],[138.592331,-34.926985],[138.592332,-34.926985],[138.592329,-34.926945],[138.592298,-34.926947],[138.59212,-34.926955],[138.592122,-34.926976],[138.592123,-34.927002],[138.592032,-34.927007],[138.592044,-34.927177],[138.592044,-34.927177],[138.592048,-34.927237],[138.592051,-34.92728],[138.592001,-34.927282],[138.591998,-34.927251],[138.591994,-34.927194],[138.59199,-34.927137],[138.591986,-34.927078],[138.5919,-34.927083],[138.591897,-34.927083],[138.591895,-34.927067],[138.591892,-34.927027],[138.59189,-34.927],[138.591888,-34.926964],[138.59188,-34.926965],[138.591879,-34.92696],[138.591874,-34.926891],[138.591871,-34.926854],[138.592164,-34.926836],[138.592165,-34.926836],[138.592197,-34.926834],[138.592466,-34.926819],[138.592506,-34.926817],[138.592506,-34.926827],[138.592507,-34.926841],[138.592522,-34.927029],[138.592522,-34.927029]],[[138.591959,-34.926913],[138.592021,-34.92691],[138.592017,-34.926849],[138.591938,-34.926853],[138.591942,-34.926914],[138.591959,-34.926913]],[[138.591954,-34.926981],[138.591952,-34.926955],[138.5919,-34.926958],[138.591902,-34.926983],[138.591954,-34.926981]],[[138.591995,-34.927062],[138.591993,-34.927022],[138.591961,-34.927023],[138.591959,-34.926996],[138.591955,-34.926997],[138.591903,-34.926999],[138.591905,-34.927026],[138.591901,-34.927026],[138.591904,-34.927067],[138.591995,-34.927062]],[[138.592428,-34.927203],[138.592429,-34.927203],[138.592427,-34.927178],[138.592425,-34.927154],[138.592423,-34.92713],[138.592422,-34.927105],[138.59242,-34.927081],[138.592418,-34.927057],[138.59236,-34.92706],[138.592361,-34.927084],[138.592363,-34.927108],[138.592365,-34.927132],[138.592367,-34.927157],[138.592368,-34.927181],[138.59237,-34.927206],[138.592428,-34.927203]]],[[[138.591912,-34.927399],[138.591908,-34.927347],[138.59195,-34.927345],[138.59195,-34.92735],[138.591954,-34.927397],[138.591912,-34.927399]]],[[[138.591916,-34.927312],[138.591928,-34.927311],[138.591929,-34.927324],[138.591929,-34.927324],[138.591929,-34.927325],[138.591907,-34.927327],[138.591906,-34.927313],[138.591898,-34.927209],[138.591896,-34.927184],[138.591904,-34.927184],[138.591905,-34.927198],[138.591909,-34.927255],[138.591914,-34.927312],[138.591916,-34.927312]]]]},"properties":{"id":"precisely-site-86754317e8","src":"precisely","grp":"verify","op":"","ref":"C41631FCCP","locality":"ADELAIDE, SA","acres":"0.39","for_site":"site-86754317e8"}},{"type":"Feature","geometry":{"type":"MultiPolygon","coordinates":[[[[138.608704,-34.968607],[138.608307,-34.968631],[138.608067,-34.968646],[138.608056,-34.968493],[138.608049,-34.968408],[138.608686,-34.968374],[138.608704,-34.968607]]]]},"properties":{"id":"precisely-site-879cb3d526","src":"precisely","grp":"verify","op":"","ref":"F14098AL265","locality":"HAWTHORN, SA","acres":"0.38","for_site":"site-879cb3d526"}},{"type":"Feature","geometry":{"type":"MultiPolygon","coordinates":[[[[-123.011752,49.260604],[-123.011566,49.260729],[-123.010634,49.260719],[-123.01031,49.26072],[-123.01012,49.26072],[-123.0101,49.260707],[-123.010038,49.260674],[-123.009974,49.260644],[-123.009906,49.260616],[-123.009737,49.260553],[-123.011082,49.259864],[-123.011757,49.260428],[-123.011752,49.260604]]]]},"properties":{"id":"precisely-site-87a72535c4","src":"precisely","grp":"verify","op":"","ref":"C000PS16EEND","locality":"Canada","acres":"2.07","for_site":"site-87a72535c4"}},{"type":"Feature","geometry":{"type":"MultiPolygon","coordinates":[[[[-98.587715,37.278394],[-98.588604,37.278395],[-98.588605,37.278642],[-98.587831,37.278659],[-98.587832,37.278944],[-98.587647,37.278944],[-98.587646,37.278119],[-98.587715,37.278119],[-98.587715,37.278394]]]]},"properties":{"id":"precisely-site-8923400c87","src":"precisely","grp":"verify","op":"","ref":"0041411101006017020","locality":"20007","acres":"0.77","for_site":"site-8923400c87"}},{"type":"Feature","geometry":{"type":"MultiPolygon","coordinates":[[[[145.132187,-37.920808],[145.132106,-37.921209],[145.132073,-37.921371],[145.131505,-37.921299],[145.131508,-37.921275],[145.131522,-37.921204],[145.131531,-37.921158],[145.131545,-37.92109],[145.131567,-37.920977],[145.131604,-37.920792],[145.131634,-37.920643],[145.131664,-37.920494],[145.131694,-37.920345],[145.131725,-37.920211],[145.132293,-37.920283],[145.132187,-37.920808]]]]},"properties":{"id":"precisely-site-89623f5562","src":"precisely","grp":"verify","op":"","ref":"1\\TP214008","locality":"CLAYTON, VIC","acres":"1.54","for_site":"site-89623f5562"}},{"type":"Feature","geometry":{"type":"MultiPolygon","coordinates":[[[[147.349126,-35.126023],[147.348129,-35.125882],[147.348082,-35.126104],[147.348045,-35.126282],[147.34804,-35.126306],[147.348048,-35.126334],[147.349036,-35.126475],[147.349126,-35.126023]]]]},"properties":{"id":"precisely-site-898b73d86f","src":"precisely","grp":"verify","op":"","ref":"1/1267112","locality":"TURVEY PARK, NSW","acres":"1.16","for_site":"site-898b73d86f"}},{"type":"Feature","geometry":{"type":"MultiPolygon","coordinates":[[[[-77.535712,39.042976],[-77.536339,39.042574],[-77.536494,39.042331],[-77.536766,39.041757],[-77.53691,39.04105],[-77.536858,39.040729],[-77.536648,39.040254],[-77.536289,39.039659],[-77.536212,39.039578],[-77.536497,39.039548],[-77.536658,39.039534],[-77.53682,39.039528],[-77.536981,39.039528],[-77.537143,39.039536],[-77.537303,39.03955],[-77.537463,39.039571],[-77.537621,39.039599],[-77.537776,39.039633],[-77.537929,39.039675],[-77.538079,39.039722],[-77.538225,39.039776],[-77.538367,39.039836],[-77.538504,39.039903],[-77.538637,39.039975],[-77.538765,39.040052],[-77.538887,39.040135],[-77.539077,39.040499],[-77.539498,39.040894],[-77.539849,39.041118],[-77.539928,39.041207],[-77.540196,39.041563],[-77.540684,39.042112],[-77.540745,39.042123],[-77.542877,39.044512],[-77.542946,39.04459],[-77.541824,39.044936],[-77.541642,39.045017],[-77.541062,39.045221],[-77.540756,39.045295],[-77.540343,39.045467],[-77.53968,39.045566],[-77.539452,39.045623],[-77.538876,39.045897],[-77.538754,39.046089],[-77.538227,39.047715],[-77.538038,39.047683],[-77.537851,39.047646],[-77.537666,39.047602],[-77.537483,39.047552],[-77.537303,39.047497],[-77.537126,39.047435],[-77.536953,39.047368],[-77.536784,39.047295],[-77.536618,39.047217],[-77.536457,39.047133],[-77.536301,39.047045],[-77.53615,39.046951],[-77.536003,39.046851],[-77.531945,39.043992],[-77.532194,39.043532],[-77.532705,39.043184],[-77.533422,39.043051],[-77.534462,39.042913],[-77.535087,39.042959],[-77.535712,39.042976]]]]},"properties":{"id":"precisely-site-8a2c5be43a","src":"precisely","grp":"verify","op":"COMPASS DATACENTERS IAD IB LLC","ref":"194103673001","locality":"51107","acres":"97.19","for_site":"site-8a2c5be43a"}},{"type":"Feature","geometry":{"type":"MultiPolygon","coordinates":[[[[-83.070047,42.325493],[-83.070171,42.325551],[-83.070675,42.326443],[-83.069513,42.3268],[-83.069013,42.325914],[-83.070047,42.325493]]]]},"properties":{"id":"precisely-site-8a5fe87bfb","src":"precisely","grp":"verify","op":"","ref":"08008283-303","locality":"26163","acres":"2.87","for_site":"site-8a5fe87bfb"}},{"type":"Feature","geometry":{"type":"MultiPolygon","coordinates":[[[[-84.41663,39.290814],[-84.416603,39.290894],[-84.416602,39.290895],[-84.416602,39.290897],[-84.416569,39.290989],[-84.416095,39.292319],[-84.415656,39.293553],[-84.415646,39.293581],[-84.414303,39.293292],[-84.414084,39.293885],[-84.414079,39.293897],[-84.414078,39.2939],[-84.413913,39.294379],[-84.413859,39.294525],[-84.4138,39.294684],[-84.413026,39.29452],[-84.412543,39.294421],[-84.412175,39.294338],[-84.41182,39.294268],[-84.411292,39.294153],[-84.410857,39.294059],[-84.410482,39.293979],[-84.410303,39.293941],[-84.410415,39.293611],[-84.410814,39.292468],[-84.41094,39.292108],[-84.411409,39.290772],[-84.411442,39.290679],[-84.411442,39.290677],[-84.411467,39.290606],[-84.412129,39.290633],[-84.415438,39.290767],[-84.41663,39.290814]]]]},"properties":{"id":"precisely-site-8abda5886f","src":"precisely","grp":"verify","op":"","ref":"06080025004490","locality":"39061","acres":"41.56","for_site":"site-8abda5886f"}},{"type":"Feature","geometry":{"type":"MultiPolygon","coordinates":[[[[114.60976,-28.774016],[114.60992,-28.773821],[114.610315,-28.774073],[114.610166,-28.774254],[114.609846,-28.774059],[114.60984,-28.774067],[114.60976,-28.774016]]]]},"properties":{"id":"precisely-site-8aeaface54","src":"precisely","grp":"verify","op":"","ref":"1630/981","locality":"GERALDTON, WA","acres":"0.3","for_site":"site-8aeaface54"}},{"type":"Feature","geometry":{"type":"MultiPolygon","coordinates":[[[[145.164522,-37.857744],[145.164584,-37.857341],[145.164567,-37.857241],[145.164651,-37.856777],[145.164948,-37.856811],[145.164954,-37.856851],[145.164963,-37.85689],[145.164977,-37.856929],[145.164996,-37.856966],[145.165018,-37.857001],[145.165045,-37.857035],[145.165075,-37.857067],[145.165108,-37.857097],[145.165145,-37.857124],[145.165185,-37.857148],[145.165228,-37.85717],[145.165272,-37.857188],[145.165319,-37.857203],[145.165367,-37.857215],[145.165416,-37.857223],[145.165466,-37.857228],[145.165517,-37.857229],[145.165543,-37.857228],[145.165706,-37.857218],[145.165739,-37.857218],[145.165771,-37.857222],[145.165802,-37.857229],[145.165832,-37.857239],[145.165845,-37.857245],[145.165872,-37.857256],[145.1659,-37.857264],[145.165929,-37.857268],[145.165936,-37.857268],[145.165835,-37.857821],[145.165457,-37.857799],[145.164522,-37.857744]]]]},"properties":{"id":"precisely-site-8bd8a7977d","src":"precisely","grp":"verify","op":"","ref":"3\\LP204491","locality":"BURWOOD EAST, VIC","acres":"2.27","for_site":"site-8bd8a7977d"}},{"type":"Feature","geometry":{"type":"MultiPolygon","coordinates":[[[[-83.377122,36.327982],[-83.377101,36.328001],[-83.377079,36.32802],[-83.377068,36.328029],[-83.377046,36.328048],[-83.377025,36.328067],[-83.377003,36.328086],[-83.376981,36.328104],[-83.37697,36.328114],[-83.376948,36.328132],[-83.376925,36.328151],[-83.376914,36.32816],[-83.376892,36.328179],[-83.376881,36.328188],[-83.376859,36.328207],[-83.376836,36.328225],[-83.376814,36.328244],[-83.376791,36.328262],[-83.37678,36.328271],[-83.376757,36.328289],[-83.376746,36.328298],[-83.376728,36.328312],[-83.376306,36.327758],[-83.377231,36.327884],[-83.377154,36.327952],[-83.377133,36.327972],[-83.377122,36.327982]]]]},"properties":{"id":"precisely-site-8c3e261116","src":"precisely","grp":"verify","op":"CITIZENS TELECOMM CO","ref":"032    06001","locality":"47057","acres":"0.57","for_site":"site-8c3e261116"}},{"type":"Feature","geometry":{"type":"MultiPolygon","coordinates":[[[[-79.606404,43.640379],[-79.606355,43.640397],[-79.606355,43.640398],[-79.606308,43.640417],[-79.606262,43.640438],[-79.606216,43.64046],[-79.606172,43.640484],[-79.60613,43.640508],[-79.606129,43.640508],[-79.606111,43.64052],[-79.606088,43.640534],[-79.606088,43.640535],[-79.606084,43.640536],[-79.606056,43.640555],[-79.606044,43.640545],[-79.60596,43.64048],[-79.606002,43.640442],[-79.606471,43.64001],[-79.60521,43.639288],[-79.605152,43.639137],[-79.605108,43.639021],[-79.605108,43.63902],[-79.60509,43.638974],[-79.606821,43.637604],[-79.606904,43.637538],[-79.60696,43.637493],[-79.606992,43.637529],[-79.606992,43.63753],[-79.60707,43.63762],[-79.607107,43.637663],[-79.607167,43.637733],[-79.607217,43.637784],[-79.607275,43.637833],[-79.607339,43.637877],[-79.60741,43.637915],[-79.607485,43.637948],[-79.607564,43.637975],[-79.607647,43.637997],[-79.607733,43.638011],[-79.60782,43.638019],[-79.607908,43.638021],[-79.607996,43.638015],[-79.608082,43.638004],[-79.608167,43.637986],[-79.608248,43.637961],[-79.608307,43.637939],[-79.610321,43.63914],[-79.610278,43.639172],[-79.609774,43.639543],[-79.609754,43.639557],[-79.609753,43.639558],[-79.609697,43.639598],[-79.60964,43.639636],[-79.609582,43.639672],[-79.609581,43.639672],[-79.609522,43.639709],[-79.609461,43.639744],[-79.609399,43.639777],[-79.609336,43.63981],[-79.609335,43.63981],[-79.609334,43.63981],[-79.609271,43.639841],[-79.609206,43.639871],[-79.609139,43.6399],[-79.609072,43.639928],[-79.609003,43.639954],[-79.608934,43.639979],[-79.608907,43.639989],[-79.608906,43.639989],[-79.608836,43.640012],[-79.608764,43.640034],[-79.608693,43.640055],[-79.608692,43.640055],[-79.608619,43.640074],[-79.608546,43.640092],[-79.608472,43.640109],[-79.608397,43.640124],[-79.608396,43.640124],[-79.608322,43.640138],[-79.608247,43.640151],[-79.608246,43.640151],[-79.60817,43.640162],[-79.608094,43.640171],[-79.608017,43.640179],[-79.60794,43.640186],[-79.606925,43.640266],[-79.606871,43.640271],[-79.606817,43.640278],[-79.606764,43.640285],[-79.606763,43.640285],[-79.60671,43.640294],[-79.606658,43.640305],[-79.606657,43.640305],[-79.606605,43.640317],[-79.606554,43.640331],[-79.606503,43.640345],[-79.606502,43.640345],[-79.606453,43.640361],[-79.606404,43.640379]]]]},"properties":{"id":"precisely-site-8c415e04c7","src":"precisely","grp":"verify","op":"","ref":"C000PS17SLHS","locality":"Canada","acres":"18.96","for_site":"site-8c415e04c7"}},{"type":"Feature","geometry":{"type":"MultiPolygon","coordinates":[[[[115.923446,-31.954274],[115.923851,-31.953927],[115.923992,-31.954046],[115.923586,-31.954394],[115.923446,-31.954274]]]]},"properties":{"id":"precisely-site-8c87644c0d","src":"precisely","grp":"verify","op":"","ref":"1553/195","locality":"BELMONT, WA","acres":"0.25","for_site":"site-8c87644c0d"}},{"type":"Feature","geometry":{"type":"MultiPolygon","coordinates":[[[[-106.652811,35.088898],[-106.652728,35.088888],[-106.652649,35.088877],[-106.652561,35.088867],[-106.652474,35.088856],[-106.652388,35.088846],[-106.652309,35.088836],[-106.652229,35.088826],[-106.652156,35.088817],[-106.652216,35.088432],[-106.652306,35.088443],[-106.652385,35.088452],[-106.652463,35.088462],[-106.65255,35.088473],[-106.652636,35.088483],[-106.652724,35.088494],[-106.652805,35.088504],[-106.652885,35.088514],[-106.652973,35.088525],[-106.653057,35.088535],[-106.653133,35.088544],[-106.65321,35.088554],[-106.653138,35.088939],[-106.653058,35.088929],[-106.652983,35.088919],[-106.6529,35.088909],[-106.652811,35.088898]]]]},"properties":{"id":"precisely-site-8c9970f641","src":"precisely","grp":"verify","op":"","ref":"101405813804331402","locality":"35001","acres":"0.97","for_site":"site-8c9970f641"}},{"type":"Feature","geometry":{"type":"MultiPolygon","coordinates":[[[[151.05696,-33.833156],[151.05704,-33.833176],[151.057259,-33.83323],[151.057425,-33.833272],[151.057426,-33.833272],[151.057441,-33.833271],[151.057457,-33.833269],[151.057472,-33.833267],[151.057488,-33.833264],[151.057503,-33.83326],[151.057518,-33.833256],[151.057534,-33.833251],[151.057549,-33.833245],[151.057563,-33.833239],[151.057577,-33.833232],[151.057591,-33.833225],[151.057604,-33.833217],[151.057617,-33.833209],[151.057629,-33.833201],[151.057641,-33.833192],[151.057652,-33.833182],[151.057663,-33.833172],[151.057673,-33.833161],[151.057683,-33.83315],[151.057693,-33.833139],[151.057695,-33.833135],[151.057711,-33.833109],[151.057725,-33.833082],[151.057737,-33.833054],[151.057952,-33.83245],[151.057953,-33.832448],[151.057954,-33.832445],[151.057954,-33.832443],[151.057954,-33.83244],[151.057955,-33.832437],[151.057955,-33.832435],[151.057954,-33.832432],[151.057954,-33.83243],[151.057954,-33.832427],[151.057953,-33.832425],[151.057952,-33.832422],[151.057951,-33.83242],[151.05795,-33.832417],[151.057949,-33.832415],[151.057947,-33.832413],[151.057946,-33.83241],[151.057944,-33.832408],[151.057942,-33.832406],[151.05794,-33.832404],[151.057938,-33.832402],[151.057936,-33.8324],[151.057934,-33.832399],[151.057931,-33.832397],[151.057929,-33.832395],[151.057926,-33.832394],[151.057923,-33.832393],[151.057921,-33.832391],[151.057918,-33.83239],[151.057915,-33.83239],[151.057912,-33.832389],[151.057284,-33.832235],[151.05696,-33.833156]]]]},"properties":{"id":"precisely-site-8ce6251330","src":"precisely","grp":"verify","op":"","ref":"20/1024881","locality":"NEWINGTON, NSW","acres":"1.69","for_site":"site-8ce6251330"}},{"type":"Feature","geometry":{"type":"MultiPolygon","coordinates":[[[[-114.125086,51.08128],[-114.124954,51.081243],[-114.124826,51.0812],[-114.124703,51.081152],[-114.124585,51.081099],[-114.124474,51.081041],[-114.12437,51.080977],[-114.124272,51.08091],[-114.124183,51.080839],[-114.124102,51.080763],[-114.124029,51.080685],[-114.123597,51.080175],[-114.123629,51.080166],[-114.123854,51.080096],[-114.123611,51.079787],[-114.123253,51.079898],[-114.122672,51.079159],[-114.122573,51.07908],[-114.122057,51.078489],[-114.121985,51.078402],[-114.120947,51.077082],[-114.120823,51.07693],[-114.12069,51.076781],[-114.120549,51.076635],[-114.120401,51.076493],[-114.120327,51.07642],[-114.120109,51.076187],[-114.120072,51.07615],[-114.120111,51.076137],[-114.120772,51.075931],[-114.121016,51.075567],[-114.121125,51.075402],[-114.121384,51.075402],[-114.121947,51.075393],[-114.12195,51.076568],[-114.123766,51.076566],[-114.123763,51.075435],[-114.123763,51.075421],[-114.125578,51.075418],[-114.125578,51.075255],[-114.125577,51.075165],[-114.125577,51.075161],[-114.125694,51.075137],[-114.125809,51.075111],[-114.127002,51.074836],[-114.12702,51.074867],[-114.127632,51.074726],[-114.127827,51.074684],[-114.128024,51.074648],[-114.128224,51.074617],[-114.128426,51.074591],[-114.128629,51.074571],[-114.128833,51.074557],[-114.129038,51.074548],[-114.129244,51.074544],[-114.129544,51.074544],[-114.130636,51.074544],[-114.130636,51.07451],[-114.132015,51.074509],[-114.132016,51.074604],[-114.131534,51.074908],[-114.131915,51.075147],[-114.132045,51.075065],[-114.133225,51.076396],[-114.136107,51.075354],[-114.138568,51.075351],[-114.138565,51.074502],[-114.14076,51.074499],[-114.141042,51.074499],[-114.141043,51.074549],[-114.141045,51.077654],[-114.141046,51.078214],[-114.141044,51.078225],[-114.141039,51.078236],[-114.141031,51.078247],[-114.141021,51.078256],[-114.141008,51.078265],[-114.140992,51.078272],[-114.140975,51.078277],[-114.140957,51.07828],[-114.140939,51.078281],[-114.140939,51.078534],[-114.140956,51.078534],[-114.140972,51.078537],[-114.140988,51.07854],[-114.141002,51.078546],[-114.141015,51.078553],[-114.141026,51.078561],[-114.141034,51.07857],[-114.141041,51.07858],[-114.141045,51.07859],[-114.141046,51.078601],[-114.141046,51.078898],[-114.141047,51.079783],[-114.140355,51.079783],[-114.140353,51.081253],[-114.140353,51.081287],[-114.140353,51.081347],[-114.139243,51.081349],[-114.13917,51.081349],[-114.138891,51.081349],[-114.138585,51.081332],[-114.137132,51.081334],[-114.136328,51.081335],[-114.136247,51.081335],[-114.135482,51.081353],[-114.130371,51.081358],[-114.130121,51.081362],[-114.129871,51.08137],[-114.129622,51.081385],[-114.129397,51.081404],[-114.129173,51.081429],[-114.128951,51.08146],[-114.128732,51.081497],[-114.127086,51.0815],[-114.126381,51.081501],[-114.126308,51.081484],[-114.126233,51.08147],[-114.125362,51.081335],[-114.125222,51.081311],[-114.125086,51.08128]]]]},"properties":{"id":"precisely-site-8d225806dd","src":"precisely","grp":"verify","op":"","ref":"C000PS14SAQ3","locality":"Canada","acres":"220.71","for_site":"site-8d225806dd"}},{"type":"Feature","geometry":{"type":"MultiPolygon","coordinates":[[[[151.192558,-33.919319],[151.193157,-33.918356],[151.193458,-33.917878],[151.19367,-33.917541],[151.19378,-33.917366],[151.193831,-33.917276],[151.193001,-33.917004],[151.193135,-33.91679],[151.193227,-33.916641],[151.193482,-33.916236],[151.193731,-33.915844],[151.194057,-33.915332],[151.194104,-33.915258],[151.194016,-33.915219],[151.192041,-33.914352],[151.191992,-33.914361],[151.190867,-33.915603],[151.190438,-33.916076],[151.190395,-33.916123],[151.189451,-33.917156],[151.189383,-33.917229],[151.188969,-33.917692],[151.188904,-33.917765],[151.190311,-33.917967],[151.190196,-33.918525],[151.190755,-33.918572],[151.190868,-33.918582],[151.191221,-33.918737],[151.19115,-33.919085],[151.19237,-33.919621],[151.192558,-33.919319]]]]},"properties":{"id":"precisely-site-8ea3bec963","src":"precisely","grp":"verify","op":"","ref":"10/1179388","locality":"ALEXANDRIA, NSW","acres":"35.58","for_site":"site-8ea3bec963"}},{"type":"Feature","geometry":{"type":"MultiPolygon","coordinates":[[[[151.132248,-33.785369],[151.131938,-33.785145],[151.13174,-33.785002],[151.13107,-33.784516],[151.130647,-33.784922],[151.13065,-33.784923],[151.130661,-33.784924],[151.130672,-33.784927],[151.130682,-33.78493],[151.130692,-33.784933],[151.130702,-33.784937],[151.130712,-33.784941],[151.130722,-33.784946],[151.130731,-33.784951],[151.13074,-33.784956],[151.130748,-33.784962],[151.130757,-33.784968],[151.130764,-33.784975],[151.130772,-33.784982],[151.130779,-33.784989],[151.130785,-33.784996],[151.130791,-33.785004],[151.130796,-33.785012],[151.130801,-33.78502],[151.130806,-33.785029],[151.13081,-33.785037],[151.130813,-33.785046],[151.130816,-33.785055],[151.130818,-33.785064],[151.13082,-33.785073],[151.130821,-33.785082],[151.130822,-33.785091],[151.130822,-33.785101],[151.130823,-33.785111],[151.130824,-33.785121],[151.130826,-33.785131],[151.130829,-33.78514],[151.130832,-33.78515],[151.130836,-33.785159],[151.130841,-33.785169],[151.130846,-33.785178],[151.130851,-33.785187],[151.130858,-33.785195],[151.130864,-33.785204],[151.130872,-33.785212],[151.130919,-33.785259],[151.130956,-33.7853],[151.130991,-33.785342],[151.131023,-33.785387],[151.131052,-33.785432],[151.131078,-33.785479],[151.131082,-33.785487],[151.131086,-33.785486],[151.131091,-33.785484],[151.131096,-33.785483],[151.131101,-33.785481],[151.131106,-33.78548],[151.131111,-33.785479],[151.131117,-33.785478],[151.131122,-33.785476],[151.131127,-33.785475],[151.131132,-33.785474],[151.131137,-33.785474],[151.131143,-33.785473],[151.131148,-33.785472],[151.131153,-33.785471],[151.131158,-33.785471],[151.131164,-33.78547],[151.131169,-33.78547],[151.131174,-33.785469],[151.13118,-33.785469],[151.131185,-33.785469],[151.13119,-33.785468],[151.131196,-33.785468],[151.131201,-33.785468],[151.131206,-33.785468],[151.131212,-33.785468],[151.131217,-33.785469],[151.131222,-33.785469],[151.131228,-33.785469],[151.131233,-33.785469],[151.131238,-33.78547],[151.131244,-33.78547],[151.131249,-33.785471],[151.131254,-33.785472],[151.131259,-33.785472],[151.131265,-33.785473],[151.13127,-33.785474],[151.131275,-33.785475],[151.13128,-33.785476],[151.131286,-33.785477],[151.131291,-33.785478],[151.131296,-33.785479],[151.131301,-33.785481],[151.131306,-33.785482],[151.131311,-33.785483],[151.131316,-33.785485],[151.131321,-33.785486],[151.131326,-33.785488],[151.131331,-33.78549],[151.131336,-33.785491],[151.131341,-33.785493],[151.131346,-33.785495],[151.131351,-33.785497],[151.131355,-33.785499],[151.13136,-33.785501],[151.131365,-33.785503],[151.13137,-33.785505],[151.131374,-33.785508],[151.131379,-33.78551],[151.131383,-33.785512],[151.131388,-33.785515],[151.131392,-33.785517],[151.131397,-33.78552],[151.131401,-33.785522],[151.131405,-33.785525],[151.131409,-33.785528],[151.131414,-33.785531],[151.131418,-33.785533],[151.131422,-33.785536],[151.131795,-33.785805],[151.132248,-33.785369]]]]},"properties":{"id":"precisely-site-8ebd786222","src":"precisely","grp":"verify","op":"","ref":"14/1148612","locality":"MACQUARIE PARK, NSW","acres":"2.39","for_site":"site-8ebd786222"}},{"type":"Feature","geometry":{"type":"MultiPolygon","coordinates":[[[[-74.048918,40.82758],[-74.050583,40.828017],[-74.049607,40.830487],[-74.047749,40.830022],[-74.048001,40.82939],[-74.048109,40.829419],[-74.048918,40.82758]]]]},"properties":{"id":"precisely-site-8ec31030de","src":"precisely","grp":"verify","op":"","ref":"0205_131.01_15","locality":"34003","acres":"11.02","for_site":"site-8ec31030de"}},{"type":"Feature","geometry":{"type":"MultiPolygon","coordinates":[[[[144.962767,-37.822734],[144.963008,-37.822521],[144.963051,-37.822551],[144.963362,-37.822287],[144.963563,-37.822484],[144.963599,-37.822556],[144.963499,-37.822731],[144.96328,-37.822911],[144.963014,-37.823206],[144.962581,-37.822898],[144.962767,-37.822734]]]]},"properties":{"id":"precisely-site-8ecae307fb","src":"precisely","grp":"new","op":"","ref":"S2\\PS840581","locality":"SOUTHBANK, VIC","acres":"1.03","for_site":"site-8ecae307fb"}},{"type":"Feature","geometry":{"type":"MultiPolygon","coordinates":[[[[-110.305284,31.973228],[-110.303199,31.973226],[-110.303201,31.972318],[-110.305285,31.972321],[-110.305284,31.973228]]]]},"properties":{"id":"precisely-site-8f74e99e7d","src":"precisely","grp":"verify","op":"LEETVAZ LLC","ref":"12316017","locality":"04003","acres":"4.9","for_site":"site-8f74e99e7d"}},{"type":"Feature","geometry":{"type":"MultiPolygon","coordinates":[[[[-63.128483,46.237033],[-63.12787,46.237425],[-63.127412,46.237078],[-63.127544,46.236993],[-63.12764,46.236932],[-63.127664,46.236916],[-63.127788,46.236836],[-63.127774,46.236826],[-63.128019,46.236673],[-63.12805,46.236698],[-63.128483,46.237033]]]]},"properties":{"id":"precisely-site-8fee7cfca5","src":"precisely","grp":"verify","op":"","ref":"C000PS16NZUW","locality":"Canada","acres":"0.84","for_site":"site-8fee7cfca5"}},{"type":"Feature","geometry":{"type":"MultiPolygon","coordinates":[[[[-90.411493,38.697547],[-90.412062,38.697934],[-90.412164,38.698138],[-90.412953,38.698089],[-90.412924,38.698971],[-90.412056,38.698977],[-90.411026,38.698954],[-90.411109,38.697553],[-90.411131,38.697546],[-90.411493,38.697547]]]]},"properties":{"id":"precisely-site-9006d42ef6","src":"precisely","grp":"new","op":"PRESTWICK MILLPARK LLC","ref":"15M410102","locality":"29189","acres":"4.92","for_site":"site-9006d42ef6"}},{"type":"Feature","geometry":{"type":"MultiPolygon","coordinates":[[[[146.955364,-36.071148],[146.955294,-36.071145],[146.954629,-36.071115],[146.954612,-36.071446],[146.955305,-36.07147],[146.955364,-36.071148]]]]},"properties":{"id":"precisely-site-905ee63fc2","src":"precisely","grp":"verify","op":"","ref":"44/1280072","locality":"EAST ALBURY, NSW","acres":"0.58","for_site":"site-905ee63fc2"}},{"type":"Feature","geometry":{"type":"MultiPolygon","coordinates":[[[[151.125636,-33.780697],[151.126874,-33.779505],[151.126871,-33.779467],[151.126562,-33.779243],[151.126391,-33.779119],[151.125112,-33.780352],[151.125281,-33.780475],[151.125465,-33.780609],[151.12559,-33.780699],[151.125636,-33.780697]]]]},"properties":{"id":"precisely-site-911a99aa08","src":"precisely","grp":"verify","op":"","ref":"3/1299972","locality":"MACQUARIE PARK, NSW","acres":"2.76","for_site":"site-911a99aa08"}},{"type":"Feature","geometry":{"type":"MultiPolygon","coordinates":[[[[-89.386814,43.073573],[-89.386479,43.07332],[-89.38666,43.073193],[-89.386837,43.073068],[-89.38701,43.072947],[-89.38719,43.07282],[-89.387524,43.073074],[-89.387704,43.073212],[-89.387351,43.073459],[-89.386994,43.07371],[-89.386814,43.073573]]]]},"properties":{"id":"precisely-site-91e0d38233","src":"precisely","grp":"verify","op":"","ref":"070923108017","locality":"55025","acres":"1.19","for_site":"site-91e0d38233"}},{"type":"Feature","geometry":{"type":"MultiPolygon","coordinates":[[[[149.179379,-35.320698],[149.180956,-35.321369],[149.18098,-35.322842],[149.180869,-35.322778],[149.180854,-35.321879],[149.180755,-35.321748],[149.179086,-35.321038],[149.179379,-35.320698]]]]},"properties":{"id":"precisely-site-9216f7c695","src":"precisely","grp":"verify","op":"","ref":"CANB/FYSH/37/35","locality":"FYSHWICK, ACT","acres":"2.28","for_site":"site-9216f7c695"}},{"type":"Feature","geometry":{"type":"MultiPolygon","coordinates":[[[[-79.66942,43.627696],[-79.669548,43.62759],[-79.66967,43.627481],[-79.670833,43.628538],[-79.670552,43.628686],[-79.670275,43.628833],[-79.669973,43.628992],[-79.669166,43.62792],[-79.669148,43.627896],[-79.669287,43.627798],[-79.66942,43.627696]]]]},"properties":{"id":"precisely-site-93992cf7b6","src":"precisely","grp":"verify","op":"","ref":"C000PS17RKAH","locality":"Canada","acres":"2.59","for_site":"site-93992cf7b6"}},{"type":"Feature","geometry":{"type":"MultiPolygon","coordinates":[[[[-71.081318,42.522357],[-71.081568,42.522243],[-71.081817,42.522127],[-71.082063,42.522008],[-71.082307,42.521887],[-71.082549,42.521763],[-71.082788,42.521637],[-71.082745,42.521598],[-71.083421,42.521094],[-71.084273,42.520297],[-71.084961,42.519577],[-71.085689,42.51861],[-71.086784,42.51907],[-71.086322,42.519689],[-71.086316,42.519878],[-71.086152,42.520106],[-71.086566,42.520391],[-71.086492,42.520462],[-71.086313,42.52063],[-71.08613,42.520795],[-71.085064,42.521714],[-71.083454,42.523115],[-71.082777,42.523521],[-71.081531,42.523424],[-71.080544,42.523941],[-71.080085,42.523769],[-71.080811,42.522577],[-71.081065,42.522468],[-71.081318,42.522357]]]]},"properties":{"id":"precisely-site-93dea1af46","src":"precisely","grp":"verify","op":"200 QUANNAPOWITT OWNER","ref":"01-36-AM1","locality":"25017","acres":"25.05","for_site":"site-93dea1af46"}},{"type":"Feature","geometry":{"type":"MultiPolygon","coordinates":[[[[-66.58912,45.975284],[-66.589145,45.97543],[-66.589163,45.975577],[-66.589176,45.975724],[-66.589206,45.976076],[-66.589177,45.976147],[-66.589042,45.976097],[-66.588839,45.97541],[-66.588745,45.975089],[-66.58909,45.975139],[-66.58912,45.975284]]],[[[-66.588179,45.976637],[-66.588264,45.976017],[-66.588267,45.976006],[-66.588273,45.975995],[-66.588281,45.975985],[-66.588291,45.975976],[-66.588304,45.975969],[-66.588318,45.975963],[-66.588333,45.975959],[-66.588349,45.975956],[-66.588366,45.975955],[-66.588382,45.975956],[-66.588398,45.97596],[-66.588413,45.975965],[-66.588634,45.976056],[-66.588995,45.976204],[-66.58941,45.976454],[-66.589424,45.976709],[-66.589425,45.976925],[-66.589438,45.978576],[-66.589422,45.978733],[-66.589342,45.978825],[-66.588674,45.978832],[-66.587332,45.978845],[-66.587228,45.978774],[-66.587223,45.978542],[-66.587057,45.977532],[-66.587053,45.977324],[-66.587265,45.976627],[-66.587389,45.976566],[-66.588179,45.976637]]]]},"properties":{"id":"precisely-site-94568cc871","src":"precisely","grp":"verify","op":"","ref":"C000PS14TCW2","locality":"Canada","acres":"12.51","for_site":"site-94568cc871"}},{"type":"Feature","geometry":{"type":"MultiPolygon","coordinates":[[[[-77.563533,39.078944],[-77.563588,39.078858],[-77.56397,39.078757],[-77.564102,39.078717],[-77.564232,39.078672],[-77.564357,39.078621],[-77.564478,39.078563],[-77.564595,39.078499],[-77.564811,39.078331],[-77.564906,39.078253],[-77.564993,39.078171],[-77.565074,39.078084],[-77.565148,39.077994],[-77.565215,39.077901],[-77.565274,39.077805],[-77.565326,39.077706],[-77.565834,39.076627],[-77.565913,39.07665],[-77.565974,39.076521],[-77.566007,39.076446],[-77.566035,39.076371],[-77.56606,39.076294],[-77.566076,39.076418],[-77.566086,39.076541],[-77.56641,39.0817],[-77.566419,39.081862],[-77.566426,39.082024],[-77.566433,39.08232],[-77.566433,39.082615],[-77.566425,39.082911],[-77.56641,39.083206],[-77.566389,39.083484],[-77.566362,39.083762],[-77.566328,39.084039],[-77.564546,39.084025],[-77.564566,39.084073],[-77.564584,39.084112],[-77.564496,39.084135],[-77.56448,39.084096],[-77.564311,39.083713],[-77.564306,39.083704],[-77.564299,39.083696],[-77.564291,39.083688],[-77.564281,39.083681],[-77.56427,39.083676],[-77.564258,39.083672],[-77.563789,39.083546],[-77.563809,39.083509],[-77.563762,39.083496],[-77.563851,39.083295],[-77.564022,39.082909],[-77.564088,39.082749],[-77.564147,39.082587],[-77.564197,39.082424],[-77.564306,39.082151],[-77.564331,39.082004],[-77.564351,39.081855],[-77.564363,39.081708],[-77.56437,39.081559],[-77.56437,39.0814],[-77.564362,39.081241],[-77.564347,39.081081],[-77.564324,39.080923],[-77.564294,39.080765],[-77.564257,39.080609],[-77.564212,39.080453],[-77.564161,39.080299],[-77.564102,39.080146],[-77.564061,39.080156],[-77.564031,39.080085],[-77.563533,39.078944]]]]},"properties":{"id":"precisely-site-94616dd6ce","src":"precisely","grp":"verify","op":"SI NVA06A LLC","ref":"234371847001","locality":"51107","acres":"33.18","for_site":"site-94616dd6ce"}},{"type":"Feature","geometry":{"type":"MultiPolygon","coordinates":[[[[-70.946889,43.142349],[-70.9473,43.142154],[-70.948277,43.141796],[-70.949138,43.14142],[-70.949733,43.141184],[-70.949821,43.141329],[-70.949935,43.141301],[-70.950411,43.141732],[-70.95125,43.14133],[-70.954326,43.143488],[-70.954504,43.144149],[-70.952761,43.144105],[-70.948719,43.142905],[-70.946889,43.142349]]]]},"properties":{"id":"precisely-site-9599644981","src":"precisely","grp":"verify","op":"US DEPARTMENT AGRICULTURE","ref":"013-003-001UNH","locality":"33017","acres":"24.11","for_site":"site-9599644981"}},{"type":"Feature","geometry":{"type":"MultiPolygon","coordinates":[[[[-80.229616,25.797481],[-80.229616,25.797471],[-80.229618,25.797461],[-80.229621,25.797451],[-80.229627,25.797443],[-80.229633,25.797434],[-80.229641,25.797427],[-80.229649,25.797421],[-80.229659,25.797416],[-80.229669,25.797413],[-80.229679,25.79741],[-80.229689,25.79741],[-80.23057,25.79739],[-80.23058,25.797642],[-80.229623,25.797667],[-80.229616,25.797481]]]]},"properties":{"id":"precisely-site-9624de1a57","src":"precisely","grp":"verify","op":"","ref":"0131271100010","locality":"12086","acres":"0.66","for_site":"site-9624de1a57"}},{"type":"Feature","geometry":{"type":"MultiPolygon","coordinates":[[[[-119.536464,39.569255],[-119.536572,39.569198],[-119.536674,39.569135],[-119.53677,39.569066],[-119.536859,39.568993],[-119.536942,39.568914],[-119.537018,39.568832],[-119.537086,39.568746],[-119.537146,39.568656],[-119.5372,39.568576],[-119.53726,39.568499],[-119.537327,39.568426],[-119.537401,39.568357],[-119.537481,39.568291],[-119.537567,39.56823],[-119.537657,39.568174],[-119.537753,39.568123],[-119.540739,39.566644],[-119.540813,39.566607],[-119.541467,39.566284],[-119.54155,39.566238],[-119.541628,39.566187],[-119.5417,39.566131],[-119.541766,39.56607],[-119.541824,39.566005],[-119.541875,39.565938],[-119.541918,39.565866],[-119.541953,39.565791],[-119.541979,39.565715],[-119.541997,39.565638],[-119.542005,39.56556],[-119.542005,39.565481],[-119.541996,39.565403],[-119.541979,39.565326],[-119.541953,39.56525],[-119.541919,39.565177],[-119.541876,39.565106],[-119.541826,39.565037],[-119.541819,39.565029],[-119.541769,39.564974],[-119.541718,39.564916],[-119.541674,39.564854],[-119.541638,39.564791],[-119.54161,39.564724],[-119.54159,39.564656],[-119.541578,39.564586],[-119.541575,39.564516],[-119.541581,39.564446],[-119.541595,39.564377],[-119.541617,39.564308],[-119.541648,39.564243],[-119.541686,39.56418],[-119.541732,39.564119],[-119.541786,39.564063],[-119.541846,39.56401],[-119.541912,39.563962],[-119.541983,39.563919],[-119.54206,39.563882],[-119.542141,39.56385],[-119.542225,39.563824],[-119.542421,39.563775],[-119.542618,39.563729],[-119.542816,39.563685],[-119.543664,39.563507],[-119.544892,39.56325],[-119.545348,39.56315],[-119.545802,39.563045],[-119.546253,39.562932],[-119.546702,39.562813],[-119.547147,39.562688],[-119.54759,39.562556],[-119.548029,39.562418],[-119.548465,39.562274],[-119.548897,39.562124],[-119.549326,39.561967],[-119.54975,39.561804],[-119.550171,39.561635],[-119.550588,39.56146],[-119.55063,39.561442],[-119.550853,39.565216],[-119.550605,39.56847],[-119.550517,39.569624],[-119.550428,39.569656],[-119.54172,39.572801],[-119.533868,39.575636],[-119.531432,39.576515],[-119.531009,39.576668],[-119.529687,39.577145],[-119.527382,39.573768],[-119.531235,39.571854],[-119.531244,39.57185],[-119.536464,39.569255]],[[-119.543129,39.565276],[-119.542923,39.565381],[-119.542901,39.565392],[-119.543043,39.56556],[-119.543096,39.565621],[-119.543392,39.56547],[-119.543226,39.565276],[-119.543197,39.565241],[-119.543129,39.565276]]]]},"properties":{"id":"precisely-site-973d51bcd8","src":"precisely","grp":"verify","op":"","ref":"8411029","locality":"32031","acres":"345.09","for_site":"site-973d51bcd8"}},{"type":"Feature","geometry":{"type":"MultiPolygon","coordinates":[[[[-114.079948,51.047089],[-114.080056,51.047092],[-114.080165,51.047095],[-114.080273,51.047098],[-114.080382,51.047101],[-114.080358,51.047439],[-114.08025,51.047436],[-114.080141,51.047433],[-114.080032,51.04743],[-114.079924,51.047427],[-114.079815,51.047424],[-114.079707,51.04742],[-114.07973,51.047083],[-114.079839,51.047086],[-114.079948,51.047089]]]]},"properties":{"id":"precisely-site-979ca09c7c","src":"precisely","grp":"verify","op":"","ref":"C000PS14J6OK","locality":"Canada","acres":"0.43","for_site":"site-979ca09c7c"}},{"type":"Feature","geometry":{"type":"MultiPolygon","coordinates":[[[[144.944309,-37.800998],[144.944302,-37.80104],[144.944301,-37.801043],[144.944133,-37.801024],[144.944011,-37.801039],[144.943658,-37.801085],[144.943091,-37.801163],[144.942794,-37.801204],[144.942311,-37.801271],[144.942287,-37.801274],[144.942267,-37.801385],[144.942201,-37.801377],[144.941888,-37.801341],[144.941654,-37.80137],[144.941704,-37.801089],[144.941708,-37.801067],[144.941944,-37.801038],[144.94234,-37.800988],[144.942345,-37.800962],[144.942456,-37.800975],[144.942904,-37.800921],[144.942904,-37.800921],[144.943196,-37.800886],[144.943198,-37.800886],[144.943705,-37.800824],[144.943706,-37.800823],[144.944059,-37.800776],[144.94406,-37.800766],[144.944063,-37.800753],[144.944158,-37.800764],[144.944398,-37.800732],[144.944472,-37.800723],[144.944534,-37.800715],[144.944537,-37.800701],[144.944544,-37.800656],[144.944771,-37.800681],[144.94477,-37.800684],[144.945005,-37.800654],[144.94502,-37.800571],[144.945193,-37.80059],[144.945187,-37.80063],[144.945215,-37.800626],[144.94523,-37.800624],[144.945236,-37.800594],[144.945351,-37.800607],[144.946071,-37.800517],[144.946041,-37.800682],[144.946024,-37.800777],[144.94567,-37.800822],[144.945273,-37.800874],[144.944959,-37.800914],[144.944724,-37.800945],[144.944428,-37.800983],[144.944309,-37.800998]]]]},"properties":{"id":"precisely-site-97febd402b","src":"precisely","grp":"verify","op":"","ref":"2244\\PP2796F","locality":"NORTH MELBOURNE, VIC","acres":"2.9","for_site":"site-97febd402b"}},{"type":"Feature","geometry":{"type":"MultiPolygon","coordinates":[[[[143.863004,-37.564447],[143.86299,-37.56452],[143.862957,-37.564698],[143.862759,-37.564675],[143.862847,-37.564203],[143.862969,-37.563548],[143.863049,-37.563527],[143.863538,-37.563584],[143.863402,-37.564312],[143.863284,-37.564299],[143.863225,-37.564293],[143.863131,-37.564281],[143.863037,-37.564271],[143.863033,-37.564293],[143.863023,-37.564347],[143.863004,-37.564447]]]]},"properties":{"id":"precisely-site-98dbae9363","src":"precisely","grp":"new","op":"","ref":"CP153622","locality":"BALLARAT CENTRAL, VIC","acres":"1.22","for_site":"site-98dbae9363"}},{"type":"Feature","geometry":{"type":"MultiPolygon","coordinates":[[[[151.418897,-33.319273],[151.419376,-33.31875],[151.419368,-33.318745],[151.419361,-33.318739],[151.419354,-33.318733],[151.419347,-33.318727],[151.41934,-33.318721],[151.419333,-33.318715],[151.419326,-33.318709],[151.419319,-33.318703],[151.419312,-33.318697],[151.419306,-33.31869],[151.419299,-33.318684],[151.419292,-33.318678],[151.419286,-33.318671],[151.41928,-33.318665],[151.419273,-33.318658],[151.419267,-33.318652],[151.419261,-33.318645],[151.419254,-33.318639],[151.419248,-33.318632],[151.419242,-33.318625],[151.419236,-33.318619],[151.41923,-33.318612],[151.419224,-33.318605],[151.419219,-33.318598],[151.419213,-33.318591],[151.419207,-33.318584],[151.419202,-33.318577],[151.419196,-33.31857],[151.419191,-33.318563],[151.419185,-33.318556],[151.41914,-33.318519],[151.419079,-33.318505],[151.419018,-33.318517],[151.418558,-33.318715],[151.418127,-33.3189],[151.418571,-33.319628],[151.418897,-33.319273]]]]},"properties":{"id":"precisely-site-990971fb9c","src":"precisely","grp":"new","op":"","ref":"1/1142871","locality":"TUGGERAH, NSW","acres":"1.72","for_site":"site-990971fb9c"}},{"type":"Feature","geometry":{"type":"MultiPolygon","coordinates":[[[[150.694718,-33.752584],[150.694771,-33.752425],[150.694613,-33.752391],[150.69454,-33.752595],[150.694459,-33.75284],[150.694621,-33.752875],[150.694718,-33.752584]]]]},"properties":{"id":"precisely-site-994018f420","src":"precisely","grp":"verify","op":"","ref":"1/509842","locality":"PENRITH, NSW","acres":"0.2","for_site":"site-994018f420"}},{"type":"Feature","geometry":{"type":"MultiPolygon","coordinates":[[[[-98.685345,29.471085],[-98.685328,29.470656],[-98.685277,29.470412],[-98.685078,29.470065],[-98.685008,29.469627],[-98.684837,29.469291],[-98.685473,29.468942],[-98.686274,29.46896],[-98.686314,29.469039],[-98.687775,29.471934],[-98.687832,29.472044],[-98.687813,29.472051],[-98.687783,29.472064],[-98.687756,29.472081],[-98.687732,29.472102],[-98.687711,29.472125],[-98.687698,29.472144],[-98.687687,29.472164],[-98.687676,29.472194],[-98.687671,29.472226],[-98.687671,29.472258],[-98.687541,29.472036],[-98.687536,29.472027],[-98.68685,29.47085],[-98.685414,29.471408],[-98.685345,29.471085]],[[-98.686049,29.470041],[-98.685857,29.470143],[-98.685989,29.470286],[-98.686166,29.470173],[-98.686049,29.470041]]]]},"properties":{"id":"precisely-site-9a04dad6dc","src":"precisely","grp":"verify","op":"CHRISTUS HEALTH","ref":"1137960","locality":"48029","acres":"10.32","for_site":"site-9a04dad6dc"}},{"type":"Feature","geometry":{"type":"MultiPolygon","coordinates":[[[[-90.212463,38.621068],[-90.212359,38.621398],[-90.212358,38.621403],[-90.212351,38.621424],[-90.211699,38.621288],[-90.211707,38.621261],[-90.211811,38.620931],[-90.212436,38.621062],[-90.212457,38.621067],[-90.212463,38.621068]]]]},"properties":{"id":"precisely-site-9a0610c093","src":"precisely","grp":"new","op":"","ref":"22829400000","locality":"29510","acres":"0.59","for_site":"site-9a0610c093"}},{"type":"Feature","geometry":{"type":"MultiPolygon","coordinates":[[[[-95.865431,30.018063],[-95.865432,30.018141],[-95.865442,30.019791],[-95.865444,30.020071],[-95.865453,30.021487],[-95.865454,30.021537],[-95.865455,30.021703],[-95.861408,30.021719],[-95.860291,30.021724],[-95.86029,30.021627],[-95.86029,30.02156],[-95.860247,30.014904],[-95.865411,30.014881],[-95.865421,30.016506],[-95.865431,30.018063]]]]},"properties":{"id":"precisely-site-9b8dbc52dc","src":"precisely","grp":"verify","op":"","ref":"1318680010001","locality":"48201","acres":"93.07","for_site":"site-9b8dbc52dc"}},{"type":"Feature","geometry":{"type":"MultiPolygon","coordinates":[[[[-119.443234,49.885828],[-119.443233,49.885989],[-119.443232,49.88647],[-119.44279,49.886571],[-119.442821,49.886528],[-119.442848,49.886484],[-119.442583,49.88654],[-119.442319,49.886598],[-119.442054,49.886656],[-119.441806,49.886712],[-119.440988,49.8869],[-119.440873,49.886753],[-119.440832,49.886701],[-119.440741,49.886585],[-119.440667,49.886491],[-119.440765,49.886442],[-119.44083,49.886374],[-119.440841,49.886353],[-119.440848,49.886332],[-119.44085,49.886321],[-119.440852,49.886311],[-119.440845,49.886293],[-119.440838,49.886277],[-119.440829,49.88626],[-119.44082,49.886244],[-119.44081,49.886228],[-119.440799,49.886214],[-119.440788,49.886199],[-119.440776,49.886185],[-119.440763,49.886172],[-119.44075,49.88616],[-119.440736,49.886148],[-119.440721,49.886136],[-119.440706,49.886126],[-119.44069,49.886116],[-119.440674,49.886107],[-119.440658,49.886098],[-119.440641,49.886092],[-119.440623,49.886085],[-119.440606,49.886079],[-119.440588,49.886075],[-119.44057,49.88607],[-119.440552,49.886067],[-119.440534,49.886065],[-119.440515,49.886064],[-119.440497,49.886064],[-119.440478,49.886064],[-119.44046,49.886066],[-119.440442,49.886068],[-119.440424,49.886072],[-119.440406,49.886076],[-119.440388,49.886081],[-119.44037,49.886087],[-119.440353,49.886094],[-119.440336,49.886101],[-119.44032,49.88611],[-119.440304,49.886118],[-119.440288,49.886129],[-119.440273,49.886139],[-119.440262,49.886148],[-119.440265,49.885743],[-119.440265,49.885737],[-119.440269,49.884943],[-119.44027,49.884784],[-119.440479,49.884784],[-119.441583,49.884787],[-119.441583,49.884971],[-119.442976,49.88497],[-119.443238,49.884969],[-119.443235,49.885479],[-119.443235,49.885484],[-119.443234,49.8856],[-119.443234,49.885738],[-119.443234,49.885828]]]]},"properties":{"id":"precisely-site-9bfe87cc80","src":"precisely","grp":"verify","op":"","ref":"C000PS15Z6SM","locality":"Canada","acres":"9.86","for_site":"site-9bfe87cc80"}},{"type":"Feature","geometry":{"type":"MultiPolygon","coordinates":[[[[-75.194425,39.830898],[-75.195501,39.830265],[-75.196149,39.830921],[-75.195073,39.831554],[-75.194425,39.830898]]]]},"properties":{"id":"precisely-site-9d011da9e7","src":"precisely","grp":"verify","op":"DEPTFORD PROPERTY OWNER LLC","ref":"0820_347.03_3","locality":"34015","acres":"2.62","for_site":"site-9d011da9e7"}},{"type":"Feature","geometry":{"type":"MultiPolygon","coordinates":[[[[-106.614811,45.890003],[-106.614801,45.889657],[-106.615693,45.889669],[-106.615711,45.889669],[-106.615717,45.889669],[-106.615746,45.88967],[-106.616288,45.889792],[-106.616293,45.889805],[-106.616299,45.889818],[-106.616305,45.88983],[-106.616309,45.889839],[-106.616315,45.889852],[-106.61632,45.88986],[-106.616326,45.889872],[-106.616334,45.889885],[-106.616342,45.889897],[-106.61635,45.889909],[-106.616356,45.889917],[-106.616365,45.88993],[-106.616374,45.889942],[-106.616383,45.889953],[-106.61639,45.889961],[-106.616401,45.889973],[-106.616411,45.889984],[-106.616418,45.889991],[-106.616429,45.890002],[-106.616441,45.890013],[-106.616449,45.89002],[-106.616461,45.89003],[-106.616469,45.890038],[-106.616478,45.890044],[-106.61649,45.890055],[-106.616503,45.890065],[-106.616517,45.890074],[-106.616526,45.890081],[-106.61654,45.89009],[-106.616554,45.8901],[-106.616568,45.890108],[-106.616582,45.890117],[-106.616593,45.890123],[-106.616608,45.890131],[-106.616623,45.890139],[-106.616639,45.890147],[-106.616655,45.890155],[-106.616666,45.890159],[-106.616677,45.890165],[-106.616693,45.890172],[-106.616709,45.890179],[-106.616721,45.890183],[-106.616738,45.89019],[-106.616749,45.890193],[-106.616766,45.8902],[-106.616778,45.890204],[-106.616795,45.890209],[-106.616814,45.890215],[-106.616831,45.89022],[-106.616849,45.890224],[-106.616868,45.890229],[-106.616886,45.890233],[-106.616904,45.890237],[-106.616917,45.89024],[-106.616935,45.890243],[-106.616948,45.890245],[-106.616967,45.890248],[-106.616979,45.890249],[-106.616994,45.890252],[-106.617012,45.890251],[-106.617032,45.89025],[-106.617051,45.89025],[-106.61707,45.890252],[-106.617083,45.890252],[-106.617096,45.890254],[-106.617109,45.890256],[-106.617127,45.89026],[-106.61714,45.890263],[-106.617157,45.890267],[-106.617169,45.890271],[-106.617181,45.890275],[-106.617198,45.890282],[-106.617209,45.890286],[-106.617225,45.890294],[-106.617239,45.890303],[-106.617254,45.890311],[-106.617264,45.890317],[-106.617276,45.890328],[-106.617288,45.890338],[-106.617296,45.890345],[-106.617307,45.890357],[-106.617316,45.890369],[-106.617322,45.890376],[-106.617329,45.890389],[-106.617336,45.890401],[-106.617341,45.890415],[-106.617345,45.890424],[-106.617348,45.890437],[-106.617351,45.89045],[-106.617352,45.890459],[-106.617352,45.890473],[-106.617352,45.890485],[-106.617352,45.890648],[-106.617298,45.892259],[-106.617302,45.892273],[-106.617306,45.892286],[-106.617309,45.892299],[-106.617313,45.892312],[-106.617317,45.892326],[-106.617321,45.892335],[-106.617326,45.892348],[-106.61733,45.89236],[-106.617336,45.892374],[-106.617341,45.892387],[-106.617347,45.892399],[-106.617352,45.892413],[-106.617358,45.892425],[-106.617362,45.892433],[-106.617369,45.892447],[-106.617376,45.892459],[-106.61738,45.892467],[-106.617386,45.89248],[-106.617392,45.892489],[-106.617398,45.892501],[-106.617406,45.892514],[-106.617411,45.892522],[-106.617419,45.892534],[-106.617424,45.892543],[-106.617433,45.892554],[-106.617441,45.892567],[-106.617449,45.892579],[-106.617455,45.892587],[-106.617464,45.892599],[-106.617473,45.892611],[-106.617482,45.892622],[-106.617489,45.89263],[-106.617498,45.892642],[-106.617505,45.89265],[-106.617511,45.892658],[-106.617521,45.89267],[-106.617531,45.892681],[-106.617542,45.892692],[-106.617553,45.892703],[-106.617563,45.892715],[-106.617574,45.892726],[-106.617586,45.892737],[-106.617593,45.892744],[-106.617605,45.892755],[-106.617616,45.892765],[-106.617628,45.892777],[-106.617636,45.892784],[-106.617648,45.892794],[-106.61766,45.892805],[-106.617673,45.892815],[-106.617686,45.892825],[-106.617694,45.892832],[-106.617707,45.892842],[-106.61772,45.892852],[-106.617733,45.892861],[-106.617742,45.892868],[-106.617755,45.892878],[-106.617765,45.892884],[-106.617774,45.892891],[-106.617783,45.892897],[-106.617793,45.892903],[-106.617807,45.892912],[-106.617821,45.892921],[-106.617835,45.892931],[-106.617845,45.892937],[-106.617859,45.892945],[-106.617874,45.892954],[-106.617884,45.89296],[-106.617894,45.892965],[-106.617904,45.892971],[-106.617919,45.892979],[-106.617935,45.892988],[-106.61795,45.892996],[-106.617966,45.893004],[-106.617981,45.893011],[-106.617997,45.893019],[-106.618008,45.893024],[-106.618024,45.893032],[-106.618035,45.893037],[-106.618046,45.893041],[-106.618057,45.893046],[-106.618068,45.893051],[-106.618078,45.893058],[-106.618087,45.893064],[-106.618099,45.893075],[-106.618107,45.893082],[-106.618119,45.893092],[-106.618131,45.893103],[-106.618143,45.893114],[-106.618153,45.893125],[-106.618161,45.893132],[-106.618172,45.893143],[-106.618182,45.893155],[-106.618193,45.893165],[-106.618203,45.893178],[-106.61821,45.893185],[-106.618217,45.893193],[-106.618226,45.893204],[-106.618235,45.893217],[-106.618244,45.893229],[-106.61825,45.893237],[-106.618258,45.893249],[-106.618264,45.893257],[-106.618272,45.893269],[-106.61828,45.893282],[-106.618287,45.893294],[-106.618295,45.893306],[-106.6183,45.893314],[-106.618306,45.893327],[-106.618313,45.89334],[-106.618318,45.893359],[-106.618323,45.893359],[-106.618329,45.893375],[-106.618334,45.893387],[-106.618339,45.8934],[-106.618344,45.893414],[-106.618348,45.893427],[-106.618353,45.89344],[-106.618357,45.893452],[-106.61836,45.893462],[-106.618363,45.893475],[-106.618366,45.893488],[-106.618369,45.893502],[-106.618372,45.893515],[-106.618374,45.893528],[-106.618376,45.893542],[-106.618378,45.893555],[-106.618379,45.893564],[-106.61838,45.893578],[-106.618381,45.893591],[-106.618382,45.893604],[-106.618382,45.893618],[-106.618382,45.893632],[-106.618381,45.893646],[-106.618381,45.893659],[-106.61838,45.893673],[-106.618379,45.893686],[-106.618377,45.893699],[-106.618375,45.893713],[-106.618374,45.893726],[-106.618372,45.893735],[-106.618369,45.893749],[-106.618367,45.893758],[-106.618364,45.89377],[-106.618361,45.893784],[-106.618359,45.893793],[-106.618355,45.893806],[-106.61835,45.89382],[-106.618346,45.893832],[-106.618341,45.893846],[-106.618328,45.893919],[-106.618324,45.893933],[-106.618319,45.893946],[-106.618315,45.893959],[-106.618312,45.893973],[-106.618308,45.893986],[-106.618305,45.893999],[-106.618301,45.894012],[-106.618298,45.894026],[-106.618296,45.894035],[-106.618294,45.894043],[-106.618291,45.894057],[-106.618288,45.89407],[-106.618286,45.894084],[-106.618284,45.894097],[-106.618281,45.894111],[-106.618279,45.894124],[-106.618277,45.894138],[-106.618274,45.89415],[-106.618273,45.894164],[-106.618271,45.894178],[-106.61827,45.894191],[-106.618268,45.894205],[-106.618267,45.894218],[-106.618266,45.894232],[-106.618265,45.894245],[-106.618264,45.894259],[-106.618264,45.894272],[-106.618263,45.894285],[-106.618262,45.894299],[-106.618262,45.894313],[-106.618262,45.894326],[-106.618262,45.89434],[-106.618262,45.894353],[-106.618263,45.894367],[-106.618263,45.89438],[-106.618263,45.894394],[-106.618264,45.894407],[-106.618265,45.89442],[-106.618266,45.894434],[-106.618267,45.894448],[-106.618268,45.894461],[-106.618269,45.89447],[-106.61827,45.894484],[-106.618271,45.894493],[-106.618273,45.894506],[-106.618275,45.89452],[-106.618277,45.894533],[-106.618279,45.894546],[-106.618281,45.89456],[-106.618283,45.894569],[-106.618285,45.894582],[-106.618288,45.894596],[-106.618291,45.894609],[-106.618293,45.894623],[-106.618297,45.894636],[-106.618299,45.894649],[-106.618302,45.894658],[-106.618305,45.894671],[-106.618309,45.894685],[-106.618312,45.894698],[-106.618316,45.894711],[-106.61832,45.894724],[-106.618324,45.894737],[-106.618329,45.894751],[-106.618333,45.894763],[-106.618337,45.894777],[-106.61834,45.894786],[-106.618345,45.894799],[-106.618348,45.894808],[-106.618353,45.89482],[-106.618357,45.894829],[-106.618362,45.894842],[-106.618367,45.894855],[-106.618372,45.894868],[-106.618377,45.894881],[-106.618383,45.894894],[-106.618389,45.894907],[-106.618394,45.89492],[-106.618399,45.894929],[-106.618405,45.894941],[-106.618409,45.894949],[-106.618416,45.894963],[-106.618422,45.894975],[-106.618429,45.894988],[-106.618435,45.895],[-106.618442,45.895013],[-106.618444,45.895025],[-106.617914,45.895259],[-106.615724,45.894357],[-106.613522,45.893443],[-106.610016,45.893354],[-106.610098,45.889884],[-106.610657,45.889905],[-106.610903,45.889904],[-106.614811,45.890003]]]]},"properties":{"id":"precisely-site-9e0683c00f","src":"precisely","grp":"new","op":"","ref":"29115127403060000","locality":"30087","acres":"65.43","for_site":"site-9e0683c00f"}},{"type":"Feature","geometry":{"type":"MultiPolygon","coordinates":[[[[-73.558393,40.756026],[-73.558403,40.756083],[-73.558412,40.756137],[-73.558421,40.75619],[-73.558431,40.756248],[-73.55807,40.756282],[-73.557709,40.756317],[-73.557699,40.756258],[-73.55769,40.756204],[-73.557681,40.75615],[-73.557671,40.756094],[-73.557662,40.756039],[-73.557593,40.755632],[-73.557566,40.755474],[-73.557555,40.755409],[-73.557518,40.755193],[-73.558085,40.755072],[-73.558223,40.755042],[-73.55827,40.755315],[-73.558317,40.755589],[-73.558355,40.755807],[-73.558384,40.755973],[-73.558393,40.756026]]]]},"properties":{"id":"precisely-site-9e4ac0dd01","src":"precisely","grp":"verify","op":"1025 II LLC","ref":"11 80 92","locality":"36059","acres":"1.98","for_site":"site-9e4ac0dd01"}},{"type":"Feature","geometry":{"type":"MultiPolygon","coordinates":[[[[-118.38524,33.91742],[-118.38524,33.917284],[-118.385325,33.917284],[-118.385371,33.917284],[-118.385833,33.917284],[-118.387035,33.917283],[-118.387253,33.917283],[-118.387254,33.917876],[-118.387254,33.918072],[-118.385373,33.918073],[-118.385241,33.918073],[-118.385241,33.917877],[-118.38524,33.91742]]]]},"properties":{"id":"precisely-site-9ebc0dcf6f","src":"precisely","grp":"verify","op":"DIGITAL NASH LLC","ref":"4138-003-046","locality":"06037","acres":"4.03","for_site":"site-9ebc0dcf6f"}},{"type":"Feature","geometry":{"type":"MultiPolygon","coordinates":[[[[138.589088,-34.923426],[138.589063,-34.923091],[138.58934,-34.923077],[138.589365,-34.923412],[138.589088,-34.923426]]]]},"properties":{"id":"precisely-site-9ebe622922","src":"precisely","grp":"verify","op":"","ref":"F181411AL567","locality":"ADELAIDE, SA","acres":"0.23","for_site":"site-9ebe622922"}},{"type":"Feature","geometry":{"type":"MultiPolygon","coordinates":[[[[-77.54849,38.951435],[-77.548547,38.95155],[-77.548586,38.951631],[-77.548552,38.951655],[-77.548524,38.951676],[-77.548472,38.951719],[-77.548425,38.951764],[-77.548383,38.951814],[-77.548345,38.951865],[-77.548313,38.951918],[-77.54831,38.951877],[-77.548288,38.951618],[-77.548244,38.951113],[-77.548319,38.951224],[-77.548401,38.951331],[-77.54849,38.951435]]],[[[-77.5515,38.948744],[-77.551287,38.94957],[-77.551267,38.949645],[-77.551171,38.949738],[-77.551078,38.949834],[-77.55099,38.949932],[-77.550903,38.950033],[-77.550813,38.950131],[-77.550751,38.9502],[-77.550694,38.950271],[-77.550641,38.950344],[-77.550593,38.950419],[-77.550514,38.950565],[-77.550443,38.950712],[-77.550381,38.950862],[-77.550328,38.951015],[-77.550283,38.951169],[-77.550113,38.951826],[-77.549922,38.95197],[-77.549898,38.951964],[-77.549822,38.95194],[-77.549548,38.951792],[-77.549427,38.951733],[-77.549312,38.951667],[-77.549201,38.951596],[-77.549095,38.951521],[-77.548996,38.951441],[-77.548902,38.951356],[-77.548815,38.951268],[-77.548734,38.951176],[-77.548704,38.951144],[-77.548667,38.951116],[-77.548631,38.951088],[-77.548599,38.951057],[-77.548573,38.951023],[-77.548511,38.95092],[-77.548456,38.950813],[-77.54841,38.950706],[-77.548371,38.950596],[-77.54834,38.950484],[-77.548318,38.950371],[-77.548304,38.950258],[-77.548245,38.949557],[-77.548231,38.949434],[-77.548208,38.949313],[-77.548192,38.949213],[-77.54819,38.949186],[-77.548193,38.94916],[-77.548195,38.949138],[-77.548194,38.949115],[-77.548188,38.949093],[-77.54814,38.94897],[-77.548084,38.948848],[-77.548019,38.94873],[-77.547946,38.948615],[-77.547939,38.948527],[-77.547909,38.948157],[-77.548319,38.948017],[-77.550767,38.94735],[-77.551283,38.947205],[-77.552094,38.948587],[-77.5515,38.948744]]],[[[-77.55047,38.95231],[-77.550535,38.952309],[-77.55054,38.952289],[-77.550564,38.952198],[-77.550568,38.952179],[-77.550512,38.952149],[-77.550536,38.952057],[-77.550489,38.952049],[-77.550533,38.951881],[-77.550553,38.951816],[-77.550579,38.951753],[-77.550612,38.951693],[-77.550651,38.951634],[-77.550591,38.951608],[-77.550688,38.951232],[-77.550724,38.951106],[-77.550767,38.950981],[-77.550816,38.950858],[-77.550872,38.950736],[-77.550934,38.950616],[-77.551002,38.950498],[-77.551077,38.950383],[-77.550937,38.950922],[-77.550921,38.950985],[-77.550769,38.95157],[-77.551733,38.95131],[-77.551505,38.952193],[-77.5515,38.952214],[-77.550536,38.952474],[-77.550467,38.952743],[-77.550351,38.952774],[-77.550298,38.952786],[-77.550385,38.952453],[-77.550431,38.95246],[-77.55047,38.95231]]],[[[-77.549098,38.951916],[-77.549222,38.951986],[-77.549317,38.952034],[-77.549448,38.952093],[-77.549582,38.952147],[-77.54972,38.952195],[-77.549861,38.952238],[-77.55,38.952427],[-77.549878,38.952901],[-77.548431,38.953291],[-77.548361,38.952468],[-77.548426,38.952451],[-77.548414,38.952241],[-77.548414,38.952181],[-77.548421,38.952121],[-77.548437,38.952062],[-77.548459,38.952004],[-77.548489,38.951949],[-77.548525,38.951896],[-77.548568,38.951845],[-77.548616,38.951798],[-77.548671,38.951756],[-77.548863,38.951762],[-77.548978,38.951841],[-77.549098,38.951916]]]]},"properties":{"id":"precisely-site-9f112886a8","src":"precisely","grp":"verify","op":"YONDR JK 2 LLC","ref":"203371445000","locality":"51107","acres":"34.04","for_site":"site-9f112886a8"}},{"type":"Feature","geometry":{"type":"MultiPolygon","coordinates":[[[[-79.530226,43.602515],[-79.529115,43.602764],[-79.528772,43.60196],[-79.528777,43.601952],[-79.528781,43.601944],[-79.528785,43.601935],[-79.528788,43.601927],[-79.52879,43.601919],[-79.528791,43.60191],[-79.528792,43.601901],[-79.528792,43.601892],[-79.528791,43.601884],[-79.528789,43.601875],[-79.528787,43.601866],[-79.528783,43.601858],[-79.528779,43.601849],[-79.528775,43.601841],[-79.528769,43.601833],[-79.528763,43.601826],[-79.528756,43.601818],[-79.528749,43.601812],[-79.528741,43.601805],[-79.528732,43.601799],[-79.528723,43.601792],[-79.528714,43.601787],[-79.528704,43.601783],[-79.528693,43.601778],[-79.528682,43.601774],[-79.528671,43.601771],[-79.52866,43.601768],[-79.528648,43.601765],[-79.528636,43.601764],[-79.528624,43.601762],[-79.528612,43.601761],[-79.5286,43.601761],[-79.528587,43.601761],[-79.528573,43.601763],[-79.52856,43.601765],[-79.528547,43.601768],[-79.527926,43.601907],[-79.527553,43.601025],[-79.52924,43.600188],[-79.529283,43.600283],[-79.530269,43.602505],[-79.530226,43.602515]]]]},"properties":{"id":"precisely-site-a0843ddfe9","src":"precisely","grp":"verify","op":"","ref":"C000PS180MSB","locality":"Canada","acres":"7.82","for_site":"site-a0843ddfe9"}},{"type":"Feature","geometry":{"type":"MultiPolygon","coordinates":[[[[-85.673203,42.824563],[-85.674006,42.824572],[-85.673991,42.825189],[-85.673968,42.826109],[-85.673528,42.826103],[-85.673528,42.826089],[-85.672799,42.826081],[-85.671629,42.824869],[-85.671456,42.824543],[-85.673203,42.824563]]]]},"properties":{"id":"precisely-site-a16f5a39e4","src":"precisely","grp":"verify","op":"76TH BUSINESS COMPLEX","ref":"412113100090","locality":"26081","acres":"6.56","for_site":"site-a16f5a39e4"}},{"type":"Feature","geometry":{"type":"MultiPolygon","coordinates":[[[[149.167061,-35.38874],[149.167784,-35.388232],[149.169052,-35.389443],[149.168985,-35.38949],[149.168336,-35.388869],[149.167679,-35.38933],[149.167061,-35.38874]]]]},"properties":{"id":"precisely-site-a1abe36f20","src":"precisely","grp":"verify","op":"","ref":"JERR/HUME/3/31","locality":"HUME, ACT","acres":"2.02","for_site":"site-a1abe36f20"}},{"type":"Feature","geometry":{"type":"MultiPolygon","coordinates":[[[[153.024332,-27.462192],[153.02455,-27.461046],[153.024572,-27.461003],[153.024615,-27.460976],[153.024668,-27.460972],[153.024903,-27.461006],[153.024949,-27.461013],[153.024982,-27.461055],[153.024752,-27.462265],[153.024677,-27.462254],[153.024601,-27.462243],[153.024603,-27.462232],[153.024332,-27.462192]]]]},"properties":{"id":"precisely-site-a2012deef9","src":"precisely","grp":"new","op":"","ref":"2 RP211151","locality":"SPRING HILL, QLD","acres":"1.45","for_site":"site-a2012deef9"}},{"type":"Feature","geometry":{"type":"MultiPolygon","coordinates":[[[[145.160046,-38.092192],[145.159917,-38.092806],[145.159915,-38.092814],[145.159521,-38.092763],[145.159652,-38.092141],[145.159821,-38.092163],[145.160046,-38.092192]]]]},"properties":{"id":"precisely-site-a273da4b7b","src":"precisely","grp":"new","op":"","ref":"56\\PS511200","locality":"CARRUM DOWNS, VIC","acres":"0.61","for_site":"site-a273da4b7b"}},{"type":"Feature","geometry":{"type":"MultiPolygon","coordinates":[[[[144.931423,-37.823173],[144.931762,-37.821992],[144.932207,-37.822086],[144.932386,-37.822124],[144.932621,-37.822173],[144.932652,-37.822199],[144.93295,-37.822443],[144.933054,-37.822528],[144.932858,-37.823214],[144.931423,-37.823173]]]]},"properties":{"id":"precisely-site-a307aff423","src":"precisely","grp":"verify","op":"","ref":"1\\PS527033","locality":"PORT MELBOURNE, VIC","acres":"3.53","for_site":"site-a307aff423"}},{"type":"Feature","geometry":{"type":"MultiPolygon","coordinates":[[[[145.007485,-37.820437],[145.007484,-37.820452],[145.007162,-37.820417],[145.007252,-37.819973],[145.007652,-37.820014],[145.007655,-37.819996],[145.008082,-37.820039],[145.008003,-37.820487],[145.007575,-37.820448],[145.007576,-37.820445],[145.007522,-37.82044],[145.007485,-37.820437]]]]},"properties":{"id":"precisely-site-a3937aeb0f","src":"precisely","grp":"verify","op":"","ref":"1\\TP800229","locality":"RICHMOND, VIC","acres":"0.91","for_site":"site-a3937aeb0f"}},{"type":"Feature","geometry":{"type":"MultiPolygon","coordinates":[[[[-85.587664,41.46209],[-85.588271,41.462082],[-85.588274,41.462263],[-85.5881,41.462265],[-85.587667,41.46227],[-85.587664,41.46209]]]]},"properties":{"id":"precisely-site-a3cd52d8ed","src":"precisely","grp":"new","op":"","ref":"570127400364000014","locality":"18113","acres":"0.25","for_site":"site-a3cd52d8ed"}},{"type":"Feature","geometry":{"type":"MultiPolygon","coordinates":[[[[-111.633094,33.342967],[-111.633269,33.342964],[-111.63327,33.342964],[-111.635452,33.342955],[-111.635468,33.344988],[-111.635468,33.344994],[-111.635475,33.345766],[-111.635479,33.346211],[-111.635478,33.346219],[-111.635481,33.346509],[-111.635499,33.3486],[-111.635466,33.3486],[-111.635474,33.349476],[-111.635478,33.349934],[-111.635478,33.349935],[-111.635429,33.349976],[-111.628094,33.349918],[-111.628095,33.349888],[-111.627276,33.34988],[-111.627236,33.349852],[-111.627236,33.34983],[-111.626978,33.349827],[-111.626978,33.349852],[-111.62691,33.349909],[-111.62298,33.34988],[-111.622979,33.34988],[-111.622979,33.349878],[-111.622977,33.349878],[-111.622928,33.349839],[-111.622912,33.348445],[-111.622911,33.34843],[-111.622911,33.348416],[-111.622884,33.346103],[-111.622884,33.346089],[-111.622884,33.346086],[-111.622882,33.34594],[-111.622885,33.345874],[-111.622894,33.345808],[-111.622909,33.345743],[-111.62293,33.34568],[-111.622958,33.345619],[-111.622966,33.345604],[-111.623,33.345546],[-111.62304,33.34549],[-111.623085,33.345437],[-111.623135,33.345388],[-111.62319,33.345342],[-111.623248,33.3453],[-111.623311,33.345262],[-111.623377,33.345228],[-111.623447,33.345199],[-111.623515,33.345176],[-111.625051,33.344711],[-111.626125,33.344386],[-111.626206,33.344358],[-111.626284,33.344326],[-111.626359,33.344289],[-111.62643,33.344248],[-111.626498,33.344203],[-111.626563,33.344154],[-111.626623,33.344102],[-111.626678,33.344046],[-111.626729,33.343987],[-111.626774,33.343925],[-111.626814,33.34386],[-111.626849,33.343794],[-111.626922,33.343782],[-111.63106,33.343143],[-111.631323,33.343106],[-111.631588,33.343072],[-111.631852,33.343043],[-111.632118,33.343019],[-111.632384,33.342999],[-111.632651,33.342983],[-111.632918,33.342971],[-111.632919,33.342971],[-111.633094,33.342967]]]]},"properties":{"id":"precisely-site-a46ad9ccb0","src":"precisely","grp":"verify","op":"","ref":"30431002V","locality":"04013","acres":"199.33","for_site":"site-a46ad9ccb0"}},{"type":"Feature","geometry":{"type":"MultiPolygon","coordinates":[[[[-77.411649,39.378765],[-77.411643,39.378779],[-77.411535,39.378769],[-77.410316,39.37865],[-77.410351,39.378397],[-77.409891,39.378359],[-77.409713,39.378344],[-77.409658,39.377626],[-77.409657,39.377617],[-77.409655,39.377592],[-77.409653,39.377567],[-77.409651,39.377541],[-77.40965,39.377516],[-77.409649,39.37749],[-77.409648,39.377465],[-77.409647,39.37744],[-77.409647,39.377414],[-77.409647,39.377388],[-77.409647,39.377363],[-77.409648,39.377337],[-77.409649,39.377312],[-77.40965,39.377287],[-77.409651,39.377261],[-77.409653,39.377236],[-77.409655,39.377211],[-77.409657,39.377185],[-77.40966,39.37716],[-77.409662,39.377135],[-77.409665,39.377109],[-77.409669,39.377084],[-77.409672,39.377059],[-77.409676,39.377033],[-77.409681,39.377008],[-77.409685,39.376984],[-77.40969,39.376958],[-77.409695,39.376933],[-77.4097,39.376908],[-77.409706,39.376883],[-77.409712,39.376858],[-77.409718,39.376833],[-77.409725,39.376808],[-77.409731,39.376783],[-77.409738,39.376759],[-77.409746,39.376734],[-77.409753,39.376709],[-77.409983,39.376025],[-77.410134,39.375956],[-77.410147,39.375959],[-77.410175,39.375965],[-77.410202,39.375972],[-77.410229,39.375978],[-77.410255,39.375986],[-77.410282,39.375992],[-77.410309,39.376],[-77.410335,39.376008],[-77.410362,39.376015],[-77.410388,39.376023],[-77.410415,39.376031],[-77.410441,39.37604],[-77.410467,39.376048],[-77.410493,39.376057],[-77.410519,39.376065],[-77.410544,39.376075],[-77.41057,39.376084],[-77.410595,39.376094],[-77.410621,39.376104],[-77.410646,39.376113],[-77.410671,39.376124],[-77.410696,39.376134],[-77.410721,39.376144],[-77.410746,39.376155],[-77.41077,39.376166],[-77.410795,39.376177],[-77.410819,39.376189],[-77.410843,39.3762],[-77.410867,39.376212],[-77.410891,39.376223],[-77.410915,39.376236],[-77.410938,39.376248],[-77.410961,39.37626],[-77.410985,39.376273],[-77.411008,39.376286],[-77.411031,39.376299],[-77.411053,39.376312],[-77.411076,39.376325],[-77.411098,39.376338],[-77.41112,39.376352],[-77.411142,39.376366],[-77.411164,39.37638],[-77.411186,39.376394],[-77.411207,39.376408],[-77.411229,39.376423],[-77.41125,39.376438],[-77.411271,39.376452],[-77.411291,39.376467],[-77.411313,39.376483],[-77.411335,39.376499],[-77.411358,39.376514],[-77.41138,39.37653],[-77.411403,39.376545],[-77.411426,39.37656],[-77.411449,39.376575],[-77.411472,39.37659],[-77.411496,39.376604],[-77.411519,39.376619],[-77.411543,39.376633],[-77.411567,39.376647],[-77.411591,39.376661],[-77.411615,39.376674],[-77.41164,39.376687],[-77.411664,39.376701],[-77.411689,39.376714],[-77.411714,39.376727],[-77.411739,39.37674],[-77.411765,39.376752],[-77.41179,39.376765],[-77.411816,39.376777],[-77.411841,39.376789],[-77.411867,39.376801],[-77.411893,39.376813],[-77.411919,39.376824],[-77.411945,39.376836],[-77.411972,39.376847],[-77.411998,39.376858],[-77.412025,39.376868],[-77.412052,39.376879],[-77.412079,39.376889],[-77.412106,39.376899],[-77.412133,39.376909],[-77.41216,39.376918],[-77.412188,39.376928],[-77.412215,39.376938],[-77.412243,39.376946],[-77.412271,39.376956],[-77.412298,39.376964],[-77.412326,39.376973],[-77.412354,39.376981],[-77.412383,39.376989],[-77.412411,39.376997],[-77.412439,39.377005],[-77.412468,39.377012],[-77.412496,39.377019],[-77.412525,39.377026],[-77.412553,39.377033],[-77.412582,39.377039],[-77.412611,39.377046],[-77.41264,39.377053],[-77.412669,39.377059],[-77.412698,39.377064],[-77.412727,39.37707],[-77.412756,39.377075],[-77.412786,39.37708],[-77.412815,39.377085],[-77.412844,39.37709],[-77.412874,39.377094],[-77.412889,39.377097],[-77.413028,39.377117],[-77.413127,39.377229],[-77.413118,39.377269],[-77.413101,39.377337],[-77.413098,39.377349],[-77.413098,39.37735],[-77.413095,39.377361],[-77.413095,39.377362],[-77.413092,39.377373],[-77.413091,39.377374],[-77.413091,39.377375],[-77.413088,39.377384],[-77.413087,39.377386],[-77.413087,39.377387],[-77.413084,39.377396],[-77.413083,39.377398],[-77.413079,39.377408],[-77.413079,39.377409],[-77.413079,39.37741],[-77.413075,39.377419],[-77.413074,39.377422],[-77.41307,39.377431],[-77.413069,39.377433],[-77.413069,39.377434],[-77.413065,39.377443],[-77.413064,39.377446],[-77.413063,39.377446],[-77.413063,39.377447],[-77.41306,39.377454],[-77.413058,39.377458],[-77.413054,39.377466],[-77.413052,39.377469],[-77.413052,39.37747],[-77.413048,39.377477],[-77.413046,39.377481],[-77.413042,39.377488],[-77.41304,39.377492],[-77.413036,39.3775],[-77.413033,39.377504],[-77.413032,39.377505],[-77.413029,39.377511],[-77.413026,39.377515],[-77.413026,39.377516],[-77.413022,39.377522],[-77.413019,39.377526],[-77.413015,39.377533],[-77.413012,39.377537],[-77.413008,39.377543],[-77.413004,39.377548],[-77.413,39.377554],[-77.412996,39.37756],[-77.412993,39.377565],[-77.412988,39.377571],[-77.412985,39.377575],[-77.41298,39.377581],[-77.412976,39.377585],[-77.412972,39.377591],[-77.412971,39.377592],[-77.412968,39.377596],[-77.412962,39.377602],[-77.412959,39.377606],[-77.412953,39.377612],[-77.412953,39.377613],[-77.41295,39.377616],[-77.412944,39.377623],[-77.412943,39.377624],[-77.412941,39.377626],[-77.412934,39.377633],[-77.412932,39.377636],[-77.412925,39.377643],[-77.412922,39.377645],[-77.412915,39.377653],[-77.412912,39.377655],[-77.412904,39.377663],[-77.412902,39.377664],[-77.412894,39.377672],[-77.412893,39.377672],[-77.412892,39.377674],[-77.412891,39.377674],[-77.412891,39.377675],[-77.412883,39.377682],[-77.412882,39.377683],[-77.412873,39.377691],[-77.412872,39.377691],[-77.412871,39.377692],[-77.412862,39.377699],[-77.412862,39.3777],[-77.412861,39.3777],[-77.41286,39.3777],[-77.41285,39.377709],[-77.412849,39.37771],[-77.412848,39.37771],[-77.412839,39.377717],[-77.412838,39.377718],[-77.412827,39.377726],[-77.412827,39.377727],[-77.412826,39.377727],[-77.412815,39.377734],[-77.412121,39.378224],[-77.412105,39.378235],[-77.412104,39.378235],[-77.41209,39.378246],[-77.412088,39.378247],[-77.412072,39.378259],[-77.412057,39.378271],[-77.412056,39.378271],[-77.41204,39.378283],[-77.412039,39.378285],[-77.412025,39.378296],[-77.41201,39.378308],[-77.412009,39.378309],[-77.411996,39.378321],[-77.411995,39.378321],[-77.411995,39.378322],[-77.411994,39.378322],[-77.41198,39.378334],[-77.41198,39.378335],[-77.411965,39.378348],[-77.411951,39.378361],[-77.41195,39.378361],[-77.41195,39.378362],[-77.411937,39.378374],[-77.411936,39.378375],[-77.411923,39.378387],[-77.411922,39.378388],[-77.41191,39.378401],[-77.411909,39.378401],[-77.411908,39.378401],[-77.411895,39.378415],[-77.411882,39.378429],[-77.411869,39.378443],[-77.411868,39.378443],[-77.411868,39.378445],[-77.411856,39.378457],[-77.411855,39.378458],[-77.411844,39.378471],[-77.411843,39.378472],[-77.411832,39.378485],[-77.411831,39.378486],[-77.411831,39.378487],[-77.41182,39.378499],[-77.411819,39.3785],[-77.411818,39.378501],[-77.411807,39.378515],[-77.411806,39.378516],[-77.411796,39.37853],[-77.411795,39.378531],[-77.411794,39.378532],[-77.411784,39.378545],[-77.411783,39.378546],[-77.411773,39.37856],[-77.411772,39.37856],[-77.411772,39.378561],[-77.411762,39.378575],[-77.411761,39.378576],[-77.411752,39.378589],[-77.411751,39.37859],[-77.41175,39.378591],[-77.411748,39.378594],[-77.411742,39.378604],[-77.411741,39.378605],[-77.41174,39.378606],[-77.411731,39.378621],[-77.41173,39.378622],[-77.411729,39.378623],[-77.411721,39.378636],[-77.41172,39.378637],[-77.41172,39.378638],[-77.411711,39.378652],[-77.41171,39.378653],[-77.411702,39.378667],[-77.411701,39.378668],[-77.411701,39.378669],[-77.411692,39.378683],[-77.411691,39.378685],[-77.411683,39.378699],[-77.411683,39.378701],[-77.411675,39.378715],[-77.411674,39.378716],[-77.411673,39.378718],[-77.411666,39.37873],[-77.411665,39.378733],[-77.411662,39.378739],[-77.411658,39.378747],[-77.411657,39.378749],[-77.41165,39.378763],[-77.41165,39.378764],[-77.411649,39.378765]]]]},"properties":{"id":"precisely-site-a4a766bc5b","src":"precisely","grp":"verify","op":"MATAN CRESTWOOD LLC","ref":"1128555660","locality":"24021","acres":"14.59","for_site":"site-a4a766bc5b"}},{"type":"Feature","geometry":{"type":"MultiPolygon","coordinates":[[[[-78.874482,42.893049],[-78.874594,42.892703],[-78.874678,42.892441],[-78.875314,42.892548],[-78.87524,42.89277],[-78.875548,42.892824],[-78.875879,42.892885],[-78.875811,42.893095],[-78.875747,42.893296],[-78.875701,42.893439],[-78.875061,42.893325],[-78.875033,42.893412],[-78.874817,42.893372],[-78.874699,42.893733],[-78.874287,42.89366],[-78.874361,42.89343],[-78.874474,42.893074],[-78.874482,42.893049]]]]},"properties":{"id":"precisely-site-a581ffdb3c","src":"precisely","grp":"verify","op":"BENCHMARK 325 DELAWARE","ref":"111.30-7-2.1","locality":"36029","acres":"2.48","for_site":"site-a581ffdb3c"}},{"type":"Feature","geometry":{"type":"MultiPolygon","coordinates":[[[[-158.084937,21.337441],[-158.084995,21.337352],[-158.085042,21.337257],[-158.085078,21.337158],[-158.085102,21.337056],[-158.085113,21.336952],[-158.085112,21.336847],[-158.085099,21.336744],[-158.084938,21.335903],[-158.084924,21.335782],[-158.084929,21.33566],[-158.084952,21.33554],[-158.084994,21.335425],[-158.085052,21.335316],[-158.085127,21.335216],[-158.085215,21.335126],[-158.085317,21.33505],[-158.085383,21.335008],[-158.085452,21.33497],[-158.085525,21.334938],[-158.0856,21.334912],[-158.08646,21.334646],[-158.089269,21.333932],[-158.089393,21.333954],[-158.089514,21.333986],[-158.089631,21.334029],[-158.089743,21.334081],[-158.08985,21.334143],[-158.089951,21.334214],[-158.090044,21.334293],[-158.090129,21.33438],[-158.090333,21.334857],[-158.090345,21.334896],[-158.090348,21.334936],[-158.090343,21.334977],[-158.09033,21.335015],[-158.09031,21.33505],[-158.090282,21.335081],[-158.090248,21.335107],[-158.09021,21.335126],[-158.089219,21.335496],[-158.089045,21.335555],[-158.088867,21.335603],[-158.088686,21.33564],[-158.088503,21.335666],[-158.087978,21.335723],[-158.088146,21.336128],[-158.087971,21.336343],[-158.087681,21.336514],[-158.087418,21.336543],[-158.087264,21.336564],[-158.087112,21.336595],[-158.086962,21.336636],[-158.086816,21.336687],[-158.086112,21.336923],[-158.08515,21.337673],[-158.085122,21.337687],[-158.08509,21.337692],[-158.085059,21.337685],[-158.085033,21.337669],[-158.084962,21.337607],[-158.084868,21.337523],[-158.084937,21.337441]]]]},"properties":{"id":"precisely-site-a62a89826b","src":"precisely","grp":"new","op":"","ref":"920430120000","locality":"15003","acres":"27.83","for_site":"site-a62a89826b"}},{"type":"Feature","geometry":{"type":"MultiPolygon","coordinates":[[[[153.030163,-27.4646],[153.030239,-27.464541],[153.030509,-27.464816],[153.030449,-27.464863],[153.030776,-27.465199],[153.030718,-27.465245],[153.030659,-27.46529],[153.030601,-27.465335],[153.030321,-27.465551],[153.030279,-27.465549],[153.030043,-27.465307],[153.030036,-27.465274],[153.030042,-27.465257],[153.030475,-27.464923],[153.030457,-27.464905],[153.030459,-27.464904],[153.030432,-27.464876],[153.030163,-27.4646]]]]},"properties":{"id":"precisely-site-a66489d112","src":"precisely","grp":"new","op":"","ref":"0 SP188525","locality":"BRISBANE CITY, QLD","acres":"0.76","for_site":"site-a66489d112"}},{"type":"Feature","geometry":{"type":"MultiPolygon","coordinates":[[[[-104.610097,50.447304],[-104.610097,50.447646],[-104.609982,50.447646],[-104.609866,50.447646],[-104.60975,50.447646],[-104.609634,50.447646],[-104.609518,50.447646],[-104.609518,50.447304],[-104.609634,50.447304],[-104.60975,50.447304],[-104.609866,50.447304],[-104.609982,50.447304],[-104.610097,50.447304]]]]},"properties":{"id":"precisely-site-a709a0c4db","src":"precisely","grp":"verify","op":"","ref":"C000PS154FDJ","locality":"Canada","acres":"0.39","for_site":"site-a709a0c4db"}},{"type":"Feature","geometry":{"type":"MultiPolygon","coordinates":[[[[-114.0941,51.043753],[-114.094208,51.043757],[-114.094317,51.04376],[-114.094426,51.043763],[-114.09457,51.043767],[-114.09457,51.044123],[-114.0944,51.044118],[-114.094292,51.044115],[-114.094183,51.044112],[-114.094074,51.044109],[-114.093966,51.044106],[-114.093857,51.044103],[-114.093882,51.043747],[-114.093991,51.04375],[-114.0941,51.043753]]]]},"properties":{"id":"precisely-site-a7337f7f68","src":"precisely","grp":"verify","op":"","ref":"C000PS14JO1M","locality":"Canada","acres":"0.48","for_site":"site-a7337f7f68"}},{"type":"Feature","geometry":{"type":"MultiPolygon","coordinates":[[[[-73.610891,45.528862],[-73.610716,45.529053],[-73.610643,45.52906],[-73.609984,45.528756],[-73.610036,45.528699],[-73.610102,45.528551],[-73.610073,45.528496],[-73.610311,45.528237],[-73.610946,45.527887],[-73.611124,45.527968],[-73.611128,45.52797],[-73.611133,45.527972],[-73.611137,45.527974],[-73.611141,45.527977],[-73.611145,45.527978],[-73.611149,45.527981],[-73.611153,45.527983],[-73.611157,45.527986],[-73.611161,45.527988],[-73.611165,45.527991],[-73.611169,45.527993],[-73.611173,45.527995],[-73.611177,45.527998],[-73.61118,45.528001],[-73.611184,45.528004],[-73.611187,45.528007],[-73.611191,45.528009],[-73.611194,45.528012],[-73.611197,45.528015],[-73.6112,45.528018],[-73.611203,45.528021],[-73.611206,45.528024],[-73.611209,45.528027],[-73.611212,45.52803],[-73.611215,45.528033],[-73.611321,45.528153],[-73.611323,45.528157],[-73.611327,45.52816],[-73.61133,45.528164],[-73.611333,45.528167],[-73.611336,45.52817],[-73.61134,45.528173],[-73.611343,45.528176],[-73.611346,45.528179],[-73.61135,45.528182],[-73.611354,45.528185],[-73.611357,45.528188],[-73.611361,45.528191],[-73.611365,45.528194],[-73.611369,45.528197],[-73.611373,45.528199],[-73.611377,45.528202],[-73.611381,45.528205],[-73.611385,45.528207],[-73.611394,45.528212],[-73.611404,45.528219],[-73.611413,45.528224],[-73.611422,45.528229],[-73.611456,45.528246],[-73.611423,45.528282],[-73.611025,45.528715],[-73.610891,45.528862]]]]},"properties":{"id":"precisely-site-a741f01152","src":"precisely","grp":"verify","op":"","ref":"C000PS1AAXFF","locality":"Canada","acres":"2.02","for_site":"site-a741f01152"}},{"type":"Feature","geometry":{"type":"MultiPolygon","coordinates":[[[[-74.24207,40.584976],[-74.242186,40.584832],[-74.242295,40.584686],[-74.242397,40.584537],[-74.242918,40.583741],[-74.24298,40.58368],[-74.243049,40.583623],[-74.243125,40.58357],[-74.243205,40.583523],[-74.243291,40.583481],[-74.243381,40.583444],[-74.243475,40.583414],[-74.243572,40.583389],[-74.243672,40.583372],[-74.243773,40.583361],[-74.243874,40.583355],[-74.243976,40.583358],[-74.244078,40.583366],[-74.244544,40.58342],[-74.244473,40.5838],[-74.244401,40.584181],[-74.244325,40.584582],[-74.244253,40.584962],[-74.244154,40.585488],[-74.243714,40.585407],[-74.241553,40.585959],[-74.241437,40.585916],[-74.241863,40.58524],[-74.241964,40.585106],[-74.24207,40.584976]]]]},"properties":{"id":"precisely-site-a756a74a7f","src":"precisely","grp":"verify","op":"EQUINIX LLC","ref":"1201_2801_18","locality":"34023","acres":"10.15","for_site":"site-a756a74a7f"}},{"type":"Feature","geometry":{"type":"MultiPolygon","coordinates":[[[[-81.54351,35.921355],[-81.543685,35.921575],[-81.544001,35.921981],[-81.543972,35.922013],[-81.54394,35.922048],[-81.543767,35.922236],[-81.543765,35.922239],[-81.543671,35.922341],[-81.543669,35.922343],[-81.543583,35.922435],[-81.543556,35.922465],[-81.543483,35.922543],[-81.543148,35.922905],[-81.543052,35.923009],[-81.543005,35.923061],[-81.54266,35.922846],[-81.542367,35.922666],[-81.542372,35.922633],[-81.542378,35.922591],[-81.542385,35.922549],[-81.542392,35.922508],[-81.542407,35.922425],[-81.542415,35.922383],[-81.542423,35.922343],[-81.542432,35.922301],[-81.542441,35.92226],[-81.542451,35.922219],[-81.542461,35.922178],[-81.542472,35.922137],[-81.542483,35.922096],[-81.542491,35.922058],[-81.542501,35.92202],[-81.542511,35.921983],[-81.542522,35.921945],[-81.542535,35.921907],[-81.542548,35.921871],[-81.542562,35.921834],[-81.542577,35.921797],[-81.542592,35.921761],[-81.542609,35.921724],[-81.542626,35.921689],[-81.542645,35.921653],[-81.542664,35.921618],[-81.542676,35.921597],[-81.54269,35.921573],[-81.54271,35.921538],[-81.542747,35.921484],[-81.542766,35.921459],[-81.542786,35.921435],[-81.542806,35.921411],[-81.542827,35.921387],[-81.542849,35.921364],[-81.542871,35.921342],[-81.542894,35.921319],[-81.542918,35.921298],[-81.542935,35.921282],[-81.542953,35.921267],[-81.54297,35.921252],[-81.543005,35.921223],[-81.543023,35.921208],[-81.543059,35.921179],[-81.543077,35.921164],[-81.543082,35.921162],[-81.543213,35.921253],[-81.54351,35.921355]]],[[[-81.542572,35.923521],[-81.542555,35.923501],[-81.54254,35.923481],[-81.542526,35.92346],[-81.542512,35.923438],[-81.5425,35.923417],[-81.542489,35.923395],[-81.542479,35.923373],[-81.54247,35.92335],[-81.542462,35.923327],[-81.542456,35.923303],[-81.54245,35.92328],[-81.542446,35.923257],[-81.542443,35.923233],[-81.542442,35.923208],[-81.542437,35.923186],[-81.542431,35.923164],[-81.542426,35.923143],[-81.542415,35.923099],[-81.542402,35.923055],[-81.542396,35.923033],[-81.542389,35.923012],[-81.542375,35.922968],[-81.542368,35.922947],[-81.54236,35.922925],[-81.542353,35.922905],[-81.54235,35.9229],[-81.542348,35.922889],[-81.542352,35.922878],[-81.54236,35.92287],[-81.542879,35.923191],[-81.542572,35.923521]]]]},"properties":{"id":"precisely-site-a7fa0c2ae4","src":"precisely","grp":"verify","op":"","ref":"2840701107","locality":"37027","acres":"4.84","for_site":"site-a7fa0c2ae4"}},{"type":"Feature","geometry":{"type":"MultiPolygon","coordinates":[[[[138.530278,-34.908463],[138.530456,-34.908454],[138.530645,-34.908445],[138.530825,-34.908436],[138.531008,-34.908427],[138.531194,-34.908418],[138.531373,-34.908409],[138.531556,-34.9084],[138.531738,-34.908391],[138.531924,-34.908382],[138.532108,-34.908373],[138.532291,-34.908364],[138.532318,-34.908724],[138.533058,-34.908686],[138.533083,-34.90865],[138.533187,-34.909172],[138.530343,-34.909316],[138.530329,-34.909139],[138.530319,-34.909004],[138.530314,-34.908941],[138.530309,-34.90887],[138.530302,-34.908776],[138.530295,-34.908681],[138.530281,-34.908491],[138.530278,-34.908463]]]]},"properties":{"id":"precisely-site-a87d53ca03","src":"precisely","grp":"verify","op":"","ref":"F121367AL1","locality":"KIDMAN PARK, SA","acres":"5.3","for_site":"site-a87d53ca03"}},{"type":"Feature","geometry":{"type":"MultiPolygon","coordinates":[[[[-88.346514,44.203292],[-88.3465,44.203619],[-88.346345,44.207098],[-88.343471,44.207086],[-88.34354,44.203596],[-88.343547,44.203224],[-88.346514,44.203292]]]]},"properties":{"id":"precisely-site-aa0982d720","src":"precisely","grp":"verify","op":"","ref":"39566","locality":"55015","acres":"24.59","for_site":"site-aa0982d720"}},{"type":"Feature","geometry":{"type":"MultiPolygon","coordinates":[[[[-120.998529,37.638295],[-120.998695,37.638434],[-120.998826,37.638544],[-120.998475,37.638808],[-120.998178,37.63856],[-120.998342,37.638436],[-120.998529,37.638295]]]]},"properties":{"id":"precisely-site-aa21c9d729","src":"precisely","grp":"verify","op":"PAPADAKIS MAXINE","ref":"105040019000","locality":"06099","acres":"0.4","for_site":"site-aa21c9d729"}},{"type":"Feature","geometry":{"type":"MultiPolygon","coordinates":[[[[-104.713807,41.145211],[-104.713808,41.145135],[-104.713807,41.145056],[-104.713804,41.144976],[-104.713799,41.144896],[-104.713793,41.144817],[-104.713784,41.144737],[-104.713774,41.144658],[-104.713762,41.144579],[-104.713748,41.144499],[-104.713733,41.14442],[-104.713715,41.144341],[-104.713696,41.144263],[-104.713675,41.144185],[-104.713652,41.144107],[-104.713627,41.144029],[-104.713601,41.143953],[-104.713572,41.143876],[-104.713542,41.143799],[-104.71351,41.143723],[-104.713477,41.143648],[-104.713442,41.143572],[-104.713405,41.143497],[-104.713366,41.143424],[-104.713348,41.143428],[-104.713338,41.14343],[-104.713314,41.143436],[-104.713191,41.143466],[-104.713189,41.143462],[-104.713102,41.143304],[-104.713006,41.143149],[-104.712903,41.142996],[-104.712793,41.142847],[-104.712676,41.1427],[-104.712552,41.142557],[-104.712421,41.142417],[-104.712283,41.142281],[-104.712139,41.142149],[-104.711989,41.142021],[-104.711832,41.141897],[-104.713339,41.141239],[-104.713347,41.141235],[-104.713351,41.141233],[-104.714916,41.14055],[-104.718017,41.139196],[-104.720726,41.142244],[-104.720771,41.142294],[-104.717817,41.1438],[-104.716255,41.144596],[-104.715833,41.144808],[-104.715409,41.145008],[-104.714932,41.145225],[-104.71491,41.145235],[-104.714908,41.145236],[-104.714904,41.145237],[-104.714257,41.145232],[-104.714146,41.145231],[-104.713807,41.145228],[-104.713807,41.145211]],[[-104.71607,41.14426],[-104.715039,41.143122],[-104.713761,41.143781],[-104.714786,41.144915],[-104.71607,41.14426]]]]},"properties":{"id":"precisely-site-aacf96133f","src":"precisely","grp":"verify","op":"MICROSOFT CORPORATION","ref":"14663610600100","locality":"56021","acres":"60.45","for_site":"site-aacf96133f"}},{"type":"Feature","geometry":{"type":"MultiPolygon","coordinates":[[[[152.346273,-24.868231],[152.346845,-24.868075],[152.347131,-24.868945],[152.346558,-24.869101],[152.346416,-24.868666],[152.346273,-24.868231]]]]},"properties":{"id":"precisely-site-ab252363a5","src":"precisely","grp":"verify","op":"","ref":"3 RP847887","locality":"BUNDABERG CENTRAL, QLD","acres":"1.5","for_site":"site-ab252363a5"}},{"type":"Feature","geometry":{"type":"MultiPolygon","coordinates":[[[[-98.712458,29.450537],[-98.71249,29.450525],[-98.712519,29.45051],[-98.712544,29.45049],[-98.712566,29.450468],[-98.712584,29.450442],[-98.712596,29.450414],[-98.712604,29.450385],[-98.715521,29.450392],[-98.71552,29.450786],[-98.715518,29.451585],[-98.712416,29.451578],[-98.712416,29.451672],[-98.712054,29.451672],[-98.712176,29.450545],[-98.712392,29.450546],[-98.712425,29.450544],[-98.712458,29.450537]]]]},"properties":{"id":"precisely-site-ab33723ade","src":"precisely","grp":"verify","op":"","ref":"1443370","locality":"48029","acres":"10.68","for_site":"site-ab33723ade"}},{"type":"Feature","geometry":{"type":"MultiPolygon","coordinates":[[[[-105.612338,44.189046],[-105.610426,44.190172],[-105.609629,44.189482],[-105.611558,44.18837],[-105.612338,44.189046]]]]},"properties":{"id":"precisely-site-ab60bce782","src":"precisely","grp":"verify","op":"SABRE 56 (S56)","ref":"C000CU813L1Q","locality":"56005","acres":"4.82","for_site":"site-ab60bce782"}},{"type":"Feature","geometry":{"type":"MultiPolygon","coordinates":[[[[-79.032331,43.081288],[-79.032239,43.081256],[-79.032145,43.081227],[-79.032143,43.081227],[-79.032142,43.081227],[-79.032139,43.081225],[-79.032135,43.081225],[-79.032134,43.081224],[-79.032433,43.08125],[-79.032421,43.081323],[-79.032331,43.081288]]],[[[-79.031533,43.082219],[-79.031664,43.082231],[-79.031663,43.082233],[-79.031528,43.083075],[-79.030094,43.082975],[-79.030347,43.081362],[-79.030381,43.081141],[-79.03097,43.081193],[-79.031523,43.081239],[-79.031507,43.081311],[-79.031586,43.081318],[-79.031718,43.081332],[-79.031849,43.081353],[-79.031977,43.081379],[-79.032103,43.081411],[-79.03221,43.081446],[-79.032315,43.081485],[-79.032418,43.081526],[-79.031634,43.08147],[-79.031589,43.081727],[-79.03161,43.081729],[-79.031512,43.082218],[-79.031533,43.082219]]]]},"properties":{"id":"precisely-site-ab723343bb","src":"precisely","grp":"verify","op":"THE CHEMOURS COMPANY FC LLC CRP7303115-2","ref":"159.15-1-19","locality":"36063","acres":"5.76","for_site":"site-ab723343bb"}},{"type":"Feature","geometry":{"type":"MultiPolygon","coordinates":[[[[-85.2115,41.132292],[-85.211507,41.133179],[-85.211508,41.133261],[-85.211502,41.133261],[-85.210512,41.133263],[-85.21051,41.133101],[-85.210502,41.132282],[-85.2105,41.132144],[-85.211498,41.132155],[-85.2115,41.132292]]]]},"properties":{"id":"precisely-site-abfeba9056","src":"precisely","grp":"new","op":"VENTURE LEASING LLC","ref":"020717355012000073","locality":"18003","acres":"2.56","for_site":"site-abfeba9056"}},{"type":"Feature","geometry":{"type":"MultiPolygon","coordinates":[[[[-83.627264,41.807084],[-83.62802,41.807078],[-83.628086,41.807657],[-83.627331,41.807663],[-83.627264,41.807084]]]]},"properties":{"id":"precisely-site-ad094d697b","src":"precisely","grp":"new","op":"BRUCE R STAMMER & DARLENE M STAMMER DECL, ; STAMMER, BRUCE R","ref":"02 005 028 00","locality":"26115","acres":"1","for_site":"site-ad094d697b"}},{"type":"Feature","geometry":{"type":"MultiPolygon","coordinates":[[[[-117.159395,32.747056],[-117.1594,32.748224],[-117.159244,32.748236],[-117.158939,32.748242],[-117.158936,32.748264],[-117.158776,32.748261],[-117.158776,32.748215],[-117.158777,32.748146],[-117.158777,32.748075],[-117.158777,32.748006],[-117.158483,32.748008],[-117.158481,32.747054],[-117.158975,32.747054],[-117.159395,32.747056]]]]},"properties":{"id":"precisely-site-ae3d51eb7a","src":"precisely","grp":"verify","op":"","ref":"4520930100","locality":"06073","acres":"2.62","for_site":"site-ae3d51eb7a"}},{"type":"Feature","geometry":{"type":"MultiPolygon","coordinates":[[[[138.642978,-34.741104],[138.644108,-34.73932],[138.644184,-34.739358],[138.645007,-34.739846],[138.643786,-34.741773],[138.643717,-34.741726],[138.643217,-34.741207],[138.642978,-34.741104]]]]},"properties":{"id":"precisely-site-aec465351f","src":"precisely","grp":"verify","op":"","ref":"D57387AL118","locality":"EDINBURGH, SA","acres":"5.67","for_site":"site-aec465351f"}},{"type":"Feature","geometry":{"type":"MultiPolygon","coordinates":[[[[-79.356955,43.857397],[-79.356968,43.857427],[-79.356743,43.857479],[-79.356453,43.857547],[-79.356099,43.856748],[-79.356171,43.856731],[-79.356614,43.856629],[-79.356955,43.857397]]]]},"properties":{"id":"precisely-site-af57ad03b8","src":"precisely","grp":"verify","op":"","ref":"C000PS186J7V","locality":"Canada","acres":"1","for_site":"site-af57ad03b8"}},{"type":"Feature","geometry":{"type":"MultiPolygon","coordinates":[[[[153.09624,-27.57744],[153.096228,-27.577506],[153.09642,-27.577984],[153.096688,-27.578197],[153.096649,-27.578236],[153.095085,-27.578018],[153.095215,-27.577297],[153.09624,-27.57744]]]]},"properties":{"id":"precisely-site-afd9f4d46b","src":"precisely","grp":"verify","op":"","ref":"23 RP905589","locality":"EIGHT MILE PLAINS, QLD","acres":"2.48","for_site":"site-afd9f4d46b"}},{"type":"Feature","geometry":{"type":"MultiPolygon","coordinates":[[[[-121.888365,37.403945],[-121.887926,37.40438],[-121.887614,37.403816],[-121.888129,37.403313],[-121.88892,37.403379],[-121.889716,37.403446],[-121.889731,37.403448],[-121.88989,37.403461],[-121.889894,37.403434],[-121.890276,37.403466],[-121.890282,37.403467],[-121.890288,37.403467],[-121.890294,37.403468],[-121.8903,37.40347],[-121.890306,37.403471],[-121.890312,37.403472],[-121.890318,37.403474],[-121.890324,37.403476],[-121.89033,37.403478],[-121.890335,37.403479],[-121.890341,37.403482],[-121.890346,37.403485],[-121.890351,37.403487],[-121.890356,37.40349],[-121.890366,37.403496],[-121.890371,37.403499],[-121.890375,37.403502],[-121.89038,37.403506],[-121.890384,37.403509],[-121.890388,37.403513],[-121.890392,37.403516],[-121.890396,37.40352],[-121.890399,37.403524],[-121.890402,37.403528],[-121.890406,37.403532],[-121.890409,37.403537],[-121.890411,37.403541],[-121.890414,37.403545],[-121.890417,37.40355],[-121.890419,37.403554],[-121.890421,37.403558],[-121.890423,37.403563],[-121.890424,37.403568],[-121.890426,37.403572],[-121.890427,37.403578],[-121.890428,37.403582],[-121.890429,37.403587],[-121.890429,37.403592],[-121.890429,37.403597],[-121.89043,37.403602],[-121.890429,37.403606],[-121.890429,37.403616],[-121.89035,37.404208],[-121.890346,37.404229],[-121.890342,37.40425],[-121.890337,37.40427],[-121.890331,37.404291],[-121.890324,37.404311],[-121.890316,37.404332],[-121.890307,37.404351],[-121.890297,37.404371],[-121.890275,37.404408],[-121.890261,37.40443],[-121.890246,37.40445],[-121.89023,37.40447],[-121.890194,37.404508],[-121.890076,37.404626],[-121.889824,37.404875],[-121.888365,37.403945]]]]},"properties":{"id":"precisely-site-b003d6d369","src":"precisely","grp":"verify","op":"","ref":"24401023","locality":"06085","acres":"6.32","for_site":"site-b003d6d369"}},{"type":"Feature","geometry":{"type":"MultiPolygon","coordinates":[[[[-104.534596,38.795168],[-104.534736,38.809594],[-104.520893,38.809634],[-104.51628,38.809647],[-104.516096,38.795155],[-104.534596,38.795168]]]]},"properties":{"id":"precisely-site-b054522fba","src":"precisely","grp":"verify","op":"","ref":"4400000328","locality":"08041","acres":"636.65","for_site":"site-b054522fba"}},{"type":"Feature","geometry":{"type":"MultiPolygon","coordinates":[[[[-86.46069,41.686777],[-86.460697,41.686711],[-86.46072,41.6866],[-86.460736,41.6866],[-86.462407,41.686591],[-86.462401,41.684741],[-86.462869,41.684741],[-86.462866,41.684453],[-86.467154,41.684436],[-86.467153,41.685093],[-86.467139,41.686658],[-86.472085,41.686713],[-86.476758,41.686737],[-86.476758,41.688039],[-86.476757,41.688478],[-86.476745,41.689521],[-86.476753,41.690152],[-86.47675,41.69034],[-86.474466,41.690309],[-86.472075,41.690276],[-86.46982,41.690246],[-86.469804,41.690247],[-86.469768,41.690247],[-86.469509,41.690246],[-86.469508,41.690926],[-86.469498,41.692627],[-86.469468,41.693778],[-86.467227,41.693759],[-86.466635,41.693755],[-86.463978,41.693741],[-86.463978,41.693684],[-86.460799,41.693676],[-86.460717,41.693617],[-86.460685,41.68702],[-86.460683,41.686886],[-86.46069,41.686777]]]]},"properties":{"id":"precisely-site-b0d11dac4a","src":"precisely","grp":"verify","op":"","ref":"71-06-01-200-005.000-017","locality":"18141","acres":"225.24","for_site":"site-b0d11dac4a"}},{"type":"Feature","geometry":{"type":"MultiPolygon","coordinates":[[[[-79.334907,43.827257],[-79.334355,43.827385],[-79.334031,43.826644],[-79.334567,43.826522],[-79.334588,43.826517],[-79.33491,43.827254],[-79.33491,43.827255],[-79.33491,43.827256],[-79.334909,43.827256],[-79.334908,43.827257],[-79.334907,43.827257]]]]},"properties":{"id":"precisely-site-b1066c57b7","src":"precisely","grp":"verify","op":"","ref":"C000PS17YKHU","locality":"Canada","acres":"1","for_site":"site-b1066c57b7"}},{"type":"Feature","geometry":{"type":"MultiPolygon","coordinates":[[[[-73.565963,45.502474],[-73.565772,45.502669],[-73.565137,45.502361],[-73.565329,45.502165],[-73.565963,45.502474]]]]},"properties":{"id":"precisely-site-b252d6e2b3","src":"precisely","grp":"verify","op":"","ref":"C000PS1ADHD2","locality":"Canada","acres":"0.39","for_site":"site-b252d6e2b3"}},{"type":"Feature","geometry":{"type":"MultiPolygon","coordinates":[[[[-77.554691,39.06052],[-77.554806,39.060522],[-77.554921,39.060516],[-77.555035,39.060502],[-77.555147,39.060482],[-77.555525,39.060402],[-77.555589,39.060391],[-77.555654,39.060385],[-77.555719,39.060385],[-77.555784,39.060389],[-77.556035,39.060416],[-77.556093,39.060419],[-77.556151,39.060417],[-77.556208,39.06041],[-77.556264,39.060396],[-77.556684,39.060276],[-77.556741,39.060261],[-77.5568,39.060252],[-77.55686,39.060246],[-77.556921,39.060244],[-77.557104,39.060247],[-77.557119,39.060208],[-77.55712,39.060203],[-77.558931,39.060301],[-77.559285,39.060333],[-77.559403,39.06034],[-77.559522,39.060343],[-77.55964,39.060341],[-77.559758,39.060333],[-77.559976,39.06084],[-77.560071,39.061062],[-77.560075,39.061073],[-77.559659,39.061249],[-77.559241,39.061423],[-77.558819,39.061591],[-77.558395,39.061755],[-77.557968,39.061915],[-77.557836,39.061995],[-77.557391,39.062154],[-77.55682,39.061504],[-77.555847,39.062076],[-77.556247,39.06259],[-77.556134,39.062653],[-77.556026,39.062721],[-77.555923,39.062794],[-77.555827,39.062873],[-77.555736,39.062955],[-77.555652,39.063041],[-77.555575,39.063131],[-77.555067,39.063765],[-77.555038,39.063799],[-77.555006,39.063832],[-77.554963,39.063875],[-77.554876,39.063959],[-77.554782,39.064038],[-77.554683,39.064113],[-77.554579,39.064184],[-77.55447,39.06425],[-77.554356,39.064311],[-77.554238,39.064367],[-77.554158,39.064399],[-77.554038,39.064438],[-77.553915,39.064471],[-77.553791,39.0645],[-77.553664,39.064523],[-77.553506,39.064549],[-77.553351,39.06457],[-77.553151,39.064591],[-77.55295,39.064605],[-77.552748,39.064612],[-77.552546,39.064614],[-77.552352,39.064521],[-77.552356,39.064332],[-77.552344,39.063874],[-77.552337,39.063416],[-77.552347,39.063319],[-77.552392,39.062774],[-77.552432,39.062651],[-77.552522,39.061974],[-77.552767,39.061926],[-77.553201,39.061892],[-77.553968,39.06052],[-77.553983,39.060493],[-77.554691,39.06052]]],[[[-77.55395,39.065521],[-77.553929,39.06543],[-77.552174,39.065893],[-77.552175,39.065892],[-77.552265,39.065551],[-77.552292,39.065408],[-77.552318,39.065262],[-77.552341,39.065116],[-77.552544,39.065034],[-77.552756,39.06503],[-77.552982,39.065021],[-77.553207,39.065006],[-77.553431,39.064983],[-77.553581,39.064962],[-77.553728,39.064935],[-77.553874,39.064901],[-77.554016,39.064861],[-77.554156,39.064815],[-77.554292,39.064763],[-77.554424,39.064704],[-77.554552,39.06464],[-77.554675,39.064571],[-77.554822,39.064484],[-77.554934,39.064401],[-77.55504,39.064314],[-77.555142,39.064225],[-77.555238,39.064131],[-77.555328,39.064034],[-77.555413,39.063934],[-77.555921,39.0633],[-77.555995,39.063215],[-77.556076,39.063134],[-77.556165,39.063056],[-77.556219,39.063018],[-77.556305,39.062964],[-77.556395,39.062915],[-77.556488,39.06287],[-77.556585,39.06283],[-77.556685,39.062793],[-77.55676,39.062767],[-77.557729,39.06242],[-77.557911,39.06247],[-77.557971,39.06256],[-77.558038,39.062648],[-77.558112,39.062732],[-77.558193,39.062811],[-77.55828,39.062887],[-77.558372,39.06296],[-77.558471,39.063027],[-77.558852,39.063269],[-77.558925,39.063319],[-77.558995,39.063371],[-77.559061,39.063427],[-77.559434,39.063758],[-77.559432,39.063759],[-77.560846,39.065017],[-77.560945,39.06511],[-77.561037,39.065208],[-77.561121,39.06531],[-77.561198,39.065416],[-77.561266,39.065524],[-77.561327,39.065637],[-77.561378,39.065751],[-77.561421,39.066021],[-77.561439,39.066115],[-77.561453,39.066208],[-77.56146,39.066303],[-77.561474,39.066577],[-77.561474,39.066698],[-77.561457,39.066745],[-77.561349,39.066844],[-77.561359,39.067035],[-77.561522,39.067126],[-77.561549,39.067246],[-77.561744,39.071194],[-77.561747,39.071336],[-77.561745,39.071479],[-77.561735,39.071621],[-77.561644,39.072661],[-77.561627,39.072818],[-77.561604,39.072975],[-77.561576,39.073131],[-77.561541,39.073288],[-77.561346,39.074096],[-77.561326,39.074197],[-77.561314,39.074298],[-77.561311,39.074399],[-77.561316,39.074501],[-77.56133,39.074602],[-77.561342,39.074673],[-77.561359,39.074747],[-77.561381,39.074821],[-77.56141,39.074894],[-77.562216,39.076743],[-77.561252,39.076998],[-77.561492,39.077547],[-77.559414,39.078098],[-77.558981,39.077101],[-77.56011,39.076505],[-77.560028,39.076405],[-77.559953,39.076302],[-77.559885,39.076196],[-77.559823,39.076088],[-77.559769,39.075977],[-77.559722,39.075864],[-77.559682,39.07575],[-77.55965,39.075634],[-77.558237,39.069781],[-77.558186,39.069553],[-77.558143,39.069324],[-77.558108,39.069095],[-77.558081,39.068864],[-77.558063,39.068634],[-77.558053,39.068403],[-77.558051,39.068171],[-77.558057,39.06794],[-77.558071,39.067709],[-77.558094,39.067479],[-77.556832,39.067389],[-77.554979,39.067891],[-77.55395,39.065521]]],[[[-77.558544,39.062692],[-77.558472,39.062629],[-77.558405,39.062563],[-77.558344,39.062493],[-77.558289,39.062421],[-77.55824,39.062347],[-77.558287,39.062251],[-77.558714,39.062098],[-77.559139,39.06194],[-77.55956,39.061778],[-77.559979,39.061612],[-77.560395,39.061441],[-77.560581,39.06157],[-77.560697,39.061646],[-77.560817,39.061718],[-77.560942,39.061785],[-77.561071,39.061847],[-77.561204,39.061904],[-77.56134,39.061956],[-77.56148,39.062002],[-77.561622,39.062043],[-77.561767,39.062078],[-77.561913,39.062108],[-77.56273,39.062257],[-77.562894,39.06229],[-77.563056,39.06233],[-77.563215,39.062376],[-77.563372,39.062427],[-77.563525,39.062485],[-77.563674,39.062548],[-77.563819,39.062617],[-77.56396,39.06269],[-77.564095,39.06277],[-77.564226,39.062855],[-77.564352,39.062943],[-77.564471,39.063038],[-77.564585,39.063136],[-77.564598,39.063127],[-77.565073,39.06356],[-77.565201,39.06368],[-77.565321,39.063806],[-77.565434,39.063934],[-77.56554,39.064067],[-77.565639,39.064204],[-77.565729,39.064343],[-77.565812,39.064486],[-77.565887,39.064631],[-77.565953,39.064778],[-77.566012,39.064927],[-77.566062,39.065079],[-77.566103,39.065232],[-77.566136,39.065386],[-77.56616,39.065541],[-77.566175,39.065698],[-77.566182,39.065854],[-77.56618,39.06601],[-77.566169,39.066167],[-77.56615,39.066322],[-77.566122,39.066477],[-77.566085,39.06663],[-77.566039,39.066783],[-77.565986,39.066934],[-77.565923,39.067082],[-77.565853,39.067229],[-77.564481,39.069903],[-77.564405,39.07006],[-77.564337,39.070219],[-77.564277,39.07038],[-77.564225,39.070543],[-77.564181,39.070708],[-77.564146,39.070874],[-77.564119,39.07104],[-77.564101,39.071208],[-77.564091,39.071375],[-77.564089,39.071543],[-77.564096,39.071711],[-77.564111,39.071879],[-77.564135,39.072046],[-77.564167,39.072212],[-77.564197,39.07238],[-77.564235,39.072547],[-77.564283,39.072712],[-77.564339,39.072876],[-77.564403,39.073038],[-77.564477,39.073198],[-77.564515,39.073277],[-77.564776,39.073762],[-77.565322,39.07474],[-77.565624,39.075299],[-77.565672,39.075398],[-77.565711,39.075498],[-77.565741,39.075601],[-77.565763,39.075704],[-77.565775,39.075809],[-77.565778,39.075914],[-77.565772,39.076019],[-77.565757,39.076124],[-77.565732,39.076227],[-77.565699,39.076329],[-77.565657,39.076429],[-77.565596,39.076558],[-77.565662,39.076577],[-77.565154,39.077656],[-77.565108,39.077744],[-77.565056,39.07783],[-77.564998,39.077912],[-77.564933,39.077992],[-77.564863,39.078069],[-77.564786,39.078143],[-77.564704,39.078212],[-77.564577,39.078298],[-77.564476,39.078363],[-77.564369,39.078422],[-77.564258,39.078475],[-77.564143,39.078523],[-77.564024,39.078565],[-77.563902,39.0786],[-77.56352,39.078701],[-77.563408,39.078658],[-77.563063,39.077869],[-77.562989,39.077599],[-77.562801,39.077168],[-77.562752,39.077056],[-77.562699,39.077036],[-77.561704,39.074755],[-77.56168,39.074693],[-77.561661,39.074631],[-77.561647,39.074566],[-77.561636,39.074482],[-77.561631,39.074397],[-77.561634,39.074312],[-77.561644,39.074227],[-77.561661,39.074143],[-77.561856,39.073334],[-77.561892,39.07317],[-77.561922,39.073007],[-77.561946,39.072843],[-77.561964,39.072678],[-77.562055,39.071638],[-77.562065,39.071487],[-77.562068,39.071336],[-77.562064,39.071185],[-77.561823,39.066292],[-77.561812,39.066171],[-77.561794,39.06605],[-77.561768,39.06593],[-77.561734,39.065811],[-77.561691,39.065695],[-77.561641,39.06558],[-77.561584,39.065467],[-77.561519,39.065356],[-77.561446,39.065248],[-77.561366,39.065144],[-77.56128,39.065043],[-77.561187,39.064946],[-77.561087,39.064852],[-77.559674,39.063595],[-77.559708,39.063571],[-77.559335,39.06324],[-77.559256,39.063173],[-77.559171,39.063109],[-77.559083,39.063049],[-77.558702,39.062807],[-77.55862,39.062751],[-77.558544,39.062692]]]]},"properties":{"id":"precisely-site-b256c590ed","src":"precisely","grp":"verify","op":"","ref":"235297431000","locality":"51107","acres":"311.43","for_site":"site-b256c590ed"}},{"type":"Feature","geometry":{"type":"MultiPolygon","coordinates":[[[[-111.189258,45.673588],[-111.18926,45.673019],[-111.190511,45.673018],[-111.190504,45.674232],[-111.189256,45.674251],[-111.189257,45.674135],[-111.189257,45.674113],[-111.189258,45.673588]]]]},"properties":{"id":"precisely-site-b2a606819d","src":"precisely","grp":"new","op":"","ref":"06079711422090000","locality":"30031","acres":"3.27","for_site":"site-b2a606819d"}},{"type":"Feature","geometry":{"type":"MultiPolygon","coordinates":[[[[-79.905403,41.094402],[-79.905207,41.091613],[-79.904258,41.091607],[-79.904229,41.090691],[-79.904951,41.091052],[-79.90564,41.091407],[-79.905992,41.091581],[-79.906163,41.091644],[-79.906326,41.091688],[-79.906472,41.091711],[-79.906633,41.091727],[-79.906758,41.091725],[-79.90687,41.091717],[-79.906996,41.091702],[-79.907129,41.091675],[-79.907251,41.09164],[-79.907455,41.091572],[-79.907717,41.091471],[-79.908051,41.091343],[-79.908222,41.091282],[-79.908356,41.091246],[-79.908472,41.091221],[-79.908585,41.091202],[-79.90871,41.09119],[-79.908872,41.091185],[-79.909008,41.09119],[-79.90919,41.091207],[-79.909307,41.091219],[-79.909595,41.091265],[-79.910112,41.091353],[-79.910443,41.091407],[-79.910808,41.091467],[-79.910972,41.091489],[-79.911105,41.091502],[-79.911227,41.091506],[-79.911342,41.091503],[-79.911458,41.091497],[-79.911555,41.091485],[-79.911668,41.091469],[-79.911922,41.09142],[-79.912359,41.091333],[-79.912543,41.091294],[-79.912837,41.091231],[-79.913425,41.0911],[-79.913858,41.091003],[-79.913898,41.091337],[-79.916219,41.090835],[-79.916339,41.094049],[-79.915013,41.094287],[-79.915246,41.096833],[-79.915494,41.096828],[-79.915565,41.09757],[-79.911542,41.097633],[-79.909538,41.097652],[-79.90953,41.097451],[-79.909453,41.094959],[-79.909435,41.094349],[-79.905403,41.094402]]]]},"properties":{"id":"precisely-site-b53d69a5e1","src":"precisely","grp":"new","op":"NATIONAL STORAGE CO","ref":"070-2F118-A5-0000","locality":"42019","acres":"121.27","for_site":"site-b53d69a5e1"}},{"type":"Feature","geometry":{"type":"MultiPolygon","coordinates":[[[[151.144664,-33.806969],[151.144572,-33.806835],[151.144697,-33.806608],[151.14443,-33.806527],[151.144124,-33.806641],[151.144099,-33.806744],[151.144219,-33.806887],[151.144287,-33.80705],[151.144405,-33.807155],[151.144084,-33.807246],[151.143995,-33.807281],[151.14387,-33.807605],[151.14361,-33.807741],[151.143385,-33.807871],[151.143217,-33.807876],[151.143199,-33.807876],[151.14306,-33.807881],[151.143281,-33.808237],[151.143707,-33.808924],[151.143918,-33.808955],[151.144073,-33.808978],[151.144082,-33.808979],[151.144357,-33.809019],[151.144719,-33.808476],[151.145046,-33.808529],[151.145047,-33.808526],[151.145048,-33.808523],[151.145048,-33.80852],[151.145049,-33.808517],[151.14505,-33.808514],[151.145051,-33.808511],[151.145053,-33.808508],[151.145054,-33.808505],[151.145055,-33.808502],[151.145056,-33.808499],[151.145058,-33.808496],[151.145059,-33.808493],[151.145061,-33.80849],[151.145063,-33.808487],[151.145065,-33.808485],[151.145066,-33.808482],[151.145068,-33.808479],[151.14507,-33.808476],[151.145072,-33.808474],[151.145075,-33.808471],[151.145077,-33.808469],[151.145079,-33.808466],[151.145081,-33.808464],[151.145084,-33.808461],[151.145086,-33.808459],[151.145089,-33.808457],[151.145091,-33.808454],[151.145094,-33.808452],[151.145097,-33.80845],[151.1451,-33.808448],[151.145102,-33.808446],[151.145105,-33.808444],[151.145108,-33.808442],[151.145111,-33.80844],[151.145114,-33.808438],[151.145117,-33.808436],[151.145121,-33.808435],[151.145124,-33.808433],[151.145127,-33.808431],[151.14513,-33.80843],[151.145134,-33.808428],[151.145137,-33.808427],[151.14514,-33.808426],[151.145144,-33.808424],[151.145147,-33.808423],[151.145151,-33.808422],[151.145154,-33.808421],[151.145158,-33.80842],[151.145162,-33.808419],[151.145165,-33.808418],[151.145169,-33.808417],[151.145172,-33.808417],[151.145176,-33.808416],[151.14518,-33.808415],[151.145184,-33.808415],[151.145187,-33.808414],[151.145191,-33.808414],[151.145195,-33.808414],[151.145198,-33.808414],[151.145202,-33.808413],[151.145206,-33.808413],[151.14521,-33.808413],[151.145214,-33.808413],[151.145217,-33.808413],[151.145221,-33.808414],[151.145225,-33.808414],[151.145229,-33.808414],[151.145232,-33.808415],[151.145236,-33.808415],[151.14524,-33.808416],[151.145243,-33.808416],[151.145247,-33.808417],[151.145251,-33.808418],[151.145254,-33.808418],[151.145258,-33.808419],[151.145262,-33.80842],[151.145265,-33.808421],[151.145269,-33.808422],[151.145272,-33.808424],[151.145276,-33.808425],[151.145279,-33.808426],[151.145282,-33.808428],[151.145286,-33.808429],[151.145289,-33.80843],[151.145292,-33.808432],[151.145296,-33.808434],[151.145299,-33.808435],[151.145302,-33.808437],[151.145305,-33.808439],[151.145308,-33.808441],[151.145311,-33.808443],[151.145314,-33.808445],[151.145317,-33.808447],[151.14532,-33.808449],[151.145322,-33.808451],[151.145325,-33.808453],[151.145328,-33.808455],[151.14533,-33.808457],[151.145333,-33.808458],[151.145336,-33.80846],[151.145338,-33.808462],[151.145341,-33.808464],[151.145344,-33.808465],[151.145347,-33.808467],[151.14535,-33.808468],[151.145468,-33.807909],[151.145901,-33.807785],[151.146066,-33.807737],[151.146301,-33.807771],[151.14653,-33.807944],[151.146582,-33.807699],[151.146498,-33.807724],[151.146482,-33.807713],[151.146477,-33.807709],[151.146472,-33.807705],[151.146466,-33.807702],[151.146461,-33.807698],[151.146455,-33.807695],[151.14645,-33.807691],[151.146444,-33.807688],[151.146438,-33.807684],[151.146433,-33.807681],[151.146427,-33.807678],[151.146421,-33.807675],[151.146415,-33.807672],[151.146409,-33.807668],[151.146403,-33.807665],[151.146397,-33.807663],[151.146391,-33.80766],[151.146385,-33.807657],[151.146379,-33.807654],[151.146373,-33.807651],[151.146367,-33.807649],[151.146361,-33.807646],[151.146354,-33.807644],[151.146348,-33.807641],[151.146342,-33.807639],[151.146335,-33.807637],[151.146329,-33.807634],[151.146323,-33.807632],[151.146316,-33.80763],[151.14631,-33.807628],[151.146303,-33.807626],[151.146296,-33.807624],[151.14629,-33.807622],[151.146283,-33.80762],[151.146277,-33.807619],[151.14627,-33.807617],[151.146263,-33.807616],[151.146257,-33.807614],[151.14625,-33.807613],[151.146243,-33.807611],[151.146236,-33.80761],[151.14623,-33.807609],[151.146223,-33.807607],[151.146216,-33.807606],[151.146209,-33.807605],[151.146202,-33.807604],[151.146195,-33.807604],[151.146189,-33.807603],[151.146182,-33.807602],[151.146175,-33.807601],[151.146168,-33.807601],[151.146161,-33.8076],[151.146154,-33.8076],[151.146147,-33.807599],[151.14614,-33.807599],[151.146133,-33.807599],[151.146126,-33.807598],[151.146119,-33.807598],[151.146112,-33.807598],[151.146105,-33.807598],[151.146098,-33.807598],[151.146092,-33.807599],[151.146085,-33.807599],[151.146078,-33.807599],[151.146071,-33.807599],[151.146064,-33.8076],[151.146019,-33.807542],[151.146107,-33.807494],[151.146505,-33.807319],[151.146676,-33.807257],[151.146698,-33.807153],[151.14569,-33.807001],[151.145859,-33.806934],[151.145491,-33.806879],[151.145382,-33.806961],[151.145311,-33.806966],[151.145249,-33.806942],[151.145237,-33.806911],[151.144952,-33.807018],[151.144664,-33.806969]]]]},"properties":{"id":"precisely-site-b6a998300f","src":"precisely","grp":"verify","op":"","ref":"1/1271404","locality":"LANE COVE WEST, NSW","acres":"10.42","for_site":"site-b6a998300f"}},{"type":"Feature","geometry":{"type":"MultiPolygon","coordinates":[[[[-79.333923,43.726955],[-79.333937,43.726944],[-79.33395,43.726933],[-79.336163,43.726645],[-79.3363,43.727199],[-79.335936,43.727405],[-79.33467,43.728125],[-79.334666,43.72812],[-79.334068,43.72846],[-79.333007,43.727478],[-79.333877,43.726983],[-79.333893,43.726975],[-79.333908,43.726965],[-79.333923,43.726955]]]]},"properties":{"id":"precisely-site-b73e4c4435","src":"precisely","grp":"new","op":"","ref":"C000PS1839E0","locality":"Canada","acres":"7","for_site":"site-b73e4c4435"}},{"type":"Feature","geometry":{"type":"MultiPolygon","coordinates":[[[[144.754671,-37.839654],[144.754921,-37.837785],[144.756257,-37.837896],[144.756176,-37.838501],[144.756138,-37.83876],[144.756081,-37.839131],[144.756027,-37.839537],[144.756001,-37.839614],[144.755952,-37.839759],[144.755655,-37.839737],[144.754671,-37.839654]]]]},"properties":{"id":"precisely-site-b921bac5e2","src":"precisely","grp":"verify","op":"","ref":"19\\PS812889","locality":"TRUGANINA, VIC","acres":"6.06","for_site":"site-b921bac5e2"}},{"type":"Feature","geometry":{"type":"MultiPolygon","coordinates":[[[[-96.875111,46.973543],[-96.875322,46.973876],[-96.875517,46.974216],[-96.875676,46.974524],[-96.875821,46.974835],[-96.875951,46.97515],[-96.876067,46.975466],[-96.876169,46.975786],[-96.876255,46.976107],[-96.876326,46.976431],[-96.876408,46.976965],[-96.874409,46.97696],[-96.874341,46.976614],[-96.874313,46.97648],[-96.874282,46.976347],[-96.874237,46.976172],[-96.874187,46.975998],[-96.874132,46.975824],[-96.874072,46.975651],[-96.874007,46.975479],[-96.873937,46.975308],[-96.873862,46.975138],[-96.873782,46.974969],[-96.873708,46.974822],[-96.87363,46.974677],[-96.873549,46.974532],[-96.873464,46.974389],[-96.873376,46.974247],[-96.873347,46.974202],[-96.873284,46.974105],[-96.873188,46.973965],[-96.873089,46.973826],[-96.872128,46.972503],[-96.872118,46.971364],[-96.872267,46.971318],[-96.872278,46.971315],[-96.872353,46.971293],[-96.873229,46.971026],[-96.873279,46.971011],[-96.874882,46.973214],[-96.875111,46.973543]]],[[[-96.872111,46.970524],[-96.872837,46.970526],[-96.872898,46.970527],[-96.872113,46.970766],[-96.872111,46.970524]]]]},"properties":{"id":"precisely-site-ba1e47a05f","src":"precisely","grp":"new","op":"DUANE L HANAUER FAMILY TRUST","ref":"75050000260050","locality":"38017","acres":"24.88","for_site":"site-ba1e47a05f"}},{"type":"Feature","geometry":{"type":"MultiPolygon","coordinates":[[[[-74.708813,40.598386],[-74.708843,40.598388],[-74.708876,40.598392],[-74.70888,40.598392],[-74.708908,40.598395],[-74.708941,40.5984],[-74.708973,40.598404],[-74.709005,40.598409],[-74.709037,40.598415],[-74.709069,40.59842],[-74.7091,40.598426],[-74.709112,40.598429],[-74.709132,40.598434],[-74.709163,40.59844],[-74.709195,40.598448],[-74.709225,40.598457],[-74.709256,40.598465],[-74.709287,40.598474],[-74.709317,40.598482],[-74.709348,40.598493],[-74.70937,40.5985],[-74.709378,40.598502],[-74.709407,40.598513],[-74.709437,40.598524],[-74.709451,40.598529],[-74.709466,40.598535],[-74.709495,40.598547],[-74.709524,40.598558],[-74.709552,40.598571],[-74.709581,40.598584],[-74.709608,40.598597],[-74.709636,40.598611],[-74.709663,40.598624],[-74.70969,40.598639],[-74.709717,40.598653],[-74.709743,40.598668],[-74.709769,40.598683],[-74.710311,40.599009],[-74.710353,40.599033],[-74.710409,40.599064],[-74.710466,40.599095],[-74.710524,40.599125],[-74.710582,40.599155],[-74.710642,40.599183],[-74.710701,40.599211],[-74.710741,40.599228],[-74.710762,40.599238],[-74.710823,40.599264],[-74.710884,40.599289],[-74.710946,40.599313],[-74.711009,40.599337],[-74.711072,40.59936],[-74.711089,40.599366],[-74.709986,40.601206],[-74.709733,40.601147],[-74.708894,40.600958],[-74.707973,40.600737],[-74.708104,40.600132],[-74.708388,40.598369],[-74.708813,40.598386]]]]},"properties":{"id":"precisely-site-ba781b4142","src":"precisely","grp":"verify","op":"NEW YORK SMSA LTD PTNR","ref":"1805_17.01_22.05","locality":"34035","acres":"13.49","for_site":"site-ba781b4142"}},{"type":"Feature","geometry":{"type":"MultiPolygon","coordinates":[[[[-103.244753,44.047242],[-103.244203,44.047957],[-103.243819,44.047799],[-103.243845,44.047588],[-103.244026,44.047248],[-103.244749,44.047242],[-103.244753,44.047242]]]]},"properties":{"id":"precisely-site-bbd27f6ecd","src":"precisely","grp":"new","op":"GOLDEN WEST TELECOMMUNICATIONS COOPERATIVE INC","ref":"3714178002","locality":"46103","acres":"0.87","for_site":"site-bbd27f6ecd"}},{"type":"Feature","geometry":{"type":"MultiPolygon","coordinates":[[[[151.128372,-33.780552],[151.127466,-33.779899],[151.126186,-33.781132],[151.12709,-33.781784],[151.128372,-33.780552]]]]},"properties":{"id":"precisely-site-bc8c27bb5e","src":"precisely","grp":"verify","op":"","ref":"527/752035","locality":"MACQUARIE PARK, NSW","acres":"4.96","for_site":"site-bc8c27bb5e"}},{"type":"Feature","geometry":{"type":"MultiPolygon","coordinates":[[[[-149.912588,61.189358],[-149.912199,61.189358],[-149.911859,61.189358],[-149.91186,61.189015],[-149.91186,61.188987],[-149.911897,61.188987],[-149.912203,61.188988],[-149.912203,61.188961],[-149.912205,61.188813],[-149.912766,61.188813],[-149.912789,61.188813],[-149.912795,61.188813],[-149.912823,61.188813],[-149.912821,61.188961],[-149.912821,61.188987],[-149.91282,61.188989],[-149.91282,61.189016],[-149.912815,61.189359],[-149.912804,61.189359],[-149.912787,61.189359],[-149.912781,61.189359],[-149.912758,61.189359],[-149.912588,61.189358]]]]},"properties":{"id":"precisely-site-bcfc301f48","src":"precisely","grp":"new","op":"TLC PROPERTIES LLC","ref":"01010342000","locality":"02020","acres":"0.69","for_site":"site-bcfc301f48"}},{"type":"Feature","geometry":{"type":"MultiPolygon","coordinates":[[[[-96.769002,46.873896],[-96.769025,46.873896],[-96.769045,46.873896],[-96.769102,46.873896],[-96.769202,46.873896],[-96.769298,46.873896],[-96.769298,46.87417],[-96.769201,46.87417],[-96.769101,46.874171],[-96.769001,46.874171],[-96.768957,46.874171],[-96.768944,46.874171],[-96.768901,46.874171],[-96.768801,46.874171],[-96.768803,46.873896],[-96.768902,46.873896],[-96.769002,46.873896]]]]},"properties":{"id":"precisely-site-bd0f1a13f4","src":"precisely","grp":"verify","op":"","ref":"585750290","locality":"27027","acres":"0.29","for_site":"site-bd0f1a13f4"}},{"type":"Feature","geometry":{"type":"MultiPolygon","coordinates":[[[[150.839383,-33.816903],[150.839373,-33.816903],[150.839364,-33.816902],[150.839354,-33.816902],[150.839344,-33.816902],[150.839335,-33.816902],[150.839325,-33.816901],[150.839315,-33.816901],[150.839306,-33.8169],[150.839296,-33.816899],[150.839286,-33.816899],[150.839277,-33.816898],[150.839267,-33.816897],[150.839257,-33.816896],[150.839248,-33.816895],[150.839238,-33.816894],[150.839229,-33.816893],[150.839219,-33.816892],[150.83921,-33.81689],[150.8392,-33.816889],[150.83919,-33.816888],[150.839181,-33.816886],[150.839171,-33.816884],[150.838464,-33.816765],[150.838455,-33.816763],[150.838445,-33.816762],[150.838435,-33.81676],[150.838426,-33.816758],[150.838416,-33.816756],[150.838406,-33.816754],[150.838397,-33.816752],[150.838387,-33.81675],[150.838378,-33.816747],[150.838368,-33.816745],[150.838359,-33.816743],[150.838349,-33.81674],[150.83834,-33.816738],[150.83833,-33.816735],[150.838321,-33.816733],[150.838311,-33.81673],[150.838302,-33.816727],[150.838293,-33.816724],[150.838283,-33.816721],[150.838274,-33.816718],[150.838265,-33.816715],[150.838256,-33.816712],[150.838247,-33.816709],[150.838237,-33.816706],[150.838228,-33.816702],[150.838219,-33.816699],[150.83821,-33.816696],[150.838201,-33.816692],[150.838192,-33.816689],[150.838183,-33.816685],[150.838175,-33.816681],[150.838166,-33.816677],[150.838157,-33.816674],[150.838148,-33.81667],[150.838139,-33.816666],[150.838131,-33.816662],[150.838122,-33.816658],[150.838113,-33.816654],[150.838105,-33.816649],[150.838096,-33.816645],[150.838088,-33.816641],[150.83808,-33.816636],[150.838071,-33.816632],[150.838063,-33.816627],[150.838055,-33.816623],[150.838046,-33.816618],[150.838038,-33.816614],[150.837609,-33.816366],[150.837605,-33.816364],[150.837602,-33.816362],[150.837599,-33.81636],[150.837595,-33.816359],[150.837592,-33.816357],[150.837589,-33.816356],[150.837585,-33.816354],[150.837582,-33.816353],[150.837578,-33.816351],[150.837574,-33.81635],[150.837571,-33.816349],[150.837567,-33.816348],[150.837564,-33.816347],[150.83756,-33.816346],[150.837556,-33.816345],[150.837552,-33.816344],[150.837549,-33.816343],[150.837545,-33.816342],[150.837541,-33.816342],[150.837537,-33.816341],[150.837533,-33.816341],[150.837529,-33.81634],[150.837526,-33.81634],[150.837522,-33.81634],[150.837518,-33.816339],[150.837514,-33.816339],[150.83751,-33.816339],[150.837506,-33.816339],[150.837502,-33.816339],[150.837498,-33.816339],[150.837495,-33.816339],[150.837491,-33.81634],[150.837487,-33.81634],[150.837483,-33.81634],[150.837479,-33.816341],[150.837475,-33.816341],[150.837471,-33.816342],[150.837468,-33.816343],[150.837464,-33.816344],[150.83746,-33.816344],[150.837456,-33.816345],[150.837453,-33.816346],[150.837449,-33.816347],[150.837445,-33.816348],[150.837442,-33.81635],[150.837438,-33.816351],[150.837435,-33.816352],[150.837431,-33.816353],[150.837427,-33.816355],[150.837424,-33.816356],[150.837421,-33.816358],[150.837417,-33.816359],[150.837414,-33.816361],[150.837411,-33.816363],[150.837407,-33.816365],[150.837404,-33.816366],[150.837401,-33.816368],[150.837398,-33.81637],[150.837395,-33.816372],[150.837392,-33.816374],[150.837389,-33.816377],[150.837386,-33.816379],[150.837383,-33.816381],[150.83738,-33.816383],[150.837378,-33.816386],[150.837375,-33.816388],[150.837373,-33.81639],[150.83737,-33.816393],[150.837368,-33.816395],[150.837365,-33.816398],[150.837363,-33.816401],[150.837361,-33.816403],[150.835473,-33.818681],[150.836617,-33.819338],[150.836609,-33.819657],[150.838226,-33.819659],[150.839099,-33.81966],[150.841205,-33.819662],[150.841461,-33.81938],[150.840601,-33.816673],[150.839661,-33.816874],[150.839651,-33.816876],[150.839642,-33.816878],[150.839632,-33.81688],[150.839623,-33.816882],[150.839613,-33.816883],[150.839604,-33.816885],[150.839595,-33.816886],[150.839585,-33.816888],[150.839575,-33.816889],[150.839566,-33.816891],[150.839556,-33.816892],[150.839547,-33.816893],[150.839537,-33.816894],[150.839528,-33.816895],[150.839518,-33.816896],[150.839508,-33.816897],[150.839499,-33.816898],[150.839489,-33.816899],[150.83948,-33.8169],[150.83947,-33.8169],[150.83946,-33.816901],[150.839451,-33.816901],[150.839441,-33.816902],[150.839431,-33.816902],[150.839422,-33.816902],[150.839412,-33.816902],[150.839402,-33.816903],[150.839393,-33.816903],[150.839383,-33.816903]]]]},"properties":{"id":"precisely-site-be1d1c3123","src":"precisely","grp":"verify","op":"","ref":"2/1159804","locality":"EASTERN CREEK, NSW","acres":"35.88","for_site":"site-be1d1c3123"}},{"type":"Feature","geometry":{"type":"MultiPolygon","coordinates":[[[[-74.010991,40.70473],[-74.011067,40.704718],[-74.011005,40.704607],[-74.010938,40.704486],[-74.011199,40.704395],[-74.011463,40.704331],[-74.011446,40.704982],[-74.011042,40.705014],[-74.011008,40.704809],[-74.010997,40.704748],[-74.011003,40.704746],[-74.010991,40.70473]]]]},"properties":{"id":"precisely-site-bedb492eaf","src":"precisely","grp":"verify","op":"","ref":"1000290070","locality":"36061","acres":"0.63","for_site":"site-bedb492eaf"}},{"type":"Feature","geometry":{"type":"MultiPolygon","coordinates":[[[[-79.637173,43.597008],[-79.636995,43.596886],[-79.636991,43.596884],[-79.6369,43.596821],[-79.636764,43.596753],[-79.636759,43.596751],[-79.636242,43.596493],[-79.636037,43.596374],[-79.635754,43.596243],[-79.635797,43.596212],[-79.635797,43.596211],[-79.636925,43.595402],[-79.637971,43.596172],[-79.637976,43.596199],[-79.637974,43.596225],[-79.637967,43.596251],[-79.637954,43.596276],[-79.637936,43.596299],[-79.637696,43.596556],[-79.637431,43.596782],[-79.637434,43.596785],[-79.637176,43.597005],[-79.637173,43.597008]]]]},"properties":{"id":"precisely-site-bf45b3c400","src":"precisely","grp":"verify","op":"","ref":"C000PS17P84E","locality":"Canada","acres":"4.01","for_site":"site-bf45b3c400"}},{"type":"Feature","geometry":{"type":"MultiPolygon","coordinates":[[[[150.870899,-33.795869],[150.87093,-33.795693],[150.871056,-33.794986],[150.871073,-33.79489],[150.869889,-33.794715],[150.870051,-33.793909],[150.86958,-33.793839],[150.869103,-33.793768],[150.868853,-33.79373],[150.868623,-33.793696],[150.868621,-33.793706],[150.868295,-33.79556],[150.868235,-33.795905],[150.870729,-33.7962],[150.87072,-33.796184],[150.870711,-33.796169],[150.870701,-33.796155],[150.87069,-33.79614],[150.870684,-33.796133],[150.870679,-33.796126],[150.87067,-33.796116],[150.870662,-33.796104],[150.870654,-33.796093],[150.870648,-33.796081],[150.870642,-33.796069],[150.870637,-33.796057],[150.870633,-33.796045],[150.87063,-33.796032],[150.870627,-33.796019],[150.870626,-33.796006],[150.870625,-33.795993],[150.870625,-33.79598],[150.870626,-33.795968],[150.870628,-33.795955],[150.870631,-33.795942],[150.870634,-33.795929],[150.870639,-33.795917],[150.870644,-33.795905],[150.87065,-33.795893],[150.870657,-33.795881],[150.870665,-33.79587],[150.870894,-33.795897],[150.870899,-33.795869]]]]},"properties":{"id":"precisely-site-bf5541a692","src":"precisely","grp":"verify","op":"","ref":"6/1127100","locality":"EASTERN CREEK, NSW","acres":"12","for_site":"site-bf5541a692"}},{"type":"Feature","geometry":{"type":"MultiPolygon","coordinates":[[[[146.77129,-19.269142],[146.771486,-19.269173],[146.771826,-19.269225],[146.773024,-19.269412],[146.772987,-19.26963],[146.772777,-19.269723],[146.772443,-19.269691],[146.771987,-19.269649],[146.771556,-19.269609],[146.771446,-19.2696],[146.771216,-19.26978],[146.77129,-19.269142]]]]},"properties":{"id":"precisely-site-bf6b99ca2f","src":"precisely","grp":"new","op":"","ref":"1 RP746212","locality":"GARBUTT, QLD","acres":"1.98","for_site":"site-bf6b99ca2f"}},{"type":"Feature","geometry":{"type":"MultiPolygon","coordinates":[[[[-83.237394,42.472029],[-83.237394,42.47203],[-83.237393,42.472032],[-83.237389,42.472047],[-83.237385,42.472063],[-83.237381,42.472079],[-83.237378,42.472095],[-83.237373,42.472113],[-83.23737,42.472129],[-83.237367,42.472145],[-83.237364,42.472161],[-83.237361,42.472174],[-83.237359,42.47219],[-83.237356,42.472209],[-83.237353,42.472225],[-83.237351,42.472241],[-83.237349,42.472257],[-83.237347,42.47227],[-83.237193,42.472275],[-83.23697,42.472281],[-83.236616,42.472291],[-83.236622,42.472238],[-83.236629,42.472187],[-83.236638,42.472134],[-83.236648,42.472083],[-83.236659,42.47203],[-83.236672,42.471979],[-83.236686,42.471928],[-83.236702,42.471876],[-83.236718,42.471825],[-83.236736,42.471774],[-83.236743,42.471756],[-83.236751,42.471737],[-83.236772,42.471684],[-83.236794,42.471633],[-83.236818,42.471583],[-83.236843,42.471532],[-83.236869,42.471481],[-83.236896,42.471432],[-83.236925,42.471382],[-83.236956,42.471333],[-83.236987,42.471284],[-83.23702,42.471237],[-83.237054,42.471189],[-83.237087,42.471145],[-83.237122,42.471101],[-83.237157,42.471057],[-83.237194,42.471014],[-83.237231,42.470972],[-83.23727,42.47093],[-83.23731,42.470889],[-83.23735,42.470848],[-83.237899,42.47121],[-83.238403,42.470791],[-83.239306,42.471399],[-83.238391,42.472147],[-83.237785,42.47174],[-83.237611,42.471883],[-83.237476,42.471795],[-83.237469,42.471811],[-83.237463,42.471826],[-83.237456,42.471841],[-83.23745,42.471857],[-83.237445,42.471872],[-83.237439,42.471888],[-83.237433,42.471903],[-83.237428,42.471919],[-83.237423,42.471934],[-83.237417,42.47195],[-83.237412,42.471965],[-83.237407,42.471984],[-83.237402,42.472],[-83.237398,42.472016],[-83.237397,42.472017],[-83.237397,42.472018],[-83.237396,42.472021],[-83.237396,42.472024],[-83.237395,42.472026],[-83.237394,42.472029]]]]},"properties":{"id":"precisely-site-bf6ef103fc","src":"precisely","grp":"new","op":"NORTHWESTERN COLO LLC","ref":"2426101007","locality":"26125","acres":"5.04","for_site":"site-bf6ef103fc"}},{"type":"Feature","geometry":{"type":"MultiPolygon","coordinates":[[[[150.796619,-33.816319],[150.796709,-33.816044],[150.79672,-33.816017],[150.796722,-33.816011],[150.796725,-33.816003],[150.796727,-33.815994],[150.796729,-33.815985],[150.796731,-33.815977],[150.796732,-33.815968],[150.796734,-33.815959],[150.796734,-33.815951],[150.796735,-33.815942],[150.796735,-33.815933],[150.796735,-33.815924],[150.796734,-33.815916],[150.796733,-33.815907],[150.796732,-33.815898],[150.796731,-33.815889],[150.796729,-33.815881],[150.796725,-33.815869],[150.79672,-33.815857],[150.796715,-33.815846],[150.796709,-33.815835],[150.796702,-33.815824],[150.796695,-33.815813],[150.796687,-33.815803],[150.796679,-33.815794],[150.796672,-33.815786],[150.796664,-33.815779],[150.796657,-33.815772],[150.796649,-33.815766],[150.79664,-33.81576],[150.796632,-33.815754],[150.796623,-33.815749],[150.796614,-33.815744],[150.7966,-33.815734],[150.796586,-33.815724],[150.796572,-33.815714],[150.796557,-33.815705],[150.796542,-33.815696],[150.796528,-33.815688],[150.796512,-33.815679],[150.796497,-33.815671],[150.796482,-33.815664],[150.796466,-33.815657],[150.796451,-33.81565],[150.796435,-33.815643],[150.796419,-33.815637],[150.796403,-33.815631],[150.796386,-33.815625],[150.79637,-33.81562],[150.796305,-33.815601],[150.79624,-33.815581],[150.796176,-33.81556],[150.796112,-33.815539],[150.796048,-33.815517],[150.795984,-33.815495],[150.795921,-33.815473],[150.795858,-33.81545],[150.79554,-33.815332],[150.795034,-33.81661],[150.796359,-33.816975],[150.796619,-33.816319]]]]},"properties":{"id":"precisely-site-c012ea6bf4","src":"precisely","grp":"verify","op":"","ref":"2/1160603","locality":"ERSKINE PARK, NSW","acres":"4.53","for_site":"site-c012ea6bf4"}},{"type":"Feature","geometry":{"type":"MultiPolygon","coordinates":[[[[-79.361045,43.704592],[-79.361077,43.704671],[-79.361109,43.70475],[-79.36114,43.704829],[-79.361172,43.704908],[-79.361204,43.704987],[-79.361236,43.705066],[-79.361267,43.705144],[-79.361293,43.705208],[-79.360952,43.705279],[-79.360929,43.705284],[-79.36088,43.705295],[-79.35965,43.705555],[-79.359414,43.705544],[-79.359168,43.704935],[-79.359149,43.704888],[-79.359124,43.704826],[-79.359487,43.70475],[-79.359737,43.704697],[-79.359879,43.704666],[-79.360474,43.704541],[-79.360546,43.704526],[-79.360583,43.704519],[-79.360619,43.704511],[-79.360654,43.704503],[-79.360982,43.704434],[-79.361014,43.704513],[-79.361045,43.704592]]]]},"properties":{"id":"precisely-site-c078dd793a","src":"precisely","grp":"verify","op":"","ref":"C000PS18480N","locality":"Canada","acres":"3.44","for_site":"site-c078dd793a"}},{"type":"Feature","geometry":{"type":"MultiPolygon","coordinates":[[[[-104.755444,41.032139],[-104.755495,41.03214],[-104.755436,41.03429],[-104.754227,41.034285],[-104.75429,41.03213],[-104.755444,41.032139]]]]},"properties":{"id":"precisely-site-c1f1dfb23f","src":"precisely","grp":"new","op":"GIRARD, SEAN","ref":"12660340101100","locality":"56021","acres":"6","for_site":"site-c1f1dfb23f"}},{"type":"Feature","geometry":{"type":"MultiPolygon","coordinates":[[[[151.193996,-33.911855],[151.19275,-33.91108],[151.192402,-33.910864],[151.192276,-33.911038],[151.192228,-33.91111],[151.191774,-33.911604],[151.191861,-33.911658],[151.192509,-33.912075],[151.192619,-33.912146],[151.192766,-33.912241],[151.193023,-33.912406],[151.193319,-33.912597],[151.193996,-33.911855]]]]},"properties":{"id":"precisely-site-c1ff673349","src":"precisely","grp":"verify","op":"","ref":"12/856809","locality":"ALEXANDRIA, NSW","acres":"4.55","for_site":"site-c1ff673349"}},{"type":"Feature","geometry":{"type":"MultiPolygon","coordinates":[[[[-96.148318,41.219669],[-96.148296,41.221315],[-96.146915,41.221305],[-96.146927,41.22041],[-96.146924,41.220383],[-96.146915,41.220356],[-96.146901,41.22033],[-96.14688,41.220307],[-96.146855,41.220286],[-96.146826,41.22027],[-96.146793,41.220257],[-96.146758,41.220248],[-96.146721,41.220244],[-96.146685,41.220245],[-96.146648,41.220251],[-96.146614,41.22026],[-96.146582,41.220274],[-96.146554,41.220293],[-96.146504,41.220255],[-96.146501,41.219675],[-96.148318,41.219669]]]]},"properties":{"id":"precisely-site-c2151ce879","src":"precisely","grp":"verify","op":"","ref":"0512230148","locality":"31055","acres":"5.8","for_site":"site-c2151ce879"}},{"type":"Feature","geometry":{"type":"MultiPolygon","coordinates":[[[[-76.849383,39.132456],[-76.849382,39.132454],[-76.849381,39.13245],[-76.849378,39.132446],[-76.849376,39.132442],[-76.849375,39.132441],[-76.849374,39.132438],[-76.849372,39.132436],[-76.84937,39.132433],[-76.849367,39.13243],[-76.849365,39.132426],[-76.849362,39.132423],[-76.84936,39.13242],[-76.849357,39.132417],[-76.849355,39.132414],[-76.849353,39.132413],[-76.849351,39.132411],[-76.849348,39.132409],[-76.849346,39.132406],[-76.849343,39.132403],[-76.849341,39.132402],[-76.849339,39.1324],[-76.849337,39.132399],[-76.849336,39.132397],[-76.849333,39.132396],[-76.849331,39.132394],[-76.849329,39.132393],[-76.849326,39.132391],[-76.849395,39.132332],[-76.849482,39.131681],[-76.848869,39.131631],[-76.84878,39.131624],[-76.848701,39.13196],[-76.848786,39.132123],[-76.848868,39.132081],[-76.848887,39.132071],[-76.84913,39.132357],[-76.849129,39.132357],[-76.849127,39.132357],[-76.849125,39.132358],[-76.849123,39.132358],[-76.84912,39.132359],[-76.849111,39.132361],[-76.849096,39.132367],[-76.849084,39.132372],[-76.849072,39.132378],[-76.849068,39.13238],[-76.849061,39.132384],[-76.849054,39.132389],[-76.849048,39.132393],[-76.849041,39.132397],[-76.849035,39.132403],[-76.849027,39.13241],[-76.84902,39.132417],[-76.849013,39.132425],[-76.849006,39.132434],[-76.849001,39.132442],[-76.848997,39.132449],[-76.848993,39.132456],[-76.848989,39.132465],[-76.848987,39.132473],[-76.848984,39.132482],[-76.848982,39.132494],[-76.848981,39.132502],[-76.84898,39.132508],[-76.848979,39.132513],[-76.848978,39.132516],[-76.848977,39.132518],[-76.848976,39.132521],[-76.848975,39.132524],[-76.848973,39.132527],[-76.848972,39.132528],[-76.848971,39.13253],[-76.848968,39.132534],[-76.848967,39.132535],[-76.848966,39.132536],[-76.848965,39.132538],[-76.848964,39.132539],[-76.848962,39.132541],[-76.84896,39.132543],[-76.848956,39.132546],[-76.848953,39.132548],[-76.848951,39.13255],[-76.848946,39.132553],[-76.848939,39.132557],[-76.848932,39.13256],[-76.848926,39.132562],[-76.848921,39.132563],[-76.848917,39.132564],[-76.848867,39.132576],[-76.848865,39.132576],[-76.848828,39.132529],[-76.848801,39.132495],[-76.848774,39.132471],[-76.848783,39.132329],[-76.848596,39.131972],[-76.848697,39.131545],[-76.848745,39.131545],[-76.849037,39.131544],[-76.849417,39.131502],[-76.849751,39.131404],[-76.849808,39.131365],[-76.849965,39.131397],[-76.850145,39.131475],[-76.850338,39.131561],[-76.850415,39.131538],[-76.850519,39.131302],[-76.850951,39.131449],[-76.851345,39.131582],[-76.851386,39.131596],[-76.85152,39.131642],[-76.851768,39.131726],[-76.852156,39.131857],[-76.85255,39.131991],[-76.852786,39.132071],[-76.853412,39.132284],[-76.854178,39.132544],[-76.854254,39.132569],[-76.854821,39.132762],[-76.855863,39.133115],[-76.855888,39.133124],[-76.855879,39.133128],[-76.855712,39.13322],[-76.855013,39.133608],[-76.854317,39.133808],[-76.854049,39.133885],[-76.853854,39.134013],[-76.85356,39.134207],[-76.853056,39.134537],[-76.852901,39.134611],[-76.852788,39.134664],[-76.852524,39.134796],[-76.852263,39.134933],[-76.852006,39.135074],[-76.851754,39.135219],[-76.851506,39.135369],[-76.851262,39.135523],[-76.850728,39.135701],[-76.85052,39.135849],[-76.850315,39.136001],[-76.850271,39.135953],[-76.849692,39.135329],[-76.849606,39.135377],[-76.849441,39.135199],[-76.849543,39.13513],[-76.84964,39.135059],[-76.849732,39.134983],[-76.849431,39.134767],[-76.849397,39.134796],[-76.849377,39.134784],[-76.849116,39.134631],[-76.849115,39.134629],[-76.849104,39.134609],[-76.849029,39.134473],[-76.84891,39.134311],[-76.848906,39.134306],[-76.848893,39.13423],[-76.848917,39.133927],[-76.849081,39.133264],[-76.849118,39.132752],[-76.849098,39.132754],[-76.849004,39.132763],[-76.848988,39.13272],[-76.84926,39.132664],[-76.84928,39.132659],[-76.849298,39.132652],[-76.849309,39.132647],[-76.849319,39.132642],[-76.849331,39.132635],[-76.849341,39.132627],[-76.849353,39.132617],[-76.849358,39.132611],[-76.849365,39.132603],[-76.849372,39.132595],[-76.849377,39.132587],[-76.849382,39.132579],[-76.849385,39.132572],[-76.849388,39.132565],[-76.849391,39.132558],[-76.849394,39.132548],[-76.849396,39.132539],[-76.849396,39.132534],[-76.849397,39.132525],[-76.849398,39.132519],[-76.849398,39.132514],[-76.849398,39.13251],[-76.849397,39.132507],[-76.849397,39.132503],[-76.849396,39.132497],[-76.849396,39.132493],[-76.849394,39.132488],[-76.849394,39.132486],[-76.849393,39.132481],[-76.849392,39.132477],[-76.84939,39.132472],[-76.849388,39.132468],[-76.849387,39.132464],[-76.849386,39.132461],[-76.849384,39.132458],[-76.849384,39.132457],[-76.849383,39.132456]]]]},"properties":{"id":"precisely-site-c227e4439b","src":"precisely","grp":"verify","op":"GI ETS TC EMERSON LLC","ref":"1406594006","locality":"24027","acres":"41.83","for_site":"site-c227e4439b"}},{"type":"Feature","geometry":{"type":"MultiPolygon","coordinates":[[[[-82.458145,27.950058],[-82.457907,27.949526],[-82.458513,27.949311],[-82.458744,27.949854],[-82.458145,27.950058]]]]},"properties":{"id":"precisely-site-c2806e69a1","src":"precisely","grp":"new","op":"","ref":"193449.0000","locality":"12057","acres":"1.01","for_site":"site-c2806e69a1"}},{"type":"Feature","geometry":{"type":"MultiPolygon","coordinates":[[[[151.182629,-33.883526],[151.183042,-33.883291],[151.182962,-33.883193],[151.182712,-33.882886],[151.182301,-33.883117],[151.182442,-33.883292],[151.182629,-33.883526]]]]},"properties":{"id":"precisely-site-c2e9469136","src":"precisely","grp":"verify","op":"","ref":"1/108927","locality":"FOREST LODGE, NSW","acres":"0.62","for_site":"site-c2e9469136"}},{"type":"Feature","geometry":{"type":"MultiPolygon","coordinates":[[[[-87.90718,43.03914],[-87.906732,43.039164],[-87.906703,43.038889],[-87.90715,43.038866],[-87.90718,43.03914]]]]},"properties":{"id":"precisely-site-c4366ca601","src":"precisely","grp":"verify","op":"","ref":"3920728000","locality":"55079","acres":"0.28","for_site":"site-c4366ca601"}},{"type":"Feature","geometry":{"type":"MultiPolygon","coordinates":[[[[-83.260365,42.469668],[-83.260465,42.469661],[-83.26047,42.469797],[-83.260481,42.470071],[-83.260381,42.470074],[-83.258919,42.470109],[-83.258913,42.469972],[-83.258908,42.469835],[-83.258905,42.469765],[-83.260365,42.469668]]]]},"properties":{"id":"precisely-site-c4e2b051b1","src":"precisely","grp":"verify","op":"AP WIP DATA CENTER LLC","ref":"2427101045","locality":"26125","acres":"1.33","for_site":"site-c4e2b051b1"}},{"type":"Feature","geometry":{"type":"MultiPolygon","coordinates":[[[[-71.584406,42.352787],[-71.584242,42.352718],[-71.584094,42.352658],[-71.583945,42.352594],[-71.583799,42.352533],[-71.584974,42.351695],[-71.586092,42.351924],[-71.586802,42.352428],[-71.586727,42.352619],[-71.58614,42.353073],[-71.584877,42.352527],[-71.584615,42.352873],[-71.584548,42.352847],[-71.584406,42.352787]]]]},"properties":{"id":"precisely-site-c6415c9a04","src":"precisely","grp":"verify","op":"LANDMARK INFRASTRUCTURE O","ref":"53_84","locality":"25017","acres":"5.11","for_site":"site-c6415c9a04"}},{"type":"Feature","geometry":{"type":"MultiPolygon","coordinates":[[[[151.202257,-33.902592],[151.202216,-33.902341],[151.202074,-33.902373],[151.202057,-33.90226],[151.201767,-33.902326],[151.201753,-33.902363],[151.201891,-33.902649],[151.201936,-33.902665],[151.202257,-33.902592]]]]},"properties":{"id":"precisely-site-c6fe0658d9","src":"precisely","grp":"new","op":"","ref":"71/786275","locality":"WATERLOO, NSW","acres":"0.35","for_site":"site-c6fe0658d9"}},{"type":"Feature","geometry":{"type":"MultiPolygon","coordinates":[[[[-96.706466,32.976569],[-96.706475,32.976254],[-96.706509,32.976082],[-96.706526,32.975601],[-96.70661,32.975534],[-96.708302,32.975576],[-96.708325,32.975577],[-96.708358,32.975578],[-96.708385,32.975578],[-96.70847,32.975581],[-96.708495,32.975581],[-96.70849,32.976222],[-96.708486,32.976755],[-96.707378,32.976729],[-96.706462,32.976705],[-96.706462,32.976684],[-96.706464,32.976639],[-96.706466,32.976569]]]]},"properties":{"id":"precisely-site-c71375afc2","src":"precisely","grp":"verify","op":"DI ASSETCO LLC","ref":"421243300A01A0000","locality":"48113","acres":"6","for_site":"site-c71375afc2"}},{"type":"Feature","geometry":{"type":"MultiPolygon","coordinates":[[[[-123.111276,49.284325],[-123.110923,49.284558],[-123.110148,49.284057],[-123.110502,49.283824],[-123.111276,49.284325]]]]},"properties":{"id":"precisely-site-c75b5f6605","src":"precisely","grp":"verify","op":"","ref":"C000PS16CVFG","locality":"Canada","acres":"0.71","for_site":"site-c75b5f6605"}},{"type":"Feature","geometry":{"type":"MultiPolygon","coordinates":[[[[144.722675,-37.811753],[144.719795,-37.811511],[144.719349,-37.811473],[144.719379,-37.811252],[144.71938,-37.811244],[144.719832,-37.807871],[144.72014,-37.807897],[144.722041,-37.808057],[144.723244,-37.808159],[144.722762,-37.811761],[144.722753,-37.81176],[144.722675,-37.811753]]]]},"properties":{"id":"precisely-site-c7663e874a","src":"precisely","grp":"verify","op":"","ref":"1\\TP545338","locality":"TRUGANINA, VIC","acres":"30.01","for_site":"site-c7663e874a"}},{"type":"Feature","geometry":{"type":"MultiPolygon","coordinates":[[[[-81.54665,35.900416],[-81.546705,35.900387],[-81.546756,35.90036],[-81.546948,35.900259],[-81.546972,35.900246],[-81.546995,35.900238],[-81.547053,35.900197],[-81.547101,35.900163],[-81.547139,35.900134],[-81.547163,35.900116],[-81.547037,35.900007],[-81.546975,35.899952],[-81.546864,35.900035],[-81.546856,35.899992],[-81.546845,35.899956],[-81.546804,35.899915],[-81.54661,35.899756],[-81.546241,35.899463],[-81.546079,35.899333],[-81.546011,35.899279],[-81.545825,35.89913],[-81.545629,35.898973],[-81.545449,35.898827],[-81.545227,35.89865],[-81.54507,35.898525],[-81.544805,35.898314],[-81.544508,35.89807],[-81.54442,35.898003],[-81.544466,35.897919],[-81.544503,35.897851],[-81.544525,35.897811],[-81.544537,35.897792],[-81.544551,35.897766],[-81.544564,35.897741],[-81.544576,35.897716],[-81.544587,35.89769],[-81.544598,35.897664],[-81.544607,35.897637],[-81.544615,35.897611],[-81.544622,35.897584],[-81.544629,35.897558],[-81.544634,35.89753],[-81.544638,35.897502],[-81.544641,35.897475],[-81.544643,35.897455],[-81.544643,35.897436],[-81.544623,35.897179],[-81.544622,35.897156],[-81.544606,35.896926],[-81.544604,35.896852],[-81.544597,35.896786],[-81.544589,35.896735],[-81.544585,35.896723],[-81.544579,35.896696],[-81.544569,35.896655],[-81.544562,35.896628],[-81.544557,35.896614],[-81.544545,35.896573],[-81.544535,35.896547],[-81.544509,35.896486],[-81.544504,35.896477],[-81.544498,35.896466],[-81.544487,35.896448],[-81.544474,35.896429],[-81.544466,35.896414],[-81.544449,35.89639],[-81.544425,35.896357],[-81.544418,35.89635],[-81.544395,35.896327],[-81.544371,35.896306],[-81.544337,35.896279],[-81.544195,35.896184],[-81.544111,35.896128],[-81.544085,35.89611],[-81.544061,35.896091],[-81.544038,35.896071],[-81.544017,35.896049],[-81.543997,35.896026],[-81.543979,35.896003],[-81.543962,35.895979],[-81.543947,35.895954],[-81.54394,35.89594],[-81.543934,35.895928],[-81.543922,35.895902],[-81.543912,35.895875],[-81.543905,35.895849],[-81.543808,35.895411],[-81.543798,35.895377],[-81.543783,35.895342],[-81.543765,35.895306],[-81.543744,35.895272],[-81.543739,35.895266],[-81.54372,35.895239],[-81.543694,35.895208],[-81.543665,35.895179],[-81.543634,35.895151],[-81.5436,35.895125],[-81.543565,35.895101],[-81.543527,35.895078],[-81.543487,35.895058],[-81.543446,35.89504],[-81.543408,35.895027],[-81.543124,35.894917],[-81.542935,35.894845],[-81.542755,35.894775],[-81.542721,35.894763],[-81.542695,35.894753],[-81.542669,35.894743],[-81.542643,35.894731],[-81.542618,35.894718],[-81.542594,35.894706],[-81.542569,35.894692],[-81.542546,35.894678],[-81.542524,35.894663],[-81.542502,35.894648],[-81.54248,35.894631],[-81.542459,35.894614],[-81.542439,35.894597],[-81.542422,35.894581],[-81.541998,35.89413],[-81.541955,35.894071],[-81.541936,35.89404],[-81.541921,35.894009],[-81.541907,35.893976],[-81.541897,35.893943],[-81.541888,35.89391],[-81.541884,35.893876],[-81.541882,35.893857],[-81.541881,35.893842],[-81.541882,35.893808],[-81.541885,35.893774],[-81.541892,35.893739],[-81.541901,35.893707],[-81.541913,35.893674],[-81.542055,35.89337],[-81.542222,35.89301],[-81.542234,35.892984],[-81.542247,35.892957],[-81.54226,35.892931],[-81.542274,35.892905],[-81.542303,35.892853],[-81.542333,35.892802],[-81.542348,35.892777],[-81.542365,35.892751],[-81.542381,35.892726],[-81.542415,35.892678],[-81.542531,35.892506],[-81.542555,35.892472],[-81.54273,35.892208],[-81.542733,35.892204],[-81.542784,35.892129],[-81.542912,35.891944],[-81.542973,35.891856],[-81.543106,35.891666],[-81.543242,35.891471],[-81.543309,35.891375],[-81.543319,35.891361],[-81.543411,35.891229],[-81.543454,35.891168],[-81.543502,35.891099],[-81.543716,35.890795],[-81.543776,35.890711],[-81.543915,35.890515],[-81.543991,35.890404],[-81.544071,35.89029],[-81.544079,35.890278],[-81.544213,35.890083],[-81.544248,35.890029],[-81.544266,35.889993],[-81.544281,35.889958],[-81.544296,35.889923],[-81.544309,35.889886],[-81.544313,35.889872],[-81.54432,35.88985],[-81.544329,35.889813],[-81.544337,35.889776],[-81.544343,35.889738],[-81.544347,35.889705],[-81.544884,35.889929],[-81.545647,35.890245],[-81.545917,35.890358],[-81.546076,35.890423],[-81.546323,35.890525],[-81.546651,35.890211],[-81.546988,35.889888],[-81.547162,35.889722],[-81.547241,35.889666],[-81.547779,35.889294],[-81.548753,35.888617],[-81.548758,35.888623],[-81.548781,35.888654],[-81.5489,35.888808],[-81.548923,35.888836],[-81.548946,35.888864],[-81.548968,35.888893],[-81.548989,35.888921],[-81.549011,35.88895],[-81.549032,35.888979],[-81.549052,35.889008],[-81.549073,35.889038],[-81.549093,35.889067],[-81.549112,35.889097],[-81.549131,35.889126],[-81.54915,35.889157],[-81.549169,35.889187],[-81.549183,35.88921],[-81.549205,35.889254],[-81.549244,35.889315],[-81.549281,35.889377],[-81.549318,35.88944],[-81.549349,35.889495],[-81.549379,35.889549],[-81.549471,35.889712],[-81.549501,35.889766],[-81.549531,35.889821],[-81.549604,35.889953],[-81.549651,35.89004],[-81.549776,35.890269],[-81.550101,35.890863],[-81.550118,35.890893],[-81.550186,35.891019],[-81.550336,35.891291],[-81.550522,35.891632],[-81.550777,35.892087],[-81.550837,35.892198],[-81.550927,35.892363],[-81.551049,35.892582],[-81.551079,35.892637],[-81.551095,35.892664],[-81.55111,35.892691],[-81.551133,35.892737],[-81.551155,35.892782],[-81.551177,35.892828],[-81.551197,35.892875],[-81.551218,35.89292],[-81.551238,35.892967],[-81.551257,35.893014],[-81.551275,35.893061],[-81.551293,35.893108],[-81.55131,35.893155],[-81.551326,35.893203],[-81.551336,35.893237],[-81.551346,35.893271],[-81.551355,35.893306],[-81.551363,35.893341],[-81.551371,35.893375],[-81.551378,35.89341],[-81.551384,35.893445],[-81.55139,35.89348],[-81.551395,35.893515],[-81.5514,35.89355],[-81.551404,35.893585],[-81.551405,35.89359],[-81.551409,35.893625],[-81.551414,35.89366],[-81.551416,35.893715],[-81.551417,35.893753],[-81.551418,35.8938],[-81.551417,35.893838],[-81.551415,35.893873],[-81.551409,35.893908],[-81.551404,35.893933],[-81.551375,35.894111],[-81.551341,35.894307],[-81.551282,35.89463],[-81.55122,35.894991],[-81.55121,35.895062],[-81.5512,35.895124],[-81.551188,35.895185],[-81.551174,35.895246],[-81.551159,35.895307],[-81.551142,35.895368],[-81.551126,35.895422],[-81.551124,35.895428],[-81.551104,35.895488],[-81.551083,35.895548],[-81.55106,35.895607],[-81.551036,35.895666],[-81.55101,35.895723],[-81.550983,35.895782],[-81.550954,35.895839],[-81.550924,35.895894],[-81.550648,35.896374],[-81.550619,35.896425],[-81.550591,35.896477],[-81.550565,35.89653],[-81.550542,35.896584],[-81.550522,35.896639],[-81.550505,35.896693],[-81.55049,35.896747],[-81.550477,35.896804],[-81.550467,35.896861],[-81.550461,35.896917],[-81.550456,35.896974],[-81.550454,35.89703],[-81.550455,35.897086],[-81.55046,35.89735],[-81.550461,35.897388],[-81.550462,35.897427],[-81.550464,35.897465],[-81.550466,35.897504],[-81.550468,35.897542],[-81.550475,35.897619],[-81.550479,35.897658],[-81.550483,35.897696],[-81.550488,35.897734],[-81.550493,35.897772],[-81.550499,35.897811],[-81.550506,35.897848],[-81.550512,35.897887],[-81.550518,35.897923],[-81.550554,35.898152],[-81.550621,35.898547],[-81.550653,35.89874],[-81.550667,35.898827],[-81.550722,35.899165],[-81.550204,35.899471],[-81.549519,35.899877],[-81.549273,35.900008],[-81.548886,35.900218],[-81.548629,35.900357],[-81.548267,35.900554],[-81.548111,35.900639],[-81.54787,35.900407],[-81.547838,35.900376],[-81.547831,35.900382],[-81.547821,35.900389],[-81.547808,35.900396],[-81.547797,35.900402],[-81.547785,35.900407],[-81.547776,35.90041],[-81.547768,35.900414],[-81.547761,35.900417],[-81.547755,35.900422],[-81.547748,35.900427],[-81.547739,35.900432],[-81.547731,35.900436],[-81.547724,35.900437],[-81.547716,35.90044],[-81.547705,35.900444],[-81.547696,35.900448],[-81.547687,35.900453],[-81.547678,35.900457],[-81.547668,35.900461],[-81.547656,35.900465],[-81.54764,35.900469],[-81.547626,35.900472],[-81.547613,35.900474],[-81.547603,35.900476],[-81.547593,35.900477],[-81.547584,35.900479],[-81.547574,35.900481],[-81.547564,35.900483],[-81.547552,35.900484],[-81.547547,35.900483],[-81.547543,35.900483],[-81.547538,35.900484],[-81.547534,35.900486],[-81.547531,35.900489],[-81.547528,35.900491],[-81.547522,35.900495],[-81.547516,35.900497],[-81.547507,35.9005],[-81.547495,35.900506],[-81.547486,35.90051],[-81.547476,35.900515],[-81.547469,35.900518],[-81.547461,35.900521],[-81.547454,35.900524],[-81.547446,35.900527],[-81.547438,35.900533],[-81.547426,35.900537],[-81.547413,35.900541],[-81.547401,35.900543],[-81.54739,35.900546],[-81.547379,35.900549],[-81.54737,35.900552],[-81.54736,35.900555],[-81.547352,35.900558],[-81.547342,35.900562],[-81.547331,35.900567],[-81.547319,35.900572],[-81.547309,35.900578],[-81.547299,35.900582],[-81.547295,35.900583],[-81.547291,35.900585],[-81.547286,35.900586],[-81.547277,35.900588],[-81.547267,35.900591],[-81.547256,35.900594],[-81.547244,35.9006],[-81.547238,35.900602],[-81.547225,35.900605],[-81.547213,35.900607],[-81.547199,35.900608],[-81.54719,35.900609],[-81.54718,35.90061],[-81.547167,35.900612],[-81.547157,35.900615],[-81.547148,35.900618],[-81.547139,35.90062],[-81.547128,35.900623],[-81.547117,35.900625],[-81.547106,35.900627],[-81.547097,35.900629],[-81.547087,35.900631],[-81.547077,35.900634],[-81.547071,35.900634],[-81.547065,35.900634],[-81.547061,35.900636],[-81.547059,35.900638],[-81.547056,35.900641],[-81.547055,35.900642],[-81.547047,35.900649],[-81.547037,35.900653],[-81.547022,35.900658],[-81.547004,35.900665],[-81.546991,35.900672],[-81.546977,35.900677],[-81.546969,35.900679],[-81.546959,35.900681],[-81.546951,35.900682],[-81.546948,35.900684],[-81.546944,35.900687],[-81.546938,35.90069],[-81.546924,35.900696],[-81.546914,35.900702],[-81.546903,35.900706],[-81.54689,35.900713],[-81.546878,35.900719],[-81.546867,35.900725],[-81.546856,35.900731],[-81.546845,35.900736],[-81.546832,35.900741],[-81.546822,35.900745],[-81.546812,35.900748],[-81.546802,35.90075],[-81.546794,35.900752],[-81.546787,35.900754],[-81.546781,35.900756],[-81.546744,35.900771],[-81.546708,35.900788],[-81.54667,35.900807],[-81.54666,35.900811],[-81.546652,35.900817],[-81.546643,35.900823],[-81.546638,35.900827],[-81.546637,35.900828],[-81.546609,35.900801],[-81.546461,35.900661],[-81.546457,35.900639],[-81.546453,35.900621],[-81.546456,35.900589],[-81.546462,35.900558],[-81.546483,35.900523],[-81.546524,35.900482],[-81.546525,35.900481],[-81.54665,35.900416]],[[-81.550544,35.895045],[-81.550672,35.894251],[-81.54988,35.894167],[-81.549752,35.894961],[-81.550544,35.895045]]],[[[-81.546518,35.900201],[-81.546484,35.900206],[-81.546479,35.900206],[-81.54645,35.900214],[-81.546415,35.900225],[-81.546378,35.900243],[-81.546329,35.900265],[-81.546244,35.900304],[-81.546175,35.900335],[-81.546148,35.900341],[-81.546114,35.900337],[-81.546085,35.90031],[-81.54607,35.900296],[-81.54641,35.900039],[-81.546535,35.900152],[-81.546518,35.900201]]]]},"properties":{"id":"precisely-site-ca41a43dcd","src":"precisely","grp":"verify","op":"TAPAHA DYNAMICS LLC","ref":"2749515252","locality":"37027","acres":"175.48","for_site":"site-ca41a43dcd"}},{"type":"Feature","geometry":{"type":"MultiPolygon","coordinates":[[[[-79.737734,43.60478],[-79.737712,43.604769],[-79.737691,43.604756],[-79.737674,43.604741],[-79.737661,43.604724],[-79.737652,43.604705],[-79.737646,43.604686],[-79.737626,43.60459],[-79.737598,43.604495],[-79.737563,43.604401],[-79.73752,43.60431],[-79.73747,43.60422],[-79.737423,43.604147],[-79.737376,43.604083],[-79.737335,43.604032],[-79.73727,43.603958],[-79.737227,43.603914],[-79.73723,43.603912],[-79.737161,43.603847],[-79.737088,43.603784],[-79.736974,43.603692],[-79.736931,43.603658],[-79.736924,43.603651],[-79.736907,43.603632],[-79.736894,43.603612],[-79.736887,43.60359],[-79.736884,43.603568],[-79.736887,43.603545],[-79.736895,43.603523],[-79.736907,43.603503],[-79.736925,43.603484],[-79.736946,43.603468],[-79.737261,43.603263],[-79.737258,43.603261],[-79.737356,43.603193],[-79.737448,43.603121],[-79.737534,43.603046],[-79.737614,43.602967],[-79.737687,43.602884],[-79.737753,43.602799],[-79.737762,43.602787],[-79.737976,43.60249],[-79.737978,43.602493],[-79.738809,43.60335],[-79.739475,43.604037],[-79.739603,43.604169],[-79.739437,43.60428],[-79.739299,43.604505],[-79.739266,43.604552],[-79.739224,43.604595],[-79.739176,43.604634],[-79.739121,43.604668],[-79.739061,43.604696],[-79.738996,43.604719],[-79.73888,43.60475],[-79.738762,43.604774],[-79.738642,43.604789],[-79.73852,43.604799],[-79.738397,43.604802],[-79.737812,43.604795],[-79.737785,43.604792],[-79.737759,43.604788],[-79.737734,43.60478]]]]},"properties":{"id":"precisely-site-ca5d02e7aa","src":"precisely","grp":"verify","op":"","ref":"C000PS17O0Q3","locality":"Canada","acres":"7.61","for_site":"site-ca5d02e7aa"}},{"type":"Feature","geometry":{"type":"MultiPolygon","coordinates":[[[[-77.238372,37.4917],[-77.238485,37.491636],[-77.238602,37.491577],[-77.238568,37.491617],[-77.238518,37.491676],[-77.238728,37.491755],[-77.238768,37.491868],[-77.238892,37.491964],[-77.239006,37.492352],[-77.238896,37.492504],[-77.238929,37.492704],[-77.238929,37.492706],[-77.239269,37.492952],[-77.239226,37.493046],[-77.23924,37.493225],[-77.239261,37.493333],[-77.239236,37.493472],[-77.239223,37.49354],[-77.239321,37.493713],[-77.239346,37.493829],[-77.239236,37.493972],[-77.239386,37.494007],[-77.239472,37.494063],[-77.239675,37.494196],[-77.239909,37.494445],[-77.239937,37.494521],[-77.239839,37.494556],[-77.23984,37.494556],[-77.240062,37.494758],[-77.24032,37.494846],[-77.240602,37.494971],[-77.240581,37.495002],[-77.240532,37.495045],[-77.240627,37.495134],[-77.240594,37.495168],[-77.240578,37.49533],[-77.240619,37.495352],[-77.240642,37.495444],[-77.240588,37.495603],[-77.240554,37.495707],[-77.240649,37.495929],[-77.240672,37.495963],[-77.240605,37.496005],[-77.240562,37.496003],[-77.240558,37.496053],[-77.24049,37.496123],[-77.240332,37.496216],[-77.240315,37.496226],[-77.240273,37.496325],[-77.240264,37.496429],[-77.240264,37.496562],[-77.240369,37.496629],[-77.240506,37.496651],[-77.241578,37.497965],[-77.241126,37.498239],[-77.238742,37.499681],[-77.238739,37.49954],[-77.238727,37.499399],[-77.238706,37.499259],[-77.238677,37.499119],[-77.238639,37.498981],[-77.238593,37.498845],[-77.238539,37.49871],[-77.238476,37.498577],[-77.238406,37.498448],[-77.238327,37.498321],[-77.238241,37.498198],[-77.238148,37.498078],[-77.238047,37.497961],[-77.237939,37.497849],[-77.237825,37.497741],[-77.237704,37.497637],[-77.237577,37.497539],[-77.234099,37.494967],[-77.238161,37.491844],[-77.238264,37.49177],[-77.238372,37.4917]]]]},"properties":{"id":"precisely-site-cb02f1883d","src":"precisely","grp":"verify","op":"BANK OF AMERICA NA","ref":"849-706-0950","locality":"51087","acres":"65.01","for_site":"site-cb02f1883d"}},{"type":"Feature","geometry":{"type":"MultiPolygon","coordinates":[[[[115.798316,-31.952809],[115.798783,-31.952981],[115.79879,-31.953565],[115.798793,-31.953798],[115.798797,-31.954112],[115.7988,-31.954392],[115.798803,-31.954655],[115.798805,-31.954749],[115.798805,-31.954817],[115.79881,-31.955209],[115.798817,-31.955836],[115.79882,-31.956061],[115.798822,-31.956186],[115.797624,-31.956197],[115.797653,-31.957121],[115.796235,-31.957059],[115.796233,-31.956934],[115.79665,-31.95611],[115.796656,-31.956626],[115.797425,-31.956619],[115.797406,-31.955907],[115.796815,-31.955907],[115.796815,-31.955896],[115.796647,-31.955895],[115.796648,-31.955952],[115.796151,-31.955323],[115.796129,-31.953419],[115.796341,-31.95336],[115.798316,-31.952809]],[[115.796834,-31.953338],[115.796822,-31.95433],[115.797404,-31.954335],[115.797416,-31.953343],[115.796834,-31.953338]]]]},"properties":{"id":"precisely-site-cb5b205f0f","src":"precisely","grp":"verify","op":"","ref":"LR3133/273","locality":"SHENTON PARK, WA","acres":"20.78","for_site":"site-cb5b205f0f"}},{"type":"Feature","geometry":{"type":"MultiPolygon","coordinates":[[[[153.03486,-27.453639],[153.034855,-27.453643],[153.034757,-27.453743],[153.034825,-27.454003],[153.034826,-27.454019],[153.034822,-27.454036],[153.034812,-27.45405],[153.034511,-27.454354],[153.034485,-27.45437],[153.034454,-27.454371],[153.034426,-27.454359],[153.033913,-27.453964],[153.033895,-27.453942],[153.033893,-27.453917],[153.033907,-27.453893],[153.034245,-27.453551],[153.034353,-27.453441],[153.034517,-27.453275],[153.034653,-27.453378],[153.034597,-27.453435],[153.03486,-27.453639]]]]},"properties":{"id":"precisely-site-cc4197455f","src":"precisely","grp":"new","op":"","ref":"1 SP213170","locality":"FORTITUDE VALLEY, QLD","acres":"1.59","for_site":"site-cc4197455f"}},{"type":"Feature","geometry":{"type":"MultiPolygon","coordinates":[[[[-79.530113,43.798168],[-79.530249,43.798528],[-79.529284,43.798727],[-79.52914,43.798362],[-79.530113,43.798168]]]]},"properties":{"id":"precisely-site-cd8165ee09","src":"precisely","grp":"verify","op":"","ref":"C000PS18A63L","locality":"Canada","acres":"0.84","for_site":"site-cd8165ee09"}},{"type":"Feature","geometry":{"type":"MultiPolygon","coordinates":[[[[-114.080599,51.047107],[-114.080707,51.04711],[-114.080816,51.047113],[-114.080926,51.047116],[-114.08096,51.047118],[-114.081002,51.047146],[-114.08098,51.047456],[-114.080901,51.047454],[-114.080793,51.047451],[-114.080684,51.047448],[-114.080576,51.047445],[-114.080467,51.047442],[-114.080358,51.047439],[-114.080382,51.047101],[-114.08049,51.047104],[-114.080599,51.047107]]]]},"properties":{"id":"precisely-site-cda1af825e","src":"precisely","grp":"verify","op":"","ref":"C000PS14NT3F","locality":"Canada","acres":"0.4","for_site":"site-cda1af825e"}},{"type":"Feature","geometry":{"type":"MultiPolygon","coordinates":[[[[-77.47544,38.907965],[-77.475834,38.908194],[-77.47565,38.908379],[-77.475422,38.908608],[-77.475382,38.908649],[-77.475369,38.908662],[-77.475341,38.908645],[-77.475313,38.908628],[-77.475277,38.908607],[-77.475079,38.90849],[-77.474945,38.90841],[-77.47463,38.908224],[-77.47507,38.907749],[-77.47524,38.907848],[-77.47544,38.907965]]]]},"properties":{"id":"precisely-site-ce38e011f1","src":"precisely","grp":"verify","op":"MA TOWER LLC","ref":"0332 04  0007A5","locality":"51059","acres":"1.32","for_site":"site-ce38e011f1"}},{"type":"Feature","geometry":{"type":"MultiPolygon","coordinates":[[[[-71.209157,42.684861],[-71.209158,42.684864],[-71.209159,42.684866],[-71.20916,42.684868],[-71.209161,42.68487],[-71.209163,42.684873],[-71.209164,42.684875],[-71.209165,42.684878],[-71.209166,42.68488],[-71.209167,42.684882],[-71.209168,42.684884],[-71.209169,42.684887],[-71.209171,42.684889],[-71.209172,42.684891],[-71.209173,42.684893],[-71.209174,42.684895],[-71.209175,42.684898],[-71.209176,42.6849],[-71.209178,42.684903],[-71.209179,42.684904],[-71.20918,42.684907],[-71.209181,42.684909],[-71.209182,42.684912],[-71.209183,42.684914],[-71.209185,42.684916],[-71.209186,42.684918],[-71.209187,42.684921],[-71.209188,42.684923],[-71.20919,42.684925],[-71.209191,42.684927],[-71.209192,42.684929],[-71.209193,42.684932],[-71.209194,42.684934],[-71.209196,42.684937],[-71.209197,42.684939],[-71.209198,42.684941],[-71.209199,42.684943],[-71.209201,42.684946],[-71.209202,42.684948],[-71.209203,42.68495],[-71.209204,42.684952],[-71.209206,42.684955],[-71.209207,42.684957],[-71.209208,42.684959],[-71.209209,42.684961],[-71.209211,42.684963],[-71.209212,42.684966],[-71.209213,42.684968],[-71.209215,42.68497],[-71.209216,42.684972],[-71.209217,42.684974],[-71.209219,42.684977],[-71.20922,42.684979],[-71.209222,42.684982],[-71.209223,42.684984],[-71.209224,42.684987],[-71.209226,42.684988],[-71.209227,42.684991],[-71.209229,42.684994],[-71.20923,42.684996],[-71.209232,42.684999],[-71.209233,42.685001],[-71.209235,42.685003],[-71.209236,42.685005],[-71.209237,42.685008],[-71.209239,42.68501],[-71.20924,42.685013],[-71.209242,42.685015],[-71.209243,42.685018],[-71.209245,42.68502],[-71.209246,42.685022],[-71.209247,42.685025],[-71.209249,42.685027],[-71.20925,42.68503],[-71.209252,42.685032],[-71.209253,42.685034],[-71.209254,42.685036],[-71.209256,42.685039],[-71.209257,42.685042],[-71.209259,42.685044],[-71.20926,42.685046],[-71.209262,42.685049],[-71.209263,42.685051],[-71.209264,42.685053],[-71.209266,42.685056],[-71.209267,42.685058],[-71.209269,42.685061],[-71.20927,42.685063],[-71.209271,42.685066],[-71.209273,42.685067],[-71.209274,42.68507],[-71.209276,42.685073],[-71.209277,42.685075],[-71.209278,42.685078],[-71.20928,42.68508],[-71.209281,42.685082],[-71.209283,42.685084],[-71.209284,42.685087],[-71.209285,42.68509],[-71.209287,42.685092],[-71.209288,42.685094],[-71.20929,42.685097],[-71.209291,42.685099],[-71.209292,42.685101],[-71.209294,42.685104],[-71.209295,42.685106],[-71.209296,42.685109],[-71.209298,42.685111],[-71.209299,42.685114],[-71.209301,42.685115],[-71.209302,42.685118],[-71.209303,42.685121],[-71.209305,42.685123],[-71.209306,42.685126],[-71.209308,42.685128],[-71.209309,42.68513],[-71.20931,42.685132],[-71.209312,42.685135],[-71.209313,42.685137],[-71.209314,42.68514],[-71.209316,42.685142],[-71.209317,42.685145],[-71.209318,42.685147],[-71.20932,42.68515],[-71.209321,42.685152],[-71.209323,42.685154],[-71.209324,42.685157],[-71.209325,42.685159],[-71.209327,42.685162],[-71.209328,42.685164],[-71.209329,42.685167],[-71.209331,42.685169],[-71.209332,42.685171],[-71.209333,42.685174],[-71.209335,42.685176],[-71.209336,42.685179],[-71.209338,42.685181],[-71.209339,42.685183],[-71.20934,42.685185],[-71.209342,42.685188],[-71.209343,42.685191],[-71.209344,42.685193],[-71.209346,42.685196],[-71.209347,42.685198],[-71.209348,42.6852],[-71.20935,42.685202],[-71.209351,42.685205],[-71.209352,42.685208],[-71.209354,42.68521],[-71.209355,42.685213],[-71.209356,42.685215],[-71.209358,42.685217],[-71.209359,42.685219],[-71.20936,42.685222],[-71.209362,42.685225],[-71.209363,42.685227],[-71.209364,42.685229],[-71.209366,42.685232],[-71.209367,42.685234],[-71.209368,42.685236],[-71.20937,42.685239],[-71.209371,42.685242],[-71.209835,42.685925],[-71.209836,42.685928],[-71.209838,42.68593],[-71.209839,42.685932],[-71.209841,42.685934],[-71.209843,42.685937],[-71.209844,42.685939],[-71.209846,42.685942],[-71.209848,42.685944],[-71.209849,42.685946],[-71.209851,42.685948],[-71.209852,42.685951],[-71.209854,42.685953],[-71.209856,42.685956],[-71.209857,42.685958],[-71.209859,42.68596],[-71.209861,42.685962],[-71.209862,42.685965],[-71.209864,42.685967],[-71.209865,42.68597],[-71.209867,42.685972],[-71.209869,42.685974],[-71.20987,42.685976],[-71.209872,42.685979],[-71.209874,42.685981],[-71.209875,42.685984],[-71.209877,42.685986],[-71.209879,42.685989],[-71.20988,42.68599],[-71.209882,42.685993],[-71.209883,42.685996],[-71.209885,42.685998],[-71.209887,42.686],[-71.209888,42.686003],[-71.20989,42.686004],[-71.209892,42.686007],[-71.209893,42.68601],[-71.209895,42.686012],[-71.209897,42.686014],[-71.209898,42.686017],[-71.2099,42.686018],[-71.209902,42.686021],[-71.209903,42.686024],[-71.209905,42.686026],[-71.209907,42.686028],[-71.209908,42.686031],[-71.20991,42.686032],[-71.209911,42.686035],[-71.209913,42.686038],[-71.209915,42.68604],[-71.209916,42.686042],[-71.209918,42.686045],[-71.20992,42.686046],[-71.209921,42.686049],[-71.209923,42.686052],[-71.209925,42.686054],[-71.209926,42.686056],[-71.209928,42.686059],[-71.20993,42.686061],[-71.209931,42.686063],[-71.209933,42.686066],[-71.209935,42.686068],[-71.209936,42.68607],[-71.209938,42.686072],[-71.20994,42.686075],[-71.209941,42.686077],[-71.209943,42.68608],[-71.209945,42.686082],[-71.209946,42.686084],[-71.209948,42.686086],[-71.20995,42.686089],[-71.209951,42.686091],[-71.209953,42.686094],[-71.209955,42.686096],[-71.209956,42.686098],[-71.209958,42.6861],[-71.20996,42.686103],[-71.209961,42.686105],[-71.209963,42.686107],[-71.209965,42.68611],[-71.209967,42.686112],[-71.209968,42.686114],[-71.20997,42.686117],[-71.209972,42.686119],[-71.209973,42.686121],[-71.209975,42.686124],[-71.209977,42.686126],[-71.209978,42.686128],[-71.20998,42.686131],[-71.209982,42.686133],[-71.209983,42.686135],[-71.209985,42.686138],[-71.209987,42.686139],[-71.209988,42.686142],[-71.20999,42.686145],[-71.209992,42.686147],[-71.209994,42.686149],[-71.209995,42.686152],[-71.209997,42.686153],[-71.209999,42.686156],[-71.21,42.686159],[-71.210002,42.686161],[-71.210004,42.686163],[-71.210005,42.686165],[-71.210007,42.686167],[-71.210009,42.68617],[-71.210011,42.686172],[-71.210012,42.686175],[-71.210014,42.686177],[-71.210016,42.686179],[-71.210017,42.686182],[-71.210019,42.686184],[-71.210021,42.686186],[-71.210022,42.686189],[-71.210024,42.68619],[-71.210026,42.686193],[-71.210028,42.686196],[-71.210029,42.686198],[-71.210031,42.6862],[-71.210033,42.686203],[-71.210034,42.686204],[-71.210036,42.686207],[-71.210038,42.686209],[-71.21004,42.686212],[-71.210041,42.686214],[-71.210043,42.686216],[-71.210045,42.686218],[-71.210046,42.686221],[-71.210048,42.686223],[-71.21005,42.686226],[-71.210052,42.686228],[-71.210053,42.68623],[-71.210055,42.686232],[-71.210057,42.686235],[-71.210059,42.686237],[-71.21006,42.686239],[-71.210062,42.686242],[-71.210064,42.686244],[-71.210065,42.686246],[-71.210067,42.686249],[-71.210069,42.686251],[-71.210071,42.686253],[-71.20995,42.686262],[-71.20851,42.68637],[-71.208332,42.686383],[-71.207903,42.686415],[-71.207866,42.686336],[-71.20755,42.685657],[-71.207634,42.685494],[-71.207815,42.68514],[-71.209005,42.684786],[-71.209109,42.684755],[-71.209156,42.684859],[-71.209157,42.684861]]]]},"properties":{"id":"precisely-site-cfb4ef0f7e","src":"precisely","grp":"verify","op":"ANDOVER TECHNOLOGY PTNRS","ref":"167-12A","locality":"25009","acres":"6.05","for_site":"site-cfb4ef0f7e"}},{"type":"Feature","geometry":{"type":"MultiPolygon","coordinates":[[[[-123.119932,49.286903],[-123.119741,49.287183],[-123.119728,49.287202],[-123.119717,49.28722],[-123.119201,49.287069],[-123.119149,49.287053],[-123.119176,49.287013],[-123.119374,49.286722],[-123.119444,49.286743],[-123.119516,49.286694],[-123.119757,49.286535],[-123.120052,49.286726],[-123.119858,49.286855],[-123.119932,49.286903]]]]},"properties":{"id":"precisely-site-d0cea50692","src":"precisely","grp":"verify","op":"","ref":"C000PS16AE2U","locality":"Canada","acres":"0.65","for_site":"site-d0cea50692"}},{"type":"Feature","geometry":{"type":"MultiPolygon","coordinates":[[[[-79.412537,43.641397],[-79.412683,43.641779],[-79.412549,43.641806],[-79.412038,43.641907],[-79.411892,43.641526],[-79.412537,43.641397]]]]},"properties":{"id":"precisely-site-d17d4a2f07","src":"precisely","grp":"verify","op":"","ref":"C000PS1823FC","locality":"Canada","acres":"0.59","for_site":"site-d17d4a2f07"}},{"type":"Feature","geometry":{"type":"MultiPolygon","coordinates":[[[[115.895376,-31.864233],[115.895424,-31.864114],[115.895913,-31.863912],[115.895938,-31.863901],[115.895989,-31.86389],[115.896165,-31.86385],[115.896284,-31.863927],[115.896284,-31.864036],[115.896313,-31.864326],[115.896395,-31.864608],[115.896431,-31.86468],[115.896362,-31.864708],[115.896394,-31.864765],[115.896216,-31.864839],[115.895814,-31.865005],[115.895524,-31.864494],[115.895376,-31.864233]]]]},"properties":{"id":"precisely-site-d2137f42c8","src":"precisely","grp":"verify","op":"","ref":"2788/397","locality":"MALAGA, WA","acres":"2","for_site":"site-d2137f42c8"}},{"type":"Feature","geometry":{"type":"MultiPolygon","coordinates":[[[[-97.137178,49.89837],[-97.137443,49.898433],[-97.137142,49.898826],[-97.136236,49.898537],[-97.136519,49.898166],[-97.137202,49.898328],[-97.137178,49.89837]]]]},"properties":{"id":"precisely-site-d27c2a3a6a","src":"precisely","grp":"new","op":"","ref":"C000PS16TGUD","locality":"Canada","acres":"0.87","for_site":"site-d27c2a3a6a"}},{"type":"Feature","geometry":{"type":"MultiPolygon","coordinates":[[[[-80.003101,40.450882],[-80.003099,40.450872],[-80.003099,40.450864],[-80.003099,40.450855],[-80.0031,40.450845],[-80.003102,40.450836],[-80.003104,40.450827],[-80.003108,40.450819],[-80.003113,40.45081],[-80.003118,40.450802],[-80.003124,40.450794],[-80.003131,40.450787],[-80.003139,40.450779],[-80.003147,40.450773],[-80.003156,40.450767],[-80.003166,40.450761],[-80.003176,40.450757],[-80.003179,40.450756],[-80.004622,40.450481],[-80.004828,40.450441],[-80.005114,40.450387],[-80.005312,40.450349],[-80.005471,40.450318],[-80.005567,40.4503],[-80.005646,40.450285],[-80.00574,40.450267],[-80.005846,40.450247],[-80.005951,40.450227],[-80.00603,40.450211],[-80.006241,40.450171],[-80.006549,40.450112],[-80.00666,40.450091],[-80.006738,40.450077],[-80.006746,40.450076],[-80.006755,40.450075],[-80.006764,40.450075],[-80.006772,40.450076],[-80.006781,40.450077],[-80.006789,40.450079],[-80.006797,40.450081],[-80.006804,40.450084],[-80.006811,40.450089],[-80.006818,40.450093],[-80.006823,40.450098],[-80.006829,40.450103],[-80.006833,40.450108],[-80.006837,40.450114],[-80.00684,40.450121],[-80.006914,40.450343],[-80.006934,40.450405],[-80.00696,40.450483],[-80.00698,40.450543],[-80.007004,40.450615],[-80.007022,40.450668],[-80.007058,40.450775],[-80.007094,40.450885],[-80.007112,40.450941],[-80.00713,40.450994],[-80.007147,40.451046],[-80.007167,40.451105],[-80.007184,40.451156],[-80.007202,40.451211],[-80.007217,40.451257],[-80.007236,40.451313],[-80.007252,40.451361],[-80.007265,40.451413],[-80.006454,40.451569],[-80.005345,40.451778],[-80.005362,40.451833],[-80.005294,40.451845],[-80.004449,40.452005],[-80.00443,40.452],[-80.004411,40.451996],[-80.004391,40.451992],[-80.004372,40.451989],[-80.004352,40.451988],[-80.004332,40.451986],[-80.004312,40.451985],[-80.004248,40.451997],[-80.003532,40.452123],[-80.003107,40.4509],[-80.003104,40.450891],[-80.003101,40.450882]]]]},"properties":{"id":"precisely-site-d29df9bdf4","src":"precisely","grp":"new","op":"FAROS ACA RE LLC","ref":"0008C00236000600","locality":"42003","acres":"12.65","for_site":"site-d29df9bdf4"}},{"type":"Feature","geometry":{"type":"MultiPolygon","coordinates":[[[[-96.791206,43.598479],[-96.791206,43.598389],[-96.791234,43.598389],[-96.792377,43.598384],[-96.792593,43.598383],[-96.794686,43.598375],[-96.794853,43.598374],[-96.794852,43.598728],[-96.797097,43.599674],[-96.796026,43.601015],[-96.796181,43.601081],[-96.796181,43.601228],[-96.796181,43.601803],[-96.794795,43.601809],[-96.794794,43.601738],[-96.794681,43.601739],[-96.794682,43.60181],[-96.793096,43.601817],[-96.793095,43.601693],[-96.792982,43.601694],[-96.792983,43.601817],[-96.792519,43.60182],[-96.792521,43.60086],[-96.7912,43.600858],[-96.791201,43.600529],[-96.791203,43.599467],[-96.791206,43.598479]]]]},"properties":{"id":"precisely-site-d454049aa6","src":"precisely","grp":"verify","op":"ADP TAX SERVICES INC","ref":"011535225001000","locality":"46099","acres":"34.69","for_site":"site-d454049aa6"}},{"type":"Feature","geometry":{"type":"MultiPolygon","coordinates":[[[[-79.677085,43.688452],[-79.677929,43.689481],[-79.677163,43.689584],[-79.676997,43.689708],[-79.676294,43.688914],[-79.67677,43.688636],[-79.676809,43.688613],[-79.677085,43.688452]]]]},"properties":{"id":"precisely-site-d4572022a3","src":"precisely","grp":"verify","op":"","ref":"C000PS17S05L","locality":"Canada","acres":"2.24","for_site":"site-d4572022a3"}},{"type":"Feature","geometry":{"type":"MultiPolygon","coordinates":[[[[-79.317096,43.83994],[-79.31691,43.839982],[-79.316066,43.84018],[-79.316196,43.840653],[-79.316209,43.840697],[-79.31521,43.840938],[-79.315221,43.84092],[-79.315227,43.8409],[-79.31523,43.84088],[-79.315228,43.84086],[-79.315222,43.840841],[-79.315105,43.840869],[-79.315045,43.840602],[-79.314977,43.840347],[-79.314652,43.839313],[-79.314543,43.838925],[-79.314431,43.838642],[-79.31433,43.83831],[-79.313872,43.837322],[-79.313353,43.83661],[-79.313281,43.836565],[-79.314851,43.836186],[-79.315172,43.836393],[-79.31518,43.836398],[-79.315185,43.836402],[-79.315588,43.836662],[-79.315873,43.837281],[-79.316699,43.837083],[-79.316785,43.837062],[-79.317696,43.83904],[-79.317151,43.839172],[-79.317148,43.839172],[-79.317146,43.839173],[-79.317143,43.839173],[-79.317141,43.839174],[-79.317139,43.839175],[-79.317136,43.839175],[-79.317134,43.839176],[-79.317131,43.839177],[-79.317129,43.839178],[-79.317127,43.839178],[-79.317125,43.83918],[-79.317123,43.839181],[-79.317121,43.839182],[-79.317119,43.839184],[-79.317117,43.839184],[-79.317115,43.839186],[-79.317113,43.839188],[-79.317111,43.839189],[-79.31711,43.83919],[-79.317108,43.839192],[-79.317107,43.839194],[-79.317105,43.839195],[-79.317104,43.839197],[-79.317103,43.839198],[-79.317102,43.8392],[-79.317101,43.839202],[-79.3171,43.839204],[-79.317099,43.839206],[-79.317098,43.839207],[-79.317098,43.839209],[-79.317097,43.839211],[-79.317097,43.839212],[-79.317097,43.839215],[-79.317096,43.839217],[-79.317096,43.839219],[-79.317096,43.83922],[-79.317096,43.839222],[-79.317097,43.839224],[-79.317097,43.839226],[-79.317097,43.839228],[-79.317098,43.839229],[-79.317098,43.839232],[-79.317099,43.839233],[-79.3171,43.839235],[-79.317101,43.839237],[-79.317102,43.839239],[-79.317103,43.83924],[-79.317104,43.839242],[-79.317104,43.839243],[-79.317568,43.840245],[-79.31758,43.840265],[-79.317596,43.840284],[-79.317598,43.840286],[-79.31743,43.840326],[-79.317259,43.839903],[-79.317096,43.83994]]]]},"properties":{"id":"precisely-site-d46c7ac242","src":"precisely","grp":"verify","op":"","ref":"C000PS18966L","locality":"Canada","acres":"24.08","for_site":"site-d46c7ac242"}},{"type":"Feature","geometry":{"type":"MultiPolygon","coordinates":[[[[-79.412537,43.641397],[-79.412683,43.641779],[-79.412549,43.641806],[-79.412038,43.641907],[-79.411892,43.641526],[-79.412537,43.641397]]]]},"properties":{"id":"precisely-site-d4c5fb01ab","src":"precisely","grp":"new","op":"","ref":"C000PS1823FC","locality":"Canada","acres":"0.59","for_site":"site-d4c5fb01ab"}},{"type":"Feature","geometry":{"type":"MultiPolygon","coordinates":[[[[150.882526,-33.800455],[150.882688,-33.799674],[150.882691,-33.799652],[150.882693,-33.79963],[150.882696,-33.799592],[150.882696,-33.799553],[150.882693,-33.799515],[150.882687,-33.799477],[150.88268,-33.799439],[150.882669,-33.799401],[150.882657,-33.799364],[150.882642,-33.799327],[150.882623,-33.79928],[150.882607,-33.799231],[150.882593,-33.799182],[150.882583,-33.799133],[150.882576,-33.799083],[150.882572,-33.799032],[150.882571,-33.798982],[150.882574,-33.798932],[150.882579,-33.798882],[150.882588,-33.798832],[150.882793,-33.797877],[150.882634,-33.79786],[150.882506,-33.797851],[150.880984,-33.797735],[150.880883,-33.7978],[150.880456,-33.800032],[150.880342,-33.800639],[150.880232,-33.800624],[150.880113,-33.801248],[150.880907,-33.801258],[150.881009,-33.801259],[150.881793,-33.801263],[150.882356,-33.801269],[150.882597,-33.801269],[150.882526,-33.800455]]]]},"properties":{"id":"precisely-site-d540438b27","src":"precisely","grp":"verify","op":"","ref":"1/1266158","locality":"HUNTINGWOOD, NSW","acres":"18.41","for_site":"site-d540438b27"}},{"type":"Feature","geometry":{"type":"MultiPolygon","coordinates":[[[[-80.003101,40.450882],[-80.003099,40.450872],[-80.003099,40.450864],[-80.003099,40.450855],[-80.0031,40.450845],[-80.003102,40.450836],[-80.003104,40.450827],[-80.003108,40.450819],[-80.003113,40.45081],[-80.003118,40.450802],[-80.003124,40.450794],[-80.003131,40.450787],[-80.003139,40.450779],[-80.003147,40.450773],[-80.003156,40.450767],[-80.003166,40.450761],[-80.003176,40.450757],[-80.003179,40.450756],[-80.004622,40.450481],[-80.004828,40.450441],[-80.005114,40.450387],[-80.005312,40.450349],[-80.005471,40.450318],[-80.005567,40.4503],[-80.005646,40.450285],[-80.00574,40.450267],[-80.005846,40.450247],[-80.005951,40.450227],[-80.00603,40.450211],[-80.006241,40.450171],[-80.006549,40.450112],[-80.00666,40.450091],[-80.006738,40.450077],[-80.006746,40.450076],[-80.006755,40.450075],[-80.006764,40.450075],[-80.006772,40.450076],[-80.006781,40.450077],[-80.006789,40.450079],[-80.006797,40.450081],[-80.006804,40.450084],[-80.006811,40.450089],[-80.006818,40.450093],[-80.006823,40.450098],[-80.006829,40.450103],[-80.006833,40.450108],[-80.006837,40.450114],[-80.00684,40.450121],[-80.006914,40.450343],[-80.006934,40.450405],[-80.00696,40.450483],[-80.00698,40.450543],[-80.007004,40.450615],[-80.007022,40.450668],[-80.007058,40.450775],[-80.007094,40.450885],[-80.007112,40.450941],[-80.00713,40.450994],[-80.007147,40.451046],[-80.007167,40.451105],[-80.007184,40.451156],[-80.007202,40.451211],[-80.007217,40.451257],[-80.007236,40.451313],[-80.007252,40.451361],[-80.007265,40.451413],[-80.006454,40.451569],[-80.005345,40.451778],[-80.005362,40.451833],[-80.005294,40.451845],[-80.004449,40.452005],[-80.00443,40.452],[-80.004411,40.451996],[-80.004391,40.451992],[-80.004372,40.451989],[-80.004352,40.451988],[-80.004332,40.451986],[-80.004312,40.451985],[-80.004248,40.451997],[-80.003532,40.452123],[-80.003107,40.4509],[-80.003104,40.450891],[-80.003101,40.450882]]]]},"properties":{"id":"precisely-site-d60fc1d301","src":"precisely","grp":"new","op":"FAROS ACA RE LLC","ref":"0008C00236000600","locality":"42003","acres":"12.65","for_site":"site-d60fc1d301"}},{"type":"Feature","geometry":{"type":"MultiPolygon","coordinates":[[[[-70.300014,43.6579],[-70.3002,43.657995],[-70.30006,43.65809],[-70.299532,43.658251],[-70.299442,43.658136],[-70.299366,43.658038],[-70.299874,43.657828],[-70.300014,43.6579]]]]},"properties":{"id":"precisely-site-d68550f285","src":"precisely","grp":"new","op":"MAINE FIBER CO LLC","ref":"197 A003001","locality":"23005","acres":"0.4","for_site":"site-d68550f285"}},{"type":"Feature","geometry":{"type":"MultiPolygon","coordinates":[[[[-93.26602,45.000355],[-93.266021,45.000807],[-93.265766,45.000807],[-93.265765,45.000355],[-93.265764,45.000165],[-93.26602,45.000165],[-93.26602,45.000355]]]]},"properties":{"id":"precisely-site-d74ddb6052","src":"precisely","grp":"new","op":"","ref":"1402924230196","locality":"27053","acres":"0.35","for_site":"site-d74ddb6052"}},{"type":"Feature","geometry":{"type":"MultiPolygon","coordinates":[[[[-79.870016,43.256453],[-79.87019,43.256501],[-79.870437,43.256568],[-79.870448,43.256571],[-79.870419,43.256637],[-79.870373,43.256739],[-79.870299,43.256908],[-79.870034,43.256836],[-79.869847,43.256784],[-79.870016,43.256453]]]]},"properties":{"id":"precisely-site-d826eccdac","src":"precisely","grp":"verify","op":"","ref":"C000PS17LU9I","locality":"Canada","acres":"0.37","for_site":"site-d826eccdac"}},{"type":"Feature","geometry":{"type":"MultiPolygon","coordinates":[[[[-79.59078,43.66596],[-79.591013,43.66584],[-79.591285,43.665699],[-79.592409,43.665524],[-79.592803,43.666848],[-79.592692,43.66687],[-79.592491,43.666903],[-79.592478,43.666905],[-79.592203,43.666951],[-79.591649,43.667044],[-79.590804,43.66707],[-79.590425,43.666764],[-79.590435,43.666552],[-79.590515,43.666277],[-79.59078,43.66596]]]]},"properties":{"id":"precisely-site-d8addff1ae","src":"precisely","grp":"verify","op":"","ref":"C000PS176Y37","locality":"Canada","acres":"6.01","for_site":"site-d8addff1ae"}},{"type":"Feature","geometry":{"type":"MultiPolygon","coordinates":[[[[138.636442,-34.735427],[138.636178,-34.735325],[138.635968,-34.735257],[138.635323,-34.735082],[138.635181,-34.735036],[138.635041,-34.734977],[138.63494,-34.734912],[138.6349,-34.734779],[138.635887,-34.73322],[138.636074,-34.73326],[138.636266,-34.73326],[138.636452,-34.733218],[138.636619,-34.733138],[138.636977,-34.733209],[138.637726,-34.733533],[138.637755,-34.733545],[138.637765,-34.733549],[138.637789,-34.73356],[138.63657,-34.735483],[138.636442,-34.735427]]]]},"properties":{"id":"precisely-site-d8bda5d5ce","src":"precisely","grp":"new","op":"","ref":"D74171AL55","locality":"EDINBURGH, SA","acres":"10.02","for_site":"site-d8bda5d5ce"}},{"type":"Feature","geometry":{"type":"MultiPolygon","coordinates":[[[[144.779892,-37.781572],[144.779758,-37.782563],[144.779134,-37.782509],[144.77851,-37.782456],[144.778675,-37.781231],[144.779892,-37.781572]]]]},"properties":{"id":"precisely-site-d9856a0a56","src":"precisely","grp":"verify","op":"","ref":"163\\PS600843","locality":"DEER PARK, VIC","acres":"3.38","for_site":"site-d9856a0a56"}},{"type":"Feature","geometry":{"type":"MultiPolygon","coordinates":[[[[153.031092,-27.460108],[153.031007,-27.460041],[153.030974,-27.45998],[153.030944,-27.459346],[153.03096,-27.459318],[153.030986,-27.459302],[153.031017,-27.459301],[153.031046,-27.459313],[153.031557,-27.459714],[153.031452,-27.459821],[153.031438,-27.459809],[153.031341,-27.459908],[153.031319,-27.45989],[153.031257,-27.459952],[153.031188,-27.460011],[153.031092,-27.460108]]]]},"properties":{"id":"precisely-site-dade8cf3f0","src":"precisely","grp":"verify","op":"","ref":"101 SP218954","locality":"FORTITUDE VALLEY, QLD","acres":"0.74","for_site":"site-dade8cf3f0"}},{"type":"Feature","geometry":{"type":"MultiPolygon","coordinates":[[[[153.031092,-27.460108],[153.031007,-27.460041],[153.030974,-27.45998],[153.030944,-27.459346],[153.03096,-27.459318],[153.030986,-27.459302],[153.031017,-27.459301],[153.031046,-27.459313],[153.031557,-27.459714],[153.031452,-27.459821],[153.031438,-27.459809],[153.031341,-27.459908],[153.031319,-27.45989],[153.031257,-27.459952],[153.031188,-27.460011],[153.031092,-27.460108]]]]},"properties":{"id":"precisely-site-db78c12719","src":"precisely","grp":"new","op":"","ref":"101 SP218954","locality":"FORTITUDE VALLEY, QLD","acres":"0.74","for_site":"site-db78c12719"}},{"type":"Feature","geometry":{"type":"MultiPolygon","coordinates":[[[[-93.716346,41.516453],[-93.716263,41.516434],[-93.716179,41.516422],[-93.716093,41.516417],[-93.716008,41.516419],[-93.715923,41.516427],[-93.715839,41.516442],[-93.715758,41.516462],[-93.715469,41.516552],[-93.71543,41.516564],[-93.713549,41.515342],[-93.712872,41.515051],[-93.712936,41.514922],[-93.712992,41.514791],[-93.713041,41.514658],[-93.713081,41.514524],[-93.713113,41.514388],[-93.713136,41.514252],[-93.713151,41.514115],[-93.713157,41.513977],[-93.713667,41.51397],[-93.713741,41.513972],[-93.713815,41.513979],[-93.713886,41.513992],[-93.713956,41.514011],[-93.714241,41.514101],[-93.71367,41.515128],[-93.716298,41.515953],[-93.717003,41.514685],[-93.714375,41.513859],[-93.714297,41.513999],[-93.714012,41.51391],[-93.713928,41.513887],[-93.713842,41.513871],[-93.713753,41.513862],[-93.713664,41.51386],[-93.713156,41.513868],[-93.71315,41.513769],[-93.71314,41.513672],[-93.713126,41.513574],[-93.713249,41.513485],[-93.718942,41.514219],[-93.719179,41.514253],[-93.719414,41.514293],[-93.719646,41.514339],[-93.719877,41.514391],[-93.720105,41.51445],[-93.72033,41.514514],[-93.720553,41.514583],[-93.720772,41.514658],[-93.720987,41.51474],[-93.721198,41.514826],[-93.721406,41.514918],[-93.721609,41.515015],[-93.72235,41.515383],[-93.722966,41.515688],[-93.723228,41.515818],[-93.723396,41.515902],[-93.72373,41.516071],[-93.724393,41.516408],[-93.724169,41.516664],[-93.724048,41.516604],[-93.722545,41.518394],[-93.719702,41.517869],[-93.719589,41.517844],[-93.719227,41.517766],[-93.719002,41.517662],[-93.7165,41.516508],[-93.716425,41.516477],[-93.716346,41.516453]]]]},"properties":{"id":"precisely-site-db9efa1bf7","src":"precisely","grp":"verify","op":"","ref":"782534400031","locality":"19153","acres":"59.21","for_site":"site-db9efa1bf7"}},{"type":"Feature","geometry":{"type":"MultiPolygon","coordinates":[[[[151.072342,-33.850025],[151.072285,-33.849959],[151.072166,-33.849819],[151.072065,-33.849701],[151.071923,-33.849534],[151.071627,-33.849188],[151.071585,-33.849213],[151.071544,-33.849239],[151.071503,-33.849266],[151.071463,-33.849293],[151.071424,-33.849321],[151.071385,-33.84935],[151.071347,-33.849379],[151.071309,-33.849408],[151.071272,-33.849438],[151.070932,-33.849719],[151.07158,-33.850478],[151.072342,-33.850025]]]]},"properties":{"id":"precisely-site-dbd801f5f7","src":"precisely","grp":"verify","op":"","ref":"24/787402","locality":"SYDNEY OLYMPIC PARK, NSW","acres":"2.35","for_site":"site-dbd801f5f7"}},{"type":"Feature","geometry":{"type":"MultiPolygon","coordinates":[[[[-73.868661,45.446414],[-73.868001,45.445758],[-73.867799,45.445167],[-73.868489,45.444819],[-73.869212,45.444467],[-73.869438,45.444692],[-73.870887,45.446133],[-73.869207,45.446958],[-73.868661,45.446414]]]]},"properties":{"id":"precisely-site-dc0ef6b514","src":"precisely","grp":"verify","op":"","ref":"C000PS1AAYJ4","locality":"Canada","acres":"8.78","for_site":"site-dc0ef6b514"}},{"type":"Feature","geometry":{"type":"MultiPolygon","coordinates":[[[[-106.729524,32.309761],[-106.729494,32.309771],[-106.729351,32.309817],[-106.729022,32.309923],[-106.728961,32.309943],[-106.728733,32.309431],[-106.729291,32.309252],[-106.729415,32.309518],[-106.729418,32.309523],[-106.72942,32.309526],[-106.729524,32.309761]]]]},"properties":{"id":"precisely-site-dc2080cbb1","src":"precisely","grp":"verify","op":"","ref":"4-010-135-169-209","locality":"35013","acres":"0.85","for_site":"site-dc2080cbb1"}},{"type":"Feature","geometry":{"type":"MultiPolygon","coordinates":[[[[-95.860723,41.22284],[-95.860723,41.222839],[-95.860727,41.2225],[-95.860736,41.221848],[-95.860738,41.221671],[-95.860741,41.221414],[-95.860755,41.220369],[-95.860762,41.219818],[-95.860933,41.219821],[-95.86285,41.219845],[-95.862853,41.219845],[-95.862854,41.219845],[-95.862909,41.219845],[-95.862943,41.219846],[-95.863851,41.219857],[-95.864393,41.219864],[-95.865445,41.219877],[-95.865453,41.219877],[-95.866022,41.219884],[-95.866205,41.219887],[-95.866228,41.219887],[-95.866332,41.219888],[-95.86651,41.219891],[-95.867804,41.219907],[-95.867804,41.21993],[-95.867803,41.220044],[-95.867796,41.220661],[-95.867794,41.220661],[-95.867793,41.220801],[-95.867791,41.220948],[-95.867787,41.221415],[-95.867781,41.221944],[-95.867781,41.221977],[-95.867778,41.222316],[-95.867767,41.223327],[-95.867763,41.223698],[-95.866319,41.223681],[-95.866298,41.223681],[-95.866288,41.223681],[-95.866263,41.223681],[-95.866246,41.22368],[-95.866161,41.223679],[-95.866147,41.223679],[-95.866033,41.223678],[-95.866028,41.223927],[-95.866028,41.223943],[-95.866027,41.223971],[-95.86597,41.224011],[-95.865959,41.224019],[-95.865396,41.224013],[-95.864819,41.224006],[-95.864816,41.224006],[-95.864831,41.222888],[-95.86483,41.222888],[-95.860723,41.22284]],[[-95.86692,41.222914],[-95.866913,41.22352],[-95.867531,41.223524],[-95.867538,41.222921],[-95.86754,41.222756],[-95.867542,41.222536],[-95.866924,41.222532],[-95.866922,41.222752],[-95.86692,41.222914]]]]},"properties":{"id":"precisely-site-dc972f5aa6","src":"precisely","grp":"verify","op":"TETRA LLC","ref":"744411476005","locality":"19155","acres":"53.74","for_site":"site-dc972f5aa6"}},{"type":"Feature","geometry":{"type":"MultiPolygon","coordinates":[[[[151.19449,-33.872539],[151.194851,-33.872403],[151.194782,-33.872282],[151.194417,-33.872412],[151.19449,-33.872539]]]]},"properties":{"id":"precisely-site-dc9a2393a1","src":"precisely","grp":"verify","op":"","ref":"4/3199","locality":"PYRMONT, NSW","acres":"0.14","for_site":"site-dc9a2393a1"}},{"type":"Feature","geometry":{"type":"MultiPolygon","coordinates":[[[[-113.955336,50.99157],[-113.956398,50.991387],[-113.956425,50.991378],[-113.957244,50.991066],[-113.958068,50.990849],[-113.958176,50.990833],[-113.958176,50.991386],[-113.958176,50.991567],[-113.958177,50.992676],[-113.958177,50.992698],[-113.958177,50.992811],[-113.958068,50.992811],[-113.956807,50.992811],[-113.956736,50.992811],[-113.956736,50.992818],[-113.955079,50.992819],[-113.955085,50.992813],[-113.955092,50.9927],[-113.955066,50.992673],[-113.954923,50.992625],[-113.954922,50.99157],[-113.955064,50.99157],[-113.955336,50.99157]]]]},"properties":{"id":"precisely-site-dd4f318d67","src":"precisely","grp":"verify","op":"","ref":"C000PS14LSXP","locality":"Canada","acres":"9.64","for_site":"site-dd4f318d67"}},{"type":"Feature","geometry":{"type":"MultiPolygon","coordinates":[[[[149.135564,-35.207411],[149.135346,-35.20852],[149.134572,-35.208417],[149.134535,-35.208414],[149.134499,-35.208412],[149.134463,-35.208413],[149.134426,-35.208416],[149.13439,-35.208422],[149.134355,-35.208429],[149.134321,-35.208439],[149.134287,-35.208451],[149.134497,-35.207382],[149.135564,-35.207411]]]]},"properties":{"id":"precisely-site-de3e4bed9a","src":"precisely","grp":"verify","op":"","ref":"GUNG/MITC/47/22","locality":"MITCHELL, ACT","acres":"2.84","for_site":"site-de3e4bed9a"}},{"type":"Feature","geometry":{"type":"MultiPolygon","coordinates":[[[[-71.932725,45.392418],[-71.932732,45.392421],[-71.932738,45.392425],[-71.932745,45.392428],[-71.932752,45.392432],[-71.932758,45.392435],[-71.932765,45.392439],[-71.932771,45.392442],[-71.932778,45.392445],[-71.932785,45.392449],[-71.932791,45.392452],[-71.932798,45.392455],[-71.932805,45.392459],[-71.932812,45.392462],[-71.932818,45.392465],[-71.932825,45.392469],[-71.932832,45.392472],[-71.932839,45.392475],[-71.932846,45.392478],[-71.932852,45.392481],[-71.932859,45.392484],[-71.932866,45.392488],[-71.932873,45.392491],[-71.93288,45.392494],[-71.932887,45.392497],[-71.932894,45.3925],[-71.932901,45.392503],[-71.932908,45.392506],[-71.932915,45.392509],[-71.932922,45.392512],[-71.932929,45.392515],[-71.932936,45.392518],[-71.932943,45.392521],[-71.93295,45.392523],[-71.932957,45.392526],[-71.932964,45.392529],[-71.932972,45.392532],[-71.932979,45.392535],[-71.932986,45.392537],[-71.932993,45.39254],[-71.933,45.392543],[-71.933008,45.392546],[-71.933015,45.392548],[-71.933022,45.392551],[-71.933029,45.392554],[-71.933037,45.392556],[-71.933044,45.392559],[-71.933051,45.392562],[-71.933059,45.392564],[-71.933066,45.392567],[-71.933074,45.392569],[-71.933081,45.392571],[-71.933089,45.392574],[-71.933098,45.392577],[-71.933106,45.39258],[-71.933115,45.392582],[-71.933123,45.392585],[-71.933132,45.392588],[-71.93314,45.392591],[-71.933149,45.392594],[-71.933157,45.392596],[-71.933166,45.392599],[-71.933175,45.392602],[-71.933183,45.392604],[-71.933192,45.392607],[-71.9332,45.392609],[-71.933209,45.392612],[-71.933218,45.392614],[-71.933226,45.392616],[-71.933235,45.392619],[-71.933244,45.392622],[-71.933252,45.392624],[-71.933261,45.392626],[-71.93327,45.392629],[-71.933279,45.39263],[-71.933287,45.392633],[-71.933296,45.392636],[-71.933305,45.392638],[-71.933314,45.39264],[-71.933322,45.392642],[-71.933331,45.392644],[-71.93334,45.392647],[-71.933349,45.392649],[-71.933358,45.39265],[-71.933367,45.392653],[-71.933375,45.392655],[-71.933384,45.392657],[-71.933393,45.392659],[-71.933402,45.392661],[-71.933411,45.392663],[-71.93342,45.392665],[-71.933429,45.392667],[-71.933438,45.392669],[-71.933447,45.392671],[-71.933456,45.392672],[-71.933465,45.392675],[-71.933474,45.392677],[-71.933483,45.392678],[-71.933491,45.39268],[-71.933501,45.392681],[-71.93351,45.392684],[-71.933519,45.392685],[-71.933528,45.392687],[-71.933537,45.392689],[-71.933546,45.39269],[-71.933555,45.392692],[-71.933564,45.392694],[-71.933573,45.392695],[-71.933582,45.392697],[-71.933591,45.392698],[-71.9336,45.3927],[-71.933609,45.392701],[-71.933618,45.392703],[-71.933627,45.392704],[-71.933637,45.392705],[-71.933646,45.392706],[-71.933655,45.392708],[-71.933664,45.392709],[-71.933679,45.393092],[-71.931147,45.393133],[-71.931074,45.393243],[-71.931104,45.39352],[-71.931095,45.393522],[-71.931086,45.393525],[-71.931078,45.393528],[-71.931069,45.393531],[-71.93106,45.393534],[-71.931051,45.393537],[-71.931043,45.39354],[-71.931034,45.393542],[-71.931025,45.393545],[-71.931017,45.393549],[-71.931008,45.393552],[-71.930999,45.393555],[-71.930991,45.393558],[-71.930982,45.393561],[-71.930974,45.393564],[-71.930965,45.393567],[-71.930956,45.39357],[-71.930948,45.393573],[-71.930939,45.393576],[-71.930931,45.39358],[-71.930922,45.393583],[-71.930914,45.393587],[-71.930905,45.39359],[-71.930897,45.393593],[-71.930888,45.393596],[-71.93088,45.3936],[-71.930871,45.393603],[-71.930863,45.393606],[-71.930676,45.393682],[-71.930668,45.393685],[-71.930659,45.393688],[-71.930651,45.393691],[-71.930642,45.393695],[-71.930633,45.393699],[-71.930625,45.393702],[-71.930616,45.393705],[-71.930607,45.393708],[-71.930598,45.393711],[-71.93059,45.393715],[-71.930581,45.393718],[-71.930572,45.393722],[-71.930563,45.393725],[-71.930554,45.393728],[-71.930546,45.393731],[-71.930537,45.393734],[-71.930528,45.393737],[-71.930519,45.39374],[-71.93051,45.393744],[-71.930501,45.393747],[-71.930492,45.39375],[-71.930483,45.393753],[-71.930474,45.393756],[-71.930465,45.393758],[-71.930456,45.393761],[-71.930447,45.393764],[-71.930438,45.393767],[-71.930429,45.39377],[-71.93042,45.393773],[-71.930411,45.393776],[-71.930402,45.393778],[-71.930393,45.393781],[-71.930384,45.393784],[-71.930375,45.393787],[-71.930366,45.393789],[-71.930357,45.393792],[-71.930347,45.393795],[-71.930338,45.393797],[-71.930329,45.3938],[-71.93032,45.393803],[-71.930311,45.393805],[-71.930301,45.393808],[-71.930292,45.39381],[-71.930283,45.393812],[-71.930274,45.393815],[-71.930264,45.393818],[-71.930255,45.39382],[-71.930246,45.393822],[-71.930237,45.393825],[-71.930227,45.393827],[-71.930218,45.393829],[-71.930209,45.393832],[-71.930199,45.393834],[-71.93019,45.393836],[-71.93018,45.393839],[-71.930171,45.39384],[-71.930162,45.393843],[-71.930152,45.393845],[-71.930143,45.393847],[-71.930133,45.393849],[-71.930124,45.393851],[-71.930114,45.393854],[-71.930105,45.393856],[-71.930096,45.393857],[-71.930086,45.39386],[-71.930077,45.393862],[-71.930067,45.393863],[-71.930058,45.393865],[-71.930048,45.393867],[-71.930038,45.393869],[-71.930029,45.393871],[-71.930019,45.393873],[-71.93001,45.393874],[-71.93,45.393877],[-71.929991,45.393878],[-71.929981,45.39388],[-71.929972,45.393882],[-71.929962,45.393883],[-71.929952,45.393885],[-71.929943,45.393887],[-71.929933,45.393888],[-71.929923,45.39389],[-71.929914,45.393891],[-71.929904,45.393893],[-71.929894,45.393894],[-71.929885,45.393896],[-71.929875,45.393898],[-71.929865,45.393899],[-71.929856,45.3939],[-71.929846,45.393902],[-71.929836,45.393903],[-71.929827,45.393905],[-71.929817,45.393905],[-71.929807,45.393907],[-71.929797,45.393908],[-71.929788,45.39391],[-71.929778,45.393911],[-71.929768,45.393912],[-71.929758,45.393913],[-71.929749,45.393915],[-71.929739,45.393916],[-71.929729,45.393916],[-71.929719,45.393918],[-71.92971,45.393919],[-71.9297,45.39392],[-71.92969,45.393921],[-71.92968,45.393922],[-71.92967,45.393922],[-71.929661,45.393924],[-71.929651,45.393925],[-71.929641,45.393925],[-71.929631,45.393927],[-71.929621,45.393927],[-71.929611,45.393928],[-71.929602,45.393929],[-71.929592,45.39393],[-71.929582,45.39393],[-71.929572,45.393931],[-71.929562,45.393932],[-71.929552,45.393933],[-71.929542,45.393933],[-71.929533,45.393933],[-71.929523,45.393934],[-71.929513,45.393935],[-71.929503,45.393936],[-71.929493,45.393936],[-71.929483,45.393936],[-71.929473,45.393937],[-71.928981,45.39396],[-71.928936,45.393466],[-71.928044,45.393508],[-71.927945,45.392427],[-71.932123,45.392186],[-71.932355,45.392173],[-71.932362,45.392178],[-71.932368,45.392183],[-71.932375,45.392188],[-71.932381,45.392193],[-71.932388,45.392198],[-71.932394,45.392203],[-71.932401,45.392208],[-71.932407,45.392213],[-71.932414,45.392218],[-71.932421,45.392223],[-71.932427,45.392228],[-71.932434,45.392233],[-71.932441,45.392238],[-71.932448,45.392243],[-71.932454,45.392248],[-71.932461,45.392253],[-71.932468,45.392258],[-71.932475,45.392262],[-71.932482,45.392267],[-71.932489,45.392272],[-71.932495,45.392277],[-71.932502,45.392281],[-71.932509,45.392286],[-71.932516,45.392291],[-71.932523,45.392295],[-71.93253,45.3923],[-71.932537,45.392304],[-71.932544,45.392309],[-71.932552,45.392314],[-71.932559,45.392318],[-71.932566,45.392323],[-71.932573,45.392328],[-71.93258,45.392332],[-71.932587,45.392337],[-71.932595,45.392342],[-71.932602,45.392346],[-71.932609,45.392351],[-71.932617,45.392355],[-71.932624,45.39236],[-71.932631,45.392363],[-71.932639,45.392368],[-71.932646,45.392373],[-71.932653,45.392377],[-71.932661,45.392381],[-71.932668,45.392385],[-71.932676,45.39239],[-71.932683,45.392394],[-71.932691,45.392399],[-71.932698,45.392402],[-71.932706,45.392407],[-71.932712,45.392411],[-71.932719,45.392414],[-71.932725,45.392418]]]]},"properties":{"id":"precisely-site-de4f9605b6","src":"precisely","grp":"verify","op":"","ref":"C000PS1AKSSL","locality":"Canada","acres":"13.37","for_site":"site-de4f9605b6"}},{"type":"Feature","geometry":{"type":"MultiPolygon","coordinates":[[[[151.206759,-33.880107],[151.206672,-33.880088],[151.206203,-33.879986],[151.205873,-33.880974],[151.206293,-33.881074],[151.206548,-33.880755],[151.206558,-33.880741],[151.206567,-33.880727],[151.206576,-33.880712],[151.206584,-33.880697],[151.206591,-33.880682],[151.206597,-33.880667],[151.206602,-33.880651],[151.206606,-33.880635],[151.206759,-33.880107]]]]},"properties":{"id":"precisely-site-deef5cb4e6","src":"precisely","grp":"verify","op":"","ref":"1/633690","locality":"HAYMARKET, NSW","acres":"1.46","for_site":"site-deef5cb4e6"}},{"type":"Feature","geometry":{"type":"MultiPolygon","coordinates":[[[[-82.995564,39.963497],[-82.995471,39.962985],[-82.996146,39.962908],[-82.996247,39.963418],[-82.995564,39.963497]]]]},"properties":{"id":"precisely-site-dfbdbbb454","src":"precisely","grp":"verify","op":"","ref":"010-035070","locality":"39049","acres":"0.83","for_site":"site-dfbdbbb454"}},{"type":"Feature","geometry":{"type":"MultiPolygon","coordinates":[[[[115.868319,-31.950641],[115.868235,-31.950668],[115.867823,-31.95048],[115.867817,-31.950477],[115.86777,-31.950456],[115.867976,-31.950129],[115.868036,-31.950034],[115.867749,-31.949903],[115.867735,-31.949925],[115.867451,-31.949795],[115.867528,-31.949673],[115.867703,-31.949396],[115.867987,-31.949526],[115.868612,-31.949813],[115.868646,-31.94989],[115.868319,-31.950641]]]]},"properties":{"id":"precisely-site-e0d3d0a13a","src":"precisely","grp":"verify","op":"","ref":"4085/716","locality":"PERTH, WA","acres":"1.96","for_site":"site-e0d3d0a13a"}},{"type":"Feature","geometry":{"type":"MultiPolygon","coordinates":[[[[-73.892526,45.308383],[-73.892875,45.308351],[-73.892894,45.308453],[-73.894255,45.308329],[-73.894281,45.308471],[-73.893006,45.308589],[-73.893026,45.30869],[-73.892591,45.30873],[-73.892617,45.308872],[-73.892796,45.308856],[-73.892815,45.308958],[-73.894345,45.308818],[-73.89446,45.308946],[-73.894461,45.308952],[-73.895229,45.308882],[-73.895352,45.309517],[-73.894658,45.30958],[-73.894656,45.30958],[-73.894654,45.30958],[-73.894651,45.30958],[-73.894649,45.30958],[-73.894647,45.30958],[-73.894645,45.309581],[-73.894643,45.309581],[-73.894641,45.309581],[-73.894639,45.309581],[-73.894637,45.30958],[-73.894634,45.30958],[-73.894632,45.30958],[-73.89463,45.30958],[-73.894628,45.30958],[-73.894626,45.30958],[-73.894624,45.30958],[-73.894622,45.30958],[-73.89462,45.30958],[-73.894618,45.309579],[-73.894615,45.309579],[-73.894613,45.309579],[-73.894611,45.309579],[-73.894609,45.309578],[-73.894607,45.309577],[-73.894605,45.309577],[-73.894603,45.309577],[-73.894601,45.309576],[-73.894599,45.309576],[-73.894597,45.309575],[-73.894595,45.309575],[-73.894593,45.309574],[-73.894591,45.309574],[-73.894589,45.309573],[-73.894587,45.309572],[-73.894585,45.309572],[-73.894583,45.309571],[-73.894582,45.309571],[-73.89458,45.309569],[-73.894578,45.309569],[-73.894576,45.309568],[-73.894574,45.309568],[-73.894572,45.309566],[-73.894571,45.309566],[-73.894569,45.309565],[-73.894567,45.309564],[-73.894565,45.309563],[-73.894564,45.309562],[-73.894562,45.309562],[-73.89456,45.309561],[-73.894559,45.30956],[-73.894557,45.309559],[-73.894556,45.309558],[-73.894554,45.309557],[-73.894552,45.309555],[-73.894551,45.309555],[-73.894549,45.309553],[-73.894548,45.309552],[-73.894547,45.309551],[-73.894545,45.30955],[-73.894544,45.309549],[-73.894542,45.309548],[-73.894541,45.309546],[-73.89454,45.309546],[-73.894538,45.309544],[-73.894537,45.309543],[-73.894536,45.309541],[-73.894535,45.309541],[-73.894534,45.309539],[-73.894533,45.309538],[-73.894531,45.309537],[-73.89453,45.309535],[-73.894529,45.309534],[-73.894528,45.309532],[-73.894527,45.309532],[-73.894526,45.30953],[-73.894526,45.309529],[-73.894525,45.309527],[-73.894524,45.309526],[-73.894523,45.309524],[-73.894522,45.309523],[-73.894521,45.309521],[-73.89452,45.309518],[-73.894518,45.309517],[-73.894517,45.309515],[-73.894516,45.309513],[-73.894514,45.309511],[-73.894513,45.309509],[-73.894512,45.309507],[-73.89451,45.309506],[-73.894509,45.309504],[-73.894507,45.309501],[-73.894506,45.3095],[-73.894504,45.309498],[-73.894503,45.309496],[-73.894501,45.309495],[-73.894499,45.309493],[-73.894498,45.309491],[-73.894496,45.30949],[-73.894494,45.309487],[-73.894493,45.309486],[-73.894491,45.309484],[-73.894489,45.309483],[-73.894487,45.309481],[-73.894485,45.309479],[-73.894484,45.309478],[-73.894482,45.309476],[-73.89448,45.309475],[-73.894478,45.309473],[-73.894476,45.309471],[-73.894474,45.30947],[-73.894472,45.309468],[-73.89447,45.309467],[-73.894468,45.309465],[-73.894465,45.309464],[-73.894463,45.309462],[-73.894461,45.309461],[-73.894459,45.309459],[-73.894457,45.309458],[-73.894455,45.309456],[-73.894452,45.309455],[-73.89445,45.309454],[-73.894448,45.309453],[-73.894445,45.309451],[-73.894443,45.30945],[-73.894441,45.309448],[-73.894438,45.309447],[-73.894436,45.309446],[-73.894433,45.309445],[-73.894431,45.309444],[-73.894428,45.309442],[-73.894426,45.309441],[-73.894423,45.30944],[-73.894421,45.309439],[-73.894418,45.309438],[-73.894416,45.309437],[-73.894413,45.309436],[-73.894411,45.309434],[-73.894408,45.309434],[-73.894405,45.309433],[-73.894403,45.309431],[-73.8944,45.309431],[-73.894397,45.30943],[-73.894395,45.309429],[-73.894392,45.309428],[-73.894389,45.309427],[-73.894387,45.309426],[-73.894384,45.309425],[-73.894381,45.309425],[-73.894378,45.309424],[-73.894138,45.309448],[-73.894137,45.309445],[-73.894022,45.309382],[-73.893874,45.309327],[-73.890175,45.309669],[-73.890106,45.309375],[-73.89106,45.309285],[-73.890827,45.307836],[-73.893114,45.307602],[-73.893219,45.308174],[-73.8925,45.308239],[-73.892526,45.308383]]]]},"properties":{"id":"precisely-site-e228365898","src":"precisely","grp":"verify","op":"","ref":"C000PS190PYL","locality":"Canada","acres":"11.41","for_site":"site-e228365898"}},{"type":"Feature","geometry":{"type":"MultiPolygon","coordinates":[[[[151.185806,-33.819813],[151.185521,-33.819417],[151.184742,-33.818324],[151.184683,-33.818353],[151.184557,-33.818417],[151.185299,-33.819459],[151.185133,-33.819542],[151.185483,-33.820019],[151.184946,-33.820283],[151.185025,-33.820362],[151.185709,-33.820022],[151.186044,-33.820485],[151.185511,-33.820754],[151.185504,-33.820754],[151.185496,-33.820755],[151.185489,-33.820756],[151.185482,-33.820757],[151.185475,-33.820758],[151.185468,-33.820759],[151.18546,-33.82076],[151.185453,-33.820761],[151.185446,-33.820762],[151.185439,-33.820764],[151.185432,-33.820765],[151.185425,-33.820766],[151.185497,-33.82084],[151.185523,-33.820866],[151.18554,-33.820883],[151.186305,-33.820499],[151.185806,-33.819813]]]]},"properties":{"id":"precisely-site-e24a452ea5","src":"precisely","grp":"verify","op":"","ref":"1/270714","locality":"ARTARMON, NSW","acres":"2.08","for_site":"site-e24a452ea5"}},{"type":"Feature","geometry":{"type":"MultiPolygon","coordinates":[[[[-82.456849,27.94931],[-82.45674,27.949062],[-82.45735,27.948854],[-82.457456,27.949101],[-82.456849,27.94931]]]]},"properties":{"id":"precisely-site-e322f8cf2d","src":"precisely","grp":"verify","op":"","ref":"193479.0000","locality":"12057","acres":"0.47","for_site":"site-e322f8cf2d"}},{"type":"Feature","geometry":{"type":"MultiPolygon","coordinates":[[[[-94.68334,39.28209],[-94.683345,39.28209],[-94.685844,39.282078],[-94.685845,39.282078],[-94.686568,39.282074],[-94.686568,39.282047],[-94.686569,39.281964],[-94.687732,39.281946],[-94.695944,39.281916],[-94.695956,39.29294],[-94.695857,39.296497],[-94.691621,39.296558],[-94.691226,39.296559],[-94.68905,39.296561],[-94.688886,39.296561],[-94.687266,39.296562],[-94.687032,39.296563],[-94.687466,39.296136],[-94.687467,39.296135],[-94.68742,39.296001],[-94.687338,39.295745],[-94.687331,39.295746],[-94.687255,39.29553],[-94.686055,39.295055],[-94.685875,39.294984],[-94.685702,39.29472],[-94.6849,39.293622],[-94.684839,39.293484],[-94.681995,39.289617],[-94.681956,39.289634],[-94.681917,39.289651],[-94.681782,39.289467],[-94.681767,39.289474],[-94.679336,39.286148],[-94.679312,39.286102],[-94.679308,39.286078],[-94.679307,39.286055],[-94.67931,39.286032],[-94.679318,39.28601],[-94.679329,39.28599],[-94.678624,39.285031],[-94.67876,39.285031],[-94.677543,39.283534],[-94.678924,39.283527],[-94.678909,39.282113],[-94.679188,39.282111],[-94.679192,39.282111],[-94.682522,39.282095],[-94.683339,39.28209],[-94.68334,39.28209]]]]},"properties":{"id":"precisely-site-e36d03b589","src":"precisely","grp":"verify","op":"","ref":"17-7.0-26-000-000-005.000","locality":"29165","acres":"480.26","for_site":"site-e36d03b589"}},{"type":"Feature","geometry":{"type":"MultiPolygon","coordinates":[[[[-94.57905,39.101487],[-94.578578,39.101471],[-94.578601,39.101076],[-94.579073,39.101091],[-94.57905,39.101487]]]]},"properties":{"id":"precisely-site-e3f13d4da0","src":"precisely","grp":"verify","op":"","ref":"29210340500000000","locality":"29095","acres":"0.44","for_site":"site-e3f13d4da0"}},{"type":"Feature","geometry":{"type":"MultiPolygon","coordinates":[[[[-83.738822,42.242177],[-83.736582,42.242267],[-83.736582,42.242261],[-83.736563,42.241595],[-83.736562,42.241539],[-83.736549,42.241079],[-83.736819,42.241074],[-83.738806,42.241034],[-83.738825,42.242177],[-83.738822,42.242177]]]]},"properties":{"id":"precisely-site-e419c62580","src":"precisely","grp":"new","op":"WATERWORKS PLAZA","ref":"09-12-09-200-900","locality":"26161","acres":"5.94","for_site":"site-e419c62580"}},{"type":"Feature","geometry":{"type":"MultiPolygon","coordinates":[[[[-88.634057,37.094182],[-88.633895,37.094145],[-88.634013,37.093771],[-88.63418,37.093809],[-88.634057,37.094182]]]]},"properties":{"id":"precisely-site-e4ffdaae0c","src":"precisely","grp":"new","op":"","ref":"103-22-05-001","locality":"21145","acres":"0.16","for_site":"site-e4ffdaae0c"}},{"type":"Feature","geometry":{"type":"MultiPolygon","coordinates":[[[[-97.139302,49.89567],[-97.13931,49.895661],[-97.139324,49.895643],[-97.139408,49.89567],[-97.139415,49.895661],[-97.139646,49.895732],[-97.139612,49.895776],[-97.13951,49.895743],[-97.139471,49.895794],[-97.139535,49.895814],[-97.139534,49.895815],[-97.139268,49.895736],[-97.139315,49.895675],[-97.139302,49.89567]]]]},"properties":{"id":"precisely-site-e50d47e1ac","src":"precisely","grp":"verify","op":"","ref":"C000PS1BPM0F","locality":"Canada","acres":"0.06","for_site":"site-e50d47e1ac"}},{"type":"Feature","geometry":{"type":"MultiPolygon","coordinates":[[[[-95.570396,29.824647],[-95.570395,29.824372],[-95.57008,29.824376],[-95.570073,29.82225],[-95.57007,29.820981],[-95.570421,29.820795],[-95.574267,29.820747],[-95.575087,29.820737],[-95.575045,29.824587],[-95.574604,29.824592],[-95.574414,29.824595],[-95.572018,29.824625],[-95.570396,29.824647]]]]},"properties":{"id":"precisely-site-e625f860e2","src":"precisely","grp":"verify","op":"","ref":"1339950010001","locality":"48201","acres":"50.57","for_site":"site-e625f860e2"}},{"type":"Feature","geometry":{"type":"MultiPolygon","coordinates":[[[[151.197599,-33.87495],[151.197593,-33.874938],[151.197172,-33.875107],[151.197553,-33.875769],[151.19761,-33.875867],[151.197819,-33.876219],[151.197824,-33.876225],[151.197829,-33.87623],[151.197835,-33.876236],[151.197841,-33.876241],[151.197848,-33.876245],[151.197856,-33.876249],[151.197863,-33.876252],[151.197871,-33.876254],[151.19788,-33.876256],[151.198237,-33.876113],[151.198093,-33.87587],[151.198092,-33.87585],[151.198062,-33.875827],[151.197877,-33.875432],[151.197861,-33.875438],[151.197801,-33.875311],[151.197599,-33.87495]]]]},"properties":{"id":"precisely-site-e6b20994f0","src":"precisely","grp":"verify","op":"","ref":"1/109652","locality":"ULTIMO, NSW","acres":"1.47","for_site":"site-e6b20994f0"}},{"type":"Feature","geometry":{"type":"MultiPolygon","coordinates":[[[[-110.789819,32.091533],[-110.789948,32.091606],[-110.789819,32.091756],[-110.788967,32.092749],[-110.788217,32.093623],[-110.788027,32.093501],[-110.787833,32.093386],[-110.787633,32.093276],[-110.78743,32.093173],[-110.787222,32.093075],[-110.78701,32.092983],[-110.786795,32.092898],[-110.786577,32.092819],[-110.787325,32.091583],[-110.787948,32.090553],[-110.789819,32.091533]]]]},"properties":{"id":"precisely-site-e796fb5b18","src":"precisely","grp":"verify","op":"AC II 9608 OLD VAIL ROAD LLC","ref":"14118533A","locality":"04019","acres":"13.64","for_site":"site-e796fb5b18"}},{"type":"Feature","geometry":{"type":"MultiPolygon","coordinates":[[[[153.409519,-28.079107],[153.409409,-28.079044],[153.409279,-28.078975],[153.409154,-28.078899],[153.409099,-28.078861],[153.409035,-28.078817],[153.408936,-28.078739],[153.408922,-28.078728],[153.408815,-28.078633],[153.408656,-28.078484],[153.408735,-28.078477],[153.408745,-28.078478],[153.408746,-28.07847],[153.408782,-28.078473],[153.40878,-28.078488],[153.408815,-28.078492],[153.408818,-28.078471],[153.408864,-28.078475],[153.408862,-28.078486],[153.408903,-28.07849],[153.408907,-28.078459],[153.408939,-28.078462],[153.408936,-28.078493],[153.408975,-28.078496],[153.408976,-28.078485],[153.409021,-28.078489],[153.409019,-28.07851],[153.409056,-28.078513],[153.409058,-28.078498],[153.409107,-28.078503],[153.409113,-28.078448],[153.409102,-28.078447],[153.409115,-28.078336],[153.409126,-28.078337],[153.409138,-28.078227],[153.409177,-28.078195],[153.40922,-28.0782],[153.409218,-28.078212],[153.409254,-28.078216],[153.409256,-28.078198],[153.409297,-28.078203],[153.409296,-28.078213],[153.409331,-28.078217],[153.409335,-28.078189],[153.409365,-28.078192],[153.409361,-28.07822],[153.409397,-28.078224],[153.409398,-28.078214],[153.409438,-28.078219],[153.409436,-28.078236],[153.409471,-28.07824],[153.409473,-28.078228],[153.409516,-28.078233],[153.409523,-28.078182],[153.409513,-28.078181],[153.409528,-28.07808],[153.409538,-28.078081],[153.409553,-28.077975],[153.409594,-28.077941],[153.409654,-28.07799],[153.409641,-28.078077],[153.409628,-28.078075],[153.409599,-28.07828],[153.409581,-28.078278],[153.409576,-28.078314],[153.409548,-28.078311],[153.409524,-28.078477],[153.409348,-28.078457],[153.409332,-28.078564],[153.40928,-28.07856],[153.409117,-28.07872],[153.40911,-28.07873],[153.409111,-28.078742],[153.409119,-28.078752],[153.409131,-28.078757],[153.409143,-28.07876],[153.409154,-28.078764],[153.409164,-28.07877],[153.409172,-28.078777],[153.409179,-28.078785],[153.409185,-28.078795],[153.409189,-28.078805],[153.409194,-28.078814],[153.409199,-28.078824],[153.409205,-28.078833],[153.409217,-28.07885],[153.409232,-28.078866],[153.409248,-28.078881],[153.409267,-28.078893],[153.409328,-28.078929],[153.409338,-28.078933],[153.409349,-28.078933],[153.409383,-28.078927],[153.409387,-28.078925],[153.409392,-28.078923],[153.4095,-28.078936],[153.409533,-28.078903],[153.40957,-28.078908],[153.409654,-28.078975],[153.409519,-28.079107]]]]},"properties":{"id":"precisely-site-e7b6240b3a","src":"precisely","grp":"new","op":"","ref":"0 SP339647","locality":"VARSITY LAKES, QLD","acres":"0.87","for_site":"site-e7b6240b3a"}},{"type":"Feature","geometry":{"type":"MultiPolygon","coordinates":[[[[-106.648706,35.085124],[-106.648644,35.085114],[-106.648584,35.0851],[-106.648525,35.085082],[-106.648469,35.08506],[-106.648414,35.085034],[-106.648363,35.085005],[-106.648314,35.084972],[-106.648269,35.084937],[-106.648228,35.084898],[-106.64819,35.084857],[-106.648157,35.084813],[-106.648159,35.084812],[-106.648137,35.084776],[-106.648119,35.084738],[-106.648103,35.0847],[-106.648091,35.08466],[-106.648083,35.084617],[-106.648078,35.084574],[-106.648076,35.08453],[-106.648124,35.08427],[-106.648142,35.08426],[-106.648144,35.084253],[-106.648147,35.084247],[-106.648151,35.084242],[-106.648157,35.084236],[-106.648163,35.084233],[-106.64817,35.08423],[-106.648177,35.084227],[-106.648185,35.084226],[-106.648193,35.084226],[-106.649123,35.084343],[-106.648968,35.085158],[-106.648706,35.085124]]]]},"properties":{"id":"precisely-site-e8531dfcf6","src":"precisely","grp":"verify","op":"","ref":"101405724943724301","locality":"35001","acres":"1.83","for_site":"site-e8531dfcf6"}},{"type":"Feature","geometry":{"type":"MultiPolygon","coordinates":[[[[-73.897648,40.951452],[-73.897342,40.95137],[-73.897381,40.951223],[-73.897493,40.950832],[-73.898629,40.951139],[-73.898603,40.951229],[-73.898462,40.951675],[-73.897648,40.951452]]]]},"properties":{"id":"precisely-site-e8b6fe991e","src":"precisely","grp":"verify","op":"TREVOR PARK TERRACE LLC","ref":"2.-2120-1","locality":"36119","acres":"1.51","for_site":"site-e8b6fe991e"}},{"type":"Feature","geometry":{"type":"MultiPolygon","coordinates":[[[[-97.09067,47.902429],[-97.090623,47.902443],[-97.09058,47.902462],[-97.090542,47.902486],[-97.090511,47.902514],[-97.089285,47.902514],[-97.08929,47.901825],[-97.09072,47.901825],[-97.09072,47.902421],[-97.09067,47.902429]]]]},"properties":{"id":"precisely-site-e9668af9ee","src":"precisely","grp":"new","op":"HALVERSON FAMILY INVESTMENTS, LLLP","ref":"44-1240-00004-005","locality":"38035","acres":"2","for_site":"site-e9668af9ee"}},{"type":"Feature","geometry":{"type":"MultiPolygon","coordinates":[[[[-77.830078,38.737582],[-77.829451,38.737551],[-77.828933,38.737531],[-77.828591,38.737896],[-77.828335,38.738185],[-77.827534,38.73988],[-77.827255,38.739814],[-77.826562,38.739637],[-77.825446,38.739554],[-77.825244,38.73952],[-77.824539,38.739354],[-77.823926,38.739224],[-77.82338,38.739075],[-77.823249,38.739022],[-77.823163,38.73896],[-77.823098,38.738902],[-77.823033,38.738817],[-77.822749,38.738369],[-77.822686,38.738277],[-77.822362,38.737928],[-77.822157,38.737651],[-77.822125,38.737596],[-77.822084,38.737444],[-77.822078,38.737385],[-77.821996,38.735947],[-77.821946,38.735427],[-77.821931,38.735359],[-77.822635,38.735495],[-77.8234,38.73554],[-77.823574,38.735107],[-77.823774,38.734611],[-77.823975,38.734117],[-77.824178,38.733618],[-77.824379,38.733122],[-77.824548,38.732703],[-77.824658,38.732432],[-77.82494,38.732493],[-77.826491,38.732798],[-77.826626,38.732791],[-77.828224,38.732712],[-77.828772,38.731914],[-77.828784,38.731908],[-77.829267,38.731636],[-77.830164,38.731106],[-77.831295,38.730436],[-77.831618,38.729834],[-77.831924,38.729235],[-77.833026,38.729837],[-77.83369,38.730194],[-77.834318,38.729021],[-77.835131,38.727538],[-77.835958,38.728208],[-77.836771,38.72889],[-77.83761,38.729578],[-77.838414,38.728971],[-77.839082,38.7292],[-77.840975,38.72983],[-77.840822,38.730292],[-77.840711,38.730623],[-77.840506,38.731165],[-77.840363,38.731578],[-77.839893,38.732938],[-77.839455,38.734204],[-77.838965,38.735622],[-77.838563,38.73679],[-77.83816,38.737961],[-77.837392,38.738845],[-77.836061,38.738744],[-77.835649,38.740026],[-77.835443,38.74002],[-77.834948,38.740024],[-77.834892,38.740016],[-77.834743,38.739985],[-77.834204,38.73985],[-77.833695,38.739734],[-77.83289,38.739571],[-77.832769,38.739549],[-77.832702,38.739543],[-77.832598,38.739541],[-77.832428,38.739549],[-77.832292,38.73957],[-77.832175,38.73958],[-77.83211,38.739591],[-77.831756,38.739687],[-77.831484,38.739777],[-77.831252,38.739819],[-77.831043,38.739847],[-77.83066,38.73987],[-77.830422,38.739891],[-77.83024,38.739895],[-77.830127,38.739887],[-77.829744,38.739827],[-77.829481,38.739801],[-77.829137,38.739785],[-77.830708,38.738408],[-77.830367,38.73795],[-77.830078,38.737582]]]]},"properties":{"id":"precisely-site-eab7bb1642","src":"precisely","grp":"verify","op":"","ref":"6975-31-1524-000","locality":"51061","acres":"334.92","for_site":"site-eab7bb1642"}},{"type":"Feature","geometry":{"type":"MultiPolygon","coordinates":[[[[-78.372776,36.676862],[-78.372775,36.676861],[-78.372775,36.67686],[-78.372774,36.676859],[-78.372773,36.676858],[-78.372773,36.676857],[-78.372772,36.676856],[-78.372771,36.676855],[-78.37277,36.676854],[-78.37277,36.676853],[-78.372769,36.676852],[-78.372768,36.676851],[-78.372767,36.67685],[-78.372767,36.676849],[-78.372766,36.676848],[-78.372765,36.676847],[-78.372764,36.676846],[-78.372763,36.676846],[-78.372763,36.676845],[-78.372762,36.676844],[-78.372761,36.676843],[-78.37276,36.676842],[-78.372759,36.676841],[-78.372758,36.67684],[-78.372758,36.676839],[-78.372757,36.676838],[-78.372756,36.676837],[-78.372755,36.676837],[-78.372754,36.676835],[-78.372753,36.676835],[-78.372752,36.676834],[-78.372751,36.676833],[-78.37275,36.676832],[-78.372749,36.676831],[-78.372748,36.676831],[-78.372747,36.67683],[-78.372746,36.676829],[-78.372745,36.676828],[-78.372744,36.676827],[-78.372743,36.676827],[-78.372742,36.676826],[-78.372741,36.676824],[-78.37274,36.676824],[-78.372739,36.676823],[-78.372738,36.676823],[-78.372737,36.676821],[-78.372736,36.676821],[-78.372735,36.67682],[-78.372734,36.67682],[-78.372733,36.676818],[-78.372732,36.676818],[-78.372731,36.676817],[-78.37273,36.676817],[-78.372729,36.676816],[-78.372728,36.676815],[-78.372726,36.676815],[-78.372725,36.676814],[-78.372724,36.676813],[-78.372723,36.676813],[-78.372722,36.676812],[-78.372721,36.676811],[-78.37272,36.67681],[-78.372718,36.67681],[-78.372717,36.676809],[-78.372716,36.676809],[-78.372715,36.676808],[-78.372714,36.676807],[-78.372712,36.676807],[-78.372711,36.676806],[-78.37271,36.676806],[-78.372709,36.676805],[-78.372708,36.676804],[-78.372706,36.676804],[-78.372705,36.676803],[-78.372704,36.676803],[-78.372703,36.676802],[-78.372702,36.676802],[-78.3727,36.676801],[-78.372699,36.676801],[-78.372698,36.6768],[-78.372696,36.6768],[-78.372695,36.676799],[-78.372694,36.676799],[-78.372693,36.676798],[-78.372691,36.676798],[-78.37269,36.676797],[-78.372689,36.676797],[-78.372688,36.676796],[-78.372686,36.676796],[-78.372685,36.676796],[-78.372684,36.676795],[-78.372682,36.676795],[-78.372681,36.676794],[-78.37268,36.676793],[-78.372678,36.676793],[-78.372677,36.676793],[-78.372676,36.676793],[-78.372674,36.676792],[-78.372673,36.676792],[-78.372672,36.676792],[-78.37267,36.676791],[-78.372669,36.67679],[-78.372668,36.67679],[-78.372666,36.67679],[-78.372665,36.67679],[-78.372664,36.67679],[-78.372662,36.676789],[-78.372661,36.676789],[-78.372659,36.676789],[-78.372658,36.676789],[-78.372657,36.676788],[-78.372655,36.676788],[-78.372654,36.676787],[-78.372653,36.676787],[-78.372651,36.676787],[-78.37265,36.676787],[-78.372648,36.676787],[-78.372647,36.676787],[-78.372646,36.676787],[-78.372644,36.676786],[-78.372643,36.676786],[-78.372641,36.676786],[-78.37264,36.676786],[-78.372639,36.676786],[-78.372637,36.676786],[-78.372636,36.676786],[-78.372634,36.676786],[-78.372633,36.676785],[-78.372632,36.676785],[-78.37263,36.676785],[-78.372629,36.676785],[-78.372627,36.676785],[-78.372626,36.676785],[-78.372625,36.676785],[-78.372623,36.676785],[-78.372622,36.676785],[-78.37262,36.676785],[-78.372619,36.676785],[-78.372618,36.676785],[-78.372616,36.676785],[-78.372615,36.676785],[-78.372613,36.676785],[-78.372612,36.676785],[-78.37261,36.676785],[-78.372609,36.676785],[-78.372608,36.676785],[-78.372606,36.676785],[-78.372605,36.676785],[-78.372603,36.676785],[-78.372602,36.676785],[-78.372601,36.676785],[-78.372599,36.676786],[-78.372598,36.676786],[-78.372596,36.676786],[-78.372595,36.676786],[-78.372594,36.676786],[-78.372592,36.676786],[-78.372591,36.676786],[-78.372589,36.676787],[-78.372588,36.676787],[-78.372587,36.676787],[-78.372585,36.676787],[-78.372584,36.676787],[-78.372583,36.676787],[-78.372581,36.676787],[-78.37258,36.676788],[-78.372578,36.676788],[-78.372577,36.676789],[-78.372576,36.676789],[-78.372574,36.676789],[-78.372573,36.676789],[-78.372048,36.675555],[-78.377496,36.673678],[-78.37935,36.676684],[-78.379415,36.677073],[-78.379595,36.677876],[-78.379447,36.678549],[-78.379243,36.678897],[-78.379243,36.679358],[-78.379404,36.680207],[-78.379378,36.681115],[-78.379423,36.681448],[-78.379376,36.682431],[-78.379375,36.682959],[-78.379409,36.683585],[-78.379216,36.684087],[-78.378851,36.684772],[-78.378787,36.685144],[-78.373644,36.685509],[-78.372533,36.680579],[-78.365976,36.679371],[-78.364789,36.677721],[-78.365803,36.677423],[-78.366796,36.677138],[-78.368198,36.67674],[-78.369299,36.676412],[-78.371874,36.675604],[-78.372482,36.676835],[-78.372481,36.676835],[-78.37248,36.676836],[-78.372479,36.676837],[-78.372478,36.676838],[-78.372477,36.676838],[-78.372476,36.67684],[-78.372476,36.676841],[-78.372475,36.676842],[-78.372474,36.676842],[-78.372473,36.676843],[-78.372472,36.676844],[-78.372471,36.676845],[-78.372471,36.676846],[-78.37247,36.676847],[-78.372469,36.676848],[-78.372468,36.676849],[-78.372467,36.676849],[-78.372467,36.676851],[-78.372466,36.676852],[-78.372465,36.676852],[-78.372464,36.676854],[-78.372464,36.676855],[-78.372463,36.676855],[-78.372462,36.676857],[-78.372461,36.676858],[-78.372461,36.676859],[-78.37246,36.67686],[-78.372459,36.676861],[-78.372459,36.676862],[-78.372458,36.676863],[-78.372457,36.676863],[-78.372457,36.676865],[-78.372456,36.676866],[-78.372455,36.676868],[-78.372454,36.676869],[-78.372453,36.676871],[-78.372453,36.676872],[-78.372452,36.676873],[-78.372452,36.676874],[-78.372451,36.676875],[-78.37245,36.676876],[-78.37245,36.676877],[-78.372449,36.676878],[-78.372449,36.676879],[-78.372448,36.67688],[-78.372448,36.676881],[-78.372448,36.676882],[-78.372447,36.676883],[-78.372447,36.676885],[-78.372446,36.676886],[-78.372445,36.676888],[-78.372445,36.676889],[-78.372445,36.67689],[-78.372444,36.676891],[-78.372444,36.676892],[-78.372443,36.676893],[-78.372443,36.676894],[-78.372443,36.676896],[-78.372442,36.676897],[-78.372442,36.676899],[-78.372442,36.6769],[-78.372441,36.676901],[-78.372441,36.676902],[-78.372441,36.676903],[-78.37244,36.676904],[-78.37244,36.676906],[-78.37244,36.676907],[-78.37244,36.676908],[-78.372439,36.67691],[-78.372439,36.676911],[-78.372439,36.676912],[-78.372439,36.676913],[-78.372439,36.676914],[-78.372439,36.676916],[-78.372438,36.676917],[-78.372438,36.676918],[-78.372438,36.676919],[-78.372438,36.67692],[-78.372438,36.676921],[-78.372438,36.676922],[-78.372438,36.676924],[-78.372438,36.676925],[-78.372438,36.676927],[-78.372438,36.676928],[-78.372438,36.676929],[-78.372438,36.67693],[-78.372438,36.676931],[-78.372438,36.676933],[-78.372438,36.676934],[-78.372438,36.676935],[-78.372438,36.676936],[-78.372438,36.676937],[-78.372438,36.676938],[-78.372438,36.676939],[-78.372438,36.676941],[-78.372438,36.676942],[-78.372439,36.676942],[-78.372439,36.676944],[-78.372439,36.676945],[-78.372439,36.676946],[-78.372439,36.676947],[-78.372439,36.676949],[-78.37244,36.67695],[-78.37244,36.676951],[-78.37244,36.676952],[-78.37244,36.676953],[-78.37244,36.676954],[-78.372441,36.676955],[-78.372441,36.676956],[-78.372441,36.676957],[-78.372441,36.676959],[-78.372442,36.676959],[-78.372442,36.676961],[-78.372442,36.676962],[-78.372443,36.676963],[-78.372443,36.676964],[-78.372443,36.676965],[-78.372444,36.676966],[-78.372444,36.676967],[-78.372444,36.676969],[-78.372445,36.67697],[-78.372446,36.676972],[-78.372446,36.676973],[-78.372447,36.676975],[-78.372447,36.676976],[-78.372448,36.676977],[-78.372448,36.676978],[-78.372449,36.676979],[-78.372449,36.67698],[-78.37245,36.676981],[-78.37245,36.676983],[-78.372451,36.676984],[-78.372452,36.676986],[-78.372452,36.676987],[-78.372453,36.676987],[-78.372454,36.676989],[-78.372454,36.67699],[-78.372455,36.67699],[-78.372455,36.676992],[-78.372456,36.676993],[-78.372457,36.676994],[-78.372457,36.676995],[-78.372458,36.676996],[-78.372459,36.676997],[-78.372459,36.676998],[-78.37246,36.676999],[-78.372461,36.677],[-78.372461,36.677001],[-78.372462,36.677001],[-78.372463,36.677003],[-78.372463,36.677004],[-78.372464,36.677004],[-78.372465,36.677006],[-78.372466,36.677007],[-78.372467,36.677009],[-78.372468,36.67701],[-78.372469,36.677011],[-78.372469,36.677012],[-78.37247,36.677012],[-78.372471,36.677013],[-78.372472,36.677014],[-78.372473,36.677015],[-78.372474,36.677016],[-78.372474,36.677017],[-78.372475,36.677018],[-78.372476,36.677018],[-78.372477,36.67702],[-78.372478,36.677021],[-78.372479,36.677021],[-78.37248,36.677022],[-78.372481,36.677023],[-78.372482,36.677024],[-78.372482,36.677025],[-78.372483,36.677026],[-78.372484,36.677027],[-78.372485,36.677027],[-78.372486,36.677028],[-78.372487,36.677029],[-78.372488,36.677029],[-78.372489,36.677031],[-78.37249,36.677032],[-78.372491,36.677032],[-78.372492,36.677033],[-78.372493,36.677034],[-78.372494,36.677035],[-78.372495,36.677035],[-78.372496,36.677036],[-78.372497,36.677037],[-78.372498,36.677038],[-78.372499,36.677039],[-78.372501,36.677039],[-78.372502,36.67704],[-78.372503,36.677041],[-78.372504,36.677041],[-78.372505,36.677042],[-78.372506,36.677043],[-78.372507,36.677044],[-78.372508,36.677044],[-78.372509,36.677045],[-78.37251,36.677046],[-78.372512,36.677046],[-78.372513,36.677046],[-78.372514,36.677048],[-78.372515,36.677048],[-78.372516,36.677049],[-78.372517,36.677049],[-78.372519,36.67705],[-78.37252,36.677051],[-78.372521,36.677051],[-78.372522,36.677052],[-78.372523,36.677052],[-78.372524,36.677053],[-78.372526,36.677054],[-78.372527,36.677054],[-78.372528,36.677055],[-78.372529,36.677056],[-78.372531,36.677056],[-78.372532,36.677057],[-78.372533,36.677057],[-78.372534,36.677058],[-78.372536,36.677058],[-78.372537,36.677059],[-78.372538,36.677059],[-78.372539,36.67706],[-78.372541,36.67706],[-78.372542,36.67706],[-78.372543,36.677061],[-78.372544,36.677062],[-78.372546,36.677062],[-78.372547,36.677063],[-78.372548,36.677063],[-78.37255,36.677063],[-78.372551,36.677063],[-78.372552,36.677064],[-78.372554,36.677065],[-78.372555,36.677065],[-78.372556,36.677065],[-78.372558,36.677066],[-78.372559,36.677066],[-78.37256,36.677066],[-78.372562,36.677066],[-78.372563,36.677067],[-78.372564,36.677068],[-78.372566,36.677068],[-78.372567,36.677068],[-78.372568,36.677069],[-78.37257,36.677069],[-78.372571,36.677069],[-78.372572,36.677069],[-78.372574,36.67707],[-78.372575,36.67707],[-78.372577,36.67707],[-78.372578,36.677071],[-78.372579,36.677071],[-78.372581,36.677071],[-78.372582,36.677071],[-78.372583,36.677071],[-78.372585,36.677072],[-78.372586,36.677072],[-78.372588,36.677072],[-78.372589,36.677072],[-78.37259,36.677072],[-78.372592,36.677073],[-78.372593,36.677073],[-78.372595,36.677073],[-78.372596,36.677073],[-78.372597,36.677073],[-78.372599,36.677073],[-78.3726,36.677073],[-78.372602,36.677073],[-78.372603,36.677074],[-78.372604,36.677074],[-78.372606,36.677074],[-78.372607,36.677074],[-78.372609,36.677074],[-78.37261,36.677074],[-78.372611,36.677074],[-78.372613,36.677074],[-78.372614,36.677074],[-78.372616,36.677074],[-78.372617,36.677074],[-78.372618,36.677074],[-78.37262,36.677074],[-78.372621,36.677074],[-78.372623,36.677074],[-78.372624,36.677074],[-78.372626,36.677074],[-78.372627,36.677074],[-78.372628,36.677074],[-78.37263,36.677074],[-78.372631,36.677074],[-78.372633,36.677074],[-78.372634,36.677073],[-78.372635,36.677073],[-78.372637,36.677073],[-78.372638,36.677073],[-78.37264,36.677073],[-78.372641,36.677073],[-78.372642,36.677073],[-78.372644,36.677072],[-78.372645,36.677072],[-78.372647,36.677072],[-78.372648,36.677072],[-78.372649,36.677072],[-78.372651,36.677072],[-78.372652,36.677071],[-78.372653,36.677071],[-78.372655,36.677071],[-78.372656,36.677071],[-78.372658,36.67707],[-78.372659,36.67707],[-78.37266,36.67707],[-78.372662,36.67707],[-78.372663,36.677069],[-78.372664,36.677069],[-78.372666,36.677069],[-78.372667,36.677068],[-78.372668,36.677068],[-78.37267,36.677068],[-78.372671,36.677067],[-78.372673,36.677067],[-78.372674,36.677066],[-78.372675,36.677066],[-78.372677,36.677066],[-78.372678,36.677066],[-78.372679,36.677065],[-78.372681,36.677065],[-78.372682,36.677064],[-78.372683,36.677063],[-78.372684,36.677063],[-78.372686,36.677063],[-78.372687,36.677063],[-78.372688,36.677062],[-78.37269,36.677062],[-78.372691,36.677061],[-78.372692,36.67706],[-78.372694,36.67706],[-78.372695,36.67706],[-78.372696,36.677059],[-78.372697,36.677059],[-78.372699,36.677058],[-78.3727,36.677058],[-78.372701,36.677057],[-78.372702,36.677057],[-78.372704,36.677056],[-78.372705,36.677056],[-78.372706,36.677055],[-78.372707,36.677055],[-78.372708,36.677054],[-78.37271,36.677053],[-78.372711,36.677052],[-78.372712,36.677052],[-78.372713,36.677052],[-78.372714,36.677051],[-78.372716,36.67705],[-78.372717,36.677049],[-78.372718,36.677049],[-78.372719,36.677049],[-78.37272,36.677048],[-78.372721,36.677047],[-78.372723,36.677046],[-78.372724,36.677046],[-78.372725,36.677045],[-78.372726,36.677045],[-78.372727,36.677044],[-78.372728,36.677043],[-78.372729,36.677042],[-78.37273,36.677042],[-78.372732,36.677041],[-78.372733,36.67704],[-78.372734,36.67704],[-78.372735,36.677039],[-78.372736,36.677038],[-78.372737,36.677037],[-78.372738,36.677037],[-78.372739,36.677035],[-78.37274,36.677035],[-78.372741,36.677034],[-78.372742,36.677033],[-78.372743,36.677032],[-78.372744,36.677032],[-78.372745,36.677031],[-78.372746,36.67703],[-78.372747,36.677029],[-78.372748,36.677029],[-78.372749,36.677028],[-78.37275,36.677027],[-78.372751,36.677026],[-78.372752,36.677025],[-78.372753,36.677024],[-78.372754,36.677024],[-78.372755,36.677023],[-78.372755,36.677021],[-78.372756,36.677021],[-78.372757,36.67702],[-78.372758,36.677019],[-78.372759,36.677018],[-78.37276,36.677017],[-78.372761,36.677016],[-78.372762,36.677015],[-78.372763,36.677014],[-78.372764,36.677013],[-78.372765,36.677012],[-78.372766,36.677011],[-78.372766,36.67701],[-78.372767,36.677009],[-78.372768,36.677008],[-78.372769,36.677007],[-78.372769,36.677006],[-78.37277,36.677005],[-78.372771,36.677004],[-78.372772,36.677003],[-78.372772,36.677002],[-78.372773,36.677001],[-78.372774,36.677],[-78.372774,36.676999],[-78.372775,36.676998],[-78.372776,36.676997],[-78.372776,36.676996],[-78.372777,36.676995],[-78.372778,36.676994],[-78.372778,36.676993],[-78.372779,36.676992],[-78.37278,36.676991],[-78.37278,36.67699],[-78.372781,36.676989],[-78.372781,36.676988],[-78.372782,36.676987],[-78.372783,36.676986],[-78.372783,36.676984],[-78.372784,36.676984],[-78.372784,36.676983],[-78.372785,36.676982],[-78.372785,36.676981],[-78.372786,36.67698],[-78.372786,36.676979],[-78.372787,36.676978],[-78.372787,36.676976],[-78.372788,36.676975],[-78.372788,36.676974],[-78.372788,36.676973],[-78.372789,36.676972],[-78.372789,36.676971],[-78.37279,36.67697],[-78.37279,36.676969],[-78.37279,36.676968],[-78.372791,36.676967],[-78.372791,36.676966],[-78.372791,36.676965],[-78.372792,36.676963],[-78.372792,36.676962],[-78.372792,36.676961],[-78.372793,36.67696],[-78.372793,36.676959],[-78.372793,36.676958],[-78.372794,36.676956],[-78.372794,36.676955],[-78.372794,36.676953],[-78.372795,36.676952],[-78.372795,36.676951],[-78.372795,36.67695],[-78.372795,36.676949],[-78.372795,36.676948],[-78.372796,36.676947],[-78.372796,36.676945],[-78.372796,36.676944],[-78.372796,36.676943],[-78.372796,36.676942],[-78.372796,36.676941],[-78.372796,36.676939],[-78.372797,36.676938],[-78.372797,36.676936],[-78.372797,36.676935],[-78.372797,36.676934],[-78.372797,36.676933],[-78.372797,36.676931],[-78.372797,36.67693],[-78.372797,36.676928],[-78.372797,36.676927],[-78.372797,36.676926],[-78.372797,36.676925],[-78.372797,36.676924],[-78.372797,36.676923],[-78.372797,36.676922],[-78.372796,36.676921],[-78.372796,36.676919],[-78.372796,36.676918],[-78.372796,36.676917],[-78.372796,36.676916],[-78.372796,36.676914],[-78.372796,36.676913],[-78.372795,36.676911],[-78.372795,36.67691],[-78.372795,36.676909],[-78.372795,36.676908],[-78.372795,36.676907],[-78.372794,36.676906],[-78.372794,36.676905],[-78.372794,36.676904],[-78.372794,36.676903],[-78.372793,36.676901],[-78.372793,36.6769],[-78.372793,36.676899],[-78.372793,36.676898],[-78.372792,36.676897],[-78.372792,36.676896],[-78.372792,36.676894],[-78.372791,36.676894],[-78.372791,36.676893],[-78.372791,36.676891],[-78.37279,36.67689],[-78.37279,36.676889],[-78.372789,36.676888],[-78.372789,36.676887],[-78.372789,36.676886],[-78.372788,36.676885],[-78.372788,36.676883],[-78.372787,36.676883],[-78.372787,36.676882],[-78.372786,36.67688],[-78.372785,36.676879],[-78.372785,36.676877],[-78.372784,36.676876],[-78.372784,36.676875],[-78.372783,36.676874],[-78.372783,36.676873],[-78.372782,36.676872],[-78.372782,36.676871],[-78.372781,36.67687],[-78.37278,36.676869],[-78.37278,36.676868],[-78.372779,36.676867],[-78.372779,36.676866],[-78.372778,36.676865],[-78.372777,36.676863],[-78.372776,36.676862]],[[-78.379124,36.683875],[-78.378995,36.682699],[-78.377483,36.682806],[-78.377612,36.683983],[-78.379124,36.683875]],[[-78.377109,36.681269],[-78.377328,36.680549],[-78.376251,36.680337],[-78.376033,36.681057],[-78.377109,36.681269]]]]},"properties":{"id":"precisely-site-ecbf02a727","src":"precisely","grp":"verify","op":"","ref":"3675","locality":"51117","acres":"223.83","for_site":"site-ecbf02a727"}},{"type":"Feature","geometry":{"type":"MultiPolygon","coordinates":[[[[-77.53822,38.957553],[-77.537631,38.958848],[-77.537531,38.958817],[-77.533573,38.957611],[-77.534276,38.956149],[-77.535145,38.956048],[-77.536277,38.957069],[-77.53822,38.957553]]]]},"properties":{"id":"precisely-site-edaf2eb301","src":"precisely","grp":"verify","op":"TECH PARK AT BRAMBLETON LLC","ref":"161253540000","locality":"51107","acres":"15.36","for_site":"site-edaf2eb301"}},{"type":"Feature","geometry":{"type":"MultiPolygon","coordinates":[[[[-97.299427,31.059594],[-97.300577,31.05994],[-97.300172,31.061038],[-97.296815,31.060095],[-97.297283,31.056109],[-97.300422,31.056983],[-97.300359,31.057148],[-97.299427,31.059594]]]]},"properties":{"id":"precisely-site-edfa96c37a","src":"precisely","grp":"verify","op":"TEMPLE GREEN DATA LLC","ref":"532520","locality":"48027","acres":"32.41","for_site":"site-edfa96c37a"}},{"type":"Feature","geometry":{"type":"MultiPolygon","coordinates":[[[[-73.743552,45.49021],[-73.74312,45.490181],[-73.742682,45.490101],[-73.742518,45.490072],[-73.740911,45.489078],[-73.742048,45.488161],[-73.742861,45.487508],[-73.743409,45.487067],[-73.743968,45.487393],[-73.74676,45.489017],[-73.746765,45.48902],[-73.746769,45.489023],[-73.746774,45.489025],[-73.746779,45.489028],[-73.746783,45.48903],[-73.746788,45.489033],[-73.746793,45.489034],[-73.746798,45.489037],[-73.746803,45.489039],[-73.746808,45.489042],[-73.746813,45.489044],[-73.746818,45.489045],[-73.746824,45.489048],[-73.746829,45.48905],[-73.748124,45.48985],[-73.748863,45.49031],[-73.748798,45.490312],[-73.748734,45.490315],[-73.748669,45.490317],[-73.748604,45.490319],[-73.74854,45.490321],[-73.748475,45.490323],[-73.748411,45.490325],[-73.748346,45.490327],[-73.748281,45.490329],[-73.748217,45.49033],[-73.748152,45.490332],[-73.748087,45.490334],[-73.748023,45.490335],[-73.747958,45.490337],[-73.747893,45.490337],[-73.747829,45.490339],[-73.747764,45.49034],[-73.747699,45.490342],[-73.747635,45.490343],[-73.74757,45.490343],[-73.747505,45.490345],[-73.747441,45.490346],[-73.747376,45.490347],[-73.747311,45.490347],[-73.747247,45.490348],[-73.747182,45.490348],[-73.747117,45.490349],[-73.747052,45.49035],[-73.746988,45.49035],[-73.746923,45.49035],[-73.746858,45.490351],[-73.746794,45.490351],[-73.746729,45.490351],[-73.746664,45.490351],[-73.7466,45.490351],[-73.746535,45.490351],[-73.74647,45.490351],[-73.746406,45.490351],[-73.746187,45.49035],[-73.744459,45.490271],[-73.743552,45.49021]]]]},"properties":{"id":"precisely-site-ee01e3a388","src":"precisely","grp":"verify","op":"","ref":"C000PS1A4T2S","locality":"Canada","acres":"28.42","for_site":"site-ee01e3a388"}},{"type":"Feature","geometry":{"type":"MultiPolygon","coordinates":[[[[115.877384,-31.949673],[115.877373,-31.949673],[115.877061,-31.949674],[115.877058,-31.949476],[115.877058,-31.949449],[115.877383,-31.949448],[115.877383,-31.949475],[115.877384,-31.949664],[115.877384,-31.949673]]]]},"properties":{"id":"precisely-site-ee30a697bb","src":"precisely","grp":"verify","op":"","ref":"2170/260","locality":"EAST PERTH, WA","acres":"0.19","for_site":"site-ee30a697bb"}},{"type":"Feature","geometry":{"type":"MultiPolygon","coordinates":[[[[-78.092371,41.150965],[-78.091899,41.150966],[-78.089302,41.150974],[-78.087444,41.150979],[-78.08743,41.148365],[-78.087481,41.141862],[-78.081026,41.141997],[-78.081035,41.138792],[-78.083306,41.13871],[-78.083307,41.137822],[-78.083308,41.137327],[-78.083333,41.137325],[-78.083571,41.13728],[-78.083581,41.137278],[-78.083827,41.137207],[-78.083833,41.137205],[-78.084095,41.137111],[-78.084106,41.137106],[-78.084391,41.136964],[-78.084395,41.136962],[-78.084778,41.136746],[-78.085143,41.136548],[-78.085548,41.136323],[-78.085933,41.136103],[-78.085944,41.136095],[-78.086193,41.135897],[-78.086202,41.135889],[-78.086339,41.135738],[-78.086351,41.135718],[-78.086415,41.135551],[-78.086417,41.135544],[-78.086419,41.135532],[-78.086419,41.135527],[-78.086403,41.135353],[-78.086401,41.135342],[-78.086347,41.135167],[-78.086345,41.135161],[-78.086231,41.134887],[-78.086228,41.134882],[-78.086082,41.134603],[-78.086081,41.134601],[-78.085958,41.134384],[-78.08622,41.13457],[-78.086413,41.134719],[-78.0866,41.134899],[-78.086606,41.134904],[-78.086807,41.135065],[-78.087059,41.135293],[-78.087243,41.135477],[-78.087357,41.135648],[-78.087413,41.135825],[-78.087443,41.135998],[-78.087445,41.136194],[-78.087446,41.136391],[-78.087446,41.136394],[-78.087455,41.13654],[-78.087456,41.13655],[-78.087468,41.136601],[-78.087495,41.136712],[-78.087496,41.136715],[-78.087548,41.136883],[-78.087606,41.137076],[-78.087609,41.137085],[-78.087696,41.137255],[-78.087795,41.137433],[-78.087888,41.137603],[-78.087991,41.137798],[-78.087993,41.137801],[-78.088115,41.138],[-78.08823,41.138209],[-78.088358,41.138439],[-78.088476,41.138676],[-78.088478,41.138679],[-78.088609,41.138907],[-78.088727,41.139131],[-78.088731,41.139139],[-78.088885,41.139354],[-78.088898,41.139367],[-78.08907,41.139511],[-78.089082,41.139519],[-78.089344,41.139672],[-78.089666,41.13985],[-78.089963,41.140007],[-78.090273,41.140207],[-78.09053,41.140409],[-78.090535,41.140413],[-78.090655,41.140494],[-78.090796,41.140588],[-78.091015,41.140765],[-78.091215,41.140956],[-78.091358,41.141149],[-78.09136,41.141151],[-78.091519,41.141345],[-78.091651,41.141518],[-78.091705,41.141588],[-78.091808,41.141721],[-78.091974,41.141929],[-78.092068,41.142058],[-78.092218,41.142244],[-78.092274,41.142314],[-78.092278,41.142318],[-78.092347,41.142391],[-78.092445,41.142495],[-78.092612,41.142692],[-78.092617,41.142697],[-78.092785,41.142855],[-78.092792,41.142862],[-78.092929,41.142962],[-78.09294,41.142971],[-78.092953,41.142978],[-78.092959,41.14298],[-78.09311,41.143033],[-78.093117,41.143036],[-78.093133,41.143038],[-78.093149,41.14304],[-78.093155,41.14304],[-78.093362,41.143027],[-78.093371,41.143027],[-78.093574,41.142999],[-78.093813,41.14299],[-78.09404,41.143037],[-78.094286,41.143109],[-78.094683,41.143218],[-78.095092,41.143348],[-78.095099,41.143351],[-78.095482,41.143448],[-78.09579,41.143541],[-78.096073,41.143634],[-78.096377,41.143761],[-78.096642,41.14388],[-78.096757,41.14394],[-78.097078,41.144125],[-78.092395,41.143957],[-78.092396,41.150965],[-78.092371,41.150965]]],[[[-78.097358,41.144135],[-78.097326,41.144107],[-78.097317,41.144101],[-78.097071,41.143939],[-78.097067,41.143936],[-78.097059,41.143932],[-78.096743,41.143765],[-78.096737,41.143763],[-78.096465,41.143642],[-78.096157,41.143513],[-78.096149,41.14351],[-78.095859,41.143414],[-78.095547,41.14332],[-78.095542,41.143318],[-78.09516,41.143221],[-78.094752,41.143091],[-78.094747,41.143089],[-78.09435,41.142981],[-78.094101,41.142907],[-78.094092,41.142905],[-78.093846,41.142855],[-78.093819,41.142853],[-78.093559,41.142862],[-78.093547,41.142863],[-78.093343,41.142891],[-78.093165,41.142901],[-78.093051,41.142861],[-78.092923,41.142767],[-78.092762,41.142614],[-78.092596,41.142419],[-78.092428,41.14224],[-78.09234,41.142131],[-78.092227,41.14199],[-78.092214,41.141973],[-78.092131,41.14186],[-78.091965,41.141652],[-78.091808,41.141448],[-78.091705,41.141315],[-78.091674,41.141274],[-78.091516,41.141081],[-78.09137,41.140884],[-78.091362,41.140874],[-78.091155,41.140677],[-78.09115,41.140673],[-78.090926,41.140492],[-78.09092,41.140488],[-78.090822,41.140422],[-78.090658,41.140312],[-78.0904,41.14011],[-78.090394,41.140106],[-78.090078,41.1399],[-78.090071,41.139896],[-78.089772,41.139739],[-78.089454,41.139564],[-78.089199,41.139414],[-78.08904,41.139281],[-78.088893,41.139077],[-78.088776,41.138854],[-78.088645,41.138626],[-78.088526,41.138386],[-78.088398,41.138156],[-78.08828,41.137944],[-78.088159,41.137745],[-78.088057,41.137552],[-78.087963,41.13738],[-78.087865,41.137205],[-78.087781,41.137041],[-78.087725,41.136852],[-78.087673,41.136686],[-78.087641,41.13655],[-78.087636,41.136529],[-78.087627,41.136388],[-78.087626,41.136193],[-78.087625,41.135993],[-78.087624,41.135985],[-78.087592,41.135804],[-78.08759,41.135797],[-78.087531,41.135609],[-78.087524,41.135594],[-78.087401,41.13541],[-78.087392,41.135399],[-78.087202,41.135209],[-78.0872,41.135208],[-78.086945,41.134975],[-78.086941,41.134972],[-78.08674,41.134812],[-78.086553,41.134631],[-78.086546,41.134626],[-78.086348,41.134474],[-78.086346,41.134472],[-78.086132,41.134321],[-78.085953,41.134166],[-78.085824,41.134021],[-78.085822,41.134018],[-78.085696,41.133889],[-78.085685,41.133868],[-78.085569,41.13364],[-78.085465,41.133432],[-78.085361,41.133236],[-78.085359,41.133231],[-78.085248,41.133057],[-78.085154,41.132906],[-78.08505,41.132735],[-78.084985,41.132631],[-78.085336,41.132949],[-78.085576,41.133191],[-78.085928,41.13359],[-78.085932,41.133594],[-78.086106,41.13376],[-78.086111,41.133764],[-78.086326,41.133937],[-78.086328,41.133939],[-78.086594,41.134138],[-78.086598,41.134141],[-78.086851,41.134307],[-78.086856,41.134311],[-78.087273,41.134542],[-78.087278,41.134545],[-78.087506,41.134655],[-78.087514,41.134658],[-78.087774,41.134758],[-78.087791,41.134763],[-78.08803,41.134813],[-78.088042,41.134815],[-78.088335,41.134846],[-78.088342,41.134847],[-78.088679,41.134863],[-78.089076,41.134882],[-78.089452,41.134899],[-78.089454,41.134899],[-78.089836,41.134916],[-78.090256,41.134933],[-78.090578,41.13495],[-78.090891,41.134967],[-78.091198,41.134983],[-78.09149,41.13502],[-78.091817,41.135071],[-78.092167,41.135144],[-78.092312,41.135179],[-78.092484,41.13522],[-78.092753,41.135293],[-78.092757,41.135295],[-78.093105,41.135378],[-78.09311,41.13538],[-78.093454,41.135445],[-78.093799,41.13554],[-78.094134,41.135637],[-78.094443,41.135723],[-78.094809,41.135826],[-78.095088,41.135912],[-78.095336,41.136016],[-78.095506,41.136112],[-78.095691,41.136239],[-78.095899,41.136415],[-78.096086,41.136599],[-78.096149,41.136661],[-78.096177,41.136689],[-78.096281,41.136791],[-78.096283,41.136793],[-78.096461,41.136957],[-78.096463,41.136959],[-78.096683,41.137157],[-78.096684,41.137158],[-78.096898,41.137342],[-78.0969,41.137345],[-78.097161,41.13755],[-78.097357,41.13771],[-78.097359,41.137711],[-78.097559,41.137861],[-78.097752,41.138005],[-78.097938,41.138155],[-78.097944,41.13816],[-78.098176,41.138315],[-78.098188,41.138321],[-78.098456,41.138448],[-78.098462,41.13845],[-78.098725,41.138555],[-78.098733,41.138558],[-78.099037,41.138654],[-78.099047,41.138656],[-78.099289,41.13871],[-78.099296,41.138711],[-78.099546,41.138752],[-78.09955,41.138752],[-78.099852,41.138792],[-78.100203,41.138835],[-78.100639,41.138906],[-78.101026,41.138971],[-78.10103,41.138972],[-78.101142,41.138986],[-78.101076,41.143923],[-78.101071,41.144268],[-78.097358,41.144135]]],[[[-78.085818,41.135997],[-78.085441,41.136213],[-78.085037,41.136436],[-78.084672,41.136635],[-78.084289,41.13685],[-78.084011,41.136989],[-78.083759,41.13708],[-78.083522,41.137148],[-78.083308,41.137189],[-78.080866,41.1345],[-78.0837,41.131624],[-78.083714,41.131633],[-78.08394,41.131785],[-78.08417,41.13195],[-78.084349,41.132102],[-78.084454,41.132219],[-78.084458,41.132223],[-78.084503,41.132274],[-78.084659,41.132452],[-78.084778,41.13262],[-78.084885,41.132793],[-78.084989,41.132963],[-78.085083,41.133115],[-78.085194,41.133289],[-78.085296,41.133481],[-78.085399,41.133689],[-78.085516,41.133917],[-78.085525,41.133936],[-78.085532,41.133948],[-78.085537,41.133958],[-78.08577,41.1344],[-78.085771,41.134402],[-78.085914,41.134654],[-78.086058,41.13493],[-78.086171,41.135201],[-78.086222,41.135368],[-78.086236,41.135524],[-78.08618,41.13567],[-78.086056,41.135807],[-78.085818,41.135997]]]]},"properties":{"id":"precisely-site-ef95d35a6a","src":"precisely","grp":"new","op":"","ref":"T03-000-00038","locality":"42033","acres":"429.7","for_site":"site-ef95d35a6a"}},{"type":"Feature","geometry":{"type":"MultiPolygon","coordinates":[[[[130.882526,-12.429668],[130.882525,-12.429198],[130.883221,-12.429202],[130.883221,-12.429391],[130.883221,-12.42967],[130.882526,-12.429668]]]]},"properties":{"id":"precisely-site-efbcc40cab","src":"precisely","grp":"new","op":"","ref":"1745 055-Hundred of Bagot A 000757","locality":"WINNELLIE, NT","acres":"0.97","for_site":"site-efbcc40cab"}},{"type":"Feature","geometry":{"type":"MultiPolygon","coordinates":[[[[-120.218234,47.392272],[-120.216445,47.392263],[-120.216455,47.391471],[-120.21823,47.391474],[-120.218234,47.392272]]]]},"properties":{"id":"precisely-site-efc32006bf","src":"precisely","grp":"verify","op":"CHELAN DOUGLAS REGIONAL PORT AUTHORITY","ref":"76600001700","locality":"53017","acres":"2.94","for_site":"site-efc32006bf"}},{"type":"Feature","geometry":{"type":"MultiPolygon","coordinates":[[[[144.858512,-37.821097],[144.858499,-37.821154],[144.858485,-37.821221],[144.858469,-37.821294],[144.858452,-37.821371],[144.858204,-37.822495],[144.857893,-37.822452],[144.85837,-37.82029],[144.858644,-37.818109],[144.858159,-37.817648],[144.85824,-37.817657],[144.859091,-37.818464],[144.859078,-37.818522],[144.858647,-37.820484],[144.85863,-37.820561],[144.858614,-37.820633],[144.858599,-37.820701],[144.858587,-37.820758],[144.858574,-37.820814],[144.858562,-37.820871],[144.858549,-37.820927],[144.858537,-37.820984],[144.858524,-37.821041],[144.858512,-37.821097]]]]},"properties":{"id":"precisely-site-f095af62e9","src":"precisely","grp":"verify","op":"","ref":"1\\TP175614","locality":"BROOKLYN, VIC","acres":"3.8","for_site":"site-f095af62e9"}},{"type":"Feature","geometry":{"type":"MultiPolygon","coordinates":[[[[-79.365884,43.844405],[-79.365884,43.844406],[-79.365885,43.844407],[-79.365885,43.844408],[-79.365885,43.844409],[-79.365887,43.844412],[-79.364524,43.844725],[-79.364493,43.844731],[-79.364227,43.844793],[-79.363978,43.844851],[-79.363813,43.84418],[-79.365381,43.843821],[-79.365397,43.843837],[-79.365729,43.844183],[-79.365729,43.844184],[-79.36573,43.844185],[-79.365731,43.844185],[-79.365731,43.844186],[-79.365732,43.844187],[-79.365733,43.844188],[-79.365734,43.844189],[-79.365735,43.84419],[-79.365736,43.844191],[-79.365736,43.844192],[-79.365737,43.844193],[-79.365738,43.844193],[-79.365739,43.844194],[-79.365739,43.844195],[-79.36574,43.844196],[-79.365741,43.844196],[-79.365741,43.844197],[-79.365742,43.844198],[-79.365743,43.844199],[-79.365744,43.844199],[-79.365744,43.8442],[-79.365745,43.844201],[-79.365746,43.844202],[-79.365747,43.844203],[-79.365748,43.844204],[-79.365748,43.844205],[-79.365749,43.844206],[-79.36575,43.844206],[-79.365751,43.844207],[-79.365752,43.844209],[-79.365753,43.844209],[-79.365753,43.84421],[-79.365754,43.84421],[-79.365755,43.844212],[-79.365755,43.844213],[-79.365756,43.844213],[-79.365757,43.844214],[-79.365757,43.844215],[-79.365758,43.844216],[-79.365759,43.844216],[-79.365759,43.844217],[-79.36576,43.844218],[-79.365761,43.844219],[-79.365761,43.84422],[-79.365762,43.84422],[-79.365763,43.844221],[-79.365764,43.844223],[-79.365765,43.844223],[-79.365765,43.844224],[-79.365766,43.844225],[-79.365767,43.844226],[-79.365768,43.844227],[-79.365769,43.844228],[-79.365769,43.844229],[-79.36577,43.84423],[-79.365771,43.84423],[-79.365771,43.844231],[-79.365772,43.844232],[-79.365773,43.844233],[-79.365773,43.844234],[-79.365774,43.844234],[-79.365775,43.844235],[-79.365775,43.844236],[-79.365776,43.844237],[-79.365777,43.844238],[-79.365778,43.844239],[-79.365779,43.84424],[-79.365779,43.844241],[-79.36578,43.844241],[-79.365781,43.844242],[-79.365781,43.844243],[-79.365782,43.844244],[-79.365783,43.844246],[-79.365784,43.844246],[-79.365784,43.844247],[-79.365785,43.844247],[-79.365786,43.844249],[-79.365786,43.84425],[-79.365787,43.84425],[-79.365788,43.844251],[-79.365788,43.844252],[-79.365789,43.844252],[-79.365789,43.844254],[-79.36579,43.844254],[-79.365791,43.844255],[-79.365792,43.844257],[-79.365793,43.844258],[-79.365794,43.844259],[-79.365794,43.84426],[-79.365795,43.844261],[-79.365796,43.844261],[-79.365796,43.844262],[-79.365797,43.844263],[-79.365798,43.844264],[-79.365798,43.844265],[-79.365799,43.844266],[-79.3658,43.844267],[-79.365801,43.844268],[-79.365801,43.844269],[-79.365802,43.844269],[-79.365802,43.844271],[-79.365803,43.844271],[-79.365804,43.844272],[-79.365805,43.844274],[-79.365805,43.844275],[-79.365806,43.844275],[-79.365807,43.844276],[-79.365807,43.844277],[-79.365808,43.844278],[-79.365808,43.844279],[-79.365809,43.844279],[-79.36581,43.84428],[-79.36581,43.844281],[-79.365811,43.844282],[-79.365811,43.844283],[-79.365812,43.844283],[-79.365812,43.844284],[-79.365813,43.844285],[-79.365814,43.844286],[-79.365815,43.844288],[-79.365816,43.844289],[-79.365817,43.84429],[-79.365817,43.844291],[-79.365818,43.844292],[-79.365819,43.844293],[-79.365819,43.844294],[-79.36582,43.844295],[-79.365821,43.844296],[-79.365821,43.844297],[-79.365822,43.844297],[-79.365822,43.844298],[-79.365823,43.844299],[-79.365823,43.8443],[-79.365824,43.8443],[-79.365824,43.844302],[-79.365825,43.844303],[-79.365826,43.844303],[-79.365826,43.844304],[-79.365827,43.844305],[-79.365827,43.844306],[-79.365828,43.844306],[-79.365828,43.844307],[-79.365829,43.844308],[-79.365829,43.844309],[-79.36583,43.84431],[-79.365831,43.844311],[-79.365831,43.844312],[-79.365832,43.844312],[-79.365832,43.844313],[-79.365833,43.844314],[-79.365834,43.844316],[-79.365834,43.844317],[-79.365835,43.844317],[-79.365835,43.844318],[-79.365836,43.844319],[-79.365836,43.84432],[-79.365837,43.84432],[-79.365838,43.844322],[-79.365838,43.844323],[-79.365839,43.844323],[-79.365839,43.844324],[-79.36584,43.844325],[-79.36584,43.844326],[-79.365841,43.844327],[-79.365841,43.844328],[-79.365842,43.844328],[-79.365842,43.844329],[-79.365843,43.84433],[-79.365843,43.844331],[-79.365844,43.844331],[-79.365844,43.844333],[-79.365845,43.844333],[-79.365845,43.844334],[-79.365846,43.844335],[-79.365846,43.844336],[-79.365847,43.844337],[-79.365848,43.844338],[-79.365848,43.844339],[-79.365849,43.84434],[-79.365849,43.844341],[-79.36585,43.844342],[-79.365851,43.844344],[-79.365852,43.844345],[-79.365852,43.844346],[-79.365853,43.844347],[-79.365853,43.844348],[-79.365854,43.844348],[-79.365854,43.84435],[-79.365855,43.84435],[-79.365855,43.844351],[-79.365856,43.844352],[-79.365856,43.844353],[-79.365857,43.844354],[-79.365857,43.844355],[-79.365858,43.844355],[-79.365858,43.844356],[-79.365859,43.844357],[-79.365859,43.844358],[-79.36586,43.844359],[-79.365861,43.844361],[-79.365862,43.844362],[-79.365862,43.844363],[-79.365863,43.844364],[-79.365863,43.844365],[-79.365864,43.844367],[-79.365865,43.844368],[-79.365865,43.844369],[-79.365866,43.84437],[-79.365866,43.844371],[-79.365867,43.844372],[-79.365867,43.844373],[-79.365868,43.844373],[-79.365868,43.844374],[-79.365869,43.844375],[-79.365869,43.844376],[-79.36587,43.844378],[-79.36587,43.844379],[-79.365871,43.844379],[-79.365871,43.84438],[-79.365872,43.844381],[-79.365872,43.844382],[-79.365873,43.844382],[-79.365873,43.844384],[-79.365873,43.844385],[-79.365874,43.844386],[-79.365875,43.844387],[-79.365875,43.844388],[-79.365876,43.844389],[-79.365876,43.84439],[-79.365877,43.84439],[-79.365877,43.844392],[-79.365878,43.844393],[-79.365878,43.844394],[-79.365879,43.844395],[-79.365879,43.844396],[-79.36588,43.844396],[-79.36588,43.844398],[-79.36588,43.844399],[-79.365881,43.844399],[-79.365881,43.8444],[-79.365882,43.844401],[-79.365882,43.844402],[-79.365882,43.844403],[-79.365883,43.844404],[-79.365884,43.844405]]]]},"properties":{"id":"precisely-site-f0b3eb270f","src":"precisely","grp":"verify","op":"","ref":"C000PS1814MG","locality":"Canada","acres":"2.75","for_site":"site-f0b3eb270f"}},{"type":"Feature","geometry":{"type":"MultiPolygon","coordinates":[[[[145.187151,-37.821397],[145.187146,-37.820974],[145.187574,-37.820972],[145.187886,-37.820971],[145.187884,-37.820727],[145.188048,-37.820709],[145.188049,-37.820709],[145.188051,-37.820709],[145.188178,-37.820709],[145.188178,-37.820722],[145.188179,-37.820845],[145.18818,-37.82097],[145.188406,-37.820969],[145.188457,-37.820968],[145.188596,-37.820968],[145.188734,-37.820967],[145.188795,-37.820967],[145.188797,-37.821202],[145.188798,-37.821311],[145.188799,-37.821455],[145.1888,-37.821581],[145.1888,-37.821671],[145.188801,-37.821761],[145.188802,-37.821851],[145.188688,-37.821852],[145.188529,-37.821852],[145.188449,-37.821853],[145.18837,-37.821853],[145.187495,-37.821856],[145.187352,-37.82177],[145.187154,-37.821731],[145.187151,-37.821397]]]]},"properties":{"id":"precisely-site-f0c5a6a58e","src":"precisely","grp":"verify","op":"","ref":"1\\PS349421","locality":"MITCHAM, VIC","acres":"3.63","for_site":"site-f0c5a6a58e"}},{"type":"Feature","geometry":{"type":"MultiPolygon","coordinates":[[[[-95.51115,35.568949],[-95.511144,35.56623],[-95.513341,35.566252],[-95.513353,35.568972],[-95.51115,35.568949]]]]},"properties":{"id":"precisely-site-f0ff51a73e","src":"precisely","grp":"verify","op":"","ref":"0000-28-13N-17E-3-048-07","locality":"40101","acres":"14.87","for_site":"site-f0ff51a73e"}},{"type":"Feature","geometry":{"type":"MultiPolygon","coordinates":[[[[-97.179056,49.825235],[-97.17686,49.825979],[-97.17606,49.824979],[-97.178974,49.823993],[-97.179056,49.825235]]]]},"properties":{"id":"precisely-site-f17bfb405b","src":"precisely","grp":"verify","op":"","ref":"C000PS16UCL2","locality":"Canada","acres":"6.42","for_site":"site-f17bfb405b"}},{"type":"Feature","geometry":{"type":"MultiPolygon","coordinates":[[[[-103.799113,31.533858],[-103.796224,31.532707],[-103.789407,31.529943],[-103.788682,31.529649],[-103.788682,31.529648],[-103.788683,31.529541],[-103.788684,31.529407],[-103.788755,31.519325],[-103.805932,31.519308],[-103.805918,31.525459],[-103.805896,31.533879],[-103.799281,31.533859],[-103.799189,31.533858],[-103.799113,31.533858]]],[[[-103.788652,31.533825],[-103.78868,31.529928],[-103.78868,31.529892],[-103.789408,31.530187],[-103.796115,31.532906],[-103.7985,31.533857],[-103.798423,31.533856],[-103.798354,31.533856],[-103.788652,31.533825]]]]},"properties":{"id":"precisely-site-f23ba7cf3d","src":"precisely","grp":"verify","op":"","ref":"6054","locality":"48389","acres":"644.59","for_site":"site-f23ba7cf3d"}},{"type":"Feature","geometry":{"type":"MultiPolygon","coordinates":[[[[-79.38467,43.644322],[-79.384767,43.644557],[-79.384786,43.644603],[-79.384817,43.644679],[-79.384479,43.644754],[-79.383693,43.644927],[-79.383561,43.644609],[-79.383544,43.644569],[-79.384439,43.644372],[-79.38467,43.644322]]]]},"properties":{"id":"precisely-site-f2dbd5ecda","src":"precisely","grp":"verify","op":"","ref":"C000PS187NQK","locality":"Canada","acres":"0.97","for_site":"site-f2dbd5ecda"}},{"type":"Feature","geometry":{"type":"MultiPolygon","coordinates":[[[[-86.755248,37.898108],[-86.755241,37.898132],[-86.755222,37.898156],[-86.754935,37.898281],[-86.754518,37.898427],[-86.754114,37.89856],[-86.754078,37.898646],[-86.754066,37.898715],[-86.75408,37.898802],[-86.754158,37.899072],[-86.75416,37.8991],[-86.754154,37.899128],[-86.754138,37.899142],[-86.754115,37.899156],[-86.75408,37.89917],[-86.753719,37.899314],[-86.753576,37.899393],[-86.753472,37.89947],[-86.7534,37.899539],[-86.753348,37.899615],[-86.753279,37.899782],[-86.753233,37.899815],[-86.753015,37.899978],[-86.75292,37.899899],[-86.752662,37.899684],[-86.752538,37.899581],[-86.75253,37.899574],[-86.752293,37.89941],[-86.752153,37.899313],[-86.752002,37.899208],[-86.751895,37.899152],[-86.751711,37.898972],[-86.751803,37.898761],[-86.751819,37.898726],[-86.751817,37.89841],[-86.753494,37.898168],[-86.753887,37.898117],[-86.754666,37.897935],[-86.755121,37.897797],[-86.755244,37.898083],[-86.755248,37.898108]]]]},"properties":{"id":"precisely-site-f3e3864878","src":"precisely","grp":"new","op":"","ref":"H3-12-03","locality":"21091","acres":"8.15","for_site":"site-f3e3864878"}},{"type":"Feature","geometry":{"type":"MultiPolygon","coordinates":[[[[-72.547087,45.879163],[-72.547087,45.879164],[-72.547086,45.879166],[-72.547085,45.879167],[-72.547085,45.879169],[-72.547084,45.879169],[-72.547083,45.879171],[-72.547082,45.879172],[-72.547081,45.879174],[-72.547081,45.879175],[-72.54708,45.879176],[-72.547079,45.879178],[-72.547078,45.879178],[-72.547077,45.87918],[-72.547076,45.879181],[-72.547075,45.879183],[-72.547074,45.879184],[-72.547072,45.879185],[-72.547071,45.879186],[-72.54707,45.879187],[-72.547069,45.879189],[-72.547068,45.879189],[-72.545162,45.880899],[-72.545161,45.8809],[-72.54516,45.880901],[-72.545158,45.880902],[-72.545157,45.880903],[-72.545156,45.880905],[-72.545154,45.880906],[-72.545153,45.880906],[-72.545151,45.880908],[-72.54515,45.880909],[-72.545148,45.88091],[-72.545147,45.880911],[-72.545145,45.880911],[-72.545144,45.880912],[-72.545142,45.880913],[-72.54514,45.880914],[-72.545139,45.880915],[-72.545137,45.880916],[-72.545135,45.880917],[-72.545134,45.880917],[-72.545132,45.880918],[-72.54513,45.880919],[-72.545128,45.88092],[-72.545127,45.88092],[-72.545125,45.880921],[-72.545123,45.880922],[-72.545121,45.880922],[-72.545119,45.880923],[-72.545118,45.880923],[-72.545116,45.880924],[-72.545114,45.880925],[-72.545112,45.880925],[-72.54511,45.880926],[-72.545108,45.880926],[-72.545106,45.880927],[-72.545104,45.880927],[-72.545102,45.880928],[-72.5451,45.880928],[-72.545098,45.880928],[-72.545096,45.880928],[-72.545094,45.880928],[-72.545092,45.880929],[-72.54509,45.88093],[-72.545088,45.88093],[-72.545086,45.88093],[-72.545084,45.88093],[-72.545082,45.88093],[-72.54508,45.880931],[-72.545078,45.880931],[-72.545076,45.880931],[-72.545074,45.880931],[-72.545072,45.880931],[-72.54507,45.880931],[-72.545068,45.880931],[-72.545066,45.880931],[-72.545064,45.880931],[-72.545062,45.880931],[-72.54506,45.880931],[-72.545058,45.88093],[-72.545055,45.88093],[-72.545053,45.88093],[-72.545051,45.88093],[-72.545049,45.88093],[-72.545047,45.880929],[-72.545045,45.880929],[-72.545043,45.880928],[-72.545041,45.880928],[-72.545039,45.880928],[-72.545037,45.880928],[-72.545035,45.880927],[-72.545033,45.880927],[-72.545032,45.880927],[-72.54503,45.880926],[-72.545028,45.880926],[-72.545026,45.880925],[-72.545024,45.880925],[-72.545022,45.880923],[-72.54502,45.880923],[-72.545018,45.880923],[-72.545016,45.880922],[-72.545015,45.880921],[-72.545013,45.88092],[-72.545011,45.88092],[-72.545009,45.880919],[-72.545007,45.880919],[-72.545006,45.880917],[-72.545004,45.880917],[-72.545002,45.880916],[-72.545001,45.880915],[-72.544999,45.880914],[-72.544997,45.880914],[-72.544996,45.880913],[-72.543915,45.88031],[-72.546017,45.8785],[-72.547048,45.879074],[-72.54705,45.879076],[-72.547051,45.879077],[-72.547053,45.879078],[-72.547054,45.879079],[-72.547056,45.879079],[-72.547057,45.879081],[-72.547059,45.879082],[-72.54706,45.879082],[-72.547061,45.879084],[-72.547063,45.879085],[-72.547064,45.879085],[-72.547065,45.879087],[-72.547067,45.879088],[-72.547068,45.879089],[-72.547069,45.87909],[-72.54707,45.879091],[-72.547072,45.879093],[-72.547073,45.879093],[-72.547074,45.879095],[-72.547075,45.879096],[-72.547076,45.879097],[-72.547077,45.879099],[-72.547078,45.879099],[-72.547079,45.879101],[-72.54708,45.879102],[-72.547081,45.879104],[-72.547082,45.879105],[-72.547082,45.879106],[-72.547083,45.879108],[-72.547084,45.879109],[-72.547085,45.87911],[-72.547085,45.879112],[-72.547086,45.879113],[-72.547087,45.879114],[-72.547087,45.879116],[-72.547088,45.879116],[-72.547088,45.879118],[-72.547089,45.879119],[-72.547089,45.879121],[-72.54709,45.879122],[-72.54709,45.879124],[-72.547091,45.879125],[-72.547091,45.879127],[-72.547091,45.879128],[-72.547092,45.87913],[-72.547092,45.879132],[-72.547092,45.879133],[-72.547092,45.879135],[-72.547092,45.879137],[-72.547092,45.879138],[-72.547092,45.879139],[-72.547092,45.879141],[-72.547092,45.879142],[-72.547092,45.879144],[-72.547092,45.879145],[-72.547092,45.879147],[-72.547091,45.879149],[-72.547091,45.87915],[-72.547091,45.879152],[-72.547091,45.879154],[-72.54709,45.879155],[-72.54709,45.879156],[-72.547089,45.879158],[-72.547089,45.879159],[-72.547088,45.879161],[-72.547087,45.879163]]]]},"properties":{"id":"precisely-site-f406900192","src":"precisely","grp":"verify","op":"","ref":"C000PS197A03","locality":"Canada","acres":"7.29","for_site":"site-f406900192"}},{"type":"Feature","geometry":{"type":"MultiPolygon","coordinates":[[[[-79.515672,43.612244],[-79.515971,43.612959],[-79.516733,43.613822],[-79.515234,43.614152],[-79.514931,43.613428],[-79.515058,43.6134],[-79.514667,43.612465],[-79.514758,43.612446],[-79.514871,43.612421],[-79.515168,43.612355],[-79.515672,43.612244]]]]},"properties":{"id":"precisely-site-f4bc997c26","src":"precisely","grp":"verify","op":"","ref":"C000PS179B6A","locality":"Canada","acres":"4.68","for_site":"site-f4bc997c26"}},{"type":"Feature","geometry":{"type":"MultiPolygon","coordinates":[[[[-77.520241,38.744654],[-77.520527,38.744788],[-77.521205,38.745105],[-77.521203,38.745107],[-77.517448,38.74879],[-77.516349,38.748103],[-77.519951,38.744571],[-77.519953,38.744569],[-77.520241,38.744654]]]]},"properties":{"id":"precisely-site-f4c97e6434","src":"precisely","grp":"verify","op":"SI NVA03C LLC","ref":"7695-26-7645","locality":"51153","acres":"15.54","for_site":"site-f4c97e6434"}},{"type":"Feature","geometry":{"type":"MultiPolygon","coordinates":[[[[147.175087,-41.439502],[147.175654,-41.4398],[147.175829,-41.439892],[147.175866,-41.439911],[147.175961,-41.439995],[147.176081,-41.4401],[147.176215,-41.440218],[147.176363,-41.440348],[147.176463,-41.440436],[147.176492,-41.440462],[147.176518,-41.440485],[147.17687,-41.440798],[147.177722,-41.441556],[147.176482,-41.442501],[147.174264,-41.440741],[147.174532,-41.440554],[147.174507,-41.440486],[147.174064,-41.440133],[147.174466,-41.439818],[147.174087,-41.439641],[147.174185,-41.439528],[147.174484,-41.439191],[147.174794,-41.439348],[147.175087,-41.439502]]]]},"properties":{"id":"precisely-site-f548658160","src":"precisely","grp":"verify","op":"","ref":"163686/1","locality":"ST LEONARDS, TAS","acres":"12.58","for_site":"site-f548658160"}},{"type":"Feature","geometry":{"type":"MultiPolygon","coordinates":[[[[-104.964464,42.045203],[-104.964386,42.045348],[-104.963722,42.045342],[-104.96373,42.044876],[-104.964129,42.04488],[-104.964577,42.044884],[-104.964575,42.044993],[-104.964507,42.045117],[-104.964476,42.045179],[-104.964464,42.045203]]]]},"properties":{"id":"precisely-site-f621b97d40","src":"precisely","grp":"new","op":"ADVANCED COMMUNICATION TECHNOLOGY","ref":"246823101001CM","locality":"56031","acres":"0.82","for_site":"site-f621b97d40"}},{"type":"Feature","geometry":{"type":"MultiPolygon","coordinates":[[[[138.598744,-34.92503],[138.598756,-34.925138],[138.598736,-34.925139],[138.598737,-34.925148],[138.598726,-34.925148],[138.598625,-34.925155],[138.598503,-34.925161],[138.598465,-34.924581],[138.598714,-34.924569],[138.598743,-34.925004],[138.598744,-34.92503]]]]},"properties":{"id":"precisely-site-f63dd997a4","src":"precisely","grp":"verify","op":"","ref":"D31102AL100","locality":"ADELAIDE, SA","acres":"0.36","for_site":"site-f63dd997a4"}},{"type":"Feature","geometry":{"type":"MultiPolygon","coordinates":[[[[151.189133,-33.920279],[151.189458,-33.918706],[151.188924,-33.918629],[151.188659,-33.918591],[151.188456,-33.918562],[151.188419,-33.918557],[151.188257,-33.91857],[151.188158,-33.919041],[151.188156,-33.91959],[151.188133,-33.919785],[151.188076,-33.920055],[151.188082,-33.920092],[151.188131,-33.920136],[151.188183,-33.920152],[151.188805,-33.920247],[151.189129,-33.920297],[151.189133,-33.920279]]]]},"properties":{"id":"precisely-site-f6511d9422","src":"precisely","grp":"verify","op":"","ref":"302/1231238","locality":"ALEXANDRIA, NSW","acres":"4.69","for_site":"site-f6511d9422"}},{"type":"Feature","geometry":{"type":"MultiPolygon","coordinates":[[[[151.732109,-32.883575],[151.732121,-32.883564],[151.732133,-32.883553],[151.732144,-32.883541],[151.732155,-32.883529],[151.732164,-32.883516],[151.732173,-32.883503],[151.732181,-32.883489],[151.732188,-32.883475],[151.732194,-32.883461],[151.732199,-32.883447],[151.732204,-32.883432],[151.732207,-32.883418],[151.73226,-32.883189],[151.732398,-32.882556],[151.730313,-32.882204],[151.730027,-32.883533],[151.73013,-32.883551],[151.730235,-32.883565],[151.73034,-32.883575],[151.730446,-32.88358],[151.730487,-32.88358],[151.730551,-32.88358],[151.730677,-32.883579],[151.730842,-32.883579],[151.730995,-32.883578],[151.731831,-32.883655],[151.731848,-32.883656],[151.731866,-32.883657],[151.731883,-32.883657],[151.731901,-32.883656],[151.731919,-32.883654],[151.731937,-32.883651],[151.731954,-32.883648],[151.731971,-32.883644],[151.731988,-32.883639],[151.732005,-32.883633],[151.732021,-32.883627],[151.732037,-32.88362],[151.732053,-32.883612],[151.732067,-32.883604],[151.732082,-32.883595],[151.732096,-32.883585],[151.732109,-32.883575]]]]},"properties":{"id":"precisely-site-f680a1b6a8","src":"precisely","grp":"verify","op":"","ref":"118/270249","locality":"MAYFIELD WEST, NSW","acres":"6.73","for_site":"site-f680a1b6a8"}},{"type":"Feature","geometry":{"type":"MultiPolygon","coordinates":[[[[-111.681322,33.356101],[-111.681306,33.356133],[-111.681285,33.356162],[-111.681259,33.356189],[-111.681228,33.356212],[-111.681193,33.35623],[-111.681155,33.356243],[-111.681115,33.356252],[-111.681074,33.356255],[-111.681033,33.356252],[-111.680993,33.356245],[-111.680955,33.356232],[-111.680919,33.356214],[-111.680888,33.356192],[-111.680861,33.356166],[-111.680839,33.356136],[-111.680823,33.356105],[-111.680818,33.356095],[-111.680811,33.356086],[-111.680802,33.356079],[-111.680792,33.356072],[-111.680781,33.356068],[-111.680768,33.356065],[-111.680756,33.356064],[-111.679604,33.356055],[-111.679589,33.357305],[-111.682079,33.357156],[-111.682073,33.357751],[-111.682018,33.357751],[-111.682023,33.357253],[-111.679936,33.357378],[-111.679268,33.357417],[-111.679261,33.357418],[-111.67447,33.357706],[-111.673833,33.357743],[-111.673778,33.357742],[-111.670856,33.357737],[-111.670856,33.357683],[-111.670809,33.354449],[-111.670789,33.353143],[-111.670805,33.353144],[-111.670796,33.352525],[-111.670845,33.352525],[-111.670836,33.351921],[-111.670868,33.351921],[-111.670849,33.350662],[-111.67092,33.350604],[-111.679188,33.350672],[-111.681024,33.350687],[-111.681023,33.350858],[-111.681023,33.350871],[-111.681023,33.350885],[-111.681025,33.351037],[-111.681033,33.35119],[-111.681047,33.351343],[-111.681067,33.351495],[-111.681092,33.351646],[-111.681123,33.351797],[-111.681159,33.351946],[-111.681166,33.351972],[-111.682057,33.355265],[-111.682729,33.357747],[-111.682731,33.357755],[-111.682765,33.357882],[-111.682591,33.357881],[-111.682556,33.357754],[-111.682092,33.356039],[-111.681333,33.356033],[-111.681331,33.356068],[-111.681322,33.356101]]]]},"properties":{"id":"precisely-site-f724aa0900","src":"precisely","grp":"verify","op":"","ref":"30405019N","locality":"04013","acres":"184.9","for_site":"site-f724aa0900"}},{"type":"Feature","geometry":{"type":"MultiPolygon","coordinates":[[[[-78.944339,43.076057],[-78.944318,43.074491],[-78.945307,43.074806],[-78.945313,43.076052],[-78.944339,43.076057]]]]},"properties":{"id":"precisely-site-f7e64e172f","src":"precisely","grp":"verify","op":"DOUBLE C REALTY OF NY INC","ref":"161.19-5-51.1","locality":"36063","acres":"3.08","for_site":"site-f7e64e172f"}},{"type":"Feature","geometry":{"type":"MultiPolygon","coordinates":[[[[-79.53777,43.777941],[-79.537559,43.777531],[-79.537411,43.776931],[-79.544134,43.775544],[-79.544246,43.776073],[-79.544394,43.776723],[-79.542062,43.777215],[-79.542176,43.777479],[-79.5436,43.777604],[-79.54441,43.777494],[-79.54446,43.777707],[-79.543633,43.777812],[-79.542439,43.777704],[-79.542359,43.777746],[-79.542279,43.777789],[-79.543039,43.779734],[-79.543638,43.779875],[-79.543708,43.780038],[-79.543006,43.780171],[-79.542869,43.779834],[-79.542002,43.780024],[-79.542136,43.780346],[-79.542194,43.780486],[-79.540696,43.78033],[-79.540267,43.780282],[-79.538539,43.779421],[-79.538221,43.778786],[-79.53777,43.777941]]]]},"properties":{"id":"precisely-site-f928e0ca06","src":"precisely","grp":"verify","op":"","ref":"C000PS179Y45","locality":"Canada","acres":"43.87","for_site":"site-f928e0ca06"}},{"type":"Feature","geometry":{"type":"MultiPolygon","coordinates":[[[[-97.155662,49.890786],[-97.155656,49.890868],[-97.155202,49.890854],[-97.155208,49.890772],[-97.155662,49.890786]]]]},"properties":{"id":"precisely-site-fabc236c3b","src":"precisely","grp":"verify","op":"","ref":"C000PS1BP3NI","locality":"Canada","acres":"0.07","for_site":"site-fabc236c3b"}},{"type":"Feature","geometry":{"type":"MultiPolygon","coordinates":[[[[-114.008556,51.048719],[-114.008553,51.047029],[-114.008673,51.046979],[-114.009891,51.047305],[-114.010681,51.047517],[-114.011024,51.047591],[-114.011094,51.047595],[-114.011095,51.047876],[-114.011096,51.048717],[-114.008556,51.048719]]]]},"properties":{"id":"precisely-site-fae651bcd2","src":"precisely","grp":"verify","op":"","ref":"C000PS14O50M","locality":"Canada","acres":"7.01","for_site":"site-fae651bcd2"}},{"type":"Feature","geometry":{"type":"MultiPolygon","coordinates":[[[[152.937578,-29.690723],[152.937639,-29.690649],[152.937663,-29.69062],[152.937274,-29.690375],[152.937222,-29.690343],[152.93682,-29.69009],[152.936492,-29.690487],[152.937336,-29.691017],[152.937578,-29.690723]]]]},"properties":{"id":"precisely-site-fb622e27eb","src":"precisely","grp":"new","op":"","ref":"1/730917","locality":"GRAFTON, NSW","acres":"1.35","for_site":"site-fb622e27eb"}},{"type":"Feature","geometry":{"type":"MultiPolygon","coordinates":[[[[150.839383,-33.816903],[150.839373,-33.816903],[150.839364,-33.816902],[150.839354,-33.816902],[150.839344,-33.816902],[150.839335,-33.816902],[150.839325,-33.816901],[150.839315,-33.816901],[150.839306,-33.8169],[150.839296,-33.816899],[150.839286,-33.816899],[150.839277,-33.816898],[150.839267,-33.816897],[150.839257,-33.816896],[150.839248,-33.816895],[150.839238,-33.816894],[150.839229,-33.816893],[150.839219,-33.816892],[150.83921,-33.81689],[150.8392,-33.816889],[150.83919,-33.816888],[150.839181,-33.816886],[150.839171,-33.816884],[150.838464,-33.816765],[150.838455,-33.816763],[150.838445,-33.816762],[150.838435,-33.81676],[150.838426,-33.816758],[150.838416,-33.816756],[150.838406,-33.816754],[150.838397,-33.816752],[150.838387,-33.81675],[150.838378,-33.816747],[150.838368,-33.816745],[150.838359,-33.816743],[150.838349,-33.81674],[150.83834,-33.816738],[150.83833,-33.816735],[150.838321,-33.816733],[150.838311,-33.81673],[150.838302,-33.816727],[150.838293,-33.816724],[150.838283,-33.816721],[150.838274,-33.816718],[150.838265,-33.816715],[150.838256,-33.816712],[150.838247,-33.816709],[150.838237,-33.816706],[150.838228,-33.816702],[150.838219,-33.816699],[150.83821,-33.816696],[150.838201,-33.816692],[150.838192,-33.816689],[150.838183,-33.816685],[150.838175,-33.816681],[150.838166,-33.816677],[150.838157,-33.816674],[150.838148,-33.81667],[150.838139,-33.816666],[150.838131,-33.816662],[150.838122,-33.816658],[150.838113,-33.816654],[150.838105,-33.816649],[150.838096,-33.816645],[150.838088,-33.816641],[150.83808,-33.816636],[150.838071,-33.816632],[150.838063,-33.816627],[150.838055,-33.816623],[150.838046,-33.816618],[150.838038,-33.816614],[150.837609,-33.816366],[150.837605,-33.816364],[150.837602,-33.816362],[150.837599,-33.81636],[150.837595,-33.816359],[150.837592,-33.816357],[150.837589,-33.816356],[150.837585,-33.816354],[150.837582,-33.816353],[150.837578,-33.816351],[150.837574,-33.81635],[150.837571,-33.816349],[150.837567,-33.816348],[150.837564,-33.816347],[150.83756,-33.816346],[150.837556,-33.816345],[150.837552,-33.816344],[150.837549,-33.816343],[150.837545,-33.816342],[150.837541,-33.816342],[150.837537,-33.816341],[150.837533,-33.816341],[150.837529,-33.81634],[150.837526,-33.81634],[150.837522,-33.81634],[150.837518,-33.816339],[150.837514,-33.816339],[150.83751,-33.816339],[150.837506,-33.816339],[150.837502,-33.816339],[150.837498,-33.816339],[150.837495,-33.816339],[150.837491,-33.81634],[150.837487,-33.81634],[150.837483,-33.81634],[150.837479,-33.816341],[150.837475,-33.816341],[150.837471,-33.816342],[150.837468,-33.816343],[150.837464,-33.816344],[150.83746,-33.816344],[150.837456,-33.816345],[150.837453,-33.816346],[150.837449,-33.816347],[150.837445,-33.816348],[150.837442,-33.81635],[150.837438,-33.816351],[150.837435,-33.816352],[150.837431,-33.816353],[150.837427,-33.816355],[150.837424,-33.816356],[150.837421,-33.816358],[150.837417,-33.816359],[150.837414,-33.816361],[150.837411,-33.816363],[150.837407,-33.816365],[150.837404,-33.816366],[150.837401,-33.816368],[150.837398,-33.81637],[150.837395,-33.816372],[150.837392,-33.816374],[150.837389,-33.816377],[150.837386,-33.816379],[150.837383,-33.816381],[150.83738,-33.816383],[150.837378,-33.816386],[150.837375,-33.816388],[150.837373,-33.81639],[150.83737,-33.816393],[150.837368,-33.816395],[150.837365,-33.816398],[150.837363,-33.816401],[150.837361,-33.816403],[150.835473,-33.818681],[150.836617,-33.819338],[150.836609,-33.819657],[150.838226,-33.819659],[150.839099,-33.81966],[150.841205,-33.819662],[150.841461,-33.81938],[150.840601,-33.816673],[150.839661,-33.816874],[150.839651,-33.816876],[150.839642,-33.816878],[150.839632,-33.81688],[150.839623,-33.816882],[150.839613,-33.816883],[150.839604,-33.816885],[150.839595,-33.816886],[150.839585,-33.816888],[150.839575,-33.816889],[150.839566,-33.816891],[150.839556,-33.816892],[150.839547,-33.816893],[150.839537,-33.816894],[150.839528,-33.816895],[150.839518,-33.816896],[150.839508,-33.816897],[150.839499,-33.816898],[150.839489,-33.816899],[150.83948,-33.8169],[150.83947,-33.8169],[150.83946,-33.816901],[150.839451,-33.816901],[150.839441,-33.816902],[150.839431,-33.816902],[150.839422,-33.816902],[150.839412,-33.816902],[150.839402,-33.816903],[150.839393,-33.816903],[150.839383,-33.816903]]]]},"properties":{"id":"precisely-site-fb9338c2dc","src":"precisely","grp":"verify","op":"","ref":"2/1159804","locality":"EASTERN CREEK, NSW","acres":"35.88","for_site":"site-fb9338c2dc"}},{"type":"Feature","geometry":{"type":"MultiPolygon","coordinates":[[[[144.874094,-37.709608],[144.874609,-37.707828],[144.876811,-37.708088],[144.87658,-37.708738],[144.87644,-37.709132],[144.876315,-37.709482],[144.876188,-37.709837],[144.874094,-37.709608]]]]},"properties":{"id":"precisely-site-fcf58b2e15","src":"precisely","grp":"verify","op":"","ref":"1\\TP582134","locality":"TULLAMARINE, VIC","acres":"9.5","for_site":"site-fcf58b2e15"}},{"type":"Feature","geometry":{"type":"MultiPolygon","coordinates":[[[[-112.000372,33.396994],[-112.000246,33.396966],[-111.999853,33.39687],[-111.999849,33.396868],[-111.99984,33.396214],[-112.000364,33.396209],[-112.000372,33.396994]]]]},"properties":{"id":"precisely-site-fe3d4c1dc4","src":"precisely","grp":"verify","op":"","ref":"12276036","locality":"04013","acres":"0.96","for_site":"site-fe3d4c1dc4"}},{"type":"Feature","geometry":{"type":"MultiPolygon","coordinates":[[[[-79.362283,43.650892],[-79.362294,43.650917],[-79.362344,43.651036],[-79.362371,43.6511],[-79.361668,43.651259],[-79.361373,43.651326],[-79.361345,43.651262],[-79.361295,43.651149],[-79.361284,43.651122],[-79.36115,43.650814],[-79.361262,43.650786],[-79.361392,43.650754],[-79.361439,43.650737],[-79.361527,43.650704],[-79.361641,43.650674],[-79.361787,43.65062],[-79.361862,43.650592],[-79.362135,43.650544],[-79.362261,43.65084],[-79.362283,43.650892]]]]},"properties":{"id":"precisely-site-fe5d59e004","src":"precisely","grp":"verify","op":"","ref":"C000PS181F3J","locality":"Canada","acres":"1.31","for_site":"site-fe5d59e004"}},{"type":"Feature","geometry":{"type":"MultiPolygon","coordinates":[[[[-73.912784,45.423606],[-73.914005,45.423165],[-73.914962,45.422819],[-73.915088,45.423576],[-73.915255,45.424587],[-73.914177,45.424977],[-73.913072,45.425376],[-73.912784,45.423606]]]]},"properties":{"id":"precisely-site-fe872dbf0e","src":"precisely","grp":"verify","op":"","ref":"C000PS1A8FRZ","locality":"Canada","acres":"8.78","for_site":"site-fe872dbf0e"}},{"type":"Feature","geometry":{"type":"MultiPolygon","coordinates":[[[[-80.193131,25.776003],[-80.192985,25.776009],[-80.192836,25.776015],[-80.192682,25.776021],[-80.192661,25.775621],[-80.192737,25.775618],[-80.192813,25.775615],[-80.192815,25.775615],[-80.192832,25.775615],[-80.192889,25.775612],[-80.192964,25.775609],[-80.193111,25.775604],[-80.193233,25.7756],[-80.193254,25.775999],[-80.193131,25.776003]]]]},"properties":{"id":"precisely-site-ff0df693ef","src":"precisely","grp":"verify","op":"","ref":"0101100501040","locality":"12086","acres":"0.63","for_site":"site-ff0df693ef"}},{"type":"Feature","geometry":{"type":"MultiPolygon","coordinates":[[[[-95.853998,36.080887],[-95.854304,36.080886],[-95.854313,36.081709],[-95.854006,36.081711],[-95.853998,36.080887]]]]},"properties":{"id":"precisely-site-ffbfe22253","src":"precisely","grp":"verify","op":"EASYTEL COMMUNICATIONS INC","ref":"R75200943126620","locality":"40143","acres":"0.62","for_site":"site-ffbfe22253"}},{"type":"Feature","geometry":{"type":"MultiPolygon","coordinates":[[[[-76.167307,43.196911],[-76.167232,43.195825],[-76.167844,43.195798],[-76.167307,43.196911]]],[[[-76.170622,43.19182],[-76.170959,43.191624],[-76.172769,43.191562],[-76.173341,43.200363],[-76.173391,43.201292],[-76.171168,43.201376],[-76.171136,43.200814],[-76.170397,43.200844],[-76.170432,43.201404],[-76.167626,43.201511],[-76.167347,43.197488],[-76.169477,43.193068],[-76.170156,43.19166],[-76.170605,43.191644],[-76.170622,43.19182]]]]},"properties":{"id":"precisely-sub-clay","src":"precisely","grp":"new","op":"","ref":"047.-01-12.0","locality":"36067","acres":"105.46","for_site":"sub-clay"}},{"type":"Feature","geometry":{"type":"MultiPolygon","coordinates":[[[[-75.451319,43.206577],[-75.451386,43.206447],[-75.451496,43.206229],[-75.45178,43.205669],[-75.451398,43.205654],[-75.450892,43.205634],[-75.450919,43.205582],[-75.45071,43.205233],[-75.452499,43.205299],[-75.452252,43.203443],[-75.452134,43.202555],[-75.452514,43.202573],[-75.452702,43.202732],[-75.453096,43.202753],[-75.453132,43.202776],[-75.453179,43.202803],[-75.453232,43.202826],[-75.453283,43.202853],[-75.453339,43.20287],[-75.453392,43.202892],[-75.453446,43.202913],[-75.453499,43.202938],[-75.453549,43.202963],[-75.453583,43.203],[-75.453602,43.203045],[-75.453636,43.203081],[-75.453674,43.203118],[-75.453708,43.203157],[-75.453745,43.203192],[-75.453779,43.203229],[-75.453812,43.203266],[-75.453856,43.2033],[-75.453894,43.203338],[-75.453928,43.203378],[-75.453954,43.203419],[-75.453961,43.203464],[-75.453962,43.203508],[-75.453963,43.203555],[-75.453967,43.203603],[-75.453978,43.203647],[-75.453991,43.203692],[-75.453993,43.203736],[-75.45398,43.203781],[-75.45396,43.203824],[-75.453942,43.203867],[-75.453917,43.203908],[-75.45389,43.203948],[-75.453874,43.203992],[-75.453856,43.204035],[-75.45384,43.204083],[-75.45384,43.204127],[-75.453836,43.204173],[-75.453832,43.204218],[-75.453824,43.204262],[-75.453816,43.204306],[-75.453804,43.204349],[-75.453786,43.204392],[-75.453788,43.204438],[-75.453783,43.204483],[-75.453777,43.204529],[-75.453776,43.204573],[-75.453777,43.204618],[-75.453783,43.204665],[-75.453783,43.204711],[-75.453795,43.204756],[-75.453795,43.204801],[-75.453788,43.204848],[-75.453807,43.20489],[-75.453808,43.204934],[-75.45381,43.204981],[-75.453821,43.205024],[-75.453828,43.205069],[-75.453851,43.20511],[-75.453884,43.205147],[-75.453902,43.205166],[-75.453698,43.205557],[-75.453694,43.205607],[-75.453684,43.205743],[-75.454083,43.205763],[-75.454095,43.205786],[-75.454107,43.20581],[-75.454125,43.205837],[-75.454149,43.205858],[-75.454179,43.205876],[-75.454212,43.20589],[-75.454247,43.205905],[-75.454275,43.205926],[-75.454296,43.205951],[-75.45432,43.205973],[-75.454342,43.205997],[-75.454364,43.20602],[-75.454383,43.206045],[-75.454398,43.206071],[-75.454405,43.206099],[-75.45441,43.206129],[-75.454419,43.206155],[-75.454435,43.20618],[-75.454459,43.206202],[-75.454481,43.206222],[-75.454477,43.206214],[-75.454467,43.206187],[-75.454454,43.20616],[-75.454455,43.206133],[-75.454453,43.206106],[-75.454439,43.20608],[-75.454423,43.206053],[-75.454411,43.206026],[-75.454399,43.206],[-75.454388,43.205972],[-75.45437,43.205947],[-75.454355,43.205921],[-75.454336,43.205898],[-75.454313,43.205876],[-75.454305,43.205848],[-75.454303,43.205821],[-75.454305,43.205793],[-75.454299,43.205765],[-75.454276,43.205743],[-75.454243,43.205727],[-75.454219,43.205706],[-75.454216,43.205678],[-75.45425,43.205665],[-75.454289,43.20567],[-75.454321,43.205687],[-75.454355,43.205701],[-75.454391,43.205707],[-75.45443,43.205715],[-75.454467,43.205721],[-75.454502,43.205733],[-75.454533,43.205748],[-75.454567,43.20576],[-75.454599,43.205776],[-75.454627,43.205794],[-75.454657,43.205813],[-75.454681,43.205834],[-75.454707,43.205856],[-75.454735,43.205876],[-75.45476,43.205899],[-75.454783,43.205921],[-75.454803,43.205946],[-75.454822,43.205971],[-75.454846,43.205994],[-75.454866,43.206019],[-75.454883,43.206045],[-75.454904,43.206068],[-75.454917,43.206095],[-75.454931,43.20612],[-75.454952,43.206146],[-75.45497,43.206171],[-75.454982,43.2062],[-75.454997,43.206225],[-75.455005,43.206252],[-75.455004,43.20628],[-75.455006,43.206309],[-75.455006,43.206337],[-75.454999,43.206364],[-75.454992,43.206391],[-75.454985,43.206419],[-75.454975,43.206446],[-75.454965,43.206474],[-75.45495,43.206499],[-75.454937,43.206526],[-75.454923,43.206553],[-75.454906,43.206577],[-75.454883,43.206601],[-75.454855,43.206619],[-75.454825,43.206636],[-75.454793,43.20665],[-75.454763,43.20667],[-75.454741,43.206693],[-75.454714,43.206712],[-75.45469,43.206736],[-75.454659,43.206752],[-75.454632,43.206772],[-75.454608,43.206794],[-75.454574,43.206807],[-75.454545,43.206824],[-75.454517,43.206843],[-75.454485,43.20686],[-75.454453,43.206875],[-75.45442,43.206888],[-75.454392,43.206908],[-75.454366,43.206927],[-75.454333,43.206942],[-75.454303,43.206959],[-75.454273,43.206977],[-75.454241,43.206991],[-75.454211,43.207008],[-75.454179,43.207024],[-75.454145,43.207037],[-75.454111,43.207051],[-75.45408,43.207067],[-75.454054,43.207088],[-75.454021,43.207103],[-75.453986,43.207115],[-75.45398,43.207119],[-75.453956,43.207132],[-75.453922,43.207145],[-75.45389,43.20716],[-75.453867,43.207183],[-75.45384,43.207202],[-75.453812,43.207221],[-75.453778,43.207235],[-75.453746,43.207251],[-75.45371,43.207258],[-75.453672,43.207263],[-75.453639,43.207277],[-75.453605,43.207291],[-75.45357,43.207303],[-75.453537,43.207316],[-75.453505,43.207333],[-75.453474,43.207354],[-75.453452,43.207377],[-75.453426,43.207394],[-75.453397,43.20741],[-75.453368,43.207429],[-75.453335,43.207443],[-75.453303,43.207457],[-75.453269,43.207468],[-75.453235,43.207482],[-75.4532,43.207488],[-75.451277,43.206985],[-75.451396,43.206742],[-75.451279,43.206566],[-75.451319,43.206577]]]]},"properties":{"id":"precisely-sub-rome","src":"precisely","grp":"new","op":"","ref":"242.020-1-1","locality":"36065","acres":"22.14","for_site":"sub-rome"}},{"type":"Feature","geometry":{"type":"MultiPolygon","coordinates":[[[[-76.198642,43.126155],[-76.200374,43.126084],[-76.205262,43.125889],[-76.205322,43.125887],[-76.205345,43.126246],[-76.198647,43.126514],[-76.198634,43.126155],[-76.198642,43.126155]]],[[[-76.186845,43.130177],[-76.186741,43.128967],[-76.186731,43.128839],[-76.186655,43.127948],[-76.186509,43.126234],[-76.18647,43.125778],[-76.188115,43.125721],[-76.189353,43.125679],[-76.189561,43.125671],[-76.190613,43.125635],[-76.191572,43.1256],[-76.194497,43.125494],[-76.195553,43.125455],[-76.195404,43.12757],[-76.19537,43.128083],[-76.195133,43.131725],[-76.190527,43.131929],[-76.187668,43.132044],[-76.187601,43.131142],[-76.186929,43.131172],[-76.186872,43.130501],[-76.186869,43.130465],[-76.18685,43.130245],[-76.186845,43.130177]]],[[[-76.197341,43.126636],[-76.196308,43.126675],[-76.196097,43.126828],[-76.196046,43.127552],[-76.195903,43.127556],[-76.195764,43.129612],[-76.195599,43.132157],[-76.195429,43.134638],[-76.195312,43.136327],[-76.195117,43.136339],[-76.195277,43.13411],[-76.195707,43.127561],[-76.195858,43.125498],[-76.195928,43.126264],[-76.198405,43.126165],[-76.198413,43.126524],[-76.197332,43.126572],[-76.197341,43.126636]]]]},"properties":{"id":"precisely-sub-woodard-ln","src":"precisely","grp":"new","op":"","ref":"105.-02-06.0","locality":"36067","acres":"131.71","for_site":"sub-woodard-ln"}}]}